Delta,Time,CPU_FREQUENCY_0,CPU_FREQUENCY_1,CPU_FREQUENCY_2,CPU_FREQUENCY_3,CPU_FREQUENCY_4,CPU_FREQUENCY_5,CPU_FREQUENCY_6,CPU_FREQUENCY_7,CPU_FREQUENCY_8,CPU_FREQUENCY_9,CPU_TEMP_0,CPU_TEMP_1,CPU_TEMP_2,CPU_TEMP_3,CPU_TEMP_4,CPU_TEMP_5,CPU_TEMP_6,CPU_USAGE_0,CPU_USAGE_1,CPU_USAGE_2,CPU_USAGE_3,CPU_USAGE_4,CPU_USAGE_5,CPU_USAGE_6,CPU_USAGE_7,CPU_USAGE_8,CPU_USAGE_9,SYSTEM_POWER (Watts),TOTAL_MEMORY,TOTAL_SWAP,USED_MEMORY,USED_SWAP
0,1790456921043,4,4,4,4,4,4,4,4,4,4,65.37349700927734,65.59148406982422,65.36703491210938,64.76876068115234,58.3068733215332,65.52782440185547,66.953125,NaN,NaN,NaN,0,0,0,0,0,0,0,3.6008050441741943,25769803776,2147483648,17509056512,765329408
204,1790456921043,4,4,4,4,4,4,4,4,4,4,65.37349700927734,65.59148406982422,65.36703491210938,64.76876068115234,58.3068733215332,65.52782440185547,66.953125,100,0,0,NaN,0,NaN,0,100,NaN,0,3.6008050441741943,25769803776,2147483648,17509056512,765329408
209,1790456921248,4,4,4,4,4,4,4,4,4,4,65.37349700927734,65.59148406982422,65.36703491210938,64.76876068115234,58.3068733215332,65.52782440185547,66.953125,47.619049072265625,45,19.047618865966797,19.047618865966797,15.789472579956055,13.636363983154297,65,15.000000953674316,23.809524536132813,4.761904716491699,3.6008050441741943,25769803776,2147483648,17509056512,765329408
209,1790456921458,4,4,4,4,4,4,4,4,4,4,65.92561340332031,69.0916976928711,67.0210952758789,64.99871826171875,59.93916320800781,66.40812683105469,74.859375,76.19047546386719,28.571430206298828,5,4.761904716491699,9.090909004211426,5,100,9.090909004211426,0,0,3.6008050441741943,25769803776,2147483648,17509056512,765329408
209,1790456921668,4,4,4,4,4,4,4,4,4,4,65.92561340332031,69.0916976928711,67.0210952758789,64.99871826171875,59.93916320800781,66.40812683105469,74.859375,75,23.809524536132813,9.523809432983398,0,0,0,100,5,0,0,3.6008050441741943,25769803776,2147483648,17509056512,765329408
209,1790456921878,4,4,4,4,4,4,4,4,4,4,65.92561340332031,69.0916976928711,67.0210952758789,64.99871826171875,59.93916320800781,66.40812683105469,74.859375,42.85714340209961,60.000003814697266,22.72727394104004,10,4.761904716491699,4.761904716491699,15.000000953674316,4.545454502105713,0,0,3.880584478378296,25769803776,2147483648,18332565504,765329408
209,1790456922088,4,4,4,4,4,4,4,4,4,4,65.92561340332031,69.0916976928711,67.0210952758789,64.99871826171875,59.93916320800781,66.40812683105469,74.859375,28.571430206298828,31.81818199157715,57.142860412597656,22.72727394104004,10,9.523809432983398,9.523809432983398,4.761904716491699,0,0,3.880584478378296,25769803776,2147483648,18338447360,765329408
209,1790456922298,4,4,4,4,4,4,4,4,4,4,65.92561340332031,69.0916976928711,67.0210952758789,64.99871826171875,59.93916320800781,66.40812683105469,74.859375,59.09090805053711,40,10,14.285715103149414,9.090909004211426,28.571430206298828,8.69565200805664,4.761904716491699,0,0,3.880584478378296,25769803776,2147483648,18330648576,765329408
209,1790456922508,4,4,4,4,4,4,4,4,4,4,70.84635925292969,73.70646667480469,70.49034118652344,69.0837631225586,62.963706970214844,70.66124725341797,78.40625,76.19047546386719,28.571430206298828,14.285715103149414,5,9.523809432983398,9.523809432983398,0,5,0,0,3.880584478378296,25769803776,2147483648,18316476416,765329408
209,1790456922718,4,4,4,4,4,4,4,4,4,4,70.84635925292969,73.70646667480469,70.49034118652344,69.0837631225586,62.963706970214844,70.66124725341797,78.40625,70,28.571430206298828,9.523809432983398,0,0,0,0,4.761904716491699,8.69565200805664,0,3.880584478378296,25769803776,2147483648,18308005888,765329408
209,1790456922928,4,4,4,4,4,4,4,4,4,4,70.84635925292969,73.70646667480469,70.49034118652344,69.0837631225586,62.963706970214844,70.66124725341797,78.40625,42.85714340209961,57.142860412597656,22.72727394104004,36.3636360168457,18.18181800842285,22.72727394104004,0,4.761904716491699,0,0,10.434626579284668,25769803776,2147483648,18306891776,765329408
209,1790456923138,4,4,4,4,4,4,4,4,4,4,70.84635925292969,73.70646667480469,70.49034118652344,69.0837631225586,62.963706970214844,70.66124725341797,78.40625,50,33.333335876464844,10,30.000001907348633,10,15.000000953674316,0,4.545454502105713,0,0,10.434626579284668,25769803776,2147483648,18298847232,765329408
209,1790456923348,4,4,4,4,4,4,4,4,4,4,76.20518493652344,71.10786437988281,70.93927764892578,73.83039855957031,63.99931335449219,75.39710998535156,76.78125,50,57.142860412597656,9.523809432983398,9.090909004211426,0,4.761904716491699,0,0,0,0,10.434626579284668,25769803776,2147483648,18305941504,765329408
209,1790456923558,4,4,4,4,4,4,4,4,4,4,76.20518493652344,71.10786437988281,70.93927764892578,73.83039855957031,63.99931335449219,75.39710998535156,76.78125,71.42857360839844,28.571430206298828,9.090909004211426,0,4.545454502105713,4.761904716491699,4.761904716491699,0,0,0,10.434626579284668,25769803776,2147483648,18304581632,765329408
209,1790456923768,4,4,4,4,4,4,4,4,4,4,76.20518493652344,71.10786437988281,70.93927764892578,73.83039855957031,63.99931335449219,75.39710998535156,76.78125,61.904762268066406,47.619049072265625,20,4.761904716491699,4.761904716491699,4.761904716491699,0,9.090909004211426,0,0,10.434626579284668,25769803776,2147483648,18291605504,765329408
209,1790456923978,4,4,4,4,4,4,4,4,4,4,76.20518493652344,71.10786437988281,70.93927764892578,73.83039855957031,63.99931335449219,75.39710998535156,76.78125,30.000001907348633,42.85714340209961,19.047618865966797,13.636363983154297,33.333335876464844,9.523809432983398,0,0,0,0,23.459793090820313,25769803776,2147483648,18290442240,765329408
209,1790456924188,4,4,4,4,4,4,4,4,4,4,76.20518493652344,71.10786437988281,70.93927764892578,73.83039855957031,63.99931335449219,75.39710998535156,76.78125,36.3636360168457,28.571430206298828,57.142860412597656,5,5,15.000000953674316,0,4.761904716491699,0,0,23.459793090820313,25769803776,2147483648,18290835456,765329408
209,1790456924398,4,4,4,4,4,4,4,4,4,4,75.6872329711914,71.98902893066406,71.72888946533203,73.66692352294922,64.63203430175781,75.10026550292969,76.78125,80,25,9.523809432983398,9.523809432983398,9.090909004211426,13.636363983154297,0,9.090909004211426,4.545454502105713,0,23.459793090820313,25769803776,2147483648,18290835456,765329408
209,1790456924608,4,4,4,4,4,4,4,4,4,4,75.6872329711914,71.98902893066406,71.72888946533203,73.66692352294922,64.63203430175781,75.10026550292969,76.78125,66.66667175292969,31.81818199157715,9.523809432983398,4.545454502105713,4.761904716491699,0,0,4.761904716491699,0,0,23.459793090820313,25769803776,2147483648,18290835456,765329408
209,1790456924818,4,4,4,4,4,4,4,4,4,4,75.6872329711914,71.98902893066406,71.72888946533203,73.66692352294922,64.63203430175781,75.10026550292969,76.78125,54.54545593261719,47.619049072265625,28.571430206298828,15.000000953674316,5,4.761904716491699,0,4.761904716491699,0,0,23.459793090820313,25769803776,2147483648,18290835456,765329408
209,1790456925028,4,4,4,4,4,4,4,4,4,4,75.6872329711914,71.98902893066406,71.72888946533203,73.66692352294922,64.63203430175781,75.10026550292969,76.78125,31.57894515991211,40,9.523809432983398,14.285715103149414,36.3636360168457,19.047618865966797,0,5,0,0,17.732324600219727,25769803776,2147483648,18292555776,765329408
209,1790456925238,4,4,4,4,4,4,4,4,4,4,75.6872329711914,71.98902893066406,71.72888946533203,73.66692352294922,64.63203430175781,75.10026550292969,76.78125,52.173912048339844,57.142860412597656,14.285715103149414,9.523809432983398,9.523809432983398,5,0,4.761904716491699,0,0,17.732324600219727,25769803776,2147483648,18285019136,765329408
209,1790456925448,4,4,4,4,4,4,4,4,4,4,75.85227966308594,72.30155181884766,72.21517181396484,73.79375457763672,65.27220153808594,75.2424087524414,77.015625,50,57.142860412597656,9.523809432983398,4.761904716491699,4.761904716491699,9.090909004211426,0,4.761904716491699,0,0,17.732324600219727,25769803776,2147483648,18292736000,765329408
209,1790456925658,4,4,4,4,4,4,4,4,4,4,75.85227966308594,72.30155181884766,72.21517181396484,73.79375457763672,65.27220153808594,75.2424087524414,77.015625,80,19.047618865966797,9.523809432983398,0,0,0,0,9.090909004211426,0,0,17.732324600219727,25769803776,2147483648,18292736000,765329408
209,1790456925868,4,4,4,4,4,4,4,4,4,4,75.85227966308594,72.30155181884766,72.21517181396484,73.79375457763672,65.27220153808594,75.2424087524414,77.015625,45.45454788208008,65,14.285715103149414,5,5,9.523809432983398,0,0,4.761904716491699,0,16.897546768188477,25769803776,2147483648,18292736000,765329408
209,1790456926078,4,4,4,4,4,4,4,4,4,4,75.85227966308594,72.30155181884766,72.21517181396484,73.79375457763672,65.27220153808594,75.2424087524414,77.015625,23.809524536132813,19.047618865966797,15.000000953674316,50,36.3636360168457,23.809524536132813,4.761904716491699,0,0,0,16.897546768188477,25769803776,2147483648,18287804416,765329408
209,1790456926288,4,4,4,4,4,4,4,4,4,4,75.85227966308594,72.30155181884766,72.21517181396484,73.79375457763672,65.27220153808594,75.2424087524414,77.015625,61.904762268066406,47.826087951660156,13.636363983154297,4.761904716491699,0,0,0,5,0,0,16.897546768188477,25769803776,2147483648,18284756992,765329408
209,1790456926498,4,4,4,4,4,4,4,4,4,4,76.34172821044922,72.7279052734375,72.22964477539063,74.11378479003906,65.19769287109375,75.61493682861328,77.953125,70,25,14.285715103149414,13.636363983154297,9.523809432983398,5,0,0,0,0,16.897546768188477,25769803776,2147483648,18284756992,765329408
209,1790456926708,4,4,4,4,4,4,4,4,4,4,76.34172821044922,72.7279052734375,72.22964477539063,74.11378479003906,65.19769287109375,75.61493682861328,77.953125,72.7272720336914,38.095237731933594,25,5,4.761904716491699,9.523809432983398,0,9.090909004211426,0,0,16.897546768188477,25769803776,2147483648,18284756992,765329408
209,1790456926918,4,4,4,4,4,4,4,4,4,4,76.34172821044922,72.7279052734375,72.22964477539063,74.11378479003906,65.19769287109375,75.61493682861328,77.953125,52.38095474243164,50,13.636363983154297,14.285715103149414,13.636363983154297,18.18181800842285,9.090909004211426,4.761904716491699,0,0,16.748035430908203,25769803776,2147483648,18284756992,765329408
203,1790456927128,4,4,4,4,4,4,4,4,4,4,76.34172821044922,72.7279052734375,72.22964477539063,74.11378479003906,65.19769287109375,75.61493682861328,77.953125,40,40.90909194946289,30.000001907348633,61.904762268066406,20,30.000001907348633,0,9.090909004211426,4.545454502105713,0,16.748035430908203,25769803776,2147483648,18289033216,765329408
202,1790456927332,4,4,4,4,4,4,4,4,4,4,76.34172821044922,72.7279052734375,72.22964477539063,74.11378479003906,65.19769287109375,75.61493682861328,77.953125,57.142860412597656,65,30.000001907348633,10,9.523809432983398,5,0,5,0,0,16.748035430908203,25769803776,2147483648,18297372672,765329408
209,1790456927535,4,4,4,4,4,4,4,4,4,4,76.6861343383789,73.1532211303711,73.05075073242188,74.60337829589844,66.2230224609375,76.0011978149414,77.953125,57.894737243652344,33.333335876464844,14.285715103149414,0,0,0,0,0,0,0,16.748035430908203,25769803776,2147483648,18297241600,765329408
209,1790456927745,4,4,4,4,4,4,4,4,4,4,76.6861343383789,73.1532211303711,73.05075073242188,74.60337829589844,66.2230224609375,76.0011978149414,77.953125,68.18181610107422,35,19.047618865966797,9.090909004211426,4.761904716491699,9.523809432983398,0,9.090909004211426,0,0,16.748035430908203,25769803776,2147483648,18297159680,765329408
209,1790456927955,4,4,4,4,4,4,4,4,4,4,76.6861343383789,73.1532211303711,73.05075073242188,74.60337829589844,66.2230224609375,76.0011978149414,77.953125,75,38.095237731933594,9.523809432983398,10,14.285715103149414,13.636363983154297,0,4.761904716491699,0,0,16.672039031982422,25769803776,2147483648,18296193024,765329408
204,1790456928165,4,4,4,4,4,4,4,4,4,4,76.6861343383789,73.1532211303711,73.05075073242188,74.60337829589844,66.2230224609375,76.0011978149414,77.953125,42.85714340209961,55,14.285715103149414,9.523809432983398,9.523809432983398,15.000000953674316,0,0,0,0,16.672039031982422,25769803776,2147483648,18290835456,765329408
209,1790456928369,4,4,4,4,4,4,4,4,4,4,77.19404602050781,73.54762268066406,73.38029479980469,75.23027801513672,66.39847564697266,76.55011749267578,78.4375,75,30.000001907348633,10,9.523809432983398,9.523809432983398,9.523809432983398,0,5,0,0,16.672039031982422,25769803776,2147483648,18297831424,765329408
209,1790456928579,4,4,4,4,4,4,4,4,4,4,77.19404602050781,73.54762268066406,73.38029479980469,75.23027801513672,66.39847564697266,76.55011749267578,78.4375,66.66667175292969,31.81818199157715,9.523809432983398,0,0,0,0,4.761904716491699,0,0,16.672039031982422,25769803776,2147483648,18297847808,765329408
203,1790456928789,4,4,4,4,4,4,4,4,4,4,77.19404602050781,73.54762268066406,73.38029479980469,75.23027801513672,66.39847564697266,76.55011749267578,78.4375,47.619049072265625,57.142860412597656,19.047618865966797,18.18181800842285,9.090909004211426,13.636363983154297,0,4.761904716491699,0,0,16.672039031982422,25769803776,2147483648,18298109952,765329408
209,1790456928993,4,4,4,4,4,4,4,4,4,4,77.19404602050781,73.54762268066406,73.38029479980469,75.23027801513672,66.39847564697266,76.55011749267578,78.4375,38.095237731933594,38.095237731933594,38.095237731933594,14.285715103149414,5.263157844543457,15.000000953674316,0,5,0,0,17.26776695251465,25769803776,2147483648,18298109952,765329408
209,1790456929203,4,4,4,4,4,4,4,4,4,4,77.19404602050781,73.54762268066406,73.38029479980469,75.23027801513672,66.39847564697266,76.55011749267578,78.4375,40.90909194946289,50,28.571430206298828,5,14.285715103149414,9.523809432983398,4.761904716491699,9.090909004211426,4.545454502105713,0,17.26776695251465,25769803776,2147483648,18290524160,765329408
209,1790456929413,4,4,4,4,4,4,4,4,4,4,77.4599838256836,73.99547576904297,73.79837036132813,75.51788330078125,66.84967041015625,76.99698638916016,78.90625,78.94737243652344,27.272727966308594,10,9.523809432983398,4.761904716491699,4.761904716491699,0,0,0,0,17.26776695251465,25769803776,2147483648,18298683392,765329408
209,1790456929623,4,4,4,4,4,4,4,4,4,4,77.4599838256836,73.99547576904297,73.79837036132813,75.51788330078125,66.84967041015625,76.99698638916016,78.90625,71.42857360839844,25,9.090909004211426,0,0,0,0,5,0,0,17.26776695251465,25769803776,2147483648,18298650624,765329408
209,1790456929833,4,4,4,4,4,4,4,4,4,4,77.4599838256836,73.99547576904297,73.79837036132813,75.51788330078125,66.84967041015625,76.99698638916016,78.90625,40.90909194946289,65,15.000000953674316,5,9.090909004211426,9.523809432983398,4.761904716491699,0,4.761904716491699,0,17.26776695251465,25769803776,2147483648,18298650624,765329408
209,1790456930043,4,4,4,4,4,4,4,4,4,4,77.4599838256836,73.99547576904297,73.79837036132813,75.51788330078125,66.84967041015625,76.99698638916016,78.90625,28.571430206298828,38.095237731933594,42.85714340209961,45.45454788208008,15.000000953674316,15.000000953674316,0,9.090909004211426,0,0,17.09849739074707,25769803776,2147483648,18298650624,765329408
209,1790456930253,4,4,4,4,4,4,4,4,4,4,77.4599838256836,73.99547576904297,73.79837036132813,75.51788330078125,66.84967041015625,76.99698638916016,78.90625,52.38095474243164,36.3636360168457,4.761904716491699,9.523809432983398,4.545454502105713,18.18181800842285,0,4.761904716491699,0,0,17.09849739074707,25769803776,2147483648,18293129216,765329408
209,1790456930463,4,4,4,4,4,4,4,4,4,4,77.7289810180664,74.20355224609375,73.93399047851563,75.91539764404297,66.90560913085938,77.31554412841797,79.140625,60.000003814697266,42.85714340209961,13.636363983154297,9.523809432983398,5,9.523809432983398,0,0,0,0,17.09849739074707,25769803776,2147483648,18293440512,765329408
209,1790456930673,4,4,4,4,4,4,4,4,4,4,77.7289810180664,74.20355224609375,73.93399047851563,75.91539764404297,66.90560913085938,77.31554412841797,79.140625,68.18181610107422,38.095237731933594,20,5,9.090909004211426,5,0,9.090909004211426,0,0,17.09849739074707,25769803776,2147483648,18295586816,765329408
209,1790456930883,4,4,4,4,4,4,4,4,4,4,77.7289810180664,74.20355224609375,73.93399047851563,75.91539764404297,66.90560913085938,77.31554412841797,79.140625,66.66667175292969,80.95238494873047,38.095237731933594,14.285715103149414,14.285715103149414,13.636363983154297,4.545454502105713,4.761904716491699,0,4.545454502105713,16.97125244140625,25769803776,2147483648,18287312896,765329408
207,1790456931093,4,4,4,4,4,4,4,4,4,4,77.7289810180664,74.20355224609375,73.93399047851563,75.91539764404297,66.90560913085938,77.31554412841797,79.140625,25,70,19.047618865966797,13.636363983154297,5,9.523809432983398,4.761904716491699,0,0,0,16.97125244140625,25769803776,2147483648,18274664448,765329408
202,1790456931301,4,4,4,4,4,4,4,4,4,4,77.7289810180664,74.20355224609375,73.93399047851563,75.91539764404297,66.90560913085938,77.31554412841797,79.140625,76.19047546386719,33.333335876464844,10,10,9.523809432983398,9.523809432983398,0,9.523809432983398,0,0,16.97125244140625,25769803776,2147483648,18282987520,765329408
209,1790456931504,4,4,4,4,4,4,4,4,4,4,78.0446548461914,74.59800720214844,74.46089935302734,76.28752899169922,67.658203125,77.83370971679688,79.375,75,20,9.523809432983398,0,0,0,0,0,0,0,16.97125244140625,25769803776,2147483648,18282889216,765329408
209,1790456931714,4,4,4,4,4,4,4,4,4,4,78.0446548461914,74.59800720214844,74.46089935302734,76.28752899169922,67.658203125,77.83370971679688,79.375,66.66667175292969,40.90909194946289,19.047618865966797,5,5,5,0,4.761904716491699,0,0,16.97125244140625,25769803776,2147483648,18282905600,765329408
209,1790456931924,4,4,4,4,4,4,4,4,4,4,78.0446548461914,74.59800720214844,74.46089935302734,76.28752899169922,67.658203125,77.83370971679688,79.375,61.904762268066406,47.36842346191406,14.285715103149414,13.636363983154297,9.523809432983398,9.523809432983398,4.545454502105713,4.761904716491699,0,0,17.398813247680664,25769803776,2147483648,18282905600,765329408
209,1790456932134,4,4,4,4,4,4,4,4,4,4,78.0446548461914,74.59800720214844,74.46089935302734,76.28752899169922,67.658203125,77.83370971679688,79.375,33.333335876464844,59.09090805053711,33.333335876464844,9.523809432983398,13.636363983154297,9.090909004211426,0,9.090909004211426,0,0,17.398813247680664,25769803776,2147483648,18282905600,765329408
209,1790456932344,4,4,4,4,4,4,4,4,4,4,78.08837127685547,74.88642883300781,74.40809631347656,76.3792724609375,67.57913970947266,77.99337005615234,79.609375,85.71428680419922,23.809524536132813,5,9.523809432983398,5,9.523809432983398,0,0,0,0,17.398813247680664,25769803776,2147483648,18272894976,765329408
209,1790456932554,4,4,4,4,4,4,4,4,4,4,78.08837127685547,74.88642883300781,74.40809631347656,76.3792724609375,67.57913970947266,77.99337005615234,79.609375,65,33.333335876464844,9.523809432983398,0,0,0,0,0,4.545454502105713,0,17.398813247680664,25769803776,2147483648,18273255424,765329408
209,1790456932764,4,4,4,4,4,4,4,4,4,4,78.08837127685547,74.88642883300781,74.40809631347656,76.3792724609375,67.57913970947266,77.99337005615234,79.609375,54.54545593261719,42.85714340209961,22.72727394104004,13.636363983154297,18.18181800842285,5,4.545454502105713,5,0,0,17.398813247680664,25769803776,2147483648,18273828864,765329408
209,1790456932974,4,4,4,4,4,4,4,4,4,4,78.08837127685547,74.88642883300781,74.40809631347656,76.3792724609375,67.57913970947266,77.99337005615234,79.609375,25,55,50,10,19.047618865966797,18.18181800842285,0,4.761904716491699,0,0,17.186796188354492,25769803776,2147483648,18269372416,765329408
209,1790456933184,4,4,4,4,4,4,4,4,4,4,78.08837127685547,74.88642883300781,74.40809631347656,76.3792724609375,67.57913970947266,77.99337005615234,79.609375,57.142860412597656,31.81818199157715,4.761904716491699,22.72727394104004,0,0,0,4.761904716491699,0,0,17.186796188354492,25769803776,2147483648,18265669632,765329408
209,1790456933394,4,4,4,4,4,4,4,4,4,4,78.44702911376953,75.30443572998047,74.93952178955078,77.02734375,68.16349792480469,78.50982666015625,80.3125,71.42857360839844,30.000001907348633,14.285715103149414,9.523809432983398,5,5,0,4.761904716491699,0,0,17.186796188354492,25769803776,2147483648,18273648640,765329408
209,1790456933604,4,4,4,4,4,4,4,4,4,4,78.44702911376953,75.30443572998047,74.93952178955078,77.02734375,68.16349792480469,78.50982666015625,80.3125,66.66667175292969,31.81818199157715,10,0,0,0,0,4.761904716491699,0,0,17.186796188354492,25769803776,2147483648,18261327872,765329408
209,1790456933814,4,4,4,4,4,4,4,4,4,4,78.44702911376953,75.30443572998047,74.93952178955078,77.02734375,68.16349792480469,78.50982666015625,80.3125,52.38095474243164,65,22.72727394104004,19.047618865966797,18.18181800842285,18.18181800842285,0,4.761904716491699,0,0,17.186796188354492,25769803776,2147483648,18259984384,765329408
209,1790456934024,4,4,4,4,4,4,4,4,4,4,78.44702911376953,75.30443572998047,74.93952178955078,77.02734375,68.16349792480469,78.50982666015625,80.3125,33.333335876464844,42.85714340209961,19.047618865966797,36.3636360168457,5,9.523809432983398,0,4.761904716491699,0,0,17.90480613708496,25769803776,2147483648,18254413824,765329408
209,1790456934234,4,4,4,4,4,4,4,4,4,4,78.44702911376953,75.30443572998047,74.93952178955078,77.02734375,68.16349792480469,78.50982666015625,80.3125,80.95238494873047,19.047618865966797,19.047618865966797,5,14.285715103149414,5,0,4.761904716491699,0,0,17.90480613708496,25769803776,2147483648,18254413824,765329408
209,1790456934444,4,4,4,4,4,4,4,4,4,4,78.65702056884766,75.44538879394531,75.28436279296875,77.32088470458984,68.54508209228516,78.73109436035156,80.5625,63.6363639831543,33.333335876464844,9.523809432983398,0,0,4.545454502105713,0,9.090909004211426,4.545454502105713,0,17.90480613708496,25769803776,2147483648,18262458368,765329408
209,1790456934654,4,4,4,4,4,4,4,4,4,4,78.65702056884766,75.44538879394531,75.28436279296875,77.32088470458984,68.54508209228516,78.73109436035156,80.5625,63.15789031982422,38.095237731933594,19.047618865966797,9.523809432983398,18.18181800842285,5,0,4.761904716491699,0,0,17.90480613708496,25769803776,2147483648,18262605824,765329408
209,1790456934864,4,4,4,4,4,4,4,4,4,4,78.65702056884766,75.44538879394531,75.28436279296875,77.32088470458984,68.54508209228516,78.73109436035156,80.5625,45.45454788208008,65,14.285715103149414,9.523809432983398,5.263157844543457,9.090909004211426,0,0,0,0,17.93479347229004,25769803776,2147483648,18261639168,765329408
209,1790456935074,4,4,4,4,4,4,4,4,4,4,78.65702056884766,75.44538879394531,75.28436279296875,77.32088470458984,68.54508209228516,78.73109436035156,80.5625,38.095237731933594,31.81818199157715,38.095237731933594,9.523809432983398,18.18181800842285,19.047618865966797,0,9.523809432983398,0,0,17.93479347229004,25769803776,2147483648,18254921728,765329408
209,1790456935284,4,4,4,4,4,4,4,4,4,4,78.65702056884766,75.44538879394531,75.28436279296875,77.32088470458984,68.54508209228516,78.73109436035156,80.5625,85,27.272727966308594,9.523809432983398,9.523809432983398,9.523809432983398,4.761904716491699,0,4.761904716491699,0,4.545454502105713,17.93479347229004,25769803776,2147483648,18262966272,765329408
209,1790456935494,4,4,4,4,4,4,4,4,4,4,78.79437255859375,75.62381744384766,75.3941879272461,77.5497055053711,68.6290054321289,78.94931030273438,80.796875,68.18181610107422,21.052631378173828,5,0,0,0,0,4.761904716491699,0,0,17.93479347229004,25769803776,2147483648,18263130112,765329408
209,1790456935704,4,4,4,4,4,4,4,4,4,4,78.79437255859375,75.62381744384766,75.3941879272461,77.5497055053711,68.6290054321289,78.94931030273438,80.796875,65,38.095237731933594,22.72727394104004,9.523809432983398,9.090909004211426,4.761904716491699,0,4.761904716491699,0,0,17.93479347229004,25769803776,2147483648,18263244800,765329408
209,1790456935914,4,4,4,4,4,4,4,4,4,4,78.79437255859375,75.62381744384766,75.3941879272461,77.5497055053711,68.6290054321289,78.94931030273438,80.796875,33.333335876464844,18.18181800842285,57.142860412597656,19.047618865966797,15.000000953674316,10,0,4.761904716491699,0,0,17.60602569580078,25769803776,2147483648,18263670784,765329408
209,1790456936124,4,4,4,4,4,4,4,4,4,4,78.79437255859375,75.62381744384766,75.3941879272461,77.5497055053711,68.6290054321289,78.94931030273438,80.796875,47.619049072265625,35,35,9.523809432983398,9.523809432983398,9.523809432983398,0,9.090909004211426,4.545454502105713,0,17.60602569580078,25769803776,2147483648,18255609856,765329408
209,1790456936334,4,4,4,4,4,4,4,4,4,4,78.79437255859375,75.62381744384766,75.3941879272461,77.5497055053711,68.6290054321289,78.94931030273438,80.796875,85.71428680419922,22.72727394104004,14.285715103149414,5,13.636363983154297,9.090909004211426,9.090909004211426,0,0,0,17.60602569580078,25769803776,2147483648,18263654400,765329408
209,1790456936544,4,4,4,4,4,4,4,4,4,4,78.90351104736328,75.98140716552734,75.63561248779297,77.6395034790039,68.87181854248047,79.14789581298828,80.796875,55,35,9.523809432983398,8.69565200805664,0,0,0,4.761904716491699,0,0,17.60602569580078,25769803776,2147483648,18263867392,765329408
209,1790456936754,4,4,4,4,4,4,4,4,4,4,78.90351104736328,75.98140716552734,75.63561248779297,77.6395034790039,68.87181854248047,79.14789581298828,80.796875,54.54545593261719,57.142860412597656,28.571430206298828,25,10,14.285715103149414,0,0,0,0,17.60602569580078,25769803776,2147483648,18263867392,765329408
209,1790456936964,4,4,4,4,4,4,4,4,4,4,78.90351104736328,75.98140716552734,75.63561248779297,77.6395034790039,68.87181854248047,79.14789581298828,80.796875,14.285715103149414,33.333335876464844,47.619049072265625,20,19.047618865966797,20,5,8.69565200805664,0,0,17.534116744995117,25769803776,2147483648,18263867392,765329408
209,1790456937174,4,4,4,4,4,4,4,4,4,4,78.90351104736328,75.98140716552734,75.63561248779297,77.6395034790039,68.87181854248047,79.14789581298828,80.796875,60.000003814697266,25,22.72727394104004,0,0,0,9.090909004211426,0,4.545454502105713,0,17.534116744995117,25769803776,2147483648,18263867392,765329408
209,1790456937384,4,4,4,4,4,4,4,4,4,4,79.322021484375,76.5959701538086,75.88456726074219,77.93959045410156,68.8966293334961,79.64508056640625,81.03125,63.6363639831543,45.45454788208008,10,9.090909004211426,9.090909004211426,4.761904716491699,0,0,4.545454502105713,0,17.534116744995117,25769803776,2147483648,18263867392,765329408
209,1790456937594,4,4,4,4,4,4,4,4,4,4,79.322021484375,76.5959701538086,75.88456726074219,77.93959045410156,68.8966293334961,79.64508056640625,81.03125,61.904762268066406,33.333335876464844,19.047618865966797,4.761904716491699,0,4.761904716491699,0,9.090909004211426,0,0,17.534116744995117,25769803776,2147483648,18266750976,765329408
209,1790456937804,4,4,4,4,4,4,4,4,4,4,79.322021484375,76.5959701538086,75.88456726074219,77.93959045410156,68.8966293334961,79.64508056640625,81.03125,60.000003814697266,25,23.809524536132813,10,9.523809432983398,28.571430206298828,0,0,0,0,17.534116744995117,25769803776,2147483648,18262933504,765329408
209,1790456938014,4,4,4,4,4,4,4,4,4,4,79.322021484375,76.5959701538086,75.88456726074219,77.93959045410156,68.8966293334961,79.64508056640625,81.03125,42.85714340209961,45.45454788208008,22.72727394104004,13.636363983154297,19.047618865966797,14.285715103149414,0,9.090909004211426,0,0,20.08529281616211,25769803776,2147483648,18256838656,765329408
209,1790456938224,4,4,4,4,4,4,4,4,4,4,79.322021484375,76.5959701538086,75.88456726074219,77.93959045410156,68.8966293334961,79.64508056640625,81.03125,77.2727279663086,30.000001907348633,5,9.523809432983398,19.047618865966797,9.090909004211426,5,0,0,0,20.08529281616211,25769803776,2147483648,18265112576,765329408
209,1790456938434,4,4,4,4,4,4,4,4,4,4,79.56806945800781,77.01939392089844,76.55447387695313,78.22270202636719,69.72675323486328,79.87752532958984,81.5,57.142860412597656,36.3636360168457,9.523809432983398,0,0,0,4.545454502105713,4.761904716491699,0,0,20.08529281616211,25769803776,2147483648,18265325568,765329408
209,1790456938644,4,4,4,4,4,4,4,4,4,4,79.56806945800781,77.01939392089844,76.55447387695313,78.22270202636719,69.72675323486328,79.87752532958984,81.5,65,45,23.809524536132813,9.523809432983398,10,5,0,4.761904716491699,0,0,20.08529281616211,25769803776,2147483648,18265391104,765329408
209,1790456938854,4,4,4,4,4,4,4,4,4,4,79.56806945800781,77.01939392089844,76.55447387695313,78.22270202636719,69.72675323486328,79.87752532958984,81.5,45.45454788208008,45.45454788208008,28.571430206298828,9.523809432983398,13.636363983154297,9.523809432983398,0,9.090909004211426,0,0,21.179187774658203,25769803776,2147483648,18264653824,765329408
209,1790456939064,4,4,4,4,4,4,4,4,4,4,79.56806945800781,77.01939392089844,76.55447387695313,78.22270202636719,69.72675323486328,79.87752532958984,81.5,35,35,27.272727966308594,28.571430206298828,5,19.047618865966797,0,0,0,0,21.179187774658203,25769803776,2147483648,18257854464,765329408
208,1790456939274,4,4,4,4,4,4,4,4,4,4,79.56806945800781,77.01939392089844,76.55447387695313,78.22270202636719,69.72675323486328,79.87752532958984,81.5,52.38095474243164,57.142860412597656,5,14.285715103149414,9.090909004211426,4.761904716491699,0,9.523809432983398,0,0,21.179187774658203,25769803776,2147483648,18257903616,765329408
209,1790456939483,4,4,4,4,4,4,4,4,4,4,78.72642517089844,76.6748275756836,76.32557678222656,77.57510375976563,69.41947174072266,79.12203216552734,81.03125,71.42857360839844,26.3157901763916,18.18181800842285,0,4.761904716491699,0,4.545454502105713,4.761904716491699,0,0,21.179187774658203,25769803776,2147483648,18257903616,765329408
209,1790456939693,4,4,4,4,4,4,4,4,4,4,78.72642517089844,76.6748275756836,76.32557678222656,77.57510375976563,69.41947174072266,79.12203216552734,81.03125,72.7272720336914,69.56521606445313,36.842105865478516,22.72727394104004,5,5,0,9.090909004211426,4.545454502105713,0,21.179187774658203,25769803776,2147483648,18266177536,765329408
203,1790456939903,4,4,4,4,4,4,4,4,4,4,78.72642517089844,76.6748275756836,76.32557678222656,77.57510375976563,69.41947174072266,79.12203216552734,81.03125,63.15789031982422,45,13.636363983154297,5,13.636363983154297,9.523809432983398,0,5,0,0,19.043107986450195,25769803776,2147483648,18264227840,765329408
202,1790456940107,4,4,4,4,4,4,4,4,4,4,78.72642517089844,76.6748275756836,76.32557678222656,77.57510375976563,69.41947174072266,79.12203216552734,81.03125,33.333335876464844,38.095237731933594,31.57894515991211,30.000001907348633,5,22.72727394104004,0,5,0,0,19.043107986450195,25769803776,2147483648,18264227840,765329408
202,1790456940310,4,4,4,4,4,4,4,4,4,4,78.72642517089844,76.6748275756836,76.32557678222656,77.57510375976563,69.41947174072266,79.12203216552734,81.03125,50,60.000003814697266,14.285715103149414,14.285715103149414,10,5.263157844543457,5,4.761904716491699,0,0,19.043107986450195,25769803776,2147483648,18264227840,765329408
209,1790456940513,4,4,4,4,4,4,4,4,4,4,78.00200653076172,76.18463134765625,75.86207580566406,76.40257263183594,68.99738311767578,78.01696014404297,80.078125,65,30.000001907348633,10,0,0,4.761904716491699,0,5,0,0,19.043107986450195,25769803776,2147483648,18264227840,765329408
203,1790456940723,4,4,4,4,4,4,4,4,4,4,78.00200653076172,76.18463134765625,75.86207580566406,76.40257263183594,68.99738311767578,78.01696014404297,80.078125,54.54545593261719,47.619049072265625,28.571430206298828,9.523809432983398,13.636363983154297,9.523809432983398,4.761904716491699,0,0,0,19.043107986450195,25769803776,2147483648,18275516416,765329408
202,1790456940926,4,4,4,4,4,4,4,4,4,4,78.00200653076172,76.18463134765625,75.86207580566406,76.40257263183594,68.99738311767578,78.01696014404297,80.078125,15.000000953674316,66.66667175292969,14.285715103149414,10,35,9.523809432983398,0,9.523809432983398,0,0,16.282262802124023,25769803776,2147483648,18274992128,765329408
209,1790456941129,4,4,4,4,4,4,4,4,4,4,78.00200653076172,76.18463134765625,75.86207580566406,76.40257263183594,68.99738311767578,78.01696014404297,80.078125,38.095237731933594,50,10,33.333335876464844,10,5.263157844543457,5,0,0,0,16.282262802124023,25769803776,2147483648,18274992128,765329408
209,1790456941339,4,4,4,4,4,4,4,4,4,4,78.00200653076172,76.18463134765625,75.86207580566406,76.40257263183594,68.99738311767578,78.01696014404297,80.078125,90,15.000000953674316,9.523809432983398,5,9.523809432983398,9.090909004211426,0,4.761904716491699,4.545454502105713,0,16.282262802124023,25769803776,2147483648,18274992128,765329408
209,1790456941549,4,4,4,4,4,4,4,4,4,4,77.98391723632813,76.0763168334961,75.64704132080078,76.35591125488281,68.79727935791016,77.98271942138672,79.84375,75,27.272727966308594,9.523809432983398,4.761904716491699,0,0,0,4.761904716491699,4.761904716491699,0,16.282262802124023,25769803776,2147483648,18274992128,765329408
201,1790456941759,4,4,4,4,4,4,4,4,4,4,77.98391723632813,76.0763168334961,75.64704132080078,76.35591125488281,68.79727935791016,77.98271942138672,79.84375,47.619049072265625,60.000003814697266,19.047618865966797,9.090909004211426,9.090909004211426,5,0,4.545454502105713,0,0,16.282262802124023,25769803776,2147483648,18262835200,765329408
209,1790456941960,4,4,4,4,4,4,4,4,4,4,77.98391723632813,76.0763168334961,75.64704132080078,76.35591125488281,68.79727935791016,77.98271942138672,79.84375,19.047618865966797,30.000001907348633,10,15.789472579956055,36.842105865478516,38.095237731933594,9.523809432983398,0,0,0,18.278146743774414,25769803776,2147483648,18262867968,765329408
209,1790456942170,4,4,4,4,4,4,4,4,4,4,77.98391723632813,76.0763168334961,75.64704132080078,76.35591125488281,68.79727935791016,77.98271942138672,79.84375,42.85714340209961,47.619049072265625,28.571430206298828,13.636363983154297,9.523809432983398,10,0,4.761904716491699,0,0,18.278146743774414,25769803776,2147483648,18255347712,765329408
209,1790456942380,4,4,4,4,4,4,4,4,4,4,78.13494873046875,76.16239166259766,75.71681213378906,76.7796859741211,68.81059265136719,78.33810424804688,83.5,40,50,14.285715103149414,9.523809432983398,33.333335876464844,4.761904716491699,0,9.090909004211426,0,0,18.278146743774414,25769803776,2147483648,18263506944,765329408
209,1790456942590,4,4,4,4,4,4,4,4,4,4,78.13494873046875,76.16239166259766,75.71681213378906,76.7796859741211,68.81059265136719,78.33810424804688,83.5,61.904762268066406,28.571430206298828,9.523809432983398,0,0,0,0,4.761904716491699,0,0,18.278146743774414,25769803776,2147483648,18263343104,765329408
209,1790456942800,4,4,4,4,4,4,4,4,4,4,78.13494873046875,76.16239166259766,75.71681213378906,76.7796859741211,68.81059265136719,78.33810424804688,83.5,42.85714340209961,25,28.571430206298828,18.18181800842285,33.333335876464844,13.636363983154297,4.545454502105713,5,0,0,18.278146743774414,25769803776,2147483648,18256084992,765329408
209,1790456943010,4,4,4,4,4,4,4,4,4,4,78.13494873046875,76.16239166259766,75.71681213378906,76.7796859741211,68.81059265136719,78.33810424804688,83.5,57.142860412597656,19.047618865966797,25,19.047618865966797,25,38.095237731933594,0,9.090909004211426,0,4.761904716491699,18.493867874145508,25769803776,2147483648,18259902464,765329408
209,1790456943220,4,4,4,4,4,4,4,4,4,4,78.13494873046875,76.16239166259766,75.71681213378906,76.7796859741211,68.81059265136719,78.33810424804688,83.5,36.3636360168457,55,23.809524536132813,4.761904716491699,0,0,0,0,0,0,18.493867874145508,25769803776,2147483648,18263703552,765329408
209,1790456943430,4,4,4,4,4,4,4,4,4,4,78.21729278564453,76.22107696533203,76.03080749511719,76.91149139404297,69.23833465576172,78.4672622680664,83.265625,80,27.272727966308594,9.523809432983398,4.761904716491699,13.043478012084961,5,4.545454502105713,9.090909004211426,0,0,18.493867874145508,25769803776,2147483648,18264031232,765329408
209,1790456943640,4,4,4,4,4,4,4,4,4,4,78.21729278564453,76.22107696533203,76.03080749511719,76.91149139404297,69.23833465576172,78.4672622680664,83.265625,66.66667175292969,38.095237731933594,14.285715103149414,9.523809432983398,0,4.761904716491699,0,5,4.545454502105713,0,18.493867874145508,25769803776,2147483648,18264031232,765329408
209,1790456943850,4,4,4,4,4,4,4,4,4,4,78.21729278564453,76.22107696533203,76.03080749511719,76.91149139404297,69.23833465576172,78.4672622680664,83.265625,66.66667175292969,45,23.809524536132813,19.047618865966797,23.809524536132813,14.285715103149414,0,4.761904716491699,0,0,17.726150512695313,25769803776,2147483648,18265686016,765329408
209,1790456944060,4,4,4,4,4,4,4,4,4,4,78.21729278564453,76.22107696533203,76.03080749511719,76.91149139404297,69.23833465576172,78.4672622680664,83.265625,28.571430206298828,14.285715103149414,20,45,33.333335876464844,9.523809432983398,0,9.090909004211426,0,0,17.726150512695313,25769803776,2147483648,18260525056,765329408
209,1790456944270,4,4,4,4,4,4,4,4,4,4,78.21729278564453,76.22107696533203,76.03080749511719,76.91149139404297,69.23833465576172,78.4672622680664,83.265625,42.85714340209961,56.52173614501953,17.39130401611328,0,0,4.545454502105713,0,4.761904716491699,0,0,17.726150512695313,25769803776,2147483648,18267979776,765329408
205,1790456944480,4,4,4,4,4,4,4,4,4,4,78.22466278076172,76.18075561523438,75.9449234008789,76.96896362304688,69.07970428466797,78.49348449707031,83.734375,71.42857360839844,30.000001907348633,10,13.636363983154297,5,5,0,5,0,0,17.726150512695313,25769803776,2147483648,18268471296,765329408
209,1790456944686,4,4,4,4,4,4,4,4,4,4,78.22466278076172,76.18075561523438,75.9449234008789,76.96896362304688,69.07970428466797,78.49348449707031,83.734375,60.000003814697266,42.85714340209961,25,10,9.523809432983398,9.523809432983398,0,5,0,0,17.726150512695313,25769803776,2147483648,18268618752,765329408
209,1790456944896,4,4,4,4,4,4,4,4,4,4,78.22466278076172,76.18075561523438,75.9449234008789,76.96896362304688,69.07970428466797,78.49348449707031,83.734375,33.333335876464844,55,31.81818199157715,14.285715103149414,9.523809432983398,9.523809432983398,0,9.090909004211426,0,0,17.6129207611084,25769803776,2147483648,18267488256,765329408
209,1790456945106,4,4,4,4,4,4,4,4,4,4,78.22466278076172,76.18075561523438,75.9449234008789,76.96896362304688,69.07970428466797,78.49348449707031,83.734375,38.095237731933594,42.85714340209961,38.095237731933594,22.72727394104004,9.523809432983398,9.523809432983398,0,4.761904716491699,0,0,17.6129207611084,25769803776,2147483648,18260934656,765329408
209,1790456945316,4,4,4,4,4,4,4,4,4,4,78.22466278076172,76.18075561523438,75.9449234008789,76.96896362304688,69.07970428466797,78.49348449707031,83.734375,75,33.333335876464844,9.523809432983398,5,4.761904716491699,4.761904716491699,4.545454502105713,4.761904716491699,4.761904716491699,4.545454502105713,17.6129207611084,25769803776,2147483648,18269126656,765329408
209,1790456945526,4,4,4,4,4,4,4,4,4,4,78.29618835449219,76.30506896972656,76.15194702148438,77.03425598144531,69.35527038574219,78.5914535522461,80.3125,54.54545593261719,38.095237731933594,5,0,4.761904716491699,0,4.545454502105713,9.523809432983398,0,0,17.6129207611084,25769803776,2147483648,18269061120,765329408
203,1790456945736,4,4,4,4,4,4,4,4,4,4,78.29618835449219,76.30506896972656,76.15194702148438,77.03425598144531,69.35527038574219,78.5914535522461,80.3125,61.904762268066406,40,19.047618865966797,4.761904716491699,9.090909004211426,5,0,4.761904716491699,4.545454502105713,0,17.6129207611084,25769803776,2147483648,18269061120,765329408
209,1790456945939,4,4,4,4,4,4,4,4,4,4,78.29618835449219,76.30506896972656,76.15194702148438,77.03425598144531,69.35527038574219,78.5914535522461,80.3125,70,42.85714340209961,19.047618865966797,14.285715103149414,5.263157844543457,13.636363983154297,0,5,0,0,17.52988624572754,25769803776,2147483648,18270371840,765329408
203,1790456946149,4,4,4,4,4,4,4,4,4,4,78.29618835449219,76.30506896972656,76.15194702148438,77.03425598144531,69.35527038574219,78.5914535522461,80.3125,35,42.85714340209961,28.571430206298828,19.047618865966797,13.043478012084961,5.263157844543457,0,4.761904716491699,0,0,17.52988624572754,25769803776,2147483648,18263392256,765329408
209,1790456946353,4,4,4,4,4,4,4,4,4,4,78.33768463134766,76.32127380371094,76.08206939697266,77.1319808959961,69.21501159667969,78.6094970703125,80.796875,57.142860412597656,55,10,5.263157844543457,5.263157844543457,9.523809432983398,0,0,0,0,17.52988624572754,25769803776,2147483648,18263392256,765329408
203,1790456946563,4,4,4,4,4,4,4,4,4,4,78.33768463134766,76.32127380371094,76.08206939697266,77.1319808959961,69.21501159667969,78.6094970703125,80.796875,66.66667175292969,28.571430206298828,4.761904716491699,0,0,0,0,9.090909004211426,0,0,17.52988624572754,25769803776,2147483648,18263392256,765329408
200,1790456946766,4,4,4,4,4,4,4,4,4,4,78.33768463134766,76.32127380371094,76.08206939697266,77.1319808959961,69.21501159667969,78.6094970703125,80.796875,40,70,25,14.285715103149414,5,9.523809432983398,0,5.263157844543457,0,0,17.52988624572754,25769803776,2147483648,18263392256,765329408
209,1790456946967,4,4,4,4,4,4,4,4,4,4,78.33768463134766,76.32127380371094,76.08206939697266,77.1319808959961,69.21501159667969,78.6094970703125,80.796875,15.789472579956055,90.47618865966797,15.000000953674316,5.263157844543457,10,5.263157844543457,0,9.523809432983398,0,0,17.576396942138672,25769803776,2147483648,18270224384,765329408
209,1790456947177,4,4,4,4,4,4,4,4,4,4,78.33768463134766,76.32127380371094,76.08206939697266,77.1319808959961,69.21501159667969,78.6094970703125,80.796875,36.3636360168457,42.85714340209961,25,28.571430206298828,9.523809432983398,9.523809432983398,0,4.761904716491699,0,0,17.576396942138672,25769803776,2147483648,18262605824,765329408
209,1790456947387,4,4,4,4,4,4,4,4,4,4,78.43437957763672,76.479248046875,76.25616455078125,77.20641326904297,69.42976379394531,78.72093963623047,80.796875,52.38095474243164,35,13.636363983154297,4.761904716491699,4.761904716491699,27.272727966308594,4.761904716491699,4.761904716491699,0,0,17.576396942138672,25769803776,2147483648,18262605824,765329408
209,1790456947597,4,4,4,4,4,4,4,4,4,4,78.43437957763672,76.479248046875,76.25616455078125,77.20641326904297,69.42976379394531,78.72093963623047,80.796875,71.42857360839844,28.571430206298828,9.090909004211426,4.545454502105713,0,0,0,4.761904716491699,4.761904716491699,0,17.576396942138672,25769803776,2147483648,18262605824,765329408
209,1790456947807,4,4,4,4,4,4,4,4,4,4,78.43437957763672,76.479248046875,76.25616455078125,77.20641326904297,69.42976379394531,78.72093963623047,80.796875,76.19047546386719,33.333335876464844,10.526315689086914,5,9.523809432983398,9.523809432983398,0,4.761904716491699,4.545454502105713,0,17.576396942138672,25769803776,2147483648,18262605824,765329408
209,1790456948017,4,4,4,4,4,4,4,4,4,4,78.43437957763672,76.479248046875,76.25616455078125,77.20641326904297,69.42976379394531,78.72093963623047,80.796875,71.42857360839844,19.047618865966797,13.636363983154297,14.285715103149414,19.047618865966797,10,0,5,0,0,17.670618057250977,25769803776,2147483648,18265456640,765329408
200,1790456948227,4,4,4,4,4,4,4,4,4,4,78.43437957763672,76.479248046875,76.25616455078125,77.20641326904297,69.42976379394531,78.72093963623047,80.796875,38.095237731933594,57.142860412597656,28.571430206298828,9.523809432983398,9.090909004211426,9.523809432983398,0,4.545454502105713,5,0,17.670618057250977,25769803776,2147483648,18263195648,765329408
209,1790456948428,4,4,4,4,4,4,4,4,4,4,78.63475036621094,76.46800994873047,76.03258514404297,77.34505462646484,69.04887390136719,79.00604248046875,82.09375,50,42.105262756347656,26.3157901763916,5,5.263157844543457,9.523809432983398,5,5,0,0,17.670618057250977,25769803776,2147483648,18263195648,765329408
209,1790456948638,4,4,4,4,4,4,4,4,4,4,78.63475036621094,76.46800994873047,76.03258514404297,77.34505462646484,69.04887390136719,79.00604248046875,82.09375,71.42857360839844,27.272727966308594,13.636363983154297,4.545454502105713,4.545454502105713,4.761904716491699,0,9.090909004211426,0,0,17.670618057250977,25769803776,2147483648,18263195648,765329408
209,1790456948848,4,4,4,4,4,4,4,4,4,4,78.63475036621094,76.46800994873047,76.03258514404297,77.34505462646484,69.04887390136719,79.00604248046875,82.09375,65,45,25,25,15.000000953674316,14.285715103149414,0,5,0,0,17.555444717407227,25769803776,2147483648,18263195648,765329408
209,1790456949058,4,4,4,4,4,4,4,4,4,4,78.63475036621094,76.46800994873047,76.03258514404297,77.34505462646484,69.04887390136719,79.00604248046875,82.09375,27.272727966308594,28.571430206298828,50,23.809524536132813,9.523809432983398,15.000000953674316,0,0,0,0,17.555444717407227,25769803776,2147483648,18264162304,765329408
209,1790456949268,4,4,4,4,4,4,4,4,4,4,78.63475036621094,76.46800994873047,76.03258514404297,77.34505462646484,69.04887390136719,79.00604248046875,82.09375,52.38095474243164,36.3636360168457,9.523809432983398,0,4.545454502105713,14.285715103149414,4.545454502105713,9.090909004211426,0,0,17.555444717407227,25769803776,2147483648,18273026048,765329408
209,1790456949478,4,4,4,4,4,4,4,4,4,4,78.53423309326172,76.62448120117188,76.41104125976563,77.3960952758789,69.58662414550781,78.85848236083984,80.796875,65,35,10,9.523809432983398,5,9.090909004211426,0,4.761904716491699,4.545454502105713,0,17.555444717407227,25769803776,2147483648,18271404032,765329408
209,1790456949688,4,4,4,4,4,4,4,4,4,4,78.53423309326172,76.62448120117188,76.41104125976563,77.3960952758789,69.58662414550781,78.85848236083984,80.796875,57.142860412597656,47.619049072265625,22.72727394104004,9.090909004211426,4.761904716491699,5,0,9.523809432983398,0,0,17.555444717407227,25769803776,2147483648,18270945280,765329408
207,1790456949898,4,4,4,4,4,4,4,4,4,4,78.53423309326172,76.62448120117188,76.41104125976563,77.3960952758789,69.58662414550781,78.85848236083984,80.796875,57.142860412597656,33.333335876464844,9.523809432983398,5,31.81818199157715,14.285715103149414,0,4.761904716491699,0,0,17.64268684387207,25769803776,2147483648,18270945280,765329408
209,1790456950105,4,4,4,4,4,4,4,4,4,4,78.53423309326172,76.62448120117188,76.41104125976563,77.3960952758789,69.58662414550781,78.85848236083984,80.796875,19.047618865966797,45,25,13.636363983154297,9.523809432983398,38.095237731933594,0,9.090909004211426,0,0,17.64268684387207,25769803776,2147483648,18263556096,765329408
209,1790456950315,4,4,4,4,4,4,4,4,4,4,78.53423309326172,76.62448120117188,76.41104125976563,77.3960952758789,69.58662414550781,78.85848236083984,80.796875,66.66667175292969,42.85714340209961,13.636363983154297,5,5,5,0,0,4.545454502105713,0,17.64268684387207,25769803776,2147483648,18271846400,765329408
209,1790456950525,4,4,4,4,4,4,4,4,4,4,78.56874084472656,76.66837310791016,76.44688415527344,77.45166778564453,69.63282775878906,78.88031005859375,81.265625,66.66667175292969,31.81818199157715,5,0,0,8.69565200805664,0,4.545454502105713,0,0,17.64268684387207,25769803776,2147483648,18273681408,765329408
209,1790456950735,4,4,4,4,4,4,4,4,4,4,78.56874084472656,76.66837310791016,76.44688415527344,77.45166778564453,69.63282775878906,78.88031005859375,81.265625,50,57.142860412597656,19.047618865966797,9.523809432983398,5,5,0,0,0,0,17.64268684387207,25769803776,2147483648,18271944704,765329408
209,1790456950945,4,4,4,4,4,4,4,4,4,4,78.56874084472656,76.66837310791016,76.44688415527344,77.45166778564453,69.63282775878906,78.88031005859375,81.265625,68.18181610107422,19.047618865966797,10,38.095237731933594,9.523809432983398,9.523809432983398,0,9.090909004211426,0,0,17.593690872192383,25769803776,2147483648,18271944704,765329408
209,1790456951155,4,4,4,4,4,4,4,4,4,4,78.56874084472656,76.66837310791016,76.44688415527344,77.45166778564453,69.63282775878906,78.88031005859375,81.265625,60.000003814697266,30.000001907348633,26.086956024169922,5,13.636363983154297,14.285715103149414,0,4.761904716491699,0,0,17.593690872192383,25769803776,2147483648,18258853888,765329408
209,1790456951365,4,4,4,4,4,4,4,4,4,4,78.68535614013672,76.70824432373047,76.40576171875,77.55785369873047,69.4981689453125,79.05024719238281,80.796875,77.2727279663086,40.90909194946289,5,27.272727966308594,14.285715103149414,13.636363983154297,4.545454502105713,9.090909004211426,0,4.545454502105713,17.593690872192383,25769803776,2147483648,18267832320,765329408
209,1790456951575,4,4,4,4,4,4,4,4,4,4,78.68535614013672,76.70824432373047,76.40576171875,77.55785369873047,69.4981689453125,79.05024719238281,80.796875,66.66667175292969,35,19.047618865966797,0,0,0,5,0,0,0,17.593690872192383,25769803776,2147483648,18267832320,765329408
209,1790456951785,4,4,4,4,4,4,4,4,4,4,78.68535614013672,76.70824432373047,76.40576171875,77.55785369873047,69.4981689453125,79.05024719238281,80.796875,66.66667175292969,40,23.809524536132813,9.523809432983398,4.761904716491699,4.761904716491699,9.090909004211426,0,0,0,17.593690872192383,25769803776,2147483648,18267832320,765329408
204,1790456951995,4,4,4,4,4,4,4,4,4,4,78.68535614013672,76.70824432373047,76.40576171875,77.55785369873047,69.4981689453125,79.05024719238281,80.796875,65,36.3636360168457,9.523809432983398,9.523809432983398,9.523809432983398,15.000000953674316,0,4.761904716491699,0,0,17.662052154541016,25769803776,2147483648,18267832320,765329408
209,1790456952200,4,4,4,4,4,4,4,4,4,4,78.68535614013672,76.70824432373047,76.40576171875,77.55785369873047,69.4981689453125,79.05024719238281,80.796875,35,45,14.285715103149414,14.285715103149414,35,30.000001907348633,0,5,0,0,17.662052154541016,25769803776,2147483648,18249924608,765329408
209,1790456952410,4,4,4,4,4,4,4,4,4,4,78.70109558105469,77.05416870117188,76.45645141601563,77.61529541015625,69.50880432128906,79.04305267333984,81.03125,80.95238494873047,27.272727966308594,14.285715103149414,5,4.761904716491699,9.090909004211426,0,4.761904716491699,0,0,17.662052154541016,25769803776,2147483648,18258198528,765329408
209,1790456952620,4,4,4,4,4,4,4,4,4,4,78.70109558105469,77.05416870117188,76.45645141601563,77.61529541015625,69.50880432128906,79.04305267333984,81.03125,57.142860412597656,40,5,0,0,0,0,9.523809432983398,0,0,17.662052154541016,25769803776,2147483648,18258132992,765329408
209,1790456952830,4,4,4,4,4,4,4,4,4,4,78.70109558105469,77.05416870117188,76.45645141601563,77.61529541015625,69.50880432128906,79.04305267333984,81.03125,66.66667175292969,42.85714340209961,19.047618865966797,13.636363983154297,14.285715103149414,5,0,4.761904716491699,4.761904716491699,0,17.662052154541016,25769803776,2147483648,18258706432,765329408
209,1790456953040,4,4,4,4,4,4,4,4,4,4,78.70109558105469,77.05416870117188,76.45645141601563,77.61529541015625,69.50880432128906,79.04305267333984,81.03125,23.809524536132813,14.285715103149414,42.85714340209961,20,19.047618865966797,40.90909194946289,4.545454502105713,9.523809432983398,0,0,17.68922233581543,25769803776,2147483648,18257723392,765329408
209,1790456953250,4,4,4,4,4,4,4,4,4,4,78.70109558105469,77.05416870117188,76.45645141601563,77.61529541015625,69.50880432128906,79.04305267333984,81.03125,33.333335876464844,33.333335876464844,60.000003814697266,9.523809432983398,9.090909004211426,0,0,4.761904716491699,4.545454502105713,0,17.68922233581543,25769803776,2147483648,18251087872,765329408
205,1790456953460,4,4,4,4,4,4,4,4,4,4,78.73835754394531,76.89525604248047,76.62266540527344,77.63709259033203,69.80378723144531,79.06861877441406,82.796875,66.66667175292969,28.571430206298828,26.086956024169922,4.761904716491699,5,9.090909004211426,0,4.761904716491699,0,0,17.68922233581543,25769803776,2147483648,18259066880,765329408
209,1790456953666,4,4,4,4,4,4,4,4,4,4,78.73835754394531,76.89525604248047,76.62266540527344,77.63709259033203,69.80378723144531,79.06861877441406,82.796875,70,28.571430206298828,5.263157844543457,4.761904716491699,0,0,0,5,0,0,17.68922233581543,25769803776,2147483648,18259066880,765329408
209,1790456953876,4,4,4,4,4,4,4,4,4,4,78.73835754394531,76.89525604248047,76.62266540527344,77.63709259033203,69.80378723144531,79.06861877441406,82.796875,54.54545593261719,25,28.571430206298828,23.809524536132813,9.090909004211426,9.523809432983398,0,4.761904716491699,0,0,17.624231338500977,25769803776,2147483648,18259066880,765329408
203,1790456954086,4,4,4,4,4,4,4,4,4,4,78.73835754394531,76.89525604248047,76.62266540527344,77.63709259033203,69.80378723144531,79.06861877441406,82.796875,20,38.095237731933594,40,19.047618865966797,50,14.285715103149414,4.545454502105713,9.090909004211426,0,0,17.624231338500977,25769803776,2147483648,18259066880,765329408
202,1790456954289,4,4,4,4,4,4,4,4,4,4,78.73835754394531,76.89525604248047,76.62266540527344,77.63709259033203,69.80378723144531,79.06861877441406,82.796875,33.333335876464844,61.904762268066406,27.272727966308594,0,9.090909004211426,0,0,5,0,0,17.624231338500977,25769803776,2147483648,18246582272,765329408
209,1790456954492,4,4,4,4,4,4,4,4,4,4,78.7850341796875,76.99269104003906,76.72833251953125,77.68008422851563,69.95319366455078,79.19105529785156,84.671875,73.68421173095703,30.000001907348633,14.285715103149414,10,5.263157844543457,10,0,5,0,0,17.624231338500977,25769803776,2147483648,18255183872,765329408
209,1790456954702,4,4,4,4,4,4,4,4,4,4,78.7850341796875,76.99269104003906,76.72833251953125,77.68008422851563,69.95319366455078,79.19105529785156,84.671875,52.38095474243164,47.619049072265625,0,0,0,0,0,9.090909004211426,0,0,17.624231338500977,25769803776,2147483648,18254888960,765329408
206,1790456954912,4,4,4,4,4,4,4,4,4,4,78.7850341796875,76.99269104003906,76.72833251953125,77.68008422851563,69.95319366455078,79.19105529785156,84.671875,40.90909194946289,61.904762268066406,27.272727966308594,23.809524536132813,23.809524536132813,18.18181800842285,4.761904716491699,0,4.545454502105713,0,17.653390884399414,25769803776,2147483648,18253676544,765329408
206,1790456955119,4,4,4,4,4,4,4,4,4,4,78.7850341796875,76.99269104003906,76.72833251953125,77.68008422851563,69.95319366455078,79.19105529785156,84.671875,30.000001907348633,25,45,10,23.809524536132813,14.285715103149414,0,0,0,0,17.653390884399414,25769803776,2147483648,18248384512,765329408
209,1790456955326,4,4,4,4,4,4,4,4,4,4,78.7850341796875,76.99269104003906,76.72833251953125,77.68008422851563,69.95319366455078,79.19105529785156,84.671875,35,38.095237731933594,23.809524536132813,4.545454502105713,0,15.000000953674316,0,5,0,0,17.653390884399414,25769803776,2147483648,18255101952,765329408
209,1790456955536,4,4,4,4,4,4,4,4,4,4,78.83638763427734,77.03250885009766,76.55072784423828,77.73906707763672,69.61295318603516,79.2018051147461,83.5,61.904762268066406,38.095237731933594,14.285715103149414,9.523809432983398,9.090909004211426,5,9.090909004211426,9.090909004211426,0,0,17.653390884399414,25769803776,2147483648,18255298560,765329408
209,1790456955746,4,4,4,4,4,4,4,4,4,4,78.83638763427734,77.03250885009766,76.55072784423828,77.73906707763672,69.61295318603516,79.2018051147461,83.5,61.904762268066406,42.85714340209961,14.285715103149414,4.761904716491699,5,8.69565200805664,0,4.761904716491699,4.545454502105713,0,17.653390884399414,25769803776,2147483648,18255265792,765329408
209,1790456955956,4,4,4,4,4,4,4,4,4,4,78.83638763427734,77.03250885009766,76.55072784423828,77.73906707763672,69.61295318603516,79.2018051147461,83.5,45.45454788208008,50,10,30.000001907348633,13.636363983154297,10,0,0,0,0,17.617416381835938,25769803776,2147483648,18255265792,765329408
209,1790456956166,4,4,4,4,4,4,4,4,4,4,78.83638763427734,77.03250885009766,76.55072784423828,77.73906707763672,69.61295318603516,79.2018051147461,83.5,21.052631378173828,57.142860412597656,13.636363983154297,18.18181800842285,25,9.523809432983398,0,9.523809432983398,0,0,17.617416381835938,25769803776,2147483648,18255265792,765329408
209,1790456956376,4,4,4,4,4,4,4,4,4,4,78.90470123291016,77.06387329101563,76.83573150634766,77.79296112060547,70.11127471923828,79.35875701904297,83.265625,43.4782600402832,72.7272720336914,14.285715103149414,10,9.523809432983398,5,0,4.761904716491699,0,0,17.617416381835938,25769803776,2147483648,18255872000,765329408
209,1790456956586,4,4,4,4,4,4,4,4,4,4,78.90470123291016,77.06387329101563,76.83573150634766,77.79296112060547,70.11127471923828,79.35875701904297,83.265625,65,30.000001907348633,9.523809432983398,4.545454502105713,0,0,0,9.090909004211426,0,4.545454502105713,17.617416381835938,25769803776,2147483648,18255659008,765329408
206,1790456956796,4,4,4,4,4,4,4,4,4,4,78.90470123291016,77.06387329101563,76.83573150634766,77.79296112060547,70.11127471923828,79.35875701904297,83.265625,55,45.45454788208008,15.000000953674316,15.000000953674316,4.761904716491699,9.090909004211426,0,4.761904716491699,0,0,17.617416381835938,25769803776,2147483648,18256265216,765329408
209,1790456957002,4,4,4,4,4,4,4,4,4,4,78.90470123291016,77.06387329101563,76.83573150634766,77.79296112060547,70.11127471923828,79.35875701904297,83.265625,45.45454788208008,50,14.285715103149414,28.571430206298828,9.523809432983398,10,0,0,0,0,17.664941787719727,25769803776,2147483648,18255511552,765329408
207,1790456957212,4,4,4,4,4,4,4,4,4,4,78.90470123291016,77.06387329101563,76.83573150634766,77.79296112060547,70.11127471923828,79.35875701904297,83.265625,40,19.047618865966797,27.272727966308594,33.333335876464844,28.571430206298828,4.761904716491699,0,9.090909004211426,0,0,17.664941787719727,25769803776,2147483648,18255511552,765329408
209,1790456957420,4,4,4,4,4,4,4,4,4,4,78.90601348876953,77.02369689941406,76.82701873779297,77.86756896972656,70.1136474609375,79.33621215820313,83.96875,76.19047546386719,30.000001907348633,10,5,5,9.523809432983398,0,5,4.545454502105713,0,17.664941787719727,25769803776,2147483648,18255872000,765329408
201,1790456957630,4,4,4,4,4,4,4,4,4,4,78.90601348876953,77.02369689941406,76.82701873779297,77.86756896972656,70.1136474609375,79.33621215820313,83.96875,71.42857360839844,23.809524536132813,13.636363983154297,0,0,0,0,9.090909004211426,0,0,17.664941787719727,25769803776,2147483648,18255937536,765329408
202,1790456957831,4,4,4,4,4,4,4,4,4,4,78.90601348876953,77.02369689941406,76.82701873779297,77.86756896972656,70.1136474609375,79.33621215820313,83.96875,65,38.095237731933594,11.111111640930176,9.523809432983398,9.523809432983398,5,4.761904716491699,5,0,0,17.664941787719727,25769803776,2147483648,18256347136,765329408
209,1790456958034,4,4,4,4,4,4,4,4,4,4,78.90601348876953,77.02369689941406,76.82701873779297,77.86756896972656,70.1136474609375,79.33621215820313,83.96875,25,63.15789031982422,18.18181800842285,31.57894515991211,10,10,0,5,0,0,17.606584548950195,25769803776,2147483648,18255609856,765329408
209,1790456958244,4,4,4,4,4,4,4,4,4,4,78.90601348876953,77.02369689941406,76.82701873779297,77.86756896972656,70.1136474609375,79.33621215820313,83.96875,38.095237731933594,45.45454788208008,15.000000953674316,27.272727966308594,9.523809432983398,19.047618865966797,0,9.523809432983398,0,0,17.606584548950195,25769803776,2147483648,18248695808,765329408
209,1790456958454,4,4,4,4,4,4,4,4,4,4,78.91004943847656,77.1694564819336,76.87252044677734,77.86876678466797,70.14986419677734,79.3906478881836,81.265625,80.95238494873047,25,14.285715103149414,4.761904716491699,4.761904716491699,13.636363983154297,0,0,0,0,17.606584548950195,25769803776,2147483648,18256805888,765329408
209,1790456958664,4,4,4,4,4,4,4,4,4,4,78.91004943847656,77.1694564819336,76.87252044677734,77.86876678466797,70.14986419677734,79.3906478881836,81.265625,80.95238494873047,33.333335876464844,25,9.523809432983398,9.090909004211426,0,4.545454502105713,9.523809432983398,0,0,17.606584548950195,25769803776,2147483648,18319032320,765329408
204,1790456958874,4,4,4,4,4,4,4,4,4,4,78.91004943847656,77.1694564819336,76.87252044677734,77.86876678466797,70.14986419677734,79.3906478881836,81.265625,57.142860412597656,42.85714340209961,45.45454788208008,9.523809432983398,15.000000953674316,4.761904716491699,0,9.090909004211426,0,0,17.66250991821289,25769803776,2147483648,18319032320,765329408
209,1790456959078,4,4,4,4,4,4,4,4,4,4,78.91004943847656,77.1694564819336,76.87252044677734,77.86876678466797,70.14986419677734,79.3906478881836,81.265625,47.619049072265625,10,55,15.000000953674316,5,23.809524536132813,0,0,4.761904716491699,0,17.66250991821289,25769803776,2147483648,18319032320,765329408
205,1790456959288,4,4,4,4,4,4,4,4,4,4,78.91004943847656,77.1694564819336,76.87252044677734,77.86876678466797,70.14986419677734,79.3906478881836,81.265625,55,38.095237731933594,31.81818199157715,14.285715103149414,13.636363983154297,5,0,4.761904716491699,0,0,17.66250991821289,25769803776,2147483648,18319032320,765329408
209,1790456959493,4,4,4,4,4,4,4,4,4,4,79.02549743652344,77.24179077148438,77.02229309082031,77.98490905761719,70.41250610351563,79.54690551757813,82.796875,52.38095474243164,38.095237731933594,5.263157844543457,9.523809432983398,26.3157901763916,9.090909004211426,4.761904716491699,9.523809432983398,4.761904716491699,0,17.66250991821289,25769803776,2147483648,18297962496,765329408
209,1790456959703,4,4,4,4,4,4,4,4,4,4,79.02549743652344,77.24179077148438,77.02229309082031,77.98490905761719,70.41250610351563,79.54690551757813,82.796875,60.000003814697266,28.571430206298828,13.636363983154297,0,4.545454502105713,0,0,4.761904716491699,0,0,17.66250991821289,25769803776,2147483648,18287345664,765329408
209,1790456959913,4,4,4,4,4,4,4,4,4,4,79.02549743652344,77.24179077148438,77.02229309082031,77.98490905761719,70.41250610351563,79.54690551757813,82.796875,59.09090805053711,40,19.047618865966797,19.047618865966797,9.523809432983398,5,0,4.761904716491699,0,4.545454502105713,17.6253604888916,25769803776,2147483648,18285002752,765329408
209,1790456960123,4,4,4,4,4,4,4,4,4,4,79.02549743652344,77.24179077148438,77.02229309082031,77.98490905761719,70.41250610351563,79.54690551757813,82.796875,19.047618865966797,40.90909194946289,20,45,19.047618865966797,9.523809432983398,0,5,0,0,17.6253604888916,25769803776,2147483648,18285543424,765329408
209,1790456960334,4,4,4,4,4,4,4,4,4,4,79.02549743652344,77.24179077148438,77.02229309082031,77.98490905761719,70.41250610351563,79.54690551757813,82.796875,40,35,45.45454788208008,9.523809432983398,9.523809432983398,9.523809432983398,0,9.090909004211426,0,0,17.6253604888916,25769803776,2147483648,18278187008,765329408
209,1790456960544,4,4,4,4,4,4,4,4,4,4,79.00283813476563,77.24415588378906,76.92402648925781,78.01988983154297,70.23957824707031,79.52483367919922,82.09375,80.95238494873047,28.571430206298828,10,13.636363983154297,9.523809432983398,9.523809432983398,0,4.761904716491699,0,0,17.6253604888916,25769803776,2147483648,18285887488,765329408
209,1790456960754,4,4,4,4,4,4,4,4,4,4,79.00283813476563,77.24415588378906,76.92402648925781,78.01988983154297,70.23957824707031,79.52483367919922,82.09375,59.09090805053711,36.3636360168457,13.636363983154297,0,0,0,0,4.761904716491699,0,0,17.6253604888916,25769803776,2147483648,18285821952,765329408
204,1790456960964,4,4,4,4,4,4,4,4,4,4,79.00283813476563,77.24415588378906,76.92402648925781,78.01988983154297,70.23957824707031,79.52483367919922,82.09375,75,40,23.809524536132813,14.285715103149414,14.285715103149414,14.285715103149414,0,9.090909004211426,0,0,17.614009857177734,25769803776,2147483648,18278629376,765329408
204,1790456961168,4,4,4,4,4,4,4,4,4,4,79.00283813476563,77.24415588378906,76.92402648925781,78.01988983154297,70.23957824707031,79.52483367919922,82.09375,47.619049072265625,19.047618865966797,15.000000953674316,52.38095474243164,14.285715103149414,20,4.761904716491699,0,0,0,17.614009857177734,25769803776,2147483648,18278629376,765329408
209,1790456961373,4,4,4,4,4,4,4,4,4,4,79.1011962890625,77.280029296875,77.00130462646484,78.07032012939453,70.365234375,79.65172576904297,81.265625,50,25,10,20,0,0,0,5,9.090909004211426,0,17.614009857177734,25769803776,2147483648,18278629376,765329408
204,1790456961583,4,4,4,4,4,4,4,4,4,4,79.1011962890625,77.280029296875,77.00130462646484,78.07032012939453,70.365234375,79.65172576904297,81.265625,61.904762268066406,47.619049072265625,14.285715103149414,9.523809432983398,5,13.636363983154297,4.761904716491699,9.090909004211426,0,0,17.614009857177734,25769803776,2147483648,18286673920,765329408
209,1790456961787,4,4,4,4,4,4,4,4,4,4,79.1011962890625,77.280029296875,77.00130462646484,78.07032012939453,70.365234375,79.65172576904297,81.265625,65,35,5,0,0,0,0,5,0,0,17.614009857177734,25769803776,2147483648,18286706688,765329408
209,1790456961997,4,4,4,4,4,4,4,4,4,4,79.1011962890625,77.280029296875,77.00130462646484,78.07032012939453,70.365234375,79.65172576904297,81.265625,38.095237731933594,66.66667175292969,23.809524536132813,27.272727966308594,18.18181800842285,9.523809432983398,0,4.761904716491699,0,0,17.572484970092773,25769803776,2147483648,18285150208,765329408
209,1790456962207,4,4,4,4,4,4,4,4,4,4,79.1011962890625,77.280029296875,77.00130462646484,78.07032012939453,70.365234375,79.65172576904297,81.265625,23.809524536132813,14.285715103149414,13.636363983154297,33.333335876464844,55,10,0,9.090909004211426,0,0,17.572484970092773,25769803776,2147483648,18279809024,765329408
209,1790456962417,4,4,4,4,4,4,4,4,4,4,79.06824493408203,77.30702209472656,76.90038299560547,78.10305786132813,70.21267700195313,79.61710357666016,84.90625,40,57.142860412597656,0,0,13.636363983154297,0,0,0,0,0,17.572484970092773,25769803776,2147483648,18286493696,765329408
209,1790456962627,4,4,4,4,4,4,4,4,4,4,79.06824493408203,77.30702209472656,76.90038299560547,78.10305786132813,70.21267700195313,79.61710357666016,84.90625,68.18181610107422,38.095237731933594,14.285715103149414,9.090909004211426,9.523809432983398,9.090909004211426,0,9.523809432983398,0,0,17.572484970092773,25769803776,2147483648,18287165440,765329408
209,1790456962837,4,4,4,4,4,4,4,4,4,4,79.06824493408203,77.30702209472656,76.90038299560547,78.10305786132813,70.21267700195313,79.61710357666016,84.90625,61.904762268066406,38.095237731933594,23.809524536132813,9.523809432983398,4.761904716491699,5,0,4.761904716491699,0,0,17.572484970092773,25769803776,2147483648,18289623040,765329408
205,1790456963047,4,4,4,4,4,4,4,4,4,4,79.06824493408203,77.30702209472656,76.90038299560547,78.10305786132813,70.21267700195313,79.61710357666016,84.90625,55,50,14.285715103149414,10,20,9.523809432983398,0,5,0,0,17.575448989868164,25769803776,2147483648,18286002176,765329408
209,1790456963252,4,4,4,4,4,4,4,4,4,4,79.06824493408203,77.30702209472656,76.90038299560547,78.10305786132813,70.21267700195313,79.61710357666016,84.90625,38.095237731933594,42.85714340209961,40.90909194946289,10,9.523809432983398,9.523809432983398,0,9.090909004211426,0,0,17.575448989868164,25769803776,2147483648,18286002176,765329408
209,1790456963462,4,4,4,4,4,4,4,4,4,4,79.09244537353516,77.4252700805664,77.1416015625,78.1257095336914,70.54883575439453,79.63184356689453,85.265625,50,59.09090805053711,5,13.636363983154297,9.090909004211426,9.523809432983398,4.761904716491699,5,4.545454502105713,0,17.575448989868164,25769803776,2147483648,18286002176,765329408
199,1790456963673,4,4,4,4,4,4,4,4,4,4,79.09244537353516,77.4252700805664,77.1416015625,78.1257095336914,70.54883575439453,79.63184356689453,85.265625,63.6363639831543,25,10,0,0,0,0,0,0,0,17.575448989868164,25769803776,2147483648,18287902720,765329408
209,1790456963873,4,4,4,4,4,4,4,4,4,4,79.09244537353516,77.4252700805664,77.1416015625,78.1257095336914,70.54883575439453,79.63184356689453,85.265625,57.894737243652344,40,28.571430206298828,5,9.523809432983398,5.263157844543457,4.761904716491699,9.523809432983398,0,0,17.605012893676758,25769803776,2147483648,18288246784,765329408
209,1790456964083,4,4,4,4,4,4,4,4,4,4,79.09244537353516,77.4252700805664,77.1416015625,78.1257095336914,70.54883575439453,79.63184356689453,85.265625,31.81818199157715,52.38095474243164,10,38.095237731933594,9.523809432983398,9.523809432983398,0,0,0,0,17.605012893676758,25769803776,2147483648,18286968832,765329408
209,1790456964293,4,4,4,4,4,4,4,4,4,4,79.09244537353516,77.4252700805664,77.1416015625,78.1257095336914,70.54883575439453,79.63184356689453,85.265625,23.809524536132813,22.72727394104004,18.18181800842285,31.81818199157715,45,18.18181800842285,0,9.090909004211426,0,0,17.605012893676758,25769803776,2147483648,18287460352,765329408
209,1790456964503,4,4,4,4,4,4,4,4,4,4,79.10993194580078,77.39111328125,77.08894348144531,78.13902282714844,70.51141357421875,79.62855529785156,81.5,38.095237731933594,15.789472579956055,33.333335876464844,5,33.333335876464844,9.523809432983398,0,4.761904716491699,0,0,17.605012893676758,25769803776,2147483648,18287460352,765329408
209,1790456964713,4,4,4,4,4,4,4,4,4,4,79.10993194580078,77.39111328125,77.08894348144531,78.13902282714844,70.51141357421875,79.62855529785156,81.5,66.66667175292969,33.333335876464844,5,0,0,0,0,9.523809432983398,0,0,17.605012893676758,25769803776,2147483648,18287755264,765329408
209,1790456964923,4,4,4,4,4,4,4,4,4,4,79.10993194580078,77.39111328125,77.08894348144531,78.13902282714844,70.51141357421875,79.62855529785156,81.5,57.142860412597656,50,23.809524536132813,13.636363983154297,13.636363983154297,9.523809432983398,0,4.761904716491699,0,0,17.524948120117188,25769803776,2147483648,18288328704,765329408
209,1790456965133,4,4,4,4,4,4,4,4,4,4,79.10993194580078,77.39111328125,77.08894348144531,78.13902282714844,70.51141357421875,79.62855529785156,81.5,70,19.047618865966797,14.285715103149414,9.523809432983398,9.523809432983398,33.333335876464844,0,9.090909004211426,4.761904716491699,0,17.524948120117188,25769803776,2147483648,18288230400,765329408
209,1790456965343,4,4,4,4,4,4,4,4,4,4,79.15541076660156,77.48519897460938,77.12911987304688,78.16896057128906,70.48774719238281,79.66986846923828,81.5,36.3636360168457,60.000003814697266,22.72727394104004,9.523809432983398,9.523809432983398,14.285715103149414,0,4.761904716491699,0,0,17.524948120117188,25769803776,2147483648,18288230400,765329408
209,1790456965553,4,4,4,4,4,4,4,4,4,4,79.15541076660156,77.48519897460938,77.12911987304688,78.16896057128906,70.48774719238281,79.66986846923828,81.5,45,59.09090805053711,10,4.761904716491699,5,5,0,5,4.545454502105713,0,17.524948120117188,25769803776,2147483648,18288230400,765329408
209,1790456965763,4,4,4,4,4,4,4,4,4,4,79.15541076660156,77.48519897460938,77.12911987304688,78.16896057128906,70.48774719238281,79.66986846923828,81.5,52.38095474243164,42.85714340209961,4.761904716491699,0,0,0,0,4.761904716491699,0,0,17.524948120117188,25769803776,2147483648,18288820224,765329408
209,1790456965973,4,4,4,4,4,4,4,4,4,4,79.15541076660156,77.48519897460938,77.12911987304688,78.16896057128906,70.48774719238281,79.66986846923828,81.5,70,35,19.047618865966797,9.090909004211426,4.761904716491699,13.636363983154297,0,9.090909004211426,0,0,17.53750228881836,25769803776,2147483648,18288705536,765329408
209,1790456966183,4,4,4,4,4,4,4,4,4,4,79.15541076660156,77.48519897460938,77.12911987304688,78.16896057128906,70.48774719238281,79.66986846923828,81.5,38.095237731933594,18.18181800842285,9.523809432983398,61.904762268066406,23.809524536132813,9.523809432983398,4.761904716491699,5,0,0,17.53750228881836,25769803776,2147483648,18288492544,765329408
209,1790456966393,4,4,4,4,4,4,4,4,4,4,79.175537109375,77.47615814208984,77.170166015625,78.18462371826172,70.61041259765625,79.68547821044922,81.5,50,38.095237731933594,30.000001907348633,9.523809432983398,9.523809432983398,9.523809432983398,0,9.090909004211426,0,0,17.53750228881836,25769803776,2147483648,18281086976,765329408
209,1790456966603,4,4,4,4,4,4,4,4,4,4,79.175537109375,77.47615814208984,77.170166015625,78.18462371826172,70.61041259765625,79.68547821044922,81.5,45,66.66667175292969,14.285715103149414,5,9.523809432983398,5,0,5,4.545454502105713,0,17.53750228881836,25769803776,2147483648,18289197056,765329408
209,1790456966813,4,4,4,4,4,4,4,4,4,4,79.175537109375,77.47615814208984,77.170166015625,78.18462371826172,70.61041259765625,79.68547821044922,81.5,61.904762268066406,35,9.523809432983398,4.761904716491699,4.545454502105713,0,4.545454502105713,9.090909004211426,0,0,17.53750228881836,25769803776,2147483648,18289442816,765329408
209,1790456967023,4,4,4,4,4,4,4,4,4,4,79.175537109375,77.47615814208984,77.170166015625,78.18462371826172,70.61041259765625,79.68547821044922,81.5,77.2727279663086,23.809524536132813,13.636363983154297,18.18181800842285,5,18.18181800842285,0,0,0,0,17.4332275390625,25769803776,2147483648,18289229824,765329408
209,1790456967233,4,4,4,4,4,4,4,4,4,4,79.175537109375,77.47615814208984,77.170166015625,78.18462371826172,70.61041259765625,79.68547821044922,81.5,60.000003814697266,19.047618865966797,14.285715103149414,38.095237731933594,9.523809432983398,15.000000953674316,0,9.523809432983398,0,0,17.4332275390625,25769803776,2147483648,18284249088,765329408
205,1790456967442,4,4,4,4,4,4,4,4,4,4,79.13604736328125,77.4167709350586,76.9250259399414,78.16724395751953,70.2546615600586,79.65475463867188,81.5,33.333335876464844,57.142860412597656,30.000001907348633,5,9.523809432983398,9.523809432983398,0,4.761904716491699,0,0,17.4332275390625,25769803776,2147483648,18284249088,765329408
205,1790456967647,4,4,4,4,4,4,4,4,4,4,79.13604736328125,77.4167709350586,76.9250259399414,78.16724395751953,70.2546615600586,79.65475463867188,81.5,61.904762268066406,45,14.285715103149414,9.523809432983398,5,5,0,9.523809432983398,0,0,17.4332275390625,25769803776,2147483648,18284249088,765329408
209,1790456967853,4,4,4,4,4,4,4,4,4,4,79.13604736328125,77.4167709350586,76.9250259399414,78.16724395751953,70.2546615600586,79.65475463867188,81.5,65,28.571430206298828,9.523809432983398,0,0,0,0,5,4.545454502105713,0,17.48192024230957,25769803776,2147483648,18289639424,765329408
209,1790456968063,4,4,4,4,4,4,4,4,4,4,79.13604736328125,77.4167709350586,76.9250259399414,78.16724395751953,70.2546615600586,79.65475463867188,81.5,47.619049072265625,66.66667175292969,23.809524536132813,14.285715103149414,14.285715103149414,13.636363983154297,0,4.761904716491699,0,0,17.48192024230957,25769803776,2147483648,18282332160,765329408
209,1790456968273,4,4,4,4,4,4,4,4,4,4,79.13604736328125,77.4167709350586,76.9250259399414,78.16724395751953,70.2546615600586,79.65475463867188,81.5,23.809524536132813,25,25,42.85714340209961,40,19.047618865966797,0,9.090909004211426,0,0,17.48192024230957,25769803776,2147483648,18283282432,765329408
209,1790456968483,4,4,4,4,4,4,4,4,4,4,79.18140411376953,77.4088134765625,77.05368041992188,78.2032241821289,70.42110443115234,79.68101501464844,83.96875,20,42.85714340209961,0,28.571430206298828,9.523809432983398,0,4.545454502105713,0,0,0,17.48192024230957,25769803776,2147483648,18289967104,765329408
209,1790456968693,4,4,4,4,4,4,4,4,4,4,79.18140411376953,77.4088134765625,77.05368041992188,78.2032241821289,70.42110443115234,79.68101501464844,83.96875,61.904762268066406,36.3636360168457,14.285715103149414,27.272727966308594,9.090909004211426,5,0,5,0,0,17.48192024230957,25769803776,2147483648,18290524160,765329408
205,1790456968903,4,4,4,4,4,4,4,4,4,4,79.18140411376953,77.4088134765625,77.05368041992188,78.2032241821289,70.42110443115234,79.68101501464844,83.96875,54.54545593261719,40,19.047618865966797,0,4.545454502105713,0,4.545454502105713,9.090909004211426,0,0,17.455228805541992,25769803776,2147483648,18290753536,765329408
209,1790456969108,4,4,4,4,4,4,4,4,4,4,79.18140411376953,77.4088134765625,77.05368041992188,78.2032241821289,70.42110443115234,79.68101501464844,83.96875,60.000003814697266,38.095237731933594,19.047618865966797,14.285715103149414,10.526315689086914,33.333335876464844,0,0,0,4.545454502105713,17.455228805541992,25769803776,2147483648,18289410048,765329408
201,1790456969318,4,4,4,4,4,4,4,4,4,4,79.18140411376953,77.4088134765625,77.05368041992188,78.2032241821289,70.42110443115234,79.68101501464844,83.96875,57.142860412597656,20,14.285715103149414,10,38.095237731933594,18.18181800842285,0,4.761904716491699,4.545454502105713,0,17.455228805541992,25769803776,2147483648,18289410048,765329408
209,1790456969520,4,4,4,4,4,4,4,4,4,4,79.18521881103516,77.3924560546875,76.90452575683594,78.24365997314453,70.19490814208984,79.66877746582031,84.203125,55,52.6315803527832,20,14.285715103149414,4.761904716491699,0,0,9.523809432983398,0,0,17.455228805541992,25769803776,2147483648,18289410048,765329408
209,1790456969730,4,4,4,4,4,4,4,4,4,4,79.18521881103516,77.3924560546875,76.90452575683594,78.24365997314453,70.19490814208984,79.66877746582031,84.203125,52.38095474243164,63.6363639831543,38.095237731933594,9.523809432983398,5,4.761904716491699,0,5,4.761904716491699,0,17.455228805541992,25769803776,2147483648,18289410048,765329408
204,1790456969940,4,4,4,4,4,4,4,4,4,4,79.18521881103516,77.3924560546875,76.90452575683594,78.24365997314453,70.19490814208984,79.66877746582031,84.203125,66.66667175292969,33.333335876464844,20,4.761904716491699,9.090909004211426,4.761904716491699,0,9.090909004211426,0,0,17.373310089111328,25769803776,2147483648,18286559232,765329408
209,1790456970145,4,4,4,4,4,4,4,4,4,4,79.18521881103516,77.3924560546875,76.90452575683594,78.24365997314453,70.19490814208984,79.66877746582031,84.203125,45,42.85714340209961,28.571430206298828,19.047618865966797,30.000001907348633,35,9.523809432983398,19.047618865966797,0,0,17.373310089111328,25769803776,2147483648,18304991232,765329408
209,1790456970355,4,4,4,4,4,4,4,4,4,4,79.36394500732422,77.71156311035156,77.341796875,78.35118103027344,70.72183990478516,79.81805419921875,91.609375,38.095237731933594,45,19.047618865966797,33.333335876464844,9.523809432983398,19.047618865966797,0,5,0,0,17.373310089111328,25769803776,2147483648,18298535936,765329408
209,1790456970565,4,4,4,4,4,4,4,4,4,4,79.36394500732422,77.71156311035156,77.341796875,78.35118103027344,70.72183990478516,79.81805419921875,91.609375,66.66667175292969,36.3636360168457,15.000000953674316,21.052631378173828,9.523809432983398,4.761904716491699,0,9.090909004211426,4.545454502105713,0,17.373310089111328,25769803776,2147483648,18306727936,765329408
209,1790456970775,4,4,4,4,4,4,4,4,4,4,79.36394500732422,77.71156311035156,77.341796875,78.35118103027344,70.72183990478516,79.81805419921875,91.609375,59.09090805053711,40,27.272727966308594,9.090909004211426,0,4.761904716491699,0,0,0,0,17.373310089111328,25769803776,2147483648,18306727936,765329408
203,1790456970985,4,4,4,4,4,4,4,4,4,4,79.36394500732422,77.71156311035156,77.341796875,78.35118103027344,70.72183990478516,79.81805419921875,91.609375,65,45.45454788208008,23.809524536132813,10,15.000000953674316,9.090909004211426,4.761904716491699,4.761904716491699,0,0,17.461130142211914,25769803776,2147483648,18307153920,765329408
209,1790456971189,4,4,4,4,4,4,4,4,4,4,79.36394500732422,77.71156311035156,77.341796875,78.35118103027344,70.72183990478516,79.81805419921875,91.609375,35,31.57894515991211,35,14.285715103149414,14.285715103149414,30.000001907348633,0,9.523809432983398,0,0,17.461130142211914,25769803776,2147483648,18306891776,765329408
203,1790456971399,4,4,4,4,4,4,4,4,4,4,78.69763946533203,77.31582641601563,76.94464111328125,77.71267700195313,70.23082733154297,79.06288146972656,84.4375,42.85714340209961,47.619049072265625,14.285715103149414,33.333335876464844,19.047618865966797,23.809524536132813,4.545454502105713,4.761904716491699,0,0,17.461130142211914,25769803776,2147483648,18306351104,765329408
209,1790456971602,4,4,4,4,4,4,4,4,4,4,78.69763946533203,77.31582641601563,76.94464111328125,77.71267700195313,70.23082733154297,79.06288146972656,84.4375,40,66.66667175292969,5,10,9.523809432983398,5,0,5,0,4.761904716491699,17.461130142211914,25769803776,2147483648,18306351104,765329408
203,1790456971812,4,4,4,4,4,4,4,4,4,4,78.69763946533203,77.31582641601563,76.94464111328125,77.71267700195313,70.23082733154297,79.06288146972656,84.4375,71.42857360839844,28.571430206298828,13.636363983154297,4.761904716491699,0,0,0,9.523809432983398,0,4.545454502105713,17.461130142211914,25769803776,2147483648,18306351104,765329408
209,1790456972015,4,4,4,4,4,4,4,4,4,4,78.69763946533203,77.31582641601563,76.94464111328125,77.71267700195313,70.23082733154297,79.06288146972656,84.4375,85,45,26.3157901763916,28.571430206298828,10.526315689086914,45,0,0,0,0,15.787055015563965,25769803776,2147483648,18314199040,765329408
209,1790456972225,4,4,4,4,4,4,4,4,4,4,78.69763946533203,77.31582641601563,76.94464111328125,77.71267700195313,70.23082733154297,79.06288146972656,84.4375,54.54545593261719,10,28.571430206298828,19.047618865966797,36.3636360168457,9.523809432983398,0,9.090909004211426,0,0,15.787055015563965,25769803776,2147483648,18314199040,765329408
209,1790456972435,4,4,4,4,4,4,4,4,4,4,79.48583984375,77.51101684570313,77.18608856201172,78.40947723388672,70.5516586303711,79.86202239990234,85.140625,38.095237731933594,38.095237731933594,36.3636360168457,14.285715103149414,14.285715103149414,9.523809432983398,0,4.761904716491699,0,0,15.787055015563965,25769803776,2147483648,18314199040,765329408
207,1790456972645,4,4,4,4,4,4,4,4,4,4,79.48583984375,77.51101684570313,77.18608856201172,78.40947723388672,70.5516586303711,79.86202239990234,85.140625,80,28.571430206298828,14.285715103149414,5,9.523809432983398,9.090909004211426,0,9.090909004211426,4.761904716491699,0,15.787055015563965,25769803776,2147483648,18314199040,765329408
209,1790456972853,4,4,4,4,4,4,4,4,4,4,79.48583984375,77.51101684570313,77.18608856201172,78.40947723388672,70.5516586303711,79.86202239990234,85.140625,47.619049072265625,47.619049072265625,9.523809432983398,0,0,0,0,0,0,0,17.849267959594727,25769803776,2147483648,18314199040,765329408
209,1790456973063,4,4,4,4,4,4,4,4,4,4,79.48583984375,77.51101684570313,77.18608856201172,78.40947723388672,70.5516586303711,79.86202239990234,85.140625,47.619049072265625,57.142860412597656,19.047618865966797,18.18181800842285,4.761904716491699,4.761904716491699,0,4.761904716491699,0,0,17.849267959594727,25769803776,2147483648,18271191040,765329408
209,1790456973273,4,4,4,4,4,4,4,4,4,4,79.48583984375,77.51101684570313,77.18608856201172,78.40947723388672,70.5516586303711,79.86202239990234,85.140625,15.000000953674316,61.904762268066406,35,20,19.047618865966797,28.571430206298828,9.090909004211426,0,0,0,17.849267959594727,25769803776,2147483648,18273370112,765329408
209,1790456973483,4,4,4,4,4,4,4,4,4,4,79.90840148925781,77.99952697753906,77.29652404785156,78.60929870605469,70.54930114746094,80.18927764892578,81.96875,36.3636360168457,75,4.761904716491699,4.545454502105713,0,0,5,0,0,0,17.849267959594727,25769803776,2147483648,18279235584,765329408
205,1790456973693,4,4,4,4,4,4,4,4,4,4,79.90840148925781,77.99952697753906,77.29652404785156,78.60929870605469,70.54930114746094,80.18927764892578,81.96875,66.66667175292969,38.095237731933594,14.285715103149414,9.523809432983398,9.523809432983398,9.523809432983398,0,9.090909004211426,4.761904716491699,0,17.849267959594727,25769803776,2147483648,18279301120,765329408
209,1790456973899,4,4,4,4,4,4,4,4,4,4,79.90840148925781,77.99952697753906,77.29652404785156,78.60929870605469,70.54930114746094,80.18927764892578,81.96875,60.000003814697266,36.3636360168457,9.523809432983398,0,0,0,0,4.761904716491699,0,0,18.541818618774414,25769803776,2147483648,18279530496,765329408
209,1790456974109,4,4,4,4,4,4,4,4,4,4,79.90840148925781,77.99952697753906,77.29652404785156,78.60929870605469,70.54930114746094,80.18927764892578,81.96875,66.66667175292969,45,25,10,14.285715103149414,14.285715103149414,4.545454502105713,5,0,0,18.541818618774414,25769803776,2147483648,18278105088,765329408
209,1790456974319,4,4,4,4,4,4,4,4,4,4,79.90840148925781,77.99952697753906,77.29652404785156,78.60929870605469,70.54930114746094,80.18927764892578,81.96875,42.85714340209961,23.809524536132813,38.095237731933594,31.81818199157715,9.523809432983398,10,0,9.090909004211426,4.545454502105713,0,18.541818618774414,25769803776,2147483648,18272944128,765329408
209,1790456974529,4,4,4,4,4,4,4,4,4,4,79.49729919433594,77.70618438720703,77.2583999633789,78.3988265991211,70.59217834472656,79.90221405029297,86.4375,33.333335876464844,59.09090805053711,4.545454502105713,0,14.285715103149414,0,0,0,0,0,18.541818618774414,25769803776,2147483648,18279759872,765329408
203,1790456974739,4,4,4,4,4,4,4,4,4,4,79.49729919433594,77.70618438720703,77.2583999633789,78.3988265991211,70.59217834472656,79.90221405029297,86.4375,61.904762268066406,35,15.000000953674316,13.636363983154297,5,9.523809432983398,0,9.523809432983398,0,0,18.541818618774414,25769803776,2147483648,18280251392,765329408
209,1790456974943,4,4,4,4,4,4,4,4,4,4,79.49729919433594,77.70618438720703,77.2583999633789,78.3988265991211,70.59217834472656,79.90221405029297,86.4375,65,50,23.809524536132813,5,13.636363983154297,9.523809432983398,0,5,0,0,17.52182388305664,25769803776,2147483648,18282266624,765329408
209,1790456975153,4,4,4,4,4,4,4,4,4,4,79.49729919433594,77.70618438720703,77.2583999633789,78.3988265991211,70.59217834472656,79.90221405029297,86.4375,50,33.333335876464844,10,18.18181800842285,9.523809432983398,35,0,4.761904716491699,0,0,17.52182388305664,25769803776,2147483648,18279268352,765329408
201,1790456975363,4,4,4,4,4,4,4,4,4,4,79.26518249511719,77.57942962646484,77.29520416259766,78.2240219116211,70.7413101196289,79.7567138671875,84.671875,15.789472579956055,50,40.90909194946289,9.523809432983398,25,9.523809432983398,4.545454502105713,9.090909004211426,0,0,17.52182388305664,25769803776,2147483648,18272878592,765329408
201,1790456975565,4,4,4,4,4,4,4,4,4,4,79.26518249511719,77.57942962646484,77.29520416259766,78.2240219116211,70.7413101196289,79.7567138671875,84.671875,50,57.894737243652344,10,5.263157844543457,9.523809432983398,9.523809432983398,0,5,0,0,17.52182388305664,25769803776,2147483648,18281250816,765329408
202,1790456975766,4,4,4,4,4,4,4,4,4,4,79.26518249511719,77.57942962646484,77.29520416259766,78.2240219116211,70.7413101196289,79.7567138671875,84.671875,63.15789031982422,35,5.263157844543457,0,0,0,0,9.523809432983398,4.761904716491699,0,17.52182388305664,25769803776,2147483648,18281250816,765329408
202,1790456975969,4,4,4,4,4,4,4,4,4,4,79.26518249511719,77.57942962646484,77.29520416259766,78.2240219116211,70.7413101196289,79.7567138671875,84.671875,75,23.809524536132813,20,14.285715103149414,5,9.523809432983398,5,0,0,0,16.88958740234375,25769803776,2147483648,18281250816,765329408
209,1790456976172,4,4,4,4,4,4,4,4,4,4,79.26518249511719,77.57942962646484,77.29520416259766,78.2240219116211,70.7413101196289,79.7567138671875,84.671875,80,30.000001907348633,14.285715103149414,10,10,10,0,5,4.761904716491699,0,16.88958740234375,25769803776,2147483648,18279546880,765329408
209,1790456976382,4,4,4,4,4,4,4,4,4,4,79.19158172607422,77.63638305664063,77.0357437133789,78.19637298583984,70.31779479980469,79.68995666503906,85.140625,61.904762268066406,23.809524536132813,14.285715103149414,19.047618865966797,23.809524536132813,9.523809432983398,4.545454502105713,4.761904716491699,0,0,16.88958740234375,25769803776,2147483648,18273075200,765329408
209,1790456976592,4,4,4,4,4,4,4,4,4,4,79.19158172607422,77.63638305664063,77.0357437133789,78.19637298583984,70.31779479980469,79.68995666503906,85.140625,71.42857360839844,33.333335876464844,9.523809432983398,4.761904716491699,4.761904716491699,4.761904716491699,0,5,0,0,16.88958740234375,25769803776,2147483648,18281381888,765329408
204,1790456976802,4,4,4,4,4,4,4,4,4,4,79.19158172607422,77.63638305664063,77.0357437133789,78.19637298583984,70.31779479980469,79.68995666503906,85.140625,57.142860412597656,40,9.523809432983398,0,0,0,0,4.761904716491699,0,0,16.88958740234375,25769803776,2147483648,18281381888,765329408
209,1790456977007,4,4,4,4,4,4,4,4,4,4,79.19158172607422,77.63638305664063,77.0357437133789,78.19637298583984,70.31779479980469,79.68995666503906,85.140625,55,42.85714340209961,14.285715103149414,18.18181800842285,20,5,0,9.523809432983398,0,0,16.948631286621094,25769803776,2147483648,18281381888,765329408
203,1790456977217,4,4,4,4,4,4,4,4,4,4,79.19158172607422,77.63638305664063,77.0357437133789,78.19637298583984,70.31779479980469,79.68995666503906,85.140625,66.66667175292969,42.85714340209961,5,10,9.090909004211426,9.523809432983398,0,4.761904716491699,0,0,16.948631286621094,25769803776,2147483648,18282446848,765329408
202,1790456977420,4,4,4,4,4,4,4,4,4,4,79.30831146240234,77.58887481689453,77.3009262084961,78.29640197753906,70.71239471435547,79.77751922607422,84.671875,36.3636360168457,55,15.000000953674316,28.571430206298828,15.000000953674316,14.285715103149414,0,0,0,0,16.948631286621094,25769803776,2147483648,18280742912,765329408
202,1790456977623,4,4,4,4,4,4,4,4,4,4,79.30831146240234,77.58887481689453,77.3009262084961,78.29640197753906,70.71239471435547,79.77751922607422,84.671875,42.105262756347656,60.000003814697266,13.636363983154297,5.263157844543457,5.263157844543457,5,0,9.523809432983398,0,0,16.948631286621094,25769803776,2147483648,18280742912,765329408
209,1790456977826,4,4,4,4,4,4,4,4,4,4,79.30831146240234,77.58887481689453,77.3009262084961,78.29640197753906,70.71239471435547,79.77751922607422,84.671875,75,20,5.263157844543457,4.761904716491699,0,0,4.761904716491699,0,0,0,16.948631286621094,25769803776,2147483648,18280742912,765329408
209,1790456978036,4,4,4,4,4,4,4,4,4,4,79.30831146240234,77.58887481689453,77.3009262084961,78.29640197753906,70.71239471435547,79.77751922607422,84.671875,61.904762268066406,47.619049072265625,19.047618865966797,9.523809432983398,13.636363983154297,9.523809432983398,0,9.090909004211426,0,0,17.28776741027832,25769803776,2147483648,18280742912,765329408
209,1790456978246,4,4,4,4,4,4,4,4,4,4,79.30831146240234,77.58887481689453,77.3009262084961,78.29640197753906,70.71239471435547,79.77751922607422,84.671875,19.047618865966797,40.90909194946289,13.636363983154297,15.000000953674316,5,57.142860412597656,0,5,4.545454502105713,0,17.28776741027832,25769803776,2147483648,18281578496,765329408
209,1790456978456,4,4,4,4,4,4,4,4,4,4,79.27617645263672,77.63011169433594,77.28040313720703,78.27397155761719,70.73031616210938,79.75237274169922,84.671875,38.095237731933594,47.619049072265625,20,22.72727394104004,13.636363983154297,4.761904716491699,0,9.090909004211426,0,0,17.28776741027832,25769803776,2147483648,18274500608,765329408
209,1790456978666,4,4,4,4,4,4,4,4,4,4,79.27617645263672,77.63011169433594,77.28040313720703,78.27397155761719,70.73031616210938,79.75237274169922,84.671875,47.619049072265625,61.904762268066406,14.285715103149414,9.523809432983398,5,9.523809432983398,0,4.761904716491699,0,0,17.28776741027832,25769803776,2147483648,18282299392,765329408
209,1790456978876,4,4,4,4,4,4,4,4,4,4,79.27617645263672,77.63011169433594,77.28040313720703,78.27397155761719,70.73031616210938,79.75237274169922,84.671875,70,30.000001907348633,4.761904716491699,0,0,0,0,9.090909004211426,0,0,17.261045455932617,25769803776,2147483648,18282119168,765329408
209,1790456979086,4,4,4,4,4,4,4,4,4,4,79.27617645263672,77.63011169433594,77.28040313720703,78.27397155761719,70.73031616210938,79.75237274169922,84.671875,47.619049072265625,60.000003814697266,19.047618865966797,9.523809432983398,9.523809432983398,9.523809432983398,0,5,0,0,17.261045455932617,25769803776,2147483648,18282676224,765329408
209,1790456979296,4,4,4,4,4,4,4,4,4,4,79.27617645263672,77.63011169433594,77.28040313720703,78.27397155761719,70.73031616210938,79.75237274169922,84.671875,52.38095474243164,22.72727394104004,14.285715103149414,31.81818199157715,19.047618865966797,19.047618865966797,0,0,4.545454502105713,0,17.261045455932617,25769803776,2147483648,18277793792,765329408
209,1790456979506,4,4,4,4,4,4,4,4,4,4,79.25462341308594,77.62065124511719,77.20252227783203,78.24015808105469,70.55072784423828,79.75767517089844,81.734375,40.90909194946289,52.38095474243164,13.636363983154297,20,5,9.090909004211426,0,9.090909004211426,0,0,17.261045455932617,25769803776,2147483648,18274353152,765329408
206,1790456979716,4,4,4,4,4,4,4,4,4,4,79.25462341308594,77.62065124511719,77.20252227783203,78.24015808105469,70.55072784423828,79.75767517089844,81.734375,45,57.142860412597656,15.000000953674316,5,13.043478012084961,5,4.545454502105713,4.761904716491699,0,4.545454502105713,17.261045455932617,25769803776,2147483648,18274353152,765329408
201,1790456979923,4,4,4,4,4,4,4,4,4,4,79.25462341308594,77.62065124511719,77.20252227783203,78.24015808105469,70.55072784423828,79.75767517089844,81.734375,61.904762268066406,35,5,9.090909004211426,0,0,4.761904716491699,5,4.761904716491699,0,17.1366024017334,25769803776,2147483648,18274353152,765329408
209,1790456980125,4,4,4,4,4,4,4,4,4,4,79.25462341308594,77.62065124511719,77.20252227783203,78.24015808105469,70.55072784423828,79.75767517089844,81.734375,75,35,20,5.263157844543457,5,5,0,9.523809432983398,0,0,17.1366024017334,25769803776,2147483648,18274353152,765329408
209,1790456980335,4,4,4,4,4,4,4,4,4,4,79.25462341308594,77.62065124511719,77.20252227783203,78.24015808105469,70.55072784423828,79.75767517089844,81.734375,28.571430206298828,19.047618865966797,40.90909194946289,45.45454788208008,19.047618865966797,38.095237731933594,0,0,0,0,17.1366024017334,25769803776,2147483648,18279464960,765329408
209,1790456980545,4,4,4,4,4,4,4,4,4,4,79.23185729980469,77.608642578125,77.25790405273438,78.26557922363281,70.66841888427734,79.71122741699219,86.203125,33.333335876464844,59.09090805053711,23.809524536132813,4.761904716491699,0,0,0,4.761904716491699,0,0,17.1366024017334,25769803776,2147483648,18275434496,765329408
204,1790456980755,4,4,4,4,4,4,4,4,4,4,79.23185729980469,77.608642578125,77.25790405273438,78.26557922363281,70.66841888427734,79.71122741699219,86.203125,66.66667175292969,20,25,9.523809432983398,13.636363983154297,10,0,9.523809432983398,0,0,17.1366024017334,25769803776,2147483648,18283593728,765329408
209,1790456980960,4,4,4,4,4,4,4,4,4,4,79.23185729980469,77.608642578125,77.25790405273438,78.26557922363281,70.66841888427734,79.71122741699219,86.203125,55,42.85714340209961,14.285715103149414,0,0,0,0,4.761904716491699,0,0,17.11112403869629,25769803776,2147483648,18283593728,765329408
209,1790456981170,4,4,4,4,4,4,4,4,4,4,79.23185729980469,77.608642578125,77.25790405273438,78.26557922363281,70.66841888427734,79.71122741699219,86.203125,40.90909194946289,61.904762268066406,28.571430206298828,25,14.285715103149414,14.285715103149414,0,9.523809432983398,0,0,17.11112403869629,25769803776,2147483648,18283593728,765329408
209,1790456981380,4,4,4,4,4,4,4,4,4,4,79.19732666015625,77.58928680419922,77.18042755126953,78.20543670654297,70.53475189208984,79.70188903808594,81.734375,30.000001907348633,14.285715103149414,57.142860412597656,22.72727394104004,20,10,0,0,0,0,17.11112403869629,25769803776,2147483648,18269405184,765329408
209,1790456981590,4,4,4,4,4,4,4,4,4,4,79.19732666015625,77.58928680419922,77.18042755126953,78.20543670654297,70.53475189208984,79.70188903808594,81.734375,80,28.571430206298828,9.523809432983398,4.761904716491699,0,9.090909004211426,0,4.761904716491699,0,0,17.11112403869629,25769803776,2147483648,18269061120,765329408
209,1790456981800,4,4,4,4,4,4,4,4,4,4,79.19732666015625,77.58928680419922,77.18042755126953,78.20543670654297,70.53475189208984,79.70188903808594,81.734375,77.2727279663086,23.809524536132813,5,4.761904716491699,8.69565200805664,4.545454502105713,0,4.761904716491699,4.545454502105713,0,17.11112403869629,25769803776,2147483648,18269061120,765329408
209,1790456982010,4,4,4,4,4,4,4,4,4,4,79.19732666015625,77.58928680419922,77.18042755126953,78.20543670654297,70.53475189208984,79.70188903808594,81.734375,66.66667175292969,35,19.047618865966797,5,4.761904716491699,5,4.545454502105713,4.761904716491699,0,0,17.10441780090332,25769803776,2147483648,18269061120,765329408
209,1790456982220,4,4,4,4,4,4,4,4,4,4,79.19732666015625,77.58928680419922,77.18042755126953,78.20543670654297,70.53475189208984,79.70188903808594,81.734375,28.571430206298828,80.95238494873047,18.18181800842285,13.636363983154297,15.000000953674316,9.523809432983398,0,4.761904716491699,0,0,17.10441780090332,25769803776,2147483648,18269061120,765329408
209,1790456982430,4,4,4,4,4,4,4,4,4,4,79.28685760498047,77.57186126708984,77.21421813964844,78.26927947998047,70.62217712402344,79.7852783203125,84.671875,42.85714340209961,38.095237731933594,14.285715103149414,15.000000953674316,31.81818199157715,9.523809432983398,4.761904716491699,9.090909004211426,0,0,17.10441780090332,25769803776,2147483648,18268569600,765329408
209,1790456982640,4,4,4,4,4,4,4,4,4,4,79.28685760498047,77.57186126708984,77.21421813964844,78.26927947998047,70.62217712402344,79.7852783203125,84.671875,45,60.000003814697266,5,13.636363983154297,5,9.523809432983398,4.761904716491699,0,4.545454502105713,0,17.10441780090332,25769803776,2147483648,18276843520,765329408
209,1790456982850,4,4,4,4,4,4,4,4,4,4,79.28685760498047,77.57186126708984,77.21421813964844,78.26927947998047,70.62217712402344,79.7852783203125,84.671875,66.66667175292969,36.3636360168457,9.523809432983398,0,0,0,0,0,0,0,17.105806350708008,25769803776,2147483648,18277023744,765329408
209,1790456983060,4,4,4,4,4,4,4,4,4,4,79.28685760498047,77.57186126708984,77.21421813964844,78.26927947998047,70.62217712402344,79.7852783203125,84.671875,68.18181610107422,35,19.047618865966797,18.18181800842285,9.523809432983398,9.090909004211426,9.090909004211426,0,0,0,17.105806350708008,25769803776,2147483648,18277040128,765329408
202,1790456983270,4,4,4,4,4,4,4,4,4,4,79.28685760498047,77.57186126708984,77.21421813964844,78.26927947998047,70.62217712402344,79.7852783203125,84.671875,35,17.39130401611328,42.85714340209961,10,9.523809432983398,38.095237731933594,4.761904716491699,0,4.545454502105713,0,17.105806350708008,25769803776,2147483648,18276007936,765329408
209,1790456983472,4,4,4,4,4,4,4,4,4,4,79.21954345703125,77.95870971679688,76.74242401123047,78.18087768554688,69.79145050048828,79.72572326660156,81.734375,38.095237731933594,36.842105865478516,20,28.571430206298828,19.047618865966797,10,9.523809432983398,0,0,0,17.105806350708008,25769803776,2147483648,18269011968,765329408
209,1790456983682,4,4,4,4,4,4,4,4,4,4,79.21954345703125,77.95870971679688,76.74242401123047,78.18087768554688,69.79145050048828,79.72572326660156,81.734375,55,54.54545593261719,14.285715103149414,9.523809432983398,5,5,5,0,0,0,17.105806350708008,25769803776,2147483648,18277498880,765329408
209,1790456983892,4,4,4,4,4,4,4,4,4,4,79.21954345703125,77.95870971679688,76.74242401123047,78.18087768554688,69.79145050048828,79.72572326660156,81.734375,61.904762268066406,26.3157901763916,13.636363983154297,0,0,0,4.761904716491699,0,0,0,16.968252182006836,25769803776,2147483648,18277564416,765329408
209,1790456984102,4,4,4,4,4,4,4,4,4,4,79.21954345703125,77.95870971679688,76.74242401123047,78.18087768554688,69.79145050048828,79.72572326660156,81.734375,57.142860412597656,57.142860412597656,10,5,5,4.761904716491699,4.761904716491699,4.545454502105713,0,0,16.968252182006836,25769803776,2147483648,18277498880,765329408
209,1790456984312,4,4,4,4,4,4,4,4,4,4,79.21954345703125,77.95870971679688,76.74242401123047,78.18087768554688,69.79145050048828,79.72572326660156,81.734375,15.000000953674316,45.45454788208008,40,9.523809432983398,31.81818199157715,13.636363983154297,5,0,0,0,16.968252182006836,25769803776,2147483648,18276302848,765329408
209,1790456984522,4,4,4,4,4,4,4,4,4,4,79.12006378173828,78.06285858154297,76.7706527709961,78.15948486328125,69.78812408447266,79.65559387207031,84.90625,54.54545593261719,35,14.285715103149414,9.523809432983398,28.571430206298828,5,9.090909004211426,4.545454502105713,4.545454502105713,0,16.968252182006836,25769803776,2147483648,18270027776,765329408
209,1790456984732,4,4,4,4,4,4,4,4,4,4,79.12006378173828,78.06285858154297,76.7706527709961,78.15948486328125,69.78812408447266,79.65559387207031,84.90625,57.142860412597656,52.38095474243164,13.636363983154297,9.090909004211426,4.761904716491699,9.523809432983398,4.761904716491699,0,0,0,16.968252182006836,25769803776,2147483648,18278219776,765329408
209,1790456984942,4,4,4,4,4,4,4,4,4,4,79.12006378173828,78.06285858154297,76.7706527709961,78.15948486328125,69.78812408447266,79.65559387207031,84.90625,55,40.90909194946289,9.523809432983398,4.761904716491699,0,0,9.090909004211426,0,0,0,17.05682373046875,25769803776,2147483648,18278219776,765329408
209,1790456985152,4,4,4,4,4,4,4,4,4,4,79.12006378173828,78.06285858154297,76.7706527709961,78.15948486328125,69.78812408447266,79.65559387207031,84.90625,66.66667175292969,31.57894515991211,19.047618865966797,5,13.636363983154297,18.18181800842285,5,0,0,0,17.05682373046875,25769803776,2147483648,18278219776,765329408
209,1790456985362,4,4,4,4,4,4,4,4,4,4,79.07635498046875,77.9703140258789,76.7803955078125,78.12843322753906,69.86880493164063,79.61300659179688,81.734375,50,18.18181800842285,23.809524536132813,31.81818199157715,10,25,0,4.761904716491699,0,0,17.05682373046875,25769803776,2147483648,18278219776,765329408
209,1790456985572,4,4,4,4,4,4,4,4,4,4,79.07635498046875,77.9703140258789,76.7803955078125,78.12843322753906,69.86880493164063,79.61300659179688,81.734375,70,45,14.285715103149414,9.523809432983398,5,9.523809432983398,9.090909004211426,0,0,0,17.05682373046875,25769803776,2147483648,18271371264,765329408
200,1790456985782,4,4,4,4,4,4,4,4,4,4,79.07635498046875,77.9703140258789,76.7803955078125,78.12843322753906,69.86880493164063,79.61300659179688,81.734375,61.904762268066406,45.45454788208008,9.523809432983398,5,9.090909004211426,4.761904716491699,0,0,0,0,17.05682373046875,25769803776,2147483648,18279776256,765329408
209,1790456985983,4,4,4,4,4,4,4,4,4,4,79.07635498046875,77.9703140258789,76.7803955078125,78.12843322753906,69.86880493164063,79.61300659179688,81.734375,60.000003814697266,35,10,0,0,0,0,0,0,0,16.882795333862305,25769803776,2147483648,18279776256,765329408
206,1790456986193,4,4,4,4,4,4,4,4,4,4,79.07635498046875,77.9703140258789,76.7803955078125,78.12843322753906,69.86880493164063,79.61300659179688,81.734375,42.85714340209961,65,19.047618865966797,13.636363983154297,9.523809432983398,13.636363983154297,9.090909004211426,4.545454502105713,0,0,16.882795333862305,25769803776,2147483648,18279776256,765329408
209,1790456986400,4,4,4,4,4,4,4,4,4,4,79.07611846923828,77.971435546875,76.7780990600586,78.12334442138672,69.81222534179688,79.60318756103516,81.734375,42.85714340209961,31.81818199157715,45,20,23.809524536132813,15.000000953674316,5,4.761904716491699,0,0,16.882795333862305,25769803776,2147483648,18279776256,765329408
209,1790456986610,4,4,4,4,4,4,4,4,4,4,79.07611846923828,77.971435546875,76.7780990600586,78.12334442138672,69.81222534179688,79.60318756103516,81.734375,52.38095474243164,30.000001907348633,20,4.761904716491699,0,4.761904716491699,9.090909004211426,0,4.545454502105713,0,16.882795333862305,25769803776,2147483648,18279251968,765329408
209,1790456986820,4,4,4,4,4,4,4,4,4,4,79.07611846923828,77.971435546875,76.7780990600586,78.12334442138672,69.81222534179688,79.60318756103516,81.734375,66.66667175292969,40.90909194946289,13.636363983154297,14.285715103149414,13.636363983154297,9.523809432983398,4.761904716491699,0,4.545454502105713,0,16.882795333862305,25769803776,2147483648,18279743488,765329408
209,1790456987030,4,4,4,4,4,4,4,4,4,4,79.07611846923828,77.971435546875,76.7780990600586,78.12334442138672,69.81222534179688,79.60318756103516,81.734375,60.000003814697266,38.095237731933594,23.809524536132813,0,0,0,9.090909004211426,0,0,0,16.971643447875977,25769803776,2147483648,18279841792,765329408
209,1790456987240,4,4,4,4,4,4,4,4,4,4,79.07611846923828,77.971435546875,76.7780990600586,78.12334442138672,69.81222534179688,79.60318756103516,81.734375,52.38095474243164,42.85714340209961,19.047618865966797,14.285715103149414,23.809524536132813,28.571430206298828,0,0,0,0,16.971643447875977,25769803776,2147483648,18278039552,765329408
204,1790456987450,4,4,4,4,4,4,4,4,4,4,79.0823974609375,78.02410888671875,76.7138671875,78.11113739013672,69.72477722167969,79.62212371826172,81.265625,22.72727394104004,20,47.619049072265625,28.571430206298828,15.000000953674316,5,4.761904716491699,0,0,0,16.971643447875977,25769803776,2147483648,18272632832,765329408
209,1790456987655,4,4,4,4,4,4,4,4,4,4,79.0823974609375,78.02410888671875,76.7138671875,78.11113739013672,69.72477722167969,79.62212371826172,81.265625,70,38.095237731933594,14.285715103149414,9.523809432983398,9.090909004211426,9.090909004211426,9.523809432983398,0,0,0,16.971643447875977,25769803776,2147483648,18282201088,765329408
209,1790456987865,4,4,4,4,4,4,4,4,4,4,79.0823974609375,78.02410888671875,76.7138671875,78.11113739013672,69.72477722167969,79.62212371826172,81.265625,65,35,9.523809432983398,0,4.761904716491699,0,4.761904716491699,0,0,4.545454502105713,16.85785484313965,25769803776,2147483648,18279989248,765329408
205,1790456988075,4,4,4,4,4,4,4,4,4,4,79.0823974609375,78.02410888671875,76.7138671875,78.11113739013672,69.72477722167969,79.62212371826172,81.265625,69.56521606445313,33.333335876464844,19.047618865966797,13.636363983154297,5,9.090909004211426,9.090909004211426,0,0,0,16.85785484313965,25769803776,2147483648,18280218624,765329408
202,1790456988281,4,4,4,4,4,4,4,4,4,4,79.0823974609375,78.02410888671875,76.7138671875,78.11113739013672,69.72477722167969,79.62212371826172,81.265625,21.052631378173828,61.904762268066406,10,14.285715103149414,14.285715103149414,26.3157901763916,0,9.523809432983398,4.761904716491699,0,16.85785484313965,25769803776,2147483648,18279317504,765329408
209,1790456988483,4,4,4,4,4,4,4,4,4,4,79.06202697753906,77.82080078125,76.7465591430664,78.12105560302734,69.8599624633789,79.61204528808594,84.671875,35,35,20,10.526315689086914,35,10,5,0,0,0,16.85785484313965,25769803776,2147483648,18272829440,765329408
209,1790456988693,4,4,4,4,4,4,4,4,4,4,79.06202697753906,77.82080078125,76.7465591430664,78.12105560302734,69.8599624633789,79.61204528808594,84.671875,76.19047546386719,20,19.047618865966797,14.285715103149414,4.761904716491699,18.18181800842285,4.761904716491699,0,0,0,16.85785484313965,25769803776,2147483648,18281381888,765329408
209,1790456988903,4,4,4,4,4,4,4,4,4,4,79.06202697753906,77.82080078125,76.7465591430664,78.12105560302734,69.8599624633789,79.61204528808594,84.671875,76.19047546386719,19.047618865966797,9.523809432983398,0,0,0,4.761904716491699,0,0,0,16.907821655273438,25769803776,2147483648,18281152512,765329408
203,1790456989113,4,4,4,4,4,4,4,4,4,4,79.06202697753906,77.82080078125,76.7465591430664,78.12105560302734,69.8599624633789,79.61204528808594,84.671875,55,52.38095474243164,19.047618865966797,4.761904716491699,14.285715103149414,9.523809432983398,4.761904716491699,5,0,0,16.907821655273438,25769803776,2147483648,18281562112,765329408
209,1790456989317,4,4,4,4,4,4,4,4,4,4,79.06202697753906,77.82080078125,76.7465591430664,78.12105560302734,69.8599624633789,79.61204528808594,84.671875,45.45454788208008,52.38095474243164,10,10,30.000001907348633,10,5,0,0,0,16.907821655273438,25769803776,2147483648,18279809024,765329408
209,1790456989527,4,4,4,4,4,4,4,4,4,4,79.04415893554688,77.9243392944336,76.8229751586914,78.08164978027344,69.90743255615234,79.59909057617188,81.265625,47.619049072265625,40,14.285715103149414,14.285715103149414,18.18181800842285,14.285715103149414,4.761904716491699,0,0,4.545454502105713,16.907821655273438,25769803776,2147483648,18279809024,765329408
209,1790456989737,4,4,4,4,4,4,4,4,4,4,79.04415893554688,77.9243392944336,76.8229751586914,78.08164978027344,69.90743255615234,79.59909057617188,81.265625,70,36.3636360168457,14.285715103149414,9.090909004211426,4.761904716491699,9.523809432983398,4.761904716491699,4.545454502105713,0,0,16.907821655273438,25769803776,2147483648,18281250816,765329408
209,1790456989947,4,4,4,4,4,4,4,4,4,4,79.04415893554688,77.9243392944336,76.8229751586914,78.08164978027344,69.90743255615234,79.59909057617188,81.265625,60.000003814697266,35,9.523809432983398,0,0,0,9.090909004211426,4.545454502105713,4.545454502105713,0,16.889263153076172,25769803776,2147483648,18281054208,765329408
209,1790456990157,4,4,4,4,4,4,4,4,4,4,79.04415893554688,77.9243392944336,76.8229751586914,78.08164978027344,69.90743255615234,79.59909057617188,81.265625,59.09090805053711,45.45454788208008,14.285715103149414,15.000000953674316,5,4.761904716491699,4.761904716491699,0,0,0,16.889263153076172,25769803776,2147483648,18281578496,765329408
201,1790456990367,4,4,4,4,4,4,4,4,4,4,79.00508117675781,77.8170394897461,76.6423110961914,78.06346130371094,69.67240905761719,79.52304077148438,84.203125,18.18181800842285,71.42857360839844,9.523809432983398,9.523809432983398,14.285715103149414,33.333335876464844,0,0,4.545454502105713,0,16.889263153076172,25769803776,2147483648,18280579072,765329408
209,1790456990569,4,4,4,4,4,4,4,4,4,4,79.00508117675781,77.8170394897461,76.6423110961914,78.06346130371094,69.67240905761719,79.52304077148438,84.203125,36.842105865478516,15.789472579956055,33.333335876464844,40,15.000000953674316,19.047618865966797,4.761904716491699,0,0,0,16.889263153076172,25769803776,2147483648,18273632256,765329408
209,1790456990779,4,4,4,4,4,4,4,4,4,4,79.00508117675781,77.8170394897461,76.6423110961914,78.06346130371094,69.67240905761719,79.52304077148438,84.203125,52.38095474243164,57.142860412597656,5,9.523809432983398,4.761904716491699,5,4.545454502105713,4.761904716491699,0,0,16.889263153076172,25769803776,2147483648,18281660416,765329408
209,1790456990989,4,4,4,4,4,4,4,4,4,4,79.00508117675781,77.8170394897461,76.6423110961914,78.06346130371094,69.67240905761719,79.52304077148438,84.203125,66.66667175292969,31.81818199157715,9.523809432983398,0,0,0,0,9.090909004211426,0,0,16.709047317504883,25769803776,2147483648,18281725952,765329408
209,1790456991199,4,4,4,4,4,4,4,4,4,4,79.00508117675781,77.8170394897461,76.6423110961914,78.06346130371094,69.67240905761719,79.52304077148438,84.203125,50,52.38095474243164,19.047618865966797,9.523809432983398,13.636363983154297,18.18181800842285,4.761904716491699,0,0,0,16.709047317504883,25769803776,2147483648,18281725952,765329408
209,1790456991409,4,4,4,4,4,4,4,4,4,4,79.02635192871094,77.71541595458984,76.95155334472656,78.05384826660156,70.18719482421875,79.56647491455078,81.265625,59.09090805053711,21.052631378173828,9.523809432983398,9.523809432983398,28.571430206298828,15.000000953674316,0,0,0,0,16.709047317504883,25769803776,2147483648,18281725952,765329408
209,1790456991619,4,4,4,4,4,4,4,4,4,4,79.02635192871094,77.71541595458984,76.95155334472656,78.05384826660156,70.18719482421875,79.56647491455078,81.265625,40,52.173912048339844,33.333335876464844,13.636363983154297,9.523809432983398,9.523809432983398,9.090909004211426,4.761904716491699,0,0,16.709047317504883,25769803776,2147483648,18281725952,765329408
209,1790456991829,4,4,4,4,4,4,4,4,4,4,79.02635192871094,77.71541595458984,76.95155334472656,78.05384826660156,70.18719482421875,79.56647491455078,81.265625,68.18181610107422,35,14.285715103149414,5,4.761904716491699,4.761904716491699,0,0,0,0,16.709047317504883,25769803776,2147483648,18282905600,765329408
209,1790456992039,4,4,4,4,4,4,4,4,4,4,79.02635192871094,77.71541595458984,76.95155334472656,78.05384826660156,70.18719482421875,79.56647491455078,81.265625,80,38.095237731933594,30.000001907348633,9.090909004211426,0,0,9.523809432983398,0,4.545454502105713,0,16.841392517089844,25769803776,2147483648,18282856448,765329408
209,1790456992249,4,4,4,4,4,4,4,4,4,4,79.02635192871094,77.71541595458984,76.95155334472656,78.05384826660156,70.18719482421875,79.56647491455078,81.265625,45.45454788208008,66.66667175292969,22.72727394104004,5,4.761904716491699,9.090909004211426,4.761904716491699,0,0,0,16.841392517089844,25769803776,2147483648,18283216896,765329408
209,1790456992459,4,4,4,4,4,4,4,4,4,4,79.03622436523438,77.96183013916016,76.64200592041016,78.03842163085938,69.62834167480469,79.58710479736328,81.265625,15.000000953674316,25,38.095237731933594,10,13.636363983154297,47.619049072265625,9.090909004211426,0,0,0,16.841392517089844,25769803776,2147483648,18277597184,765329408
209,1790456992669,4,4,4,4,4,4,4,4,4,4,79.03622436523438,77.96183013916016,76.64200592041016,78.03842163085938,69.62834167480469,79.58710479736328,81.265625,57.142860412597656,54.54545593261719,14.285715103149414,9.523809432983398,5,4.761904716491699,5,0,0,0,16.841392517089844,25769803776,2147483648,18275598336,765329408
209,1790456992879,4,4,4,4,4,4,4,4,4,4,79.03622436523438,77.96183013916016,76.64200592041016,78.03842163085938,69.62834167480469,79.58710479736328,81.265625,76.19047546386719,38.095237731933594,52.38095474243164,14.285715103149414,9.523809432983398,9.523809432983398,9.090909004211426,0,4.545454502105713,0,16.802988052368164,25769803776,2147483648,18275909632,765329408
209,1790456993089,4,4,4,4,4,4,4,4,4,4,79.03622436523438,77.96183013916016,76.64200592041016,78.03842163085938,69.62834167480469,79.58710479736328,81.265625,61.904762268066406,40,0,0,0,0,5,0,0,0,16.802988052368164,25769803776,2147483648,18275549184,765329408
209,1790456993299,4,4,4,4,4,4,4,4,4,4,79.03622436523438,77.96183013916016,76.64200592041016,78.03842163085938,69.62834167480469,79.58710479736328,81.265625,80.95238494873047,28.571430206298828,27.272727966308594,27.272727966308594,14.285715103149414,15.000000953674316,4.761904716491699,4.545454502105713,0,0,16.802988052368164,25769803776,2147483648,18268323840,765329408
209,1790456993509,4,4,4,4,4,4,4,4,4,4,78.97701263427734,77.90631866455078,76.59808349609375,77.96074676513672,69.58712005615234,79.51921081542969,81.265625,45,31.81818199157715,15.000000953674316,14.285715103149414,38.095237731933594,13.636363983154297,9.090909004211426,0,4.545454502105713,0,16.802988052368164,25769803776,2147483648,18275500032,765329408
209,1790456993719,4,4,4,4,4,4,4,4,4,4,78.97701263427734,77.90631866455078,76.59808349609375,77.96074676513672,69.58712005615234,79.51921081542969,81.265625,77.2727279663086,33.333335876464844,4.761904716491699,0,4.545454502105713,0,0,0,0,0,16.802988052368164,25769803776,2147483648,18275500032,765329408
209,1790456993929,4,4,4,4,4,4,4,4,4,4,78.97701263427734,77.90631866455078,76.59808349609375,77.96074676513672,69.58712005615234,79.51921081542969,81.265625,75,25,18.18181800842285,5,5,9.523809432983398,9.523809432983398,0,0,0,16.769004821777344,25769803776,2147483648,18276237312,765329408
209,1790456994139,4,4,4,4,4,4,4,4,4,4,78.97701263427734,77.90631866455078,76.59808349609375,77.96074676513672,69.58712005615234,79.51921081542969,81.265625,63.6363639831543,33.333335876464844,10,4.545454502105713,0,0,4.761904716491699,0,0,0,16.769004821777344,25769803776,2147483648,18276941824,765329408
209,1790456994349,4,4,4,4,4,4,4,4,4,4,78.94013977050781,77.88916015625,76.61560821533203,77.91161346435547,69.60636901855469,79.45924377441406,84.671875,61.904762268066406,33.333335876464844,33.333335876464844,15.000000953674316,18.18181800842285,14.285715103149414,9.090909004211426,0,0,0,16.769004821777344,25769803776,2147483648,18275221504,765329408
209,1790456994559,4,4,4,4,4,4,4,4,4,4,78.94013977050781,77.88916015625,76.61560821533203,77.91161346435547,69.60636901855469,79.45924377441406,84.671875,45,25,33.333335876464844,22.72727394104004,10,19.047618865966797,4.761904716491699,0,0,0,16.769004821777344,25769803776,2147483648,18270027776,765329408
209,1790456994769,4,4,4,4,4,4,4,4,4,4,78.94013977050781,77.88916015625,76.61560821533203,77.91161346435547,69.60636901855469,79.45924377441406,84.671875,71.42857360839844,31.81818199157715,9.523809432983398,9.523809432983398,4.761904716491699,18.18181800842285,0,0,0,0,16.769004821777344,25769803776,2147483648,18270027776,765329408
209,1790456994979,4,4,4,4,4,4,4,4,4,4,78.94013977050781,77.88916015625,76.61560821533203,77.91161346435547,69.60636901855469,79.45924377441406,84.671875,52.38095474243164,47.619049072265625,14.285715103149414,0,4.761904716491699,0,9.090909004211426,4.761904716491699,4.545454502105713,0,16.681108474731445,25769803776,2147483648,18277105664,765329408
209,1790456995189,4,4,4,4,4,4,4,4,4,4,78.94013977050781,77.88916015625,76.61560821533203,77.91161346435547,69.60636901855469,79.45924377441406,84.671875,42.85714340209961,52.38095474243164,22.72727394104004,13.636363983154297,19.047618865966797,13.636363983154297,4.761904716491699,0,0,0,16.681108474731445,25769803776,2147483648,18277203968,765329408
209,1790456995399,4,4,4,4,4,4,4,4,4,4,78.91600799560547,77.74376678466797,76.60615539550781,77.92011260986328,69.59593963623047,79.41116333007813,81.96875,50,50,10,9.523809432983398,23.809524536132813,9.523809432983398,9.090909004211426,0,0,0,16.681108474731445,25769803776,2147483648,18276106240,765329408
202,1790456995609,4,4,4,4,4,4,4,4,4,4,78.91600799560547,77.74376678466797,76.60615539550781,77.92011260986328,69.59593963623047,79.41116333007813,81.96875,35,38.095237731933594,35,9.523809432983398,20,9.523809432983398,0,0,0,0,16.681108474731445,25769803776,2147483648,18276106240,765329408
209,1790456995811,4,4,4,4,4,4,4,4,4,4,78.91600799560547,77.74376678466797,76.60615539550781,77.92011260986328,69.59593963623047,79.41116333007813,81.96875,50,38.095237731933594,28.571430206298828,5.263157844543457,9.523809432983398,5.263157844543457,4.761904716491699,4.761904716491699,4.761904716491699,0,16.681108474731445,25769803776,2147483648,18276106240,765329408
209,1790456996021,4,4,4,4,4,4,4,4,4,4,78.91600799560547,77.74376678466797,76.60615539550781,77.92011260986328,69.59593963623047,79.41116333007813,81.96875,52.38095474243164,40,9.523809432983398,4.545454502105713,0,0,0,0,0,0,16.668428421020508,25769803776,2147483648,18277597184,765329408
209,1790456996231,4,4,4,4,4,4,4,4,4,4,78.91600799560547,77.74376678466797,76.60615539550781,77.92011260986328,69.59593963623047,79.41116333007813,81.96875,63.6363639831543,42.85714340209961,22.72727394104004,9.523809432983398,4.761904716491699,4.761904716491699,9.523809432983398,0,0,0,16.668428421020508,25769803776,2147483648,18277744640,765329408
209,1790456996441,4,4,4,4,4,4,4,4,4,4,78.93767547607422,77.82926177978516,76.5980453491211,77.87232208251953,69.58013916015625,79.4416732788086,85.265625,45,42.85714340209961,10,28.571430206298828,9.523809432983398,13.636363983154297,4.761904716491699,0,0,0,16.668428421020508,25769803776,2147483648,18277744640,765329408
209,1790456996651,4,4,4,4,4,4,4,4,4,4,78.93767547607422,77.82926177978516,76.5980453491211,77.87232208251953,69.58013916015625,79.4416732788086,85.265625,38.095237731933594,52.38095474243164,33.333335876464844,9.523809432983398,9.523809432983398,5,9.090909004211426,0,0,0,16.668428421020508,25769803776,2147483648,18277744640,765329408
209,1790456996861,4,4,4,4,4,4,4,4,4,4,78.93767547607422,77.82926177978516,76.5980453491211,77.87232208251953,69.58013916015625,79.4416732788086,85.265625,76.19047546386719,33.333335876464844,13.636363983154297,5,13.636363983154297,9.523809432983398,0,4.761904716491699,0,0,16.68135643005371,25769803776,2147483648,18277744640,765329408
209,1790456997071,4,4,4,4,4,4,4,4,4,4,78.93767547607422,77.82926177978516,76.5980453491211,77.87232208251953,69.58013916015625,79.4416732788086,85.265625,60.000003814697266,33.333335876464844,9.523809432983398,4.545454502105713,0,0,5,4.545454502105713,0,0,16.68135643005371,25769803776,2147483648,18278793216,765329408
209,1790456997281,4,4,4,4,4,4,4,4,4,4,78.93767547607422,77.82926177978516,76.5980453491211,77.87232208251953,69.58013916015625,79.4416732788086,85.265625,50,47.619049072265625,15.789472579956055,23.809524536132813,5,4.761904716491699,9.090909004211426,0,0,4.545454502105713,16.68135643005371,25769803776,2147483648,18278481920,765329408
209,1790456997492,4,4,4,4,4,4,4,4,4,4,78.8447265625,77.66284942626953,76.6544418334961,77.8106689453125,69.69843292236328,79.27301025390625,81.265625,40,28.571430206298828,13.636363983154297,20,36.3636360168457,14.285715103149414,4.761904716491699,0,4.545454502105713,0,16.68135643005371,25769803776,2147483648,18276859904,765329408
209,1790456997702,4,4,4,4,4,4,4,4,4,4,78.8447265625,77.66284942626953,76.6544418334961,77.8106689453125,69.69843292236328,79.27301025390625,81.265625,42.85714340209961,52.38095474243164,28.571430206298828,9.523809432983398,5,9.090909004211426,0,4.545454502105713,0,0,16.68135643005371,25769803776,2147483648,18276859904,765329408
209,1790456997912,4,4,4,4,4,4,4,4,4,4,78.8447265625,77.66284942626953,76.6544418334961,77.8106689453125,69.69843292236328,79.27301025390625,81.265625,59.09090805053711,52.38095474243164,5,9.523809432983398,9.523809432983398,5,4.545454502105713,0,0,0,16.56476593017578,25769803776,2147483648,18276859904,765329408
209,1790456998122,4,4,4,4,4,4,4,4,4,4,78.8447265625,77.66284942626953,76.6544418334961,77.8106689453125,69.69843292236328,79.27301025390625,81.265625,70,23.809524536132813,13.636363983154297,4.545454502105713,0,0,4.761904716491699,0,0,0,16.56476593017578,25769803776,2147483648,18278744064,765329408
209,1790456998332,4,4,4,4,4,4,4,4,4,4,78.8447265625,77.66284942626953,76.6544418334961,77.8106689453125,69.69843292236328,79.27301025390625,81.265625,40.90909194946289,70,10,5,4.761904716491699,9.090909004211426,4.761904716491699,4.761904716491699,0,0,16.56476593017578,25769803776,2147483648,18279022592,765329408
209,1790456998542,4,4,4,4,4,4,4,4,4,4,78.83910369873047,77.69680786132813,76.67977142333984,77.7913589477539,69.7064208984375,79.26744079589844,83.265625,15.000000953674316,18.18181800842285,57.142860412597656,23.809524536132813,38.095237731933594,10,9.090909004211426,4.545454502105713,0,0,16.56476593017578,25769803776,2147483648,18274484224,765329408
209,1790456998752,4,4,4,4,4,4,4,4,4,4,78.83910369873047,77.69680786132813,76.67977142333984,77.7913589477539,69.7064208984375,79.26744079589844,83.265625,52.38095474243164,35,19.047618865966797,5,23.809524536132813,9.090909004211426,5,0,0,0,16.56476593017578,25769803776,2147483648,18271879168,765329408
209,1790456998962,4,4,4,4,4,4,4,4,4,4,78.83910369873047,77.69680786132813,76.67977142333984,77.7913589477539,69.7064208984375,79.26744079589844,83.265625,66.66667175292969,38.095237731933594,14.285715103149414,13.636363983154297,9.523809432983398,5,4.761904716491699,0,0,0,16.590856552124023,25769803776,2147483648,18279940096,765329408
205,1790456999172,4,4,4,4,4,4,4,4,4,4,78.83910369873047,77.69680786132813,76.67977142333984,77.7913589477539,69.7064208984375,79.26744079589844,83.265625,55,42.85714340209961,4.761904716491699,0,0,0,4.761904716491699,0,0,0,16.590856552124023,25769803776,2147483648,18280054784,765329408
209,1790456999378,4,4,4,4,4,4,4,4,4,4,78.80803680419922,77.60621643066406,76.50645446777344,77.75642395019531,69.45088195800781,79.18746185302734,84.90625,40.90909194946289,40,35,45,15.000000953674316,19.047618865966797,0,0,0,0,16.590856552124023,25769803776,2147483648,18278940672,765329408
209,1790456999588,4,4,4,4,4,4,4,4,4,4,78.80803680419922,77.60621643066406,76.50645446777344,77.75642395019531,69.45088195800781,79.18746185302734,84.90625,55,40.90909194946289,52.173912048339844,23.809524536132813,27.272727966308594,10,9.090909004211426,4.761904716491699,0,0,16.590856552124023,25769803776,2147483648,18273304576,765329408
204,1790456999798,4,4,4,4,4,4,4,4,4,4,78.80803680419922,77.60621643066406,76.50645446777344,77.75642395019531,69.45088195800781,79.18746185302734,84.90625,61.904762268066406,42.85714340209961,0,4.545454502105713,0,0,0,0,0,0,16.590856552124023,25769803776,2147483648,18280185856,765329408
209,1790457000002,4,4,4,4,4,4,4,4,4,4,78.80803680419922,77.60621643066406,76.50645446777344,77.75642395019531,69.45088195800781,79.18746185302734,84.90625,66.66667175292969,36.842105865478516,15.000000953674316,5,5,5,5,0,4.545454502105713,0,16.478776931762695,25769803776,2147483648,18279940096,765329408
209,1790457000212,4,4,4,4,4,4,4,4,4,4,78.80803680419922,77.60621643066406,76.50645446777344,77.75642395019531,69.45088195800781,79.18746185302734,84.90625,57.142860412597656,42.85714340209961,9.090909004211426,4.761904716491699,0,4.545454502105713,0,9.523809432983398,4.761904716491699,0,16.478776931762695,25769803776,2147483648,18280153088,765329408
209,1790457000422,4,4,4,4,4,4,4,4,4,4,78.82636260986328,77.55706787109375,76.70294952392578,77.7569351196289,69.7983169555664,79.26001739501953,81.265625,65,47.619049072265625,20,33.333335876464844,18.18181800842285,19.047618865966797,9.090909004211426,0,0,0,16.478776931762695,25769803776,2147483648,18279448576,765329408
209,1790457000632,4,4,4,4,4,4,4,4,4,4,78.82636260986328,77.55706787109375,76.70294952392578,77.7569351196289,69.7983169555664,79.26001739501953,81.265625,33.333335876464844,50,28.571430206298828,19.047618865966797,9.523809432983398,9.523809432983398,5,0,0,0,16.478776931762695,25769803776,2147483648,18274140160,765329408
204,1790457000842,4,4,4,4,4,4,4,4,4,4,78.82636260986328,77.55706787109375,76.70294952392578,77.7569351196289,69.7983169555664,79.26001739501953,81.265625,47.619049072265625,57.142860412597656,9.523809432983398,0,0,4.761904716491699,9.090909004211426,0,0,0,16.478776931762695,25769803776,2147483648,18283233280,765329408
209,1790457001047,4,4,4,4,4,4,4,4,4,4,78.82636260986328,77.55706787109375,76.70294952392578,77.7569351196289,69.7983169555664,79.26001739501953,81.265625,55,47.619049072265625,5,9.523809432983398,9.090909004211426,0,0,0,0,0,16.627946853637695,25769803776,2147483648,18281283584,765329408
209,1790457001257,4,4,4,4,4,4,4,4,4,4,78.82636260986328,77.55706787109375,76.70294952392578,77.7569351196289,69.7983169555664,79.26001739501953,81.265625,54.54545593261719,45,23.809524536132813,9.523809432983398,14.285715103149414,9.523809432983398,4.545454502105713,4.761904716491699,0,0,16.627946853637695,25769803776,2147483648,18281578496,765329408
209,1790457001467,4,4,4,4,4,4,4,4,4,4,78.76564025878906,77.46048736572266,76.51779174804688,77.69904327392578,69.49835205078125,79.16380310058594,83.5,70,40,13.636363983154297,5,10,9.523809432983398,4.761904716491699,0,0,0,16.627946853637695,25769803776,2147483648,18280497152,765329408
209,1790457001677,4,4,4,4,4,4,4,4,4,4,78.76564025878906,77.46048736572266,76.51779174804688,77.69904327392578,69.49835205078125,79.16380310058594,83.5,36.3636360168457,50,15.000000953674316,33.333335876464844,9.523809432983398,18.18181800842285,5,0,4.761904716491699,0,16.627946853637695,25769803776,2147483648,18273812480,765329408
209,1790457001887,4,4,4,4,4,4,4,4,4,4,78.76564025878906,77.46048736572266,76.51779174804688,77.69904327392578,69.49835205078125,79.16380310058594,83.5,55,50,9.523809432983398,4.761904716491699,4.761904716491699,5,0,9.090909004211426,0,4.545454502105713,16.347858428955078,25769803776,2147483648,18281529344,765329408
202,1790457002097,4,4,4,4,4,4,4,4,4,4,78.76564025878906,77.46048736572266,76.51779174804688,77.69904327392578,69.49835205078125,79.16380310058594,83.5,57.142860412597656,47.619049072265625,5,9.523809432983398,4.761904716491699,0,4.545454502105713,5,0,0,16.347858428955078,25769803776,2147483648,18281529344,765329408
209,1790457002300,4,4,4,4,4,4,4,4,4,4,78.76564025878906,77.46048736572266,76.51779174804688,77.69904327392578,69.49835205078125,79.16380310058594,83.5,65,38.095237731933594,22.72727394104004,5,5,9.523809432983398,5,0,0,0,16.347858428955078,25769803776,2147483648,18282708992,765329408
200,1790457002510,4,4,4,4,4,4,4,4,4,4,78.7523193359375,77.5211410522461,76.66658782958984,77.67491912841797,69.75525665283203,79.13409423828125,84.203125,42.85714340209961,42.85714340209961,35,13.636363983154297,9.523809432983398,9.523809432983398,4.761904716491699,0,0,4.545454502105713,16.347858428955078,25769803776,2147483648,18281971712,765329408
206,1790457002711,4,4,4,4,4,4,4,4,4,4,78.7523193359375,77.5211410522461,76.66658782958984,77.67491912841797,69.75525665283203,79.13409423828125,84.203125,33.333335876464844,65,20,25,10,10,5.263157844543457,0,0,0,16.347858428955078,25769803776,2147483648,18281971712,765329408
209,1790457002917,4,4,4,4,4,4,4,4,4,4,78.7523193359375,77.5211410522461,76.66658782958984,77.67491912841797,69.75525665283203,79.13409423828125,84.203125,70,28.571430206298828,14.285715103149414,5,9.523809432983398,15.000000953674316,9.090909004211426,0,0,0,16.512441635131836,25769803776,2147483648,18281971712,765329408
206,1790457003127,4,4,4,4,4,4,4,4,4,4,78.7523193359375,77.5211410522461,76.66658782958984,77.67491912841797,69.75525665283203,79.13409423828125,84.203125,57.142860412597656,42.85714340209961,9.523809432983398,0,0,0,4.761904716491699,9.090909004211426,0,0,16.512441635131836,25769803776,2147483648,18281971712,765329408
209,1790457003334,4,4,4,4,4,4,4,4,4,4,78.7523193359375,77.5211410522461,76.66658782958984,77.67491912841797,69.75525665283203,79.13409423828125,84.203125,52.38095474243164,50,20,13.636363983154297,5,5,5,0,4.545454502105713,0,16.512441635131836,25769803776,2147483648,18283872256,765329408
201,1790457003544,4,4,4,4,4,4,4,4,4,4,78.73987579345703,77.58171081542969,76.42399597167969,77.65826416015625,69.30899047851563,79.14613342285156,81.734375,15.000000953674316,42.85714340209961,9.523809432983398,14.285715103149414,13.636363983154297,63.6363639831543,4.545454502105713,0,0,0,16.512441635131836,25769803776,2147483648,18284412928,765329408
209,1790457003746,4,4,4,4,4,4,4,4,4,4,78.73987579345703,77.58171081542969,76.42399597167969,77.65826416015625,69.30899047851563,79.14613342285156,81.734375,60.000003814697266,47.36842346191406,33.333335876464844,15.000000953674316,15.000000953674316,10,0,0,0,0,16.512441635131836,25769803776,2147483648,18276106240,765329408
209,1790457003956,4,4,4,4,4,4,4,4,4,4,78.73987579345703,77.58171081542969,76.42399597167969,77.65826416015625,69.30899047851563,79.14613342285156,81.734375,76.19047546386719,27.272727966308594,15.000000953674316,5,5,4.761904716491699,4.761904716491699,0,4.761904716491699,0,16.37310791015625,25769803776,2147483648,18284167168,765329408
209,1790457004166,4,4,4,4,4,4,4,4,4,4,78.73987579345703,77.58171081542969,76.42399597167969,77.65826416015625,69.30899047851563,79.14613342285156,81.734375,47.619049072265625,55,13.636363983154297,8.69565200805664,18.18181800842285,0,42.85714340209961,0,0,0,16.37310791015625,25769803776,2147483648,18283888640,765329408
202,1790457004376,4,4,4,4,4,4,4,4,4,4,78.75141143798828,78.3608627319336,76.79708862304688,77.67070007324219,69.64331817626953,79.20052337646484,84.203125,52.38095474243164,59.09090805053711,23.809524536132813,5,4.761904716491699,4.761904716491699,4.761904716491699,0,0,0,16.37310791015625,25769803776,2147483648,18285068288,765329408
202,1790457004578,4,4,4,4,4,4,4,4,4,4,78.75141143798828,78.3608627319336,76.79708862304688,77.67070007324219,69.64331817626953,79.20052337646484,84.203125,55,15.000000953674316,10,40,10.526315689086914,28.571430206298828,10,0,0,0,16.37310791015625,25769803776,2147483648,18284838912,765329408
209,1790457004781,4,4,4,4,4,4,4,4,4,4,78.75141143798828,78.3608627319336,76.79708862304688,77.67070007324219,69.64331817626953,79.20052337646484,84.203125,52.38095474243164,55,10.526315689086914,10,9.523809432983398,10,5,4.761904716491699,0,0,16.37310791015625,25769803776,2147483648,18277564416,765329408
209,1790457004991,4,4,4,4,4,4,4,4,4,4,78.75141143798828,78.3608627319336,76.79708862304688,77.67070007324219,69.64331817626953,79.20052337646484,84.203125,85,28.571430206298828,13.636363983154297,9.523809432983398,13.636363983154297,9.523809432983398,9.090909004211426,4.761904716491699,0,0,16.3764591217041,25769803776,2147483648,18285494272,765329408
209,1790457005201,4,4,4,4,4,4,4,4,4,4,78.75141143798828,78.3608627319336,76.79708862304688,77.67070007324219,69.64331817626953,79.20052337646484,84.203125,61.904762268066406,35,10,4.761904716491699,0,0,4.761904716491699,0,0,0,16.3764591217041,25769803776,2147483648,18285494272,765329408
209,1790457005411,4,4,4,4,4,4,4,4,4,4,78.75386810302734,77.7353515625,76.50582885742188,77.66448974609375,69.44548797607422,79.12410736083984,81.03125,52.38095474243164,54.54545593261719,13.636363983154297,14.285715103149414,5,18.18181800842285,9.090909004211426,0,0,0,16.3764591217041,25769803776,2147483648,18285985792,765329408
209,1790457005621,4,4,4,4,4,4,4,4,4,4,78.75386810302734,77.7353515625,76.50582885742188,77.66448974609375,69.44548797607422,79.12410736083984,81.03125,71.42857360839844,15.000000953674316,20,22.72727394104004,9.523809432983398,15.000000953674316,0,0,0,0,16.3764591217041,25769803776,2147483648,18285002752,765329408
204,1790457005831,4,4,4,4,4,4,4,4,4,4,78.75386810302734,77.7353515625,76.50582885742188,77.66448974609375,69.44548797607422,79.12410736083984,81.03125,50,50,18.18181800842285,5,9.523809432983398,9.523809432983398,4.761904716491699,0,4.761904716491699,0,16.3764591217041,25769803776,2147483648,18285002752,765329408
209,1790457006036,4,4,4,4,4,4,4,4,4,4,78.75386810302734,77.7353515625,76.50582885742188,77.66448974609375,69.44548797607422,79.12410736083984,81.03125,57.142860412597656,50,14.285715103149414,9.523809432983398,5,9.523809432983398,9.523809432983398,0,4.761904716491699,0,16.70263671875,25769803776,2147483648,18285002752,765329408
209,1790457006246,4,4,4,4,4,4,4,4,4,4,78.75386810302734,77.7353515625,76.50582885742188,77.66448974609375,69.44548797607422,79.12410736083984,81.03125,63.6363639831543,33.333335876464844,0,0,0,0,4.761904716491699,0,0,0,16.70263671875,25769803776,2147483648,18285002752,765329408
209,1790457006456,4,4,4,4,4,4,4,4,4,4,78.73882293701172,77.49739837646484,76.36672973632813,77.63292694091797,69.23170471191406,79.12451171875,81.03125,35,75,18.18181800842285,9.523809432983398,9.090909004211426,4.761904716491699,9.090909004211426,0,0,0,16.70263671875,25769803776,2147483648,18278842368,765329408
209,1790457006666,4,4,4,4,4,4,4,4,4,4,78.73882293701172,77.49739837646484,76.36672973632813,77.63292694091797,69.23170471191406,79.12451171875,81.03125,52.38095474243164,31.81818199157715,23.809524536132813,27.272727966308594,25,38.095237731933594,5,0,0,0,16.70263671875,25769803776,2147483648,18282512384,765329408
209,1790457006876,4,4,4,4,4,4,4,4,4,4,78.73882293701172,77.49739837646484,76.36672973632813,77.63292694091797,69.23170471191406,79.12451171875,81.03125,76.19047546386719,28.571430206298828,4.761904716491699,0,4.545454502105713,0,4.761904716491699,0,0,0,16.402996063232422,25769803776,2147483648,18286411776,765329408
209,1790457007086,4,4,4,4,4,4,4,4,4,4,78.73882293701172,77.49739837646484,76.36672973632813,77.63292694091797,69.23170471191406,79.12451171875,81.03125,66.66667175292969,38.095237731933594,15.000000953674316,13.636363983154297,9.523809432983398,4.761904716491699,4.761904716491699,0,0,0,16.402996063232422,25769803776,2147483648,18287886336,765329408
209,1790457007296,4,4,4,4,4,4,4,4,4,4,78.73882293701172,77.49739837646484,76.36672973632813,77.63292694091797,69.23170471191406,79.12451171875,81.03125,33.333335876464844,78.94737243652344,23.809524536132813,5,4.761904716491699,31.81818199157715,5,4.761904716491699,0,0,16.402996063232422,25769803776,2147483648,18287886336,765329408
209,1790457007506,4,4,4,4,4,4,4,4,4,4,78.64998626708984,77.59281158447266,76.3941879272461,77.62834167480469,69.24097442626953,78.99950408935547,85.5,35,54.54545593261719,38.095237731933594,9.523809432983398,10,9.523809432983398,9.090909004211426,0,4.545454502105713,0,16.402996063232422,25769803776,2147483648,18287132672,765329408
204,1790457007716,4,4,4,4,4,4,4,4,4,4,78.64998626708984,77.59281158447266,76.3941879272461,77.62834167480469,69.24097442626953,78.99950408935547,85.5,27.272727966308594,19.047618865966797,54.54545593261719,19.047618865966797,9.523809432983398,23.809524536132813,0,0,0,0,16.402996063232422,25769803776,2147483648,18280562688,765329408
209,1790457007921,4,4,4,4,4,4,4,4,4,4,78.64998626708984,77.59281158447266,76.3941879272461,77.62834167480469,69.24097442626953,78.99950408935547,85.5,47.36842346191406,57.142860412597656,5,9.523809432983398,4.761904716491699,5,0,9.523809432983398,0,0,16.297534942626953,25769803776,2147483648,18288492544,765329408
209,1790457008131,4,4,4,4,4,4,4,4,4,4,78.64998626708984,77.59281158447266,76.3941879272461,77.62834167480469,69.24097442626953,78.99950408935547,85.5,63.6363639831543,28.571430206298828,9.523809432983398,4.761904716491699,4.761904716491699,0,0,0,0,0,16.297534942626953,25769803776,2147483648,18288427008,765329408
209,1790457008341,4,4,4,4,4,4,4,4,4,4,78.56902313232422,77.26610565185547,76.52864837646484,77.54386138916016,69.53443145751953,78.89582824707031,85.5,57.142860412597656,45,22.72727394104004,4.761904716491699,4.761904716491699,9.090909004211426,9.090909004211426,0,0,0,16.297534942626953,25769803776,2147483648,18288574464,765329408
209,1790457008551,4,4,4,4,4,4,4,4,4,4,78.56902313232422,77.26610565185547,76.52864837646484,77.54386138916016,69.53443145751953,78.89582824707031,80.796875,57.142860412597656,38.095237731933594,5.263157844543457,28.571430206298828,9.523809432983398,5,5,4.545454502105713,0,0,16.297534942626953,25769803776,2147483648,18288066560,765329408
209,1790457008761,4,4,4,4,4,4,4,4,4,4,78.56902313232422,77.26610565185547,76.52864837646484,77.54386138916016,69.53443145751953,78.89582824707031,80.796875,36.3636360168457,31.81818199157715,36.3636360168457,19.047618865966797,14.285715103149414,22.72727394104004,9.090909004211426,0,0,0,16.297534942626953,25769803776,2147483648,18281267200,765329408
209,1790457008971,4,4,4,4,4,4,4,4,4,4,78.56902313232422,77.26610565185547,76.52864837646484,77.54386138916016,69.53443145751953,78.89582824707031,80.796875,57.894737243652344,50,10,5,4.761904716491699,5,4.761904716491699,0,0,0,16.308944702148438,25769803776,2147483648,18289131520,765329408
209,1790457009181,4,4,4,4,4,4,4,4,4,4,78.56902313232422,77.26610565185547,76.52864837646484,77.54386138916016,69.53443145751953,78.89582824707031,80.796875,66.66667175292969,31.81818199157715,9.090909004211426,0,0,0,5,0,4.761904716491699,0,16.308944702148438,25769803776,2147483648,18289049600,765329408
209,1790457009391,4,4,4,4,4,4,4,4,4,4,78.52863311767578,77.4732894897461,76.31309509277344,77.47307586669922,69.13983917236328,78.8893814086914,80.796875,66.66667175292969,25,23.809524536132813,13.636363983154297,9.523809432983398,19.047618865966797,9.090909004211426,4.545454502105713,0,0,16.308944702148438,25769803776,2147483648,18289000448,765329408
209,1790457009601,4,4,4,4,4,4,4,4,4,4,78.52863311767578,77.4732894897461,76.31309509277344,77.47307586669922,69.13983917236328,78.8893814086914,80.796875,68.18181610107422,19.047618865966797,38.095237731933594,10,9.523809432983398,9.523809432983398,0,0,0,0,16.308944702148438,25769803776,2147483648,18288852992,765329408
209,1790457009811,4,4,4,4,4,4,4,4,4,4,78.52863311767578,77.4732894897461,76.31309509277344,77.47307586669922,69.13983917236328,78.8893814086914,80.796875,65,28.571430206298828,14.285715103149414,23.809524536132813,14.285715103149414,9.090909004211426,9.090909004211426,0,0,0,16.308944702148438,25769803776,2147483648,18281381888,765329408
209,1790457010021,4,4,4,4,4,4,4,4,4,4,78.52863311767578,77.4732894897461,76.31309509277344,77.47307586669922,69.13983917236328,78.8893814086914,80.796875,76.19047546386719,28.571430206298828,10,9.090909004211426,4.761904716491699,5,5,0,0,0,16.227935791015625,25769803776,2147483648,18289508352,765329408
206,1790457010231,4,4,4,4,4,4,4,4,4,4,78.52863311767578,77.4732894897461,76.31309509277344,77.47307586669922,69.13983917236328,78.8893814086914,80.796875,57.142860412597656,38.095237731933594,9.523809432983398,0,0,0,4.761904716491699,0,4.761904716491699,0,16.227935791015625,25769803776,2147483648,18289147904,765329408
209,1790457010438,4,4,4,4,4,4,4,4,4,4,78.521728515625,77.27327728271484,76.21513366699219,77.4691162109375,68.9905014038086,78.8707275390625,84.203125,65,45,15.000000953674316,5,4.761904716491699,4.761904716491699,0,5,0,0,16.227935791015625,25769803776,2147483648,18289721344,765329408
209,1790457010648,4,4,4,4,4,4,4,4,4,4,78.521728515625,77.27327728271484,76.21513366699219,77.4691162109375,68.9905014038086,78.8707275390625,84.203125,61.904762268066406,22.72727394104004,13.636363983154297,9.523809432983398,33.333335876464844,19.047618865966797,9.090909004211426,0,0,0,16.227935791015625,25769803776,2147483648,18289950720,765329408
209,1790457010858,4,4,4,4,4,4,4,4,4,4,78.521728515625,77.27327728271484,76.21513366699219,77.4691162109375,68.9905014038086,78.8707275390625,84.203125,45.45454788208008,30.000001907348633,28.571430206298828,9.523809432983398,23.809524536132813,5,4.761904716491699,0,0,0,16.130966186523438,25769803776,2147483648,18281824256,765329408
209,1790457011068,4,4,4,4,4,4,4,4,4,4,78.521728515625,77.27327728271484,76.21513366699219,77.4691162109375,68.9905014038086,78.8707275390625,84.203125,61.904762268066406,28.571430206298828,33.333335876464844,13.636363983154297,9.523809432983398,9.523809432983398,9.090909004211426,0,4.545454502105713,0,16.130966186523438,25769803776,2147483648,18281824256,765329408
209,1790457011278,4,4,4,4,4,4,4,4,4,4,78.521728515625,77.27327728271484,76.21513366699219,77.4691162109375,68.9905014038086,78.8707275390625,84.203125,50,47.619049072265625,4.761904716491699,0,0,0,5,4.545454502105713,0,0,16.130966186523438,25769803776,2147483648,18281824256,765329408
201,1790457011488,4,4,4,4,4,4,4,4,4,4,78.47445678710938,77.32157135009766,76.37972259521484,77.39132690429688,69.27694702148438,78.8110122680664,80.796875,59.09090805053711,45,14.285715103149414,15.789472579956055,19.047618865966797,9.523809432983398,4.761904716491699,0,0,0,16.130966186523438,25769803776,2147483648,18281824256,765329408
207,1790457011689,4,4,4,4,4,4,4,4,4,4,78.47445678710938,77.32157135009766,76.37972259521484,77.39132690429688,69.27694702148438,78.8110122680664,80.796875,47.36842346191406,19.047618865966797,45,14.285715103149414,15.000000953674316,35,5,4.761904716491699,0,0,16.130966186523438,25769803776,2147483648,18285985792,765329408
209,1790457011896,4,4,4,4,4,4,4,4,4,4,78.47445678710938,77.32157135009766,76.37972259521484,77.39132690429688,69.27694702148438,78.8110122680664,80.796875,28.571430206298828,80.95238494873047,4.761904716491699,4.761904716491699,4.761904716491699,4.761904716491699,5,0,0,0,16.196945190429688,25769803776,2147483648,18282496000,765329408
209,1790457012106,4,4,4,4,4,4,4,4,4,4,78.47445678710938,77.32157135009766,76.37972259521484,77.39132690429688,69.27694702148438,78.8110122680664,80.796875,50,42.85714340209961,14.285715103149414,19.047618865966797,9.090909004211426,4.761904716491699,9.090909004211426,0,0,0,16.196945190429688,25769803776,2147483648,18290409472,765329408
209,1790457012316,4,4,4,4,4,4,4,4,4,4,78.47445678710938,77.32157135009766,76.37972259521484,77.39132690429688,69.27694702148438,78.8110122680664,80.796875,70,25,9.523809432983398,0,0,0,0,0,0,0,16.196945190429688,25769803776,2147483648,18292359168,765329408
209,1790457012526,4,4,4,4,4,4,4,4,4,4,78.47280883789063,77.27783203125,76.32215881347656,77.37234497070313,69.20047760009766,78.82088470458984,80.796875,45,71.42857360839844,20,18.18181800842285,15.000000953674316,14.285715103149414,0,4.545454502105713,0,0,16.196945190429688,25769803776,2147483648,18290573312,765329408
209,1790457012736,4,4,4,4,4,4,4,4,4,4,78.47280883789063,77.27783203125,76.32215881347656,77.37234497070313,69.20047760009766,78.82088470458984,80.796875,22.72727394104004,33.333335876464844,66.66667175292969,10,9.523809432983398,14.285715103149414,5,4.761904716491699,0,0,16.196945190429688,25769803776,2147483648,18284085248,765329408
209,1790457012946,4,4,4,4,4,4,4,4,4,4,78.47280883789063,77.27783203125,76.32215881347656,77.37234497070313,69.20047760009766,78.82088470458984,80.796875,40,47.619049072265625,4.761904716491699,0,4.761904716491699,10,0,4.761904716491699,4.545454502105713,0,16.172082901000977,25769803776,2147483648,18284085248,765329408
209,1790457013156,4,4,4,4,4,4,4,4,4,4,78.47280883789063,77.27783203125,76.32215881347656,77.37234497070313,69.20047760009766,78.82088470458984,80.796875,61.904762268066406,35,18.18181800842285,9.523809432983398,9.090909004211426,13.636363983154297,0,0,0,0,16.172082901000977,25769803776,2147483648,18284085248,765329408
209,1790457013366,4,4,4,4,4,4,4,4,4,4,78.44245910644531,76.9603500366211,76.49453735351563,77.3819580078125,69.53089904785156,78.74034881591797,80.796875,61.904762268066406,50,19.047618865966797,9.090909004211426,5,4.761904716491699,0,9.090909004211426,0,0,16.172082901000977,25769803776,2147483648,18284085248,765329408
209,1790457013576,4,4,4,4,4,4,4,4,4,4,78.44245910644531,76.9603500366211,76.49453735351563,77.3819580078125,69.53089904785156,78.74034881591797,80.796875,47.619049072265625,66.66667175292969,15.000000953674316,15.000000953674316,23.809524536132813,45.45454788208008,4.545454502105713,5,4.545454502105713,0,16.172082901000977,25769803776,2147483648,18284085248,765329408
209,1790457013786,4,4,4,4,4,4,4,4,4,4,78.44245910644531,76.9603500366211,76.49453735351563,77.3819580078125,69.53089904785156,78.74034881591797,80.796875,19.047618865966797,38.095237731933594,23.809524536132813,45.45454788208008,23.809524536132813,10,4.761904716491699,9.090909004211426,0,0,16.172082901000977,25769803776,2147483648,18276515840,765329408
209,1790457013996,4,4,4,4,4,4,4,4,4,4,78.44245910644531,76.9603500366211,76.49453735351563,77.3819580078125,69.53089904785156,78.74034881591797,80.796875,52.38095474243164,57.142860412597656,9.523809432983398,5,4.761904716491699,4.761904716491699,0,4.761904716491699,0,0,16.15067481994629,25769803776,2147483648,18284658688,765329408
201,1790457014206,4,4,4,4,4,4,4,4,4,4,78.44245910644531,76.9603500366211,76.49453735351563,77.3819580078125,69.53089904785156,78.74034881591797,80.796875,61.904762268066406,35,9.090909004211426,0,0,0,0,4.761904716491699,0,0,16.15067481994629,25769803776,2147483648,18284494848,765329408
209,1790457014408,4,4,4,4,4,4,4,4,4,4,78.4241714477539,76.84883117675781,76.6626205444336,77.3632583618164,69.86296844482422,78.69783782958984,83.96875,52.38095474243164,52.38095474243164,15.789472579956055,9.523809432983398,9.523809432983398,5,0,5,0,9.090909004211426,16.15067481994629,25769803776,2147483648,18284281856,765329408
203,1790457014618,4,4,4,4,4,4,4,4,4,4,78.4241714477539,76.84883117675781,76.6626205444336,77.3632583618164,69.86296844482422,78.69783782958984,83.96875,80.95238494873047,23.809524536132813,14.285715103149414,14.285715103149414,10,15.000000953674316,0,5,0,0,16.15067481994629,25769803776,2147483648,18284298240,765329408
209,1790457014822,4,4,4,4,4,4,4,4,4,4,78.4241714477539,76.84883117675781,76.6626205444336,77.3632583618164,69.86296844482422,78.69783782958984,83.96875,31.57894515991211,35,14.285715103149414,25,9.523809432983398,36.3636360168457,0,9.090909004211426,0,0,16.15067481994629,25769803776,2147483648,18276466688,765329408
200,1790457015032,4,4,4,4,4,4,4,4,4,4,78.4241714477539,76.84883117675781,76.6626205444336,77.3632583618164,69.86296844482422,78.69783782958984,83.96875,52.38095474243164,61.904762268066406,5,9.523809432983398,5,9.523809432983398,0,5,0,0,16.101329803466797,25769803776,2147483648,18284347392,765329408
209,1790457015232,4,4,4,4,4,4,4,4,4,4,78.4241714477539,76.84883117675781,76.6626205444336,77.3632583618164,69.86296844482422,78.69783782958984,83.96875,50,45,10,0,4.761904716491699,0,0,5,0,0,16.101329803466797,25769803776,2147483648,18284478464,765329408
209,1790457015442,4,4,4,4,4,4,4,4,4,4,78.41419982910156,76.78266906738281,76.48856353759766,77.30672454833984,69.58651733398438,78.70532989501953,82.5625,52.38095474243164,47.619049072265625,31.81818199157715,5,5,5,4.761904716491699,4.761904716491699,0,0,16.101329803466797,25769803776,2147483648,18284888064,765329408
209,1790457015652,4,4,4,4,4,4,4,4,4,4,78.41419982910156,76.78266906738281,76.48856353759766,77.30672454833984,69.58651733398438,78.70532989501953,82.5625,25,47.619049072265625,50,13.636363983154297,9.523809432983398,9.523809432983398,0,4.761904716491699,8.69565200805664,0,16.101329803466797,25769803776,2147483648,18283905024,765329408
209,1790457015862,4,4,4,4,4,4,4,4,4,4,78.41419982910156,76.78266906738281,76.48856353759766,77.30672454833984,69.58651733398438,78.70532989501953,82.5625,36.3636360168457,35,42.85714340209961,9.523809432983398,22.72727394104004,9.523809432983398,0,9.523809432983398,0,0,16.088157653808594,25769803776,2147483648,18277400576,765329408
209,1790457016072,4,4,4,4,4,4,4,4,4,4,78.41419982910156,76.78266906738281,76.48856353759766,77.30672454833984,69.58651733398438,78.70532989501953,82.5625,75,23.809524536132813,22.72727394104004,5,0,4.761904716491699,0,4.761904716491699,0,0,16.088157653808594,25769803776,2147483648,18285150208,765329408
209,1790457016283,4,4,4,4,4,4,4,4,4,4,78.41419982910156,76.78266906738281,76.48856353759766,77.30672454833984,69.58651733398438,78.70532989501953,82.5625,59.09090805053711,38.095237731933594,9.523809432983398,0,0,0,0,9.090909004211426,0,0,16.088157653808594,25769803776,2147483648,18285150208,765329408
209,1790457016493,4,4,4,4,4,4,4,4,4,4,78.41597747802734,76.75961303710938,76.61734008789063,77.31269073486328,69.81140899658203,78.72089385986328,83.734375,65,38.095237731933594,15.000000953674316,14.285715103149414,9.523809432983398,13.636363983154297,0,5,0,0,16.088157653808594,25769803776,2147483648,18285150208,765329408
209,1790457016703,4,4,4,4,4,4,4,4,4,4,78.41597747802734,76.75961303710938,76.61734008789063,77.31269073486328,69.81140899658203,78.72089385986328,83.734375,18.18181800842285,47.619049072265625,13.636363983154297,36.3636360168457,31.81818199157715,5,0,4.761904716491699,0,0,16.088157653808594,25769803776,2147483648,18285150208,765329408
209,1790457016913,4,4,4,4,4,4,4,4,4,4,78.41597747802734,76.75961303710938,76.61734008789063,77.31269073486328,69.81140899658203,78.72089385986328,83.734375,60.000003814697266,27.272727966308594,20,23.809524536132813,10,14.285715103149414,0,9.090909004211426,0,0,16.12079620361328,25769803776,2147483648,18278154240,765329408
209,1790457017123,4,4,4,4,4,4,4,4,4,4,78.41597747802734,76.75961303710938,76.61734008789063,77.31269073486328,69.81140899658203,78.72089385986328,83.734375,71.42857360839844,38.095237731933594,9.523809432983398,4.761904716491699,9.090909004211426,9.090909004211426,0,0,4.761904716491699,0,16.12079620361328,25769803776,2147483648,18287886336,765329408
209,1790457017333,4,4,4,4,4,4,4,4,4,4,78.41597747802734,76.75961303710938,76.61734008789063,77.31269073486328,69.81140899658203,78.72089385986328,83.734375,57.142860412597656,36.842105865478516,14.285715103149414,0,0,0,0,4.761904716491699,0,0,16.12079620361328,25769803776,2147483648,18286788608,765329408
209,1790457017543,4,4,4,4,4,4,4,4,4,4,78.3499984741211,76.67384338378906,76.48515319824219,77.22251892089844,69.62865447998047,78.63591003417969,82.5625,61.904762268066406,36.3636360168457,38.095237731933594,13.636363983154297,9.523809432983398,9.523809432983398,4.545454502105713,9.090909004211426,0,0,16.12079620361328,25769803776,2147483648,18287165440,765329408
209,1790457017753,4,4,4,4,4,4,4,4,4,4,78.3499984741211,76.67384338378906,76.48515319824219,77.22251892089844,69.62865447998047,78.63591003417969,82.5625,81.81818389892578,19.047618865966797,14.285715103149414,9.523809432983398,9.523809432983398,19.047618865966797,0,0,0,0,16.12079620361328,25769803776,2147483648,18286870528,765329408
209,1790457017963,4,4,4,4,4,4,4,4,4,4,78.3499984741211,76.67384338378906,76.48515319824219,77.22251892089844,69.62865447998047,78.63591003417969,82.5625,60.000003814697266,30.000001907348633,19.047618865966797,10,22.72727394104004,9.090909004211426,0,9.090909004211426,0,0,15.990056037902832,25769803776,2147483648,18279497728,765329408
209,1790457018173,4,4,4,4,4,4,4,4,4,4,78.3499984741211,76.67384338378906,76.48515319824219,77.22251892089844,69.62865447998047,78.63591003417969,82.5625,77.2727279663086,28.571430206298828,5,4.761904716491699,5,5,0,4.761904716491699,0,0,15.990056037902832,25769803776,2147483648,18287443968,765329408
209,1790457018383,4,4,4,4,4,4,4,4,4,4,78.34613037109375,76.73944091796875,76.54409790039063,77.22134399414063,69.65762329101563,78.61299896240234,82.796875,60.000003814697266,38.095237731933594,9.523809432983398,4.761904716491699,0,0,0,4.761904716491699,0,0,15.990056037902832,25769803776,2147483648,18287181824,765329408
209,1790457018593,4,4,4,4,4,4,4,4,4,4,78.34613037109375,76.73944091796875,76.54409790039063,77.22134399414063,69.65762329101563,78.61299896240234,82.796875,50,50,19.047618865966797,9.090909004211426,9.090909004211426,18.18181800842285,0,9.523809432983398,0,0,15.990056037902832,25769803776,2147483648,18287656960,765329408
209,1790457018803,4,4,4,4,4,4,4,4,4,4,78.34613037109375,76.73944091796875,76.54409790039063,77.22134399414063,69.65762329101563,78.61299896240234,82.796875,52.38095474243164,28.571430206298828,13.636363983154297,33.333335876464844,15.789472579956055,9.523809432983398,0,0,0,0,15.990056037902832,25769803776,2147483648,18286182400,765329408
209,1790457019013,4,4,4,4,4,4,4,4,4,4,78.34613037109375,76.73944091796875,76.54409790039063,77.22134399414063,69.65762329101563,78.61299896240234,82.796875,45.45454788208008,66.66667175292969,14.285715103149414,10,9.090909004211426,5,4.545454502105713,9.090909004211426,4.545454502105713,0,16.06015396118164,25769803776,2147483648,18280022016,765329408
200,1790457019223,4,4,4,4,4,4,4,4,4,4,78.34613037109375,76.73944091796875,76.54409790039063,77.22134399414063,69.65762329101563,78.61299896240234,82.796875,61.904762268066406,40,14.285715103149414,9.523809432983398,9.523809432983398,9.523809432983398,0,4.761904716491699,0,0,16.06015396118164,25769803776,2147483648,18287902720,765329408
209,1790457019424,4,4,4,4,4,4,4,4,4,4,78.30064392089844,76.7027816772461,76.4952621459961,77.19715118408203,69.65997314453125,78.58634948730469,80.5625,50,47.619049072265625,5.263157844543457,4.761904716491699,0,0,0,9.523809432983398,0,0,16.06015396118164,25769803776,2147483648,18287902720,765329408
209,1790457019634,4,4,4,4,4,4,4,4,4,4,78.30064392089844,76.7027816772461,76.4952621459961,77.19715118408203,69.65997314453125,78.58634948730469,80.5625,45,47.619049072265625,18.18181800842285,5,9.523809432983398,23.809524536132813,0,5,0,0,16.06015396118164,25769803776,2147483648,18287902720,765329408
209,1790457019844,4,4,4,4,4,4,4,4,4,4,78.30064392089844,76.7027816772461,76.4952621459961,77.19715118408203,69.65997314453125,78.58634948730469,80.5625,22.72727394104004,19.047618865966797,57.142860412597656,47.619049072265625,14.285715103149414,25,4.545454502105713,0,4.761904716491699,0,16.06015396118164,25769803776,2147483648,18287902720,765329408
209,1790457020054,4,4,4,4,4,4,4,4,4,4,78.30064392089844,76.7027816772461,76.4952621459961,77.19715118408203,69.65997314453125,78.58634948730469,80.5625,76.19047546386719,25,10,4.761904716491699,0,8.69565200805664,0,9.090909004211426,0,0,15.979220390319824,25769803776,2147483648,18280300544,765329408
209,1790457020264,4,4,4,4,4,4,4,4,4,4,78.30064392089844,76.7027816772461,76.4952621459961,77.19715118408203,69.65997314453125,78.58634948730469,80.5625,50,57.142860412597656,14.285715103149414,5,13.043478012084961,5,0,4.761904716491699,0,0,15.979220390319824,25769803776,2147483648,18288246784,765329408
209,1790457020474,4,4,4,4,4,4,4,4,4,4,78.32058715820313,76.61759185791016,76.34798431396484,77.19670104980469,69.4295883178711,78.59432220458984,83.5,71.42857360839844,27.272727966308594,9.523809432983398,8.69565200805664,0,0,0,9.090909004211426,0,0,15.979220390319824,25769803776,2147483648,18288558080,765329408
209,1790457020684,4,4,4,4,4,4,4,4,4,4,78.32058715820313,76.61759185791016,76.34798431396484,77.19670104980469,69.4295883178711,78.59432220458984,83.5,42.85714340209961,70,27.272727966308594,10,14.285715103149414,18.18181800842285,4.761904716491699,0,0,0,15.979220390319824,25769803776,2147483648,18284986368,765329408
209,1790457020894,4,4,4,4,4,4,4,4,4,4,78.32058715820313,76.61759185791016,76.34798431396484,77.19670104980469,69.4295883178711,78.59432220458984,83.5,42.85714340209961,47.619049072265625,19.047618865966797,23.809524536132813,9.523809432983398,5,0,5,0,0,16.00063705444336,25769803776,2147483648,18282168320,765329408
209,1790457021104,4,4,4,4,4,4,4,4,4,4,78.32058715820313,76.61759185791016,76.34798431396484,77.19670104980469,69.4295883178711,78.59432220458984,83.5,60.000003814697266,30.000001907348633,15.000000953674316,0,0,0,0,4.761904716491699,4.545454502105713,0,16.00063705444336,25769803776,2147483648,18288836608,765329408
209,1790457021314,4,4,4,4,4,4,4,4,4,4,78.32058715820313,76.61759185791016,76.34798431396484,77.19670104980469,69.4295883178711,78.59432220458984,83.5,68.18181610107422,38.095237731933594,9.523809432983398,9.523809432983398,9.523809432983398,9.523809432983398,4.545454502105713,4.761904716491699,0,0,16.00063705444336,25769803776,2147483648,18289508352,765329408
207,1790457021524,4,4,4,4,4,4,4,4,4,4,78.26701354980469,76.74444580078125,76.33142852783203,77.11089324951172,69.40419006347656,78.54397583007813,80.796875,55,42.85714340209961,23.809524536132813,5,4.761904716491699,4.761904716491699,4.545454502105713,0,0,0,16.00063705444336,25769803776,2147483648,18291621888,765329408
209,1790457021731,4,4,4,4,4,4,4,4,4,4,78.26701354980469,76.74444580078125,76.33142852783203,77.11089324951172,69.40419006347656,78.54397583007813,80.796875,61.904762268066406,33.333335876464844,10,33.333335876464844,10,9.523809432983398,5,0,0,0,16.00063705444336,25769803776,2147483648,18288230400,765329408
209,1790457021941,4,4,4,4,4,4,4,4,4,4,78.26701354980469,76.74444580078125,76.33142852783203,77.11089324951172,69.40419006347656,78.54397583007813,80.796875,28.571430206298828,50,31.81818199157715,31.81818199157715,13.636363983154297,10,0,4.761904716491699,0,4.545454502105713,15.92318058013916,25769803776,2147483648,18288230400,765329408
209,1790457022151,4,4,4,4,4,4,4,4,4,4,78.26701354980469,76.74444580078125,76.33142852783203,77.11089324951172,69.40419006347656,78.54397583007813,80.796875,80.95238494873047,25,10,4.761904716491699,4.761904716491699,9.090909004211426,0,9.090909004211426,0,0,15.92318058013916,25769803776,2147483648,18289819648,765329408
209,1790457022361,4,4,4,4,4,4,4,4,4,4,78.22832489013672,76.70697021484375,76.19923400878906,77.09953308105469,69.2019271850586,78.49291229248047,80.5625,70,33.333335876464844,9.090909004211426,0,0,0,0,4.761904716491699,0,0,15.92318058013916,25769803776,2147483648,18289885184,765329408
209,1790457022571,4,4,4,4,4,4,4,4,4,4,78.22832489013672,76.70697021484375,76.19923400878906,77.09953308105469,69.2019271850586,78.49291229248047,80.5625,56.52173614501953,45.45454788208008,25,9.090909004211426,9.523809432983398,9.523809432983398,4.545454502105713,9.090909004211426,0,4.545454502105713,15.92318058013916,25769803776,2147483648,18289557504,765329408
209,1790457022781,4,4,4,4,4,4,4,4,4,4,78.22832489013672,76.70697021484375,76.19923400878906,77.09953308105469,69.2019271850586,78.49291229248047,80.5625,75,30.000001907348633,13.636363983154297,10,9.523809432983398,9.523809432983398,0,0,0,0,15.92318058013916,25769803776,2147483648,18288607232,765329408
209,1790457022991,4,4,4,4,4,4,4,4,4,4,78.22832489013672,76.70697021484375,76.19923400878906,77.09953308105469,69.2019271850586,78.49291229248047,80.5625,23.809524536132813,57.142860412597656,20,18.18181800842285,25,9.523809432983398,0,4.761904716491699,0,0,15.988739013671875,25769803776,2147483648,18282184704,765329408
209,1790457023201,4,4,4,4,4,4,4,4,4,4,78.22832489013672,76.70697021484375,76.19923400878906,77.09953308105469,69.2019271850586,78.49291229248047,80.5625,75,33.333335876464844,9.523809432983398,9.523809432983398,9.523809432983398,5,0,9.090909004211426,0,0,15.988739013671875,25769803776,2147483648,18290294784,765329408
209,1790457023411,4,4,4,4,4,4,4,4,4,4,78.21929931640625,76.60047912597656,76.33949279785156,77.09088897705078,69.50932312011719,78.48426055908203,82.09375,59.09090805053711,42.85714340209961,9.090909004211426,0,0,4.545454502105713,4.545454502105713,4.761904716491699,4.545454502105713,0,15.988739013671875,25769803776,2147483648,18290327552,765329408
209,1790457023621,4,4,4,4,4,4,4,4,4,4,78.21929931640625,76.60047912597656,76.33949279785156,77.09088897705078,69.50932312011719,78.48426055908203,82.09375,61.904762268066406,45,25,10,9.523809432983398,9.523809432983398,0,4.761904716491699,0,0,15.988739013671875,25769803776,2147483648,18290327552,765329408
209,1790457023831,4,4,4,4,4,4,4,4,4,4,78.21929931640625,76.60047912597656,76.33949279785156,77.09088897705078,69.50932312011719,78.48426055908203,82.09375,60.000003814697266,45.45454788208008,13.636363983154297,13.636363983154297,9.523809432983398,4.761904716491699,0,4.761904716491699,0,0,15.988739013671875,25769803776,2147483648,18290327552,765329408
209,1790457024041,4,4,4,4,4,4,4,4,4,4,78.21929931640625,76.60047912597656,76.33949279785156,77.09088897705078,69.50932312011719,78.48426055908203,82.09375,45.45454788208008,45,19.047618865966797,15.000000953674316,9.523809432983398,19.047618865966797,0,4.761904716491699,0,0,15.91789436340332,25769803776,2147483648,18290327552,765329408
209,1790457024251,4,4,4,4,4,4,4,4,4,4,78.21929931640625,76.60047912597656,76.33949279785156,77.09088897705078,69.50932312011719,78.48426055908203,82.09375,66.66667175292969,33.333335876464844,14.285715103149414,9.523809432983398,4.761904716491699,9.523809432983398,0,9.523809432983398,4.545454502105713,0,15.91789436340332,25769803776,2147483648,18289950720,765329408
209,1790457024461,4,4,4,4,4,4,4,4,4,4,78.24272918701172,76.55140686035156,76.21935272216797,77.09207153320313,69.29164123535156,78.5280990600586,83.5,60.000003814697266,33.333335876464844,5,0,4.761904716491699,0,0,0,0,0,15.91789436340332,25769803776,2147483648,18290294784,765329408
209,1790457024671,4,4,4,4,4,4,4,4,4,4,78.24272918701172,76.55140686035156,76.21935272216797,77.09207153320313,69.29164123535156,78.5280990600586,83.5,63.6363639831543,47.619049072265625,15.000000953674316,13.636363983154297,9.090909004211426,5,9.090909004211426,4.761904716491699,0,0,15.91789436340332,25769803776,2147483648,18290294784,765329408
209,1790457024881,4,4,4,4,4,4,4,4,4,4,78.24272918701172,76.55140686035156,76.21935272216797,77.09207153320313,69.29164123535156,78.5280990600586,83.5,40,40,13.636363983154297,15.000000953674316,30.000001907348633,9.523809432983398,0,9.090909004211426,0,0,16.00081443786621,25769803776,2147483648,18290294784,765329408
209,1790457025091,4,4,4,4,4,4,4,4,4,4,78.24272918701172,76.55140686035156,76.21935272216797,77.09207153320313,69.29164123535156,78.5280990600586,83.5,33.333335876464844,40.90909194946289,19.047618865966797,28.571430206298828,19.047618865966797,9.090909004211426,0,4.761904716491699,4.545454502105713,0,16.00081443786621,25769803776,2147483648,18290294784,765329408
209,1790457025301,4,4,4,4,4,4,4,4,4,4,78.24272918701172,76.55140686035156,76.21935272216797,77.09207153320313,69.29164123535156,78.5280990600586,83.5,71.42857360839844,23.809524536132813,25,5,4.761904716491699,9.523809432983398,0,0,0,0,16.00081443786621,25769803776,2147483648,18292408320,765329408
209,1790457025511,4,4,4,4,4,4,4,4,4,4,78.23626708984375,76.52540588378906,76.27986907958984,77.05406188964844,69.4286117553711,78.51409912109375,80.796875,65,30.000001907348633,9.090909004211426,4.545454502105713,0,0,0,8.69565200805664,0,0,16.00081443786621,25769803776,2147483648,18290589696,765329408
202,1790457025721,4,4,4,4,4,4,4,4,4,4,78.23626708984375,76.52540588378906,76.27986907958984,77.05406188964844,69.4286117553711,78.51409912109375,80.796875,72.7272720336914,33.333335876464844,28.571430206298828,9.523809432983398,13.636363983154297,5,5,0,0,0,16.00081443786621,25769803776,2147483648,18290589696,765329408
209,1790457025924,4,4,4,4,4,4,4,4,4,4,78.23626708984375,76.52540588378906,76.27986907958984,77.05406188964844,69.4286117553711,78.51409912109375,80.796875,60.000003814697266,20,50,10,10,14.285715103149414,0,5,0,0,15.889270782470703,25769803776,2147483648,18290589696,765329408
209,1790457026134,4,4,4,4,4,4,4,4,4,4,78.23626708984375,76.52540588378906,76.27986907958984,77.05406188964844,69.4286117553711,78.51409912109375,80.796875,40,47.619049072265625,14.285715103149414,33.333335876464844,9.523809432983398,9.523809432983398,4.545454502105713,0,0,0,15.889270782470703,25769803776,2147483648,18290589696,765329408
209,1790457026344,4,4,4,4,4,4,4,4,4,4,78.1987533569336,76.5986557006836,76.10910034179688,77.00920104980469,69.11172485351563,78.44473266601563,80.3125,68.18181610107422,38.095237731933594,14.285715103149414,9.523809432983398,5,4.761904716491699,0,9.090909004211426,0,0,15.889270782470703,25769803776,2147483648,18291900416,765329408
209,1790457026554,4,4,4,4,4,4,4,4,4,4,78.1987533569336,76.5986557006836,76.10910034179688,77.00920104980469,69.11172485351563,78.44473266601563,80.3125,65,38.095237731933594,33.333335876464844,13.636363983154297,4.761904716491699,4.761904716491699,0,4.761904716491699,0,0,15.889270782470703,25769803776,2147483648,18293112832,765329408
209,1790457026764,4,4,4,4,4,4,4,4,4,4,78.1987533569336,76.5986557006836,76.10910034179688,77.00920104980469,69.11172485351563,78.44473266601563,80.3125,47.619049072265625,52.38095474243164,28.571430206298828,5,9.523809432983398,4.761904716491699,0,9.523809432983398,4.545454502105713,4.545454502105713,15.889270782470703,25769803776,2147483648,18293112832,765329408
209,1790457026974,4,4,4,4,4,4,4,4,4,4,78.1987533569336,76.5986557006836,76.10910034179688,77.00920104980469,69.11172485351563,78.44473266601563,80.3125,36.3636360168457,55,9.523809432983398,33.333335876464844,9.523809432983398,9.523809432983398,0,4.761904716491699,0,0,15.974205017089844,25769803776,2147483648,18293112832,765329408
209,1790457027184,4,4,4,4,4,4,4,4,4,4,78.1987533569336,76.5986557006836,76.10910034179688,77.00920104980469,69.11172485351563,78.44473266601563,80.3125,50,36.3636360168457,35,5,9.523809432983398,9.523809432983398,0,0,0,0,15.974205017089844,25769803776,2147483648,18293112832,765329408
209,1790457027394,4,4,4,4,4,4,4,4,4,4,78.16815185546875,76.53562927246094,76.29763793945313,76.977783203125,69.45310974121094,78.41092681884766,80.5625,76.19047546386719,33.333335876464844,13.636363983154297,13.636363983154297,9.090909004211426,5,4.545454502105713,9.090909004211426,4.545454502105713,0,15.974205017089844,25769803776,2147483648,18294210560,765329408
202,1790457027604,4,4,4,4,4,4,4,4,4,4,78.16815185546875,76.53562927246094,76.29763793945313,76.977783203125,69.45310974121094,78.41092681884766,80.5625,50,47.619049072265625,5,0,0,0,0,5,0,0,15.974205017089844,25769803776,2147483648,18294587392,765329408
209,1790457027806,4,4,4,4,4,4,4,4,4,4,78.16815185546875,76.53562927246094,76.29763793945313,76.977783203125,69.45310974121094,78.41092681884766,80.5625,61.904762268066406,45,33.333335876464844,19.047618865966797,15.000000953674316,18.18181800842285,0,9.090909004211426,0,0,15.974205017089844,25769803776,2147483648,18287362048,765329408
209,1790457028016,4,4,4,4,4,4,4,4,4,4,78.16815185546875,76.53562927246094,76.29763793945313,76.977783203125,69.45310974121094,78.41092681884766,80.5625,50,42.85714340209961,15.000000953674316,15.000000953674316,25,10,0,5,0,0,15.918607711791992,25769803776,2147483648,18288476160,765329408
209,1790457028227,4,4,4,4,4,4,4,4,4,4,78.16815185546875,76.53562927246094,76.29763793945313,76.977783203125,69.45310974121094,78.41092681884766,80.5625,52.6315803527832,28.571430206298828,13.636363983154297,18.18181800842285,4.545454502105713,0,0,0,0,0,15.918607711791992,25769803776,2147483648,18288476160,765329408
209,1790457028437,4,4,4,4,4,4,4,4,4,4,78.1607437133789,76.44868469238281,76.19833374023438,76.96863555908203,69.3043212890625,78.38742065429688,80.3125,59.09090805053711,50,5,5,4.761904716491699,5,0,9.090909004211426,0,0,15.918607711791992,25769803776,2147483648,18295308288,765329408
209,1790457028647,4,4,4,4,4,4,4,4,4,4,78.1607437133789,76.44868469238281,76.19833374023438,76.96863555908203,69.3043212890625,78.38742065429688,80.3125,54.54545593261719,35,14.285715103149414,0,0,0,4.545454502105713,4.761904716491699,0,0,15.918607711791992,25769803776,2147483648,18295341056,765329408
209,1790457028857,4,4,4,4,4,4,4,4,4,4,78.1607437133789,76.44868469238281,76.19833374023438,76.96863555908203,69.3043212890625,78.38742065429688,80.3125,70,47.619049072265625,23.809524536132813,19.047618865966797,14.285715103149414,13.636363983154297,0,0,0,0,15.91108226776123,25769803776,2147483648,18295799808,765329408
209,1790457029067,4,4,4,4,4,4,4,4,4,4,78.1607437133789,76.44868469238281,76.19833374023438,76.96863555908203,69.3043212890625,78.38742065429688,80.3125,35,57.142860412597656,22.72727394104004,13.636363983154297,19.047618865966797,10,4.545454502105713,9.090909004211426,0,0,15.91108226776123,25769803776,2147483648,18234179584,765329408
7,1790457029277,4,4,4,4,4,4,4,4,4,4,78.1607437133789,76.44868469238281,76.19833374023438,76.96863555908203,69.3043212890625,78.38742065429688,80.3125,68.18181610107422,55,15.000000953674316,5,5,9.090909004211426,25,9.090909004211426,9.523809432983398,14.285715103149414,15.91108226776123,25769803776,2147483648,17495441408,765329408
