Delta,Time,CPU_FREQUENCY_0,CPU_FREQUENCY_1,CPU_FREQUENCY_2,CPU_FREQUENCY_3,CPU_FREQUENCY_4,CPU_FREQUENCY_5,CPU_FREQUENCY_6,CPU_FREQUENCY_7,CPU_FREQUENCY_8,CPU_FREQUENCY_9,CPU_TEMP_0,CPU_TEMP_1,CPU_TEMP_2,CPU_TEMP_3,CPU_TEMP_4,CPU_TEMP_5,CPU_TEMP_6,CPU_USAGE_0,CPU_USAGE_1,CPU_USAGE_2,CPU_USAGE_3,CPU_USAGE_4,CPU_USAGE_5,CPU_USAGE_6,CPU_USAGE_7,CPU_USAGE_8,CPU_USAGE_9,SYSTEM_POWER (Watts),TOTAL_MEMORY,TOTAL_SWAP,USED_MEMORY,USED_SWAP
0,1790455650739,4,4,4,4,4,4,4,4,4,4,75.41143798828125,78.59239196777344,78.95991516113281,74.52042388916016,73.23677062988281,75.44839477539063,89.609375,NaN,0,0,0,0,0,NaN,NaN,0,0,8.685423851013184,25769803776,2147483648,17822121984,765329408
208,1790455650740,4,4,4,4,4,4,4,4,4,4,75.41143798828125,78.59239196777344,78.95991516113281,74.52042388916016,73.23677062988281,75.44839477539063,89.609375,0,NaN,100,NaN,0,0,0,100,NaN,0,8.685423851013184,25769803776,2147483648,17822121984,765329408
204,1790455650948,4,4,4,4,4,4,4,4,4,4,75.41143798828125,78.59239196777344,78.95991516113281,74.52042388916016,73.23677062988281,75.44839477539063,89.609375,25,19.047618865966797,15.789472579956055,14.285715103149414,14.285715103149414,10,50,61.904762268066406,33.333335876464844,66.66667175292969,8.606856346130371,25769803776,2147483648,17822121984,765329408
209,1790455651153,4,4,4,4,4,4,4,4,4,4,75.41143798828125,78.59239196777344,78.95991516113281,74.52042388916016,73.23677062988281,75.44839477539063,89.609375,21.052631378173828,15.000000953674316,14.285715103149414,10,15.000000953674316,14.285715103149414,50,95,30.000001907348633,25,8.606856346130371,25769803776,2147483648,17822121984,765329408
209,1790455651363,4,4,4,4,4,4,4,4,4,4,79.47541809082031,82.83978271484375,85.70053100585938,78.75108337402344,82.33670806884766,81.00101470947266,104.078125,23.809524536132813,22.72727394104004,18.18181800842285,14.285715103149414,13.636363983154297,9.523809432983398,61.904762268066406,100,33.333335876464844,14.285715103149414,8.606856346130371,25769803776,2147483648,17822121984,765329408
209,1790455651573,4,4,4,4,4,4,4,4,4,4,79.47541809082031,82.83978271484375,85.70053100585938,78.75108337402344,82.33670806884766,81.00101470947266,104.078125,18.18181800842285,14.285715103149414,5,9.523809432983398,5,9.523809432983398,31.81818199157715,75,25,14.285715103149414,8.606856346130371,25769803776,2147483648,18445811712,765329408
209,1790455651783,4,4,4,4,4,4,4,4,4,4,79.47541809082031,82.83978271484375,85.70053100585938,78.75108337402344,82.33670806884766,81.00101470947266,104.078125,23.809524536132813,9.523809432983398,9.523809432983398,4.761904716491699,0,4.761904716491699,35,38.095237731933594,34.78260803222656,4.761904716491699,8.606856346130371,25769803776,2147483648,18432327680,765329408
209,1790455651993,4,4,4,4,4,4,4,4,4,4,79.47541809082031,82.83978271484375,85.70053100585938,78.75108337402344,82.33670806884766,81.00101470947266,104.078125,25,10,14.285715103149414,9.523809432983398,9.523809432983398,9.523809432983398,31.81818199157715,66.66667175292969,9.523809432983398,4.761904716491699,8.637081146240234,25769803776,2147483648,18435702784,765329408
204,1790455652203,4,4,4,4,4,4,4,4,4,4,79.47541809082031,82.83978271484375,85.70053100585938,78.75108337402344,82.33670806884766,81.00101470947266,104.078125,19.047618865966797,19.047618865966797,14.285715103149414,14.285715103149414,13.636363983154297,5,52.6315803527832,40.90909194946289,5,14.285715103149414,8.637081146240234,25769803776,2147483648,18433523712,765329408
204,1790455652408,4,4,4,4,4,4,4,4,4,4,84.0934066772461,82.32964324951172,82.54318237304688,81.68437194824219,77.03272247314453,84.4958724975586,104.078125,30.000001907348633,10,5,9.523809432983398,10,14.285715103149414,63.6363639831543,30.000001907348633,5,4.761904716491699,8.637081146240234,25769803776,2147483648,18433523712,765329408
200,1790455652613,4,4,4,4,4,4,4,4,4,4,84.0934066772461,82.32964324951172,82.54318237304688,81.68437194824219,77.03272247314453,84.4958724975586,104.078125,20,10,10,9.523809432983398,5,4.761904716491699,55,40,13.636363983154297,5.263157844543457,8.637081146240234,25769803776,2147483648,18427772928,765329408
202,1790455652814,4,4,4,4,4,4,4,4,4,4,84.0934066772461,82.32964324951172,82.54318237304688,81.68437194824219,77.03272247314453,84.4958724975586,104.078125,25,15.000000953674316,14.285715103149414,10.526315689086914,10,10,60.000003814697266,25,0,19.047618865966797,8.637081146240234,25769803776,2147483648,18420531200,765329408
201,1790455653017,4,4,4,4,4,4,4,4,4,4,84.0934066772461,82.32964324951172,82.54318237304688,81.68437194824219,77.03272247314453,84.4958724975586,104.078125,25,20,10,9.523809432983398,9.523809432983398,5.263157844543457,52.38095474243164,23.809524536132813,14.285715103149414,25,19.607990264892578,25769803776,2147483648,18423578624,765329408
206,1790455653218,4,4,4,4,4,4,4,4,4,4,84.0934066772461,82.32964324951172,82.54318237304688,81.68437194824219,77.03272247314453,84.4958724975586,104.078125,28.571430206298828,14.285715103149414,10,5.263157844543457,5.263157844543457,9.523809432983398,40,30.000001907348633,15.000000953674316,15.000000953674316,19.607990264892578,25769803776,2147483648,18418139136,765329408
209,1790455653424,4,4,4,4,4,4,4,4,4,4,91.67766571044922,86.37000274658203,84.61515045166016,89.33033752441406,78.50543212890625,91.73294067382813,101.0625,25,10,10,9.523809432983398,9.523809432983398,5,70,28.571430206298828,10,4.761904716491699,19.607990264892578,25769803776,2147483648,18418139136,765329408
209,1790455653634,4,4,4,4,4,4,4,4,4,4,91.67766571044922,86.37000274658203,84.61515045166016,89.33033752441406,78.50543212890625,91.73294067382813,101.0625,22.72727394104004,14.285715103149414,14.285715103149414,9.523809432983398,9.523809432983398,13.636363983154297,71.42857360839844,30.000001907348633,9.523809432983398,9.523809432983398,19.607990264892578,25769803776,2147483648,18405933056,765329408
207,1790455653845,4,4,4,4,4,4,4,4,4,4,91.67766571044922,86.37000274658203,84.61515045166016,89.33033752441406,78.50543212890625,91.73294067382813,101.0625,20,14.285715103149414,9.523809432983398,9.523809432983398,9.523809432983398,5,57.142860412597656,28.571430206298828,14.285715103149414,0,36.9981689453125,25769803776,2147483648,18409521152,765329408
204,1790455654052,4,4,4,4,4,4,4,4,4,4,91.67766571044922,86.37000274658203,84.61515045166016,89.33033752441406,78.50543212890625,91.73294067382813,101.0625,14.285715103149414,14.285715103149414,9.523809432983398,14.285715103149414,5,9.523809432983398,52.38095474243164,19.047618865966797,38.095237731933594,4.761904716491699,36.9981689453125,25769803776,2147483648,18412552192,765329408
209,1790455654257,4,4,4,4,4,4,4,4,4,4,91.67766571044922,86.37000274658203,84.61515045166016,89.33033752441406,78.50543212890625,91.73294067382813,101.0625,20,20,10,10,9.523809432983398,5,30.000001907348633,55,4.761904716491699,15.000000953674316,36.9981689453125,25769803776,2147483648,18412404736,765329408
209,1790455654467,4,4,4,4,4,4,4,4,4,4,95.00102996826172,90.07528686523438,88.02268981933594,92.21060180664063,81.83342742919922,95.52350616455078,103.609375,23.809524536132813,9.523809432983398,13.636363983154297,4.761904716491699,5,9.090909004211426,61.904762268066406,22.72727394104004,9.523809432983398,18.18181800842285,36.9981689453125,25769803776,2147483648,18405736448,765329408
207,1790455654677,4,4,4,4,4,4,4,4,4,4,95.00102996826172,90.07528686523438,88.02268981933594,92.21060180664063,81.83342742919922,95.52350616455078,103.609375,20,14.285715103149414,15.000000953674316,14.285715103149414,13.636363983154297,5,47.619049072265625,28.571430206298828,35,10,36.9981689453125,25769803776,2147483648,18407407616,765329408
201,1790455654885,4,4,4,4,4,4,4,4,4,4,95.00102996826172,90.07528686523438,88.02268981933594,92.21060180664063,81.83342742919922,95.52350616455078,103.609375,31.81818199157715,15.000000953674316,10,5,10,14.285715103149414,25,71.42857360839844,4.761904716491699,0,36.360130310058594,25769803776,2147483648,18407243776,765329408
209,1790455655086,4,4,4,4,4,4,4,4,4,4,95.00102996826172,90.07528686523438,88.02268981933594,92.21060180664063,81.83342742919922,95.52350616455078,103.609375,15.789472579956055,9.523809432983398,9.523809432983398,10,5,0,50,35,30.000001907348633,5,36.360130310058594,25769803776,2147483648,18415239168,765329408
209,1790455655296,4,4,4,4,4,4,4,4,4,4,95.00102996826172,90.07528686523438,88.02268981933594,92.21060180664063,81.83342742919922,95.52350616455078,103.609375,28.571430206298828,14.285715103149414,10,9.523809432983398,9.523809432983398,9.523809432983398,50,20,0,28.571430206298828,36.360130310058594,25769803776,2147483648,18415239168,765329408
199,1790455655506,4,4,4,4,4,4,4,4,4,4,95.12763214111328,91.11128997802734,89.74664306640625,92.70533752441406,83.74120330810547,95.9176254272461,104.078125,20,10,13.636363983154297,9.523809432983398,9.090909004211426,9.523809432983398,66.66667175292969,22.72727394104004,18.18181800842285,4.761904716491699,36.360130310058594,25769803776,2147483648,18415239168,765329408
205,1790455655706,4,4,4,4,4,4,4,4,4,4,95.12763214111328,91.11128997802734,89.74664306640625,92.70533752441406,83.74120330810547,95.9176254272461,104.078125,25,15.000000953674316,10.526315689086914,14.285715103149414,10.526315689086914,5.263157844543457,35,21.052631378173828,35,21.052631378173828,36.360130310058594,25769803776,2147483648,18414714880,765329408
206,1790455655912,4,4,4,4,4,4,4,4,4,4,95.12763214111328,91.11128997802734,89.74664306640625,92.70533752441406,83.74120330810547,95.9176254272461,104.078125,23.809524536132813,10,9.523809432983398,5,4.761904716491699,9.523809432983398,70,20,4.761904716491699,9.090909004211426,33.045692443847656,25769803776,2147483648,18419449856,765329408
200,1790455656119,4,4,4,4,4,4,4,4,4,4,95.12763214111328,91.11128997802734,89.74664306640625,92.70533752441406,83.74120330810547,95.9176254272461,104.078125,30.000001907348633,19.047618865966797,15.000000953674316,9.523809432983398,5,4.761904716491699,52.38095474243164,28.571430206298828,20,20,33.045692443847656,25769803776,2147483648,18411241472,765329408
207,1790455656320,4,4,4,4,4,4,4,4,4,4,95.12763214111328,91.11128997802734,89.74664306640625,92.70533752441406,83.74120330810547,95.9176254272461,104.078125,21.052631378173828,20,14.285715103149414,10.526315689086914,14.285715103149414,14.285715103149414,35,35,25,0,33.045692443847656,25769803776,2147483648,18412322816,765329408
209,1790455656528,4,4,4,4,4,4,4,4,4,4,91.7091293334961,90.23664093017578,88.40209197998047,89.71101379394531,82.00460815429688,92.72021484375,101.28125,18.18181800842285,9.523809432983398,9.523809432983398,9.090909004211426,9.523809432983398,0,38.095237731933594,36.3636360168457,47.619049072265625,9.523809432983398,33.045692443847656,25769803776,2147483648,18413207552,765329408
204,1790455656738,4,4,4,4,4,4,4,4,4,4,91.7091293334961,90.23664093017578,88.40209197998047,89.71101379394531,82.00460815429688,92.72021484375,101.28125,30.000001907348633,15.000000953674316,10,5.263157844543457,10,14.285715103149414,50,42.85714340209961,4.761904716491699,9.090909004211426,33.045692443847656,25769803776,2147483648,18418188288,765329408
199,1790455656942,4,4,4,4,4,4,4,4,4,4,91.7091293334961,90.23664093017578,88.40209197998047,89.71101379394531,82.00460815429688,92.72021484375,101.28125,23.809524536132813,14.285715103149414,10.526315689086914,9.523809432983398,14.285715103149414,19.047618865966797,47.619049072265625,33.333335876464844,15.000000953674316,10.526315689086914,25.045560836791992,25769803776,2147483648,18421497856,765329408
202,1790455657143,4,4,4,4,4,4,4,4,4,4,91.7091293334961,90.23664093017578,88.40209197998047,89.71101379394531,82.00460815429688,92.72021484375,101.28125,26.3157901763916,15.789472579956055,19.047618865966797,14.285715103149414,5.263157844543457,5.263157844543457,31.57894515991211,15.789472579956055,5,47.619049072265625,25.045560836791992,25769803776,2147483648,18421497856,765329408
207,1790455657345,4,4,4,4,4,4,4,4,4,4,89.9012222290039,88.75146484375,87.9441146850586,88.27840423583984,81.85557556152344,90.68255615234375,100.359375,25,15.000000953674316,10,10,10,9.523809432983398,31.81818199157715,65,10,9.523809432983398,25.045560836791992,25769803776,2147483648,18421497856,765329408
209,1790455657552,4,4,4,4,4,4,4,4,4,4,89.9012222290039,88.75146484375,87.9441146850586,88.27840423583984,81.85557556152344,90.68255615234375,100.359375,33.333335876464844,22.72727394104004,14.285715103149414,10,14.285715103149414,14.285715103149414,50,28.571430206298828,9.523809432983398,31.57894515991211,25.045560836791992,25769803776,2147483648,18421497856,765329408
205,1790455657762,4,4,4,4,4,4,4,4,4,4,89.9012222290039,88.75146484375,87.9441146850586,88.27840423583984,81.85557556152344,90.68255615234375,100.359375,25,5,9.523809432983398,9.090909004211426,4.761904716491699,4.761904716491699,76.19047546386719,14.285715103149414,4.761904716491699,0,25.045560836791992,25769803776,2147483648,18417696768,765329408
203,1790455657968,4,4,4,4,4,4,4,4,4,4,89.9012222290039,88.75146484375,87.9441146850586,88.27840423583984,81.85557556152344,90.68255615234375,100.359375,22.72727394104004,15.000000953674316,10,10,10,5.263157844543457,30.000001907348633,52.38095474243164,23.809524536132813,23.809524536132813,23.987991333007813,25769803776,2147483648,18408882176,765329408
200,1790455658172,4,4,4,4,4,4,4,4,4,4,89.9012222290039,88.75146484375,87.9441146850586,88.27840423583984,81.85557556152344,90.68255615234375,100.359375,15.789472579956055,9.523809432983398,5,4.761904716491699,4.761904716491699,9.090909004211426,45,47.36842346191406,4.761904716491699,0,23.987991333007813,25769803776,2147483648,18415812608,765329408
209,1790455658372,4,4,4,4,4,4,4,4,4,4,86.12288665771484,86.74906921386719,85.51153564453125,84.86239624023438,78.93229675292969,86.54200744628906,95.921875,30.000001907348633,15.000000953674316,14.285715103149414,5.555555820465088,10,5.263157844543457,66.66667175292969,19.047618865966797,31.57894515991211,5,23.987991333007813,25769803776,2147483648,18411503616,765329408
209,1790455658582,4,4,4,4,4,4,4,4,4,4,86.12288665771484,86.74906921386719,85.51153564453125,84.86239624023438,78.93229675292969,86.54200744628906,95.921875,23.809524536132813,10,10,9.090909004211426,9.523809432983398,4.761904716491699,75,15.000000953674316,5,9.090909004211426,23.987991333007813,25769803776,2147483648,18418368512,765329408
209,1790455658793,4,4,4,4,4,4,4,4,4,4,86.12288665771484,86.74906921386719,85.51153564453125,84.86239624023438,78.93229675292969,86.54200744628906,95.921875,22.72727394104004,14.285715103149414,13.636363983154297,14.285715103149414,9.523809432983398,13.636363983154297,28.571430206298828,27.272727966308594,9.090909004211426,47.619049072265625,23.987991333007813,25769803776,2147483648,18411732992,765329408
207,1790455659003,4,4,4,4,4,4,4,4,4,4,86.12288665771484,86.74906921386719,85.51153564453125,84.86239624023438,78.93229675292969,86.54200744628906,95.921875,15.000000953674316,9.523809432983398,5,9.523809432983398,9.523809432983398,9.523809432983398,71.42857360839844,33.333335876464844,14.285715103149414,0,19.711013793945313,25769803776,2147483648,18417614848,765329408
200,1790455659210,4,4,4,4,4,4,4,4,4,4,86.12288665771484,86.74906921386719,85.51153564453125,84.86239624023438,78.93229675292969,86.54200744628906,95.921875,19.047618865966797,14.285715103149414,9.523809432983398,5,5,5,23.809524536132813,25,33.333335876464844,31.81818199157715,19.711013793945313,25769803776,2147483648,18417188864,765329408
207,1790455659411,4,4,4,4,4,4,4,4,4,4,83.58975219726563,83.57115173339844,82.51087188720703,82.4522705078125,75.74507141113281,84.12266540527344,91.015625,30.000001907348633,15.000000953674316,10,10,9.523809432983398,9.523809432983398,65,28.571430206298828,20,0,19.711013793945313,25769803776,2147483648,18417958912,765329408
202,1790455659619,4,4,4,4,4,4,4,4,4,4,83.58975219726563,83.57115173339844,82.51087188720703,82.4522705078125,75.74507141113281,84.12266540527344,91.015625,20,19.047618865966797,14.285715103149414,13.636363983154297,10,5.263157844543457,52.38095474243164,40,4.761904716491699,18.18181800842285,19.711013793945313,25769803776,2147483648,18417958912,765329408
209,1790455659822,4,4,4,4,4,4,4,4,4,4,83.58975219726563,83.57115173339844,82.51087188720703,82.4522705078125,75.74507141113281,84.12266540527344,91.015625,30.000001907348633,15.000000953674316,10,5.263157844543457,9.523809432983398,5,57.142860412597656,45,5.263157844543457,0,19.711013793945313,25769803776,2147483648,18418679808,765329408
209,1790455660031,4,4,4,4,4,4,4,4,4,4,83.58975219726563,83.57115173339844,82.51087188720703,82.4522705078125,75.74507141113281,84.12266540527344,91.015625,23.809524536132813,14.285715103149414,10,13.636363983154297,5,9.523809432983398,25,57.142860412597656,22.72727394104004,4.761904716491699,12.918529510498047,25769803776,2147483648,18417238016,765329408
209,1790455660241,4,4,4,4,4,4,4,4,4,4,83.58975219726563,83.57115173339844,82.51087188720703,82.4522705078125,75.74507141113281,84.12266540527344,91.015625,23.809524536132813,14.285715103149414,9.523809432983398,5,9.523809432983398,4.761904716491699,50,18.18181800842285,15.000000953674316,27.272727966308594,12.918529510498047,25769803776,2147483648,18417238016,765329408
201,1790455660451,4,4,4,4,4,4,4,4,4,4,82.73040771484375,82.82059478759766,82.02911376953125,81.5426254272461,75.44925689697266,83.09176635742188,89.96875,23.809524536132813,10,13.636363983154297,9.523809432983398,9.090909004211426,13.636363983154297,22.72727394104004,14.285715103149414,9.090909004211426,68.42105102539063,12.918529510498047,25769803776,2147483648,18417238016,765329408
209,1790455660653,4,4,4,4,4,4,4,4,4,4,82.73040771484375,82.82059478759766,82.02911376953125,81.5426254272461,75.44925689697266,83.09176635742188,89.96875,20,14.285715103149414,10,10,10,5,61.904762268066406,15.000000953674316,36.842105865478516,9.090909004211426,12.918529510498047,25769803776,2147483648,18417238016,765329408
201,1790455660863,4,4,4,4,4,4,4,4,4,4,82.73040771484375,82.82059478759766,82.02911376953125,81.5426254272461,75.44925689697266,83.09176635742188,89.96875,23.809524536132813,20,5,4.761904716491699,5,9.523809432983398,35,35,31.81818199157715,0,15.014745712280273,25769803776,2147483648,18418221056,765329408
204,1790455661065,4,4,4,4,4,4,4,4,4,4,82.73040771484375,82.82059478759766,82.02911376953125,81.5426254272461,75.44925689697266,83.09176635742188,89.96875,15.789472579956055,15.000000953674316,15.000000953674316,14.285715103149414,9.523809432983398,5,40,60.000003814697266,10,9.523809432983398,15.014745712280273,25769803776,2147483648,18413060096,765329408
200,1790455661270,4,4,4,4,4,4,4,4,4,4,82.73040771484375,82.82059478759766,82.02911376953125,81.5426254272461,75.44925689697266,83.09176635742188,89.96875,23.809524536132813,19.047618865966797,9.523809432983398,5,5,10,55,20,25,4.761904716491699,15.014745712280273,25769803776,2147483648,18409373696,765329408
209,1790455661470,4,4,4,4,4,4,4,4,4,4,83.424560546875,82.60208892822266,81.65250396728516,81.63826751708984,75.0631332397461,84.07463073730469,90.3125,20,15.000000953674316,10,5.263157844543457,10,5,55,33.333335876464844,25,0,15.014745712280273,25769803776,2147483648,18407899136,765329408
209,1790455661680,4,4,4,4,4,4,4,4,4,4,83.424560546875,82.60208892822266,81.65250396728516,81.63826751708984,75.0631332397461,84.07463073730469,90.3125,25,20,10,13.636363983154297,9.523809432983398,9.523809432983398,76.19047546386719,23.809524536132813,0,4.545454502105713,15.014745712280273,25769803776,2147483648,18407899136,765329408
208,1790455661890,4,4,4,4,4,4,4,4,4,4,83.424560546875,82.60208892822266,81.65250396728516,81.63826751708984,75.0631332397461,84.07463073730469,90.3125,19.047618865966797,13.636363983154297,13.636363983154297,9.523809432983398,9.523809432983398,9.090909004211426,63.6363639831543,33.333335876464844,14.285715103149414,9.090909004211426,16.780845642089844,25769803776,2147483648,18406014976,765329408
200,1790455662099,4,4,4,4,4,4,4,4,4,4,83.424560546875,82.60208892822266,81.65250396728516,81.63826751708984,75.0631332397461,84.07463073730469,90.3125,23.809524536132813,10,15.000000953674316,5,5,5.263157844543457,55,18.18181800842285,0,30.000001907348633,16.780845642089844,25769803776,2147483648,18404163584,765329408
200,1790455662299,4,4,4,4,4,4,4,4,4,4,83.424560546875,82.60208892822266,81.65250396728516,81.63826751708984,75.0631332397461,84.07463073730469,90.3125,30.000001907348633,14.285715103149414,10,10,9.523809432983398,9.523809432983398,57.142860412597656,36.842105865478516,20,10,16.780845642089844,25769803776,2147483648,18393874432,765329408
208,1790455662501,4,4,4,4,4,4,4,4,4,4,82.53700256347656,83.5154800415039,81.9049301147461,81.19105529785156,75.17391204833984,82.88290405273438,91.25,25,10.526315689086914,10,10,5.263157844543457,10,47.36842346191406,25,4.761904716491699,25,16.780845642089844,25769803776,2147483648,18392039424,765329408
207,1790455662710,4,4,4,4,4,4,4,4,4,4,82.53700256347656,83.5154800415039,81.9049301147461,81.19105529785156,75.17391204833984,82.88290405273438,91.25,20,14.285715103149414,14.285715103149414,9.523809432983398,9.523809432983398,4.761904716491699,50,38.095237731933594,14.285715103149414,19.047618865966797,16.780845642089844,25769803776,2147483648,18394890240,765329408
200,1790455662917,4,4,4,4,4,4,4,4,4,4,82.53700256347656,83.5154800415039,81.9049301147461,81.19105529785156,75.17391204833984,82.88290405273438,91.25,33.333335876464844,10.526315689086914,10,5,9.523809432983398,10,75,25,4.761904716491699,0,16.94417381286621,25769803776,2147483648,18393038848,765329408
209,1790455663118,4,4,4,4,4,4,4,4,4,4,82.53700256347656,83.5154800415039,81.9049301147461,81.19105529785156,75.17391204833984,82.88290405273438,91.25,21.052631378173828,18.18181800842285,14.285715103149414,14.285715103149414,10,5,45,25,42.105262756347656,9.523809432983398,16.94417381286621,25769803776,2147483648,18395578368,765329408
209,1790455663328,4,4,4,4,4,4,4,4,4,4,82.53700256347656,83.5154800415039,81.9049301147461,81.19105529785156,75.17391204833984,82.88290405273438,91.25,19.047618865966797,5.263157844543457,10,5,5,9.523809432983398,27.272727966308594,52.38095474243164,23.809524536132813,0,16.94417381286621,25769803776,2147483648,18395529216,765329408
205,1790455663538,4,4,4,4,4,4,4,4,4,4,82.57449340820313,82.58678436279297,81.6677474975586,80.95162200927734,75.13754272460938,83.05064392089844,90.203125,14.285715103149414,13.636363983154297,13.636363983154297,9.523809432983398,9.523809432983398,4.761904716491699,75,19.047618865966797,9.523809432983398,18.18181800842285,16.94417381286621,25769803776,2147483648,18395529216,765329408
209,1790455663744,4,4,4,4,4,4,4,4,4,4,82.57449340820313,82.58678436279297,81.6677474975586,80.95162200927734,75.13754272460938,83.05064392089844,90.203125,30.000001907348633,15.000000953674316,10,13.636363983154297,13.636363983154297,14.285715103149414,60.000003814697266,42.85714340209961,4.761904716491699,0,16.94417381286621,25769803776,2147483648,18395529216,765329408
208,1790455663954,4,4,4,4,4,4,4,4,4,4,82.57449340820313,82.58678436279297,81.6677474975586,80.95162200927734,75.13754272460938,83.05064392089844,90.203125,27.272727966308594,9.523809432983398,14.285715103149414,5,5,4.761904716491699,50,38.095237731933594,15.000000953674316,10,16.379230499267578,25769803776,2147483648,18396643328,765329408
202,1790455664162,4,4,4,4,4,4,4,4,4,4,82.57449340820313,82.58678436279297,81.6677474975586,80.95162200927734,75.13754272460938,83.05064392089844,90.203125,28.571430206298828,14.285715103149414,5,9.523809432983398,9.090909004211426,9.523809432983398,57.142860412597656,23.809524536132813,4.545454502105713,22.72727394104004,16.379230499267578,25769803776,2147483648,18395250688,765329408
204,1790455664365,4,4,4,4,4,4,4,4,4,4,82.02362823486328,82.91767883300781,81.3968276977539,80.59659576416016,74.70059967041016,82.38740539550781,89.5,20,10.526315689086914,14.285715103149414,10,5.263157844543457,5,73.68421173095703,25,20,5,16.379230499267578,25769803776,2147483648,18399739904,765329408
203,1790455664570,4,4,4,4,4,4,4,4,4,4,82.02362823486328,82.91767883300781,81.3968276977539,80.59659576416016,74.70059967041016,82.38740539550781,89.5,30.000001907348633,14.285715103149414,10,9.523809432983398,9.523809432983398,5,80,15.000000953674316,4.761904716491699,0,16.379230499267578,25769803776,2147483648,18399739904,765329408
209,1790455664773,4,4,4,4,4,4,4,4,4,4,82.02362823486328,82.91767883300781,81.3968276977539,80.59659576416016,74.70059967041016,82.38740539550781,89.5,25,15.000000953674316,10,10,5.263157844543457,9.523809432983398,80.95238494873047,19.047618865966797,15.000000953674316,5,16.379230499267578,25769803776,2147483648,18399739904,765329408
201,1790455664983,4,4,4,4,4,4,4,4,4,4,82.02362823486328,82.91767883300781,81.3968276977539,80.59659576416016,74.70059967041016,82.38740539550781,89.5,20,14.285715103149414,13.636363983154297,9.523809432983398,13.043478012084961,5,5,61.904762268066406,25,0,16.43263816833496,25769803776,2147483648,18398527488,765329408
209,1790455665185,4,4,4,4,4,4,4,4,4,4,82.02362823486328,82.91767883300781,81.3968276977539,80.59659576416016,74.70059967041016,82.38740539550781,89.5,19.047618865966797,10,5.263157844543457,5,0,9.523809432983398,59.09090805053711,35,23.809524536132813,10,16.43263816833496,25769803776,2147483648,18398806016,765329408
201,1790455665395,4,4,4,4,4,4,4,4,4,4,81.86902618408203,82.58377075195313,81.17581176757813,80.00202178955078,74.51065063476563,82.35819244384766,88.90625,50,19.047618865966797,28.571430206298828,10,19.047618865966797,10,55,19.047618865966797,4.761904716491699,22.72727394104004,16.43263816833496,25769803776,2147483648,18398052352,765329408
206,1790455665597,4,4,4,4,4,4,4,4,4,4,81.86902618408203,82.58377075195313,81.17581176757813,80.00202178955078,74.51065063476563,82.35819244384766,88.90625,25,23.809524536132813,5,9.523809432983398,0,4.761904716491699,55,35,15.000000953674316,15.000000953674316,16.43263816833496,25769803776,2147483648,18391465984,765329408
209,1790455665803,4,4,4,4,4,4,4,4,4,4,81.86902618408203,82.58377075195313,81.17581176757813,80.00202178955078,74.51065063476563,82.35819244384766,88.90625,31.81818199157715,15.000000953674316,14.285715103149414,10,13.636363983154297,10,55,25,5,10,16.43263816833496,25769803776,2147483648,18391465984,765329408
204,1790455666013,4,4,4,4,4,4,4,4,4,4,81.86902618408203,82.58377075195313,81.17581176757813,80.00202178955078,74.51065063476563,82.35819244384766,88.90625,10.526315689086914,10,9.523809432983398,4.761904716491699,9.523809432983398,4.761904716491699,40.90909194946289,50,18.18181800842285,19.047618865966797,16.14570426940918,25769803776,2147483648,18392662016,765329408
209,1790455666218,4,4,4,4,4,4,4,4,4,4,81.86902618408203,82.58377075195313,81.17581176757813,80.00202178955078,74.51065063476563,82.35819244384766,88.90625,23.809524536132813,23.809524536132813,14.285715103149414,14.285715103149414,10,10,15.000000953674316,65,0,15.000000953674316,16.14570426940918,25769803776,2147483648,18390810624,765329408
209,1790455666428,4,4,4,4,4,4,4,4,4,4,81.71721649169922,81.70115661621094,81.39486694335938,80.5814437866211,75.13285064697266,82.02616119384766,89.375,19.047618865966797,10,10,5,4.761904716491699,9.090909004211426,45,52.38095474243164,19.047618865966797,9.090909004211426,16.14570426940918,25769803776,2147483648,18386386944,765329408
209,1790455666638,4,4,4,4,4,4,4,4,4,4,81.71721649169922,81.70115661621094,81.39486694335938,80.5814437866211,75.13285064697266,82.02616119384766,89.375,30.000001907348633,18.18181800842285,10,13.636363983154297,9.523809432983398,5,72.7272720336914,27.272727966308594,0,0,16.14570426940918,25769803776,2147483648,18386386944,765329408
206,1790455666848,4,4,4,4,4,4,4,4,4,4,81.71721649169922,81.70115661621094,81.39486694335938,80.5814437866211,75.13285064697266,82.02616119384766,89.375,14.285715103149414,9.523809432983398,9.090909004211426,0,9.523809432983398,9.090909004211426,36.3636360168457,50,14.285715103149414,27.272727966308594,16.334138870239258,25769803776,2147483648,18386386944,765329408
208,1790455667055,4,4,4,4,4,4,4,4,4,4,81.71721649169922,81.70115661621094,81.39486694335938,80.5814437866211,75.13285064697266,82.02616119384766,89.375,25,14.285715103149414,14.285715103149414,21.7391300201416,5,10,31.57894515991211,50,0,14.285715103149414,16.334138870239258,25769803776,2147483648,18393120768,765329408
209,1790455667263,4,4,4,4,4,4,4,4,4,4,81.71721649169922,81.70115661621094,81.39486694335938,80.5814437866211,75.13285064697266,82.02616119384766,89.375,22.72727394104004,10,5,0,9.523809432983398,4.761904716491699,76.19047546386719,27.272727966308594,18.18181800842285,5,16.334138870239258,25769803776,2147483648,18395709440,765329408
201,1790455667473,4,4,4,4,4,4,4,4,4,4,81.26322937011719,82.1833724975586,81.07843780517578,79.89778900146484,74.55494689941406,81.62848663330078,88.671875,30.000001907348633,19.047618865966797,14.285715103149414,13.636363983154297,9.523809432983398,9.523809432983398,50,33.333335876464844,15.000000953674316,0,16.334138870239258,25769803776,2147483648,18394120192,765329408
208,1790455667675,4,4,4,4,4,4,4,4,4,4,81.26322937011719,82.1833724975586,81.07843780517578,79.89778900146484,74.55494689941406,81.62848663330078,88.671875,19.047618865966797,10,10,5,5,5.263157844543457,26.3157901763916,73.68421173095703,19.047618865966797,9.523809432983398,16.334138870239258,25769803776,2147483648,18388942848,765329408
209,1790455667883,4,4,4,4,4,4,4,4,4,4,81.26322937011719,82.1833724975586,81.07843780517578,79.89778900146484,74.55494689941406,81.62848663330078,88.671875,20,14.285715103149414,19.047618865966797,10,14.285715103149414,13.636363983154297,61.904762268066406,33.333335876464844,0,0,16.122268676757813,25769803776,2147483648,18388942848,765329408
209,1790455668093,4,4,4,4,4,4,4,4,4,4,81.26322937011719,82.1833724975586,81.07843780517578,79.89778900146484,74.55494689941406,81.62848663330078,88.671875,15.000000953674316,9.523809432983398,13.636363983154297,4.761904716491699,4.761904716491699,4.761904716491699,50,47.619049072265625,14.285715103149414,19.047618865966797,16.122268676757813,25769803776,2147483648,18391236608,765329408
209,1790455668303,4,4,4,4,4,4,4,4,4,4,81.26322937011719,82.1833724975586,81.07843780517578,79.89778900146484,74.55494689941406,81.62848663330078,88.671875,28.571430206298828,10,5.263157844543457,13.636363983154297,9.523809432983398,10,78.94737243652344,9.090909004211426,9.523809432983398,0,16.122268676757813,25769803776,2147483648,18396921856,765329408
209,1790455668513,4,4,4,4,4,4,4,4,4,4,81.23871612548828,82.0036849975586,81.11528015136719,79.61227416992188,74.79396057128906,81.75826263427734,89.734375,18.18181800842285,13.636363983154297,13.636363983154297,5,9.523809432983398,4.761904716491699,45.45454788208008,42.85714340209961,25,4.761904716491699,16.122268676757813,25769803776,2147483648,18397773824,765329408
204,1790455668723,4,4,4,4,4,4,4,4,4,4,81.23871612548828,82.0036849975586,81.11528015136719,79.61227416992188,74.79396057128906,81.75826263427734,89.734375,20,20,14.285715103149414,14.285715103149414,9.523809432983398,13.636363983154297,33.333335876464844,50,4.545454502105713,19.047618865966797,16.122268676757813,25769803776,2147483648,18396020736,765329408
209,1790455668928,4,4,4,4,4,4,4,4,4,4,81.23871612548828,82.0036849975586,81.11528015136719,79.61227416992188,74.79396057128906,81.75826263427734,89.734375,20,5,10,4.761904716491699,5,0,47.619049072265625,10,14.285715103149414,50,16.057743072509766,25769803776,2147483648,18396020736,765329408
206,1790455669138,4,4,4,4,4,4,4,4,4,4,81.23871612548828,82.0036849975586,81.11528015136719,79.61227416992188,74.79396057128906,81.75826263427734,89.734375,31.81818199157715,19.047618865966797,5,10,9.523809432983398,13.636363983154297,80,18.18181800842285,0,0,16.057743072509766,25769803776,2147483648,18396594176,765329408
209,1790455669345,4,4,4,4,4,4,4,4,4,4,81.28604125976563,81.8882064819336,80.44186401367188,80.11427307128906,73.75074005126953,81.66400909423828,90.3125,15.000000953674316,13.636363983154297,13.636363983154297,9.523809432983398,9.523809432983398,4.761904716491699,85.71428680419922,19.047618865966797,14.285715103149414,9.090909004211426,16.057743072509766,25769803776,2147483648,18399150080,765329408
209,1790455669555,4,4,4,4,4,4,4,4,4,4,81.28604125976563,81.8882064819336,80.44186401367188,80.11427307128906,73.75074005126953,81.66400909423828,90.3125,23.809524536132813,15.000000953674316,10,14.285715103149414,14.285715103149414,10,50,30.000001907348633,19.047618865966797,0,16.057743072509766,25769803776,2147483648,18397396992,765329408
209,1790455669765,4,4,4,4,4,4,4,4,4,4,81.28604125976563,81.8882064819336,80.44186401367188,80.11427307128906,73.75074005126953,81.66400909423828,90.3125,15.000000953674316,5,14.285715103149414,9.090909004211426,0,4.761904716491699,50,22.72727394104004,35,13.636363983154297,16.057743072509766,25769803776,2147483648,18391990272,765329408
209,1790455669975,4,4,4,4,4,4,4,4,4,4,81.28604125976563,81.8882064819336,80.44186401367188,80.11427307128906,73.75074005126953,81.66400909423828,90.3125,33.333335876464844,14.285715103149414,13.636363983154297,5.263157844543457,13.636363983154297,9.523809432983398,76.19047546386719,15.000000953674316,4.545454502105713,0,16.255399703979492,25769803776,2147483648,18391990272,765329408
206,1790455670185,4,4,4,4,4,4,4,4,4,4,81.28604125976563,81.8882064819336,80.44186401367188,80.11427307128906,73.75074005126953,81.66400909423828,90.3125,14.285715103149414,9.523809432983398,5,13.043478012084961,4.761904716491699,4.761904716491699,60.000003814697266,36.3636360168457,19.047618865966797,4.761904716491699,16.255399703979492,25769803776,2147483648,18400362496,765329408
202,1790455670392,4,4,4,4,4,4,4,4,4,4,81.21849060058594,81.91060638427734,80.23694610595703,79.42279815673828,73.45941162109375,81.84026336669922,88.671875,25,19.047618865966797,14.285715103149414,5.263157844543457,10,14.285715103149414,80.95238494873047,10,5,4.761904716491699,16.255399703979492,25769803776,2147483648,18398658560,765329408
209,1790455670595,4,4,4,4,4,4,4,4,4,4,81.21849060058594,81.91060638427734,80.23694610595703,79.42279815673828,73.45941162109375,81.84026336669922,88.671875,23.809524536132813,10,10,9.523809432983398,5,0,61.904762268066406,20,42.85714340209961,5,16.255399703979492,25769803776,2147483648,18393088000,765329408
209,1790455670805,4,4,4,4,4,4,4,4,4,4,81.21849060058594,81.91060638427734,80.23694610595703,79.42279815673828,73.45941162109375,81.84026336669922,88.671875,28.571430206298828,14.285715103149414,14.285715103149414,9.523809432983398,13.636363983154297,10,75,19.047618865966797,0,4.545454502105713,16.255399703979492,25769803776,2147483648,18398560256,765329408
209,1790455671015,4,4,4,4,4,4,4,4,4,4,81.21849060058594,81.91060638427734,80.23694610595703,79.42279815673828,73.45941162109375,81.84026336669922,88.671875,19.047618865966797,9.523809432983398,4.761904716491699,5,5,9.090909004211426,81.81818389892578,19.047618865966797,9.523809432983398,5,16.067092895507813,25769803776,2147483648,18396823552,765329408
207,1790455671225,4,4,4,4,4,4,4,4,4,4,81.21849060058594,81.91060638427734,80.23694610595703,79.42279815673828,73.45941162109375,81.84026336669922,88.671875,25,15.000000953674316,10,9.523809432983398,9.523809432983398,9.523809432983398,50,28.571430206298828,9.090909004211426,10,16.067092895507813,25769803776,2147483648,18399150080,765329408
209,1790455671433,4,4,4,4,4,4,4,4,4,4,80.91905212402344,81.8170166015625,80.08544921875,79.57069396972656,73.32853698730469,81.44695281982422,88.4375,23.809524536132813,13.636363983154297,14.285715103149414,9.523809432983398,5,4.761904716491699,33.333335876464844,50,10,31.81818199157715,16.067092895507813,25769803776,2147483648,18387582976,765329408
209,1790455671643,4,4,4,4,4,4,4,4,4,4,80.91905212402344,81.8170166015625,80.08544921875,79.57069396972656,73.32853698730469,81.44695281982422,88.4375,30.000001907348633,15.000000953674316,13.636363983154297,14.285715103149414,13.636363983154297,5,63.6363639831543,25,9.523809432983398,0,16.067092895507813,25769803776,2147483648,18387582976,765329408
204,1790455671853,4,4,4,4,4,4,4,4,4,4,80.91905212402344,81.8170166015625,80.08544921875,79.57069396972656,73.32853698730469,81.44695281982422,88.4375,14.285715103149414,9.523809432983398,5,4.761904716491699,0,9.090909004211426,30.000001907348633,38.095237731933594,40.90909194946289,9.090909004211426,15.985116004943848,25769803776,2147483648,18387582976,765329408
201,1790455672057,4,4,4,4,4,4,4,4,4,4,80.91905212402344,81.8170166015625,80.08544921875,79.57069396972656,73.32853698730469,81.44695281982422,88.4375,30.000001907348633,15.000000953674316,14.285715103149414,10,14.285715103149414,10,57.142860412597656,30.000001907348633,10,0,15.985116004943848,25769803776,2147483648,18387582976,765329408
207,1790455672259,4,4,4,4,4,4,4,4,4,4,80.91905212402344,81.8170166015625,80.08544921875,79.57069396972656,73.32853698730469,81.44695281982422,88.4375,20,10,5.263157844543457,5,5,5,40,42.85714340209961,40,5,15.985116004943848,25769803776,2147483648,18389090304,765329408
203,1790455672467,4,4,4,4,4,4,4,4,4,4,81.26365661621094,81.20791625976563,80.3890380859375,79.35297393798828,73.93291473388672,81.98734283447266,87.96875,30.000001907348633,14.285715103149414,14.285715103149414,13.636363983154297,9.523809432983398,9.523809432983398,65,33.333335876464844,0,9.090909004211426,15.985116004943848,25769803776,2147483648,18397347840,765329408
208,1790455672671,4,4,4,4,4,4,4,4,4,4,81.26365661621094,81.20791625976563,80.3890380859375,79.35297393798828,73.93291473388672,81.98734283447266,87.96875,22.72727394104004,10,10,5,5,0,42.85714340209961,10,25,45,15.985116004943848,25769803776,2147483648,18397347840,765329408
205,1790455672879,4,4,4,4,4,4,4,4,4,4,81.26365661621094,81.20791625976563,80.3890380859375,79.35297393798828,73.93291473388672,81.98734283447266,87.96875,30.000001907348633,14.285715103149414,14.285715103149414,10,9.523809432983398,13.636363983154297,60.000003814697266,33.333335876464844,0,0,15.961528778076172,25769803776,2147483648,18397347840,765329408
199,1790455673085,4,4,4,4,4,4,4,4,4,4,81.26365661621094,81.20791625976563,80.3890380859375,79.35297393798828,73.93291473388672,81.98734283447266,87.96875,15.000000953674316,14.285715103149414,5,9.523809432983398,14.285715103149414,9.523809432983398,28.571430206298828,55,40,5.263157844543457,15.961528778076172,25769803776,2147483648,18397347840,765329408
209,1790455673285,4,4,4,4,4,4,4,4,4,4,81.26365661621094,81.20791625976563,80.3890380859375,79.35297393798828,73.93291473388672,81.98734283447266,87.96875,25,10.526315689086914,10,5,10,5,65,28.571430206298828,0,0,15.961528778076172,25769803776,2147483648,18401099776,765329408
209,1790455673495,4,4,4,4,4,4,4,4,4,4,80.8536148071289,81.10874938964844,80.26126861572266,79.61073303222656,73.78054809570313,81.38683319091797,88.328125,18.18181800842285,9.523809432983398,9.523809432983398,5,4.761904716491699,0,35,30.000001907348633,9.090909004211426,47.826087951660156,15.961528778076172,25769803776,2147483648,18391810048,765329408
200,1790455673705,4,4,4,4,4,4,4,4,4,4,80.8536148071289,81.10874938964844,80.26126861572266,79.61073303222656,73.78054809570313,81.38683319091797,88.328125,30.000001907348633,14.285715103149414,13.636363983154297,13.636363983154297,10,13.636363983154297,27.272727966308594,23.809524536132813,9.523809432983398,40,15.961528778076172,25769803776,2147483648,18399805440,765329408
204,1790455673906,4,4,4,4,4,4,4,4,4,4,80.8536148071289,81.10874938964844,80.26126861572266,79.61073303222656,73.78054809570313,81.38683319091797,88.328125,20,15.000000953674316,10.526315689086914,10,5,5,35,30.000001907348633,47.36842346191406,15.000000953674316,16.04976463317871,25769803776,2147483648,18393055232,765329408
201,1790455674111,4,4,4,4,4,4,4,4,4,4,80.8536148071289,81.10874938964844,80.26126861572266,79.61073303222656,73.78054809570313,81.38683319091797,88.328125,35,5,9.523809432983398,10.526315689086914,4.761904716491699,0,35,14.285715103149414,52.38095474243164,0,16.04976463317871,25769803776,2147483648,18392285184,765329408
201,1790455674313,4,4,4,4,4,4,4,4,4,4,80.8536148071289,81.10874938964844,80.26126861572266,79.61073303222656,73.78054809570313,81.38683319091797,88.328125,25,20,14.285715103149414,14.285715103149414,10,14.285715103149414,45,45,25,14.285715103149414,16.04976463317871,25769803776,2147483648,18385895424,765329408
202,1790455674514,4,4,4,4,4,4,4,4,4,4,81.60346221923828,80.27417755126953,79.54491424560547,80.14749908447266,72.99716186523438,82.21732330322266,88.796875,25,10,0,5,5,0,66.66667175292969,20,5,0,16.04976463317871,25769803776,2147483648,18393202688,765329408
209,1790455674716,4,4,4,4,4,4,4,4,4,4,81.60346221923828,80.27417755126953,79.54491424560547,80.14749908447266,72.99716186523438,82.21732330322266,88.796875,25,14.285715103149414,15.000000953674316,14.285715103149414,10,14.285715103149414,60.000003814697266,28.571430206298828,25,0,16.04976463317871,25769803776,2147483648,18385928192,765329408
207,1790455674926,4,4,4,4,4,4,4,4,4,4,81.60346221923828,80.27417755126953,79.54491424560547,80.14749908447266,72.99716186523438,82.21732330322266,88.796875,20,14.285715103149414,9.523809432983398,5,9.523809432983398,4.761904716491699,75,15.000000953674316,13.636363983154297,4.761904716491699,15.978930473327637,25769803776,2147483648,18385928192,765329408
209,1790455675134,4,4,4,4,4,4,4,4,4,4,81.60346221923828,80.27417755126953,79.54491424560547,80.14749908447266,72.99716186523438,82.21732330322266,88.796875,22.72727394104004,10,5,9.523809432983398,9.523809432983398,9.523809432983398,31.81818199157715,52.38095474243164,14.285715103149414,9.523809432983398,15.978930473327637,25769803776,2147483648,18385928192,765329408
206,1790455675344,4,4,4,4,4,4,4,4,4,4,80.41513061523438,81.22936248779297,80.03980255126953,78.97029113769531,73.43126678466797,81.1101303100586,88.09375,19.047618865966797,9.523809432983398,13.636363983154297,9.523809432983398,4.761904716491699,9.523809432983398,65,38.095237731933594,10,4.761904716491699,15.978930473327637,25769803776,2147483648,18394071040,765329408
207,1790455675551,4,4,4,4,4,4,4,4,4,4,80.41513061523438,81.22936248779297,80.03980255126953,78.97029113769531,73.43126678466797,81.1101303100586,88.09375,20,15.000000953674316,10,9.523809432983398,10,5,38.095237731933594,19.047618865966797,19.047618865966797,40,15.978930473327637,25769803776,2147483648,18388860928,765329408
203,1790455675759,4,4,4,4,4,4,4,4,4,4,80.41513061523438,81.22936248779297,80.03980255126953,78.97029113769531,73.43126678466797,81.1101303100586,88.09375,30.000001907348633,14.285715103149414,10,9.523809432983398,9.090909004211426,9.523809432983398,75,23.809524536132813,14.285715103149414,4.761904716491699,15.978930473327637,25769803776,2147483648,18394857472,765329408
209,1790455675962,4,4,4,4,4,4,4,4,4,4,80.41513061523438,81.22936248779297,80.03980255126953,78.97029113769531,73.43126678466797,81.1101303100586,88.09375,23.809524536132813,14.285715103149414,14.285715103149414,5.263157844543457,5.263157844543457,5,40,45,10,4.761904716491699,15.869478225708008,25769803776,2147483648,18394857472,765329408
202,1790455676172,4,4,4,4,4,4,4,4,4,4,80.41513061523438,81.22936248779297,80.03980255126953,78.97029113769531,73.43126678466797,81.1101303100586,88.09375,20,14.285715103149414,9.523809432983398,13.636363983154297,9.523809432983398,13.636363983154297,66.66667175292969,33.333335876464844,14.285715103149414,5,15.869478225708008,25769803776,2147483648,18394857472,765329408
209,1790455676375,4,4,4,4,4,4,4,4,4,4,80.3913345336914,81.02423095703125,79.85873413085938,79.21723175048828,73.23575592041016,81.06426239013672,88.5625,25,10.526315689086914,14.285715103149414,5,9.523809432983398,5.263157844543457,50,35,15.000000953674316,4.761904716491699,15.869478225708008,25769803776,2147483648,18394906624,765329408
209,1790455676585,4,4,4,4,4,4,4,4,4,4,80.3913345336914,81.02423095703125,79.85873413085938,79.21723175048828,73.23575592041016,81.06426239013672,88.5625,27.272727966308594,18.18181800842285,10,9.523809432983398,5,4.761904716491699,63.6363639831543,31.81818199157715,14.285715103149414,9.090909004211426,15.869478225708008,25769803776,2147483648,18397822976,765329408
209,1790455676795,4,4,4,4,4,4,4,4,4,4,80.3913345336914,81.02423095703125,79.85873413085938,79.21723175048828,73.23575592041016,81.06426239013672,88.5625,15.000000953674316,10,4.761904716491699,5,9.090909004211426,9.523809432983398,14.285715103149414,40,47.619049072265625,0,15.869478225708008,25769803776,2147483648,18394677248,765329408
202,1790455677005,4,4,4,4,4,4,4,4,4,4,80.3913345336914,81.02423095703125,79.85873413085938,79.21723175048828,73.23575592041016,81.06426239013672,88.5625,25,19.047618865966797,14.285715103149414,13.636363983154297,9.523809432983398,4.761904716491699,71.42857360839844,23.809524536132813,14.285715103149414,4.761904716491699,15.879767417907715,25769803776,2147483648,18397052928,765329408
207,1790455677208,4,4,4,4,4,4,4,4,4,4,80.3913345336914,81.02423095703125,79.85873413085938,79.21723175048828,73.23575592041016,81.06426239013672,88.5625,28.571430206298828,14.285715103149414,10,5.263157844543457,5.263157844543457,10,30.000001907348633,25,30.000001907348633,20,15.879767417907715,25769803776,2147483648,18395594752,765329408
203,1790455677416,4,4,4,4,4,4,4,4,4,4,80.91767120361328,80.49636840820313,79.71310424804688,79.19263458251953,73.20618438720703,81.71003723144531,87.734375,23.809524536132813,5.263157844543457,14.285715103149414,9.523809432983398,9.523809432983398,9.523809432983398,66.66667175292969,33.333335876464844,9.523809432983398,9.523809432983398,15.879767417907715,25769803776,2147483648,18397593600,765329408
199,1790455677620,4,4,4,4,4,4,4,4,4,4,80.91767120361328,80.49636840820313,79.71310424804688,79.19263458251953,73.20618438720703,81.71003723144531,87.734375,21.052631378173828,14.285715103149414,5,9.523809432983398,9.523809432983398,9.523809432983398,70,26.3157901763916,9.523809432983398,5,15.879767417907715,25769803776,2147483648,18396020736,765329408
209,1790455677820,4,4,4,4,4,4,4,4,4,4,80.91767120361328,80.49636840820313,79.71310424804688,79.19263458251953,73.20618438720703,81.71003723144531,87.734375,19.047618865966797,10.526315689086914,15.000000953674316,10,10,5.263157844543457,55,28.571430206298828,35,9.523809432983398,15.879767417907715,25769803776,2147483648,18398248960,765329408
209,1790455678030,4,4,4,4,4,4,4,4,4,4,80.91767120361328,80.49636840820313,79.71310424804688,79.19263458251953,73.20618438720703,81.71003723144531,87.734375,28.571430206298828,14.285715103149414,9.523809432983398,5,5,9.090909004211426,85.71428680419922,14.285715103149414,4.761904716491699,0,15.870270729064941,25769803776,2147483648,18396332032,765329408
209,1790455678240,4,4,4,4,4,4,4,4,4,4,80.91767120361328,80.49636840820313,79.71310424804688,79.19263458251953,73.20618438720703,81.71003723144531,87.734375,19.047618865966797,9.523809432983398,9.523809432983398,18.18181800842285,13.636363983154297,5,66.66667175292969,31.81818199157715,9.523809432983398,4.761904716491699,15.870270729064941,25769803776,2147483648,18401148928,765329408
209,1790455678450,4,4,4,4,4,4,4,4,4,4,79.9568862915039,81.44025421142578,79.55330657958984,78.65974426269531,72.6732177734375,80.69672393798828,88.09375,20,13.636363983154297,9.523809432983398,5,5,9.523809432983398,80.95238494873047,14.285715103149414,5,4.761904716491699,15.870270729064941,25769803776,2147483648,18397036544,765329408
200,1790455678660,4,4,4,4,4,4,4,4,4,4,79.9568862915039,81.44025421142578,79.55330657958984,78.65974426269531,72.6732177734375,80.69672393798828,88.09375,23.809524536132813,14.285715103149414,14.285715103149414,9.523809432983398,9.523809432983398,4.761904716491699,59.09090805053711,42.105262756347656,13.636363983154297,4.761904716491699,15.870270729064941,25769803776,2147483648,18397642752,765329408
207,1790455678861,4,4,4,4,4,4,4,4,4,4,79.9568862915039,81.44025421142578,79.55330657958984,78.65974426269531,72.6732177734375,80.69672393798828,88.09375,25,10.526315689086914,5.263157844543457,14.285715103149414,9.523809432983398,5.263157844543457,21.052631378173828,52.38095474243164,0,23.809524536132813,15.77371883392334,25769803776,2147483648,18397642752,765329408
200,1790455679069,4,4,4,4,4,4,4,4,4,4,79.9568862915039,81.44025421142578,79.55330657958984,78.65974426269531,72.6732177734375,80.69672393798828,88.09375,23.809524536132813,14.285715103149414,9.523809432983398,0,5,9.090909004211426,45,38.095237731933594,13.636363983154297,25,15.77371883392334,25769803776,2147483648,18397642752,765329408
209,1790455679270,4,4,4,4,4,4,4,4,4,4,79.9568862915039,81.44025421142578,79.55330657958984,78.65974426269531,72.6732177734375,80.69672393798828,88.09375,26.3157901763916,15.000000953674316,15.000000953674316,14.285715103149414,10,10,80.95238494873047,10,0,4.761904716491699,15.77371883392334,25769803776,2147483648,18397642752,765329408
209,1790455679480,4,4,4,4,4,4,4,4,4,4,79.82034301757813,80.84190368652344,79.7942886352539,78.96969604492188,73.23540496826172,80.42801666259766,87.734375,19.047618865966797,20,13.636363983154297,4.761904716491699,4.761904716491699,4.761904716491699,50,45,18.18181800842285,10,15.77371883392334,25769803776,2147483648,18392825856,765329408
209,1790455679690,4,4,4,4,4,4,4,4,4,4,79.82034301757813,80.84190368652344,79.7942886352539,78.96969604492188,73.23540496826172,80.42801666259766,87.734375,38.095237731933594,61.904762268066406,15.000000953674316,14.285715103149414,14.285715103149414,10,54.54545593261719,40.90909194946289,0,4.761904716491699,15.77371883392334,25769803776,2147483648,18397757440,765329408
209,1790455679900,4,4,4,4,4,4,4,4,4,4,79.82034301757813,80.84190368652344,79.7942886352539,78.96969604492188,73.23540496826172,80.42801666259766,87.734375,15.000000953674316,18.18181800842285,9.523809432983398,9.523809432983398,9.090909004211426,9.090909004211426,52.38095474243164,31.81818199157715,28.571430206298828,9.090909004211426,15.771566390991211,25769803776,2147483648,18394365952,765329408
200,1790455680110,4,4,4,4,4,4,4,4,4,4,79.82034301757813,80.84190368652344,79.7942886352539,78.96969604492188,73.23540496826172,80.42801666259766,87.734375,28.571430206298828,15.000000953674316,9.523809432983398,14.285715103149414,10,5,65,25,9.090909004211426,0,15.771566390991211,25769803776,2147483648,18418073600,765329408
209,1790455680311,4,4,4,4,4,4,4,4,4,4,79.82034301757813,80.84190368652344,79.7942886352539,78.96969604492188,73.23540496826172,80.42801666259766,87.734375,25,10,10,0,5,5,54.54545593261719,23.809524536132813,40,5.263157844543457,15.771566390991211,25769803776,2147483648,18418253824,765329408
207,1790455680521,4,4,4,4,4,4,4,4,4,4,80.20567321777344,80.74373626708984,79.58084106445313,78.72150421142578,72.91512298583984,81.03746795654297,86.4375,27.272727966308594,14.285715103149414,9.523809432983398,13.636363983154297,9.523809432983398,9.523809432983398,45,50,0,0,15.771566390991211,25769803776,2147483648,18421596160,765329408
208,1790455680728,4,4,4,4,4,4,4,4,4,4,80.20567321777344,80.74373626708984,79.58084106445313,78.72150421142578,72.91512298583984,81.03746795654297,86.4375,30.000001907348633,14.285715103149414,14.285715103149414,14.285715103149414,10,9.523809432983398,70,38.095237731933594,15.000000953674316,9.523809432983398,15.771566390991211,25769803776,2147483648,18360467456,765329408
205,1790455680937,4,4,4,4,4,4,4,4,4,4,80.20567321777344,80.74373626708984,79.58084106445313,78.72150421142578,72.91512298583984,81.03746795654297,86.4375,23.809524536132813,14.285715103149414,10,5,9.523809432983398,9.523809432983398,50,23.809524536132813,19.047618865966797,0,15.875177383422852,25769803776,2147483648,18369019904,765329408
208,1790455681144,4,4,4,4,4,4,4,4,4,4,80.20567321777344,80.74373626708984,79.58084106445313,78.72150421142578,72.91512298583984,81.03746795654297,86.4375,25,15.000000953674316,14.285715103149414,14.285715103149414,9.523809432983398,9.523809432983398,45,14.285715103149414,28.571430206298828,38.095237731933594,15.875177383422852,25769803776,2147483648,18369019904,765329408
209,1790455681352,4,4,4,4,4,4,4,4,4,4,79.88238525390625,80.55359649658203,79.33736419677734,78.81727600097656,72.62969207763672,80.61329650878906,87.5,28.571430206298828,19.047618865966797,10,9.523809432983398,9.523809432983398,5,61.904762268066406,25,4.761904716491699,4.761904716491699,15.875177383422852,25769803776,2147483648,18369019904,765329408
209,1790455681562,4,4,4,4,4,4,4,4,4,4,79.88238525390625,80.55359649658203,79.33736419677734,78.81727600097656,72.62969207763672,80.61329650878906,87.5,25,10,9.523809432983398,5,9.523809432983398,9.090909004211426,38.095237731933594,36.3636360168457,42.85714340209961,4.761904716491699,15.875177383422852,25769803776,2147483648,18296897536,765329408
209,1790455681773,4,4,4,4,4,4,4,4,4,4,79.88238525390625,80.55359649658203,79.33736419677734,78.81727600097656,72.62969207763672,80.61329650878906,87.5,33.333335876464844,9.090909004211426,5,9.090909004211426,0,4.761904716491699,75,15.000000953674316,4.545454502105713,5,15.875177383422852,25769803776,2147483648,18262933504,765329408
201,1790455681983,4,4,4,4,4,4,4,4,4,4,79.88238525390625,80.55359649658203,79.33736419677734,78.81727600097656,72.62969207763672,80.61329650878906,87.5,23.809524536132813,15.000000953674316,13.636363983154297,5,13.636363983154297,9.523809432983398,50,35,31.57894515991211,9.090909004211426,15.64297103881836,25769803776,2147483648,18254675968,765329408
205,1790455682184,4,4,4,4,4,4,4,4,4,4,79.88238525390625,80.55359649658203,79.33736419677734,78.81727600097656,72.62969207763672,80.61329650878906,87.5,20,15.000000953674316,10,10,0,0,70,13.636363983154297,19.047618865966797,0,15.64297103881836,25769803776,2147483648,18262343680,765329408
202,1790455682390,4,4,4,4,4,4,4,4,4,4,80.10475158691406,80.55463409423828,79.43755340576172,78.6043930053711,72.85592651367188,81.01994323730469,87.03125,33.333335876464844,19.047618865966797,15.000000953674316,10,14.285715103149414,9.523809432983398,42.85714340209961,65,5,9.523809432983398,15.64297103881836,25769803776,2147483648,18260754432,765329408
206,1790455682593,4,4,4,4,4,4,4,4,4,4,80.10475158691406,80.55463409423828,79.43755340576172,78.6043930053711,72.85592651367188,81.01994323730469,87.03125,20,10,9.523809432983398,9.090909004211426,4.761904716491699,5,36.842105865478516,20,42.85714340209961,0,15.64297103881836,25769803776,2147483648,18264080384,765329408
200,1790455682800,4,4,4,4,4,4,4,4,4,4,80.10475158691406,80.55463409423828,79.43755340576172,78.6043930053711,72.85592651367188,81.01994323730469,87.03125,33.333335876464844,38.095237731933594,14.285715103149414,5.263157844543457,14.285715103149414,14.285715103149414,23.809524536132813,76.19047546386719,14.285715103149414,4.761904716491699,15.64297103881836,25769803776,2147483648,18248220672,765329408
209,1790455683001,4,4,4,4,4,4,4,4,4,4,80.10475158691406,80.55463409423828,79.43755340576172,78.6043930053711,72.85592651367188,81.01994323730469,87.03125,21.052631378173828,10.526315689086914,5.263157844543457,10,5.263157844543457,5,68.42105102539063,25,10.526315689086914,10,15.71285343170166,25769803776,2147483648,18256478208,765329408
208,1790455683211,4,4,4,4,4,4,4,4,4,4,80.10475158691406,80.55463409423828,79.43755340576172,78.6043930053711,72.85592651367188,81.01994323730469,87.03125,23.809524536132813,13.636363983154297,9.523809432983398,9.523809432983398,5,9.523809432983398,68.18181610107422,28.571430206298828,4.545454502105713,5,15.71285343170166,25769803776,2147483648,18256543744,765329408
204,1790455683419,4,4,4,4,4,4,4,4,4,4,79.8592529296875,80.46690368652344,79.72467803955078,78.58938598632813,73.24760437011719,80.6559829711914,86.796875,20,10,14.285715103149414,9.523809432983398,9.090909004211426,5,66.66667175292969,28.571430206298828,5.263157844543457,4.761904716491699,15.71285343170166,25769803776,2147483648,18256543744,765329408
207,1790455683624,4,4,4,4,4,4,4,4,4,4,79.8592529296875,80.46690368652344,79.72467803955078,78.58938598632813,73.24760437011719,80.6559829711914,86.796875,28.571430206298828,14.285715103149414,10,9.523809432983398,5.263157844543457,9.523809432983398,38.095237731933594,42.85714340209961,14.285715103149414,23.809524536132813,15.71285343170166,25769803776,2147483648,18248450048,765329408
202,1790455683831,4,4,4,4,4,4,4,4,4,4,79.8592529296875,80.46690368652344,79.72467803955078,78.58938598632813,73.24760437011719,80.6559829711914,86.796875,19.047618865966797,10,18.18181800842285,10,9.523809432983398,9.523809432983398,50,26.3157901763916,18.18181800842285,19.047618865966797,15.71285343170166,25769803776,2147483648,18250235904,765329408
201,1790455684034,4,4,4,4,4,4,4,4,4,4,79.8592529296875,80.46690368652344,79.72467803955078,78.58938598632813,73.24760437011719,80.6559829711914,86.796875,15.789472579956055,10,5,9.523809432983398,5,5,31.57894515991211,18.18181800842285,0,55,15.849892616271973,25769803776,2147483648,18248400896,765329408
208,1790455684236,4,4,4,4,4,4,4,4,4,4,79.8592529296875,80.46690368652344,79.72467803955078,78.58938598632813,73.24760437011719,80.6559829711914,86.796875,23.809524536132813,15.000000953674316,10,5.263157844543457,14.285715103149414,5,52.38095474243164,47.36842346191406,19.047618865966797,5,15.849892616271973,25769803776,2147483648,18248400896,765329408
209,1790455684444,4,4,4,4,4,4,4,4,4,4,79.74629211425781,80.07283782958984,79.0915298461914,79.09693908691406,72.47760772705078,80.31839752197266,87.5,30.000001907348633,9.523809432983398,10,13.636363983154297,4.761904716491699,9.523809432983398,71.42857360839844,23.809524536132813,0,4.761904716491699,15.849892616271973,25769803776,2147483648,18248400896,765329408
207,1790455684654,4,4,4,4,4,4,4,4,4,4,79.74629211425781,80.07283782958984,79.0915298461914,79.09693908691406,72.47760772705078,80.31839752197266,87.5,22.72727394104004,9.523809432983398,5,0,9.523809432983398,4.761904716491699,38.095237731933594,23.809524536132813,14.285715103149414,47.619049072265625,15.849892616271973,25769803776,2147483648,18250858496,765329408
209,1790455684862,4,4,4,4,4,4,4,4,4,4,79.74629211425781,80.07283782958984,79.0915298461914,79.09693908691406,72.47760772705078,80.31839752197266,87.5,30.000001907348633,15.000000953674316,14.285715103149414,14.285715103149414,5,5,52.38095474243164,33.333335876464844,5,9.523809432983398,15.70934009552002,25769803776,2147483648,18248712192,765329408
201,1790455685072,4,4,4,4,4,4,4,4,4,4,79.74629211425781,80.07283782958984,79.0915298461914,79.09693908691406,72.47760772705078,80.31839752197266,87.5,19.047618865966797,18.18181800842285,9.523809432983398,9.090909004211426,9.090909004211426,9.523809432983398,57.142860412597656,38.095237731933594,18.18181800842285,5.263157844543457,15.70934009552002,25769803776,2147483648,18243665920,765329408
207,1790455685273,4,4,4,4,4,4,4,4,4,4,79.74629211425781,80.07283782958984,79.0915298461914,79.09693908691406,72.47760772705078,80.31839752197266,87.5,31.57894515991211,15.000000953674316,14.285715103149414,10.526315689086914,10,10,50,20,26.3157901763916,9.090909004211426,15.70934009552002,25769803776,2147483648,18243665920,765329408
209,1790455685481,4,4,4,4,4,4,4,4,4,4,79.7226333618164,80.16230773925781,79.01744079589844,78.87840270996094,72.35586547851563,80.38817596435547,87.390625,19.047618865966797,10,9.523809432983398,9.523809432983398,5,4.761904716491699,75,19.047618865966797,9.523809432983398,15.000000953674316,15.70934009552002,25769803776,2147483648,18243665920,765329408
209,1790455685691,4,4,4,4,4,4,4,4,4,4,79.7226333618164,80.16230773925781,79.01744079589844,78.87840270996094,72.35586547851563,80.38817596435547,87.390625,23.809524536132813,19.047618865966797,5.263157844543457,4.761904716491699,5,9.523809432983398,52.38095474243164,33.333335876464844,9.523809432983398,0,15.70934009552002,25769803776,2147483648,18252808192,765329408
201,1790455685901,4,4,4,4,4,4,4,4,4,4,79.7226333618164,80.16230773925781,79.01744079589844,78.87840270996094,72.35586547851563,80.38817596435547,87.390625,19.047618865966797,14.285715103149414,13.636363983154297,9.523809432983398,9.090909004211426,9.090909004211426,52.38095474243164,14.285715103149414,52.38095474243164,9.523809432983398,15.552396774291992,25769803776,2147483648,18245206016,765329408
209,1790455686103,4,4,4,4,4,4,4,4,4,4,79.7226333618164,80.16230773925781,79.01744079589844,78.87840270996094,72.35586547851563,80.38817596435547,87.390625,30.000001907348633,15.000000953674316,14.285715103149414,10,10,5.263157844543457,71.42857360839844,15.789472579956055,0,0,15.552396774291992,25769803776,2147483648,18253561856,765329408
209,1790455686313,4,4,4,4,4,4,4,4,4,4,79.7226333618164,80.16230773925781,79.01744079589844,78.87840270996094,72.35586547851563,80.38817596435547,87.390625,19.047618865966797,9.523809432983398,9.523809432983398,9.523809432983398,14.285715103149414,9.090909004211426,61.904762268066406,22.72727394104004,28.571430206298828,19.047618865966797,15.552396774291992,25769803776,2147483648,18246893568,765329408
201,1790455686523,4,4,4,4,4,4,4,4,4,4,79.98435974121094,80.31473541259766,78.75872802734375,78.53085327148438,71.91033935546875,80.85643768310547,87.5,23.809524536132813,10,5.263157844543457,5,9.523809432983398,5,25,14.285715103149414,52.38095474243164,4.761904716491699,15.552396774291992,25769803776,2147483648,18246893568,765329408
204,1790455686724,4,4,4,4,4,4,4,4,4,4,79.98435974121094,80.31473541259766,78.75872802734375,78.53085327148438,71.91033935546875,80.85643768310547,87.5,21.052631378173828,19.047618865966797,19.047618865966797,9.523809432983398,9.523809432983398,10,40,65,10,5.263157844543457,15.552396774291992,25769803776,2147483648,18247352320,765329408
209,1790455686929,4,4,4,4,4,4,4,4,4,4,79.98435974121094,80.31473541259766,78.75872802734375,78.53085327148438,71.91033935546875,80.85643768310547,87.5,25,5,0,5,0,4.761904716491699,75,19.047618865966797,4.761904716491699,0,15.5662260055542,25769803776,2147483648,18254839808,765329408
205,1790455687139,4,4,4,4,4,4,4,4,4,4,79.98435974121094,80.31473541259766,78.75872802734375,78.53085327148438,71.91033935546875,80.85643768310547,87.5,31.81818199157715,19.047618865966797,19.047618865966797,13.636363983154297,14.285715103149414,9.523809432983398,22.72727394104004,71.42857360839844,28.571430206298828,9.523809432983398,15.5662260055542,25769803776,2147483648,18254839808,765329408
200,1790455687345,4,4,4,4,4,4,4,4,4,4,79.99217224121094,79.80535125732422,79.34288024902344,78.40879821777344,72.9699935913086,80.86237335205078,86.203125,15.000000953674316,10,4.761904716491699,0,0,5,35,20,40,0,15.5662260055542,25769803776,2147483648,18254839808,765329408
209,1790455687546,4,4,4,4,4,4,4,4,4,4,79.99217224121094,79.80535125732422,79.34288024902344,78.40879821777344,72.9699935913086,80.86237335205078,86.203125,20,15.000000953674316,15.000000953674316,14.285715103149414,14.285715103149414,5,23.809524536132813,35,9.523809432983398,50,15.5662260055542,25769803776,2147483648,18254839808,765329408
209,1790455687756,4,4,4,4,4,4,4,4,4,4,79.99217224121094,79.80535125732422,79.34288024902344,78.40879821777344,72.9699935913086,80.86237335205078,86.203125,19.047618865966797,19.047618865966797,9.523809432983398,9.523809432983398,4.761904716491699,9.523809432983398,75,28.571430206298828,14.285715103149414,9.090909004211426,15.5662260055542,25769803776,2147483648,18255986688,765329408
209,1790455687966,4,4,4,4,4,4,4,4,4,4,79.99217224121094,79.80535125732422,79.34288024902344,78.40879821777344,72.9699935913086,80.86237335205078,86.203125,23.809524536132813,14.285715103149414,5,4.761904716491699,9.523809432983398,9.523809432983398,47.619049072265625,28.571430206298828,23.809524536132813,4.761904716491699,15.754849433898926,25769803776,2147483648,18257559552,765329408
205,1790455688176,4,4,4,4,4,4,4,4,4,4,79.99217224121094,79.80535125732422,79.34288024902344,78.40879821777344,72.9699935913086,80.86237335205078,86.203125,19.047618865966797,9.523809432983398,9.523809432983398,9.523809432983398,5,4.761904716491699,66.66667175292969,28.571430206298828,10,0,15.754849433898926,25769803776,2147483648,18256543744,765329408
200,1790455688382,4,4,4,4,4,4,4,4,4,4,79.9024429321289,79.90237426757813,78.83717346191406,78.76451110839844,72.17549896240234,80.66987609863281,87.265625,25,15.000000953674316,14.285715103149414,10,13.636363983154297,9.523809432983398,35,25,45.45454788208008,4.761904716491699,15.754849433898926,25769803776,2147483648,18255118336,765329408
201,1790455688583,4,4,4,4,4,4,4,4,4,4,79.9024429321289,79.90237426757813,78.83717346191406,78.76451110839844,72.17549896240234,80.66987609863281,87.265625,15.789472579956055,15.000000953674316,15.000000953674316,10,10,10.526315689086914,52.38095474243164,50,10.526315689086914,5,15.754849433898926,25769803776,2147483648,18255118336,765329408
200,1790455688785,4,4,4,4,4,4,4,4,4,4,79.9024429321289,79.90237426757813,78.83717346191406,78.76451110839844,72.17549896240234,80.66987609863281,87.265625,20,14.285715103149414,5,5,5,5,55,23.809524536132813,23.809524536132813,4.761904716491699,15.754849433898926,25769803776,2147483648,18254708736,765329408
201,1790455688985,4,4,4,4,4,4,4,4,4,4,79.9024429321289,79.90237426757813,78.83717346191406,78.76451110839844,72.17549896240234,80.66987609863281,87.265625,20,15.000000953674316,15.000000953674316,10,5,5,63.15789031982422,35,10.526315689086914,15.000000953674316,15.691311836242676,25769803776,2147483648,18259656704,765329408
209,1790455689187,4,4,4,4,4,4,4,4,4,4,79.9024429321289,79.90237426757813,78.83717346191406,78.76451110839844,72.17549896240234,80.66987609863281,87.265625,25,10.526315689086914,10,10,10,14.285715103149414,61.904762268066406,20,20,0,15.691311836242676,25769803776,2147483648,18255101952,765329408
209,1790455689397,4,4,4,4,4,4,4,4,4,4,79.93273162841797,80.01329040527344,78.84844970703125,78.3392333984375,72.17198181152344,80.83325958251953,86.90625,23.809524536132813,13.636363983154297,9.523809432983398,4.761904716491699,4.761904716491699,0,47.619049072265625,28.571430206298828,38.095237731933594,4.761904716491699,15.691311836242676,25769803776,2147483648,18255101952,765329408
209,1790455689607,4,4,4,4,4,4,4,4,4,4,79.93273162841797,80.01329040527344,78.84844970703125,78.3392333984375,72.17198181152344,80.83325958251953,86.90625,20,10,9.523809432983398,9.523809432983398,9.523809432983398,13.636363983154297,23.809524536132813,19.047618865966797,52.38095474243164,0,15.691311836242676,25769803776,2147483648,18255101952,765329408
204,1790455689817,4,4,4,4,4,4,4,4,4,4,79.93273162841797,80.01329040527344,78.84844970703125,78.3392333984375,72.17198181152344,80.83325958251953,86.90625,22.72727394104004,10,9.523809432983398,9.523809432983398,5,0,61.904762268066406,28.571430206298828,27.272727966308594,9.090909004211426,15.691311836242676,25769803776,2147483648,18250989568,765329408
207,1790455690022,4,4,4,4,4,4,4,4,4,4,79.93273162841797,80.01329040527344,78.84844970703125,78.3392333984375,72.17198181152344,80.83325958251953,86.90625,26.3157901763916,23.809524536132813,10,5,9.523809432983398,18.18181800842285,30.000001907348633,65,15.000000953674316,0,15.590336799621582,25769803776,2147483648,18333286400,765329408
200,1790455690229,4,4,4,4,4,4,4,4,4,4,79.93273162841797,80.01329040527344,78.84844970703125,78.3392333984375,72.17198181152344,80.83325958251953,86.90625,28.571430206298828,23.809524536132813,15.000000953674316,14.285715103149414,5,5,61.904762268066406,38.095237731933594,15.000000953674316,19.047618865966797,15.590336799621582,25769803776,2147483648,18339430400,765329408
208,1790455690430,4,4,4,4,4,4,4,4,4,4,79.90999603271484,79.8508529663086,79.13660430908203,78.35246276855469,72.64755249023438,80.7783203125,86.328125,28.571430206298828,30.000001907348633,14.285715103149414,10,14.285715103149414,10,55,21.052631378173828,23.809524536132813,0,15.590336799621582,25769803776,2147483648,18339430400,765329408
199,1790455690638,4,4,4,4,4,4,4,4,4,4,79.90999603271484,79.8508529663086,79.13660430908203,78.35246276855469,72.64755249023438,80.7783203125,86.328125,23.809524536132813,25,15.000000953674316,9.523809432983398,9.523809432983398,5,50,50,5,19.047618865966797,15.590336799621582,25769803776,2147483648,18339430400,765329408
202,1790455690838,4,4,4,4,4,4,4,4,4,4,79.90999603271484,79.8508529663086,79.13660430908203,78.35246276855469,72.64755249023438,80.7783203125,86.328125,22.22222328186035,19.047618865966797,10,10,0,9.523809432983398,61.904762268066406,20,14.285715103149414,0,15.590336799621582,25769803776,2147483648,18341986304,765329408
200,1790455691040,4,4,4,4,4,4,4,4,4,4,79.90999603271484,79.8508529663086,79.13660430908203,78.35246276855469,72.64755249023438,80.7783203125,86.328125,23.809524536132813,15.000000953674316,14.285715103149414,15.000000953674316,14.285715103149414,5.263157844543457,52.6315803527832,35,15.000000953674316,10,15.601234436035156,25769803776,2147483648,18339004416,765329408
204,1790455691241,4,4,4,4,4,4,4,4,4,4,79.90999603271484,79.8508529663086,79.13660430908203,78.35246276855469,72.64755249023438,80.7783203125,86.328125,35,20,15.000000953674316,10,5.263157844543457,14.285715103149414,30.000001907348633,66.66667175292969,10,9.523809432983398,15.601234436035156,25769803776,2147483648,18349522944,765329408
207,1790455691445,4,4,4,4,4,4,4,4,4,4,79.30292510986328,79.89362335205078,79.30433654785156,78.15779876708984,72.8775405883789,80.00626373291016,87.15625,15.000000953674316,15.000000953674316,5.263157844543457,9.523809432983398,9.523809432983398,5,14.285715103149414,63.15789031982422,25,5,15.601234436035156,25769803776,2147483648,18349309952,765329408
205,1790455691653,4,4,4,4,4,4,4,4,4,4,79.30292510986328,79.89362335205078,79.30433654785156,78.15779876708984,72.8775405883789,80.00626373291016,87.15625,45,15.789472579956055,13.636363983154297,9.523809432983398,5,9.523809432983398,68.18181610107422,22.72727394104004,5,23.809524536132813,15.601234436035156,25769803776,2147483648,18350964736,765329408
204,1790455691859,4,4,4,4,4,4,4,4,4,4,79.30292510986328,79.89362335205078,79.30433654785156,78.15779876708984,72.8775405883789,80.00626373291016,87.15625,28.571430206298828,14.285715103149414,10,5.263157844543457,13.636363983154297,5,35,55,9.090909004211426,10,15.637351036071777,25769803776,2147483648,18340823040,765329408
207,1790455692063,4,4,4,4,4,4,4,4,4,4,79.30292510986328,79.89362335205078,79.30433654785156,78.15779876708984,72.8775405883789,80.00626373291016,87.15625,30.000001907348633,19.047618865966797,10,13.636363983154297,5,9.523809432983398,75,20,15.000000953674316,9.523809432983398,15.637351036071777,25769803776,2147483648,18342019072,765329408
209,1790455692271,4,4,4,4,4,4,4,4,4,4,79.30292510986328,79.89362335205078,79.30433654785156,78.15779876708984,72.8775405883789,80.00626373291016,87.15625,28.571430206298828,5,9.523809432983398,5,9.523809432983398,5,66.66667175292969,31.81818199157715,9.523809432983398,0,15.637351036071777,25769803776,2147483648,18340462592,765329408
209,1790455692481,4,4,4,4,4,4,4,4,4,4,79.27095031738281,79.93719482421875,79.1256103515625,78.25396728515625,72.64971923828125,79.96635437011719,86.328125,20,19.047618865966797,14.285715103149414,9.523809432983398,5,4.761904716491699,50,45,9.523809432983398,4.761904716491699,15.637351036071777,25769803776,2147483648,18340462592,765329408
201,1790455692691,4,4,4,4,4,4,4,4,4,4,79.27095031738281,79.93719482421875,79.1256103515625,78.25396728515625,72.64971923828125,79.96635437011719,86.328125,22.72727394104004,13.636363983154297,5,9.523809432983398,5,13.636363983154297,14.285715103149414,85.71428680419922,4.761904716491699,0,15.637351036071777,25769803776,2147483648,18340462592,765329408
206,1790455692893,4,4,4,4,4,4,4,4,4,4,79.27095031738281,79.93719482421875,79.1256103515625,78.25396728515625,72.64971923828125,79.96635437011719,86.328125,20,15.789472579956055,10,10,9.523809432983398,5.263157844543457,71.42857360839844,25,20,9.523809432983398,15.407096862792969,25769803776,2147483648,18315902976,765329408
205,1790455693099,4,4,4,4,4,4,4,4,4,4,79.27095031738281,79.93719482421875,79.1256103515625,78.25396728515625,72.64971923828125,79.96635437011719,86.328125,30.000001907348633,14.285715103149414,13.636363983154297,5,5,4.761904716491699,40,23.809524536132813,35,4.761904716491699,15.407096862792969,25769803776,2147483648,18313773056,765329408
202,1790455693305,4,4,4,4,4,4,4,4,4,4,79.27095031738281,79.93719482421875,79.1256103515625,78.25396728515625,72.64971923828125,79.96635437011719,86.328125,15.000000953674316,10,10,9.523809432983398,9.523809432983398,5,33.333335876464844,25,52.38095474243164,5,15.407096862792969,25769803776,2147483648,18316050432,765329408
205,1790455693507,4,4,4,4,4,4,4,4,4,4,79.84256744384766,79.56195068359375,78.98675537109375,78.15607452392578,72.51127624511719,80.73837280273438,85.859375,33.333335876464844,20,10,10,10,10,60.000003814697266,28.571430206298828,5,14.285715103149414,15.407096862792969,25769803776,2147483648,18316050432,765329408
203,1790455693713,4,4,4,4,4,4,4,4,4,4,79.84256744384766,79.56195068359375,78.98675537109375,78.15607452392578,72.51127624511719,80.73837280273438,85.859375,20,14.285715103149414,10,5,4.761904716491699,4.761904716491699,35,25,42.85714340209961,19.047618865966797,15.407096862792969,25769803776,2147483648,18316050432,765329408
209,1790455693916,4,4,4,4,4,4,4,4,4,4,79.84256744384766,79.56195068359375,78.98675537109375,78.15607452392578,72.51127624511719,80.73837280273438,85.859375,30.000001907348633,10,10,10,14.285715103149414,10,71.42857360839844,25,4.761904716491699,0,15.592534065246582,25769803776,2147483648,18308448256,765329408
209,1790455694126,4,4,4,4,4,4,4,4,4,4,79.84256744384766,79.56195068359375,78.98675537109375,78.15607452392578,72.51127624511719,80.73837280273438,85.859375,15.000000953674316,14.285715103149414,14.285715103149414,9.523809432983398,5,9.090909004211426,71.42857360839844,14.285715103149414,10,20,15.592534065246582,25769803776,2147483648,18310365184,765329408
200,1790455694336,4,4,4,4,4,4,4,4,4,4,79.3025894165039,80.00692749023438,78.51589965820313,78.19035339355469,71.72979736328125,79.96163940429688,87.03125,28.571430206298828,14.285715103149414,9.523809432983398,9.523809432983398,9.523809432983398,5,61.904762268066406,33.333335876464844,0,0,15.592534065246582,25769803776,2147483648,18317328384,765329408
202,1790455694538,4,4,4,4,4,4,4,4,4,4,79.3025894165039,80.00692749023438,78.51589965820313,78.19035339355469,71.72979736328125,79.96163940429688,87.03125,20,20,14.285715103149414,9.523809432983398,5,9.523809432983398,47.619049072265625,25,15.000000953674316,45,15.592534065246582,25769803776,2147483648,18317328384,765329408
204,1790455694741,4,4,4,4,4,4,4,4,4,4,79.3025894165039,80.00692749023438,78.51589965820313,78.19035339355469,71.72979736328125,79.96163940429688,87.03125,25,15.000000953674316,10,10,14.285715103149414,5.263157844543457,60.000003814697266,30.000001907348633,0,0,15.592534065246582,25769803776,2147483648,18317328384,765329408
204,1790455694945,4,4,4,4,4,4,4,4,4,4,79.3025894165039,80.00692749023438,78.51589965820313,78.19035339355469,71.72979736328125,79.96163940429688,87.03125,28.571430206298828,15.000000953674316,10,10,5,9.523809432983398,21.052631378173828,45.45454788208008,52.38095474243164,14.285715103149414,15.46015453338623,25769803776,2147483648,18310938624,765329408
209,1790455695150,4,4,4,4,4,4,4,4,4,4,79.3025894165039,80.00692749023438,78.51589965820313,78.19035339355469,71.72979736328125,79.96163940429688,87.03125,15.000000953674316,15.000000953674316,5,4.761904716491699,0,4.761904716491699,61.904762268066406,25,9.523809432983398,0,15.46015453338623,25769803776,2147483648,18318999552,765329408
209,1790455695360,4,4,4,4,4,4,4,4,4,4,79.63432312011719,79.59309387207031,78.55975341796875,78.41918182373047,71.92147827148438,80.42098999023438,87.03125,28.571430206298828,19.047618865966797,14.285715103149414,10,14.285715103149414,5.263157844543457,61.904762268066406,20,28.571430206298828,10,15.46015453338623,25769803776,2147483648,18312003584,765329408
204,1790455695570,4,4,4,4,4,4,4,4,4,4,79.63432312011719,79.59309387207031,78.55975341796875,78.41918182373047,71.92147827148438,80.42098999023438,87.03125,20,9.523809432983398,9.523809432983398,4.761904716491699,0,8.69565200805664,70,23.809524536132813,4.761904716491699,0,15.46015453338623,25769803776,2147483648,18321522688,765329408
206,1790455695774,4,4,4,4,4,4,4,4,4,4,79.63432312011719,79.59309387207031,78.55975341796875,78.41918182373047,71.92147827148438,80.42098999023438,87.03125,19.047618865966797,14.285715103149414,10,14.285715103149414,14.285715103149414,5.263157844543457,47.619049072265625,57.142860412597656,0,9.523809432983398,15.46015453338623,25769803776,2147483648,18315296768,765329408
205,1790455695981,4,4,4,4,4,4,4,4,4,4,79.63432312011719,79.59309387207031,78.55975341796875,78.41918182373047,71.92147827148438,80.42098999023438,87.03125,19.047618865966797,5.263157844543457,9.523809432983398,5,9.523809432983398,9.523809432983398,70,33.333335876464844,9.523809432983398,0,15.55453109741211,25769803776,2147483648,18319409152,765329408
209,1790455696186,4,4,4,4,4,4,4,4,4,4,79.63432312011719,79.59309387207031,78.55975341796875,78.41918182373047,71.92147827148438,80.42098999023438,87.03125,15.000000953674316,14.285715103149414,14.285715103149414,9.523809432983398,9.523809432983398,5,33.333335876464844,40,9.523809432983398,28.571430206298828,15.55453109741211,25769803776,2147483648,18312249344,765329408
208,1790455696397,4,4,4,4,4,4,4,4,4,4,79.0448989868164,80.02598571777344,79.0444107055664,78.07815551757813,72.53646087646484,79.64519500732422,86.796875,23.809524536132813,9.523809432983398,14.285715103149414,5,9.523809432983398,9.090909004211426,77.2727279663086,22.72727394104004,14.285715103149414,4.761904716491699,15.55453109741211,25769803776,2147483648,18320539648,765329408
204,1790455696605,4,4,4,4,4,4,4,4,4,4,79.0448989868164,80.02598571777344,79.0444107055664,78.07815551757813,72.53646087646484,79.64519500732422,86.796875,19.047618865966797,18.18181800842285,5,9.523809432983398,5,5,50,45,0,0,15.55453109741211,25769803776,2147483648,18319802368,765329408
209,1790455696810,4,4,4,4,4,4,4,4,4,4,79.0448989868164,80.02598571777344,79.0444107055664,78.07815551757813,72.53646087646484,79.64519500732422,86.796875,25,10.526315689086914,10,14.285715103149414,9.523809432983398,9.523809432983398,52.38095474243164,42.85714340209961,18.18181800842285,9.523809432983398,15.55453109741211,25769803776,2147483648,18321457152,765329408
209,1790455697020,4,4,4,4,4,4,4,4,4,4,79.0448989868164,80.02598571777344,79.0444107055664,78.07815551757813,72.53646087646484,79.64519500732422,86.796875,25,9.523809432983398,13.636363983154297,5,5,9.523809432983398,35,61.904762268066406,5,4.761904716491699,15.722901344299316,25769803776,2147483648,18320162816,765329408
205,1790455697230,4,4,4,4,4,4,4,4,4,4,79.0448989868164,80.02598571777344,79.0444107055664,78.07815551757813,72.53646087646484,79.64519500732422,86.796875,23.809524536132813,14.285715103149414,10,9.523809432983398,9.523809432983398,0,66.66667175292969,28.571430206298828,14.285715103149414,4.761904716491699,15.722901344299316,25769803776,2147483648,18321784832,765329408
205,1790455697436,4,4,4,4,4,4,4,4,4,4,78.9367904663086,79.8128890991211,78.98411560058594,77.69499969482422,72.47721862792969,79.5757827758789,85.390625,19.047618865966797,14.285715103149414,9.523809432983398,9.523809432983398,13.636363983154297,13.636363983154297,38.095237731933594,25,19.047618865966797,23.809524536132813,15.722901344299316,25769803776,2147483648,18320048128,765329408
209,1790455697643,4,4,4,4,4,4,4,4,4,4,78.9367904663086,79.8128890991211,78.98411560058594,77.69499969482422,72.47721862792969,79.5757827758789,85.390625,25,15.789472579956055,10,9.523809432983398,5,5,65,20,25,5,15.722901344299316,25769803776,2147483648,18322309120,765329408
209,1790455697853,4,4,4,4,4,4,4,4,4,4,78.9367904663086,79.8128890991211,78.98411560058594,77.69499969482422,72.47721862792969,79.5757827758789,85.390625,28.571430206298828,13.636363983154297,9.523809432983398,5,5,9.523809432983398,45.45454788208008,54.54545593261719,4.545454502105713,0,15.360124588012695,25769803776,2147483648,18322309120,765329408
208,1790455698063,4,4,4,4,4,4,4,4,4,4,78.9367904663086,79.8128890991211,78.98411560058594,77.69499969482422,72.47721862792969,79.5757827758789,85.390625,19.047618865966797,14.285715103149414,14.285715103149414,13.636363983154297,9.523809432983398,5,55,42.85714340209961,10,9.090909004211426,15.360124588012695,25769803776,2147483648,18323292160,765329408
209,1790455698272,4,4,4,4,4,4,4,4,4,4,78.9367904663086,79.8128890991211,78.98411560058594,77.69499969482422,72.47721862792969,79.5757827758789,85.390625,23.809524536132813,20,9.523809432983398,9.523809432983398,9.523809432983398,13.636363983154297,71.42857360839844,20,4.761904716491699,4.761904716491699,15.360124588012695,25769803776,2147483648,18321195008,765329408
200,1790455698481,4,4,4,4,4,4,4,4,4,4,78.92945098876953,79.8547592163086,78.81038665771484,77.87480926513672,72.23343658447266,79.53646850585938,87.03125,20,9.523809432983398,9.523809432983398,5,4.761904716491699,0,66.66667175292969,38.095237731933594,5,9.523809432983398,15.360124588012695,25769803776,2147483648,18325848064,765329408
209,1790455698681,4,4,4,4,4,4,4,4,4,4,78.92945098876953,79.8547592163086,78.81038665771484,77.87480926513672,72.23343658447266,79.53646850585938,87.03125,30.000001907348633,15.789472579956055,15.000000953674316,14.285715103149414,15.000000953674316,14.285715103149414,10,71.42857360839844,13.636363983154297,15.000000953674316,15.360124588012695,25769803776,2147483648,18321784832,765329408
209,1790455698891,4,4,4,4,4,4,4,4,4,4,78.92945098876953,79.8547592163086,78.81038665771484,77.87480926513672,72.23343658447266,79.53646850585938,87.03125,15.000000953674316,13.636363983154297,5,0,4.761904716491699,0,42.85714340209961,35,10,33.333335876464844,15.516658782958984,25769803776,2147483648,18318524416,765329408
209,1790455699102,4,4,4,4,4,4,4,4,4,4,78.92945098876953,79.8547592163086,78.81038665771484,77.87480926513672,72.23343658447266,79.53646850585938,87.03125,27.272727966308594,14.285715103149414,13.636363983154297,13.636363983154297,9.523809432983398,14.285715103149414,76.19047546386719,18.18181800842285,0,5,15.516658782958984,25769803776,2147483648,18324045824,765329408
203,1790455699312,4,4,4,4,4,4,4,4,4,4,78.92945098876953,79.8547592163086,78.81038665771484,77.87480926513672,72.23343658447266,79.53646850585938,87.03125,19.047618865966797,10,9.523809432983398,9.090909004211426,5,4.761904716491699,40,15.000000953674316,19.047618865966797,42.85714340209961,15.516658782958984,25769803776,2147483648,18316935168,765329408
209,1790455699515,4,4,4,4,4,4,4,4,4,4,79.10073852539063,79.48599243164063,78.57152557373047,78.60259246826172,71.97367858886719,79.63656616210938,86.796875,25,19.047618865966797,15.000000953674316,10.526315689086914,14.285715103149414,15.000000953674316,42.85714340209961,57.142860412597656,0,4.761904716491699,15.516658782958984,25769803776,2147483648,18316935168,765329408
209,1790455699725,4,4,4,4,4,4,4,4,4,4,79.10073852539063,79.48599243164063,78.57152557373047,78.60259246826172,71.97367858886719,79.63656616210938,86.796875,19.047618865966797,9.523809432983398,5,9.090909004211426,9.090909004211426,9.090909004211426,42.85714340209961,10,40.90909194946289,23.809524536132813,15.516658782958984,25769803776,2147483648,18316935168,765329408
203,1790455699935,4,4,4,4,4,4,4,4,4,4,79.10073852539063,79.48599243164063,78.57152557373047,78.60259246826172,71.97367858886719,79.63656616210938,86.796875,30.000001907348633,14.285715103149414,9.523809432983398,5,5,5,54.54545593261719,38.095237731933594,4.761904716491699,0,15.527907371520996,25769803776,2147483648,18316935168,765329408
200,1790455700138,4,4,4,4,4,4,4,4,4,4,79.10073852539063,79.48599243164063,78.57152557373047,78.60259246826172,71.97367858886719,79.63656616210938,86.796875,23.809524536132813,10.526315689086914,14.285715103149414,10,9.523809432983398,9.523809432983398,84.21052551269531,20,10.526315689086914,14.285715103149414,15.527907371520996,25769803776,2147483648,18317787136,765329408
209,1790455700339,4,4,4,4,4,4,4,4,4,4,79.12843322753906,79.781005859375,78.46543884277344,77.87054443359375,71.73190307617188,79.81317138671875,86.796875,31.57894515991211,15.000000953674316,10.526315689086914,14.285715103149414,10,5.263157844543457,66.66667175292969,28.571430206298828,9.523809432983398,0,15.527907371520996,25769803776,2147483648,18325454848,765329408
209,1790455700549,4,4,4,4,4,4,4,4,4,4,79.12843322753906,79.781005859375,78.46543884277344,77.87054443359375,71.73190307617188,79.81317138671875,86.796875,38.095237731933594,21.7391300201416,13.636363983154297,5,21.052631378173828,13.636363983154297,50,19.047618865966797,31.81818199157715,23.809524536132813,15.527907371520996,25769803776,2147483648,18325454848,765329408
203,1790455700759,4,4,4,4,4,4,4,4,4,4,79.12843322753906,79.781005859375,78.46543884277344,77.87054443359375,71.73190307617188,79.81317138671875,86.796875,18.18181800842285,0,0,4.761904716491699,8.69565200805664,0,71.42857360839844,19.047618865966797,4.761904716491699,0,15.527907371520996,25769803776,2147483648,18325454848,765329408
199,1790455700963,4,4,4,4,4,4,4,4,4,4,79.12843322753906,79.781005859375,78.46543884277344,77.87054443359375,71.73190307617188,79.81317138671875,86.796875,15.000000953674316,27.272727966308594,14.285715103149414,10,5.263157844543457,9.523809432983398,28.571430206298828,57.142860412597656,35,5,15.464969635009766,25769803776,2147483648,18325454848,765329408
200,1790455701163,4,4,4,4,4,4,4,4,4,4,79.12843322753906,79.781005859375,78.46543884277344,77.87054443359375,71.73190307617188,79.81317138671875,86.796875,11.111111640930176,5.263157844543457,15.000000953674316,5,9.523809432983398,5,70,20,5,0,15.464969635009766,25769803776,2147483648,18310905856,765329408
208,1790455701364,4,4,4,4,4,4,4,4,4,4,79.39041137695313,79.75751495361328,78.42552185058594,77.955810546875,71.70901489257813,80.21879577636719,86.671875,28.571430206298828,10.526315689086914,10.526315689086914,10,5.263157844543457,10,63.15789031982422,10.526315689086914,31.57894515991211,5,15.464969635009766,25769803776,2147483648,18303156224,765329408
205,1790455701573,4,4,4,4,4,4,4,4,4,4,79.39041137695313,79.75751495361328,78.42552185058594,77.955810546875,71.70901489257813,80.21879577636719,86.671875,27.272727966308594,18.18181800842285,13.636363983154297,9.523809432983398,9.523809432983398,5,47.619049072265625,23.809524536132813,38.095237731933594,9.523809432983398,15.464969635009766,25769803776,2147483648,18311299072,765329408
203,1790455701779,4,4,4,4,4,4,4,4,4,4,79.39041137695313,79.75751495361328,78.42552185058594,77.955810546875,71.70901489257813,80.21879577636719,86.671875,21.052631378173828,10,10,9.523809432983398,9.523809432983398,9.523809432983398,38.095237731933594,25,42.85714340209961,0,15.464969635009766,25769803776,2147483648,18309988352,765329408
202,1790455701983,4,4,4,4,4,4,4,4,4,4,79.39041137695313,79.75751495361328,78.42552185058594,77.955810546875,71.70901489257813,80.21879577636719,86.671875,25,19.047618865966797,10,10,10,9.523809432983398,50,52.38095474243164,10,5,15.62210750579834,25769803776,2147483648,18311774208,765329408
203,1790455702186,4,4,4,4,4,4,4,4,4,4,79.39041137695313,79.75751495361328,78.42552185058594,77.955810546875,71.70901489257813,80.21879577636719,86.671875,23.809524536132813,10.526315689086914,14.285715103149414,14.285715103149414,5,5.263157844543457,50,23.809524536132813,4.761904716491699,28.571430206298828,15.62210750579834,25769803776,2147483648,18310381568,765329408
207,1790455702390,4,4,4,4,4,4,4,4,4,4,79.46744537353516,79.41374969482422,78.4272232055664,78.03507232666016,71.82019805908203,80.22477722167969,86.796875,20,14.285715103149414,10,5,10,9.523809432983398,61.904762268066406,40,5.263157844543457,4.761904716491699,15.62210750579834,25769803776,2147483648,18311970816,765329408
206,1790455702598,4,4,4,4,4,4,4,4,4,4,79.46744537353516,79.41374969482422,78.4272232055664,78.03507232666016,71.82019805908203,80.22477722167969,86.796875,28.571430206298828,14.285715103149414,10,9.523809432983398,9.523809432983398,5,52.38095474243164,45,4.761904716491699,0,15.62210750579834,25769803776,2147483648,18309873664,765329408
209,1790455702804,4,4,4,4,4,4,4,4,4,4,79.46744537353516,79.41374969482422,78.4272232055664,78.03507232666016,71.82019805908203,80.22477722167969,86.796875,25,14.285715103149414,18.18181800842285,5.263157844543457,9.523809432983398,9.523809432983398,65,33.333335876464844,14.285715103149414,9.523809432983398,15.62210750579834,25769803776,2147483648,18307973120,765329408
204,1790455703014,4,4,4,4,4,4,4,4,4,4,79.46744537353516,79.41374969482422,78.4272232055664,78.03507232666016,71.82019805908203,80.22477722167969,86.796875,28.571430206298828,15.000000953674316,5.263157844543457,13.636363983154297,4.761904716491699,9.523809432983398,52.38095474243164,23.809524536132813,4.761904716491699,19.047618865966797,15.552735328674316,25769803776,2147483648,18307973120,765329408
209,1790455703218,4,4,4,4,4,4,4,4,4,4,79.46744537353516,79.41374969482422,78.4272232055664,78.03507232666016,71.82019805908203,80.22477722167969,86.796875,20,5,9.523809432983398,0,9.523809432983398,4.761904716491699,55,20,9.523809432983398,40,15.552735328674316,25769803776,2147483648,18312626176,765329408
209,1790455703428,4,4,4,4,4,4,4,4,4,4,78.78092193603516,79.76478576660156,78.35652923583984,78.03645324707031,71.59461975097656,79.31237030029297,86.796875,33.333335876464844,14.285715103149414,14.285715103149414,14.285715103149414,5,10,66.66667175292969,22.72727394104004,15.000000953674316,4.545454502105713,15.552735328674316,25769803776,2147483648,18310905856,765329408
209,1790455703638,4,4,4,4,4,4,4,4,4,4,78.78092193603516,79.76478576660156,78.35652923583984,78.03645324707031,71.59461975097656,79.31237030029297,86.796875,15.000000953674316,9.523809432983398,9.523809432983398,9.090909004211426,9.523809432983398,4.761904716491699,38.095237731933594,28.571430206298828,50,4.761904716491699,15.552735328674316,25769803776,2147483648,18305335296,765329408
203,1790455703849,4,4,4,4,4,4,4,4,4,4,78.78092193603516,79.76478576660156,78.35652923583984,78.03645324707031,71.59461975097656,79.31237030029297,86.796875,23.809524536132813,15.000000953674316,10,10,9.523809432983398,9.523809432983398,66.66667175292969,28.571430206298828,0,0,15.57424545288086,25769803776,2147483648,18311675904,765329408
202,1790455704053,4,4,4,4,4,4,4,4,4,4,78.78092193603516,79.76478576660156,78.35652923583984,78.03645324707031,71.59461975097656,79.31237030029297,86.796875,20,14.285715103149414,9.523809432983398,5,5,9.523809432983398,47.619049072265625,57.894737243652344,10,9.523809432983398,15.57424545288086,25769803776,2147483648,18305810432,765329408
204,1790455704255,4,4,4,4,4,4,4,4,4,4,78.78092193603516,79.76478576660156,78.35652923583984,78.03645324707031,71.59461975097656,79.31237030029297,86.796875,20,15.789472579956055,10,10,14.285715103149414,5,35,19.047618865966797,42.85714340209961,0,15.57424545288086,25769803776,2147483648,18314493952,765329408
209,1790455704460,4,4,4,4,4,4,4,4,4,4,79.44451141357422,79.3577651977539,78.58901977539063,77.75318145751953,72.12165832519531,80.27394104003906,86.4375,25,14.285715103149414,10,9.523809432983398,5,9.523809432983398,60.000003814697266,45,20,5.263157844543457,15.57424545288086,25769803776,2147483648,18306924544,765329408
207,1790455704670,4,4,4,4,4,4,4,4,4,4,79.44451141357422,79.3577651977539,78.58901977539063,77.75318145751953,72.12165832519531,80.27394104003906,86.4375,31.81818199157715,14.285715103149414,13.636363983154297,9.523809432983398,9.523809432983398,5,57.142860412597656,33.333335876464844,0,0,15.57424545288086,25769803776,2147483648,18315411456,765329408
209,1790455704878,4,4,4,4,4,4,4,4,4,4,79.44451141357422,79.3577651977539,78.58901977539063,77.75318145751953,72.12165832519531,80.27394104003906,86.4375,19.047618865966797,23.809524536132813,10,9.523809432983398,4.761904716491699,9.523809432983398,52.38095474243164,40.90909194946289,25,9.523809432983398,15.433880805969238,25769803776,2147483648,18308726784,765329408
209,1790455705088,4,4,4,4,4,4,4,4,4,4,79.44451141357422,79.3577651977539,78.58901977539063,77.75318145751953,72.12165832519531,80.27394104003906,86.4375,30.000001907348633,14.285715103149414,13.636363983154297,5,9.523809432983398,9.523809432983398,66.66667175292969,25,9.090909004211426,0,15.433880805969238,25769803776,2147483648,18316165120,765329408
209,1790455705298,4,4,4,4,4,4,4,4,4,4,79.44451141357422,79.3577651977539,78.58901977539063,77.75318145751953,72.12165832519531,80.27394104003906,86.4375,14.285715103149414,14.285715103149414,5.263157844543457,9.523809432983398,14.285715103149414,9.090909004211426,33.333335876464844,47.619049072265625,9.523809432983398,33.333335876464844,15.433880805969238,25769803776,2147483648,18309890048,765329408
209,1790455705508,4,4,4,4,4,4,4,4,4,4,78.99583435058594,79.70069122314453,78.66847229003906,77.84072875976563,72.0903091430664,79.65377044677734,86.4375,19.047618865966797,4.761904716491699,9.090909004211426,9.090909004211426,4.761904716491699,0,66.66667175292969,19.047618865966797,4.761904716491699,4.761904716491699,15.433880805969238,25769803776,2147483648,18319294464,765329408
200,1790455705718,4,4,4,4,4,4,4,4,4,4,78.99583435058594,79.70069122314453,78.66847229003906,77.84072875976563,72.0903091430664,79.65377044677734,86.4375,15.000000953674316,15.000000953674316,14.285715103149414,10,10,13.636363983154297,50,31.81818199157715,42.85714340209961,9.090909004211426,15.433880805969238,25769803776,2147483648,18310348800,765329408
202,1790455705919,4,4,4,4,4,4,4,4,4,4,78.99583435058594,79.70069122314453,78.66847229003906,77.84072875976563,72.0903091430664,79.65377044677734,86.4375,23.809524536132813,9.523809432983398,5,4.761904716491699,9.523809432983398,0,75,20,5,0,15.715105056762695,25769803776,2147483648,18317639680,765329408
209,1790455706121,4,4,4,4,4,4,4,4,4,4,78.99583435058594,79.70069122314453,78.66847229003906,77.84072875976563,72.0903091430664,79.65377044677734,86.4375,20,15.000000953674316,10,10,5,10,35,21.052631378173828,10,50,15.715105056762695,25769803776,2147483648,18312265728,765329408
201,1790455706331,4,4,4,4,4,4,4,4,4,4,78.99583435058594,79.56391906738281,78.66847229003906,77.84072875976563,72.0903091430664,79.65377044677734,86.4375,25,10,9.523809432983398,9.523809432983398,9.523809432983398,9.090909004211426,66.66667175292969,27.272727966308594,14.285715103149414,0,15.715105056762695,25769803776,2147483648,18318442496,765329408
208,1790455706533,4,4,4,4,4,4,4,4,4,4,79.13819122314453,79.56391906738281,78.14498138427734,78.10209655761719,71.33033752441406,79.78437805175781,86.796875,28.571430206298828,10.526315689086914,10,5.263157844543457,5.263157844543457,5.263157844543457,38.095237731933594,50,25,4.761904716491699,15.715105056762695,25769803776,2147483648,18316722176,765329408
209,1790455706741,4,4,4,4,4,4,4,4,4,4,79.13819122314453,79.56391906738281,78.14498138427734,78.10209655761719,71.33033752441406,79.78437805175781,86.796875,25,13.636363983154297,14.285715103149414,9.523809432983398,13.636363983154297,9.523809432983398,55,30.000001907348633,23.809524536132813,9.523809432983398,15.715105056762695,25769803776,2147483648,18316722176,765329408
209,1790455706951,4,4,4,4,4,4,4,4,4,4,79.13819122314453,79.56391906738281,78.14498138427734,78.10209655761719,71.33033752441406,79.78437805175781,86.796875,19.047618865966797,10,9.523809432983398,9.523809432983398,10,5,63.6363639831543,28.571430206298828,14.285715103149414,0,15.518643379211426,25769803776,2147483648,18316722176,765329408
202,1790455707161,4,4,4,4,4,4,4,4,4,4,79.13819122314453,79.56391906738281,78.14498138427734,78.10209655761719,71.33033752441406,79.78437805175781,86.796875,10,13.636363983154297,10,9.523809432983398,9.523809432983398,9.090909004211426,57.142860412597656,22.72727394104004,5,23.809524536132813,15.518643379211426,25769803776,2147483648,18316722176,765329408
209,1790455707364,4,4,4,4,4,4,4,4,4,4,79.02863311767578,79.45663452148438,78.39567565917969,77.86770629882813,71.76905822753906,79.69805145263672,86.796875,33.333335876464844,15.000000953674316,14.285715103149414,5,9.523809432983398,10,36.842105865478516,30.000001907348633,22.72727394104004,25,15.518643379211426,25769803776,2147483648,18317737984,765329408
209,1790455707574,4,4,4,4,4,4,4,4,4,4,79.02863311767578,79.45663452148438,78.39567565917969,77.86770629882813,71.76905822753906,79.69805145263672,86.796875,23.809524536132813,14.285715103149414,9.523809432983398,9.523809432983398,9.523809432983398,9.523809432983398,66.66667175292969,23.809524536132813,20,0,15.518643379211426,25769803776,2147483648,18320343040,765329408
206,1790455707783,4,4,4,4,4,4,4,4,4,4,79.02863311767578,79.45663452148438,78.39567565917969,77.86770629882813,71.76905822753906,79.69805145263672,86.796875,28.571430206298828,10,9.523809432983398,14.285715103149414,5,4.761904716491699,59.09090805053711,38.095237731933594,4.761904716491699,4.761904716491699,15.518643379211426,25769803776,2147483648,18318114816,765329408
209,1790455707990,4,4,4,4,4,4,4,4,4,4,79.02863311767578,79.45663452148438,78.39567565917969,77.86770629882813,71.76905822753906,79.69805145263672,86.796875,15.000000953674316,14.285715103149414,10,14.285715103149414,9.523809432983398,9.523809432983398,50,47.619049072265625,14.285715103149414,9.090909004211426,15.392784118652344,25769803776,2147483648,18313412608,765329408
209,1790455708200,4,4,4,4,4,4,4,4,4,4,79.02863311767578,79.45663452148438,78.39567565917969,77.86770629882813,71.76905822753906,79.69805145263672,86.796875,23.809524536132813,9.523809432983398,13.636363983154297,9.523809432983398,14.285715103149414,5,77.2727279663086,20,4.761904716491699,0,15.392784118652344,25769803776,2147483648,18313412608,765329408
209,1790455708410,4,4,4,4,4,4,4,4,4,4,78.91128540039063,79.8720703125,78.38873291015625,77.56986236572266,71.65298461914063,79.5767822265625,86.671875,19.047618865966797,9.523809432983398,0,0,4.761904716491699,4.761904716491699,71.42857360839844,27.272727966308594,10,9.090909004211426,15.392784118652344,25769803776,2147483648,18321178624,765329408
209,1790455708620,4,4,4,4,4,4,4,4,4,4,78.91128540039063,79.8720703125,78.38873291015625,77.56986236572266,71.65298461914063,79.5767822265625,86.671875,25,15.000000953674316,14.285715103149414,13.636363983154297,10,9.523809432983398,70,25,9.090909004211426,0,15.392784118652344,25769803776,2147483648,18319065088,765329408
208,1790455708830,4,4,4,4,4,4,4,4,4,4,78.91128540039063,79.8720703125,78.38873291015625,77.56986236572266,71.65298461914063,79.5767822265625,86.671875,19.047618865966797,9.523809432983398,13.636363983154297,4.761904716491699,9.090909004211426,9.090909004211426,57.142860412597656,22.72727394104004,5,35,15.392784118652344,25769803776,2147483648,18315952128,765329408
208,1790455709039,4,4,4,4,4,4,4,4,4,4,78.91128540039063,79.8720703125,78.38873291015625,77.56986236572266,71.65298461914063,79.5767822265625,86.671875,23.809524536132813,14.285715103149414,14.285715103149414,14.285715103149414,10,10,23.809524536132813,60.000003814697266,13.636363983154297,0,15.609953880310059,25769803776,2147483648,18320441344,765329408
209,1790455709248,4,4,4,4,4,4,4,4,4,4,78.91128540039063,79.8720703125,78.38873291015625,77.56986236572266,71.65298461914063,79.5767822265625,86.671875,20,9.523809432983398,9.523809432983398,0,9.090909004211426,4.761904716491699,71.42857360839844,38.095237731933594,10,9.523809432983398,15.609953880310059,25769803776,2147483648,18315280384,765329408
201,1790455709458,4,4,4,4,4,4,4,4,4,4,78.73347473144531,79.57551574707031,78.5993881225586,77.73441314697266,72.01004791259766,79.3283462524414,86.09375,42.85714340209961,25,10,14.285715103149414,9.523809432983398,9.523809432983398,33.333335876464844,61.904762268066406,4.761904716491699,4.545454502105713,15.609953880310059,25769803776,2147483648,18307612672,765329408
209,1790455709660,4,4,4,4,4,4,4,4,4,4,78.73347473144531,79.57551574707031,78.5993881225586,77.73441314697266,72.01004791259766,79.3283462524414,86.09375,28.571430206298828,10,75,9.523809432983398,5.263157844543457,5,45,15.000000953674316,20,42.105262756347656,15.609953880310059,25769803776,2147483648,18307039232,765329408
209,1790455709870,4,4,4,4,4,4,4,4,4,4,78.73347473144531,79.57551574707031,78.5993881225586,77.73441314697266,72.01004791259766,79.3283462524414,86.09375,20,22.72727394104004,9.523809432983398,14.285715103149414,9.523809432983398,9.523809432983398,57.142860412597656,33.333335876464844,9.090909004211426,0,15.509613037109375,25769803776,2147483648,18315591680,765329408
203,1790455710080,4,4,4,4,4,4,4,4,4,4,78.73347473144531,79.57551574707031,78.5993881225586,77.73441314697266,72.01004791259766,79.3283462524414,86.09375,19.047618865966797,19.047618865966797,14.285715103149414,9.523809432983398,9.523809432983398,9.523809432983398,47.619049072265625,23.809524536132813,5,47.619049072265625,15.509613037109375,25769803776,2147483648,18308153344,765329408
209,1790455710284,4,4,4,4,4,4,4,4,4,4,78.73347473144531,79.57551574707031,78.5993881225586,77.73441314697266,72.01004791259766,79.3283462524414,86.09375,30.000001907348633,15.000000953674316,10,5.263157844543457,5,5,65,23.809524536132813,13.636363983154297,0,15.509613037109375,25769803776,2147483648,18308153344,765329408
209,1790455710494,4,4,4,4,4,4,4,4,4,4,78.92009735107422,79.29975891113281,78.22708892822266,78.24666595458984,71.53902435302734,79.48139953613281,86.796875,14.285715103149414,15.000000953674316,13.636363983154297,13.043478012084961,9.523809432983398,9.523809432983398,57.142860412597656,10,45,9.523809432983398,15.509613037109375,25769803776,2147483648,18311692288,765329408
205,1790455710704,4,4,4,4,4,4,4,4,4,4,78.92009735107422,79.29975891113281,78.22708892822266,78.24666595458984,71.53902435302734,79.48139953613281,86.796875,15.000000953674316,9.090909004211426,5,0,4.761904716491699,4.761904716491699,76.19047546386719,14.285715103149414,9.090909004211426,0,15.509613037109375,25769803776,2147483648,18319261696,765329408
205,1790455710910,4,4,4,4,4,4,4,4,4,4,78.92009735107422,79.29975891113281,78.22708892822266,78.24666595458984,71.53902435302734,79.48139953613281,86.796875,23.809524536132813,20,14.285715103149414,14.285715103149414,14.285715103149414,10,33.333335876464844,66.66667175292969,10.526315689086914,5,15.699690818786621,25769803776,2147483648,18310512640,765329408
206,1790455711116,4,4,4,4,4,4,4,4,4,4,78.92009735107422,79.29975891113281,78.22708892822266,78.24666595458984,71.53902435302734,79.48139953613281,86.796875,20,9.523809432983398,0,0,0,4.761904716491699,70,23.809524536132813,9.090909004211426,0,15.699690818786621,25769803776,2147483648,18317967360,765329408
206,1790455711322,4,4,4,4,4,4,4,4,4,4,78.92009735107422,79.29975891113281,78.22708892822266,78.24666595458984,71.53902435302734,79.48139953613281,86.796875,28.571430206298828,10,14.285715103149414,14.285715103149414,13.636363983154297,10,65,19.047618865966797,25,4.761904716491699,15.699690818786621,25769803776,2147483648,18317967360,765329408
205,1790455711529,4,4,4,4,4,4,4,4,4,4,79.15637969970703,79.64317321777344,78.25312805175781,77.5528564453125,71.4947280883789,79.9546890258789,85.390625,25,14.285715103149414,10,9.523809432983398,10,5,42.85714340209961,50,14.285715103149414,5,15.699690818786621,25769803776,2147483648,18318802944,765329408
207,1790455711735,4,4,4,4,4,4,4,4,4,4,79.15637969970703,79.64317321777344,78.25312805175781,77.5528564453125,71.4947280883789,79.9546890258789,85.390625,28.571430206298828,14.285715103149414,14.285715103149414,5.263157844543457,9.523809432983398,13.636363983154297,42.85714340209961,47.619049072265625,23.809524536132813,4.761904716491699,15.699690818786621,25769803776,2147483648,18318737408,765329408
209,1790455711942,4,4,4,4,4,4,4,4,4,4,79.15637969970703,79.64317321777344,78.25312805175781,77.5528564453125,71.4947280883789,79.9546890258789,85.390625,25,10.526315689086914,9.523809432983398,9.523809432983398,5,5,60.000003814697266,35,15.000000953674316,4.761904716491699,15.488097190856934,25769803776,2147483648,18319392768,765329408
209,1790455712152,4,4,4,4,4,4,4,4,4,4,79.15637969970703,79.64317321777344,78.25312805175781,77.5528564453125,71.4947280883789,79.9546890258789,85.390625,19.047618865966797,9.523809432983398,5,4.761904716491699,9.523809432983398,9.090909004211426,28.571430206298828,60.000003814697266,0,14.285715103149414,15.488097190856934,25769803776,2147483648,18320244736,765329408
202,1790455712362,4,4,4,4,4,4,4,4,4,4,78.82036590576172,79.38274383544922,78.80107116699219,77.6091537475586,72.36334991455078,79.43328857421875,86.4375,23.809524536132813,14.285715103149414,9.523809432983398,13.636363983154297,4.761904716491699,5,66.66667175292969,31.81818199157715,9.523809432983398,9.523809432983398,15.488097190856934,25769803776,2147483648,18320130048,765329408
200,1790455712565,4,4,4,4,4,4,4,4,4,4,78.82036590576172,79.38274383544922,78.80107116699219,77.6091537475586,72.36334991455078,79.43328857421875,86.4375,20,10,19.047618865966797,5.263157844543457,10,9.523809432983398,55,23.809524536132813,10,20,15.488097190856934,25769803776,2147483648,18318606336,765329408
204,1790455712766,4,4,4,4,4,4,4,4,4,4,78.82036590576172,79.38274383544922,78.80107116699219,77.6091537475586,72.36334991455078,79.43328857421875,86.4375,15.789472579956055,19.047618865966797,10.526315689086914,10,5,10,47.619049072265625,25,38.095237731933594,5.263157844543457,15.488097190856934,25769803776,2147483648,18320982016,765329408
209,1790455712971,4,4,4,4,4,4,4,4,4,4,78.82036590576172,79.38274383544922,78.80107116699219,77.6091537475586,72.36334991455078,79.43328857421875,86.4375,28.571430206298828,10.526315689086914,9.523809432983398,9.523809432983398,10,5,50,25,25,4.761904716491699,15.707758903503418,25769803776,2147483648,18319163392,765329408
209,1790455713181,4,4,4,4,4,4,4,4,4,4,78.82036590576172,79.38274383544922,78.80107116699219,77.6091537475586,72.36334991455078,79.43328857421875,86.4375,22.72727394104004,9.523809432983398,9.523809432983398,4.761904716491699,4.761904716491699,4.761904716491699,45.45454788208008,38.095237731933594,28.571430206298828,4.761904716491699,15.707758903503418,25769803776,2147483648,18321260544,765329408
209,1790455713391,4,4,4,4,4,4,4,4,4,4,79.21586608886719,79.27835845947266,77.98774719238281,77.7430191040039,71.1952133178711,79.98857879638672,86.796875,30.000001907348633,19.047618865966797,14.285715103149414,10,13.636363983154297,10,55,23.809524536132813,19.047618865966797,4.761904716491699,15.707758903503418,25769803776,2147483648,18319360000,765329408
205,1790455713601,4,4,4,4,4,4,4,4,4,4,79.21586608886719,79.27835845947266,77.98774719238281,77.7430191040039,71.1952133178711,79.98857879638672,86.796875,20,9.523809432983398,5,9.090909004211426,0,9.090909004211426,65,42.85714340209961,10,9.090909004211426,15.707758903503418,25769803776,2147483648,18315968512,765329408
202,1790455713806,4,4,4,4,4,4,4,4,4,4,79.21586608886719,79.27835845947266,77.98774719238281,77.7430191040039,71.1952133178711,79.98857879638672,86.796875,25,19.047618865966797,14.285715103149414,10,14.285715103149414,9.523809432983398,28.571430206298828,14.285715103149414,52.38095474243164,5,15.707758903503418,25769803776,2147483648,18315968512,765329408
200,1790455714009,4,4,4,4,4,4,4,4,4,4,79.21586608886719,79.27835845947266,77.98774719238281,77.7430191040039,71.1952133178711,79.98857879638672,86.796875,23.809524536132813,10,10,5,0,5,33.333335876464844,5.263157844543457,28.571430206298828,45,15.44604206085205,25769803776,2147483648,18315968512,765329408
206,1790455714209,4,4,4,4,4,4,4,4,4,4,79.21586608886719,79.27835845947266,77.98774719238281,77.7430191040039,71.1952133178711,79.98857879638672,86.796875,25,15.000000953674316,15.000000953674316,10,14.285715103149414,10.526315689086914,73.68421173095703,25,0,0,15.44604206085205,25769803776,2147483648,18315968512,765329408
209,1790455714417,4,4,4,4,4,4,4,4,4,4,79.50394439697266,79.16614532470703,77.88370513916016,78.16128540039063,71.12000274658203,80.27511596679688,86.796875,20,9.523809432983398,9.523809432983398,9.523809432983398,5,9.090909004211426,63.6363639831543,23.809524536132813,35,14.285715103149414,15.44604206085205,25769803776,2147483648,18315968512,765329408
204,1790455714627,4,4,4,4,4,4,4,4,4,4,79.50394439697266,79.16614532470703,77.88370513916016,78.16128540039063,71.12000274658203,80.27511596679688,86.796875,28.571430206298828,15.000000953674316,14.285715103149414,9.523809432983398,13.636363983154297,5,70,23.809524536132813,0,0,15.44604206085205,25769803776,2147483648,18324422656,765329408
209,1790455714832,4,4,4,4,4,4,4,4,4,4,79.50394439697266,79.16614532470703,77.88370513916016,78.16128540039063,71.12000274658203,80.27511596679688,86.796875,23.809524536132813,10,5,9.523809432983398,9.523809432983398,9.523809432983398,23.809524536132813,23.809524536132813,31.81818199157715,50,15.44604206085205,25769803776,2147483648,18323865600,765329408
199,1790455715041,4,4,4,4,4,4,4,4,4,4,79.50394439697266,79.16614532470703,77.88370513916016,78.16128540039063,71.12000274658203,80.27511596679688,86.796875,25,9.523809432983398,9.523809432983398,5,0,0,76.19047546386719,19.047618865966797,4.761904716491699,4.761904716491699,15.662840843200684,25769803776,2147483648,18323865600,765329408
206,1790455715242,4,4,4,4,4,4,4,4,4,4,79.50394439697266,79.16614532470703,77.88370513916016,78.16128540039063,71.12000274658203,80.27511596679688,86.796875,20,19.047618865966797,15.000000953674316,10,15.000000953674316,15.000000953674316,30.000001907348633,10.526315689086914,5.263157844543457,65,15.662840843200684,25769803776,2147483648,18323865600,765329408
204,1790455715449,4,4,4,4,4,4,4,4,4,4,79.27256774902344,78.98223114013672,77.81148529052734,78.70326232910156,71.06336212158203,79.82479095458984,86.796875,15.000000953674316,5,4.761904716491699,9.523809432983398,0,5,61.904762268066406,28.571430206298828,9.523809432983398,4.761904716491699,15.662840843200684,25769803776,2147483648,18323865600,765329408
205,1790455715653,4,4,4,4,4,4,4,4,4,4,79.27256774902344,78.98223114013672,77.81148529052734,78.70326232910156,71.06336212158203,79.82479095458984,86.796875,19.047618865966797,10,5.263157844543457,5,5,9.090909004211426,45,40,23.809524536132813,4.761904716491699,15.662840843200684,25769803776,2147483648,18325929984,765329408
200,1790455715859,4,4,4,4,4,4,4,4,4,4,79.27256774902344,78.98223114013672,77.81148529052734,78.70326232910156,71.06336212158203,79.82479095458984,86.796875,19.047618865966797,14.285715103149414,13.636363983154297,9.523809432983398,9.523809432983398,5,66.66667175292969,28.571430206298828,20,5,15.781399726867676,25769803776,2147483648,18326618112,765329408
206,1790455716060,4,4,4,4,4,4,4,4,4,4,79.27256774902344,78.98223114013672,77.81148529052734,78.70326232910156,71.06336212158203,79.82479095458984,86.796875,26.3157901763916,15.000000953674316,10.526315689086914,5.263157844543457,10,5.263157844543457,84.21052551269531,19.047618865966797,5,5,15.781399726867676,25769803776,2147483648,18318884864,765329408
209,1790455716266,4,4,4,4,4,4,4,4,4,4,79.27256774902344,78.98223114013672,77.81148529052734,78.70326232910156,71.06336212158203,79.82479095458984,86.796875,28.571430206298828,14.285715103149414,14.285715103149414,13.636363983154297,9.523809432983398,9.523809432983398,57.142860412597656,40,9.523809432983398,9.523809432983398,15.781399726867676,25769803776,2147483648,18318884864,765329408
209,1790455716476,4,4,4,4,4,4,4,4,4,4,78.74244689941406,79.65576171875,78.32923126220703,77.44569396972656,71.61296081542969,79.35746765136719,85.15625,23.809524536132813,10,9.523809432983398,5,5,9.523809432983398,38.095237731933594,42.85714340209961,23.809524536132813,4.761904716491699,15.781399726867676,25769803776,2147483648,18318884864,765329408
209,1790455716686,4,4,4,4,4,4,4,4,4,4,78.74244689941406,79.65576171875,78.32923126220703,77.44569396972656,71.61296081542969,79.35746765136719,85.15625,23.809524536132813,18.18181800842285,5,9.090909004211426,9.090909004211426,9.090909004211426,66.66667175292969,23.809524536132813,23.809524536132813,0,15.781399726867676,25769803776,2147483648,18327322624,765329408
204,1790455716896,4,4,4,4,4,4,4,4,4,4,78.74244689941406,79.65576171875,78.32923126220703,77.44569396972656,71.61296081542969,79.35746765136719,85.15625,19.047618865966797,5.263157844543457,13.636363983154297,10,9.523809432983398,5,20,15.000000953674316,0,63.6363639831543,15.445375442504883,25769803776,2147483648,18327519232,765329408
207,1790455717101,4,4,4,4,4,4,4,4,4,4,78.74244689941406,79.65576171875,78.32923126220703,77.44569396972656,71.61296081542969,79.35746765136719,85.15625,10,19.047618865966797,5,4.761904716491699,5,9.090909004211426,63.6363639831543,28.571430206298828,14.285715103149414,15.000000953674316,15.445375442504883,25769803776,2147483648,18325684224,765329408
200,1790455717309,4,4,4,4,4,4,4,4,4,4,78.74244689941406,79.65576171875,78.32923126220703,77.44569396972656,71.61296081542969,79.35746765136719,85.15625,30.000001907348633,14.285715103149414,14.285715103149414,10,9.523809432983398,5.263157844543457,68.42105102539063,19.047618865966797,10,4.761904716491699,15.445375442504883,25769803776,2147483648,18325684224,765329408
206,1790455717510,4,4,4,4,4,4,4,4,4,4,79.07955932617188,79.2010269165039,77.79529571533203,78.09307861328125,70.95083618164063,79.74160766601563,86.796875,23.809524536132813,15.000000953674316,10,9.523809432983398,9.523809432983398,9.523809432983398,47.619049072265625,23.809524536132813,25,30.000001907348633,15.445375442504883,25769803776,2147483648,18325684224,765329408
207,1790455717717,4,4,4,4,4,4,4,4,4,4,79.07955932617188,79.2010269165039,77.79529571533203,78.09307861328125,70.95083618164063,79.74160766601563,86.796875,25,20,10,10,5.263157844543457,9.523809432983398,60.000003814697266,35,4.761904716491699,0,15.445375442504883,25769803776,2147483648,18326388736,765329408
209,1790455717925,4,4,4,4,4,4,4,4,4,4,79.07955932617188,79.2010269165039,77.79529571533203,78.09307861328125,70.95083618164063,79.74160766601563,86.796875,15.000000953674316,9.523809432983398,14.285715103149414,9.523809432983398,9.090909004211426,5,23.809524536132813,15.000000953674316,33.333335876464844,45,15.467679977416992,25769803776,2147483648,18326126592,765329408
201,1790455718135,4,4,4,4,4,4,4,4,4,4,79.07955932617188,79.2010269165039,77.79529571533203,78.09307861328125,70.95083618164063,79.74160766601563,86.796875,33.333335876464844,14.285715103149414,19.047618865966797,9.523809432983398,9.523809432983398,9.523809432983398,71.42857360839844,22.72727394104004,0,0,15.467679977416992,25769803776,2147483648,18326126592,765329408
209,1790455718337,4,4,4,4,4,4,4,4,4,4,79.19599151611328,79.12639617919922,77.73680877685547,78.2600326538086,70.92839050292969,79.79570770263672,86.5625,50,15.000000953674316,15.000000953674316,5.263157844543457,10,5,65,15.000000953674316,31.57894515991211,15.000000953674316,15.467679977416992,25769803776,2147483648,18326126592,765329408
209,1790455718547,4,4,4,4,4,4,4,4,4,4,79.19599151611328,79.12639617919922,77.73680877685547,78.2600326538086,70.92839050292969,79.79570770263672,86.5625,23.809524536132813,14.285715103149414,9.523809432983398,13.636363983154297,5,9.523809432983398,68.18181610107422,23.809524536132813,4.761904716491699,0,15.467679977416992,25769803776,2147483648,18326126592,765329408
205,1790455718757,4,4,4,4,4,4,4,4,4,4,79.19599151611328,79.12639617919922,77.73680877685547,78.2600326538086,70.92839050292969,79.79570770263672,86.5625,19.047618865966797,10,9.523809432983398,9.523809432983398,9.523809432983398,4.761904716491699,60.000003814697266,23.809524536132813,13.636363983154297,33.333335876464844,15.467679977416992,25769803776,2147483648,18316083200,765329408
204,1790455718962,4,4,4,4,4,4,4,4,4,4,79.19599151611328,79.12639617919922,77.73680877685547,78.2600326538086,70.92839050292969,79.79570770263672,86.5625,25,9.523809432983398,5,4.761904716491699,4.761904716491699,4.761904716491699,61.904762268066406,23.809524536132813,10,4.545454502105713,15.6881685256958,25769803776,2147483648,18323390464,765329408
208,1790455719167,4,4,4,4,4,4,4,4,4,4,79.19599151611328,79.12639617919922,77.73680877685547,78.2600326538086,70.92839050292969,79.79570770263672,86.5625,28.571430206298828,14.285715103149414,14.285715103149414,10.526315689086914,10,10,45,38.095237731933594,15.000000953674316,30.000001907348633,15.6881685256958,25769803776,2147483648,18318082048,765329408
209,1790455719377,4,4,4,4,4,4,4,4,4,4,78.89960479736328,79.51725006103516,78.09123992919922,77.86175537109375,71.31051635742188,79.4920654296875,85.859375,10.526315689086914,5,5,4.761904716491699,4.761904716491699,0,42.85714340209961,15.000000953674316,42.85714340209961,0,15.6881685256958,25769803776,2147483648,18324029440,765329408
200,1790455719586,4,4,4,4,4,4,4,4,4,4,78.89960479736328,79.51725006103516,78.09123992919922,77.86175537109375,71.31051635742188,79.4920654296875,85.859375,31.81818199157715,14.285715103149414,9.523809432983398,9.523809432983398,13.636363983154297,13.636363983154297,42.85714340209961,50,13.636363983154297,5,15.6881685256958,25769803776,2147483648,18319376384,765329408
209,1790455719787,4,4,4,4,4,4,4,4,4,4,78.89960479736328,79.51725006103516,78.09123992919922,77.86175537109375,71.31051635742188,79.4920654296875,85.859375,19.047618865966797,10,20,10,0,5,75,25,5.263157844543457,5,15.6881685256958,25769803776,2147483648,18324307968,765329408
209,1790455719997,4,4,4,4,4,4,4,4,4,4,78.89960479736328,79.51725006103516,78.09123992919922,77.86175537109375,71.31051635742188,79.4920654296875,85.859375,25,14.285715103149414,9.523809432983398,5,5,9.523809432983398,28.571430206298828,54.54545593261719,4.761904716491699,19.047618865966797,15.690489768981934,25769803776,2147483648,18325733376,765329408
207,1790455720207,4,4,4,4,4,4,4,4,4,4,78.89960479736328,79.51725006103516,78.09123992919922,77.86175537109375,71.31051635742188,79.4920654296875,85.859375,19.047618865966797,10,9.523809432983398,9.090909004211426,9.523809432983398,5,66.66667175292969,23.809524536132813,9.523809432983398,13.636363983154297,15.690489768981934,25769803776,2147483648,18325733376,765329408
204,1790455720415,4,4,4,4,4,4,4,4,4,4,78.7935562133789,79.36541748046875,78.41653442382813,77.67173767089844,71.87574005126953,79.33103942871094,85.734375,20,14.285715103149414,19.047618865966797,14.285715103149414,13.636363983154297,9.523809432983398,80.95238494873047,19.047618865966797,9.523809432983398,4.761904716491699,15.690489768981934,25769803776,2147483648,18325733376,765329408
200,1790455720619,4,4,4,4,4,4,4,4,4,4,78.7935562133789,79.36541748046875,78.41653442382813,77.67173767089844,71.87574005126953,79.33103942871094,85.734375,20,10,14.285715103149414,5,10,5,50,35,25,5,15.690489768981934,25769803776,2147483648,18325733376,765329408
209,1790455720820,4,4,4,4,4,4,4,4,4,4,78.7935562133789,79.36541748046875,78.41653442382813,77.67173767089844,71.87574005126953,79.33103942871094,85.734375,15.000000953674316,15.000000953674316,5.263157844543457,10,5,9.523809432983398,40,25,23.809524536132813,20,15.690489768981934,25769803776,2147483648,18324783104,765329408
201,1790455721030,4,4,4,4,4,4,4,4,4,4,78.7935562133789,79.36541748046875,78.41653442382813,77.67173767089844,71.87574005126953,79.33103942871094,85.734375,27.272727966308594,14.285715103149414,9.523809432983398,4.761904716491699,9.523809432983398,4.761904716491699,47.619049072265625,23.809524536132813,38.095237731933594,9.523809432983398,15.466853141784668,25769803776,2147483648,18326306816,765329408
208,1790455721232,4,4,4,4,4,4,4,4,4,4,78.7935562133789,79.36541748046875,78.41653442382813,77.67173767089844,71.87574005126953,79.33103942871094,85.734375,20,20,10,14.285715103149414,5.263157844543457,5.263157844543457,60.000003814697266,25,4.761904716491699,20,15.466853141784668,25769803776,2147483648,18324570112,765329408
209,1790455721441,4,4,4,4,4,4,4,4,4,4,79.2282943725586,79.43250274658203,77.9967041015625,77.89387512207031,71.19309997558594,79.9748306274414,86.796875,20,13.636363983154297,13.636363983154297,5,9.090909004211426,9.523809432983398,71.42857360839844,36.3636360168457,5.263157844543457,4.761904716491699,15.466853141784668,25769803776,2147483648,18326290432,765329408
202,1790455721651,4,4,4,4,4,4,4,4,4,4,79.2282943725586,79.43250274658203,77.9967041015625,77.89387512207031,71.19309997558594,79.9748306274414,86.796875,25,10,5.263157844543457,9.523809432983398,9.523809432983398,9.523809432983398,9.523809432983398,85,4.545454502105713,0,15.466853141784668,25769803776,2147483648,18326372352,765329408
202,1790455721854,4,4,4,4,4,4,4,4,4,4,79.2282943725586,79.43250274658203,77.9967041015625,77.89387512207031,71.19309997558594,79.9748306274414,86.796875,19.047618865966797,20,28.571430206298828,19.047618865966797,10,4.761904716491699,55,45,10,9.090909004211426,15.673829078674316,25769803776,2147483648,18329976832,765329408
208,1790455722057,4,4,4,4,4,4,4,4,4,4,79.2282943725586,79.43250274658203,77.9967041015625,77.89387512207031,71.19309997558594,79.9748306274414,86.796875,35,19.047618865966797,15.000000953674316,10,10,10,55,20,30.000001907348633,0,15.673829078674316,25769803776,2147483648,18326028288,765329408
207,1790455722266,4,4,4,4,4,4,4,4,4,4,79.2282943725586,79.43250274658203,77.9967041015625,77.89387512207031,71.19309997558594,79.9748306274414,86.796875,19.047618865966797,5.263157844543457,9.090909004211426,5,4.761904716491699,9.523809432983398,50,47.619049072265625,13.636363983154297,14.285715103149414,15.673829078674316,25769803776,2147483648,18326028288,765329408
206,1790455722474,4,4,4,4,4,4,4,4,4,4,78.74506378173828,79.35215759277344,78.89126586914063,77.4642562866211,72.55145263671875,79.32688903808594,85.625,42.85714340209961,22.72727394104004,10.526315689086914,9.523809432983398,9.523809432983398,5,73.68421173095703,19.047618865966797,0,5,15.673829078674316,25769803776,2147483648,18326028288,765329408
207,1790455722681,4,4,4,4,4,4,4,4,4,4,78.74506378173828,79.35215759277344,78.89126586914063,77.4642562866211,72.55145263671875,79.32688903808594,85.625,20,19.047618865966797,14.285715103149414,9.523809432983398,19.047618865966797,9.523809432983398,52.38095474243164,52.38095474243164,22.72727394104004,50,15.673829078674316,25769803776,2147483648,18326028288,765329408
209,1790455722889,4,4,4,4,4,4,4,4,4,4,78.74506378173828,79.35215759277344,78.89126586914063,77.4642562866211,72.55145263671875,79.32688903808594,85.625,28.571430206298828,10,13.636363983154297,9.523809432983398,10,5,68.18181610107422,23.809524536132813,0,0,15.736669540405273,25769803776,2147483648,18330796032,765329408
209,1790455723099,4,4,4,4,4,4,4,4,4,4,78.74506378173828,79.35215759277344,78.89126586914063,77.4642562866211,72.55145263671875,79.32688903808594,85.625,20,14.285715103149414,10,5,4.761904716491699,9.090909004211426,50,38.095237731933594,30.000001907348633,13.636363983154297,15.736669540405273,25769803776,2147483648,18323193856,765329408
207,1790455723309,4,4,4,4,4,4,4,4,4,4,78.74506378173828,79.35215759277344,78.89126586914063,77.4642562866211,72.55145263671875,79.32688903808594,85.625,28.571430206298828,14.285715103149414,13.636363983154297,13.636363983154297,13.636363983154297,5,66.66667175292969,23.809524536132813,4.545454502105713,0,15.736669540405273,25769803776,2147483648,18332680192,765329408
209,1790455723517,4,4,4,4,4,4,4,4,4,4,78.93928527832031,79.78546905517578,78.55406951904297,77.89274597167969,71.90541076660156,79.5302963256836,86.328125,14.285715103149414,19.047618865966797,5.263157844543457,5,5,9.523809432983398,80.95238494873047,25,5,9.523809432983398,15.736669540405273,25769803776,2147483648,18325176320,765329408
203,1790455723726,4,4,4,4,4,4,4,4,4,4,78.93928527832031,79.78546905517578,78.55406951904297,77.89274597167969,71.90541076660156,79.5302963256836,86.328125,25,10,9.523809432983398,9.523809432983398,4.761904716491699,4.761904716491699,65,33.333335876464844,9.090909004211426,0,15.736669540405273,25769803776,2147483648,18334253056,765329408
209,1790455723930,4,4,4,4,4,4,4,4,4,4,78.93928527832031,79.78546905517578,78.55406951904297,77.89274597167969,71.90541076660156,79.5302963256836,86.328125,28.571430206298828,19.047618865966797,15.000000953674316,5.263157844543457,10,14.285715103149414,33.333335876464844,47.619049072265625,5.263157844543457,35,15.881693840026855,25769803776,2147483648,18325864448,765329408
201,1790455724140,4,4,4,4,4,4,4,4,4,4,78.93928527832031,79.78546905517578,78.55406951904297,77.89274597167969,71.90541076660156,79.5302963256836,86.328125,15.000000953674316,9.523809432983398,9.090909004211426,9.090909004211426,4.761904716491699,0,30.000001907348633,23.809524536132813,45.45454788208008,0,15.881693840026855,25769803776,2147483648,18333745152,765329408
209,1790455724342,4,4,4,4,4,4,4,4,4,4,79.00679779052734,79.2509536743164,78.14372253417969,77.97042846679688,71.46414184570313,79.5917739868164,86.328125,23.809524536132813,5.263157844543457,5.263157844543457,5,10,9.523809432983398,45.45454788208008,25,15.000000953674316,30.000001907348633,15.881693840026855,25769803776,2147483648,18333745152,765329408
209,1790455724552,4,4,4,4,4,4,4,4,4,4,79.00679779052734,79.2509536743164,78.14372253417969,77.97042846679688,71.46414184570313,79.5917739868164,86.328125,25,14.285715103149414,13.636363983154297,9.523809432983398,9.090909004211426,9.523809432983398,70,23.809524536132813,14.285715103149414,4.761904716491699,15.881693840026855,25769803776,2147483648,18333745152,765329408
209,1790455724762,4,4,4,4,4,4,4,4,4,4,79.00679779052734,79.2509536743164,78.14372253417969,77.97042846679688,71.46414184570313,79.5917739868164,86.328125,23.809524536132813,14.285715103149414,10,9.523809432983398,5,5,14.285715103149414,28.571430206298828,35,30.000001907348633,15.881693840026855,25769803776,2147483648,18333745152,765329408
208,1790455724972,4,4,4,4,4,4,4,4,4,4,79.00679779052734,79.2509536743164,78.14372253417969,77.97042846679688,71.46414184570313,79.5917739868164,86.328125,20,14.285715103149414,9.523809432983398,9.523809432983398,9.523809432983398,9.090909004211426,66.66667175292969,28.571430206298828,14.285715103149414,9.090909004211426,15.506181716918945,25769803776,2147483648,18336120832,765329408
199,1790455725180,4,4,4,4,4,4,4,4,4,4,79.00679779052734,79.2509536743164,78.14372253417969,77.97042846679688,71.46414184570313,79.5917739868164,86.328125,23.809524536132813,10,14.285715103149414,10,5,5,57.142860412597656,14.285715103149414,31.81818199157715,5,15.506181716918945,25769803776,2147483648,18334433280,765329408
202,1790455725380,4,4,4,4,4,4,4,4,4,4,79.38338470458984,79.21088409423828,77.82052612304688,78.02833557128906,71.030517578125,80.14579010009766,86.796875,25,15.000000953674316,15.000000953674316,10,14.285715103149414,10,68.42105102539063,20,15.000000953674316,5,15.506181716918945,25769803776,2147483648,18335907840,765329408
209,1790455725583,4,4,4,4,4,4,4,4,4,4,79.38338470458984,79.21088409423828,77.82052612304688,78.02833557128906,71.030517578125,80.14579010009766,86.796875,23.809524536132813,14.285715103149414,5.263157844543457,9.523809432983398,5,10,57.142860412597656,25,26.3157901763916,4.761904716491699,15.506181716918945,25769803776,2147483648,18335907840,765329408
209,1790455725793,4,4,4,4,4,4,4,4,4,4,79.38338470458984,79.21088409423828,77.82052612304688,78.02833557128906,71.030517578125,80.14579010009766,86.796875,23.809524536132813,10,18.18181800842285,5,9.523809432983398,9.090909004211426,68.18181610107422,28.571430206298828,14.285715103149414,9.523809432983398,15.506181716918945,25769803776,2147483648,18335907840,765329408
207,1790455726003,4,4,4,4,4,4,4,4,4,4,79.38338470458984,79.21088409423828,77.82052612304688,78.02833557128906,71.030517578125,80.14579010009766,86.796875,28.571430206298828,14.285715103149414,9.523809432983398,13.636363983154297,5,5,55,19.047618865966797,4.545454502105713,23.809524536132813,15.749580383300781,25769803776,2147483648,18334351360,765329408
209,1790455726210,4,4,4,4,4,4,4,4,4,4,79.38338470458984,79.21088409423828,77.82052612304688,78.02833557128906,71.030517578125,80.14579010009766,86.796875,20,9.523809432983398,5,0,9.523809432983398,4.761904716491699,40,28.571430206298828,38.095237731933594,20,15.749580383300781,25769803776,2147483648,18339037184,765329408
207,1790455726420,4,4,4,4,4,4,4,4,4,4,79.02967834472656,79.14439392089844,78.07035064697266,77.83319854736328,71.36137390136719,79.69197082519531,86.5625,35,47.619049072265625,18.18181800842285,18.18181800842285,9.523809432983398,14.285715103149414,28.571430206298828,71.42857360839844,0,0,15.749580383300781,25769803776,2147483648,18369970176,765329408
201,1790455726628,4,4,4,4,4,4,4,4,4,4,79.02967834472656,79.14439392089844,78.07035064697266,77.83319854736328,71.36137390136719,79.69197082519531,86.5625,19.047618865966797,9.523809432983398,10,5,9.523809432983398,5,52.38095474243164,45,10,9.090909004211426,15.749580383300781,25769803776,2147483648,18369970176,765329408
199,1790455726830,4,4,4,4,4,4,4,4,4,4,79.02967834472656,79.14439392089844,78.07035064697266,77.83319854736328,71.36137390136719,79.69197082519531,86.5625,25,15.789472579956055,10,14.285715103149414,10,14.285715103149414,60.000003814697266,28.571430206298828,5,5.263157844543457,15.749580383300781,25769803776,2147483648,18369970176,765329408
209,1790455727030,4,4,4,4,4,4,4,4,4,4,79.02967834472656,79.14439392089844,78.07035064697266,77.83319854736328,71.36137390136719,79.69197082519531,86.5625,20,10,10,14.285715103149414,5,0,57.142860412597656,10.526315689086914,15.000000953674316,42.85714340209961,15.654674530029297,25769803776,2147483648,18365399040,765329408
203,1790455727240,4,4,4,4,4,4,4,4,4,4,79.02967834472656,79.14439392089844,78.07035064697266,77.83319854736328,71.36137390136719,79.69197082519531,86.5625,47.619049072265625,28.571430206298828,10,5.263157844543457,9.523809432983398,13.636363983154297,61.904762268066406,33.333335876464844,0,0,15.654674530029297,25769803776,2147483648,18357846016,765329408
207,1790455727444,4,4,4,4,4,4,4,4,4,4,78.61065673828125,79.50494384765625,78.47551727294922,77.71038055419922,71.89327239990234,79.14512634277344,86.5625,25,15.000000953674316,14.285715103149414,9.523809432983398,10,5,57.894737243652344,38.095237731933594,19.047618865966797,15.000000953674316,15.654674530029297,25769803776,2147483648,18357846016,765329408
209,1790455727652,4,4,4,4,4,4,4,4,4,4,78.61065673828125,79.50494384765625,78.47551727294922,77.71038055419922,71.89327239990234,79.14512634277344,86.5625,20,22.72727394104004,9.523809432983398,9.523809432983398,4.761904716491699,4.761904716491699,71.42857360839844,19.047618865966797,4.761904716491699,0,15.654674530029297,25769803776,2147483648,18357846016,765329408
209,1790455727862,4,4,4,4,4,4,4,4,4,4,78.61065673828125,79.50494384765625,78.47551727294922,77.71038055419922,71.89327239990234,79.14512634277344,86.5625,18.18181800842285,10,9.523809432983398,10,9.523809432983398,9.523809432983398,42.85714340209961,30.000001907348633,10,40.90909194946289,15.690030097961426,25769803776,2147483648,18357846016,765329408
209,1790455728072,4,4,4,4,4,4,4,4,4,4,78.61065673828125,79.50494384765625,78.47551727294922,77.71038055419922,71.89327239990234,79.14512634277344,86.5625,20,14.285715103149414,9.523809432983398,4.761904716491699,4.761904716491699,5,66.66667175292969,19.047618865966797,9.090909004211426,0,15.690030097961426,25769803776,2147483648,18358026240,765329408
205,1790455728282,4,4,4,4,4,4,4,4,4,4,78.61065673828125,79.50494384765625,78.47551727294922,77.71038055419922,71.89327239990234,79.14512634277344,86.5625,14.285715103149414,14.285715103149414,9.523809432983398,9.523809432983398,9.523809432983398,9.090909004211426,38.095237731933594,18.18181800842285,23.809524536132813,42.85714340209961,15.690030097961426,25769803776,2147483648,18347114496,765329408
201,1790455728488,4,4,4,4,4,4,4,4,4,4,78.9765396118164,79.3042221069336,77.81806182861328,78.2400131225586,70.97595977783203,79.55899810791016,86.796875,10,14.285715103149414,5,4.761904716491699,4.761904716491699,0,76.19047546386719,19.047618865966797,4.761904716491699,0,15.690030097961426,25769803776,2147483648,18354388992,765329408
207,1790455728690,4,4,4,4,4,4,4,4,4,4,78.9765396118164,79.3042221069336,77.81806182861328,78.2400131225586,70.97595977783203,79.55899810791016,86.796875,33.333335876464844,10.526315689086914,14.285715103149414,10,5.263157844543457,14.285715103149414,65,42.105262756347656,0,4.761904716491699,15.690030097961426,25769803776,2147483648,18347098112,765329408
205,1790455728897,4,4,4,4,4,4,4,4,4,4,78.9765396118164,79.3042221069336,77.81806182861328,78.2400131225586,70.97595977783203,79.55899810791016,86.796875,20,20,10,5,9.523809432983398,5,66.66667175292969,23.809524536132813,14.285715103149414,9.523809432983398,15.727721214294434,25769803776,2147483648,18347098112,765329408
207,1790455729103,4,4,4,4,4,4,4,4,4,4,78.9765396118164,79.3042221069336,77.81806182861328,78.2400131225586,70.97595977783203,79.55899810791016,86.796875,25,14.285715103149414,10,13.636363983154297,5,5,47.619049072265625,61.904762268066406,4.761904716491699,0,15.727721214294434,25769803776,2147483648,18354831360,765329408
208,1790455729311,4,4,4,4,4,4,4,4,4,4,78.9765396118164,79.3042221069336,77.81806182861328,78.2400131225586,70.97595977783203,79.55899810791016,86.796875,23.809524536132813,14.285715103149414,9.523809432983398,5,9.523809432983398,9.523809432983398,55,42.85714340209961,5,4.761904716491699,15.727721214294434,25769803776,2147483648,18356404224,765329408
209,1790455729520,4,4,4,4,4,4,4,4,4,4,78.44044494628906,79.712646484375,78.62281036376953,77.2625503540039,72.04944610595703,78.93681335449219,84.90625,19.047618865966797,10,19.047618865966797,14.285715103149414,9.523809432983398,5,50,31.57894515991211,23.809524536132813,0,15.727721214294434,25769803776,2147483648,18356404224,765329408
209,1790455729730,4,4,4,4,4,4,4,4,4,4,78.44044494628906,79.712646484375,78.62281036376953,77.2625503540039,72.04944610595703,78.93681335449219,84.90625,19.047618865966797,14.285715103149414,9.523809432983398,14.285715103149414,9.523809432983398,9.090909004211426,68.18181610107422,30.434782028198242,14.285715103149414,9.090909004211426,15.727721214294434,25769803776,2147483648,18356404224,765329408
209,1790455729940,4,4,4,4,4,4,4,4,4,4,78.44044494628906,79.712646484375,78.62281036376953,77.2625503540039,72.04944610595703,78.93681335449219,84.90625,15.000000953674316,13.636363983154297,9.523809432983398,9.523809432983398,9.523809432983398,9.523809432983398,10,20,66.66667175292969,4.761904716491699,15.716352462768555,25769803776,2147483648,18356404224,765329408
209,1790455730150,4,4,4,4,4,4,4,4,4,4,78.44044494628906,79.712646484375,78.62281036376953,77.2625503540039,72.04944610595703,78.93681335449219,84.90625,33.333335876464844,10,9.523809432983398,9.523809432983398,9.523809432983398,9.523809432983398,68.18181610107422,19.047618865966797,31.81818199157715,0,15.716352462768555,25769803776,2147483648,18356289536,765329408
209,1790455730360,4,4,4,4,4,4,4,4,4,4,79.42769622802734,79.29422760009766,77.799560546875,77.62461853027344,70.9561538696289,80.34305572509766,86.09375,20,14.285715103149414,9.523809432983398,5,5,4.761904716491699,85,14.285715103149414,4.761904716491699,4.545454502105713,15.716352462768555,25769803776,2147483648,18354733056,765329408
204,1790455730570,4,4,4,4,4,4,4,4,4,4,79.42769622802734,79.29422760009766,77.799560546875,77.62461853027344,70.9561538696289,80.34305572509766,86.09375,23.809524536132813,14.285715103149414,14.285715103149414,9.523809432983398,9.090909004211426,9.523809432983398,54.54545593261719,28.571430206298828,14.285715103149414,15.000000953674316,15.716352462768555,25769803776,2147483648,18354733056,765329408
209,1790455730774,4,4,4,4,4,4,4,4,4,4,79.42769622802734,79.29422760009766,77.799560546875,77.62461853027344,70.9561538696289,80.34305572509766,86.09375,28.571430206298828,15.000000953674316,14.285715103149414,13.636363983154297,10,5.263157844543457,65,35,5,4.761904716491699,15.716352462768555,25769803776,2147483648,18354733056,765329408
201,1790455730984,4,4,4,4,4,4,4,4,4,4,79.42769622802734,79.29422760009766,77.799560546875,77.62461853027344,70.9561538696289,80.34305572509766,86.09375,15.000000953674316,9.523809432983398,0,0,4.761904716491699,9.090909004211426,52.38095474243164,50,9.523809432983398,9.090909004211426,15.611737251281738,25769803776,2147483648,18354733056,765329408
209,1790455731185,4,4,4,4,4,4,4,4,4,4,79.42769622802734,79.29422760009766,77.799560546875,77.62461853027344,70.9561538696289,80.34305572509766,86.09375,33.333335876464844,15.000000953674316,15.000000953674316,15.000000953674316,14.285715103149414,5.263157844543457,55,25,5,10.526315689086914,15.611737251281738,25769803776,2147483648,18355142656,765329408
209,1790455731395,4,4,4,4,4,4,4,4,4,4,78.79344177246094,79.6292953491211,78.57030487060547,77.66041564941406,71.99455261230469,79.40447235107422,86.90625,20,13.636363983154297,9.523809432983398,4.761904716491699,5,9.090909004211426,42.85714340209961,45,25,13.636363983154297,15.611737251281738,25769803776,2147483648,18355142656,765329408
200,1790455731605,4,4,4,4,4,4,4,4,4,4,78.79344177246094,79.6292953491211,78.57030487060547,77.66041564941406,71.99455261230469,79.40447235107422,86.90625,28.571430206298828,15.000000953674316,18.18181800842285,14.285715103149414,9.523809432983398,13.636363983154297,57.142860412597656,27.272727966308594,9.523809432983398,0,15.611737251281738,25769803776,2147483648,18355142656,765329408
209,1790455731806,4,4,4,4,4,4,4,4,4,4,78.79344177246094,79.6292953491211,78.57030487060547,77.66041564941406,71.99455261230469,79.40447235107422,86.90625,20,15.000000953674316,10,0,5,0,55,10.526315689086914,52.38095474243164,5.263157844543457,15.611737251281738,25769803776,2147483648,18355142656,765329408
201,1790455732016,4,4,4,4,4,4,4,4,4,4,78.79344177246094,79.6292953491211,78.57030487060547,77.66041564941406,71.99455261230469,79.40447235107422,86.90625,28.571430206298828,14.285715103149414,5,13.636363983154297,13.636363983154297,9.523809432983398,42.85714340209961,54.54545593261719,0,0,15.770546913146973,25769803776,2147483648,18355142656,765329408
208,1790455732217,4,4,4,4,4,4,4,4,4,4,78.79344177246094,79.6292953491211,78.57030487060547,77.66041564941406,71.99455261230469,79.40447235107422,86.90625,20,14.285715103149414,10,5.263157844543457,5,5,70,14.285715103149414,35,10,15.770546913146973,25769803776,2147483648,18351685632,765329408
206,1790455732426,4,4,4,4,4,4,4,4,4,4,79.26255798339844,79.44420623779297,78.17481994628906,77.74895477294922,71.4393310546875,80.09546661376953,86.4375,23.809524536132813,10,13.636363983154297,9.523809432983398,5,9.523809432983398,23.809524536132813,15.789472579956055,9.523809432983398,45.45454788208008,15.770546913146973,25769803776,2147483648,18360270848,765329408
207,1790455732633,4,4,4,4,4,4,4,4,4,4,79.26255798339844,79.44420623779297,78.17481994628906,77.74895477294922,71.4393310546875,80.09546661376953,86.4375,23.809524536132813,15.000000953674316,10,9.523809432983398,10,5,63.15789031982422,19.047618865966797,35,5.263157844543457,15.770546913146973,25769803776,2147483648,18353389568,765329408
209,1790455732840,4,4,4,4,4,4,4,4,4,4,79.26255798339844,79.44420623779297,78.17481994628906,77.74895477294922,71.4393310546875,80.09546661376953,86.4375,25,9.523809432983398,5,5,9.090909004211426,5,63.6363639831543,28.571430206298828,9.523809432983398,0,15.804444313049316,25769803776,2147483648,18353389568,765329408
209,1790455733050,4,4,4,4,4,4,4,4,4,4,79.26255798339844,79.44420623779297,78.17481994628906,77.74895477294922,71.4393310546875,80.09546661376953,86.4375,15.000000953674316,19.047618865966797,18.18181800842285,14.285715103149414,5.263157844543457,13.636363983154297,80.95238494873047,28.571430206298828,9.523809432983398,9.090909004211426,15.804444313049316,25769803776,2147483648,18353389568,765329408
199,1790455733261,4,4,4,4,4,4,4,4,4,4,79.26255798339844,79.44420623779297,78.17481994628906,77.74895477294922,71.4393310546875,80.09546661376953,86.4375,14.285715103149414,5,0,4.545454502105713,8.69565200805664,4.761904716491699,66.66667175292969,19.047618865966797,4.761904716491699,0,15.804444313049316,25769803776,2147483648,18364039168,765329408
202,1790455733461,4,4,4,4,4,4,4,4,4,4,78.96228790283203,79.67793273925781,78.09150695800781,77.74446105957031,71.29057312011719,79.64876556396484,86.671875,15.000000953674316,19.047618865966797,15.000000953674316,15.000000953674316,5.263157844543457,10,25,25,61.904762268066406,10,15.804444313049316,25769803776,2147483648,18357026816,765329408
204,1790455733663,4,4,4,4,4,4,4,4,4,4,78.96228790283203,79.67793273925781,78.09150695800781,77.74446105957031,71.29057312011719,79.64876556396484,86.671875,25,5,10,5,9.523809432983398,5,65,30.000001907348633,5.263157844543457,0,15.804444313049316,25769803776,2147483648,18361827328,765329408
208,1790455733868,4,4,4,4,4,4,4,4,4,4,78.96228790283203,79.67793273925781,78.09150695800781,77.74446105957031,71.29057312011719,79.64876556396484,86.671875,23.809524536132813,10.526315689086914,14.285715103149414,14.285715103149414,5.263157844543457,5,70,35,4.761904716491699,4.761904716491699,15.77262020111084,25769803776,2147483648,18361483264,765329408
201,1790455734077,4,4,4,4,4,4,4,4,4,4,78.96228790283203,79.67793273925781,78.09150695800781,77.74446105957031,71.29057312011719,79.64876556396484,86.671875,25,14.285715103149414,10,5,9.523809432983398,9.523809432983398,66.66667175292969,23.809524536132813,15.000000953674316,4.761904716491699,15.77262020111084,25769803776,2147483648,18361483264,765329408
209,1790455734278,4,4,4,4,4,4,4,4,4,4,78.96228790283203,79.67793273925781,78.09150695800781,77.74446105957031,71.29057312011719,79.64876556396484,86.671875,20,14.285715103149414,14.285715103149414,10,10,5,85,20,10,5,15.77262020111084,25769803776,2147483648,18360401920,765329408
209,1790455734488,4,4,4,4,4,4,4,4,4,4,79.12545776367188,79.87428283691406,78.17910766601563,77.56961822509766,71.3499984741211,79.90814971923828,86.203125,20,14.285715103149414,5,9.523809432983398,9.090909004211426,9.523809432983398,65,33.333335876464844,13.636363983154297,9.090909004211426,15.77262020111084,25769803776,2147483648,18362499072,765329408
209,1790455734698,4,4,4,4,4,4,4,4,4,4,79.12545776367188,79.87428283691406,78.17910766601563,77.56961822509766,71.3499984741211,79.90814971923828,86.203125,27.272727966308594,10,13.636363983154297,5,5,4.761904716491699,17.39130401611328,42.85714340209961,42.85714340209961,0,15.77262020111084,25769803776,2147483648,18362449920,765329408
200,1790455734908,4,4,4,4,4,4,4,4,4,4,79.12545776367188,79.87428283691406,78.17910766601563,77.56961822509766,71.3499984741211,79.90814971923828,86.203125,19.047618865966797,14.285715103149414,10,9.090909004211426,9.523809432983398,9.523809432983398,60.000003814697266,28.571430206298828,23.809524536132813,5,15.791792869567871,25769803776,2147483648,18362793984,765329408
203,1790455735109,4,4,4,4,4,4,4,4,4,4,79.12545776367188,79.87428283691406,78.17910766601563,77.56961822509766,71.3499984741211,79.90814971923828,86.203125,25,15.000000953674316,10,10,5,5,80,15.000000953674316,5,4.761904716491699,15.791792869567871,25769803776,2147483648,18361352192,765329408
202,1790455735312,4,4,4,4,4,4,4,4,4,4,79.12545776367188,79.87428283691406,78.17910766601563,77.56961822509766,71.3499984741211,79.90814971923828,86.203125,25,15.000000953674316,10,10,14.285715103149414,10,61.904762268066406,45.45454788208008,14.285715103149414,5.263157844543457,15.791792869567871,25769803776,2147483648,18365120512,765329408
209,1790455735515,4,4,4,4,4,4,4,4,4,4,79.13008117675781,79.57391357421875,78.38363647460938,77.58598327636719,71.7291259765625,79.90457153320313,85.859375,26.3157901763916,10,10,5,5.263157844543457,9.523809432983398,70,26.3157901763916,0,4.761904716491699,15.791792869567871,25769803776,2147483648,18361647104,765329408
209,1790455735725,4,4,4,4,4,4,4,4,4,4,79.13008117675781,79.57391357421875,78.38363647460938,77.58598327636719,71.7291259765625,79.90457153320313,85.859375,18.18181800842285,9.523809432983398,9.523809432983398,9.090909004211426,9.090909004211426,5,61.904762268066406,33.333335876464844,19.047618865966797,0,15.791792869567871,25769803776,2147483648,18360221696,765329408
201,1790455735935,4,4,4,4,4,4,4,4,4,4,79.13008117675781,79.57391357421875,78.38363647460938,77.58598327636719,71.7291259765625,79.90457153320313,85.859375,45,15.000000953674316,18.18181800842285,10,5,18.18181800842285,61.904762268066406,23.809524536132813,4.545454502105713,18.18181800842285,15.822541236877441,25769803776,2147483648,18365530112,765329408
209,1790455736136,4,4,4,4,4,4,4,4,4,4,79.13008117675781,79.57391357421875,78.38363647460938,77.58598327636719,71.7291259765625,79.90457153320313,85.859375,25,14.285715103149414,10,9.523809432983398,9.523809432983398,5,65,15.000000953674316,15.000000953674316,26.3157901763916,15.822541236877441,25769803776,2147483648,18365530112,765329408
203,1790455736346,4,4,4,4,4,4,4,4,4,4,78.66927337646484,79.94126892089844,78.32723999023438,77.67939758300781,71.48894500732422,79.21310424804688,86.5625,23.809524536132813,19.047618865966797,5.263157844543457,5,9.523809432983398,10,65,28.571430206298828,4.761904716491699,8.69565200805664,15.822541236877441,25769803776,2147483648,18356682752,765329408
206,1790455736549,4,4,4,4,4,4,4,4,4,4,78.66927337646484,79.94126892089844,78.32723999023438,77.67939758300781,71.48894500732422,79.21310424804688,86.5625,10,15.000000953674316,13.636363983154297,9.523809432983398,5,4.761904716491699,42.85714340209961,10,28.571430206298828,35,15.822541236877441,25769803776,2147483648,18343280640,765329408
202,1790455736756,4,4,4,4,4,4,4,4,4,4,78.66927337646484,79.94126892089844,78.32723999023438,77.67939758300781,71.48894500732422,79.21310424804688,86.5625,28.571430206298828,14.285715103149414,10,10,10,10,65,28.571430206298828,0,0,15.822541236877441,25769803776,2147483648,18353717248,765329408
207,1790455736958,4,4,4,4,4,4,4,4,4,4,78.66927337646484,79.94126892089844,78.32723999023438,77.67939758300781,71.48894500732422,79.21310424804688,86.5625,25,15.000000953674316,10,9.523809432983398,9.523809432983398,4.761904716491699,71.42857360839844,19.047618865966797,14.285715103149414,30.000001907348633,15.815435409545898,25769803776,2147483648,18353717248,765329408
208,1790455737167,4,4,4,4,4,4,4,4,4,4,78.66927337646484,79.94126892089844,78.32723999023438,77.67939758300781,71.48894500732422,79.21310424804688,86.5625,28.571430206298828,10,13.636363983154297,5.263157844543457,5,10,65,28.571430206298828,0,0,15.815435409545898,25769803776,2147483648,18353717248,765329408
209,1790455737375,4,4,4,4,4,4,4,4,4,4,79.08322143554688,79.66334533691406,78.17353057861328,78.05451202392578,71.37308502197266,79.73552703857422,86.796875,20,14.285715103149414,5,13.636363983154297,9.523809432983398,4.761904716491699,57.142860412597656,35,23.809524536132813,5,15.815435409545898,25769803776,2147483648,18345607168,765329408
207,1790455737585,4,4,4,4,4,4,4,4,4,4,79.08322143554688,79.66334533691406,78.17353057861328,78.05451202392578,71.37308502197266,79.73552703857422,86.796875,33.333335876464844,14.285715103149414,14.285715103149414,9.523809432983398,9.523809432983398,9.523809432983398,57.142860412597656,30.000001907348633,4.761904716491699,0,15.815435409545898,25769803776,2147483648,18353078272,765329408
209,1790455737793,4,4,4,4,4,4,4,4,4,4,79.08322143554688,79.66334533691406,78.17353057861328,78.05451202392578,71.37308502197266,79.73552703857422,86.796875,15.000000953674316,10,10,5,14.285715103149414,9.523809432983398,61.904762268066406,27.272727966308594,9.523809432983398,36.3636360168457,15.815435409545898,25769803776,2147483648,18346278912,765329408
209,1790455738003,4,4,4,4,4,4,4,4,4,4,79.08322143554688,79.66334533691406,78.17353057861328,78.05451202392578,71.37308502197266,79.73552703857422,86.796875,19.047618865966797,13.636363983154297,9.523809432983398,9.523809432983398,4.761904716491699,9.523809432983398,50,30.000001907348633,13.636363983154297,0,15.842606544494629,25769803776,2147483648,18346278912,765329408
209,1790455738213,4,4,4,4,4,4,4,4,4,4,79.08322143554688,79.66334533691406,78.17353057861328,78.05451202392578,71.37308502197266,79.73552703857422,86.796875,14.285715103149414,14.285715103149414,9.523809432983398,4.761904716491699,9.523809432983398,4.761904716491699,27.272727966308594,50,15.000000953674316,28.571430206298828,15.842606544494629,25769803776,2147483648,18346278912,765329408
204,1790455738423,4,4,4,4,4,4,4,4,4,4,78.96715545654297,79.48097229003906,78.55988311767578,78.04540252685547,72.0086441040039,79.55477142333984,87.15625,28.571430206298828,9.523809432983398,9.090909004211426,9.523809432983398,4.761904716491699,5,61.904762268066406,28.571430206298828,5,0,15.842606544494629,25769803776,2147483648,18355830784,765329408
207,1790455738627,4,4,4,4,4,4,4,4,4,4,78.96715545654297,79.48097229003906,78.55988311767578,78.04540252685547,72.0086441040039,79.55477142333984,87.15625,25,15.000000953674316,10,10,10,9.523809432983398,47.36842346191406,45,19.047618865966797,19.047618865966797,15.842606544494629,25769803776,2147483648,18346770432,765329408
207,1790455738835,4,4,4,4,4,4,4,4,4,4,78.96715545654297,79.48097229003906,78.55988311767578,78.04540252685547,72.0086441040039,79.55477142333984,87.15625,19.047618865966797,9.523809432983398,5,0,4.761904716491699,4.761904716491699,36.3636360168457,57.142860412597656,4.761904716491699,0,15.842606544494629,25769803776,2147483648,18353946624,765329408
200,1790455739042,4,4,4,4,4,4,4,4,4,4,78.96715545654297,79.48097229003906,78.55988311767578,78.04540252685547,72.0086441040039,79.55477142333984,87.15625,30.000001907348633,20,14.285715103149414,14.285715103149414,14.285715103149414,10,61.904762268066406,23.809524536132813,19.047618865966797,30.000001907348633,15.95024585723877,25769803776,2147483648,18347556864,765329408
201,1790455739243,4,4,4,4,4,4,4,4,4,4,78.96715545654297,79.48097229003906,78.55988311767578,78.04540252685547,72.0086441040039,79.55477142333984,87.15625,25,5,10,9.523809432983398,0,5,31.57894515991211,52.6315803527832,5,0,15.95024585723877,25769803776,2147483648,18355191808,765329408
209,1790455739444,4,4,4,4,4,4,4,4,4,4,78.89268493652344,79.38946533203125,78.78404235839844,77.81182098388672,72.31851196289063,79.55520629882813,86.796875,25,10.526315689086914,10,10,14.285715103149414,9.523809432983398,23.809524536132813,60.000003814697266,25,0,15.95024585723877,25769803776,2147483648,18350522368,765329408
207,1790455739655,4,4,4,4,4,4,4,4,4,4,78.89268493652344,79.38946533203125,78.78404235839844,77.81182098388672,72.31851196289063,79.55520629882813,86.796875,52.38095474243164,52.38095474243164,14.285715103149414,9.523809432983398,4.761904716491699,5,66.66667175292969,28.571430206298828,13.636363983154297,9.090909004211426,15.95024585723877,25769803776,2147483648,18358992896,765329408
204,1790455739862,4,4,4,4,4,4,4,4,4,4,78.89268493652344,79.38946533203125,78.78404235839844,77.81182098388672,72.31851196289063,79.55520629882813,86.796875,15.000000953674316,14.285715103149414,5,5,9.523809432983398,13.636363983154297,50,19.047618865966797,20,20,15.751199722290039,25769803776,2147483648,18356994048,765329408
208,1790455740067,4,4,4,4,4,4,4,4,4,4,78.89268493652344,79.38946533203125,78.78404235839844,77.81182098388672,72.31851196289063,79.55520629882813,86.796875,23.809524536132813,19.047618865966797,14.285715103149414,14.285715103149414,5.263157844543457,0,60.000003814697266,31.81818199157715,19.047618865966797,9.523809432983398,15.751199722290039,25769803776,2147483648,18357714944,765329408
201,1790455740276,4,4,4,4,4,4,4,4,4,4,78.89268493652344,79.38946533203125,78.78404235839844,77.81182098388672,72.31851196289063,79.55520629882813,86.796875,15.000000953674316,10,9.523809432983398,5,9.090909004211426,13.636363983154297,59.09090805053711,21.052631378173828,4.761904716491699,23.809524536132813,15.751199722290039,25769803776,2147483648,18357714944,765329408
201,1790455740477,4,4,4,4,4,4,4,4,4,4,79.05440521240234,79.58679962158203,78.30278778076172,77.94218444824219,71.61410522460938,79.73067474365234,86.796875,28.571430206298828,15.000000953674316,15.000000953674316,9.523809432983398,5.263157844543457,5,75,19.047618865966797,10,5.263157844543457,15.751199722290039,25769803776,2147483648,18358878208,765329408
206,1790455740679,4,4,4,4,4,4,4,4,4,4,79.05440521240234,79.58679962158203,78.30278778076172,77.94218444824219,71.61410522460938,79.73067474365234,86.796875,20,14.285715103149414,5.263157844543457,5.263157844543457,9.523809432983398,10,40,30.000001907348633,0,36.3636360168457,15.751199722290039,25769803776,2147483648,18357534720,765329408
202,1790455740886,4,4,4,4,4,4,4,4,4,4,79.05440521240234,79.58679962158203,78.30278778076172,77.94218444824219,71.61410522460938,79.73067474365234,86.796875,25,15.000000953674316,9.523809432983398,13.636363983154297,10,5,60.000003814697266,25,23.809524536132813,9.523809432983398,16.014846801757813,25769803776,2147483648,18359926784,765329408
209,1790455741089,4,4,4,4,4,4,4,4,4,4,79.05440521240234,79.58679962158203,78.30278778076172,77.94218444824219,71.61410522460938,79.73067474365234,86.796875,20,10,14.285715103149414,10,9.523809432983398,9.523809432983398,10,85.71428680419922,19.047618865966797,0,16.014846801757813,25769803776,2147483648,18359975936,765329408
204,1790455741299,4,4,4,4,4,4,4,4,4,4,79.05440521240234,79.58679962158203,78.30278778076172,77.94218444824219,71.61410522460938,79.73067474365234,86.796875,18.18181800842285,14.285715103149414,9.523809432983398,5,5,5,50,23.809524536132813,30.000001907348633,4.761904716491699,16.014846801757813,25769803776,2147483648,18360745984,765329408
209,1790455741504,4,4,4,4,4,4,4,4,4,4,79.18778991699219,79.29214477539063,78.57095336914063,78.00755310058594,72.09856414794922,79.8926010131836,86.5625,21.052631378173828,14.285715103149414,10,9.523809432983398,9.523809432983398,9.523809432983398,52.6315803527832,45,4.761904716491699,0,16.014846801757813,25769803776,2147483648,18358550528,765329408
200,1790455741714,4,4,4,4,4,4,4,4,4,4,79.18778991699219,79.29214477539063,78.57095336914063,78.00755310058594,72.09856414794922,79.8926010131836,86.5625,23.809524536132813,15.000000953674316,5,4.761904716491699,5,4.761904716491699,54.54545593261719,47.619049072265625,13.636363983154297,9.090909004211426,16.014846801757813,25769803776,2147483648,18362859520,765329408
200,1790455741914,4,4,4,4,4,4,4,4,4,4,79.18778991699219,79.29214477539063,78.57095336914063,78.00755310058594,72.09856414794922,79.8926010131836,86.5625,33.333335876464844,14.285715103149414,14.285715103149414,14.285715103149414,9.523809432983398,10,57.894737243652344,15.000000953674316,27.77777862548828,0,15.8843355178833,25769803776,2147483648,18361499648,765329408
207,1790455742115,4,4,4,4,4,4,4,4,4,4,79.18778991699219,79.29214477539063,78.57095336914063,78.00755310058594,72.09856414794922,79.8926010131836,86.5625,10.526315689086914,15.000000953674316,10.526315689086914,10,5.263157844543457,10,42.85714340209961,61.904762268066406,18.18181800842285,5.263157844543457,15.8843355178833,25769803776,2147483648,18361499648,765329408
207,1790455742323,4,4,4,4,4,4,4,4,4,4,79.18778991699219,79.29214477539063,78.57095336914063,78.00755310058594,72.09856414794922,79.8926010131836,86.5625,23.809524536132813,10,18.18181800842285,5,13.636363983154297,5,70,23.809524536132813,5,4.761904716491699,15.8843355178833,25769803776,2147483648,18361499648,765329408
209,1790455742531,4,4,4,4,4,4,4,4,4,4,78.88435363769531,79.70506286621094,78.82880401611328,77.53376007080078,72.33004760742188,79.56387329101563,86.203125,20,9.523809432983398,5,9.523809432983398,5,4.761904716491699,72.7272720336914,30.000001907348633,9.523809432983398,9.523809432983398,15.8843355178833,25769803776,2147483648,18355126272,765329408
209,1790455742741,4,4,4,4,4,4,4,4,4,4,78.88435363769531,79.70506286621094,78.82880401611328,77.53376007080078,72.33004760742188,79.56387329101563,86.203125,31.81818199157715,19.047618865966797,14.285715103149414,9.523809432983398,13.636363983154297,9.523809432983398,65,23.809524536132813,4.761904716491699,4.761904716491699,15.8843355178833,25769803776,2147483648,18363023360,765329408
209,1790455742951,4,4,4,4,4,4,4,4,4,4,78.88435363769531,79.70506286621094,78.82880401611328,77.53376007080078,72.33004760742188,79.56387329101563,86.203125,10,5,4.761904716491699,9.523809432983398,0,9.090909004211426,33.333335876464844,14.285715103149414,71.42857360839844,9.090909004211426,15.856459617614746,25769803776,2147483648,18355830784,765329408
206,1790455743161,4,4,4,4,4,4,4,4,4,4,78.88435363769531,79.70506286621094,78.82880401611328,77.53376007080078,72.33004760742188,79.56387329101563,86.203125,25,10,14.285715103149414,5,9.523809432983398,5,66.66667175292969,19.047618865966797,5,0,15.856459617614746,25769803776,2147483648,18356551680,765329408
208,1790455743367,4,4,4,4,4,4,4,4,4,4,79.7863540649414,79.54563903808594,77.97415924072266,77.8706283569336,71.09662628173828,80.80485534667969,85.390625,27.272727966308594,18.18181800842285,5,9.523809432983398,5,9.523809432983398,47.619049072265625,14.285715103149414,59.09090805053711,5,15.856459617614746,25769803776,2147483648,18362187776,765329408
200,1790455743576,4,4,4,4,4,4,4,4,4,4,79.7863540649414,79.54563903808594,77.97415924072266,77.8706283569336,71.09662628173828,80.80485534667969,85.390625,31.57894515991211,19.047618865966797,14.285715103149414,14.285715103149414,13.636363983154297,5,45,50,0,0,15.856459617614746,25769803776,2147483648,18364940288,765329408
204,1790455743776,4,4,4,4,4,4,4,4,4,4,79.7863540649414,79.54563903808594,77.97415924072266,77.8706283569336,71.09662628173828,80.80485534667969,85.390625,23.809524536132813,10,10,5.263157844543457,5.263157844543457,9.523809432983398,28.571430206298828,35,50,15.000000953674316,15.856459617614746,25769803776,2147483648,18363678720,765329408
201,1790455743981,4,4,4,4,4,4,4,4,4,4,79.7863540649414,79.54563903808594,77.97415924072266,77.8706283569336,71.09662628173828,80.80485534667969,85.390625,20,10.526315689086914,9.523809432983398,9.090909004211426,9.523809432983398,5,65,28.571430206298828,4.761904716491699,0,15.922813415527344,25769803776,2147483648,18363678720,765329408
209,1790455744183,4,4,4,4,4,4,4,4,4,4,79.7863540649414,79.54563903808594,77.97415924072266,77.8706283569336,71.09662628173828,80.80485534667969,85.390625,23.809524536132813,20,15.000000953674316,5.555555820465088,10,10,21.052631378173828,60.000003814697266,10,28.571430206298828,15.922813415527344,25769803776,2147483648,18363678720,765329408
200,1790455744393,4,4,4,4,4,4,4,4,4,4,79.14360046386719,79.2271499633789,78.79601287841797,77.90408325195313,72.42418670654297,79.86201477050781,86.796875,10.526315689086914,9.090909004211426,0,9.090909004211426,4.545454502105713,4.761904716491699,59.09090805053711,33.333335876464844,4.761904716491699,0,15.922813415527344,25769803776,2147483648,18363678720,765329408
200,1790455744594,4,4,4,4,4,4,4,4,4,4,79.14360046386719,79.2271499633789,78.79601287841797,77.90408325195313,72.42418670654297,79.86201477050781,86.796875,23.809524536132813,15.000000953674316,15.000000953674316,10,10.526315689086914,10,47.619049072265625,28.571430206298828,40,10.526315689086914,15.922813415527344,25769803776,2147483648,18361565184,765329408
205,1790455744794,4,4,4,4,4,4,4,4,4,4,79.14360046386719,79.2271499633789,78.79601287841797,77.90408325195313,72.42418670654297,79.86201477050781,86.796875,26.3157901763916,10.526315689086914,10,19.047618865966797,15.000000953674316,5,68.42105102539063,26.3157901763916,5,10,15.922813415527344,25769803776,2147483648,18358910976,765329408
209,1790455745001,4,4,4,4,4,4,4,4,4,4,79.14360046386719,79.2271499633789,78.79601287841797,77.90408325195313,72.42418670654297,79.86201477050781,86.796875,28.571430206298828,14.285715103149414,14.285715103149414,10,10,9.523809432983398,30.000001907348633,20,33.333335876464844,23.809524536132813,15.99853229522705,25769803776,2147483648,18359025664,765329408
209,1790455745210,4,4,4,4,4,4,4,4,4,4,79.14360046386719,79.2271499633789,78.79601287841797,77.90408325195313,72.42418670654297,79.86201477050781,86.796875,28.571430206298828,14.285715103149414,10,9.523809432983398,9.523809432983398,9.523809432983398,72.7272720336914,28.571430206298828,9.523809432983398,9.090909004211426,15.99853229522705,25769803776,2147483648,18359779328,765329408
203,1790455745420,4,4,4,4,4,4,4,4,4,4,79.32499694824219,79.52897644042969,78.20013427734375,77.9634017944336,71.44156646728516,80.1310043334961,86.796875,30.000001907348633,14.285715103149414,13.636363983154297,5,9.523809432983398,5,30.000001907348633,22.72727394104004,47.619049072265625,5,15.99853229522705,25769803776,2147483648,18359713792,765329408
209,1790455745624,4,4,4,4,4,4,4,4,4,4,79.32499694824219,79.52897644042969,78.20013427734375,77.9634017944336,71.44156646728516,80.1310043334961,86.796875,19.047618865966797,10,15.000000953674316,10,5,9.523809432983398,71.42857360839844,25,14.285715103149414,5,15.99853229522705,25769803776,2147483648,18360418304,765329408
209,1790455745834,4,4,4,4,4,4,4,4,4,4,79.32499694824219,79.52897644042969,78.20013427734375,77.9634017944336,71.44156646728516,80.1310043334961,86.796875,20,9.523809432983398,9.523809432983398,9.523809432983398,9.090909004211426,5,47.619049072265625,36.3636360168457,23.809524536132813,4.545454502105713,15.99853229522705,25769803776,2147483648,18358927360,765329408
208,1790455746044,4,4,4,4,4,4,4,4,4,4,79.32499694824219,79.52897644042969,78.20013427734375,77.9634017944336,71.44156646728516,80.1310043334961,86.796875,19.047618865966797,14.285715103149414,10,9.523809432983398,10,9.090909004211426,76.19047546386719,15.789472579956055,5.263157844543457,5,15.822498321533203,25769803776,2147483648,18358927360,765329408
206,1790455746253,4,4,4,4,4,4,4,4,4,4,79.32499694824219,79.52897644042969,78.20013427734375,77.9634017944336,71.44156646728516,80.1310043334961,86.796875,31.81818199157715,14.285715103149414,13.636363983154297,9.523809432983398,9.523809432983398,9.523809432983398,38.095237731933594,50,22.72727394104004,0,15.822498321533203,25769803776,2147483648,18358927360,765329408
204,1790455746460,4,4,4,4,4,4,4,4,4,4,79.36872863769531,79.56391143798828,78.42198944091797,77.81143188476563,71.82882690429688,80.17892456054688,86.4375,21.052631378173828,14.285715103149414,5,9.523809432983398,5,5,61.904762268066406,40,9.523809432983398,9.523809432983398,15.822498321533203,25769803776,2147483648,18358927360,765329408
207,1790455746665,4,4,4,4,4,4,4,4,4,4,79.36872863769531,79.56391143798828,78.42198944091797,77.81143188476563,71.82882690429688,80.17892456054688,86.4375,23.809524536132813,20,10,9.523809432983398,13.636363983154297,9.523809432983398,60.000003814697266,19.047618865966797,0,23.809524536132813,15.822498321533203,25769803776,2147483648,18360205312,765329408
199,1790455746873,4,4,4,4,4,4,4,4,4,4,79.36872863769531,79.56391143798828,78.42198944091797,77.81143188476563,71.82882690429688,80.17892456054688,86.4375,19.047618865966797,10,14.285715103149414,10,10,10.526315689086914,66.66667175292969,38.095237731933594,14.285715103149414,0,15.995945930480957,25769803776,2147483648,18364432384,765329408
199,1790455747073,4,4,4,4,4,4,4,4,4,4,79.36872863769531,79.56391143798828,78.42198944091797,77.81143188476563,71.82882690429688,80.17892456054688,86.4375,15.789472579956055,10.526315689086914,10,10,10,18.18181800842285,57.894737243652344,45,0,5,15.995945930480957,25769803776,2147483648,18359943168,765329408
209,1790455747273,4,4,4,4,4,4,4,4,4,4,79.36872863769531,79.56391143798828,78.42198944091797,77.81143188476563,71.82882690429688,80.17892456054688,86.4375,20,10,9.523809432983398,10,5,0,55,20,38.095237731933594,5,15.995945930480957,25769803776,2147483648,18354683904,765329408
209,1790455747483,4,4,4,4,4,4,4,4,4,4,78.87599182128906,79.82622528076172,78.4513168334961,77.67945861816406,71.72595977783203,79.51402282714844,86.796875,23.809524536132813,23.809524536132813,10,9.523809432983398,9.523809432983398,13.636363983154297,23.809524536132813,70,0,4.545454502105713,15.995945930480957,25769803776,2147483648,18354683904,765329408
209,1790455747693,4,4,4,4,4,4,4,4,4,4,78.87599182128906,79.82622528076172,78.4513168334961,77.67945861816406,71.72595977783203,79.51402282714844,86.796875,19.047618865966797,9.523809432983398,5,4.761904716491699,4.761904716491699,4.761904716491699,38.095237731933594,61.904762268066406,15.000000953674316,9.523809432983398,15.995945930480957,25769803776,2147483648,18355273728,765329408
201,1790455747903,4,4,4,4,4,4,4,4,4,4,78.87599182128906,79.82622528076172,78.4513168334961,77.67945861816406,71.72595977783203,79.51402282714844,86.796875,30.000001907348633,14.285715103149414,14.285715103149414,10,9.523809432983398,13.636363983154297,57.142860412597656,33.333335876464844,4.545454502105713,9.523809432983398,15.86563777923584,25769803776,2147483648,18361384960,765329408
207,1790455748105,4,4,4,4,4,4,4,4,4,4,78.87599182128906,79.82622528076172,78.4513168334961,77.67945861816406,71.72595977783203,79.51402282714844,86.796875,23.809524536132813,10,9.523809432983398,9.523809432983398,5,0,35,20,25,42.105262756347656,15.86563777923584,25769803776,2147483648,18356092928,765329408
204,1790455748313,4,4,4,4,4,4,4,4,4,4,78.87599182128906,79.82622528076172,78.4513168334961,77.67945861816406,71.72595977783203,79.51402282714844,86.796875,20,20,10,5,10,5,57.142860412597656,14.285715103149414,25,0,15.86563777923584,25769803776,2147483648,18364383232,765329408
202,1790455748517,4,4,4,4,4,4,4,4,4,4,79.12821960449219,79.20515441894531,78.69252014160156,78.07920837402344,72.32681274414063,79.76849365234375,86.796875,20,14.285715103149414,9.523809432983398,10,9.523809432983398,9.090909004211426,90,19.047618865966797,14.285715103149414,13.636363983154297,15.86563777923584,25769803776,2147483648,18364383232,765329408
203,1790455748720,4,4,4,4,4,4,4,4,4,4,79.12821960449219,79.20515441894531,78.69252014160156,78.07920837402344,72.32681274414063,79.76849365234375,86.796875,30.000001907348633,15.000000953674316,10.526315689086914,14.285715103149414,10,10,65,30.000001907348633,0,0,15.86563777923584,25769803776,2147483648,18364956672,765329408
209,1790455748924,4,4,4,4,4,4,4,4,4,4,79.12821960449219,79.20515441894531,78.69252014160156,78.07920837402344,72.32681274414063,79.76849365234375,86.796875,15.000000953674316,14.285715103149414,14.285715103149414,5,9.523809432983398,9.523809432983398,42.85714340209961,19.047618865966797,14.285715103149414,52.6315803527832,15.759501457214355,25769803776,2147483648,18358173696,765329408
209,1790455749134,4,4,4,4,4,4,4,4,4,4,79.12821960449219,79.20515441894531,78.69252014160156,78.07920837402344,72.32681274414063,79.76849365234375,86.796875,23.809524536132813,10,13.636363983154297,9.090909004211426,5,5,61.904762268066406,20,10,0,15.759501457214355,25769803776,2147483648,18367627264,765329408
209,1790455749344,4,4,4,4,4,4,4,4,4,4,79.0738525390625,79.66797637939453,78.37720489501953,78.25003814697266,71.68682861328125,79.68803405761719,86.796875,18.18181800842285,13.636363983154297,5,5,9.090909004211426,0,23.809524536132813,57.142860412597656,19.047618865966797,23.809524536132813,15.759501457214355,25769803776,2147483648,18359009280,765329408
209,1790455749554,4,4,4,4,4,4,4,4,4,4,79.0738525390625,79.66797637939453,78.37720489501953,78.25003814697266,71.68682861328125,79.68803405761719,86.796875,25,9.523809432983398,9.523809432983398,4.761904716491699,4.761904716491699,9.090909004211426,76.19047546386719,9.523809432983398,18.18181800842285,0,15.759501457214355,25769803776,2147483648,18358075392,765329408
208,1790455749764,4,4,4,4,4,4,4,4,4,4,79.0738525390625,79.66797637939453,78.37720489501953,78.25003814697266,71.68682861328125,79.68803405761719,86.796875,15.000000953674316,15.000000953674316,14.285715103149414,19.047618865966797,10,5,47.619049072265625,47.619049072265625,19.047618865966797,13.636363983154297,15.759501457214355,25769803776,2147483648,18359582720,765329408
204,1790455749973,4,4,4,4,4,4,4,4,4,4,79.0738525390625,79.66797637939453,78.37720489501953,78.25003814697266,71.68682861328125,79.68803405761719,86.796875,22.72727394104004,4.761904716491699,4.761904716491699,4.761904716491699,4.761904716491699,4.761904716491699,71.42857360839844,23.809524536132813,4.761904716491699,0,16.119831085205078,25769803776,2147483648,18366758912,765329408
199,1790455750178,4,4,4,4,4,4,4,4,4,4,79.0738525390625,79.66797637939453,78.37720489501953,78.25003814697266,71.68682861328125,79.68803405761719,86.796875,30.000001907348633,19.047618865966797,19.047618865966797,14.285715103149414,10,14.285715103149414,50,22.72727394104004,25,30.000001907348633,16.119831085205078,25769803776,2147483648,18363039744,765329408
205,1790455750378,4,4,4,4,4,4,4,4,4,4,79.03864288330078,79.88459777832031,78.29772186279297,77.79862213134766,71.50679016113281,79.74588012695313,86.796875,10.526315689086914,10,5.263157844543457,5,5,10,75,15.789472579956055,5,0,16.119831085205078,25769803776,2147483648,18367430656,765329408
209,1790455750584,4,4,4,4,4,4,4,4,4,4,79.03864288330078,79.88459777832031,78.29772186279297,77.79862213134766,71.50679016113281,79.74588012695313,86.796875,28.571430206298828,10.526315689086914,10,5.263157844543457,9.523809432983398,9.523809432983398,38.095237731933594,28.571430206298828,42.85714340209961,0,16.119831085205078,25769803776,2147483648,18362368000,765329408
209,1790455750794,4,4,4,4,4,4,4,4,4,4,79.03864288330078,79.88459777832031,78.29772186279297,77.79862213134766,71.50679016113281,79.74588012695313,86.796875,19.047618865966797,14.285715103149414,13.636363983154297,9.090909004211426,4.761904716491699,5,65,28.571430206298828,9.523809432983398,4.761904716491699,16.119831085205078,25769803776,2147483648,18370494464,765329408
209,1790455751004,4,4,4,4,4,4,4,4,4,4,79.03864288330078,79.88459777832031,78.29772186279297,77.79862213134766,71.50679016113281,79.74588012695313,86.796875,15.000000953674316,18.18181800842285,5,9.523809432983398,9.523809432983398,9.090909004211426,28.571430206298828,33.333335876464844,0,40.90909194946289,15.81881046295166,25769803776,2147483648,18361139200,765329408
202,1790455751214,4,4,4,4,4,4,4,4,4,4,79.03864288330078,79.88459777832031,78.29772186279297,77.79862213134766,71.50679016113281,79.74588012695313,86.796875,22.72727394104004,14.285715103149414,18.18181800842285,9.523809432983398,5,10,68.18181610107422,25,13.636363983154297,0,15.81881046295166,25769803776,2147483648,18369200128,765329408
200,1790455751417,4,4,4,4,4,4,4,4,4,4,79.12512969970703,79.50888061523438,78.37268829345703,78.05598449707031,71.7280502319336,79.80338287353516,87.390625,10.526315689086914,15.000000953674316,5.263157844543457,5,13.636363983154297,5,55,28.571430206298828,0,25,15.81881046295166,25769803776,2147483648,18369511424,765329408
209,1790455751617,4,4,4,4,4,4,4,4,4,4,79.12512969970703,79.50888061523438,78.37268829345703,78.05598449707031,71.7280502319336,79.80338287353516,87.390625,28.571430206298828,10.526315689086914,14.285715103149414,10,5.263157844543457,10,75,25,14.285715103149414,9.523809432983398,15.81881046295166,25769803776,2147483648,18369511424,765329408
209,1790455751828,4,4,4,4,4,4,4,4,4,4,79.12512969970703,79.50888061523438,78.37268829345703,78.05598449707031,71.7280502319336,79.80338287353516,87.390625,25,14.285715103149414,9.523809432983398,5,9.523809432983398,9.090909004211426,57.142860412597656,28.571430206298828,23.809524536132813,0,15.81881046295166,25769803776,2147483648,18368806912,765329408
209,1790455752037,4,4,4,4,4,4,4,4,4,4,79.12512969970703,79.50888061523438,78.37268829345703,78.05598449707031,71.7280502319336,79.80338287353516,87.390625,19.047618865966797,14.285715103149414,14.285715103149414,9.523809432983398,4.761904716491699,0,55,45,9.523809432983398,5,15.803058624267578,25769803776,2147483648,18370117632,765329408
209,1790455752247,4,4,4,4,4,4,4,4,4,4,79.12512969970703,79.50888061523438,78.37268829345703,78.05598449707031,71.7280502319336,79.80338287353516,87.390625,28.571430206298828,14.285715103149414,5.263157844543457,13.636363983154297,9.523809432983398,13.636363983154297,50,47.619049072265625,9.523809432983398,0,15.803058624267578,25769803776,2147483648,18368774144,765329408
206,1790455752457,4,4,4,4,4,4,4,4,4,4,78.96250915527344,80.0054931640625,78.70770263671875,77.70596313476563,72.07270812988281,79.66600799560547,86.90625,19.047618865966797,9.523809432983398,13.636363983154297,5,5,4.761904716491699,60.000003814697266,33.333335876464844,14.285715103149414,9.090909004211426,15.803058624267578,25769803776,2147483648,18372427776,765329408
200,1790455752664,4,4,4,4,4,4,4,4,4,4,78.96250915527344,80.0054931640625,78.70770263671875,77.70596313476563,72.07270812988281,79.66600799560547,86.90625,23.809524536132813,14.285715103149414,10,9.523809432983398,9.523809432983398,9.523809432983398,28.571430206298828,14.285715103149414,60.000003814697266,0,15.803058624267578,25769803776,2147483648,18372427776,765329408
204,1790455752865,4,4,4,4,4,4,4,4,4,4,78.96250915527344,80.0054931640625,78.70770263671875,77.70596313476563,72.07270812988281,79.66600799560547,86.90625,21.052631378173828,10.526315689086914,14.285715103149414,5.263157844543457,10,5,60.000003814697266,30.000001907348633,28.571430206298828,9.523809432983398,15.937174797058105,25769803776,2147483648,18370953216,765329408
200,1790455753069,4,4,4,4,4,4,4,4,4,4,78.96250915527344,80.0054931640625,78.70770263671875,77.70596313476563,72.07270812988281,79.66600799560547,86.90625,23.809524536132813,14.285715103149414,5.263157844543457,13.636363983154297,15.000000953674316,10,10,19.047618865966797,35,40,15.937174797058105,25769803776,2147483648,18369708032,765329408
208,1790455753270,4,4,4,4,4,4,4,4,4,4,78.96250915527344,80.0054931640625,78.70770263671875,77.70596313476563,72.07270812988281,79.66600799560547,86.90625,21.052631378173828,10,10,10,14.285715103149414,5,65,33.333335876464844,14.285715103149414,10,15.937174797058105,25769803776,2147483648,18369708032,765329408
207,1790455753480,4,4,4,4,4,4,4,4,4,4,79.84151458740234,79.22415161132813,78.01128387451172,78.33833312988281,71.31015014648438,80.72532653808594,87.03125,52.38095474243164,23.809524536132813,14.285715103149414,5,5,13.636363983154297,71.42857360839844,15.789472579956055,5,4.761904716491699,15.937174797058105,25769803776,2147483648,18369708032,765329408
209,1790455753687,4,4,4,4,4,4,4,4,4,4,79.84151458740234,79.22415161132813,78.01128387451172,78.33833312988281,71.31015014648438,80.72532653808594,87.03125,23.809524536132813,10,9.523809432983398,13.636363983154297,9.090909004211426,0,40.90909194946289,31.81818199157715,47.619049072265625,9.523809432983398,15.937174797058105,25769803776,2147483648,18369708032,765329408
209,1790455753897,4,4,4,4,4,4,4,4,4,4,79.84151458740234,79.22415161132813,78.01128387451172,78.33833312988281,71.31015014648438,80.72532653808594,87.03125,25,14.285715103149414,14.285715103149414,5.263157844543457,5,9.523809432983398,25,71.42857360839844,9.523809432983398,0,16.061630249023438,25769803776,2147483648,18362318848,765329408
205,1790455754107,4,4,4,4,4,4,4,4,4,4,79.84151458740234,79.22415161132813,78.01128387451172,78.33833312988281,71.31015014648438,80.72532653808594,87.03125,23.809524536132813,23.809524536132813,9.523809432983398,9.523809432983398,13.636363983154297,9.090909004211426,33.333335876464844,55,25,15.000000953674316,16.061630249023438,25769803776,2147483648,18362318848,765329408
209,1790455754313,4,4,4,4,4,4,4,4,4,4,79.84151458740234,79.22415161132813,78.01128387451172,78.33833312988281,71.31015014648438,80.72532653808594,87.03125,28.571430206298828,15.000000953674316,15.000000953674316,14.285715103149414,5.263157844543457,5.263157844543457,28.571430206298828,38.095237731933594,22.72727394104004,23.809524536132813,16.061630249023438,25769803776,2147483648,18362318848,765329408
208,1790455754523,4,4,4,4,4,4,4,4,4,4,79.54338836669922,79.18131256103516,78.86481475830078,78.14962005615234,72.54444885253906,80.3958511352539,86.328125,28.571430206298828,15.000000953674316,9.523809432983398,9.090909004211426,9.090909004211426,9.090909004211426,40,15.000000953674316,19.047618865966797,42.85714340209961,16.061630249023438,25769803776,2147483648,18362318848,765329408
207,1790455754732,4,4,4,4,4,4,4,4,4,4,79.54338836669922,79.18131256103516,78.86481475830078,78.14962005615234,72.54444885253906,80.3958511352539,86.328125,35,23.809524536132813,14.285715103149414,10,14.285715103149414,9.523809432983398,61.904762268066406,36.3636360168457,0,0,16.061630249023438,25769803776,2147483648,18362318848,765329408
209,1790455754940,4,4,4,4,4,4,4,4,4,4,79.54338836669922,79.18131256103516,78.86481475830078,78.14962005615234,72.54444885253906,80.3958511352539,86.328125,19.047618865966797,23.809524536132813,10,14.285715103149414,0,4.761904716491699,38.095237731933594,30.000001907348633,50,9.523809432983398,16.037887573242188,25769803776,2147483648,18379161600,765329408
209,1790455755150,4,4,4,4,4,4,4,4,4,4,79.54338836669922,79.18131256103516,78.86481475830078,78.14962005615234,72.54444885253906,80.3958511352539,86.328125,28.571430206298828,13.636363983154297,13.636363983154297,13.636363983154297,13.636363983154297,5,66.66667175292969,28.571430206298828,4.545454502105713,0,16.037887573242188,25769803776,2147483648,18387288064,765329408
209,1790455755359,4,4,4,4,4,4,4,4,4,4,79.2887954711914,79.3148422241211,78.50289154052734,78.11286926269531,72.03728485107422,79.98870086669922,86.796875,20,15.000000953674316,10,5,5,13.636363983154297,28.571430206298828,77.2727279663086,9.523809432983398,9.523809432983398,16.037887573242188,25769803776,2147483648,18380750848,765329408
209,1790455755569,4,4,4,4,4,4,4,4,4,4,79.2887954711914,79.3148422241211,78.50289154052734,78.11286926269531,72.03728485107422,79.98870086669922,86.796875,28.571430206298828,15.000000953674316,13.636363983154297,10,9.523809432983398,5,66.66667175292969,20,4.761904716491699,0,16.037887573242188,25769803776,2147483648,18390204416,765329408
209,1790455755779,4,4,4,4,4,4,4,4,4,4,79.2887954711914,79.3148422241211,78.50289154052734,78.11286926269531,72.03728485107422,79.98870086669922,86.796875,19.047618865966797,18.18181800842285,9.523809432983398,9.523809432983398,4.761904716491699,9.090909004211426,47.619049072265625,23.809524536132813,33.333335876464844,19.047618865966797,16.037887573242188,25769803776,2147483648,18383110144,765329408
209,1790455755989,4,4,4,4,4,4,4,4,4,4,79.2887954711914,79.3148422241211,78.50289154052734,78.11286926269531,72.03728485107422,79.98870086669922,86.796875,19.047618865966797,5,4.761904716491699,4.761904716491699,4.761904716491699,0,71.42857360839844,19.047618865966797,0,9.523809432983398,16.05324935913086,25769803776,2147483648,18389745664,765329408
201,1790455756199,4,4,4,4,4,4,4,4,4,4,79.2887954711914,79.3148422241211,78.50289154052734,78.11286926269531,72.03728485107422,79.98870086669922,86.796875,28.571430206298828,19.047618865966797,10,13.636363983154297,10,13.636363983154297,55,40.90909194946289,19.047618865966797,5,16.05324935913086,25769803776,2147483648,18380783616,765329408
200,1790455756401,4,4,4,4,4,4,4,4,4,4,79.03472137451172,79.77621459960938,78.32235717773438,77.76116180419922,71.54630279541016,79.77745056152344,86.09375,25,9.523809432983398,9.523809432983398,0,4.761904716491699,0,71.42857360839844,10,15.000000953674316,0,16.05324935913086,25769803776,2147483648,18380783616,765329408
207,1790455756601,4,4,4,4,4,4,4,4,4,4,79.03472137451172,79.77621459960938,78.32235717773438,77.76116180419922,71.54630279541016,79.77745056152344,86.09375,26.3157901763916,15.000000953674316,15.000000953674316,15.000000953674316,10.526315689086914,10,70,30.000001907348633,5,10,16.05324935913086,25769803776,2147483648,18380783616,765329408
209,1790455756809,4,4,4,4,4,4,4,4,4,4,79.03472137451172,79.77621459960938,78.32235717773438,77.76116180419922,71.54630279541016,79.77745056152344,86.09375,19.047618865966797,10,5,4.761904716491699,13.636363983154297,9.523809432983398,57.142860412597656,25,25,4.761904716491699,16.05324935913086,25769803776,2147483648,18380783616,765329408
209,1790455757018,4,4,4,4,4,4,4,4,4,4,79.03472137451172,79.77621459960938,78.32235717773438,77.76116180419922,71.54630279541016,79.77745056152344,86.09375,23.809524536132813,14.285715103149414,14.285715103149414,9.523809432983398,9.523809432983398,4.761904716491699,23.809524536132813,14.285715103149414,31.81818199157715,35,15.897113800048828,25769803776,2147483648,18357059584,765329408
209,1790455757228,4,4,4,4,4,4,4,4,4,4,79.03472137451172,79.77621459960938,78.32235717773438,77.76116180419922,71.54630279541016,79.77745056152344,86.09375,28.571430206298828,9.523809432983398,9.523809432983398,5,5,9.523809432983398,60.000003814697266,36.3636360168457,10,9.090909004211426,15.897113800048828,25769803776,2147483648,18362318848,765329408
208,1790455757438,4,4,4,4,4,4,4,4,4,4,79.28661346435547,79.6914291381836,78.2908706665039,78.18896484375,71.54231262207031,79.96221923828125,87.265625,20,15.000000953674316,9.523809432983398,13.636363983154297,9.523809432983398,5,33.333335876464844,19.047618865966797,4.545454502105713,57.142860412597656,15.897113800048828,25769803776,2147483648,18356731904,765329408
209,1790455757648,4,4,4,4,4,4,4,4,4,4,79.28661346435547,79.6914291381836,78.2908706665039,78.18896484375,71.54231262207031,79.96221923828125,87.265625,22.72727394104004,14.285715103149414,14.285715103149414,9.523809432983398,9.523809432983398,13.636363983154297,71.42857360839844,19.047618865966797,10,9.523809432983398,15.897113800048828,25769803776,2147483648,18362974208,765329408
207,1790455757858,4,4,4,4,4,4,4,4,4,4,79.28661346435547,79.6914291381836,78.2908706665039,78.18896484375,71.54231262207031,79.96221923828125,87.265625,20,14.285715103149414,5,9.523809432983398,9.523809432983398,4.761904716491699,33.333335876464844,20,4.761904716491699,45,15.842409133911133,25769803776,2147483648,18362925056,765329408
207,1790455758066,4,4,4,4,4,4,4,4,4,4,79.28661346435547,79.6914291381836,78.2908706665039,78.18896484375,71.54231262207031,79.96221923828125,87.265625,28.571430206298828,14.285715103149414,14.285715103149414,9.523809432983398,9.523809432983398,9.523809432983398,71.42857360839844,23.809524536132813,9.523809432983398,9.523809432983398,15.842409133911133,25769803776,2147483648,18363891712,765329408
204,1790455758274,4,4,4,4,4,4,4,4,4,4,79.28661346435547,79.6914291381836,78.2908706665039,78.18896484375,71.54231262207031,79.96221923828125,87.265625,23.809524536132813,10,14.285715103149414,5,5,5,33.333335876464844,38.095237731933594,33.333335876464844,9.523809432983398,15.842409133911133,25769803776,2147483648,18363383808,765329408
209,1790455758478,4,4,4,4,4,4,4,4,4,4,79.49696350097656,79.26664733886719,78.09619903564453,78.907958984375,71.41075134277344,80.10760498046875,87.15625,25,18.18181800842285,10,10,9.523809432983398,9.523809432983398,63.15789031982422,25,23.809524536132813,5,15.842409133911133,25769803776,2147483648,18363383808,765329408
208,1790455758688,4,4,4,4,4,4,4,4,4,4,79.49696350097656,79.26664733886719,78.09619903564453,78.907958984375,71.41075134277344,80.10760498046875,87.15625,25,14.285715103149414,13.636363983154297,9.523809432983398,9.523809432983398,5,45.45454788208008,36.3636360168457,20,4.545454502105713,15.842409133911133,25769803776,2147483648,18363383808,765329408
209,1790455758897,4,4,4,4,4,4,4,4,4,4,79.49696350097656,79.26664733886719,78.09619903564453,78.907958984375,71.41075134277344,80.10760498046875,87.15625,19.047618865966797,15.000000953674316,10,9.523809432983398,9.523809432983398,5,47.619049072265625,38.095237731933594,19.047618865966797,19.047618865966797,16.289409637451172,25769803776,2147483648,18363383808,765329408
209,1790455759107,4,4,4,4,4,4,4,4,4,4,79.49696350097656,79.26664733886719,78.09619903564453,78.907958984375,71.41075134277344,80.10760498046875,87.15625,25,10,9.523809432983398,5,5,13.636363983154297,10,42.105262756347656,0,40,16.289409637451172,25769803776,2147483648,18365890560,765329408
202,1790455759317,4,4,4,4,4,4,4,4,4,4,79.49696350097656,79.26664733886719,78.09619903564453,78.907958984375,71.41075134277344,80.10760498046875,87.15625,22.72727394104004,18.18181800842285,9.523809432983398,9.090909004211426,9.090909004211426,4.761904716491699,76.19047546386719,22.72727394104004,17.39130401611328,9.090909004211426,16.289409637451172,25769803776,2147483648,18365906944,765329408
203,1790455759520,4,4,4,4,4,4,4,4,4,4,79.24372863769531,79.40234375,78.42444610595703,78.27986145019531,71.83431243896484,79.90562438964844,86.796875,25,5.263157844543457,10,10,5.263157844543457,9.523809432983398,61.904762268066406,35,0,0,16.289409637451172,25769803776,2147483648,18365988864,765329408
208,1790455759724,4,4,4,4,4,4,4,4,4,4,79.24372863769531,79.40234375,78.42444610595703,78.27986145019531,71.83431243896484,79.90562438964844,86.796875,25,19.047618865966797,15.000000953674316,9.523809432983398,9.523809432983398,5.263157844543457,50,47.619049072265625,19.047618865966797,5,16.289409637451172,25769803776,2147483648,18365988864,765329408
199,1790455759933,4,4,4,4,4,4,4,4,4,4,79.24372863769531,79.40234375,78.42444610595703,78.27986145019531,71.83431243896484,79.90562438964844,86.796875,23.809524536132813,10,14.285715103149414,5,13.636363983154297,9.523809432983398,86.36363983154297,9.523809432983398,4.761904716491699,4.545454502105713,15.997068405151367,25769803776,2147483648,18365988864,765329408
209,1790455760133,4,4,4,4,4,4,4,4,4,4,79.24372863769531,79.40234375,78.42444610595703,78.27986145019531,71.83431243896484,79.90562438964844,86.796875,20,14.285715103149414,10,10,0,5,63.15789031982422,26.3157901763916,10.526315689086914,15.789472579956055,15.997068405151367,25769803776,2147483648,18366627840,765329408
209,1790455760343,4,4,4,4,4,4,4,4,4,4,78.73304748535156,80.18970489501953,78.68537139892578,77.60237884521484,72.0014877319336,79.34668731689453,86.4375,31.57894515991211,15.000000953674316,10,14.285715103149414,14.285715103149414,9.523809432983398,52.38095474243164,38.095237731933594,4.545454502105713,4.545454502105713,15.997068405151367,25769803776,2147483648,18364678144,765329408
209,1790455760553,4,4,4,4,4,4,4,4,4,4,78.73304748535156,80.18970489501953,78.68537139892578,77.60237884521484,72.0014877319336,79.34668731689453,86.4375,22.72727394104004,9.523809432983398,9.523809432983398,4.761904716491699,4.761904716491699,4.761904716491699,52.38095474243164,33.333335876464844,33.333335876464844,9.523809432983398,15.997068405151367,25769803776,2147483648,18366562304,765329408
209,1790455760763,4,4,4,4,4,4,4,4,4,4,78.73304748535156,80.18970489501953,78.68537139892578,77.60237884521484,72.0014877319336,79.34668731689453,86.4375,28.571430206298828,14.285715103149414,14.285715103149414,14.285715103149414,13.636363983154297,9.523809432983398,10,61.904762268066406,0,19.047618865966797,15.997068405151367,25769803776,2147483648,18366562304,765329408
209,1790455760973,4,4,4,4,4,4,4,4,4,4,78.73304748535156,80.18970489501953,78.68537139892578,77.60237884521484,72.0014877319336,79.34668731689453,86.4375,14.285715103149414,10,9.523809432983398,4.761904716491699,0,9.090909004211426,54.54545593261719,19.047618865966797,19.047618865966797,33.333335876464844,15.837427139282227,25769803776,2147483648,18366562304,765329408
203,1790455761183,4,4,4,4,4,4,4,4,4,4,78.73304748535156,80.18970489501953,78.68537139892578,77.60237884521484,72.0014877319336,79.34668731689453,86.4375,28.571430206298828,14.285715103149414,14.285715103149414,14.285715103149414,13.636363983154297,5,19.047618865966797,19.047618865966797,19.047618865966797,42.85714340209961,15.837427139282227,25769803776,2147483648,18365546496,765329408
209,1790455761388,4,4,4,4,4,4,4,4,4,4,79.59654998779297,78.93997192382813,78.66390991210938,78.81312561035156,72.3383560180664,80.2920913696289,88.4375,20,14.285715103149414,9.523809432983398,5,5,5,45,52.38095474243164,19.047618865966797,5,15.837427139282227,25769803776,2147483648,18360041472,765329408
202,1790455761598,4,4,4,4,4,4,4,4,4,4,79.59654998779297,78.93997192382813,78.66390991210938,78.81312561035156,72.3383560180664,80.2920913696289,88.4375,33.333335876464844,14.285715103149414,5,9.523809432983398,9.523809432983398,9.523809432983398,57.142860412597656,33.333335876464844,4.761904716491699,13.636363983154297,15.837427139282227,25769803776,2147483648,18360041472,765329408
203,1790455761801,4,4,4,4,4,4,4,4,4,4,79.59654998779297,78.93997192382813,78.66390991210938,78.81312561035156,72.3383560180664,80.2920913696289,88.4375,20,10,14.285715103149414,9.523809432983398,9.523809432983398,5,70,15.000000953674316,10.526315689086914,15.789472579956055,15.837427139282227,25769803776,2147483648,18360041472,765329408
209,1790455762005,4,4,4,4,4,4,4,4,4,4,79.59654998779297,78.93997192382813,78.66390991210938,78.81312561035156,72.3383560180664,80.2920913696289,88.4375,28.571430206298828,15.000000953674316,10.526315689086914,10,5.263157844543457,14.285715103149414,61.904762268066406,35,4.761904716491699,4.761904716491699,16.007604598999023,25769803776,2147483648,18360041472,765329408
209,1790455762215,4,4,4,4,4,4,4,4,4,4,79.59654998779297,78.93997192382813,78.66390991210938,78.81312561035156,72.3383560180664,80.2920913696289,88.4375,20,9.523809432983398,9.090909004211426,4.761904716491699,4.761904716491699,0,38.095237731933594,45.45454788208008,14.285715103149414,28.571430206298828,16.007604598999023,25769803776,2147483648,18361401344,765329408
209,1790455762425,4,4,4,4,4,4,4,4,4,4,78.9574966430664,79.82195281982422,78.74171447753906,78.07275390625,72.16984558105469,79.55276489257813,87.03125,42.85714340209961,15.000000953674316,23.809524536132813,10,9.523809432983398,13.636363983154297,30.000001907348633,60.000003814697266,0,0,16.007604598999023,25769803776,2147483648,18355666944,765329408
209,1790455762635,4,4,4,4,4,4,4,4,4,4,78.9574966430664,79.82195281982422,78.74171447753906,78.07275390625,72.16984558105469,79.55276489257813,87.03125,10,13.636363983154297,9.523809432983398,9.523809432983398,9.523809432983398,4.761904716491699,59.09090805053711,28.571430206298828,19.047618865966797,18.18181800842285,16.007604598999023,25769803776,2147483648,18353995776,765329408
209,1790455762845,4,4,4,4,4,4,4,4,4,4,78.9574966430664,79.82195281982422,78.74171447753906,78.07275390625,72.16984558105469,79.55276489257813,87.03125,28.571430206298828,14.285715103149414,9.523809432983398,9.523809432983398,9.523809432983398,9.523809432983398,71.42857360839844,23.809524536132813,4.761904716491699,0,16.16728401184082,25769803776,2147483648,18353995776,765329408
209,1790455763055,4,4,4,4,4,4,4,4,4,4,78.9574966430664,79.82195281982422,78.74171447753906,78.07275390625,72.16984558105469,79.55276489257813,87.03125,19.047618865966797,10,10,9.523809432983398,4.761904716491699,4.761904716491699,60.000003814697266,33.333335876464844,9.523809432983398,25,16.16728401184082,25769803776,2147483648,18353995776,765329408
209,1790455763265,4,4,4,4,4,4,4,4,4,4,78.9574966430664,79.82195281982422,78.74171447753906,78.07275390625,72.16984558105469,79.55276489257813,87.03125,23.809524536132813,14.285715103149414,9.523809432983398,9.523809432983398,9.523809432983398,5,61.904762268066406,25,9.523809432983398,0,16.16728401184082,25769803776,2147483648,18363105280,765329408
200,1790455763475,4,4,4,4,4,4,4,4,4,4,79.01370239257813,79.80176544189453,78.70611572265625,77.87613677978516,72.09700012207031,79.7248764038086,87.15625,23.809524536132813,14.285715103149414,10,14.285715103149414,5,9.523809432983398,28.571430206298828,18.18181800842285,68.18181610107422,9.523809432983398,16.16728401184082,25769803776,2147483648,18361729024,765329408
203,1790455763675,4,4,4,4,4,4,4,4,4,4,79.01370239257813,79.80176544189453,78.70611572265625,77.87613677978516,72.09700012207031,79.7248764038086,87.15625,31.57894515991211,15.000000953674316,14.285715103149414,9.523809432983398,9.523809432983398,5,70,20,5,0,16.16728401184082,25769803776,2147483648,18361729024,765329408
209,1790455763879,4,4,4,4,4,4,4,4,4,4,79.01370239257813,79.80176544189453,78.70611572265625,77.87613677978516,72.09700012207031,79.7248764038086,87.15625,27.272727966308594,15.000000953674316,10,5.263157844543457,5.263157844543457,10,47.619049072265625,15.000000953674316,47.36842346191406,15.000000953674316,15.854246139526367,25769803776,2147483648,18361729024,765329408
209,1790455764089,4,4,4,4,4,4,4,4,4,4,79.01370239257813,79.80176544189453,78.70611572265625,77.87613677978516,72.09700012207031,79.7248764038086,87.15625,15.789472579956055,9.523809432983398,9.090909004211426,0,8.69565200805664,4.545454502105713,71.42857360839844,19.047618865966797,4.761904716491699,0,15.854246139526367,25769803776,2147483648,18361729024,765329408
203,1790455764299,4,4,4,4,4,4,4,4,4,4,79.01370239257813,79.80176544189453,78.70611572265625,77.87613677978516,72.09700012207031,79.7248764038086,87.15625,23.809524536132813,15.000000953674316,10,19.047618865966797,14.285715103149414,14.285715103149414,71.42857360839844,22.72727394104004,13.636363983154297,22.72727394104004,15.854246139526367,25769803776,2147483648,18357600256,765329408
208,1790455764503,4,4,4,4,4,4,4,4,4,4,79.68904113769531,79.79659271240234,77.99661254882813,78.09017944335938,71.08245086669922,80.57722473144531,86.796875,19.047618865966797,9.523809432983398,9.523809432983398,0,0,0,70,25,5,0,15.854246139526367,25769803776,2147483648,18364301312,765329408
206,1790455764713,4,4,4,4,4,4,4,4,4,4,79.68904113769531,79.79659271240234,77.99661254882813,78.09017944335938,71.08245086669922,80.57722473144531,86.796875,28.571430206298828,19.047618865966797,10,14.285715103149414,13.636363983154297,14.285715103149414,47.619049072265625,60.000003814697266,9.523809432983398,4.761904716491699,15.854246139526367,25769803776,2147483648,18360598528,765329408
205,1790455764920,4,4,4,4,4,4,4,4,4,4,79.68904113769531,79.79659271240234,77.99661254882813,78.09017944335938,71.08245086669922,80.57722473144531,86.796875,20,9.523809432983398,9.523809432983398,9.090909004211426,5,0,76.19047546386719,19.047618865966797,4.761904716491699,0,16.023191452026367,25769803776,2147483648,18365087744,765329408
207,1790455765126,4,4,4,4,4,4,4,4,4,4,79.68904113769531,79.79659271240234,77.99661254882813,78.09017944335938,71.08245086669922,80.57722473144531,86.796875,28.571430206298828,15.000000953674316,15.000000953674316,5.263157844543457,5,14.285715103149414,20,47.619049072265625,45,4.761904716491699,16.023191452026367,25769803776,2147483648,18352816128,765329408
204,1790455765334,4,4,4,4,4,4,4,4,4,4,79.07830047607422,79.85360717773438,78.85607147216797,77.67001342773438,72.32015991210938,79.81420135498047,85.96875,25,14.285715103149414,5,9.523809432983398,9.523809432983398,4.761904716491699,70,23.809524536132813,9.523809432983398,4.761904716491699,16.023191452026367,25769803776,2147483648,18358140928,765329408
209,1790455765539,4,4,4,4,4,4,4,4,4,4,79.07830047607422,79.85360717773438,78.85607147216797,77.67001342773438,72.32015991210938,79.81420135498047,85.96875,25,10,14.285715103149414,9.523809432983398,9.523809432983398,5,28.571430206298828,33.333335876464844,9.523809432983398,40,16.023191452026367,25769803776,2147483648,18350784512,765329408
209,1790455765749,4,4,4,4,4,4,4,4,4,4,79.07830047607422,79.85360717773438,78.85607147216797,77.67001342773438,72.32015991210938,79.81420135498047,85.96875,19.047618865966797,19.047618865966797,9.523809432983398,9.523809432983398,9.523809432983398,9.523809432983398,71.42857360839844,25,10,4.761904716491699,16.023191452026367,25769803776,2147483648,18360795136,765329408
203,1790455765959,4,4,4,4,4,4,4,4,4,4,79.07830047607422,79.85360717773438,78.85607147216797,77.67001342773438,72.32015991210938,79.81420135498047,85.96875,19.047618865966797,14.285715103149414,9.523809432983398,5,5,5,71.42857360839844,23.809524536132813,14.285715103149414,0,15.975696563720703,25769803776,2147483648,18353799168,765329408
206,1790455766162,4,4,4,4,4,4,4,4,4,4,79.07830047607422,79.85360717773438,78.85607147216797,77.67001342773438,72.32015991210938,79.81420135498047,85.96875,15.000000953674316,15.000000953674316,10,9.523809432983398,9.523809432983398,9.523809432983398,65,30.000001907348633,14.285715103149414,9.523809432983398,15.975696563720703,25769803776,2147483648,18359353344,765329408
209,1790455766369,4,4,4,4,4,4,4,4,4,4,79.19501495361328,79.94746398925781,78.60135650634766,78.13198852539063,71.92328643798828,79.9032211303711,88.4375,20,14.285715103149414,9.523809432983398,5,5,9.523809432983398,52.38095474243164,27.272727966308594,25,4.761904716491699,15.975696563720703,25769803776,2147483648,18359173120,765329408
206,1790455766579,4,4,4,4,4,4,4,4,4,4,79.19501495361328,79.94746398925781,78.60135650634766,78.13198852539063,71.92328643798828,79.9032211303711,88.4375,31.81818199157715,10,13.636363983154297,13.636363983154297,9.090909004211426,5,76.19047546386719,23.809524536132813,14.285715103149414,0,15.975696563720703,25769803776,2147483648,18359894016,765329408
204,1790455766786,4,4,4,4,4,4,4,4,4,4,79.19501495361328,79.94746398925781,78.60135650634766,78.13198852539063,71.92328643798828,79.9032211303711,88.4375,20,14.285715103149414,5.263157844543457,10,10,13.636363983154297,33.333335876464844,30.000001907348633,5,42.85714340209961,15.975696563720703,25769803776,2147483648,18359894016,765329408
208,1790455766990,4,4,4,4,4,4,4,4,4,4,79.19501495361328,79.94746398925781,78.60135650634766,78.13198852539063,71.92328643798828,79.9032211303711,88.4375,25,10,14.285715103149414,5,9.523809432983398,5,65,35,14.285715103149414,5,15.951306343078613,25769803776,2147483648,18359894016,765329408
209,1790455767198,4,4,4,4,4,4,4,4,4,4,79.19501495361328,79.94746398925781,78.60135650634766,78.13198852539063,71.92328643798828,79.9032211303711,88.4375,28.571430206298828,14.285715103149414,10,13.636363983154297,5,9.523809432983398,45,38.095237731933594,19.047618865966797,4.761904716491699,15.951306343078613,25769803776,2147483648,18359894016,765329408
209,1790455767408,4,4,4,4,4,4,4,4,4,4,79.21446990966797,79.8050765991211,78.56913757324219,78.13810729980469,71.92476654052734,79.93165588378906,86.796875,19.047618865966797,23.809524536132813,13.636363983154297,5,9.523809432983398,5,66.66667175292969,23.809524536132813,14.285715103149414,4.761904716491699,15.951306343078613,25769803776,2147483648,18363891712,765329408
204,1790455767619,4,4,4,4,4,4,4,4,4,4,79.21446990966797,79.8050765991211,78.56913757324219,78.13810729980469,71.92476654052734,79.93165588378906,86.796875,15.000000953674316,15.000000953674316,10,9.523809432983398,9.523809432983398,9.090909004211426,28.571430206298828,45.45454788208008,23.809524536132813,9.523809432983398,15.951306343078613,25769803776,2147483648,18360958976,765329408
209,1790455767823,4,4,4,4,4,4,4,4,4,4,79.21446990966797,79.8050765991211,78.56913757324219,78.13810729980469,71.92476654052734,79.93165588378906,86.796875,19.047618865966797,19.047618865966797,9.523809432983398,14.285715103149414,9.523809432983398,5,66.66667175292969,26.3157901763916,14.285715103149414,10,15.951306343078613,25769803776,2147483648,18360958976,765329408
202,1790455768034,4,4,4,4,4,4,4,4,4,4,79.21446990966797,79.8050765991211,78.56913757324219,78.13810729980469,71.92476654052734,79.93165588378906,86.796875,20,14.285715103149414,9.523809432983398,4.761904716491699,5,5,50,23.809524536132813,0,31.81818199157715,16.061851501464844,25769803776,2147483648,18360958976,765329408
209,1790455768236,4,4,4,4,4,4,4,4,4,4,79.21446990966797,79.8050765991211,78.56913757324219,78.13810729980469,71.92476654052734,79.93165588378906,86.796875,23.809524536132813,15.000000953674316,10.526315689086914,10.526315689086914,9.523809432983398,9.523809432983398,71.42857360839844,33.333335876464844,14.285715103149414,0,16.061851501464844,25769803776,2147483648,18360958976,765329408
202,1790455768446,4,4,4,4,4,4,4,4,4,4,79.033203125,79.8756332397461,78.52228546142578,78.0718994140625,71.83660888671875,79.65476989746094,86.796875,15.000000953674316,9.523809432983398,13.636363983154297,9.090909004211426,5,14.285715103149414,47.619049072265625,33.333335876464844,0,27.272727966308594,16.061851501464844,25769803776,2147483648,18361384960,765329408
204,1790455768649,4,4,4,4,4,4,4,4,4,4,79.033203125,79.8756332397461,78.52228546142578,78.0718994140625,71.83660888671875,79.65476989746094,86.796875,28.571430206298828,15.000000953674316,10,10,9.523809432983398,9.523809432983398,45,42.85714340209961,25,5,16.061851501464844,25769803776,2147483648,18363432960,765329408
209,1790455768854,4,4,4,4,4,4,4,4,4,4,79.033203125,79.8756332397461,78.52228546142578,78.0718994140625,71.83660888671875,79.65476989746094,86.796875,30.000001907348633,10,10,5,10,5,66.66667175292969,15.000000953674316,23.809524536132813,0,16.12172508239746,25769803776,2147483648,18361466880,765329408
209,1790455769064,4,4,4,4,4,4,4,4,4,4,79.033203125,79.8756332397461,78.52228546142578,78.0718994140625,71.83660888671875,79.65476989746094,86.796875,19.047618865966797,14.285715103149414,4.761904716491699,9.523809432983398,4.761904716491699,0,61.904762268066406,33.333335876464844,10,9.090909004211426,16.12172508239746,25769803776,2147483648,18366005248,765329408
205,1790455769274,4,4,4,4,4,4,4,4,4,4,79.033203125,79.8756332397461,78.52228546142578,78.0718994140625,71.83660888671875,79.65476989746094,86.796875,23.809524536132813,14.285715103149414,14.285715103149414,9.523809432983398,9.523809432983398,14.285715103149414,57.142860412597656,38.095237731933594,4.761904716491699,0,16.12172508239746,25769803776,2147483648,18366676992,765329408
209,1790455769480,4,4,4,4,4,4,4,4,4,4,79.06282806396484,79.85115051269531,78.72449493408203,77.86884307861328,72.0945816040039,79.7997817993164,86.796875,25,20,14.285715103149414,14.285715103149414,9.523809432983398,4.761904716491699,71.42857360839844,15.789472579956055,14.285715103149414,19.047618865966797,16.12172508239746,25769803776,2147483648,17695178752,765329408
7,1790455769690,4,4,4,4,4,4,4,4,4,4,79.06282806396484,79.85115051269531,78.72449493408203,77.86884307861328,72.0945816040039,79.7997817993164,86.796875,33.333335876464844,61.904762268066406,20,14.285715103149414,5,9.523809432983398,55,43.4782600402832,14.285715103149414,45,16.12172508239746,25769803776,2147483648,17564631040,765329408
