Delta,Time,CPU_FREQUENCY_0,CPU_FREQUENCY_1,CPU_FREQUENCY_2,CPU_FREQUENCY_3,CPU_FREQUENCY_4,CPU_FREQUENCY_5,CPU_FREQUENCY_6,CPU_FREQUENCY_7,CPU_FREQUENCY_8,CPU_FREQUENCY_9,CPU_TEMP_0,CPU_TEMP_1,CPU_TEMP_2,CPU_TEMP_3,CPU_TEMP_4,CPU_TEMP_5,CPU_TEMP_6,CPU_USAGE_0,CPU_USAGE_1,CPU_USAGE_2,CPU_USAGE_3,CPU_USAGE_4,CPU_USAGE_5,CPU_USAGE_6,CPU_USAGE_7,CPU_USAGE_8,CPU_USAGE_9,SYSTEM_POWER (Watts),TOTAL_MEMORY,TOTAL_SWAP,USED_MEMORY,USED_SWAP
0,1790935002535,4,4,4,4,4,4,4,4,4,4,63.67750549316406,63.58876037597656,63.38506317138672,62.94328689575195,56.418052673339844,63.59640121459961,70.8125,0,0,0,0,0,0,0,0,0,0,3.192540168762207,25769803776,0,18253217792,0
200,1790935002535,4,4,4,4,4,4,4,4,4,4,63.67750549316406,63.58876037597656,63.38506317138672,62.94328689575195,56.418052673339844,63.59640121459961,70.8125,50,0,0,0,0,0,0,50,0,0,3.192540168762207,25769803776,0,18253381632,0
204,1790935002735,4,4,4,4,4,4,4,4,4,4,63.67750549316406,63.58876037597656,63.38506317138672,62.94328689575195,56.418052673339844,63.59640121459961,70.8125,0,0,0,0,0,0,38.095237731933594,0,9.523809432983398,0,3.192540168762207,25769803776,0,18278219776,0
200,1790935002940,4,4,4,4,4,4,4,4,4,4,63.67750549316406,63.58876037597656,63.38506317138672,62.94328689575195,56.418052673339844,63.59640121459961,70.8125,0,9.090909004211426,0,0,0,0,0,10,0,0,3.192540168762207,25769803776,0,18278547456,0
204,1790935003141,4,4,4,4,4,4,4,4,4,4,66.0233154296875,65.00621032714844,64.35881805419922,64.71158599853516,57.445621490478516,65.76863861083984,72.28125,5,0,0,0,0,4.761904716491699,0,5,0,0,3.192540168762207,25769803776,0,18278547456,0
202,1790935003346,4,4,4,4,4,4,4,4,4,4,66.0233154296875,65.00621032714844,64.35881805419922,64.71158599853516,57.445621490478516,65.76863861083984,72.28125,9.523809432983398,0,0,0,0,0,0,9.090909004211426,0,0,3.192540168762207,25769803776,0,18268209152,0
204,1790935003548,4,4,4,4,4,4,4,4,4,4,66.0233154296875,65.00621032714844,64.35881805419922,64.71158599853516,57.445621490478516,65.76863861083984,72.28125,0,9.523809432983398,0,0,0,0,0,0,0,0,4.249871253967285,25769803776,0,18255249408,0
204,1790935003754,4,4,4,4,4,4,4,4,4,4,66.0233154296875,65.00621032714844,64.35881805419922,64.71158599853516,57.445621490478516,65.76863861083984,72.28125,4.761904716491699,0,0,0,0,0,4.761904716491699,5,0,0,4.249871253967285,25769803776,0,18255233024,0
204,1790935003959,4,4,4,4,4,4,4,4,4,4,66.0233154296875,65.00621032714844,64.35881805419922,64.71158599853516,57.445621490478516,65.76863861083984,72.28125,0,0,0,0,0,0,0,4.761904716491699,0,0,4.249871253967285,25769803776,0,18255233024,0
204,1790935004164,4,4,4,4,4,4,4,4,4,4,74.57502746582031,68.73585510253906,68.70386505126953,72.0523910522461,61.98271179199219,73.51367950439453,75.125,5,9.090909004211426,4.761904716491699,0,0,0,0,9.523809432983398,0,0,4.249871253967285,25769803776,0,18255233024,0
204,1790935004369,4,4,4,4,4,4,4,4,4,4,74.57502746582031,68.73585510253906,68.70386505126953,72.0523910522461,61.98271179199219,73.51367950439453,75.125,0,0,5,0,0,0,0,5,0,0,4.249871253967285,25769803776,0,18255052800,0
204,1790935004574,4,4,4,4,4,4,4,4,4,4,74.57502746582031,68.73585510253906,68.70386505126953,72.0523910522461,61.98271179199219,73.51367950439453,75.125,4.761904716491699,0,0,0,0,0,0,0,0,0,23.872936248779297,25769803776,0,18255052800,0
204,1790935004779,4,4,4,4,4,4,4,4,4,4,74.57502746582031,68.73585510253906,68.70386505126953,72.0523910522461,61.98271179199219,73.51367950439453,75.125,4.761904716491699,0,0,0,0,0,0,4.761904716491699,0,0,23.872936248779297,25769803776,0,18255052800,0
204,1790935004984,4,4,4,4,4,4,4,4,4,4,74.0920639038086,69.9111557006836,69.77800750732422,71.94302368164063,62.70344543457031,73.28631591796875,75.125,0,4.761904716491699,0,0,0,0,9.523809432983398,4.761904716491699,0,0,23.872936248779297,25769803776,0,18255052800,0
204,1790935005189,4,4,4,4,4,4,4,4,4,4,74.0920639038086,69.9111557006836,69.77800750732422,71.94302368164063,62.70344543457031,73.28631591796875,75.125,4.761904716491699,0,0,0,0,0,0,0,4.761904716491699,0,23.872936248779297,25769803776,0,18255052800,0
204,1790935005394,4,4,4,4,4,4,4,4,4,4,74.0920639038086,69.9111557006836,69.77800750732422,71.94302368164063,62.70344543457031,73.28631591796875,75.125,0,0,0,0,0,0,0,5,0,0,23.872936248779297,25769803776,0,18242158592,0
204,1790935005599,4,4,4,4,4,4,4,4,4,4,74.0920639038086,69.9111557006836,69.77800750732422,71.94302368164063,62.70344543457031,73.28631591796875,75.125,0,0,0,0,0,0,0,4.761904716491699,0,0,17.82815933227539,25769803776,0,18242158592,0
204,1790935005804,4,4,4,4,4,4,4,4,4,4,74.0920639038086,69.9111557006836,69.77800750732422,71.94302368164063,62.70344543457031,73.28631591796875,75.125,4.761904716491699,0,0,0,0,0,0,9.523809432983398,0,0,17.82815933227539,25769803776,0,18242158592,0
203,1790935006009,4,4,4,4,4,4,4,4,4,4,73.67559051513672,70.05197143554688,70.18592834472656,71.7568359375,63.347694396972656,73.02944946289063,75.125,0,0,0,0,0,0,0,0,0,0,17.82815933227539,25769803776,0,18242158592,0
204,1790935006213,4,4,4,4,4,4,4,4,4,4,73.67559051513672,70.05197143554688,70.18592834472656,71.7568359375,63.347694396972656,73.02944946289063,75.125,4.761904716491699,0,0,4.761904716491699,0,0,4.761904716491699,5,0,0,17.82815933227539,25769803776,0,18242158592,0
202,1790935006418,4,4,4,4,4,4,4,4,4,4,73.67559051513672,70.05197143554688,70.18592834472656,71.7568359375,63.347694396972656,73.02944946289063,75.125,0,4.761904716491699,0,0,0,0,0,9.523809432983398,0,0,17.82815933227539,25769803776,0,18241929216,0
204,1790935006620,4,4,4,4,4,4,4,4,4,4,73.67559051513672,70.05197143554688,70.18592834472656,71.7568359375,63.347694396972656,73.02944946289063,75.125,0,4.761904716491699,0,0,0,0,0,5,4.761904716491699,0,15.505350112915039,25769803776,0,18241896448,0
204,1790935006825,4,4,4,4,4,4,4,4,4,4,73.67559051513672,70.05197143554688,70.18592834472656,71.7568359375,63.347694396972656,73.02944946289063,75.125,9.090909004211426,0,0,0,0,0,0,4.761904716491699,0,0,15.505350112915039,25769803776,0,18241896448,0
204,1790935007030,4,4,4,4,4,4,4,4,4,4,73.43745422363281,70.17906951904297,70.25638580322266,71.66014862060547,63.516845703125,72.80801391601563,74.890625,0,0,4.761904716491699,4.545454502105713,0,0,0,5,0,0,15.505350112915039,25769803776,0,18241896448,0
204,1790935007235,4,4,4,4,4,4,4,4,4,4,73.43745422363281,70.17906951904297,70.25638580322266,71.66014862060547,63.516845703125,72.80801391601563,74.890625,0,0,4.545454502105713,0,0,0,0,5,0,0,15.505350112915039,25769803776,0,18241896448,0
204,1790935007440,4,4,4,4,4,4,4,4,4,4,73.43745422363281,70.17906951904297,70.25638580322266,71.66014862060547,63.516845703125,72.80801391601563,74.890625,9.523809432983398,0,0,0,4.761904716491699,0,0,4.761904716491699,0,0,15.505350112915039,25769803776,0,18242076672,0
204,1790935007645,4,4,4,4,4,4,4,4,4,4,73.43745422363281,70.17906951904297,70.25638580322266,71.66014862060547,63.516845703125,72.80801391601563,74.890625,0,4.545454502105713,0,0,4.761904716491699,0,0,9.523809432983398,0,0,14.340712547302246,25769803776,0,18242093056,0
204,1790935007850,4,4,4,4,4,4,4,4,4,4,73.43745422363281,70.17906951904297,70.25638580322266,71.66014862060547,63.516845703125,72.80801391601563,74.890625,4.761904716491699,4.761904716491699,0,0,0,0,0,5,0,0,14.340712547302246,25769803776,0,18242093056,0
204,1790935008055,4,4,4,4,4,4,4,4,4,4,73.7022705078125,70.3481674194336,70.39864349365234,71.87342071533203,63.590362548828125,73.03582763671875,76.78125,0,0,0,0,0,0,0,0,0,0,14.340712547302246,25769803776,0,18242093056,0
204,1790935008260,4,4,4,4,4,4,4,4,4,4,73.7022705078125,70.3481674194336,70.39864349365234,71.87342071533203,63.590362548828125,73.03582763671875,76.78125,0,0,0,0,0,0,4.545454502105713,9.523809432983398,0,0,14.340712547302246,25769803776,0,18242093056,0
204,1790935008465,4,4,4,4,4,4,4,4,4,4,73.7022705078125,70.3481674194336,70.39864349365234,71.87342071533203,63.590362548828125,73.03582763671875,76.78125,4.761904716491699,0,0,0,0,0,0,5,0,0,14.340712547302246,25769803776,0,18243649536,0
204,1790935008670,4,4,4,4,4,4,4,4,4,4,73.7022705078125,70.3481674194336,70.39864349365234,71.87342071533203,63.590362548828125,73.03582763671875,76.78125,5,0,0,0,0,0,0,0,0,0,14.3994779586792,25769803776,0,18241568768,0
202,1790935008875,4,4,4,4,4,4,4,4,4,4,73.7022705078125,70.3481674194336,70.39864349365234,71.87342071533203,63.590362548828125,73.03582763671875,76.78125,0,0,0,0,0,0,0,5,0,0,14.3994779586792,25769803776,0,18241421312,0
204,1790935009078,4,4,4,4,4,4,4,4,4,4,74.06366729736328,70.60372924804688,70.7646484375,72.20330047607422,63.91947937011719,73.28617858886719,75.828125,0,4.761904716491699,0,0,0,0,0,9.523809432983398,4.545454502105713,0,14.3994779586792,25769803776,0,18241421312,0
204,1790935009283,4,4,4,4,4,4,4,4,4,4,74.06366729736328,70.60372924804688,70.7646484375,72.20330047607422,63.91947937011719,73.28617858886719,75.828125,4.761904716491699,0,0,0,0,0,0,5,0,0,14.3994779586792,25769803776,0,18240651264,0
204,1790935009488,4,4,4,4,4,4,4,4,4,4,74.06366729736328,70.60372924804688,70.7646484375,72.20330047607422,63.91947937011719,73.28617858886719,75.828125,5,4.761904716491699,0,0,0,0,0,9.523809432983398,0,0,14.347755432128906,25769803776,0,18234441728,0
204,1790935009693,4,4,4,4,4,4,4,4,4,4,74.06366729736328,70.60372924804688,70.7646484375,72.20330047607422,63.91947937011719,73.28617858886719,75.828125,0,0,4.761904716491699,0,0,0,0,0,0,0,14.347755432128906,25769803776,0,18234441728,0
204,1790935009898,4,4,4,4,4,4,4,4,4,4,74.06366729736328,70.60372924804688,70.7646484375,72.20330047607422,63.91947937011719,73.28617858886719,75.828125,4.761904716491699,0,0,0,0,0,0,9.523809432983398,4.761904716491699,0,14.347755432128906,25769803776,0,18234310656,0
203,1790935010103,4,4,4,4,4,4,4,4,4,4,74.73299407958984,71.16655731201172,71.26972198486328,72.74314880371094,64.34727478027344,73.99269104003906,76.296875,0,0,0,0,0,0,4.761904716491699,5,0,0,14.347755432128906,25769803776,0,18234310656,0
204,1790935010306,4,4,4,4,4,4,4,4,4,4,74.73299407958984,71.16655731201172,71.26972198486328,72.74314880371094,64.34727478027344,73.99269104003906,76.296875,0,0,0,0,0,0,0,9.523809432983398,0,0,14.347755432128906,25769803776,0,18234310656,0
204,1790935010511,4,4,4,4,4,4,4,4,4,4,74.73299407958984,71.16655731201172,71.26972198486328,72.74314880371094,64.34727478027344,73.99269104003906,76.296875,9.090909004211426,4.761904716491699,0,0,0,0,0,5,0,0,15.733978271484375,25769803776,0,18234195968,0
204,1790935010716,4,4,4,4,4,4,4,4,4,4,74.73299407958984,71.16655731201172,71.26972198486328,72.74314880371094,64.34727478027344,73.99269104003906,76.296875,0,0,0,0,0,0,4.545454502105713,9.523809432983398,0,0,15.733978271484375,25769803776,0,18234195968,0
204,1790935010921,4,4,4,4,4,4,4,4,4,4,74.73299407958984,71.16655731201172,71.26972198486328,72.74314880371094,64.34727478027344,73.99269104003906,76.296875,0,4.761904716491699,0,0,0,0,0,5,0,0,15.733978271484375,25769803776,0,18234228736,0
204,1790935011126,4,4,4,4,4,4,4,4,4,4,75.48031616210938,72.17222595214844,72.13348388671875,73.604248046875,65.16227722167969,74.96896362304688,77.609375,4.761904716491699,0,4.761904716491699,0,0,0,0,0,0,0,15.733978271484375,25769803776,0,18234228736,0
204,1790935011331,4,4,4,4,4,4,4,4,4,4,75.48031616210938,72.17222595214844,72.13348388671875,73.604248046875,65.16227722167969,74.96896362304688,77.609375,0,0,0,4.761904716491699,0,0,0,9.523809432983398,4.761904716491699,0,15.733978271484375,25769803776,0,18234228736,0
204,1790935011536,4,4,4,4,4,4,4,4,4,4,75.48031616210938,72.17222595214844,72.13348388671875,73.604248046875,65.16227722167969,74.96896362304688,77.609375,0,0,0,0,0,0,0,4.761904716491699,0,0,19.703388214111328,25769803776,0,18234228736,0
204,1790935011741,4,4,4,4,4,4,4,4,4,4,75.48031616210938,72.17222595214844,72.13348388671875,73.604248046875,65.16227722167969,74.96896362304688,77.609375,9.523809432983398,4.761904716491699,0,0,0,0,4.761904716491699,9.523809432983398,0,0,19.703388214111328,25769803776,0,18234245120,0
204,1790935011946,4,4,4,4,4,4,4,4,4,4,75.48031616210938,72.17222595214844,72.13348388671875,73.604248046875,65.16227722167969,74.96896362304688,77.609375,0,0,0,0,0,0,0,5,0,0,19.703388214111328,25769803776,0,18234245120,0
204,1790935012151,4,4,4,4,4,4,4,4,4,4,74.84866333007813,72.20338439941406,72.19161987304688,73.06326293945313,65.23731231689453,74.295654296875,76.78125,52.38095474243164,4.761904716491699,0,0,0,0,0,4.761904716491699,0,0,19.703388214111328,25769803776,0,18234212352,0
204,1790935012356,4,4,4,4,4,4,4,4,4,4,74.84866333007813,72.20338439941406,72.19161987304688,73.06326293945313,65.23731231689453,74.295654296875,76.78125,25,5,4.761904716491699,0,0,0,4.761904716491699,0,0,0,19.703388214111328,25769803776,0,18236162048,0
204,1790935012561,4,4,4,4,4,4,4,4,4,4,74.84866333007813,72.20338439941406,72.19161987304688,73.06326293945313,65.23731231689453,74.295654296875,76.78125,0,0,4.545454502105713,0,0,0,4.761904716491699,0,0,0,17.510915756225586,25769803776,0,18227675136,0
204,1790935012766,4,4,4,4,4,4,4,4,4,4,74.84866333007813,72.20338439941406,72.19161987304688,73.06326293945313,65.23731231689453,74.295654296875,76.78125,4.761904716491699,9.523809432983398,0,0,0,0,5,0,4.761904716491699,0,17.510915756225586,25769803776,0,18218958848,0
204,1790935012971,4,4,4,4,4,4,4,4,4,4,74.84866333007813,72.20338439941406,72.19161987304688,73.06326293945313,65.23731231689453,74.295654296875,76.78125,0,0,0,4.761904716491699,0,0,5,0,4.761904716491699,0,17.510915756225586,25769803776,0,18218958848,0
204,1790935013176,4,4,4,4,4,4,4,4,4,4,73.4489517211914,71.61624908447266,71.14505004882813,71.87382507324219,63.84858703613281,73.04161834716797,77.140625,9.523809432983398,0,0,0,0,0,4.761904716491699,4.761904716491699,0,0,17.510915756225586,25769803776,0,18218958848,0
204,1790935013381,4,4,4,4,4,4,4,4,4,4,73.4489517211914,71.61624908447266,71.14505004882813,71.87382507324219,63.84858703613281,73.04161834716797,77.140625,0,0,0,0,0,0,9.523809432983398,0,0,0,17.510915756225586,25769803776,0,18218958848,0
204,1790935013586,4,4,4,4,4,4,4,4,4,4,73.4489517211914,71.61624908447266,71.14505004882813,71.87382507324219,63.84858703613281,73.04161834716797,77.140625,0,0,0,0,0,0,5,0,0,0,12.888030052185059,25769803776,0,18219155456,0
204,1790935013791,4,4,4,4,4,4,4,4,4,4,73.4489517211914,71.61624908447266,71.14505004882813,71.87382507324219,63.84858703613281,73.04161834716797,77.140625,4.761904716491699,5,4.761904716491699,0,0,0,9.523809432983398,4.761904716491699,0,0,12.888030052185059,25769803776,0,18218827776,0
204,1790935013996,4,4,4,4,4,4,4,4,4,4,73.79044342041016,71.86893463134766,71.0745620727539,72.08964538574219,63.683189392089844,73.27901458740234,76.0625,0,4.761904716491699,0,0,0,0,5,0,0,0,12.888030052185059,25769803776,0,18218827776,0
204,1790935014201,4,4,4,4,4,4,4,4,4,4,73.79044342041016,71.86893463134766,71.0745620727539,72.08964538574219,63.683189392089844,73.27901458740234,76.0625,4.761904716491699,0,4.545454502105713,0,0,0,9.523809432983398,0,0,0,12.888030052185059,25769803776,0,18218827776,0
204,1790935014406,4,4,4,4,4,4,4,4,4,4,73.79044342041016,71.86893463134766,71.0745620727539,72.08964538574219,63.683189392089844,73.27901458740234,76.0625,0,0,0,0,0,0,0,0,4.545454502105713,0,12.888030052185059,25769803776,0,18218827776,0
204,1790935014611,4,4,4,4,4,4,4,4,4,4,73.79044342041016,71.86893463134766,71.0745620727539,72.08964538574219,63.683189392089844,73.27901458740234,76.0625,0,0,0,0,0,0,5,0,0,0,14.588659286499023,25769803776,0,18206179328,0
204,1790935014816,4,4,4,4,4,4,4,4,4,4,73.79044342041016,71.86893463134766,71.0745620727539,72.08964538574219,63.683189392089844,73.27901458740234,76.0625,9.523809432983398,4.761904716491699,0,0,0,0,9.523809432983398,0,0,0,14.588659286499023,25769803776,0,18206064640,0
204,1790935015021,4,4,4,4,4,4,4,4,4,4,74.17619323730469,72.06927490234375,71.3348159790039,72.42745208740234,63.8873291015625,73.62519073486328,75.828125,0,0,0,0,4.761904716491699,0,4.761904716491699,0,0,0,14.588659286499023,25769803776,0,18206048256,0
204,1790935015226,4,4,4,4,4,4,4,4,4,4,74.17619323730469,72.06927490234375,71.3348159790039,72.42745208740234,63.8873291015625,73.62519073486328,75.828125,4.761904716491699,0,0,0,0,0,9.523809432983398,4.761904716491699,0,0,14.588659286499023,25769803776,0,18206048256,0
204,1790935015431,4,4,4,4,4,4,4,4,4,4,74.17619323730469,72.06927490234375,71.3348159790039,72.42745208740234,63.8873291015625,73.62519073486328,75.828125,0,0,0,0,0,0,0,0,4.761904716491699,0,14.588659286499023,25769803776,0,18206048256,0
204,1790935015636,4,4,4,4,4,4,4,4,4,4,74.17619323730469,72.06927490234375,71.3348159790039,72.42745208740234,63.8873291015625,73.62519073486328,75.828125,0,0,0,0,0,0,5,0,0,0,15.404726028442383,25769803776,0,18206081024,0
204,1790935015841,4,4,4,4,4,4,4,4,4,4,74.17619323730469,72.06927490234375,71.3348159790039,72.42745208740234,63.8873291015625,73.62519073486328,75.828125,4.761904716491699,0,0,0,0,4.761904716491699,9.523809432983398,4.761904716491699,0,0,15.404726028442383,25769803776,0,18206294016,0
204,1790935016046,4,4,4,4,4,4,4,4,4,4,74.25737762451172,72.15383911132813,71.45162200927734,72.47859954833984,63.973960876464844,73.68019104003906,78.796875,0,4.545454502105713,0,0,0,0,4.761904716491699,0,0,0,15.404726028442383,25769803776,0,18206277632,0
204,1790935016252,4,4,4,4,4,4,4,4,4,4,74.25737762451172,72.15383911132813,71.45162200927734,72.47859954833984,63.973960876464844,73.68019104003906,78.796875,9.523809432983398,0,0,0,4.545454502105713,0,9.523809432983398,0,0,0,15.404726028442383,25769803776,0,18206277632,0
203,1790935016456,4,4,4,4,4,4,4,4,4,4,74.25737762451172,72.15383911132813,71.45162200927734,72.47859954833984,63.973960876464844,73.68019104003906,78.796875,0,4.761904716491699,0,4.761904716491699,0,0,5,0,0,0,15.404726028442383,25769803776,0,18206277632,0
204,1790935016660,4,4,4,4,4,4,4,4,4,4,74.25737762451172,72.15383911132813,71.45162200927734,72.47859954833984,63.973960876464844,73.68019104003906,78.796875,0,0,0,0,0,0,9.523809432983398,0,0,0,15.256658554077148,25769803776,0,18206261248,0
202,1790935016865,4,4,4,4,4,4,4,4,4,4,74.25737762451172,72.15383911132813,71.45162200927734,72.47859954833984,63.973960876464844,73.68019104003906,78.796875,4.761904716491699,0,0,0,0,0,0,0,4.545454502105713,0,15.256658554077148,25769803776,0,18206162944,0
204,1790935017067,4,4,4,4,4,4,4,4,4,4,74.41248321533203,72.37999725341797,71.53994750976563,72.53923797607422,64.04624938964844,73.85637664794922,76.0625,0,0,0,0,0,0,5,0,0,0,15.256658554077148,25769803776,0,18206162944,0
204,1790935017272,4,4,4,4,4,4,4,4,4,4,74.41248321533203,72.37999725341797,71.53994750976563,72.53923797607422,64.04624938964844,73.85637664794922,76.0625,5,4.761904716491699,4.761904716491699,4.761904716491699,0,0,9.523809432983398,0,0,0,15.256658554077148,25769803776,0,18206162944,0
204,1790935017477,4,4,4,4,4,4,4,4,4,4,74.41248321533203,72.37999725341797,71.53994750976563,72.53923797607422,64.04624938964844,73.85637664794922,76.0625,4.761904716491699,0,4.761904716491699,0,0,0,5,4.761904716491699,0,0,15.256658554077148,25769803776,0,18206162944,0
204,1790935017682,4,4,4,4,4,4,4,4,4,4,74.41248321533203,72.37999725341797,71.53994750976563,72.53923797607422,64.04624938964844,73.85637664794922,76.0625,0,0,0,0,0,0,5,0,4.545454502105713,0,15.148473739624023,25769803776,0,18206359552,0
204,1790935017887,4,4,4,4,4,4,4,4,4,4,74.41248321533203,72.37999725341797,71.53994750976563,72.53923797607422,64.04624938964844,73.85637664794922,76.0625,4.761904716491699,0,0,0,0,0,4.761904716491699,0,0,0,15.148473739624023,25769803776,0,18206392320,0
204,1790935018092,4,4,4,4,4,4,4,4,4,4,74.54218292236328,72.49156951904297,71.62296295166016,72.68994903564453,64.12611389160156,73.94933319091797,76.0625,0,0,0,0,0,0,9.523809432983398,0,0,0,15.148473739624023,25769803776,0,18206130176,0
204,1790935018297,4,4,4,4,4,4,4,4,4,4,74.54218292236328,72.49156951904297,71.62296295166016,72.68994903564453,64.12611389160156,73.94933319091797,76.0625,4.761904716491699,4.761904716491699,0,0,0,0,5,0,4.545454502105713,0,15.148473739624023,25769803776,0,18206130176,0
204,1790935018502,4,4,4,4,4,4,4,4,4,4,74.54218292236328,72.49156951904297,71.62296295166016,72.68994903564453,64.12611389160156,73.94933319091797,76.0625,0,0,0,0,0,0,5,4.761904716491699,0,0,15.175436019897461,25769803776,0,18206130176,0
204,1790935018707,4,4,4,4,4,4,4,4,4,4,74.54218292236328,72.49156951904297,71.62296295166016,72.68994903564453,64.12611389160156,73.94933319091797,76.0625,10,9.523809432983398,5,0,0,0,9.523809432983398,0,0,0,15.175436019897461,25769803776,0,18206195712,0
204,1790935018912,4,4,4,4,4,4,4,4,4,4,74.54218292236328,72.49156951904297,71.62296295166016,72.68994903564453,64.12611389160156,73.94933319091797,76.0625,5,0,0,0,0,0,4.761904716491699,0,0,0,15.175436019897461,25769803776,0,18206228480,0
204,1790935019117,4,4,4,4,4,4,4,4,4,4,74.69313049316406,72.51344299316406,71.70417022705078,72.91436004638672,64.29950714111328,74.12134552001953,76.296875,4.761904716491699,0,0,0,0,0,5,0,0,0,15.175436019897461,25769803776,0,18206228480,0
204,1790935019322,4,4,4,4,4,4,4,4,4,4,74.69313049316406,72.51344299316406,71.70417022705078,72.91436004638672,64.29950714111328,74.12134552001953,76.296875,0,4.761904716491699,0,0,0,0,5,0,0,0,15.175436019897461,25769803776,0,18206228480,0
204,1790935019528,4,4,4,4,4,4,4,4,4,4,74.69313049316406,72.51344299316406,71.70417022705078,72.91436004638672,64.29950714111328,74.12134552001953,76.296875,0,0,4.761904716491699,0,0,0,9.523809432983398,0,4.761904716491699,0,15.26432991027832,25769803776,0,18206228480,0
204,1790935019733,4,4,4,4,4,4,4,4,4,4,74.69313049316406,72.51344299316406,71.70417022705078,72.91436004638672,64.29950714111328,74.12134552001953,76.296875,4.761904716491699,0,0,0,0,0,4.761904716491699,0,0,0,15.26432991027832,25769803776,0,18205835264,0
200,1790935019938,4,4,4,4,4,4,4,4,4,4,74.69313049316406,72.51344299316406,71.70417022705078,72.91436004638672,64.29950714111328,74.12134552001953,76.296875,0,4.761904716491699,0,0,0,0,5,0,0,0,15.26432991027832,25769803776,0,18205851648,0
204,1790935020139,4,4,4,4,4,4,4,4,4,4,74.81352233886719,72.73115539550781,71.83876037597656,73.0565414428711,64.49462890625,74.2344741821289,76.296875,9.523809432983398,0,0,0,0,0,5,4.761904716491699,0,0,15.26432991027832,25769803776,0,18218844160,0
204,1790935020344,4,4,4,4,4,4,4,4,4,4,74.81352233886719,72.73115539550781,71.83876037597656,73.0565414428711,64.49462890625,74.2344741821289,76.296875,4.761904716491699,0,0,0,0,0,5,4.761904716491699,4.761904716491699,0,15.26432991027832,25769803776,0,18218795008,0
204,1790935020549,4,4,4,4,4,4,4,4,4,4,74.81352233886719,72.73115539550781,71.83876037597656,73.0565414428711,64.49462890625,74.2344741821289,76.296875,0,0,0,0,0,0,5,0,0,0,15.322675704956055,25769803776,0,18218795008,0
204,1790935020754,4,4,4,4,4,4,4,4,4,4,74.81352233886719,72.73115539550781,71.83876037597656,73.0565414428711,64.49462890625,74.2344741821289,76.296875,0,0,0,0,0,0,4.761904716491699,0,0,0,15.322675704956055,25769803776,0,18218942464,0
204,1790935020959,4,4,4,4,4,4,4,4,4,4,74.81352233886719,72.73115539550781,71.83876037597656,73.0565414428711,64.49462890625,74.2344741821289,76.296875,4.761904716491699,0,0,0,0,0,4.761904716491699,0,4.545454502105713,4.761904716491699,15.322675704956055,25769803776,0,18218860544,0
204,1790935021164,4,4,4,4,4,4,4,4,4,4,74.86650848388672,72.72384643554688,71.92594146728516,73.1361083984375,64.65264892578125,74.24810028076172,77.484375,5,9.090909004211426,0,0,0,0,9.523809432983398,0,0,0,15.322675704956055,25769803776,0,18218860544,0
204,1790935021369,4,4,4,4,4,4,4,4,4,4,74.86650848388672,72.72384643554688,71.92594146728516,73.1361083984375,64.65264892578125,74.24810028076172,77.484375,0,0,4.761904716491699,0,4.761904716491699,0,5,0,0,0,15.322675704956055,25769803776,0,18218860544,0
204,1790935021574,4,4,4,4,4,4,4,4,4,4,74.86650848388672,72.72384643554688,71.92594146728516,73.1361083984375,64.65264892578125,74.24810028076172,77.484375,4.761904716491699,0,4.761904716491699,4.761904716491699,0,0,5,0,0,0,15.300739288330078,25769803776,0,18218860544,0
204,1790935021779,4,4,4,4,4,4,4,4,4,4,74.86650848388672,72.72384643554688,71.92594146728516,73.1361083984375,64.65264892578125,74.24810028076172,77.484375,0,0,0,0,0,0,4.761904716491699,0,0,0,15.300739288330078,25769803776,0,18205720576,0
204,1790935021984,4,4,4,4,4,4,4,4,4,4,74.99210357666016,72.93843841552734,72.0315933227539,73.1809310913086,64.78680419921875,74.39889526367188,76.546875,4.761904716491699,0,0,0,0,0,5,0,0,0,15.300739288330078,25769803776,0,18205589504,0
200,1790935022189,4,4,4,4,4,4,4,4,4,4,74.99210357666016,72.93843841552734,72.0315933227539,73.1809310913086,64.78680419921875,74.39889526367188,76.546875,0,4.761904716491699,0,0,0,0,9.523809432983398,9.090909004211426,0,0,15.300739288330078,25769803776,0,18205655040,0
204,1790935022389,4,4,4,4,4,4,4,4,4,4,74.99210357666016,72.93843841552734,72.0315933227539,73.1809310913086,64.78680419921875,74.39889526367188,76.546875,0,0,0,0,0,0,5,0,4.761904716491699,0,15.300739288330078,25769803776,0,18205655040,0
204,1790935022594,4,4,4,4,4,4,4,4,4,4,74.99210357666016,72.93843841552734,72.0315933227539,73.1809310913086,64.78680419921875,74.39889526367188,76.546875,4.761904716491699,4.761904716491699,0,0,0,0,5,0,0,0,15.387996673583984,25769803776,0,18205655040,0
204,1790935022799,4,4,4,4,4,4,4,4,4,4,74.99210357666016,72.93843841552734,72.0315933227539,73.1809310913086,64.78680419921875,74.39889526367188,76.546875,4.761904716491699,0,0,0,0,0,9.523809432983398,0,0,0,15.387996673583984,25769803776,0,18205556736,0
204,1790935023004,4,4,4,4,4,4,4,4,4,4,75.08285522460938,73.04032897949219,72.09061431884766,73.23088073730469,64.84160614013672,74.50071716308594,76.546875,5,0,0,0,0,0,5,0,0,0,15.387996673583984,25769803776,0,18205818880,0
204,1790935023209,4,4,4,4,4,4,4,4,4,4,75.08285522460938,73.04032897949219,72.09061431884766,73.23088073730469,64.84160614013672,74.50071716308594,76.546875,0,0,0,0,0,0,5,0,0,0,15.387996673583984,25769803776,0,18205818880,0
204,1790935023414,4,4,4,4,4,4,4,4,4,4,75.08285522460938,73.04032897949219,72.09061431884766,73.23088073730469,64.84160614013672,74.50071716308594,76.546875,0,0,0,4.545454502105713,0,0,4.761904716491699,0,0,0,15.387996673583984,25769803776,0,18205818880,0
204,1790935023619,4,4,4,4,4,4,4,4,4,4,75.08285522460938,73.04032897949219,72.09061431884766,73.23088073730469,64.84160614013672,74.50071716308594,76.546875,9.090909004211426,0,0,0,0,0,9.523809432983398,0,4.761904716491699,0,15.329204559326172,25769803776,0,18205818880,0
204,1790935023824,4,4,4,4,4,4,4,4,4,4,75.08285522460938,73.04032897949219,72.09061431884766,73.23088073730469,64.84160614013672,74.50071716308594,76.546875,0,0,0,0,0,0,5,0,0,0,15.329204559326172,25769803776,0,18205671424,0
204,1790935024029,4,4,4,4,4,4,4,4,4,4,75.15773010253906,73.03339385986328,72.15653228759766,73.34825134277344,64.92184448242188,74.54960632324219,76.546875,4.761904716491699,9.090909004211426,0,0,4.761904716491699,0,0,0,9.523809432983398,0,15.329204559326172,25769803776,0,18205917184,0
204,1790935024234,4,4,4,4,4,4,4,4,4,4,75.15773010253906,73.03339385986328,72.15653228759766,73.34825134277344,64.92184448242188,74.54960632324219,76.546875,0,0,0,0,0,0,4.761904716491699,9.090909004211426,0,0,15.329204559326172,25769803776,0,18205917184,0
204,1790935024439,4,4,4,4,4,4,4,4,4,4,75.15773010253906,73.03339385986328,72.15653228759766,73.34825134277344,64.92184448242188,74.54960632324219,76.546875,0,0,4.761904716491699,0,0,0,4.761904716491699,0,0,0,15.329204559326172,25769803776,0,18207653888,0
202,1790935024644,4,4,4,4,4,4,4,4,4,4,75.15773010253906,73.03339385986328,72.15653228759766,73.34825134277344,64.92184448242188,74.54960632324219,76.546875,0,0,0,0,0,0,0,0,0,0,15.473198890686035,25769803776,0,18205802496,0
204,1790935024846,4,4,4,4,4,4,4,4,4,4,75.15773010253906,73.03339385986328,72.15653228759766,73.34825134277344,64.92184448242188,74.54960632324219,76.546875,4.761904716491699,0,0,0,0,0,5,0,0,0,15.473198890686035,25769803776,0,18205818880,0
202,1790935025051,4,4,4,4,4,4,4,4,4,4,75.41078186035156,72.99124908447266,72.36192321777344,73.61748504638672,65.25322723388672,74.94652557373047,80.796875,0,0,0,0,0,0,9.523809432983398,4.545454502105713,0,0,15.473198890686035,25769803776,0,18205818880,0
204,1790935025254,4,4,4,4,4,4,4,4,4,4,75.41078186035156,72.99124908447266,72.36192321777344,73.61748504638672,65.25322723388672,74.94652557373047,80.796875,0,0,0,0,0,0,5,0,0,0,15.473198890686035,25769803776,0,18205802496,0
204,1790935025459,4,4,4,4,4,4,4,4,4,4,75.41078186035156,72.99124908447266,72.36192321777344,73.61748504638672,65.25322723388672,74.94652557373047,80.796875,4.761904716491699,0,0,0,0,0,9.523809432983398,0,0,0,15.473198890686035,25769803776,0,18205802496,0
204,1790935025664,4,4,4,4,4,4,4,4,4,4,75.41078186035156,72.99124908447266,72.36192321777344,73.61748504638672,65.25322723388672,74.94652557373047,80.796875,0,0,0,0,0,0,5,0,4.761904716491699,0,15.52137565612793,25769803776,0,18205802496,0
204,1790935025869,4,4,4,4,4,4,4,4,4,4,75.41078186035156,72.99124908447266,72.36192321777344,73.61748504638672,65.25322723388672,74.94652557373047,80.796875,0,4.761904716491699,0,0,0,0,4.761904716491699,0,0,0,15.52137565612793,25769803776,0,18205966336,0
204,1790935026074,4,4,4,4,4,4,4,4,4,4,75.30923461914063,73.28211975097656,72.3801498413086,73.64083099365234,65.17009735107422,74.80741119384766,80.203125,9.090909004211426,0,0,0,0,0,5,0,0,0,15.52137565612793,25769803776,0,18205835264,0
204,1790935026279,4,4,4,4,4,4,4,4,4,4,75.30923461914063,73.28211975097656,72.3801498413086,73.64083099365234,65.17009735107422,74.80741119384766,80.203125,0,0,0,0,0,0,5,0,0,0,15.52137565612793,25769803776,0,18205835264,0
204,1790935026484,4,4,4,4,4,4,4,4,4,4,75.30923461914063,73.28211975097656,72.3801498413086,73.64083099365234,65.17009735107422,74.80741119384766,80.203125,9.523809432983398,9.523809432983398,4.761904716491699,0,0,0,9.523809432983398,0,0,0,15.433003425598145,25769803776,0,18205835264,0
204,1790935026689,4,4,4,4,4,4,4,4,4,4,75.30923461914063,73.28211975097656,72.3801498413086,73.64083099365234,65.17009735107422,74.80741119384766,80.203125,5.263157844543457,9.523809432983398,4.761904716491699,4.761904716491699,0,0,15.000000953674316,9.090909004211426,0,0,15.433003425598145,25769803776,0,18205835264,0
204,1790935026894,4,4,4,4,4,4,4,4,4,4,75.30923461914063,73.28211975097656,72.3801498413086,73.64083099365234,65.17009735107422,74.80741119384766,80.203125,9.090909004211426,0,0,0,0,0,9.523809432983398,0,4.761904716491699,0,15.433003425598145,25769803776,0,18223759360,0
204,1790935027099,4,4,4,4,4,4,4,4,4,4,75.39217376708984,73.5080795288086,72.66520690917969,73.68548583984375,65.42000579833984,74.95584869384766,77.484375,9.523809432983398,0,4.761904716491699,4.761904716491699,0,0,4.761904716491699,0,0,0,15.433003425598145,25769803776,0,18223677440,0
204,1790935027304,4,4,4,4,4,4,4,4,4,4,75.39217376708984,73.5080795288086,72.66520690917969,73.68548583984375,65.42000579833984,74.95584869384766,77.484375,0,9.090909004211426,0,0,0,0,9.523809432983398,0,4.761904716491699,0,15.433003425598145,25769803776,0,18223677440,0
204,1790935027509,4,4,4,4,4,4,4,4,4,4,75.39217376708984,73.5080795288086,72.66520690917969,73.68548583984375,65.42000579833984,74.95584869384766,77.484375,9.523809432983398,0,4.761904716491699,0,0,4.545454502105713,0,0,0,0,15.51617431640625,25769803776,0,18223824896,0
204,1790935027714,4,4,4,4,4,4,4,4,4,4,75.39217376708984,73.5080795288086,72.66520690917969,73.68548583984375,65.42000579833984,74.95584869384766,77.484375,0,9.090909004211426,0,0,0,0,9.523809432983398,0,0,0,15.51617431640625,25769803776,0,18223824896,0
204,1790935027919,4,4,4,4,4,4,4,4,4,4,75.39217376708984,73.5080795288086,72.66520690917969,73.68548583984375,65.42000579833984,74.95584869384766,77.484375,4.761904716491699,0,0,0,4.761904716491699,0,5,0,0,0,15.51617431640625,25769803776,0,18223988736,0
204,1790935028124,4,4,4,4,4,4,4,4,4,4,75.42903137207031,73.42154693603516,72.52704620361328,73.71426391601563,65.29609680175781,75.00553131103516,77.484375,14.285715103149414,10,10,9.523809432983398,4.761904716491699,0,0,9.523809432983398,0,0,15.51617431640625,25769803776,0,18224889856,0
201,1790935028329,4,4,4,4,4,4,4,4,4,4,75.42903137207031,73.42154693603516,72.52704620361328,73.71426391601563,65.29609680175781,75.00553131103516,77.484375,9.523809432983398,4.761904716491699,14.285715103149414,0,0,0,9.523809432983398,0,0,0,15.51617431640625,25769803776,0,18226970624,0
204,1790935028531,4,4,4,4,4,4,4,4,4,4,75.42903137207031,73.42154693603516,72.52704620361328,73.71426391601563,65.29609680175781,75.00553131103516,77.484375,5.263157844543457,0,0,5,0,0,0,0,0,9.090909004211426,15.109533309936523,25769803776,0,18224873472,0
204,1790935028736,4,4,4,4,4,4,4,4,4,4,75.42903137207031,73.42154693603516,72.52704620361328,73.71426391601563,65.29609680175781,75.00553131103516,77.484375,9.523809432983398,9.090909004211426,4.761904716491699,4.761904716491699,4.761904716491699,0,5,0,4.761904716491699,0,15.109533309936523,25769803776,0,18224873472,0
204,1790935028941,4,4,4,4,4,4,4,4,4,4,75.42903137207031,73.42154693603516,72.52704620361328,73.71426391601563,65.29609680175781,75.00553131103516,77.484375,9.523809432983398,0,0,0,0,0,4.761904716491699,0,0,0,15.109533309936523,25769803776,0,18224939008,0
204,1790935029145,4,4,4,4,4,4,4,4,4,4,75.39800262451172,73.30818939208984,72.7354507446289,73.71654510498047,65.6115951538086,74.95494842529297,78.203125,0,0,0,0,0,0,4.761904716491699,9.523809432983398,0,0,15.109533309936523,25769803776,0,18224939008,0
204,1790935029350,4,4,4,4,4,4,4,4,4,4,75.39800262451172,73.30818939208984,72.7354507446289,73.71654510498047,65.6115951538086,74.95494842529297,78.203125,4.761904716491699,4.761904716491699,0,0,0,0,5,0,0,0,15.109533309936523,25769803776,0,18224742400,0
204,1790935029555,4,4,4,4,4,4,4,4,4,4,75.39800262451172,73.30818939208984,72.7354507446289,73.71654510498047,65.6115951538086,74.95494842529297,78.203125,9.523809432983398,4.761904716491699,0,0,0,0,5,0,0,0,15.326114654541016,25769803776,0,18224758784,0
204,1790935029760,4,4,4,4,4,4,4,4,4,4,75.39800262451172,73.30818939208984,72.7354507446289,73.71654510498047,65.6115951538086,74.95494842529297,78.203125,0,0,4.761904716491699,0,0,0,5,0,0,0,15.326114654541016,25769803776,0,18224758784,0
204,1790935029965,4,4,4,4,4,4,4,4,4,4,75.39800262451172,73.30818939208984,72.7354507446289,73.71654510498047,65.6115951538086,74.95494842529297,78.203125,0,0,0,0,0,0,4.761904716491699,4.761904716491699,0,0,15.326114654541016,25769803776,0,18224693248,0
204,1790935030170,4,4,4,4,4,4,4,4,4,4,75.8043441772461,73.6009521484375,72.95515441894531,73.92660522460938,65.73943328857422,75.27482604980469,79.25,4.761904716491699,0,0,0,0,0,9.523809432983398,0,4.761904716491699,0,15.326114654541016,25769803776,0,18224594944,0
204,1790935030375,4,4,4,4,4,4,4,4,4,4,75.8043441772461,73.6009521484375,72.95515441894531,73.92660522460938,65.73943328857422,75.27482604980469,79.25,0,0,0,0,0,0,0,5,4.761904716491699,0,15.326114654541016,25769803776,0,18224594944,0
204,1790935030580,4,4,4,4,4,4,4,4,4,4,75.8043441772461,73.6009521484375,72.95515441894531,73.92660522460938,65.73943328857422,75.27482604980469,79.25,5,0,4.761904716491699,0,0,0,5,0,0,0,15.891560554504395,25769803776,0,18224594944,0
204,1790935030785,4,4,4,4,4,4,4,4,4,4,75.8043441772461,73.6009521484375,72.95515441894531,73.92660522460938,65.73943328857422,75.27482604980469,79.25,0,4.761904716491699,0,0,0,0,9.090909004211426,4.545454502105713,0,0,15.891560554504395,25769803776,0,18224594944,0
204,1790935030990,4,4,4,4,4,4,4,4,4,4,75.90238952636719,73.8006591796875,73.15343475341797,74.07109832763672,65.8927001953125,75.32135772705078,77.484375,4.761904716491699,0,0,0,0,0,0,0,0,0,15.891560554504395,25769803776,0,18203328512,0
204,1790935031195,4,4,4,4,4,4,4,4,4,4,75.90238952636719,73.8006591796875,73.15343475341797,74.07109832763672,65.8927001953125,75.32135772705078,77.484375,4.761904716491699,0,0,0,0,0,9.523809432983398,0,0,0,15.891560554504395,25769803776,0,18203328512,0
204,1790935031400,4,4,4,4,4,4,4,4,4,4,75.90238952636719,73.8006591796875,73.15343475341797,74.07109832763672,65.8927001953125,75.32135772705078,77.484375,0,0,0,4.761904716491699,0,0,5,0,4.761904716491699,0,15.891560554504395,25769803776,0,18203394048,0
204,1790935031605,4,4,4,4,4,4,4,4,4,4,75.90238952636719,73.8006591796875,73.15343475341797,74.07109832763672,65.8927001953125,75.32135772705078,77.484375,4.761904716491699,0,0,0,0,0,9.090909004211426,0,0,0,16.164318084716797,25769803776,0,18203394048,0
204,1790935031810,4,4,4,4,4,4,4,4,4,4,75.90238952636719,73.8006591796875,73.15343475341797,74.07109832763672,65.8927001953125,75.32135772705078,77.484375,0,4.761904716491699,0,0,0,0,5,0,0,0,16.164318084716797,25769803776,0,18203410432,0
204,1790935032015,4,4,4,4,4,4,4,4,4,4,75.82510375976563,73.7427978515625,72.99842834472656,73.9896240234375,65.64128875732422,75.31748962402344,80.90625,0,4.761904716491699,0,4.761904716491699,0,0,0,0,0,0,16.164318084716797,25769803776,0,18205245440,0
204,1790935032221,4,4,4,4,4,4,4,4,4,4,75.82510375976563,73.7427978515625,72.99842834472656,73.9896240234375,65.64128875732422,75.31748962402344,80.90625,9.090909004211426,0,0,0,4.761904716491699,0,0,0,0,0,16.164318084716797,25769803776,0,18203410432,0
204,1790935032426,4,4,4,4,4,4,4,4,4,4,75.82510375976563,73.7427978515625,72.99842834472656,73.9896240234375,65.64128875732422,75.31748962402344,80.90625,0,0,0,0,0,0,9.523809432983398,0,0,0,16.164318084716797,25769803776,0,18203410432,0
204,1790935032631,4,4,4,4,4,4,4,4,4,4,75.82510375976563,73.7427978515625,72.99842834472656,73.9896240234375,65.64128875732422,75.31748962402344,80.90625,4.761904716491699,0,0,0,0,0,5,4.545454502105713,4.761904716491699,0,15.44644832611084,25769803776,0,18203410432,0
202,1790935032836,4,4,4,4,4,4,4,4,4,4,75.82510375976563,73.7427978515625,72.99842834472656,73.9896240234375,65.64128875732422,75.31748962402344,80.90625,0,0,0,0,0,0,9.090909004211426,0,0,4.545454502105713,15.44644832611084,25769803776,0,18203410432,0
204,1790935033038,4,4,4,4,4,4,4,4,4,4,75.82190704345703,73.91082763671875,73.09738159179688,73.9857406616211,65.74529266357422,75.31788635253906,77.484375,0,0,4.761904716491699,0,0,0,0,0,0,0,15.44644832611084,25769803776,0,18203181056,0
204,1790935033243,4,4,4,4,4,4,4,4,4,4,75.82190704345703,73.91082763671875,73.09738159179688,73.9857406616211,65.74529266357422,75.31788635253906,77.484375,0,0,0,0,0,0,9.523809432983398,0,0,0,15.44644832611084,25769803776,0,18203181056,0
204,1790935033448,4,4,4,4,4,4,4,4,4,4,75.82190704345703,73.91082763671875,73.09738159179688,73.9857406616211,65.74529266357422,75.31788635253906,77.484375,4.761904716491699,0,0,0,0,0,5,4.545454502105713,0,0,15.44644832611084,25769803776,0,18202345472,0
204,1790935033653,4,4,4,4,4,4,4,4,4,4,75.82190704345703,73.91082763671875,73.09738159179688,73.9857406616211,65.74529266357422,75.31788635253906,77.484375,0,9.090909004211426,23.809524536132813,0,0,0,9.523809432983398,0,0,0,15.440553665161133,25769803776,0,17746640896,0
204,1790935033858,4,4,4,4,4,4,4,4,4,4,75.82190704345703,73.91082763671875,73.09738159179688,73.9857406616211,65.74529266357422,75.31788635253906,77.484375,4.761904716491699,0,0,0,0,0,5,0,0,0,15.440553665161133,25769803776,0,17746640896,0
204,1790935034063,4,4,4,4,4,4,4,4,4,4,75.9537124633789,73.92908477783203,73.11103820800781,74.12838745117188,65.7814712524414,75.37834167480469,77.484375,0,0,0,0,0,0,4.761904716491699,0,9.090909004211426,0,15.440553665161133,25769803776,0,17746378752,0
204,1790935034268,4,4,4,4,4,4,4,4,4,4,75.9537124633789,73.92908477783203,73.11103820800781,74.12838745117188,65.7814712524414,75.37834167480469,77.484375,0,0,0,0,0,0,5,4.761904716491699,0,0,15.440553665161133,25769803776,0,17746378752,0
204,1790935034473,4,4,4,4,4,4,4,4,4,4,75.9537124633789,73.92908477783203,73.11103820800781,74.12838745117188,65.7814712524414,75.37834167480469,77.484375,4.545454502105713,0,0,0,0,0,5,0,0,0,15.440553665161133,25769803776,0,17746378752,0
204,1790935034678,4,4,4,4,4,4,4,4,4,4,75.9537124633789,73.92908477783203,73.11103820800781,74.12838745117188,65.7814712524414,75.37834167480469,77.484375,0,4.545454502105713,0,0,0,0,9.090909004211426,0,0,0,15.623225212097168,25769803776,0,17746378752,0
204,1790935034883,4,4,4,4,4,4,4,4,4,4,75.9537124633789,73.92908477783203,73.11103820800781,74.12838745117188,65.7814712524414,75.37834167480469,77.484375,9.090909004211426,4.761904716491699,0,0,0,0,5,0,0,0,15.623225212097168,25769803776,0,17746378752,0
204,1790935035088,4,4,4,4,4,4,4,4,4,4,76.04944610595703,74.08283996582031,73.26011657714844,74.25789642333984,65.93849182128906,75.47219848632813,77.71875,0,0,0,0,0,0,5,0,0,0,15.623225212097168,25769803776,0,17746083840,0
200,1790935035293,4,4,4,4,4,4,4,4,4,4,76.04944610595703,74.08283996582031,73.26011657714844,74.25789642333984,65.93849182128906,75.47219848632813,77.71875,0,0,0,0,0,4.545454502105713,0,9.523809432983398,0,0,15.623225212097168,25769803776,0,17746051072,0
204,1790935035494,4,4,4,4,4,4,4,4,4,4,76.04944610595703,74.08283996582031,73.26011657714844,74.25789642333984,65.93849182128906,75.47219848632813,77.71875,5,0,0,0,0,0,9.523809432983398,0,0,0,15.678736686706543,25769803776,0,17746100224,0
202,1790935035699,4,4,4,4,4,4,4,4,4,4,76.04944610595703,74.08283996582031,73.26011657714844,74.25789642333984,65.93849182128906,75.47219848632813,77.71875,0,0,0,0,0,0,0,0,0,0,15.678736686706543,25769803776,0,17745985536,0
200,1790935035901,4,4,4,4,4,4,4,4,4,4,76.04944610595703,74.08283996582031,73.26011657714844,74.25789642333984,65.93849182128906,75.47219848632813,77.71875,0,0,0,0,0,0,5,0,4.761904716491699,0,15.678736686706543,25769803776,0,17746051072,0
204,1790935036102,4,4,4,4,4,4,4,4,4,4,76.14383697509766,74.06074523925781,73.34954833984375,74.33861541748047,66.1014175415039,75.55369567871094,78.4375,4.761904716491699,0,0,0,0,0,9.523809432983398,0,0,0,15.678736686706543,25769803776,0,17746083840,0
204,1790935036307,4,4,4,4,4,4,4,4,4,4,76.14383697509766,74.06074523925781,73.34954833984375,74.33861541748047,66.1014175415039,75.55369567871094,78.4375,0,0,0,0,0,0,5,0,4.761904716491699,0,15.678736686706543,25769803776,0,17746083840,0
204,1790935036512,4,4,4,4,4,4,4,4,4,4,76.14383697509766,74.06074523925781,73.34954833984375,74.33861541748047,66.1014175415039,75.55369567871094,78.4375,0,4.761904716491699,0,0,0,0,5,4.761904716491699,0,0,15.580318450927734,25769803776,0,17746051072,0
204,1790935036717,4,4,4,4,4,4,4,4,4,4,76.14383697509766,74.06074523925781,73.34954833984375,74.33861541748047,66.1014175415039,75.55369567871094,78.4375,4.761904716491699,0,0,0,0,0,5,0,0,0,15.580318450927734,25769803776,0,17746051072,0
204,1790935036922,4,4,4,4,4,4,4,4,4,4,76.14383697509766,74.06074523925781,73.34954833984375,74.33861541748047,66.1014175415039,75.55369567871094,78.4375,0,0,0,0,0,0,9.523809432983398,0,0,0,15.580318450927734,25769803776,0,17746051072,0
202,1790935037127,4,4,4,4,4,4,4,4,4,4,76.2018814086914,74.09537506103516,73.33193969726563,74.37849426269531,65.99915313720703,75.60601043701172,82.4375,0,0,0,0,0,0,4.761904716491699,0,0,0,15.580318450927734,25769803776,0,17745788928,0
204,1790935037329,4,4,4,4,4,4,4,4,4,4,76.2018814086914,74.09537506103516,73.33193969726563,74.37849426269531,65.99915313720703,75.60601043701172,82.4375,5,0,0,0,4.761904716491699,0,5.263157844543457,0,0,0,15.580318450927734,25769803776,0,17745805312,0
204,1790935037534,4,4,4,4,4,4,4,4,4,4,76.2018814086914,74.09537506103516,73.33193969726563,74.37849426269531,65.99915313720703,75.60601043701172,82.4375,4.761904716491699,9.090909004211426,0,0,0,0,9.090909004211426,0,0,0,15.644341468811035,25769803776,0,17745936384,0
204,1790935037739,4,4,4,4,4,4,4,4,4,4,76.2018814086914,74.09537506103516,73.33193969726563,74.37849426269531,65.99915313720703,75.60601043701172,82.4375,0,0,0,0,0,0,5,0,0,0,15.644341468811035,25769803776,0,17745936384,0
204,1790935037944,4,4,4,4,4,4,4,4,4,4,76.2018814086914,74.09537506103516,73.33193969726563,74.37849426269531,65.99915313720703,75.60601043701172,82.4375,4.761904716491699,0,0,0,0,0,0,9.090909004211426,4.545454502105713,0,15.644341468811035,25769803776,0,17745985536,0
204,1790935038149,4,4,4,4,4,4,4,4,4,4,76.29949951171875,74.2505111694336,73.46653747558594,74.42152404785156,66.16964721679688,75.73172760009766,81.734375,0,0,0,0,0,0,9.090909004211426,0,0,0,15.644341468811035,25769803776,0,17745985536,0
204,1790935038354,4,4,4,4,4,4,4,4,4,4,76.29949951171875,74.2505111694336,73.46653747558594,74.42152404785156,66.16964721679688,75.73172760009766,81.734375,4.761904716491699,0,4.761904716491699,0,4.545454502105713,0,5,0,0,0,15.644341468811035,25769803776,0,17746001920,0
204,1790935038559,4,4,4,4,4,4,4,4,4,4,76.29949951171875,74.2505111694336,73.46653747558594,74.42152404785156,66.16964721679688,75.73172760009766,81.734375,5,5,4.545454502105713,4.545454502105713,0,0,9.523809432983398,0,0,0,15.660307884216309,25769803776,0,17746198528,0
204,1790935038764,4,4,4,4,4,4,4,4,4,4,76.29949951171875,74.2505111694336,73.46653747558594,74.42152404785156,66.16964721679688,75.73172760009766,81.734375,0,0,0,0,0,0,5,0,0,0,15.660307884216309,25769803776,0,17746198528,0
202,1790935038969,4,4,4,4,4,4,4,4,4,4,76.29949951171875,74.2505111694336,73.46653747558594,74.42152404785156,66.16964721679688,75.73172760009766,81.734375,4.761904716491699,0,0,0,0,0,9.523809432983398,0,4.761904716491699,0,15.660307884216309,25769803776,0,17746198528,0
200,1790935039172,4,4,4,4,4,4,4,4,4,4,76.33216094970703,74.29322052001953,73.46954345703125,74.44620513916016,66.14606475830078,75.77798461914063,77.953125,0,4.761904716491699,0,0,0,0,5,0,0,0,15.660307884216309,25769803776,0,17745149952,0
204,1790935039372,4,4,4,4,4,4,4,4,4,4,76.33216094970703,74.29322052001953,73.46954345703125,74.44620513916016,66.14606475830078,75.77798461914063,77.953125,4.761904716491699,0,0,0,0,0,0,0,0,0,15.660307884216309,25769803776,0,17747001344,0
202,1790935039577,4,4,4,4,4,4,4,4,4,4,76.33216094970703,74.29322052001953,73.46954345703125,74.44620513916016,66.14606475830078,75.77798461914063,77.953125,4.761904716491699,4.545454502105713,0,0,0,0,9.090909004211426,0,4.761904716491699,0,15.563067436218262,25769803776,0,17743675392,0
200,1790935039780,4,4,4,4,4,4,4,4,4,4,76.33216094970703,74.29322052001953,73.46954345703125,74.44620513916016,66.14606475830078,75.77798461914063,77.953125,5,5.263157844543457,0,4.761904716491699,0,0,0,9.523809432983398,0,0,15.563067436218262,25769803776,0,17743675392,0
204,1790935039981,4,4,4,4,4,4,4,4,4,4,76.37812805175781,74.20951080322266,73.648681640625,74.49683380126953,66.4212417602539,75.83473205566406,78.203125,0,0,0,0,0,0,5,0,0,0,15.563067436218262,25769803776,0,17743609856,0
204,1790935040186,4,4,4,4,4,4,4,4,4,4,76.37812805175781,74.20951080322266,73.648681640625,74.49683380126953,66.4212417602539,75.83473205566406,78.203125,0,0,0,0,0,0,9.523809432983398,0,0,0,15.563067436218262,25769803776,0,17743609856,0
204,1790935040391,4,4,4,4,4,4,4,4,4,4,76.37812805175781,74.20951080322266,73.648681640625,74.49683380126953,66.4212417602539,75.83473205566406,78.203125,4.761904716491699,4.761904716491699,0,0,0,4.761904716491699,5,0,0,0,15.563067436218262,25769803776,0,17743691776,0
204,1790935040596,4,4,4,4,4,4,4,4,4,4,76.37812805175781,74.20951080322266,73.648681640625,74.49683380126953,66.4212417602539,75.83473205566406,78.203125,0,0,4.761904716491699,0,0,0,0,0,0,0,15.600682258605957,25769803776,0,17743691776,0
204,1790935040801,4,4,4,4,4,4,4,4,4,4,76.37812805175781,74.20951080322266,73.648681640625,74.49683380126953,66.4212417602539,75.83473205566406,78.203125,0,0,0,0,0,0,9.090909004211426,4.761904716491699,0,0,15.600682258605957,25769803776,0,17743691776,0
202,1790935041006,4,4,4,4,4,4,4,4,4,4,76.45686340332031,74.43177032470703,73.59955596923828,74.59956359863281,66.30089569091797,75.9046630859375,82.203125,4.761904716491699,0,0,0,0,0,5,0,0,0,15.600682258605957,25769803776,0,17743691776,0
204,1790935041208,4,4,4,4,4,4,4,4,4,4,76.45686340332031,74.43177032470703,73.59955596923828,74.59956359863281,66.30089569091797,75.9046630859375,82.203125,0,0,0,0,0,0,9.523809432983398,0,0,0,15.600682258605957,25769803776,0,17729863680,0
201,1790935041413,4,4,4,4,4,4,4,4,4,4,76.45686340332031,74.43177032470703,73.59955596923828,74.59956359863281,66.30089569091797,75.9046630859375,82.203125,0,4.761904716491699,0,0,0,0,5,0,4.761904716491699,0,15.600682258605957,25769803776,0,17729863680,0
200,1790935041615,4,4,4,4,4,4,4,4,4,4,76.45686340332031,74.43177032470703,73.59955596923828,74.59956359863281,66.30089569091797,75.9046630859375,82.203125,4.761904716491699,0,0,0,0,0,9.523809432983398,0,0,0,15.688053131103516,25769803776,0,17729847296,0
200,1790935041815,4,4,4,4,4,4,4,4,4,4,76.45686340332031,74.43177032470703,73.59955596923828,74.59956359863281,66.30089569091797,75.9046630859375,82.203125,5,4.761904716491699,5,0,0,0,5.263157844543457,0,0,0,15.688053131103516,25769803776,0,17729847296,0
200,1790935042016,4,4,4,4,4,4,4,4,4,4,76.47541809082031,74.38996887207031,73.61969757080078,74.5950698852539,66.32658386230469,75.89804077148438,78.203125,5,0,0,0,0,0,5,0,0,0,15.688053131103516,25769803776,0,17729847296,0
204,1790935042216,4,4,4,4,4,4,4,4,4,4,76.47541809082031,74.38996887207031,73.61969757080078,74.5950698852539,66.32658386230469,75.89804077148438,78.203125,73.68421173095703,5,0,0,0,0,4.761904716491699,10,0,0,15.688053131103516,25769803776,0,17729945600,0
202,1790935042421,4,4,4,4,4,4,4,4,4,4,76.47541809082031,74.38996887207031,73.61969757080078,74.5950698852539,66.32658386230469,75.89804077148438,78.203125,4.761904716491699,0,0,0,0,0,0,4.761904716491699,4.761904716491699,0,15.688053131103516,25769803776,0,17729961984,0
200,1790935042624,4,4,4,4,4,4,4,4,4,4,76.47541809082031,74.38996887207031,73.61969757080078,74.5950698852539,66.32658386230469,75.89804077148438,78.203125,0,0,0,0,0,0,0,0,0,0,15.541406631469727,25769803776,0,17731878912,0
200,1790935042824,4,4,4,4,4,4,4,4,4,4,76.47541809082031,74.38996887207031,73.61969757080078,74.5950698852539,66.32658386230469,75.89804077148438,78.203125,5,0,4.761904716491699,0,0,0,0,5,0,0,15.541406631469727,25769803776,0,17730027520,0
204,1790935043025,4,4,4,4,4,4,4,4,4,4,76.55010986328125,74.15731048583984,74.06888580322266,74.72661590576172,67.10084533691406,76.0091552734375,78.4375,5,9.523809432983398,4.761904716491699,5,5,0,0,9.523809432983398,0,0,15.541406631469727,25769803776,0,17730027520,0
204,1790935043230,4,4,4,4,4,4,4,4,4,4,76.55010986328125,74.15731048583984,74.06888580322266,74.72661590576172,67.10084533691406,76.0091552734375,78.4375,0,0,0,0,0,0,0,5,4.761904716491699,0,15.541406631469727,25769803776,0,17729978368,0
204,1790935043435,4,4,4,4,4,4,4,4,4,4,76.55010986328125,74.15731048583984,74.06888580322266,74.72661590576172,67.10084533691406,76.0091552734375,78.4375,4.761904716491699,0,0,0,0,0,0,9.090909004211426,0,0,15.541406631469727,25769803776,0,17729978368,0
204,1790935043640,4,4,4,4,4,4,4,4,4,4,76.55010986328125,74.15731048583984,74.06888580322266,74.72661590576172,67.10084533691406,76.0091552734375,78.4375,0,0,0,0,0,0,9.090909004211426,0,0,0,15.657804489135742,25769803776,0,17729978368,0
204,1790935043845,4,4,4,4,4,4,4,4,4,4,76.55010986328125,74.15731048583984,74.06888580322266,74.72661590576172,67.10084533691406,76.0091552734375,78.4375,4.761904716491699,0,0,0,0,0,0,9.523809432983398,0,0,15.657804489135742,25769803776,0,17729634304,0
204,1790935044050,4,4,4,4,4,4,4,4,4,4,76.5654296875,74.09317016601563,74.22264862060547,74.80191040039063,67.34945678710938,76.04080963134766,78.4375,4.761904716491699,0,0,0,0,0,0,5,0,0,15.657804489135742,25769803776,0,17729634304,0
204,1790935044255,4,4,4,4,4,4,4,4,4,4,76.5654296875,74.09317016601563,74.22264862060547,74.80191040039063,67.34945678710938,76.04080963134766,78.4375,0,0,0,0,0,0,0,5,0,0,15.657804489135742,25769803776,0,17729634304,0
204,1790935044460,4,4,4,4,4,4,4,4,4,4,76.5654296875,74.09317016601563,74.22264862060547,74.80191040039063,67.34945678710938,76.04080963134766,78.4375,4.761904716491699,0,0,0,0,0,0,9.090909004211426,0,0,15.657804489135742,25769803776,0,17729634304,0
204,1790935044665,4,4,4,4,4,4,4,4,4,4,76.5654296875,74.09317016601563,74.22264862060547,74.80191040039063,67.34945678710938,76.04080963134766,78.4375,0,0,0,0,0,0,0,5,4.761904716491699,0,15.513200759887695,25769803776,0,17729683456,0
204,1790935044870,4,4,4,4,4,4,4,4,4,4,76.5654296875,74.09317016601563,74.22264862060547,74.80191040039063,67.34945678710938,76.04080963134766,78.4375,5,9.090909004211426,0,0,0,0,0,9.523809432983398,0,0,15.513200759887695,25769803776,0,17729732608,0
204,1790935045075,4,4,4,4,4,4,4,4,4,4,76.6143569946289,74.06757354736328,74.13447570800781,74.87857818603516,67.2074203491211,76.10552215576172,78.4375,0,0,0,0,0,0,0,5,0,0,15.513200759887695,25769803776,0,17729732608,0
204,1790935045280,4,4,4,4,4,4,4,4,4,4,76.6143569946289,74.06757354736328,74.13447570800781,74.87857818603516,67.2074203491211,76.10552215576172,78.4375,4.761904716491699,0,0,0,0,0,0,9.523809432983398,0,0,15.513200759887695,25769803776,0,17729667072,0
204,1790935045485,4,4,4,4,4,4,4,4,4,4,76.6143569946289,74.06757354736328,74.13447570800781,74.87857818603516,67.2074203491211,76.10552215576172,78.4375,4.761904716491699,0,0,0,0,0,0,0,0,0,15.553409576416016,25769803776,0,17729667072,0
204,1790935045690,4,4,4,4,4,4,4,4,4,4,76.6143569946289,74.06757354736328,74.13447570800781,74.87857818603516,67.2074203491211,76.10552215576172,78.4375,0,0,0,0,0,0,0,9.523809432983398,0,0,15.553409576416016,25769803776,0,17729683456,0
204,1790935045895,4,4,4,4,4,4,4,4,4,4,76.6143569946289,74.06757354736328,74.13447570800781,74.87857818603516,67.2074203491211,76.10552215576172,78.4375,0,0,0,0,0,0,0,4.761904716491699,0,0,15.553409576416016,25769803776,0,17729667072,0
204,1790935046100,4,4,4,4,4,4,4,4,4,4,76.67909240722656,74.13758850097656,74.2536392211914,74.9715576171875,67.39453887939453,76.1736068725586,79.5,4.761904716491699,4.761904716491699,9.090909004211426,4.761904716491699,0,0,9.090909004211426,5,4.761904716491699,0,15.553409576416016,25769803776,0,17710792704,0
202,1790935046305,4,4,4,4,4,4,4,4,4,4,76.67909240722656,74.13758850097656,74.2536392211914,74.9715576171875,67.39453887939453,76.1736068725586,79.5,0,0,0,0,0,0,0,9.523809432983398,0,0,15.553409576416016,25769803776,0,17712857088,0
200,1790935046508,4,4,4,4,4,4,4,4,4,4,76.67909240722656,74.13758850097656,74.2536392211914,74.9715576171875,67.39453887939453,76.1736068725586,79.5,5,0,0,0,0,0,0,0,0,0,15.560949325561523,25769803776,0,17710792704,0
204,1790935046709,4,4,4,4,4,4,4,4,4,4,76.67909240722656,74.13758850097656,74.2536392211914,74.9715576171875,67.39453887939453,76.1736068725586,79.5,0,4.761904716491699,0,0,0,0,0,0,10,0,15.560949325561523,25769803776,0,17710776320,0
204,1790935046914,4,4,4,4,4,4,4,4,4,4,76.67909240722656,74.13758850097656,74.2536392211914,74.9715576171875,67.39453887939453,76.1736068725586,79.5,0,0,0,0,4.545454502105713,0,0,5,0,0,15.560949325561523,25769803776,0,17710809088,0
204,1790935047119,4,4,4,4,4,4,4,4,4,4,76.82269287109375,74.09361267089844,74.14459991455078,75.02936553955078,67.20150756835938,76.39344787597656,79.140625,4.761904716491699,0,0,0,4.761904716491699,0,0,9.523809432983398,0,0,15.560949325561523,25769803776,0,17710809088,0
204,1790935047324,4,4,4,4,4,4,4,4,4,4,76.82269287109375,74.09361267089844,74.14459991455078,75.02936553955078,67.20150756835938,76.39344787597656,79.140625,4.761904716491699,4.761904716491699,0,0,0,0,0,4.761904716491699,0,0,15.560949325561523,25769803776,0,17710841856,0
204,1790935047529,4,4,4,4,4,4,4,4,4,4,76.82269287109375,74.09361267089844,74.14459991455078,75.02936553955078,67.20150756835938,76.39344787597656,79.140625,0,0,0,0,0,0,0,5,0,0,15.445262908935547,25769803776,0,17710891008,0
203,1790935047734,4,4,4,4,4,4,4,4,4,4,76.82269287109375,74.09361267089844,74.14459991455078,75.02936553955078,67.20150756835938,76.39344787597656,79.140625,4.761904716491699,0,0,0,0,0,4.761904716491699,5,0,0,15.445262908935547,25769803776,0,17710907392,0
200,1790935047938,4,4,4,4,4,4,4,4,4,4,76.82269287109375,74.09361267089844,74.14459991455078,75.02936553955078,67.20150756835938,76.39344787597656,79.140625,0,0,0,0,0,0,0,9.523809432983398,0,0,15.445262908935547,25769803776,0,17710907392,0
204,1790935048138,4,4,4,4,4,4,4,4,4,4,76.68577575683594,74.18132781982422,74.24009704589844,75.04576873779297,67.30107879638672,76.1950912475586,80.4375,0,0,0,0,0,0,0,5,4.761904716491699,0,15.445262908935547,25769803776,0,17710907392,0
204,1790935048343,4,4,4,4,4,4,4,4,4,4,76.68577575683594,74.18132781982422,74.24009704589844,75.04576873779297,67.30107879638672,76.1950912475586,80.4375,4.761904716491699,0,0,0,0,0,0,5,4.761904716491699,0,15.445262908935547,25769803776,0,17710809088,0
203,1790935048548,4,4,4,4,4,4,4,4,4,4,76.68577575683594,74.18132781982422,74.24009704589844,75.04576873779297,67.30107879638672,76.1950912475586,80.4375,0,4.761904716491699,0,0,0,0,0,9.523809432983398,0,0,15.548208236694336,25769803776,0,17710825472,0
204,1790935048751,4,4,4,4,4,4,4,4,4,4,76.68577575683594,74.18132781982422,74.24009704589844,75.04576873779297,67.30107879638672,76.1950912475586,80.4375,4.761904716491699,4.761904716491699,0,0,0,0,4.761904716491699,0,0,0,15.548208236694336,25769803776,0,17710858240,0
202,1790935048956,4,4,4,4,4,4,4,4,4,4,76.68577575683594,74.18132781982422,74.24009704589844,75.04576873779297,67.30107879638672,76.1950912475586,80.4375,4.761904716491699,0,0,0,0,0,0,9.523809432983398,0,0,15.548208236694336,25769803776,0,17710858240,0
200,1790935049159,4,4,4,4,4,4,4,4,4,4,76.77262115478516,74.20065307617188,74.34583282470703,75.0953598022461,67.5124740600586,76.28962707519531,78.671875,0,0,0,0,0,0,0,5,0,0,15.548208236694336,25769803776,0,17710858240,0
204,1790935049359,4,4,4,4,4,4,4,4,4,4,76.77262115478516,74.20065307617188,74.34583282470703,75.0953598022461,67.5124740600586,76.28962707519531,78.671875,4.761904716491699,0,0,0,0,0,4.761904716491699,9.523809432983398,0,0,15.548208236694336,25769803776,0,17710727168,0
202,1790935049564,4,4,4,4,4,4,4,4,4,4,76.77262115478516,74.20065307617188,74.34583282470703,75.0953598022461,67.5124740600586,76.28962707519531,78.671875,0,0,4.761904716491699,0,0,0,0,5,4.761904716491699,0,15.459575653076172,25769803776,0,17710874624,0
204,1790935049767,4,4,4,4,4,4,4,4,4,4,76.77262115478516,74.20065307617188,74.34583282470703,75.0953598022461,67.5124740600586,76.28962707519531,78.671875,4.761904716491699,4.761904716491699,0,0,0,0,0,0,0,0,15.459575653076172,25769803776,0,17710907392,0
204,1790935049972,4,4,4,4,4,4,4,4,4,4,76.77262115478516,74.20065307617188,74.34583282470703,75.0953598022461,67.5124740600586,76.28962707519531,78.671875,0,0,0,0,0,0,0,0,0,0,15.459575653076172,25769803776,0,17710874624,0
204,1790935050177,4,4,4,4,4,4,4,4,4,4,76.84300994873047,74.14078521728516,74.10184478759766,75.08744049072266,67.09005737304688,76.42578887939453,79.140625,0,0,0,0,0,0,0,9.090909004211426,4.761904716491699,0,15.459575653076172,25769803776,0,17710874624,0
204,1790935050382,4,4,4,4,4,4,4,4,4,4,76.84300994873047,74.14078521728516,74.10184478759766,75.08744049072266,67.09005737304688,76.42578887939453,79.140625,4.761904716491699,0,0,0,0,0,0,5,0,0,15.459575653076172,25769803776,0,17711005696,0
204,1790935050587,4,4,4,4,4,4,4,4,4,4,76.84300994873047,74.14078521728516,74.10184478759766,75.08744049072266,67.09005737304688,76.42578887939453,79.140625,9.523809432983398,0,0,0,0,0,0,9.523809432983398,4.545454502105713,0,15.370452880859375,25769803776,0,17711005696,0
201,1790935050792,4,4,4,4,4,4,4,4,4,4,76.84300994873047,74.14078521728516,74.10184478759766,75.08744049072266,67.09005737304688,76.42578887939453,79.140625,0,0,0,0,0,0,0,5,0,0,15.370452880859375,25769803776,0,17711005696,0
200,1790935050993,4,4,4,4,4,4,4,4,4,4,76.77452850341797,74.23648071289063,74.36929321289063,75.18305969238281,67.5085220336914,76.29179382324219,81.390625,5,4.761904716491699,4.761904716491699,0,0,0,0,5,0,4.761904716491699,15.370452880859375,25769803776,0,17711005696,0
204,1790935051194,4,4,4,4,4,4,4,4,4,4,76.77452850341797,74.23648071289063,74.36929321289063,75.18305969238281,67.5085220336914,76.29179382324219,81.390625,0,0,0,0,0,0,5,5,0,0,15.370452880859375,25769803776,0,17711005696,0
204,1790935051399,4,4,4,4,4,4,4,4,4,4,76.77452850341797,74.23648071289063,74.36929321289063,75.18305969238281,67.5085220336914,76.29179382324219,81.390625,0,4.761904716491699,0,0,0,0,0,5,0,0,15.370452880859375,25769803776,0,17711054848,0
204,1790935051604,4,4,4,4,4,4,4,4,4,4,76.77452850341797,74.23648071289063,74.36929321289063,75.18305969238281,67.5085220336914,76.29179382324219,81.390625,4.761904716491699,0,0,4.761904716491699,0,0,4.761904716491699,9.523809432983398,0,0,15.479877471923828,25769803776,0,17710891008,0
204,1790935051808,4,4,4,4,4,4,4,4,4,4,76.77452850341797,74.23648071289063,74.36929321289063,75.18305969238281,67.5085220336914,76.29179382324219,81.390625,0,0,0,0,0,0,0,4.761904716491699,4.545454502105713,0,15.479877471923828,25769803776,0,17710891008,0
204,1790935052013,4,4,4,4,4,4,4,4,4,4,76.76661682128906,74.28173828125,74.36415100097656,75.19141387939453,67.52775573730469,76.289306640625,80.671875,4.761904716491699,0,0,0,0,0,0,9.523809432983398,0,0,15.479877471923828,25769803776,0,17710841856,0
204,1790935052218,4,4,4,4,4,4,4,4,4,4,76.76661682128906,74.28173828125,74.36415100097656,75.19141387939453,67.52775573730469,76.289306640625,80.671875,4.761904716491699,0,0,0,0,0,0,5,0,0,15.479877471923828,25769803776,0,17710907392,0
204,1790935052422,4,4,4,4,4,4,4,4,4,4,76.76661682128906,74.28173828125,74.36415100097656,75.19141387939453,67.52775573730469,76.289306640625,80.671875,0,0,0,0,0,0,0,5,0,0,15.479877471923828,25769803776,0,17711038464,0
200,1790935052627,4,4,4,4,4,4,4,4,4,4,76.76661682128906,74.28173828125,74.36415100097656,75.19141387939453,67.52775573730469,76.289306640625,80.671875,4.761904716491699,4.761904716491699,0,0,0,0,0,9.523809432983398,0,0,15.38536262512207,25769803776,0,17710678016,0
204,1790935052828,4,4,4,4,4,4,4,4,4,4,76.76661682128906,74.28173828125,74.36415100097656,75.19141387939453,67.52775573730469,76.289306640625,80.671875,0,0,0,0,0,0,4.761904716491699,0,0,0,15.38536262512207,25769803776,0,17710678016,0
202,1790935053033,4,4,4,4,4,4,4,4,4,4,76.75182342529297,74.26277923583984,74.30320739746094,75.1494140625,67.40179443359375,76.26309967041016,78.671875,0,0,0,0,0,0,0,9.523809432983398,0,0,15.38536262512207,25769803776,0,17710956544,0
204,1790935053235,4,4,4,4,4,4,4,4,4,4,76.75182342529297,74.26277923583984,74.30320739746094,75.1494140625,67.40179443359375,76.26309967041016,78.671875,4.761904716491699,0,0,0,0,0,0,0,0,0,15.38536262512207,25769803776,0,17710956544,0
204,1790935053440,4,4,4,4,4,4,4,4,4,4,76.75182342529297,74.26277923583984,74.30320739746094,75.1494140625,67.40179443359375,76.26309967041016,78.671875,0,0,4.761904716491699,0,4.545454502105713,0,0,5,0,0,15.38536262512207,25769803776,0,17710907392,0
202,1790935053645,4,4,4,4,4,4,4,4,4,4,76.75182342529297,74.26277923583984,74.30320739746094,75.1494140625,67.40179443359375,76.26309967041016,78.671875,4.761904716491699,0,0,0,0,0,0,9.090909004211426,4.761904716491699,0,15.381725311279297,25769803776,0,17710907392,0
204,1790935053848,4,4,4,4,4,4,4,4,4,4,76.75182342529297,74.26277923583984,74.30320739746094,75.1494140625,67.40179443359375,76.26309967041016,78.671875,0,0,0,0,0,0,0,5,0,0,15.381725311279297,25769803776,0,17710907392,0
204,1790935054053,4,4,4,4,4,4,4,4,4,4,76.7702407836914,74.28449249267578,74.40137481689453,75.14755249023438,67.55864715576172,76.2867660522461,79.609375,0,4.545454502105713,0,4.761904716491699,0,0,4.761904716491699,9.523809432983398,0,0,15.381725311279297,25769803776,0,17710907392,0
204,1790935054258,4,4,4,4,4,4,4,4,4,4,76.7702407836914,74.28449249267578,74.40137481689453,75.14755249023438,67.55864715576172,76.2867660522461,79.609375,4.761904716491699,0,0,0,0,0,0,0,0,0,15.381725311279297,25769803776,0,17710907392,0
204,1790935054463,4,4,4,4,4,4,4,4,4,4,76.7702407836914,74.28449249267578,74.40137481689453,75.14755249023438,67.55864715576172,76.2867660522461,79.609375,0,4.761904716491699,0,0,0,0,4.545454502105713,9.523809432983398,0,0,15.381725311279297,25769803776,0,17710841856,0
204,1790935054668,4,4,4,4,4,4,4,4,4,4,76.7702407836914,74.28449249267578,74.40137481689453,75.14755249023438,67.55864715576172,76.2867660522461,79.609375,4.761904716491699,0,4.545454502105713,0,0,0,0,5,0,0,15.366219520568848,25769803776,0,17710825472,0
204,1790935054873,4,4,4,4,4,4,4,4,4,4,76.7702407836914,74.28449249267578,74.40137481689453,75.14755249023438,67.55864715576172,76.2867660522461,79.609375,4.761904716491699,0,0,0,0,0,0,0,9.523809432983398,0,15.366219520568848,25769803776,0,17710825472,0
204,1790935055078,4,4,4,4,4,4,4,4,4,4,76.89571380615234,74.20013427734375,74.17118072509766,75.20836639404297,67.16854858398438,76.46852111816406,79.265625,0,0,0,0,0,0,5,0,0,0,15.366219520568848,25769803776,0,17710546944,0
200,1790935055283,4,4,4,4,4,4,4,4,4,4,76.89571380615234,74.20013427734375,74.17118072509766,75.20836639404297,67.16854858398438,76.46852111816406,79.265625,4.761904716491699,0,0,0,0,0,0,9.523809432983398,0,0,15.366219520568848,25769803776,0,17710546944,0
204,1790935055483,4,4,4,4,4,4,4,4,4,4,76.89571380615234,74.20013427734375,74.17118072509766,75.20836639404297,67.16854858398438,76.46852111816406,79.265625,0,0,0,0,0,0,0,5,0,0,15.262260437011719,25769803776,0,17710530560,0
202,1790935055688,4,4,4,4,4,4,4,4,4,4,76.89571380615234,74.20013427734375,74.17118072509766,75.20836639404297,67.16854858398438,76.46852111816406,79.265625,0,0,0,0,0,0,0,5,0,0,15.262260437011719,25769803776,0,17710465024,0
204,1790935055891,4,4,4,4,4,4,4,4,4,4,76.89571380615234,74.20013427734375,74.17118072509766,75.20836639404297,67.16854858398438,76.46852111816406,79.265625,4.761904716491699,5,0,0,0,0,5,9.523809432983398,0,0,15.262260437011719,25769803776,0,17710465024,0
204,1790935056096,4,4,4,4,4,4,4,4,4,4,76.78347778320313,74.46212005615234,74.32302856445313,75.1932601928711,67.39447021484375,76.28643798828125,78.671875,0,0,0,0,0,0,4.545454502105713,5,0,0,15.262260437011719,25769803776,0,17710465024,0
203,1790935056301,4,4,4,4,4,4,4,4,4,4,76.78347778320313,74.46212005615234,74.32302856445313,75.1932601928711,67.39447021484375,76.28643798828125,78.671875,0,0,4.545454502105713,0,0,0,0,0,0,0,15.262260437011719,25769803776,0,17710465024,0
204,1790935056504,4,4,4,4,4,4,4,4,4,4,76.78347778320313,74.46212005615234,74.32302856445313,75.1932601928711,67.39447021484375,76.28643798828125,78.671875,4.761904716491699,4.761904716491699,0,0,0,0,4.761904716491699,9.523809432983398,0,0,15.299488067626953,25769803776,0,17710432256,0
201,1790935056709,4,4,4,4,4,4,4,4,4,4,76.78347778320313,74.46212005615234,74.32302856445313,75.1932601928711,67.39447021484375,76.28643798828125,78.671875,4.761904716491699,0,0,0,0,0,0,0,4.761904716491699,0,15.299488067626953,25769803776,0,17710432256,0
204,1790935056911,4,4,4,4,4,4,4,4,4,4,76.78347778320313,74.46212005615234,74.32302856445313,75.1932601928711,67.39447021484375,76.28643798828125,78.671875,0,0,0,0,0,0,0,9.523809432983398,0,0,15.299488067626953,25769803776,0,17710432256,0
204,1790935057116,4,4,4,4,4,4,4,4,4,4,76.75402069091797,74.40226745605469,74.34912872314453,75.14753723144531,67.43275451660156,76.25149536132813,78.671875,0,0,0,0,0,0,0,5,0,0,15.299488067626953,25769803776,0,17710432256,0
203,1790935057321,4,4,4,4,4,4,4,4,4,4,76.75402069091797,74.40226745605469,74.34912872314453,75.14753723144531,67.43275451660156,76.25149536132813,78.671875,4.761904716491699,0,0,0,0,0,4.545454502105713,0,0,0,15.299488067626953,25769803776,0,17710432256,0
204,1790935057525,4,4,4,4,4,4,4,4,4,4,76.75402069091797,74.40226745605469,74.34912872314453,75.14753723144531,67.43275451660156,76.25149536132813,78.671875,0,0,0,0,0,0,0,9.523809432983398,0,0,15.205239295959473,25769803776,0,17710120960,0
204,1790935057730,4,4,4,4,4,4,4,4,4,4,76.75402069091797,74.40226745605469,74.34912872314453,75.14753723144531,67.43275451660156,76.25149536132813,78.671875,4.761904716491699,4.761904716491699,0,0,0,0,0,5,0,0,15.205239295959473,25769803776,0,17710120960,0
204,1790935057935,4,4,4,4,4,4,4,4,4,4,76.75402069091797,74.40226745605469,74.34912872314453,75.14753723144531,67.43275451660156,76.25149536132813,78.671875,0,0,0,0,0,0,0,9.523809432983398,0,0,15.205239295959473,25769803776,0,17710120960,0
204,1790935058140,4,4,4,4,4,4,4,4,4,4,76.75601196289063,74.32596588134766,74.31666564941406,75.18916320800781,67.4119644165039,76.2720947265625,78.671875,0,0,0,0,0,0,4.545454502105713,5,0,0,15.205239295959473,25769803776,0,17710120960,0
200,1790935058345,4,4,4,4,4,4,4,4,4,4,76.75601196289063,74.32596588134766,74.31666564941406,75.18916320800781,67.4119644165039,76.2720947265625,78.671875,4.761904716491699,0,0,0,0,0,0,5,0,0,15.205239295959473,25769803776,0,17710120960,0
204,1790935058546,4,4,4,4,4,4,4,4,4,4,76.75601196289063,74.32596588134766,74.31666564941406,75.18916320800781,67.4119644165039,76.2720947265625,78.671875,0,0,0,0,0,0,5,4.761904716491699,4.761904716491699,0,15.297730445861816,25769803776,0,17710333952,0
201,1790935058751,4,4,4,4,4,4,4,4,4,4,76.75601196289063,74.32596588134766,74.31666564941406,75.18916320800781,67.4119644165039,76.2720947265625,78.671875,9.090909004211426,9.090909004211426,0,0,0,0,4.761904716491699,5,0,0,15.297730445861816,25769803776,0,17710366720,0
204,1790935058953,4,4,4,4,4,4,4,4,4,4,76.75601196289063,74.32596588134766,74.31666564941406,75.18916320800781,67.4119644165039,76.2720947265625,78.671875,0,0,0,0,0,0,0,5,4.761904716491699,0,15.297730445861816,25769803776,0,17710366720,0
202,1790935059158,4,4,4,4,4,4,4,4,4,4,76.77693939208984,74.43413543701172,74.3275375366211,75.22444915771484,67.4038314819336,76.28961944580078,81.390625,0,0,0,0,0,0,0,4.761904716491699,0,0,15.297730445861816,25769803776,0,17710366720,0
204,1790935059360,4,4,4,4,4,4,4,4,4,4,76.77693939208984,74.43413543701172,74.3275375366211,75.22444915771484,67.4038314819336,76.28961944580078,81.390625,4.761904716491699,0,0,4.545454502105713,4.761904716491699,0,0,5.263157844543457,0,0,15.297730445861816,25769803776,0,17710366720,0
204,1790935059565,4,4,4,4,4,4,4,4,4,4,76.77693939208984,74.43413543701172,74.3275375366211,75.22444915771484,67.4038314819336,76.28961944580078,81.390625,5,4.761904716491699,4.761904716491699,0,0,0,0,9.090909004211426,0,0,15.259878158569336,25769803776,0,17710661632,0
204,1790935059770,4,4,4,4,4,4,4,4,4,4,76.77693939208984,74.43413543701172,74.3275375366211,75.22444915771484,67.4038314819336,76.28961944580078,81.390625,4.761904716491699,0,0,0,0,0,0,5,0,0,15.259878158569336,25769803776,0,17710710784,0
204,1790935059975,4,4,4,4,4,4,4,4,4,4,76.77693939208984,74.29569244384766,74.42232513427734,75.22444915771484,67.57901763916016,76.28961944580078,81.390625,0,4.545454502105713,4.761904716491699,0,0,0,0,9.523809432983398,0,0,15.259878158569336,25769803776,0,17710678016,0
200,1790935060180,4,4,4,4,4,4,4,4,4,4,76.78665924072266,74.29569244384766,74.42232513427734,75.18611145019531,67.57901763916016,76.30078125,78.671875,4.761904716491699,0,0,0,0,0,4.761904716491699,5,0,0,15.259878158569336,25769803776,0,17712758784,0
204,1790935060380,4,4,4,4,4,4,4,4,4,4,76.78665924072266,74.29569244384766,74.42232513427734,75.18611145019531,67.57901763916016,76.30078125,78.671875,0,0,0,0,0,0,0,0,0,0,15.259878158569336,25769803776,0,17710759936,0
204,1790935060585,4,4,4,4,4,4,4,4,4,4,76.78665924072266,74.29569244384766,74.42232513427734,75.18611145019531,67.57901763916016,76.30078125,78.671875,0,0,0,0,0,0,0,0,5,4.761904716491699,15.188445091247559,25769803776,0,17710825472,0
203,1790935060791,4,4,4,4,4,4,4,4,4,4,76.78665924072266,74.29569244384766,74.42232513427734,75.18611145019531,67.57901763916016,76.30078125,78.671875,14.285715103149414,4.761904716491699,5,0,0,0,0,9.523809432983398,0,0,15.188445091247559,25769803776,0,17711038464,0
204,1790935060994,4,4,4,4,4,4,4,4,4,4,76.92577362060547,74.2890853881836,74.23021697998047,75.23239135742188,67.2364273071289,76.49720764160156,79.140625,0,0,0,4.761904716491699,0,0,0,4.761904716491699,5,0,15.188445091247559,25769803776,0,17711038464,0
202,1790935061199,4,4,4,4,4,4,4,4,4,4,76.92577362060547,74.2890853881836,74.23021697998047,75.23239135742188,67.2364273071289,76.49720764160156,79.140625,9.523809432983398,4.761904716491699,0,0,0,0,4.761904716491699,9.523809432983398,0,0,15.188445091247559,25769803776,0,17711038464,0
204,1790935061401,4,4,4,4,4,4,4,4,4,4,76.92577362060547,74.2890853881836,74.23021697998047,75.23239135742188,67.2364273071289,76.49720764160156,79.140625,0,0,0,0,0,0,0,0,0,0,15.188445091247559,25769803776,0,17711038464,0
204,1790935061606,4,4,4,4,4,4,4,4,4,4,76.92577362060547,74.2890853881836,74.23021697998047,75.23239135742188,67.2364273071289,76.49720764160156,79.140625,4.761904716491699,0,0,0,0,0,0,5,0,0,15.184406280517578,25769803776,0,17711398912,0
204,1790935061811,4,4,4,4,4,4,4,4,4,4,76.92577362060547,74.2890853881836,74.23021697998047,75.23239135742188,67.2364273071289,76.49720764160156,79.140625,0,4.761904716491699,0,0,0,0,0,9.523809432983398,4.761904716491699,0,15.184406280517578,25769803776,0,17711120384,0
204,1790935062016,4,4,4,4,4,4,4,4,4,4,76.84679412841797,74.33206176757813,74.45001220703125,75.21753692626953,67.62838745117188,76.33427429199219,78.671875,0,0,0,0,0,0,0,5,0,0,15.184406280517578,25769803776,0,17711136768,0
204,1790935062221,4,4,4,4,4,4,4,4,4,4,76.84679412841797,74.33206176757813,74.45001220703125,75.21753692626953,67.62838745117188,76.33427429199219,78.671875,4.761904716491699,5,0,0,4.761904716491699,0,0,9.523809432983398,4.545454502105713,0,15.184406280517578,25769803776,0,17711038464,0
203,1790935062426,4,4,4,4,4,4,4,4,4,4,76.84679412841797,74.33206176757813,74.45001220703125,75.21753692626953,67.62838745117188,76.33427429199219,78.671875,0,0,0,0,0,0,0,5,0,0,15.184406280517578,25769803776,0,17711038464,0
204,1790935062630,4,4,4,4,4,4,4,4,4,4,76.84679412841797,74.33206176757813,74.45001220703125,75.21753692626953,67.62838745117188,76.33427429199219,78.671875,5,0,4.545454502105713,0,0,0,0,9.523809432983398,0,0,15.2212553024292,25769803776,0,17710727168,0
200,1790935062835,4,4,4,4,4,4,4,4,4,4,76.84679412841797,74.33206176757813,74.45001220703125,75.21753692626953,67.62838745117188,76.33427429199219,78.671875,4.545454502105713,0,4.761904716491699,0,0,0,4.545454502105713,4.761904716491699,0,0,15.2212553024292,25769803776,0,17710727168,0
200,1790935063036,4,4,4,4,4,4,4,4,4,4,76.8283462524414,74.30039978027344,74.31668853759766,75.21080780029297,67.40323638916016,76.33631134033203,78.671875,0,0,0,0,0,0,5.263157844543457,0,0,0,15.2212553024292,25769803776,0,17710923776,0
204,1790935063236,4,4,4,4,4,4,4,4,4,4,76.8283462524414,74.30039978027344,74.31668853759766,75.21080780029297,67.40323638916016,76.33631134033203,78.671875,4.761904716491699,4.761904716491699,0,0,0,0,5,0,0,0,15.2212553024292,25769803776,0,17710923776,0
204,1790935063441,4,4,4,4,4,4,4,4,4,4,76.8283462524414,74.30039978027344,74.31668853759766,75.21080780029297,67.40323638916016,76.33631134033203,78.671875,0,0,0,0,0,0,0,9.523809432983398,0,0,15.2212553024292,25769803776,0,17710923776,0
204,1790935063646,4,4,4,4,4,4,4,4,4,4,76.8283462524414,74.30039978027344,74.31668853759766,75.21080780029297,67.40323638916016,76.33631134033203,78.671875,0,0,0,0,0,0,4.545454502105713,5,0,0,15.140894889831543,25769803776,0,17710841856,0
204,1790935063851,4,4,4,4,4,4,4,4,4,4,76.8283462524414,74.30039978027344,74.31668853759766,75.21080780029297,67.40323638916016,76.33631134033203,78.671875,4.761904716491699,0,0,0,0,0,0,9.090909004211426,4.761904716491699,0,15.140894889831543,25769803776,0,17710841856,0
204,1790935064056,4,4,4,4,4,4,4,4,4,4,76.788818359375,74.54756927490234,74.30522155761719,75.19103240966797,67.31777954101563,76.31220245361328,78.671875,4.761904716491699,0,0,0,0,0,0,0,0,0,15.140894889831543,25769803776,0,17710841856,0
204,1790935064262,4,4,4,4,4,4,4,4,4,4,76.788818359375,74.54756927490234,74.30522155761719,75.19103240966797,67.31777954101563,76.31220245361328,78.671875,4.761904716491699,4.761904716491699,0,0,0,0,0,5,0,0,15.140894889831543,25769803776,0,17710841856,0
204,1790935064467,4,4,4,4,4,4,4,4,4,4,76.788818359375,74.54756927490234,74.30522155761719,75.19103240966797,67.31777954101563,76.31220245361328,78.671875,0,0,0,0,0,0,9.090909004211426,0,0,0,15.140894889831543,25769803776,0,17710841856,0
204,1790935064672,4,4,4,4,4,4,4,4,4,4,76.788818359375,74.54756927490234,74.30522155761719,75.19103240966797,67.31777954101563,76.31220245361328,78.671875,0,4.545454502105713,0,0,0,0,0,9.090909004211426,0,0,15.212191581726074,25769803776,0,17710923776,0
204,1790935064877,4,4,4,4,4,4,4,4,4,4,76.788818359375,74.54756927490234,74.30522155761719,75.19103240966797,67.31777954101563,76.31220245361328,78.671875,5,0,0,0,0,0,0,0,0,0,15.212191581726074,25769803776,0,17710923776,0
204,1790935065082,4,4,4,4,4,4,4,4,4,4,76.77195739746094,74.44108581542969,74.35624694824219,75.18898010253906,67.4196548461914,76.29672241210938,78.671875,0,0,0,0,0,0,0,9.523809432983398,0,0,15.212191581726074,25769803776,0,17710858240,0
204,1790935065287,4,4,4,4,4,4,4,4,4,4,76.77195739746094,74.44108581542969,74.35624694824219,75.18898010253906,67.4196548461914,76.29672241210938,78.671875,4.761904716491699,0,0,0,0,0,0,5,0,0,15.212191581726074,25769803776,0,17710858240,0
204,1790935065492,4,4,4,4,4,4,4,4,4,4,76.77195739746094,74.44108581542969,74.35624694824219,75.18898010253906,67.4196548461914,76.29672241210938,78.671875,4.761904716491699,4.761904716491699,0,0,0,0,0,9.523809432983398,0,0,15.083176612854004,25769803776,0,17710858240,0
200,1790935065697,4,4,4,4,4,4,4,4,4,4,76.77195739746094,74.44108581542969,74.35624694824219,75.18898010253906,67.4196548461914,76.29672241210938,78.671875,0,4.761904716491699,0,0,0,0,4.761904716491699,4.761904716491699,4.761904716491699,0,15.083176612854004,25769803776,0,17710809088,0
204,1790935065897,4,4,4,4,4,4,4,4,4,4,76.77195739746094,74.44108581542969,74.35624694824219,75.18898010253906,67.4196548461914,76.29672241210938,78.671875,4.761904716491699,0,4.761904716491699,0,0,9.090909004211426,0,0,4.761904716491699,0,15.083176612854004,25769803776,0,17710809088,0
204,1790935066102,4,4,4,4,4,4,4,4,4,4,76.75238800048828,74.32795715332031,74.32334899902344,75.19413757324219,67.41649627685547,76.2601547241211,78.671875,0,0,4.761904716491699,0,0,0,4.761904716491699,9.090909004211426,0,0,15.083176612854004,25769803776,0,17710661632,0
203,1790935066307,4,4,4,4,4,4,4,4,4,4,76.75238800048828,74.32795715332031,74.32334899902344,75.19413757324219,67.41649627685547,76.2601547241211,78.671875,5,0,0,0,0,0,0,5,0,0,15.083176612854004,25769803776,0,17710661632,0
200,1790935066511,4,4,4,4,4,4,4,4,4,4,76.75238800048828,74.32795715332031,74.32334899902344,75.19413757324219,67.41649627685547,76.2601547241211,78.671875,0,0,0,0,0,0,0,9.523809432983398,0,0,15.145915031433105,25769803776,0,17710661632,0
200,1790935066711,4,4,4,4,4,4,4,4,4,4,76.75238800048828,74.32795715332031,74.32334899902344,75.19413757324219,67.41649627685547,76.2601547241211,78.671875,0,0,0,0,0,0,0,5,0,0,15.145915031433105,25769803776,0,17710399488,0
204,1790935066912,4,4,4,4,4,4,4,4,4,4,76.75238800048828,74.32795715332031,74.32334899902344,75.19413757324219,67.41649627685547,76.2601547241211,78.671875,5,0,0,4.761904716491699,0,0,4.761904716491699,9.523809432983398,0,0,15.145915031433105,25769803776,0,17710399488,0
204,1790935067117,4,4,4,4,4,4,4,4,4,4,76.76813507080078,74.36580657958984,74.45222473144531,75.20182037353516,67.63529205322266,76.31025695800781,78.671875,0,0,0,0,0,0,0,0,0,0,15.145915031433105,25769803776,0,17710399488,0
204,1790935067322,4,4,4,4,4,4,4,4,4,4,76.76813507080078,74.36580657958984,74.45222473144531,75.20182037353516,67.63529205322266,76.31025695800781,78.671875,4.761904716491699,4.761904716491699,0,0,0,0,0,5,0,0,15.145915031433105,25769803776,0,17710399488,0
204,1790935067527,4,4,4,4,4,4,4,4,4,4,76.76813507080078,74.36580657958984,74.45222473144531,75.20182037353516,67.63529205322266,76.31025695800781,78.671875,0,0,0,0,0,0,0,9.090909004211426,4.761904716491699,0,15.128632545471191,25769803776,0,17710399488,0
200,1790935067732,4,4,4,4,4,4,4,4,4,4,76.76813507080078,74.36580657958984,74.45222473144531,75.20182037353516,67.63529205322266,76.31025695800781,78.671875,0,0,0,0,0,0,0,0,0,0,15.128632545471191,25769803776,0,17710170112,0
204,1790935067933,4,4,4,4,4,4,4,4,4,4,76.76813507080078,74.36580657958984,74.45222473144531,75.20182037353516,67.63529205322266,76.31025695800781,78.671875,4.761904716491699,0,0,0,0,0,4.761904716491699,5,0,0,15.128632545471191,25769803776,0,17710186496,0
204,1790935068138,4,4,4,4,4,4,4,4,4,4,76.75025939941406,74.3508529663086,74.42979431152344,75.16594696044922,67.56275939941406,76.26510620117188,78.671875,0,0,0,0,0,0,0,9.523809432983398,0,0,15.128632545471191,25769803776,0,17710202880,0
204,1790935068343,4,4,4,4,4,4,4,4,4,4,76.75025939941406,74.3508529663086,74.42979431152344,75.16594696044922,67.56275939941406,76.26510620117188,78.671875,4.761904716491699,0,0,0,0,0,0,4.761904716491699,0,0,15.128632545471191,25769803776,0,17710333952,0
204,1790935068548,4,4,4,4,4,4,4,4,4,4,76.75025939941406,74.3508529663086,74.42979431152344,75.16594696044922,67.56275939941406,76.26510620117188,78.671875,4.761904716491699,9.090909004211426,0,0,0,0,0,9.523809432983398,0,0,15.042576789855957,25769803776,0,17710333952,0
204,1790935068753,4,4,4,4,4,4,4,4,4,4,76.75025939941406,74.3508529663086,74.42979431152344,75.16594696044922,67.56275939941406,76.26510620117188,78.671875,0,0,0,0,0,0,4.761904716491699,5,0,0,15.042576789855957,25769803776,0,17710333952,0
204,1790935068958,4,4,4,4,4,4,4,4,4,4,76.75025939941406,74.3508529663086,74.42979431152344,75.16594696044922,67.56275939941406,76.26510620117188,78.671875,0,0,0,0,0,0,0,5,0,0,15.042576789855957,25769803776,0,17710333952,0
204,1790935069163,4,4,4,4,4,4,4,4,4,4,76.79444885253906,74.33654022216797,74.35774230957031,75.1904525756836,67.470703125,76.29756927490234,78.671875,4.761904716491699,0,0,0,0,0,0,5,0,0,15.042576789855957,25769803776,0,17710333952,0
204,1790935069368,4,4,4,4,4,4,4,4,4,4,76.79444885253906,74.33654022216797,74.35774230957031,75.1904525756836,67.470703125,76.29756927490234,78.671875,0,0,0,4.761904716491699,4.761904716491699,0,0,4.761904716491699,4.761904716491699,0,15.042576789855957,25769803776,0,17710333952,0
200,1790935069573,4,4,4,4,4,4,4,4,4,4,76.79444885253906,74.33654022216797,74.35774230957031,75.1904525756836,67.470703125,76.29756927490234,78.671875,4.761904716491699,0,4.761904716491699,0,0,0,0,9.523809432983398,0,0,15.062405586242676,25769803776,0,17710333952,0
204,1790935069774,4,4,4,4,4,4,4,4,4,4,76.79444885253906,74.33654022216797,74.35774230957031,75.1904525756836,67.470703125,76.29756927490234,78.671875,5,4.761904716491699,5,0,0,0,5,5,0,0,15.062405586242676,25769803776,0,17703878656,0
204,1790935069979,4,4,4,4,4,4,4,4,4,4,76.78831481933594,74.38872528076172,74.43074798583984,75.16899108886719,67.59252166748047,76.28077697753906,78.671875,5,0,0,0,0,0,4.545454502105713,5,4.761904716491699,0,15.062405586242676,25769803776,0,17703682048,0
202,1790935070184,4,4,4,4,4,4,4,4,4,4,76.78831481933594,74.38872528076172,74.43074798583984,75.16899108886719,67.59252166748047,76.28077697753906,78.671875,0,4.761904716491699,0,0,0,0,0,5,0,0,15.062405586242676,25769803776,0,17703682048,0
201,1790935070386,4,4,4,4,4,4,4,4,4,4,76.78831481933594,74.38872528076172,74.43074798583984,75.16899108886719,67.59252166748047,76.28077697753906,78.671875,4.761904716491699,0,0,0,0,0,0,5,0,0,15.062405586242676,25769803776,0,17703682048,0
204,1790935070587,4,4,4,4,4,4,4,4,4,4,76.78831481933594,74.38872528076172,74.43074798583984,75.16899108886719,67.59252166748047,76.28077697753906,78.671875,0,0,0,0,0,0,0,9.523809432983398,0,0,15.011773109436035,25769803776,0,17703682048,0
204,1790935070793,4,4,4,4,4,4,4,4,4,4,76.78831481933594,74.38872528076172,74.43074798583984,75.16899108886719,67.59252166748047,76.28077697753906,78.671875,5,0,0,0,0,0,0,5,0,0,15.011773109436035,25769803776,0,17703813120,0
204,1790935070997,4,4,4,4,4,4,4,4,4,4,76.798583984375,74.2848892211914,74.30843353271484,75.16730499267578,67.38069152832031,76.31930541992188,78.671875,0,4.761904716491699,0,0,0,0,0,0,0,0,15.011773109436035,25769803776,0,17705680896,0
203,1790935071203,4,4,4,4,4,4,4,4,4,4,76.798583984375,74.2848892211914,74.30843353271484,75.16730499267578,67.38069152832031,76.31930541992188,78.671875,4.761904716491699,0,0,0,0,0,4.545454502105713,9.090909004211426,4.761904716491699,0,15.011773109436035,25769803776,0,17703829504,0
204,1790935071406,4,4,4,4,4,4,4,4,4,4,76.798583984375,74.2848892211914,74.30843353271484,75.16730499267578,67.38069152832031,76.31930541992188,78.671875,4.761904716491699,0,0,0,0,0,0,5,0,0,15.011773109436035,25769803776,0,17703829504,0
204,1790935071611,4,4,4,4,4,4,4,4,4,4,76.798583984375,74.2848892211914,74.30843353271484,75.16730499267578,67.38069152832031,76.31930541992188,78.671875,15.000000953674316,5,4.761904716491699,0,4.761904716491699,0,4.761904716491699,9.523809432983398,0,0,15.06411075592041,25769803776,0,17703829504,0
204,1790935071816,4,4,4,4,4,4,4,4,4,4,76.798583984375,74.2848892211914,74.30843353271484,75.16730499267578,67.38069152832031,76.31930541992188,78.671875,10,5,0,0,0,0,0,5,0,0,15.06411075592041,25769803776,0,17704615936,0
204,1790935072021,4,4,4,4,4,4,4,4,4,4,76.90850067138672,74.42289733886719,74.47734069824219,75.20835876464844,67.6738052368164,76.50816345214844,81.390625,4.761904716491699,4.761904716491699,4.761904716491699,14.285715103149414,0,0,0,9.523809432983398,33.333335876464844,0,15.06411075592041,25769803776,0,17704910848,0
204,1790935072226,4,4,4,4,4,4,4,4,4,4,76.90850067138672,74.42289733886719,74.47734069824219,75.20835876464844,67.6738052368164,76.50816345214844,81.390625,5.263157844543457,71.42857360839844,0,4.761904716491699,0,0,0,5,0,0,15.06411075592041,25769803776,0,17705189376,0
204,1790935072431,4,4,4,4,4,4,4,4,4,4,76.90850067138672,74.42289733886719,74.47734069824219,75.20835876464844,67.6738052368164,76.50816345214844,81.390625,13.636363983154297,0,4.761904716491699,0,0,0,0,5,0,0,15.06411075592041,25769803776,0,17705189376,0
204,1790935072636,4,4,4,4,4,4,4,4,4,4,76.90850067138672,74.42289733886719,74.47734069824219,75.20835876464844,67.6738052368164,76.50816345214844,81.390625,5,5,0,0,0,0,4.545454502105713,5,0,0,15.082695960998535,25769803776,0,17704861696,0
204,1790935072841,4,4,4,4,4,4,4,4,4,4,76.90850067138672,74.42289733886719,74.47734069824219,75.20835876464844,67.6738052368164,76.50816345214844,81.390625,5,0,4.545454502105713,0,0,0,0,9.523809432983398,4.761904716491699,0,15.082695960998535,25769803776,0,17704861696,0
201,1790935073046,4,4,4,4,4,4,4,4,4,4,77.29705047607422,74.5812759399414,74.64012908935547,75.45097351074219,67.87730407714844,77.01512908935547,84.203125,4.761904716491699,4.761904716491699,0,0,0,0,0,4.761904716491699,0,0,15.082695960998535,25769803776,0,17705238528,0
204,1790935073248,4,4,4,4,4,4,4,4,4,4,77.29705047607422,74.5812759399414,74.64012908935547,75.45097351074219,67.87730407714844,77.01512908935547,84.203125,20,5,5,4.761904716491699,0,0,4.761904716491699,9.523809432983398,0,0,15.082695960998535,25769803776,0,17711005696,0
204,1790935073453,4,4,4,4,4,4,4,4,4,4,77.29705047607422,74.5812759399414,74.64012908935547,75.45097351074219,67.87730407714844,77.01512908935547,84.203125,10,4.761904716491699,0,0,0,0,0,5,4.761904716491699,0,15.082695960998535,25769803776,0,17712152576,0
204,1790935073658,4,4,4,4,4,4,4,4,4,4,77.29705047607422,74.5812759399414,74.64012908935547,75.45097351074219,67.87730407714844,77.01512908935547,84.203125,9.523809432983398,0,0,0,0,0,0,0,0,0,14.83956241607666,25769803776,0,17712201728,0
204,1790935073863,4,4,4,4,4,4,4,4,4,4,77.29705047607422,74.5812759399414,74.64012908935547,75.45097351074219,67.87730407714844,77.01512908935547,84.203125,0,0,0,0,0,0,0,9.523809432983398,4.761904716491699,0,14.83956241607666,25769803776,0,17712201728,0
204,1790935074068,4,4,4,4,4,4,4,4,4,4,76.8800277709961,74.40238952636719,74.33808135986328,75.23711395263672,67.43914794921875,76.43060302734375,78.671875,0,0,0,0,0,0,0,4.761904716491699,0,0,14.83956241607666,25769803776,0,17712201728,0
204,1790935074273,4,4,4,4,4,4,4,4,4,4,76.8800277709961,74.40238952636719,74.33808135986328,75.23711395263672,67.43914794921875,76.43060302734375,78.671875,4.761904716491699,0,0,0,0,0,0,9.523809432983398,0,0,14.83956241607666,25769803776,0,17712250880,0
202,1790935074478,4,4,4,4,4,4,4,4,4,4,76.8800277709961,74.40238952636719,74.33808135986328,75.23711395263672,67.43914794921875,76.43060302734375,78.671875,0,0,0,0,0,0,0,5,0,0,14.83956241607666,25769803776,0,17712168960,0
204,1790935074681,4,4,4,4,4,4,4,4,4,4,76.8800277709961,74.40238952636719,74.33808135986328,75.23711395263672,67.43914794921875,76.43060302734375,78.671875,0,4.761904716491699,0,0,0,0,0,0,0,0,15.337738990783691,25769803776,0,17712119808,0
204,1790935074886,4,4,4,4,4,4,4,4,4,4,76.8800277709961,74.40238952636719,74.33808135986328,75.23711395263672,67.43914794921875,76.43060302734375,78.671875,4.761904716491699,4.545454502105713,0,0,0,0,9.523809432983398,0,0,4.761904716491699,15.337738990783691,25769803776,0,17712234496,0
204,1790935075091,4,4,4,4,4,4,4,4,4,4,76.72811889648438,74.42601776123047,74.35391998291016,75.12350463867188,67.42694854736328,76.28396606445313,78.671875,0,0,4.761904716491699,0,0,0,0,9.090909004211426,4.761904716491699,0,15.337738990783691,25769803776,0,17712234496,0
204,1790935075296,4,4,4,4,4,4,4,4,4,4,76.72811889648438,74.42601776123047,74.35391998291016,75.12350463867188,67.42694854736328,76.28396606445313,78.671875,4.761904716491699,0,0,0,0,0,4.761904716491699,0,0,0,15.337738990783691,25769803776,0,17712218112,0
204,1790935075501,4,4,4,4,4,4,4,4,4,4,76.72811889648438,74.42601776123047,74.35391998291016,75.12350463867188,67.42694854736328,76.28396606445313,78.671875,0,0,0,0,0,0,0,9.523809432983398,0,0,14.938068389892578,25769803776,0,17712218112,0
204,1790935075706,4,4,4,4,4,4,4,4,4,4,76.72811889648438,74.42601776123047,74.35391998291016,75.12350463867188,67.42694854736328,76.28396606445313,78.671875,4.761904716491699,0,0,0,0,0,0,5,0,4.761904716491699,14.938068389892578,25769803776,0,17712218112,0
204,1790935075911,4,4,4,4,4,4,4,4,4,4,76.72811889648438,74.42601776123047,74.35391998291016,75.12350463867188,67.42694854736328,76.28396606445313,78.671875,5,0,0,0,0,0,0,4.761904716491699,0,0,14.938068389892578,25769803776,0,17712283648,0
204,1790935076116,4,4,4,4,4,4,4,4,4,4,76.69691467285156,74.22032165527344,74.29883575439453,75.1742935180664,67.36156463623047,76.2195053100586,83.15625,0,0,0,0,0,0,0,5,0,0,14.938068389892578,25769803776,0,17712267264,0
204,1790935076321,4,4,4,4,4,4,4,4,4,4,76.69691467285156,74.22032165527344,74.29883575439453,75.1742935180664,67.36156463623047,76.2195053100586,83.15625,4.761904716491699,0,0,0,0,0,0,5,0,0,14.938068389892578,25769803776,0,17712267264,0
204,1790935076526,4,4,4,4,4,4,4,4,4,4,76.69691467285156,74.22032165527344,74.29883575439453,75.1742935180664,67.36156463623047,76.2195053100586,83.15625,0,4.761904716491699,0,0,0,0,0,9.090909004211426,0,0,14.862874031066895,25769803776,0,17712234496,0
204,1790935076731,4,4,4,4,4,4,4,4,4,4,76.69691467285156,74.22032165527344,74.29883575439453,75.1742935180664,67.36156463623047,76.2195053100586,83.15625,9.523809432983398,5,4.761904716491699,0,9.090909004211426,0,0,5,4.545454502105713,0,14.862874031066895,25769803776,0,17712152576,0
203,1790935076936,4,4,4,4,4,4,4,4,4,4,76.69691467285156,74.22032165527344,74.29883575439453,75.1742935180664,67.36156463623047,76.2195053100586,83.15625,0,0,0,0,0,0,4.761904716491699,9.523809432983398,0,0,14.862874031066895,25769803776,0,17712152576,0
200,1790935077140,4,4,4,4,4,4,4,4,4,4,76.69501495361328,74.329345703125,74.43437194824219,75.1162338256836,67.60649108886719,76.21097564697266,78.4375,0,0,0,0,0,0,0,5,0,0,14.862874031066895,25769803776,0,17712168960,0
204,1790935077340,4,4,4,4,4,4,4,4,4,4,76.69501495361328,74.329345703125,74.43437194824219,75.1162338256836,67.60649108886719,76.21097564697266,78.4375,5,5,0,0,0,0,4.761904716491699,0,0,0,14.862874031066895,25769803776,0,17712168960,0
204,1790935077545,4,4,4,4,4,4,4,4,4,4,76.69501495361328,74.329345703125,74.43437194824219,75.1162338256836,67.60649108886719,76.21097564697266,78.4375,0,0,0,0,0,0,0,9.523809432983398,0,0,14.990592956542969,25769803776,0,17712168960,0
204,1790935077750,4,4,4,4,4,4,4,4,4,4,76.69501495361328,74.329345703125,74.43437194824219,75.1162338256836,67.60649108886719,76.21097564697266,78.4375,4.761904716491699,0,0,0,0,0,0,5,0,0,14.990592956542969,25769803776,0,17712168960,0
204,1790935077955,4,4,4,4,4,4,4,4,4,4,76.69501495361328,74.329345703125,74.43437194824219,75.1162338256836,67.60649108886719,76.21097564697266,78.4375,0,0,0,0,0,0,0,9.523809432983398,0,0,14.990592956542969,25769803776,0,17712644096,0
204,1790935078160,4,4,4,4,4,4,4,4,4,4,76.67897033691406,74.29727935791016,74.42977142333984,75.04730224609375,67.579345703125,76.21131134033203,78.4375,0,0,4.761904716491699,0,0,0,0,5,0,0,14.990592956542969,25769803776,0,17712414720,0
202,1790935078365,4,4,4,4,4,4,4,4,4,4,76.67897033691406,74.29727935791016,74.42977142333984,75.04730224609375,67.579345703125,76.21131134033203,78.4375,0,0,0,0,0,0,4.545454502105713,0,0,0,14.990592956542969,25769803776,0,17712726016,0
200,1790935078568,4,4,4,4,4,4,4,4,4,4,76.67897033691406,74.29727935791016,74.42977142333984,75.04730224609375,67.579345703125,76.21131134033203,78.4375,5,0,0,0,0,0,0,9.523809432983398,9.090909004211426,0,14.921671867370605,25769803776,0,17712414720,0
204,1790935078768,4,4,4,4,4,4,4,4,4,4,76.67897033691406,74.29727935791016,74.42977142333984,75.04730224609375,67.579345703125,76.21131134033203,78.4375,5,5,0,0,0,0,0,5.263157844543457,0,0,14.921671867370605,25769803776,0,17712414720,0
201,1790935078973,4,4,4,4,4,4,4,4,4,4,76.67897033691406,74.29727935791016,74.42977142333984,75.04730224609375,67.579345703125,76.21131134033203,78.4375,4.761904716491699,4.761904716491699,0,0,0,0,0,9.090909004211426,0,0,14.921671867370605,25769803776,0,17711972352,0
200,1790935079175,4,4,4,4,4,4,4,4,4,4,76.64897155761719,74.24436950683594,74.28919219970703,75.01673126220703,67.38162231445313,76.17672729492188,78.4375,0,0,0,0,0,0,10,0,0,0,14.921671867370605,25769803776,0,17711874048,0
204,1790935079376,4,4,4,4,4,4,4,4,4,4,76.64897155761719,74.24436950683594,74.28919219970703,75.01673126220703,67.38162231445313,76.17672729492188,78.4375,5,0,0,4.761904716491699,0,0,0,5,0,0,14.921671867370605,25769803776,0,17711988736,0
204,1790935079581,4,4,4,4,4,4,4,4,4,4,76.64897155761719,74.24436950683594,74.28919219970703,75.01673126220703,67.38162231445313,76.17672729492188,78.4375,0,4.761904716491699,0,0,0,0,0,9.090909004211426,0,0,14.892001152038574,25769803776,0,17711972352,0
204,1790935079786,4,4,4,4,4,4,4,4,4,4,76.64897155761719,74.24436950683594,74.28919219970703,75.01673126220703,67.38162231445313,76.17672729492188,78.4375,0,0,0,0,0,0,0,0,0,0,14.892001152038574,25769803776,0,17711972352,0
204,1790935079991,4,4,4,4,4,4,4,4,4,4,76.63307189941406,74.4011001586914,74.3116683959961,74.9684829711914,67.39031219482422,76.14659881591797,78.4375,9.090909004211426,0,0,0,0,0,0,5,0,0,14.892001152038574,25769803776,0,17711874048,0
200,1790935080196,4,4,4,4,4,4,4,4,4,4,76.63307189941406,74.4011001586914,74.3116683959961,74.9684829711914,67.39031219482422,76.14659881591797,78.4375,0,0,4.761904716491699,4.761904716491699,0,0,0,9.523809432983398,4.761904716491699,0,14.892001152038574,25769803776,0,17712152576,0
204,1790935080397,4,4,4,4,4,4,4,4,4,4,76.63307189941406,74.4011001586914,74.3116683959961,74.9684829711914,67.39031219482422,76.14659881591797,78.4375,4.761904716491699,0,0,0,0,0,0,5,0,0,14.892001152038574,25769803776,0,17712152576,0
202,1790935080602,4,4,4,4,4,4,4,4,4,4,76.63307189941406,74.4011001586914,74.3116683959961,74.9684829711914,67.39031219482422,76.14659881591797,78.4375,0,0,0,0,0,0,4.545454502105713,9.523809432983398,0,0,14.88444995880127,25769803776,0,17712152576,0
204,1790935080804,4,4,4,4,4,4,4,4,4,4,76.63307189941406,74.4011001586914,74.3116683959961,74.9684829711914,67.39031219482422,76.14659881591797,78.4375,5,4.761904716491699,0,0,0,0,0,5,0,0,14.88444995880127,25769803776,0,17712152576,0
204,1790935081009,4,4,4,4,4,4,4,4,4,4,76.64936065673828,74.20149230957031,74.31101989746094,74.96153259277344,67.44955444335938,76.1626968383789,78.4375,0,0,0,0,0,0,4.545454502105713,5,0,0,14.88444995880127,25769803776,0,17712250880,0
204,1790935081214,4,4,4,4,4,4,4,4,4,4,76.64936065673828,74.20149230957031,74.31101989746094,74.96153259277344,67.44955444335938,76.1626968383789,78.4375,4.761904716491699,4.761904716491699,0,0,0,0,5,0,0,0,14.88444995880127,25769803776,0,17712250880,0
204,1790935081419,4,4,4,4,4,4,4,4,4,4,76.64936065673828,74.20149230957031,74.31101989746094,74.96153259277344,67.44955444335938,76.1626968383789,78.4375,4.761904716491699,0,0,0,0,0,0,9.523809432983398,0,0,14.88444995880127,25769803776,0,17712250880,0
201,1790935081624,4,4,4,4,4,4,4,4,4,4,76.64936065673828,74.20149230957031,74.31101989746094,74.96153259277344,67.44955444335938,76.1626968383789,78.4375,0,0,4.761904716491699,0,0,0,0,0,0,0,14.724518775939941,25769803776,0,17714135040,0
204,1790935081826,4,4,4,4,4,4,4,4,4,4,76.64936065673828,74.20149230957031,74.31101989746094,74.96153259277344,67.44955444335938,76.1626968383789,78.4375,9.523809432983398,4.761904716491699,0,0,0,0,0,4.761904716491699,0,0,14.724518775939941,25769803776,0,17712300032,0
204,1790935082031,4,4,4,4,4,4,4,4,4,4,76.6336441040039,74.3515396118164,74.2472152709961,74.93492126464844,67.22148895263672,76.12748718261719,78.4375,0,4.761904716491699,0,0,0,0,0,9.523809432983398,9.090909004211426,0,14.724518775939941,25769803776,0,17712300032,0
204,1790935082236,4,4,4,4,4,4,4,4,4,4,76.6336441040039,74.3515396118164,74.2472152709961,74.93492126464844,67.22148895263672,76.12748718261719,78.4375,9.523809432983398,0,0,0,0,0,0,5,0,0,14.724518775939941,25769803776,0,17712283648,0
204,1790935082440,4,4,4,4,4,4,4,4,4,4,76.6336441040039,74.3515396118164,74.2472152709961,74.93492126464844,67.22148895263672,76.12748718261719,78.4375,0,0,0,0,0,0,4.761904716491699,5,0,0,14.724518775939941,25769803776,0,17711677440,0
204,1790935082645,4,4,4,4,4,4,4,4,4,4,76.6336441040039,74.3515396118164,74.2472152709961,74.93492126464844,67.22148895263672,76.12748718261719,78.4375,0,0,4.761904716491699,0,0,0,4.761904716491699,4.761904716491699,0,0,14.86847972869873,25769803776,0,17711677440,0
204,1790935082850,4,4,4,4,4,4,4,4,4,4,76.6336441040039,74.3515396118164,74.2472152709961,74.93492126464844,67.22148895263672,76.12748718261719,78.4375,9.090909004211426,0,0,0,0,0,5,0,0,0,14.86847972869873,25769803776,0,17711677440,0
204,1790935083055,4,4,4,4,4,4,4,4,4,4,76.59798431396484,74.50818634033203,74.09908294677734,74.89179229736328,67.0001220703125,76.10881042480469,78.4375,0,4.761904716491699,0,0,0,0,9.523809432983398,0,0,0,14.86847972869873,25769803776,0,17711644672,0
204,1790935083260,4,4,4,4,4,4,4,4,4,4,76.59798431396484,74.50818634033203,74.09908294677734,74.89179229736328,67.0001220703125,76.10881042480469,78.4375,4.761904716491699,4.761904716491699,0,0,0,0,5,0,4.545454502105713,0,14.86847972869873,25769803776,0,17711644672,0
204,1790935083465,4,4,4,4,4,4,4,4,4,4,76.59798431396484,74.50818634033203,74.09908294677734,74.89179229736328,67.0001220703125,76.10881042480469,78.4375,0,0,0,0,0,0,9.523809432983398,0,0,0,14.86847972869873,25769803776,0,17711644672,0
204,1790935083670,4,4,4,4,4,4,4,4,4,4,76.59798431396484,74.50818634033203,74.09908294677734,74.89179229736328,67.0001220703125,76.10881042480469,78.4375,0,0,0,0,0,0,5,0,0,0,14.812950134277344,25769803776,0,17711611904,0
200,1790935083875,4,4,4,4,4,4,4,4,4,4,76.59798431396484,74.50818634033203,74.09908294677734,74.89179229736328,67.0001220703125,76.10881042480469,78.4375,4.761904716491699,0,0,0,0,0,0,0,0,0,14.812950134277344,25769803776,0,17711579136,0
204,1790935084076,4,4,4,4,4,4,4,4,4,4,76.56747436523438,74.57688903808594,73.8637466430664,74.8226547241211,66.57354736328125,76.07233428955078,78.4375,0,0,0,0,4.761904716491699,0,9.523809432983398,0,0,0,14.812950134277344,25769803776,0,17711579136,0
204,1790935084281,4,4,4,4,4,4,4,4,4,4,76.56747436523438,74.57688903808594,73.8637466430664,74.8226547241211,66.57354736328125,76.07233428955078,78.4375,4.761904716491699,0,0,0,4.761904716491699,0,5,4.545454502105713,0,0,14.812950134277344,25769803776,0,17711579136,0
204,1790935084486,4,4,4,4,4,4,4,4,4,4,76.56747436523438,74.57688903808594,73.8637466430664,74.8226547241211,66.57354736328125,76.07233428955078,78.4375,0,4.761904716491699,0,4.761904716491699,0,0,4.761904716491699,5,0,0,14.862908363342285,25769803776,0,17711480832,0
204,1790935084691,4,4,4,4,4,4,4,4,4,4,76.56747436523438,74.57688903808594,73.8637466430664,74.8226547241211,66.57354736328125,76.07233428955078,78.4375,4.761904716491699,0,0,0,0,0,5,0,0,0,14.862908363342285,25769803776,0,17711480832,0
204,1790935084896,4,4,4,4,4,4,4,4,4,4,76.56747436523438,74.57688903808594,73.8637466430664,74.8226547241211,66.57354736328125,76.07233428955078,78.4375,4.761904716491699,4.761904716491699,0,0,0,0,5,0,0,0,14.862908363342285,25769803776,0,17711480832,0
204,1790935085101,4,4,4,4,4,4,4,4,4,4,76.5696792602539,74.60954284667969,73.97574615478516,74.79075622558594,66.7806625366211,76.03961944580078,78.4375,0,0,4.761904716491699,0,0,0,9.523809432983398,4.545454502105713,4.761904716491699,4.761904716491699,14.862908363342285,25769803776,0,17711480832,0
204,1790935085306,4,4,4,4,4,4,4,4,4,4,76.5696792602539,74.60954284667969,73.97574615478516,74.79075622558594,66.7806625366211,76.03961944580078,78.4375,4.761904716491699,0,4.545454502105713,0,0,0,5,0,0,0,14.862908363342285,25769803776,0,17711480832,0
201,1790935085511,4,4,4,4,4,4,4,4,4,4,76.5696792602539,74.60954284667969,73.97574615478516,74.79075622558594,66.7806625366211,76.03961944580078,78.4375,0,0,0,0,0,0,0,0,0,0,14.7069673538208,25769803776,0,17711480832,0
204,1790935085712,4,4,4,4,4,4,4,4,4,4,76.5696792602539,74.60954284667969,73.97574615478516,74.79075622558594,66.7806625366211,76.03961944580078,78.4375,0,4.761904716491699,0,0,0,0,9.523809432983398,0,0,0,14.7069673538208,25769803776,0,17711480832,0
204,1790935085918,4,4,4,4,4,4,4,4,4,4,76.5696792602539,74.60954284667969,73.97574615478516,74.79075622558594,66.7806625366211,76.03961944580078,78.4375,4.761904716491699,0,0,0,0,0,5,0,4.761904716491699,0,14.7069673538208,25769803776,0,17711480832,0
204,1790935086123,4,4,4,4,4,4,4,4,4,4,76.49279022216797,74.65991973876953,73.84480285644531,74.74003601074219,66.54752349853516,75.94308471679688,79.140625,0,0,0,0,0,0,5,0,0,0,14.7069673538208,25769803776,0,17711333376,0
204,1790935086327,4,4,4,4,4,4,4,4,4,4,76.49279022216797,74.65991973876953,73.84480285644531,74.74003601074219,66.54752349853516,75.94308471679688,79.140625,0,0,0,4.761904716491699,0,0,5,0,0,0,14.7069673538208,25769803776,0,17711316992,0
204,1790935086532,4,4,4,4,4,4,4,4,4,4,76.49279022216797,74.65991973876953,73.84480285644531,74.74003601074219,66.54752349853516,75.94308471679688,79.140625,4.761904716491699,0,0,0,0,0,9.523809432983398,0,0,0,14.664315223693848,25769803776,0,17711316992,0
204,1790935086737,4,4,4,4,4,4,4,4,4,4,76.49279022216797,74.65991973876953,73.84480285644531,74.74003601074219,66.54752349853516,75.94308471679688,79.140625,0,0,0,0,0,0,5,4.545454502105713,0,0,14.664315223693848,25769803776,0,17711316992,0
204,1790935086942,4,4,4,4,4,4,4,4,4,4,76.49279022216797,74.65991973876953,73.84480285644531,74.74003601074219,66.54752349853516,75.94308471679688,79.140625,0,0,0,0,0,0,4.761904716491699,4.761904716491699,0,0,14.664315223693848,25769803776,0,17711316992,0
204,1790935087147,4,4,4,4,4,4,4,4,4,4,76.50562286376953,74.52349853515625,73.83557891845703,74.71027374267578,66.5376968383789,75.99401092529297,78.203125,5,0,0,0,0,0,9.523809432983398,0,4.761904716491699,0,14.664315223693848,25769803776,0,17711284224,0
203,1790935087352,4,4,4,4,4,4,4,4,4,4,76.50562286376953,74.52349853515625,73.83557891845703,74.71027374267578,66.5376968383789,75.99401092529297,78.203125,4.761904716491699,9.090909004211426,0,0,0,0,5,0,0,0,14.664315223693848,25769803776,0,17711382528,0
200,1790935087555,4,4,4,4,4,4,4,4,4,4,76.50562286376953,74.52349853515625,73.83557891845703,74.71027374267578,66.5376968383789,75.99401092529297,78.203125,4.761904716491699,0,0,0,0,0,5,0,0,0,14.673992156982422,25769803776,0,17711382528,0
200,1790935087756,4,4,4,4,4,4,4,4,4,4,76.50562286376953,74.52349853515625,73.83557891845703,74.71027374267578,66.5376968383789,75.99401092529297,78.203125,0,0,0,0,0,0,5,0,0,0,14.673992156982422,25769803776,0,17711382528,0
200,1790935087957,4,4,4,4,4,4,4,4,4,4,76.50562286376953,74.52349853515625,73.83557891845703,74.71027374267578,66.5376968383789,75.99401092529297,78.203125,0,0,0,0,0,0,5,0,0,0,14.673992156982422,25769803776,0,17711382528,0
204,1790935088157,4,4,4,4,4,4,4,4,4,4,76.50872039794922,74.62635803222656,73.84310150146484,74.70469665527344,66.53801727294922,75.9788589477539,78.203125,10,0,5,0,0,4.761904716491699,0,5,0,0,14.673992156982422,25769803776,0,17711955968,0
204,1790935088362,4,4,4,4,4,4,4,4,4,4,76.50872039794922,74.62635803222656,73.84310150146484,74.70469665527344,66.53801727294922,75.9788589477539,78.203125,4.761904716491699,0,0,0,0,0,9.523809432983398,4.761904716491699,0,0,14.673992156982422,25769803776,0,17711955968,0
204,1790935088567,4,4,4,4,4,4,4,4,4,4,76.50872039794922,74.62635803222656,73.84310150146484,74.70469665527344,66.53801727294922,75.9788589477539,78.203125,0,4.761904716491699,4.761904716491699,0,0,0,5,0,0,0,14.715240478515625,25769803776,0,17711955968,0
204,1790935088772,4,4,4,4,4,4,4,4,4,4,76.50872039794922,74.62635803222656,73.84310150146484,74.70469665527344,66.53801727294922,75.9788589477539,78.203125,4.761904716491699,4.761904716491699,0,0,0,0,9.523809432983398,0,0,0,14.715240478515625,25769803776,0,17711955968,0
204,1790935088977,4,4,4,4,4,4,4,4,4,4,76.45059204101563,74.40478515625,73.90263366699219,74.68846130371094,66.7054443359375,75.90363311767578,81.15625,0,0,0,0,0,0,0,4.761904716491699,8.69565200805664,0,14.715240478515625,25769803776,0,17711955968,0
202,1790935089182,4,4,4,4,4,4,4,4,4,4,76.45059204101563,74.40478515625,73.90263366699219,74.68846130371094,66.7054443359375,75.90363311767578,81.15625,0,0,0,0,0,4.761904716491699,4.761904716491699,0,0,0,14.715240478515625,25769803776,0,17712021504,0
204,1790935089385,4,4,4,4,4,4,4,4,4,4,76.45059204101563,74.40478515625,73.90263366699219,74.68846130371094,66.7054443359375,75.90363311767578,81.15625,9.090909004211426,0,0,0,0,0,9.523809432983398,0,0,0,14.715240478515625,25769803776,0,17712054272,0
204,1790935089590,4,4,4,4,4,4,4,4,4,4,76.45059204101563,74.40478515625,73.90263366699219,74.68846130371094,66.7054443359375,75.90363311767578,81.15625,0,0,0,0,0,0,5,0,0,0,14.554636001586914,25769803776,0,17712070656,0
204,1790935089795,4,4,4,4,4,4,4,4,4,4,76.45059204101563,74.40478515625,73.90263366699219,74.68846130371094,66.7054443359375,75.90363311767578,81.15625,5,4.545454502105713,0,0,0,0,5,0,0,0,14.554636001586914,25769803776,0,17712087040,0
204,1790935090000,4,4,4,4,4,4,4,4,4,4,76.42709350585938,74.61053466796875,73.83865356445313,74.60620880126953,66.54853820800781,75.86358642578125,78.203125,0,0,0,0,0,0,5,0,0,0,14.554636001586914,25769803776,0,17712087040,0
204,1790935090205,4,4,4,4,4,4,4,4,4,4,76.42709350585938,74.61053466796875,73.83865356445313,74.60620880126953,66.54853820800781,75.86358642578125,78.203125,4.761904716491699,0,0,0,4.545454502105713,0,5,4.761904716491699,0,0,14.554636001586914,25769803776,0,17712087040,0
204,1790935090410,4,4,4,4,4,4,4,4,4,4,76.42709350585938,74.61053466796875,73.83865356445313,74.60620880126953,66.54853820800781,75.86358642578125,78.203125,0,0,0,4.545454502105713,0,0,9.523809432983398,4.761904716491699,0,0,14.554636001586914,25769803776,0,17712087040,0
204,1790935090615,4,4,4,4,4,4,4,4,4,4,76.42709350585938,74.61053466796875,73.83865356445313,74.60620880126953,66.54853820800781,75.86358642578125,78.203125,14.285715103149414,14.285715103149414,5,0,0,0,9.523809432983398,5,4.761904716491699,0,14.705004692077637,25769803776,0,17730224128,0
204,1790935090820,4,4,4,4,4,4,4,4,4,4,76.42709350585938,74.61053466796875,73.83865356445313,74.60620880126953,66.54853820800781,75.86358642578125,78.203125,10,9.523809432983398,4.761904716491699,5,4.545454502105713,0,5,0,0,0,14.705004692077637,25769803776,0,17730240512,0
204,1790935091025,4,4,4,4,4,4,4,4,4,4,76.46952819824219,74.72162628173828,73.99246215820313,74.69995880126953,66.75505065917969,75.93737030029297,79.96875,9.523809432983398,0,0,0,0,0,9.523809432983398,0,0,0,14.705004692077637,25769803776,0,17730240512,0
203,1790935091230,4,4,4,4,4,4,4,4,4,4,76.46952819824219,74.72162628173828,73.99246215820313,74.69995880126953,66.75505065917969,75.93737030029297,79.96875,5,4.761904716491699,0,0,0,0,4.761904716491699,4.761904716491699,0,0,14.705004692077637,25769803776,0,17730256896,0
200,1790935091434,4,4,4,4,4,4,4,4,4,4,76.46952819824219,74.72162628173828,73.99246215820313,74.69995880126953,66.75505065917969,75.93737030029297,79.96875,5,5,4.761904716491699,0,0,0,0,0,0,0,14.705004692077637,25769803776,0,17730240512,0
200,1790935091634,4,4,4,4,4,4,4,4,4,4,76.46952819824219,74.72162628173828,73.99246215820313,74.69995880126953,66.75505065917969,75.93737030029297,79.96875,5,0,0,0,0,0,9.523809432983398,5.263157844543457,0,0,14.564203262329102,25769803776,0,17730371584,0
204,1790935091835,4,4,4,4,4,4,4,4,4,4,76.46952819824219,74.72162628173828,73.99246215820313,74.69995880126953,66.75505065917969,75.93737030029297,79.96875,5,4.761904716491699,0,0,0,0,5,0,0,0,14.564203262329102,25769803776,0,17730732032,0
202,1790935092040,4,4,4,4,4,4,4,4,4,4,76.3195571899414,74.3624267578125,73.85498809814453,74.5068359375,66.65583038330078,75.75141143798828,78.4375,0,0,4.761904716491699,0,0,0,0,4.545454502105713,0,0,14.564203262329102,25769803776,0,17730633728,0
204,1790935092242,4,4,4,4,4,4,4,4,4,4,76.3195571899414,74.3624267578125,73.85498809814453,74.5068359375,66.65583038330078,75.75141143798828,78.4375,4.761904716491699,4.761904716491699,0,0,0,0,9.523809432983398,0,0,0,14.564203262329102,25769803776,0,17730486272,0
200,1790935092447,4,4,4,4,4,4,4,4,4,4,76.3195571899414,74.3624267578125,73.85498809814453,74.5068359375,66.65583038330078,75.75141143798828,78.4375,0,0,0,0,0,0,0,0,0,0,14.564203262329102,25769803776,0,17732009984,0
204,1790935092648,4,4,4,4,4,4,4,4,4,4,76.3195571899414,74.3624267578125,73.85498809814453,74.5068359375,66.65583038330078,75.75141143798828,78.4375,4.761904716491699,0,0,0,0,0,9.523809432983398,4.761904716491699,0,0,14.379605293273926,25769803776,0,17715281920,0
204,1790935092853,4,4,4,4,4,4,4,4,4,4,76.3195571899414,74.3624267578125,73.85498809814453,74.5068359375,66.65583038330078,75.75141143798828,78.4375,5,0,4.761904716491699,0,0,0,4.761904716491699,0,4.761904716491699,0,14.379605293273926,25769803776,0,17715281920,0
204,1790935093058,4,4,4,4,4,4,4,4,4,4,76.42138671875,74.58662414550781,73.7987289428711,74.58592987060547,66.50436401367188,75.87388610839844,78.203125,4.761904716491699,9.090909004211426,0,4.761904716491699,0,0,5,0,0,0,14.379605293273926,25769803776,0,17715281920,0
204,1790935093263,4,4,4,4,4,4,4,4,4,4,76.42138671875,74.58662414550781,73.7987289428711,74.58592987060547,66.50436401367188,75.87388610839844,78.203125,0,0,0,0,0,0,9.523809432983398,0,0,0,14.379605293273926,25769803776,0,17715527680,0
204,1790935093468,4,4,4,4,4,4,4,4,4,4,76.42138671875,74.58662414550781,73.7987289428711,74.58592987060547,66.50436401367188,75.87388610839844,78.203125,0,0,0,0,0,0,5,4.545454502105713,4.761904716491699,0,14.379605293273926,25769803776,0,17715249152,0
204,1790935093673,4,4,4,4,4,4,4,4,4,4,76.42138671875,74.58662414550781,73.7987289428711,74.58592987060547,66.50436401367188,75.87388610839844,78.203125,9.090909004211426,0,0,4.761904716491699,0,0,5,0,0,0,14.899040222167969,25769803776,0,17715249152,0
203,1790935093878,4,4,4,4,4,4,4,4,4,4,76.42138671875,74.58662414550781,73.7987289428711,74.58592987060547,66.50436401367188,75.87388610839844,78.203125,0,0,4.761904716491699,0,0,0,5,0,0,0,14.899040222167969,25769803776,0,17715249152,0
200,1790935094082,4,4,4,4,4,4,4,4,4,4,76.34510040283203,74.4738998413086,73.73393249511719,74.51428985595703,66.4197006225586,75.81014251708984,78.203125,0,0,0,0,0,0,4.761904716491699,0,0,0,14.899040222167969,25769803776,0,17715249152,0
204,1790935094283,4,4,4,4,4,4,4,4,4,4,76.34510040283203,74.4738998413086,73.73393249511719,74.51428985595703,66.4197006225586,75.81014251708984,78.203125,5,0,0,0,0,0,10,0,0,0,14.899040222167969,25769803776,0,17715249152,0
202,1790935094488,4,4,4,4,4,4,4,4,4,4,76.34510040283203,74.4738998413086,73.73393249511719,74.51428985595703,66.4197006225586,75.81014251708984,78.203125,0,0,0,0,0,0,4.761904716491699,0,0,0,14.484124183654785,25769803776,0,17715183616,0
204,1790935094690,4,4,4,4,4,4,4,4,4,4,76.34510040283203,74.4738998413086,73.73393249511719,74.51428985595703,66.4197006225586,75.81014251708984,78.203125,0,0,0,0,0,0,9.523809432983398,0,4.761904716491699,0,14.484124183654785,25769803776,0,17715183616,0
204,1790935094895,4,4,4,4,4,4,4,4,4,4,76.34510040283203,74.4738998413086,73.73393249511719,74.51428985595703,66.4197006225586,75.81014251708984,78.203125,4.761904716491699,0,0,0,0,0,5,0,0,0,14.484124183654785,25769803776,0,17715183616,0
203,1790935095100,4,4,4,4,4,4,4,4,4,4,76.295166015625,74.45499420166016,73.74384307861328,74.46715545654297,66.43672180175781,75.75944519042969,77.953125,4.761904716491699,9.090909004211426,0,0,0,0,9.523809432983398,4.761904716491699,0,0,14.484124183654785,25769803776,0,17715183616,0
204,1790935095304,4,4,4,4,4,4,4,4,4,4,76.295166015625,74.45499420166016,73.74384307861328,74.46715545654297,66.43672180175781,75.75944519042969,77.953125,0,0,4.761904716491699,0,0,0,0,4.761904716491699,0,0,14.484124183654785,25769803776,0,17715036160,0
204,1790935095509,4,4,4,4,4,4,4,4,4,4,76.295166015625,74.45499420166016,73.74384307861328,74.46715545654297,66.43672180175781,75.75944519042969,77.953125,4.761904716491699,0,0,0,0,0,5,0,0,0,14.506879806518555,25769803776,0,17715036160,0
204,1790935095714,4,4,4,4,4,4,4,4,4,4,76.295166015625,74.45499420166016,73.74384307861328,74.46715545654297,66.43672180175781,75.75944519042969,77.953125,0,0,0,0,0,0,9.523809432983398,0,0,0,14.506879806518555,25769803776,0,17714561024,0
204,1790935095918,4,4,4,4,4,4,4,4,4,4,76.295166015625,74.45499420166016,73.74384307861328,74.46715545654297,66.43672180175781,75.75944519042969,77.953125,0,0,0,0,4.761904716491699,0,0,0,0,0,14.506879806518555,25769803776,0,17716396032,0
204,1790935096123,4,4,4,4,4,4,4,4,4,4,76.26392364501953,74.40262603759766,73.80365753173828,74.44039154052734,66.58882904052734,75.68624114990234,78.4375,4.761904716491699,0,0,0,0,0,0,4.761904716491699,0,0,14.506879806518555,25769803776,0,17716396032,0
204,1790935096329,4,4,4,4,4,4,4,4,4,4,76.26392364501953,74.40262603759766,73.80365753173828,74.44039154052734,66.58882904052734,75.68624114990234,78.4375,0,0,0,0,0,0,4.761904716491699,9.523809432983398,4.761904716491699,0,14.506879806518555,25769803776,0,17714429952,0
204,1790935096533,4,4,4,4,4,4,4,4,4,4,76.26392364501953,74.40262603759766,73.80365753173828,74.44039154052734,66.58882904052734,75.68624114990234,78.4375,0,0,4.545454502105713,0,0,0,0,0,0,0,14.44477367401123,25769803776,0,17714446336,0
204,1790935096739,4,4,4,4,4,4,4,4,4,4,76.26392364501953,74.40262603759766,73.80365753173828,74.44039154052734,66.58882904052734,75.68624114990234,78.4375,4.761904716491699,4.761904716491699,0,0,0,0,9.090909004211426,0,0,0,14.44477367401123,25769803776,0,17714118656,0
204,1790935096944,4,4,4,4,4,4,4,4,4,4,76.26392364501953,74.40262603759766,73.80365753173828,74.44039154052734,66.58882904052734,75.68624114990234,78.4375,5,0,0,0,0,0,5,0,4.761904716491699,0,14.44477367401123,25769803776,0,17714380800,0
204,1790935097149,4,4,4,4,4,4,4,4,4,4,76.28961944580078,74.22615814208984,73.722412109375,74.46125030517578,66.49358367919922,75.74844360351563,78.203125,0,0,0,0,0,0,9.523809432983398,0,0,0,14.44477367401123,25769803776,0,17714380800,0
204,1790935097354,4,4,4,4,4,4,4,4,4,4,76.28961944580078,74.22615814208984,73.722412109375,74.46125030517578,66.49358367919922,75.74844360351563,78.203125,4.761904716491699,0,0,4.761904716491699,0,0,5,0,0,0,14.44477367401123,25769803776,0,17714266112,0
204,1790935097559,4,4,4,4,4,4,4,4,4,4,76.28961944580078,74.22615814208984,73.722412109375,74.46125030517578,66.49358367919922,75.74844360351563,78.203125,0,4.761904716491699,0,0,0,0,9.523809432983398,0,0,0,14.511871337890625,25769803776,0,17714266112,0
204,1790935097764,4,4,4,4,4,4,4,4,4,4,76.28961944580078,74.22615814208984,73.722412109375,74.46125030517578,66.49358367919922,75.74844360351563,78.203125,4.761904716491699,0,0,0,0,0,5,0,0,0,14.511871337890625,25769803776,0,17714216960,0
204,1790935097969,4,4,4,4,4,4,4,4,4,4,76.28961944580078,74.22615814208984,73.722412109375,74.46125030517578,66.49358367919922,75.74844360351563,78.203125,0,4.545454502105713,0,0,0,0,4.761904716491699,0,0,4.761904716491699,14.511871337890625,25769803776,0,17714249728,0
204,1790935098174,4,4,4,4,4,4,4,4,4,4,76.23155212402344,74.44767761230469,73.6579360961914,74.43516540527344,66.34944152832031,75.66276550292969,78.4375,0,0,0,0,0,0,5,4.545454502105713,4.761904716491699,0,14.511871337890625,25769803776,0,17714249728,0
204,1790935098379,4,4,4,4,4,4,4,4,4,4,76.23155212402344,74.44767761230469,73.6579360961914,74.43516540527344,66.34944152832031,75.66276550292969,78.4375,4.761904716491699,0,0,0,0,0,4.761904716491699,0,0,0,14.511871337890625,25769803776,0,17714249728,0
204,1790935098583,4,4,4,4,4,4,4,4,4,4,76.23155212402344,74.44767761230469,73.6579360961914,74.43516540527344,66.34944152832031,75.66276550292969,78.4375,0,0,0,0,0,0,0,9.090909004211426,0,0,14.482107162475586,25769803776,0,17714151424,0
204,1790935098788,4,4,4,4,4,4,4,4,4,4,76.23155212402344,74.44767761230469,73.6579360961914,74.43516540527344,66.34944152832031,75.66276550292969,78.4375,4.761904716491699,0,0,0,0,0,9.523809432983398,0,0,0,14.482107162475586,25769803776,0,17714151424,0
204,1790935098993,4,4,4,4,4,4,4,4,4,4,76.15599060058594,74.30653381347656,73.72411346435547,74.39344024658203,66.50958251953125,75.56309509277344,77.953125,0,0,0,0,0,0,5,0,0,0,14.482107162475586,25769803776,0,17714151424,0
204,1790935099197,4,4,4,4,4,4,4,4,4,4,76.15599060058594,74.30653381347656,73.72411346435547,74.39344024658203,66.50958251953125,75.56309509277344,77.953125,0,0,0,0,0,0,9.090909004211426,0,0,0,14.482107162475586,25769803776,0,17714069504,0
204,1790935099402,4,4,4,4,4,4,4,4,4,4,76.15599060058594,74.30653381347656,73.72411346435547,74.39344024658203,66.50958251953125,75.56309509277344,77.953125,4.761904716491699,0,0,0,0,0,5,0,0,0,14.482107162475586,25769803776,0,17714069504,0
204,1790935099607,4,4,4,4,4,4,4,4,4,4,76.15599060058594,74.30653381347656,73.72411346435547,74.39344024658203,66.50958251953125,75.56309509277344,77.953125,0,0,0,0,0,0,5,0,4.761904716491699,0,14.360090255737305,25769803776,0,17715986432,0
204,1790935099812,4,4,4,4,4,4,4,4,4,4,76.15599060058594,74.30653381347656,73.72411346435547,74.39344024658203,66.50958251953125,75.56309509277344,77.953125,4.761904716491699,4.761904716491699,0,0,0,0,0,0,0,0,14.360090255737305,25769803776,0,17713922048,0
204,1790935100017,4,4,4,4,4,4,4,4,4,4,76.1282958984375,74.17565155029297,73.69840240478516,74.39832305908203,66.48098754882813,75.5180892944336,78.796875,4.761904716491699,0,0,0,0,0,4.545454502105713,9.523809432983398,0,0,14.360090255737305,25769803776,0,17713954816,0
204,1790935100222,4,4,4,4,4,4,4,4,4,4,76.1282958984375,74.17565155029297,73.69840240478516,74.39832305908203,66.48098754882813,75.5180892944336,78.796875,0,0,0,0,0,0,5,0,4.545454502105713,0,14.360090255737305,25769803776,0,17713954816,0
204,1790935100427,4,4,4,4,4,4,4,4,4,4,76.1282958984375,74.17565155029297,73.69840240478516,74.39832305908203,66.48098754882813,75.5180892944336,78.796875,5,0,4.761904716491699,0,0,0,9.523809432983398,0,0,0,14.360090255737305,25769803776,0,17713971200,0
204,1790935100632,4,4,4,4,4,4,4,4,4,4,76.1282958984375,74.17565155029297,73.69840240478516,74.39832305908203,66.48098754882813,75.5180892944336,78.796875,0,9.090909004211426,0,0,0,0,5,0,0,0,14.388998985290527,25769803776,0,17713971200,0
204,1790935100837,4,4,4,4,4,4,4,4,4,4,76.1282958984375,74.17565155029297,73.69840240478516,74.39832305908203,66.48098754882813,75.5180892944336,78.796875,0,0,0,0,0,0,0,0,0,0,14.388998985290527,25769803776,0,17713823744,0
204,1790935101042,4,4,4,4,4,4,4,4,4,4,76.11563110351563,74.28800201416016,73.6890640258789,74.38249206542969,66.46206665039063,75.52265930175781,77.953125,4.761904716491699,0,0,0,0,0,4.761904716491699,5,0,0,14.388998985290527,25769803776,0,17713840128,0
204,1790935101247,4,4,4,4,4,4,4,4,4,4,76.11563110351563,74.28800201416016,73.6890640258789,74.38249206542969,66.46206665039063,75.52265930175781,77.953125,0,0,0,0,0,0,5,4.545454502105713,0,0,14.388998985290527,25769803776,0,17713840128,0
204,1790935101453,4,4,4,4,4,4,4,4,4,4,76.11563110351563,74.28800201416016,73.6890640258789,74.38249206542969,66.46206665039063,75.52265930175781,77.953125,9.523809432983398,0,4.761904716491699,0,0,0,5,0,0,0,14.388998985290527,25769803776,0,17713397760,0
204,1790935101658,4,4,4,4,4,4,4,4,4,4,76.11563110351563,74.28800201416016,73.6890640258789,74.38249206542969,66.46206665039063,75.52265930175781,77.953125,0,0,0,0,0,0,9.090909004211426,4.761904716491699,4.545454502105713,0,14.405475616455078,25769803776,0,17713397760,0
204,1790935101863,4,4,4,4,4,4,4,4,4,4,76.11563110351563,74.28800201416016,73.6890640258789,74.38249206542969,66.46206665039063,75.52265930175781,77.953125,0,4.545454502105713,0,0,4.761904716491699,0,5,0,0,9.090909004211426,14.405475616455078,25769803776,0,17711841280,0
204,1790935102068,4,4,4,4,4,4,4,4,4,4,76.0868911743164,74.19873046875,73.56475830078125,74.4307861328125,66.260498046875,75.46945190429688,82.203125,14.285715103149414,4.761904716491699,0,0,0,0,5,0,0,0,14.405475616455078,25769803776,0,17711972352,0
204,1790935102273,4,4,4,4,4,4,4,4,4,4,76.0868911743164,74.19873046875,73.56475830078125,74.4307861328125,66.260498046875,75.46945190429688,82.203125,65,0,4.761904716491699,0,0,0,4.761904716491699,5,0,0,14.405475616455078,25769803776,0,17711972352,0
204,1790935102478,4,4,4,4,4,4,4,4,4,4,76.0868911743164,74.19873046875,73.56475830078125,74.4307861328125,66.260498046875,75.46945190429688,82.203125,4.761904716491699,4.761904716491699,0,0,0,0,4.761904716491699,0,0,0,14.405475616455078,25769803776,0,17711759360,0
204,1790935102683,4,4,4,4,4,4,4,4,4,4,76.0868911743164,74.19873046875,73.56475830078125,74.4307861328125,66.260498046875,75.46945190429688,82.203125,4.761904716491699,0,0,0,0,0,0,0,0,0,14.3616361618042,25769803776,0,17711464448,0
204,1790935102888,4,4,4,4,4,4,4,4,4,4,76.0868911743164,74.19873046875,73.56475830078125,74.4307861328125,66.260498046875,75.46945190429688,82.203125,5,4.761904716491699,5,0,0,0,9.523809432983398,0,0,0,14.3616361618042,25769803776,0,17711464448,0
204,1790935103093,4,4,4,4,4,4,4,4,4,4,76.06366729736328,74.26945495605469,73.70468139648438,74.39090728759766,66.48258972167969,75.49832153320313,82.203125,20,5,9.523809432983398,4.761904716491699,0,0,9.523809432983398,4.761904716491699,0,0,14.3616361618042,25769803776,0,17711464448,0
204,1790935103298,4,4,4,4,4,4,4,4,4,4,76.06366729736328,74.26945495605469,73.70468139648438,74.39090728759766,66.48258972167969,75.49832153320313,82.203125,40,9.523809432983398,10,0,0,0,5,0,0,0,14.3616361618042,25769803776,0,17711464448,0
204,1790935103503,4,4,4,4,4,4,4,4,4,4,76.06366729736328,74.26945495605469,73.70468139648438,74.39090728759766,66.48258972167969,75.49832153320313,82.203125,9.090909004211426,0,0,4.545454502105713,4.545454502105713,0,0,4.761904716491699,0,0,14.626791000366211,25769803776,0,17754324992,0
204,1790935103708,4,4,4,4,4,4,4,4,4,4,76.06366729736328,74.26945495605469,73.70468139648438,74.39090728759766,66.48258972167969,75.49832153320313,82.203125,0,0,0,0,0,0,0,0,4.761904716491699,0,14.626791000366211,25769803776,0,17754554368,0
204,1790935103913,4,4,4,4,4,4,4,4,4,4,76.06366729736328,74.26945495605469,73.70468139648438,74.39090728759766,66.48258972167969,75.49832153320313,82.203125,0,0,0,0,0,0,9.523809432983398,0,0,0,14.626791000366211,25769803776,0,17754554368,0
204,1790935104118,4,4,4,4,4,4,4,4,4,4,76.04898834228516,74.28248596191406,73.69258880615234,74.34908294677734,66.45149230957031,75.47499084472656,78.90625,4.761904716491699,4.761904716491699,0,0,0,0,0,4.761904716491699,0,0,14.626791000366211,25769803776,0,17754554368,0
204,1790935104323,4,4,4,4,4,4,4,4,4,4,76.04898834228516,74.28248596191406,73.69258880615234,74.34908294677734,66.45149230957031,75.47499084472656,78.90625,0,0,0,0,0,0,9.523809432983398,0,0,0,14.626791000366211,25769803776,0,17754554368,0
204,1790935104528,4,4,4,4,4,4,4,4,4,4,76.04898834228516,74.28248596191406,73.69258880615234,74.34908294677734,66.45149230957031,75.47499084472656,78.90625,0,0,0,0,0,0,5,4.761904716491699,0,0,14.364642143249512,25769803776,0,17754259456,0
204,1790935104733,4,4,4,4,4,4,4,4,4,4,76.04898834228516,74.28248596191406,73.69258880615234,74.34908294677734,66.45149230957031,75.47499084472656,78.90625,50,40,25,30.000001907348633,15.000000953674316,14.285715103149414,5,0,4.545454502105713,0,14.364642143249512,25769803776,0,17751080960,0
204,1790935104938,4,4,4,4,4,4,4,4,4,4,76.04898834228516,74.28248596191406,73.69258880615234,74.34908294677734,66.45149230957031,75.47499084472656,78.90625,35,38.095237731933594,9.523809432983398,4.761904716491699,0,0,9.523809432983398,0,0,0,14.364642143249512,25769803776,0,17758093312,0
204,1790935105143,4,4,4,4,4,4,4,4,4,4,76.01984405517578,74.25582885742188,73.56610107421875,74.32057189941406,66.24836730957031,75.42689514160156,77.71875,13.636363983154297,9.523809432983398,5,4.761904716491699,0,5,5,0,0,0,14.364642143249512,25769803776,0,17758224384,0
204,1790935105348,4,4,4,4,4,4,4,4,4,4,76.01984405517578,74.25582885742188,73.56610107421875,74.32057189941406,66.24836730957031,75.42689514160156,77.71875,0,0,0,0,0,0,9.090909004211426,0,0,0,14.364642143249512,25769803776,0,17758208000,0
204,1790935105553,4,4,4,4,4,4,4,4,4,4,76.01984405517578,74.25582885742188,73.56610107421875,74.32057189941406,66.24836730957031,75.42689514160156,77.71875,4.761904716491699,0,0,0,0,0,5,0,0,0,14.390589714050293,25769803776,0,17758109696,0
204,1790935105758,4,4,4,4,4,4,4,4,4,4,76.01984405517578,74.25582885742188,73.56610107421875,74.32057189941406,66.24836730957031,75.42689514160156,77.71875,0,0,0,0,0,0,9.523809432983398,4.761904716491699,0,0,14.390589714050293,25769803776,0,17758109696,0
204,1790935105963,4,4,4,4,4,4,4,4,4,4,76.01984405517578,74.25582885742188,73.56610107421875,74.32057189941406,66.24836730957031,75.42689514160156,77.71875,5,0,0,0,0,0,0,0,0,0,14.390589714050293,25769803776,0,17758060544,0
204,1790935106168,4,4,4,4,4,4,4,4,4,4,75.92507934570313,74.35011291503906,73.58460998535156,74.28413391113281,66.2594985961914,75.36734008789063,77.71875,5,0,4.761904716491699,0,0,0,9.523809432983398,0,4.761904716491699,0,14.390589714050293,25769803776,0,17758060544,0
204,1790935106373,4,4,4,4,4,4,4,4,4,4,75.92507934570313,74.35011291503906,73.58460998535156,74.28413391113281,66.2594985961914,75.36734008789063,77.71875,0,4.545454502105713,0,0,0,0,5,0,0,0,14.390589714050293,25769803776,0,17758060544,0
204,1790935106578,4,4,4,4,4,4,4,4,4,4,75.92507934570313,74.35011291503906,73.58460998535156,74.28413391113281,66.2594985961914,75.36734008789063,77.71875,4.761904716491699,4.761904716491699,0,0,0,0,9.523809432983398,0,4.761904716491699,0,14.550616264343262,25769803776,0,17758060544,0
204,1790935106783,4,4,4,4,4,4,4,4,4,4,75.92507934570313,74.35011291503906,73.58460998535156,74.28413391113281,66.2594985961914,75.36734008789063,77.71875,4.761904716491699,0,0,0,0,0,5,4.761904716491699,0,0,14.550616264343262,25769803776,0,17758060544,0
204,1790935106988,4,4,4,4,4,4,4,4,4,4,75.90616607666016,74.1784439086914,73.47677612304688,74.23362731933594,66.15448760986328,75.33500671386719,77.71875,0,0,0,0,0,0,4.761904716491699,0,0,0,14.550616264343262,25769803776,0,17758060544,0
204,1790935107193,4,4,4,4,4,4,4,4,4,4,75.90616607666016,74.1784439086914,73.47677612304688,74.23362731933594,66.15448760986328,75.33500671386719,77.71875,4.761904716491699,0,0,0,0,0,4.761904716491699,0,0,0,14.550616264343262,25769803776,0,17759895552,0
204,1790935107398,4,4,4,4,4,4,4,4,4,4,75.90616607666016,74.1784439086914,73.47677612304688,74.23362731933594,66.15448760986328,75.33500671386719,77.71875,0,9.090909004211426,0,0,4.761904716491699,0,5,4.545454502105713,0,0,14.550616264343262,25769803776,0,17758273536,0
203,1790935107603,4,4,4,4,4,4,4,4,4,4,75.90616607666016,74.1784439086914,73.47677612304688,74.23362731933594,66.15448760986328,75.33500671386719,77.71875,4.761904716491699,0,0,0,0,0,9.523809432983398,0,0,0,14.274030685424805,25769803776,0,17758289920,0
204,1790935107807,4,4,4,4,4,4,4,4,4,4,75.90616607666016,74.1784439086914,73.47677612304688,74.23362731933594,66.15448760986328,75.33500671386719,77.71875,4.761904716491699,0,0,0,0,0,0,0,0,0,14.274030685424805,25769803776,0,17758289920,0
204,1790935108012,4,4,4,4,4,4,4,4,4,4,75.94308471679688,74.26457977294922,73.48715209960938,74.2131118774414,66.1495132446289,75.3685531616211,77.484375,47.36842346191406,30.000001907348633,15.000000953674316,9.090909004211426,4.761904716491699,0,5,0,4.761904716491699,0,14.274030685424805,25769803776,0,17758289920,0
204,1790935108217,4,4,4,4,4,4,4,4,4,4,75.94308471679688,74.26457977294922,73.48715209960938,74.2131118774414,66.1495132446289,75.3685531616211,77.484375,66.66667175292969,33.333335876464844,22.72727394104004,10,5,4.761904716491699,9.523809432983398,0,0,0,14.274030685424805,25769803776,0,17758289920,0
204,1790935108422,4,4,4,4,4,4,4,4,4,4,75.94308471679688,74.26457977294922,73.48715209960938,74.2131118774414,66.1495132446289,75.3685531616211,77.484375,75,55,40,28.571430206298828,19.047618865966797,15.000000953674316,5,0,0,0,14.274030685424805,25769803776,0,17758289920,0
204,1790935108627,4,4,4,4,4,4,4,4,4,4,75.94308471679688,74.26457977294922,73.48715209960938,74.2131118774414,66.1495132446289,75.3685531616211,77.484375,71.42857360839844,45,45,31.57894515991211,28.571430206298828,20,9.523809432983398,0,0,0,14.339386940002441,25769803776,0,17770889216,0
204,1790935108832,4,4,4,4,4,4,4,4,4,4,75.94308471679688,74.26457977294922,73.48715209960938,74.2131118774414,66.1495132446289,75.3685531616211,77.484375,65,57.142860412597656,38.095237731933594,33.333335876464844,15.000000953674316,38.095237731933594,5,0,0,0,14.339386940002441,25769803776,0,17771593728,0
203,1790935109037,4,4,4,4,4,4,4,4,4,4,76.29511260986328,75.0468521118164,74.02416229248047,74.43507385253906,66.77001190185547,75.83362579345703,77.953125,66.66667175292969,35,20,10,0,23.809524536132813,0,9.523809432983398,0,0,14.339386940002441,25769803776,0,17781866496,0
204,1790935109241,4,4,4,4,4,4,4,4,4,4,76.29511260986328,75.0468521118164,74.02416229248047,74.43507385253906,66.77001190185547,75.83362579345703,77.953125,75,71.42857360839844,55,57.142860412597656,47.619049072265625,45,9.523809432983398,0,0,0,14.339386940002441,25769803776,0,17784881152,0
202,1790935109446,4,4,4,4,4,4,4,4,4,4,76.29511260986328,75.0468521118164,74.02416229248047,74.43507385253906,66.77001190185547,75.83362579345703,77.953125,90.47618865966797,90,80.95238494873047,78.94737243652344,76.19047546386719,75,5,0,0,0,14.339386940002441,25769803776,0,17784881152,0
204,1790935109648,4,4,4,4,4,4,4,4,4,4,76.29511260986328,75.0468521118164,74.02416229248047,74.43507385253906,66.77001190185547,75.83362579345703,77.953125,75,63.15789031982422,36.842105865478516,28.571430206298828,15.789472579956055,19.047618865966797,9.523809432983398,4.761904716491699,0,0,15.14687728881836,25769803776,0,17863589888,0
204,1790935109853,4,4,4,4,4,4,4,4,4,4,76.29511260986328,75.0468521118164,74.02416229248047,74.43507385253906,66.77001190185547,75.83362579345703,77.953125,71.42857360839844,66.66667175292969,45,28.571430206298828,27.272727966308594,20,5,0,0,0,15.14687728881836,25769803776,0,17872879616,0
204,1790935110058,4,4,4,4,4,4,4,4,4,4,76.17729187011719,75.22625732421875,74.06108093261719,74.3852767944336,66.81875610351563,75.73646545410156,77.953125,73.68421173095703,66.66667175292969,47.619049072265625,30.000001907348633,23.809524536132813,19.047618865966797,5,0,4.761904716491699,0,15.14687728881836,25769803776,0,17875173376,0
204,1790935110263,4,4,4,4,4,4,4,4,4,4,76.17729187011719,75.22625732421875,74.06108093261719,74.3852767944336,66.81875610351563,75.73646545410156,77.953125,76.19047546386719,75,57.142860412597656,45,40,38.095237731933594,9.523809432983398,0,0,0,15.14687728881836,25769803776,0,17875173376,0
204,1790935110468,4,4,4,4,4,4,4,4,4,4,76.17729187011719,75.22625732421875,74.06108093261719,74.3852767944336,66.81875610351563,75.73646545410156,77.953125,65,66.66667175292969,26.3157901763916,25,15.000000953674316,10,5,0,4.545454502105713,0,15.14687728881836,25769803776,0,17875173376,0
204,1790935110673,4,4,4,4,4,4,4,4,4,4,76.17729187011719,75.22625732421875,74.06108093261719,74.3852767944336,66.81875610351563,75.73646545410156,77.953125,60.000003814697266,63.15789031982422,33.333335876464844,23.809524536132813,19.047618865966797,10,9.523809432983398,0,0,0,15.045548439025879,25769803776,0,17902338048,0
203,1790935110878,4,4,4,4,4,4,4,4,4,4,76.17729187011719,75.22625732421875,74.06108093261719,74.3852767944336,66.81875610351563,75.73646545410156,77.953125,66.66667175292969,61.904762268066406,33.333335876464844,23.809524536132813,10,9.523809432983398,0,4.545454502105713,0,0,15.045548439025879,25769803776,0,17902452736,0
204,1790935111082,4,4,4,4,4,4,4,4,4,4,75.95394134521484,75.00187683105469,73.945068359375,74.23418426513672,66.60786437988281,75.48401641845703,77.71875,65,65,35,23.809524536132813,15.000000953674316,10,5,0,0,0,15.045548439025879,25769803776,0,17902485504,0
204,1790935111287,4,4,4,4,4,4,4,4,4,4,75.95394134521484,75.00187683105469,73.945068359375,74.23418426513672,66.60786437988281,75.48401641845703,77.71875,65,57.142860412597656,28.571430206298828,15.789472579956055,15.000000953674316,10,9.523809432983398,4.761904716491699,0,0,15.045548439025879,25769803776,0,17903435776,0
204,1790935111492,4,4,4,4,4,4,4,4,4,4,75.95394134521484,75.00187683105469,73.945068359375,74.23418426513672,66.60786437988281,75.48401641845703,77.71875,66.66667175292969,60.000003814697266,30.000001907348633,23.809524536132813,14.285715103149414,9.523809432983398,9.523809432983398,0,0,0,14.071598052978516,25769803776,0,17903632384,0
204,1790935111697,4,4,4,4,4,4,4,4,4,4,75.95394134521484,75.00187683105469,73.945068359375,74.23418426513672,66.60786437988281,75.48401641845703,77.71875,65,65,35,21.052631378173828,20,10,9.523809432983398,0,0,0,14.071598052978516,25769803776,0,17905467392,0
204,1790935111902,4,4,4,4,4,4,4,4,4,4,75.95394134521484,75.00187683105469,73.945068359375,74.23418426513672,66.60786437988281,75.48401641845703,77.71875,65,61.904762268066406,33.333335876464844,23.809524536132813,19.047618865966797,10,5,0,4.761904716491699,0,14.071598052978516,25769803776,0,17905827840,0
204,1790935112107,4,4,4,4,4,4,4,4,4,4,75.8367919921875,74.60879516601563,73.80696105957031,74.14098358154297,66.4321060180664,75.30086517333984,77.484375,66.66667175292969,60.000003814697266,25,23.809524536132813,15.000000953674316,9.523809432983398,10,4.761904716491699,0,0,14.071598052978516,25769803776,0,17905827840,0
204,1790935112312,4,4,4,4,4,4,4,4,4,4,75.8367919921875,74.60879516601563,73.80696105957031,74.14098358154297,66.4321060180664,75.30086517333984,77.484375,65,65,33.333335876464844,20,14.285715103149414,10,9.523809432983398,0,0,0,14.071598052978516,25769803776,0,17905827840,0
204,1790935112517,4,4,4,4,4,4,4,4,4,4,75.8367919921875,74.60879516601563,73.80696105957031,74.14098358154297,66.4321060180664,75.30086517333984,77.484375,65,66.66667175292969,31.57894515991211,23.809524536132813,15.789472579956055,14.285715103149414,5,4.761904716491699,0,0,14.112382888793945,25769803776,0,17905827840,0
201,1790935112722,4,4,4,4,4,4,4,4,4,4,75.8367919921875,74.60879516601563,73.80696105957031,74.14098358154297,66.4321060180664,75.30086517333984,77.484375,65,60.000003814697266,30.000001907348633,20,18.18181800842285,10,0,10,0,0,14.112382888793945,25769803776,0,17910120448,0
204,1790935112923,4,4,4,4,4,4,4,4,4,4,75.8367919921875,74.60879516601563,73.80696105957031,74.14098358154297,66.4321060180664,75.30086517333984,77.484375,70,60.000003814697266,33.333335876464844,23.809524536132813,15.789472579956055,10,9.090909004211426,5,0,0,14.112382888793945,25769803776,0,17911480320,0
204,1790935113128,4,4,4,4,4,4,4,4,4,4,75.92455291748047,74.51168823242188,73.8580322265625,74.21621704101563,66.55305480957031,75.34928894042969,77.71875,61.904762268066406,60.000003814697266,30.000001907348633,21.052631378173828,14.285715103149414,9.523809432983398,0,14.285715103149414,0,0,14.112382888793945,25769803776,0,17911971840,0
204,1790935113333,4,4,4,4,4,4,4,4,4,4,75.92455291748047,74.51168823242188,73.8580322265625,74.21621704101563,66.55305480957031,75.34928894042969,77.71875,65,65,28.571430206298828,22.72727394104004,15.000000953674316,9.523809432983398,0,9.523809432983398,0,0,14.112382888793945,25769803776,0,17914478592,0
204,1790935113538,4,4,4,4,4,4,4,4,4,4,75.92455291748047,74.51168823242188,73.8580322265625,74.21621704101563,66.55305480957031,75.34928894042969,77.71875,65,60.000003814697266,30.000001907348633,15.789472579956055,19.047618865966797,10,0,0,0,0,14.503901481628418,25769803776,0,17912676352,0
204,1790935113743,4,4,4,4,4,4,4,4,4,4,75.92455291748047,74.51168823242188,73.8580322265625,74.21621704101563,66.55305480957031,75.34928894042969,77.71875,65,63.6363639831543,35,23.809524536132813,14.285715103149414,9.523809432983398,0,5.263157844543457,4.545454502105713,4.761904716491699,14.503901481628418,25769803776,0,17914527744,0
204,1790935113948,4,4,4,4,4,4,4,4,4,4,75.92455291748047,74.51168823242188,73.8580322265625,74.21621704101563,66.55305480957031,75.34928894042969,77.71875,66.66667175292969,60.000003814697266,33.333335876464844,28.571430206298828,15.000000953674316,10,0,13.636363983154297,0,0,14.503901481628418,25769803776,0,17909235712,0
204,1790935114153,4,4,4,4,4,4,4,4,4,4,75.83248138427734,74.01295471191406,73.78242492675781,74.09654235839844,66.59969329833984,75.25074768066406,77.484375,61.904762268066406,65,26.3157901763916,20,15.000000953674316,9.523809432983398,0,10,0,0,14.503901481628418,25769803776,0,17909891072,0
204,1790935114358,4,4,4,4,4,4,4,4,4,4,75.83248138427734,74.01295471191406,73.78242492675781,74.09654235839844,66.59969329833984,75.25074768066406,77.484375,68.42105102539063,63.15789031982422,36.3636360168457,20,19.047618865966797,10,0,14.285715103149414,0,0,14.503901481628418,25769803776,0,17910202368,0
203,1790935114563,4,4,4,4,4,4,4,4,4,4,75.83248138427734,74.01295471191406,73.78242492675781,74.09654235839844,66.59969329833984,75.25074768066406,77.484375,66.66667175292969,63.6363639831543,30.000001907348633,23.809524536132813,14.285715103149414,10,9.090909004211426,5.263157844543457,0,0,14.265508651733398,25769803776,0,17910202368,0
204,1790935114767,4,4,4,4,4,4,4,4,4,4,75.83248138427734,74.01295471191406,73.78242492675781,74.09654235839844,66.59969329833984,75.25074768066406,77.484375,65,63.15789031982422,31.57894515991211,20,15.789472579956055,13.636363983154297,0,14.285715103149414,0,0,14.265508651733398,25769803776,0,17912233984,0
204,1790935114972,4,4,4,4,4,4,4,4,4,4,75.83248138427734,74.01295471191406,73.78242492675781,74.09654235839844,66.59969329833984,75.25074768066406,77.484375,70,68.18181610107422,54.54545593261719,35,28.571430206298828,15.789472579956055,0,10,4.761904716491699,0,14.265508651733398,25769803776,0,17919868928,0
204,1790935115177,4,4,4,4,4,4,4,4,4,4,75.734375,73.9660873413086,73.75212097167969,73.98487091064453,66.57472229003906,75.21640014648438,77.71875,66.66667175292969,68.42105102539063,42.105262756347656,33.333335876464844,23.809524536132813,15.000000953674316,0,14.285715103149414,4.761904716491699,0,14.265508651733398,25769803776,0,17919868928,0
204,1790935115382,4,4,4,4,4,4,4,4,4,4,75.734375,73.9660873413086,73.75212097167969,73.98487091064453,66.57472229003906,75.21640014648438,77.71875,70,66.66667175292969,38.095237731933594,15.789472579956055,15.000000953674316,14.285715103149414,0,14.285715103149414,0,0,14.265508651733398,25769803776,0,17919868928,0
204,1790935115587,4,4,4,4,4,4,4,4,4,4,75.734375,73.9660873413086,73.75212097167969,73.98487091064453,66.57472229003906,75.21640014648438,77.71875,100,100,100,95.23809814453125,95,95,0,5,0,0,14.29792308807373,25769803776,0,17919868928,0
204,1790935115792,4,4,4,4,4,4,4,4,4,4,75.734375,73.9660873413086,73.75212097167969,73.98487091064453,66.57472229003906,75.21640014648438,77.71875,100,100,100,100,95.23809814453125,95.23809814453125,0,9.523809432983398,0,0,14.29792308807373,25769803776,0,17932238848,0
204,1790935115997,4,4,4,4,4,4,4,4,4,4,75.72093200683594,74.12105560302734,73.75596618652344,73.93614196777344,66.52560424804688,75.22145080566406,79.484375,95.23809814453125,95.23809814453125,95.23809814453125,95,100,95,5,23.809524536132813,5,5,14.29792308807373,25769803776,0,17942904832,0
227,1790935116202,4,4,4,4,4,4,4,4,4,4,75.72093200683594,74.12105560302734,73.75596618652344,73.93614196777344,66.52560424804688,75.22145080566406,79.484375,85,80,68.42105102539063,57.142860412597656,45,42.85714340209961,100,5,33.333335876464844,5,14.29792308807373,25769803776,0,17943805952,0
207,1790935116430,4,4,4,4,4,4,4,4,4,4,75.72093200683594,74.12105560302734,73.75596618652344,73.93614196777344,66.52560424804688,75.22145080566406,79.484375,86.9565200805664,82.60869598388672,82.60869598388672,82.60869598388672,69.56521606445313,60.869564056396484,26.086956024169922,0,0,0,14.29792308807373,25769803776,0,17950081024,0
234,1790935116637,4,4,4,4,4,4,4,4,4,4,75.72093200683594,74.12105560302734,73.75596618652344,73.93614196777344,66.52560424804688,75.22145080566406,79.484375,100,100,95.45454406738281,100,100,100,25,0,0,0,14.48120403289795,25769803776,0,17943445504,0
203,1790935116873,4,4,4,4,4,4,4,4,4,4,75.72093200683594,74.12105560302734,73.75596618652344,73.93614196777344,66.52560424804688,75.22145080566406,79.484375,95.83332824707031,95.65217590332031,95.65217590332031,95.83332824707031,91.66667175292969,90.90909576416016,0,0,0,0,14.48120403289795,25769803776,0,17945673728,0
203,1790935117077,4,4,4,4,4,4,4,4,4,4,75.91311645507813,75.07222747802734,73.9717025756836,74.16031646728516,66.5835189819336,75.612548828125,82.203125,95,90,90,95.23809814453125,85,81.81818389892578,19.047618865966797,0,0,0,14.48120403289795,25769803776,0,17950081024,0
204,1790935117281,4,4,4,4,4,4,4,4,4,4,75.91311645507813,75.07222747802734,73.9717025756836,74.16031646728516,66.5835189819336,75.612548828125,82.203125,71.42857360839844,76.19047546386719,80,52.6315803527832,60.000003814697266,52.6315803527832,0,0,0,0,14.48120403289795,25769803776,0,17944248320,0
204,1790935117486,4,4,4,4,4,4,4,4,4,4,75.91311645507813,75.07222747802734,73.9717025756836,74.16031646728516,66.5835189819336,75.612548828125,82.203125,90.47618865966797,95,90,85.71428680419922,76.19047546386719,66.66667175292969,10,0,0,0,14.88730239868164,25769803776,0,17944248320,0
223,1790935117691,4,4,4,4,4,4,4,4,4,4,75.91311645507813,75.07222747802734,73.9717025756836,74.16031646728516,66.5835189819336,75.612548828125,82.203125,94.73684692382813,95.23809814453125,95.23809814453125,95,95,90.47618865966797,0,0,0,0,14.88730239868164,25769803776,0,17944248320,0
204,1790935117914,4,4,4,4,4,4,4,4,4,4,75.91311645507813,75.07222747802734,73.9717025756836,74.16031646728516,66.5835189819336,75.612548828125,82.203125,100,100,100,100,100,100,4.545454502105713,0,0,0,14.88730239868164,25769803776,0,17945329664,0
204,1790935118120,4,4,4,4,4,4,4,4,4,4,75.28414916992188,73.7622299194336,73.22178649902344,73.6676254272461,65.7509765625,74.80867004394531,77.015625,95,90,90.47618865966797,90,90.47618865966797,85,0,0,0,0,14.88730239868164,25769803776,0,17945493504,0
204,1790935118325,4,4,4,4,4,4,4,4,4,4,75.28414916992188,73.7622299194336,73.22178649902344,73.6676254272461,65.7509765625,74.80867004394531,77.015625,80.95238494873047,80.95238494873047,80,63.6363639831543,57.142860412597656,40,0,0,0,0,14.88730239868164,25769803776,0,17945837568,0
204,1790935118530,4,4,4,4,4,4,4,4,4,4,75.28414916992188,73.7622299194336,73.22178649902344,73.6676254272461,65.7509765625,74.80867004394531,77.015625,80,75,60.000003814697266,52.6315803527832,40,36.3636360168457,0,0,0,0,13.292876243591309,25769803776,0,17946542080,0
204,1790935118735,4,4,4,4,4,4,4,4,4,4,75.28414916992188,73.7622299194336,73.22178649902344,73.6676254272461,65.7509765625,74.80867004394531,77.015625,80,71.42857360839844,65,50,42.85714340209961,26.3157901763916,0,0,0,0,13.292876243591309,25769803776,0,17946542080,0
202,1790935118940,4,4,4,4,4,4,4,4,4,4,75.28414916992188,73.7622299194336,73.22178649902344,73.6676254272461,65.7509765625,74.80867004394531,77.015625,76.19047546386719,75,66.66667175292969,45,35,27.272727966308594,0,0,0,0,13.292876243591309,25769803776,0,17949769728,0
202,1790935119142,4,4,4,4,4,4,4,4,4,4,75.50418090820313,73.55023193359375,73.05325317382813,73.8332290649414,65.64303588867188,75.11206817626953,75.484375,78.94737243652344,75,65,57.894737243652344,50,42.105262756347656,0,0,0,0,13.292876243591309,25769803776,0,17948459008,0
204,1790935119345,4,4,4,4,4,4,4,4,4,4,75.50418090820313,73.55023193359375,73.05325317382813,73.8332290649414,65.64303588867188,75.11206817626953,75.484375,85.71428680419922,80,75,70,55,65,0,0,0,0,13.292876243591309,25769803776,0,17949016064,0
204,1790935119550,4,4,4,4,4,4,4,4,4,4,75.50418090820313,73.55023193359375,73.05325317382813,73.8332290649414,65.64303588867188,75.11206817626953,75.484375,78.94737243652344,80,80.95238494873047,57.142860412597656,40,33.333335876464844,0,0,0,0,14.283547401428223,25769803776,0,17949523968,0
204,1790935119755,4,4,4,4,4,4,4,4,4,4,75.50418090820313,73.55023193359375,73.05325317382813,73.8332290649414,65.64303588867188,75.11206817626953,75.484375,81.81818389892578,76.19047546386719,70,52.38095474243164,35,25,0,0,0,0,14.283547401428223,25769803776,0,17949949952,0
200,1790935119960,4,4,4,4,4,4,4,4,4,4,75.50418090820313,73.55023193359375,73.05325317382813,73.8332290649414,65.64303588867188,75.11206817626953,75.484375,80,75,73.68421173095703,47.36842346191406,38.095237731933594,28.571430206298828,0,0,0,0,14.283547401428223,25769803776,0,17952325632,0
203,1790935120160,4,4,4,4,4,4,4,4,4,4,75.49007415771484,73.49140167236328,72.97444152832031,73.85708618164063,65.60233306884766,75.15343475341797,75.484375,75,80,76.19047546386719,47.619049072265625,38.095237731933594,25,0,0,0,0,14.283547401428223,25769803776,0,17951227904,0
202,1790935120364,4,4,4,4,4,4,4,4,4,4,75.49007415771484,73.49140167236328,72.97444152832031,73.85708618164063,65.60233306884766,75.15343475341797,75.484375,73.68421173095703,75,66.66667175292969,40,36.842105865478516,20,0,0,0,0,14.283547401428223,25769803776,0,17952178176,0
204,1790935120567,4,4,4,4,4,4,4,4,4,4,75.49007415771484,73.49140167236328,72.97444152832031,73.85708618164063,65.60233306884766,75.15343475341797,75.484375,80.95238494873047,80,73.68421173095703,50,42.85714340209961,25,0,0,0,0,14.69309139251709,25769803776,0,17952292864,0
202,1790935120772,4,4,4,4,4,4,4,4,4,4,75.49007415771484,73.49140167236328,72.97444152832031,73.85708618164063,65.60233306884766,75.15343475341797,75.484375,75,80,72.7272720336914,50,31.57894515991211,40,0,0,0,0,14.69309139251709,25769803776,0,17952292864,0
204,1790935120975,4,4,4,4,4,4,4,4,4,4,75.49007415771484,73.38816833496094,72.8706283569336,73.85708618164063,65.50900268554688,75.15343475341797,75.484375,85,80.95238494873047,77.77777862548828,65,57.142860412597656,47.619049072265625,0,0,0,0,14.69309139251709,25769803776,0,17954963456,0
202,1790935121180,4,4,4,4,4,4,4,4,4,4,75.3868408203125,73.38816833496094,72.8706283569336,73.75943756103516,65.50900268554688,74.9518814086914,75.25,85.71428680419922,85,80.95238494873047,60.000003814697266,50,55,0,0,0,0,14.69309139251709,25769803776,0,17952784384,0
203,1790935121383,4,4,4,4,4,4,4,4,4,4,75.3868408203125,73.38816833496094,72.8706283569336,73.75943756103516,65.50900268554688,74.9518814086914,75.25,75,85,71.42857360839844,71.42857360839844,52.38095474243164,42.85714340209961,0,0,0,0,14.69309139251709,25769803776,0,17958404096,0
204,1790935121587,4,4,4,4,4,4,4,4,4,4,75.3868408203125,73.38816833496094,72.8706283569336,73.75943756103516,65.50900268554688,74.9518814086914,75.25,84.21052551269531,90,84.21052551269531,75,65,60.000003814697266,0,0,0,0,14.01818561553955,25769803776,0,17953488896,0
204,1790935121792,4,4,4,4,4,4,4,4,4,4,75.3868408203125,73.38816833496094,72.8706283569336,73.75943756103516,65.50900268554688,74.9518814086914,75.25,80.95238494873047,71.42857360839844,70,45,30.000001907348633,15.000000953674316,0,0,0,0,14.01818561553955,25769803776,0,17953472512,0
200,1790935121997,4,4,4,4,4,4,4,4,4,4,75.34264373779297,73.37409973144531,72.86502075195313,73.69889068603516,65.47706604003906,74.81533813476563,75.25,70,65,42.85714340209961,25,19.047618865966797,10,0,0,0,0,14.01818561553955,25769803776,0,17956077568,0
204,1790935122197,4,4,4,4,4,4,4,4,4,4,75.34264373779297,73.37409973144531,72.86502075195313,73.69889068603516,65.47706604003906,74.81533813476563,75.25,66.66667175292969,65,35,25,15.789472579956055,19.047618865966797,0,0,0,0,14.01818561553955,25769803776,0,17954996224,0
204,1790935122402,4,4,4,4,4,4,4,4,4,4,75.34264373779297,73.37409973144531,72.86502075195313,73.69889068603516,65.47706604003906,74.81533813476563,75.25,65,70,40,25,19.047618865966797,10,0,0,0,0,14.01818561553955,25769803776,0,17954996224,0
204,1790935122607,4,4,4,4,4,4,4,4,4,4,75.34264373779297,73.37409973144531,72.86502075195313,73.69889068603516,65.47706604003906,74.81533813476563,75.25,70,60.000003814697266,38.095237731933594,28.571430206298828,35,14.285715103149414,0,0,0,0,13.904180526733398,25769803776,0,17955405824,0
203,1790935122812,4,4,4,4,4,4,4,4,4,4,75.34264373779297,73.37409973144531,72.86502075195313,73.69889068603516,65.47706604003906,74.81533813476563,75.25,70,66.66667175292969,42.85714340209961,30.000001907348633,23.809524536132813,10.526315689086914,0,0,0,0,13.904180526733398,25769803776,0,17955405824,0
204,1790935123016,4,4,4,4,4,4,4,4,4,4,75.3271713256836,73.27232360839844,72.84138488769531,73.68425750732422,65.4560546875,74.77294921875,75.015625,66.66667175292969,65,42.105262756347656,23.809524536132813,15.000000953674316,18.18181800842285,0,0,0,0,13.904180526733398,25769803776,0,17957093376,0
204,1790935123221,4,4,4,4,4,4,4,4,4,4,75.3271713256836,73.27232360839844,72.84138488769531,73.68425750732422,65.4560546875,74.77294921875,75.015625,65,60.000003814697266,38.095237731933594,30.000001907348633,20,10.526315689086914,0,0,0,0,13.904180526733398,25769803776,0,17959665664,0
200,1790935123426,4,4,4,4,4,4,4,4,4,4,75.3271713256836,73.27232360839844,72.84138488769531,73.68425750732422,65.4560546875,74.77294921875,75.015625,65,57.142860412597656,25,25,14.285715103149414,9.523809432983398,0,0,0,0,13.904180526733398,25769803776,0,17958207488,0
204,1790935123627,4,4,4,4,4,4,4,4,4,4,75.3271713256836,73.27232360839844,72.84138488769531,73.68425750732422,65.4560546875,74.77294921875,75.015625,66.66667175292969,65,35,25,35,15.000000953674316,0,0,0,0,13.932229995727539,25769803776,0,17958961152,0
204,1790935123832,4,4,4,4,4,4,4,4,4,4,75.3271713256836,73.27232360839844,72.84138488769531,73.68425750732422,65.4560546875,74.77294921875,75.015625,68.42105102539063,63.15789031982422,38.095237731933594,35,20,14.285715103149414,0,0,0,0,13.932229995727539,25769803776,0,17960075264,0
204,1790935124037,4,4,4,4,4,4,4,4,4,4,75.3413314819336,73.30058288574219,72.84242248535156,73.68145751953125,65.45732879638672,74.784912109375,75.015625,65,61.904762268066406,35,36.3636360168457,23.809524536132813,10,0,0,0,0,13.932229995727539,25769803776,0,17961025536,0
201,1790935124242,4,4,4,4,4,4,4,4,4,4,75.3413314819336,73.30058288574219,72.84242248535156,73.68145751953125,65.45732879638672,74.784912109375,75.015625,71.42857360839844,66.66667175292969,40,25,20,10,0,0,0,0,13.932229995727539,25769803776,0,17961697280,0
201,1790935124444,4,4,4,4,4,4,4,4,4,4,75.3413314819336,73.30058288574219,72.84242248535156,73.68145751953125,65.45732879638672,74.784912109375,75.015625,70,63.15789031982422,40,30.000001907348633,19.047618865966797,10,0,0,0,0,13.932229995727539,25769803776,0,17964089344,0
204,1790935124646,4,4,4,4,4,4,4,4,4,4,75.3413314819336,73.30058288574219,72.84242248535156,73.68145751953125,65.45732879638672,74.784912109375,75.015625,65,65,33.333335876464844,25,15.000000953674316,10,9.090909004211426,0,0,0,14.054642677307129,25769803776,0,17962287104,0
204,1790935124851,4,4,4,4,4,4,4,4,4,4,75.3413314819336,73.30058288574219,72.84242248535156,73.68145751953125,65.45732879638672,74.784912109375,75.015625,66.66667175292969,60.000003814697266,45,25,20,14.285715103149414,0,0,0,0,14.054642677307129,25769803776,0,17962287104,0
204,1790935125056,4,4,4,4,4,4,4,4,4,4,75.30657958984375,73.33926391601563,72.84147644042969,73.668212890625,65.45557403564453,74.75733947753906,75.015625,70,71.42857360839844,40,25,20,14.285715103149414,0,0,0,0,14.054642677307129,25769803776,0,17963991040,0
204,1790935125261,4,4,4,4,4,4,4,4,4,4,75.30657958984375,73.33926391601563,72.84147644042969,73.668212890625,65.45557403564453,74.75733947753906,75.015625,65,60.000003814697266,33.333335876464844,36.3636360168457,19.047618865966797,19.047618865966797,0,0,0,0,14.054642677307129,25769803776,0,17964761088,0
201,1790935125466,4,4,4,4,4,4,4,4,4,4,75.30657958984375,73.33926391601563,72.84147644042969,73.668212890625,65.45557403564453,74.75733947753906,75.015625,65,66.66667175292969,35,35,15.000000953674316,15.000000953674316,0,0,0,0,14.054642677307129,25769803776,0,17965449216,0
200,1790935125668,4,4,4,4,4,4,4,4,4,4,75.30657958984375,73.33926391601563,72.84147644042969,73.668212890625,65.45557403564453,74.75733947753906,75.015625,70,63.15789031982422,40,25,20,10,0,0,0,0,13.991384506225586,25769803776,0,17965449216,0
204,1790935125869,4,4,4,4,4,4,4,4,4,4,75.30657958984375,73.33926391601563,72.84147644042969,73.668212890625,65.45557403564453,74.75733947753906,75.015625,70,61.904762268066406,25,15.789472579956055,14.285715103149414,10,0,0,0,0,13.991384506225586,25769803776,0,17965449216,0
202,1790935126074,4,4,4,4,4,4,4,4,4,4,75.31401062011719,73.31629180908203,72.83209228515625,73.66716003417969,65.44783782958984,74.76451110839844,75.015625,71.42857360839844,65,50,38.095237731933594,25,20,0,0,0,0,13.991384506225586,25769803776,0,17968021504,0
204,1790935126277,4,4,4,4,4,4,4,4,4,4,75.31401062011719,73.31629180908203,72.83209228515625,73.66716003417969,65.44783782958984,74.76451110839844,75.015625,68.42105102539063,65,38.095237731933594,35,20,10,0,0,0,0,13.991384506225586,25769803776,0,17968840704,0
204,1790935126482,4,4,4,4,4,4,4,4,4,4,75.31401062011719,73.31629180908203,72.83209228515625,73.66716003417969,65.44783782958984,74.76451110839844,75.015625,66.66667175292969,71.42857360839844,40,28.571430206298828,20,18.18181800842285,0,0,0,0,14.091835021972656,25769803776,0,17969397760,0
204,1790935126687,4,4,4,4,4,4,4,4,4,4,75.31401062011719,73.31629180908203,72.83209228515625,73.66716003417969,65.44783782958984,74.76451110839844,75.015625,65,70,40,28.571430206298828,19.047618865966797,15.000000953674316,0,0,0,0,14.091835021972656,25769803776,0,17972215808,0
203,1790935126892,4,4,4,4,4,4,4,4,4,4,75.31401062011719,73.31629180908203,72.83209228515625,73.66716003417969,65.44783782958984,74.76451110839844,75.015625,70,60.000003814697266,45,26.3157901763916,23.809524536132813,10,0,0,0,0,14.091835021972656,25769803776,0,17972215808,0
201,1790935127096,4,4,4,4,4,4,4,4,4,4,75.28055572509766,73.2636489868164,72.80535888671875,73.65367126464844,65.43757629394531,74.71996307373047,75.015625,66.66667175292969,61.904762268066406,35,23.809524536132813,15.000000953674316,9.523809432983398,0,0,0,0,14.091835021972656,25769803776,0,17973510144,0
201,1790935127298,4,4,4,4,4,4,4,4,4,4,75.28055572509766,73.2636489868164,72.80535888671875,73.65367126464844,65.43757629394531,74.71996307373047,75.015625,70,63.15789031982422,38.095237731933594,25,20,10,0,0,0,0,14.091835021972656,25769803776,0,17972330496,0
204,1790935127500,4,4,4,4,4,4,4,4,4,4,75.28055572509766,73.2636489868164,72.80535888671875,73.65367126464844,65.43757629394531,74.71996307373047,75.015625,70,70,45,30.000001907348633,23.809524536132813,10.526315689086914,0,0,0,0,14.015851974487305,25769803776,0,17973084160,0
201,1790935127704,4,4,4,4,4,4,4,4,4,4,75.28055572509766,73.2636489868164,72.80535888671875,73.65367126464844,65.43757629394531,74.71996307373047,75.015625,63.15789031982422,61.904762268066406,33.333335876464844,35,15.789472579956055,14.285715103149414,0,0,0,0,14.015851974487305,25769803776,0,17973510144,0
204,1790935127906,4,4,4,4,4,4,4,4,4,4,75.28055572509766,73.2636489868164,72.80535888671875,73.65367126464844,65.43757629394531,74.71996307373047,75.015625,65,68.42105102539063,31.57894515991211,20,19.047618865966797,10,0,0,0,0,14.015851974487305,25769803776,0,17973510144,0
201,1790935128111,4,4,4,4,4,4,4,4,4,4,75.2545394897461,73.1379623413086,72.74515533447266,73.64769744873047,65.41788482666016,74.69007873535156,81.015625,61.904762268066406,66.66667175292969,30.000001907348633,23.809524536132813,10.526315689086914,9.523809432983398,0,0,0,0,14.015851974487305,25769803776,0,17970987008,0
202,1790935128313,4,4,4,4,4,4,4,4,4,4,75.2545394897461,73.1379623413086,72.74515533447266,73.64769744873047,65.41788482666016,74.69007873535156,81.015625,61.904762268066406,60.000003814697266,25,15.000000953674316,10,10,0,0,0,0,14.015851974487305,25769803776,0,17974902784,0
201,1790935128516,4,4,4,4,4,4,4,4,4,4,75.2545394897461,73.1379623413086,72.74515533447266,73.64769744873047,65.41788482666016,74.69007873535156,81.015625,70,65,50,45,42.85714340209961,20,0,0,0,0,13.978589057922363,25769803776,0,17973329920,0
203,1790935128718,4,4,4,4,4,4,4,4,4,4,75.2545394897461,73.1379623413086,72.74515533447266,73.64769744873047,65.41788482666016,74.69007873535156,81.015625,68.42105102539063,70,42.85714340209961,25,19.047618865966797,10,0,0,0,0,13.978589057922363,25769803776,0,17973329920,0
204,1790935128922,4,4,4,4,4,4,4,4,4,4,75.2545394897461,73.1379623413086,72.74515533447266,73.64769744873047,65.41788482666016,74.69007873535156,81.015625,71.42857360839844,60.000003814697266,40,30.000001907348633,20,14.285715103149414,0,0,0,0,13.978589057922363,25769803776,0,17973329920,0
200,1790935129127,4,4,4,4,4,4,4,4,4,4,75.23986053466797,73.0880126953125,72.70249938964844,73.64324188232422,65.39752960205078,74.67774963378906,75.015625,68.42105102539063,66.66667175292969,40,28.571430206298828,20,30.000001907348633,0,0,0,0,13.978589057922363,25769803776,0,17980211200,0
200,1790935129328,4,4,4,4,4,4,4,4,4,4,75.23986053466797,73.0880126953125,72.70249938964844,73.64324188232422,65.39752960205078,74.67774963378906,75.015625,66.66667175292969,65,38.095237731933594,25,19.047618865966797,25,0,0,0,0,13.978589057922363,25769803776,0,17981161472,0
204,1790935129529,4,4,4,4,4,4,4,4,4,4,75.23986053466797,73.0880126953125,72.70249938964844,73.64324188232422,65.39752960205078,74.67774963378906,75.015625,78.94737243652344,68.42105102539063,50,36.842105865478516,26.3157901763916,33.333335876464844,0,0,0,0,13.99742317199707,25769803776,0,17988173824,0
204,1790935129734,4,4,4,4,4,4,4,4,4,4,75.23986053466797,73.0880126953125,72.70249938964844,73.64324188232422,65.39752960205078,74.67774963378906,75.015625,71.42857360839844,65,42.85714340209961,40.90909194946289,28.571430206298828,15.000000953674316,0,0,0,0,13.99742317199707,25769803776,0,17986994176,0
203,1790935129939,4,4,4,4,4,4,4,4,4,4,75.23986053466797,73.0880126953125,72.70249938964844,73.64324188232422,65.39752960205078,74.67774963378906,75.015625,66.66667175292969,61.904762268066406,40,30.000001907348633,19.047618865966797,14.285715103149414,0,0,0,0,13.99742317199707,25769803776,0,17986994176,0
204,1790935130143,4,4,4,4,4,4,4,4,4,4,75.2065658569336,73.01415252685547,72.62128448486328,73.62026977539063,65.37979888916016,74.59532165527344,81.015625,65,70,38.095237731933594,25,15.789472579956055,10,0,0,0,0,13.99742317199707,25769803776,0,17970003968,0
204,1790935130348,4,4,4,4,4,4,4,4,4,4,75.2065658569336,73.01415252685547,72.62128448486328,73.62026977539063,65.37979888916016,74.59532165527344,81.015625,70,66.66667175292969,35,25,19.047618865966797,30.000001907348633,0,0,0,0,13.99742317199707,25769803776,0,17970888704,0
204,1790935130553,4,4,4,4,4,4,4,4,4,4,75.2065658569336,73.01415252685547,72.62128448486328,73.62026977539063,65.37979888916016,74.59532165527344,81.015625,65,65,38.095237731933594,27.272727966308594,20,14.285715103149414,0,0,0,0,13.906301498413086,25769803776,0,17970888704,0
200,1790935130758,4,4,4,4,4,4,4,4,4,4,75.2065658569336,73.01415252685547,72.62128448486328,73.62026977539063,65.37979888916016,74.59532165527344,81.015625,66.66667175292969,57.142860412597656,31.57894515991211,21.052631378173828,14.285715103149414,10,0,0,0,0,13.906301498413086,25769803776,0,17970888704,0
201,1790935130958,4,4,4,4,4,4,4,4,4,4,75.2065658569336,73.01415252685547,72.62128448486328,73.62026977539063,65.37979888916016,74.59532165527344,81.015625,70,57.894737243652344,40,30.000001907348633,15.789472579956055,10,0,0,0,0,13.906301498413086,25769803776,0,17970888704,0
204,1790935131160,4,4,4,4,4,4,4,4,4,4,75.16868591308594,72.95960998535156,72.56441497802734,73.59868621826172,65.36042022705078,74.56249237060547,75.015625,65,65,35,23.809524536132813,33.333335876464844,15.000000953674316,0,0,0,0,13.906301498413086,25769803776,0,17974837248,0
204,1790935131365,4,4,4,4,4,4,4,4,4,4,75.16868591308594,72.95960998535156,72.56441497802734,73.59868621826172,65.36042022705078,74.56249237060547,75.015625,65,61.904762268066406,42.85714340209961,25,20,10,0,0,0,0,13.906301498413086,25769803776,0,17967988736,0
204,1790935131569,4,4,4,4,4,4,4,4,4,4,75.16868591308594,72.95960998535156,72.56441497802734,73.59868621826172,65.36042022705078,74.56249237060547,75.015625,65,61.904762268066406,30.000001907348633,20,14.285715103149414,23.809524536132813,0,0,0,0,13.94767951965332,25769803776,0,17970085888,0
202,1790935131774,4,4,4,4,4,4,4,4,4,4,75.16868591308594,72.95960998535156,72.56441497802734,73.59868621826172,65.36042022705078,74.56249237060547,75.015625,61.904762268066406,63.15789031982422,33.333335876464844,19.047618865966797,10,10,0,0,0,0,13.94767951965332,25769803776,0,17970085888,0
204,1790935131977,4,4,4,4,4,4,4,4,4,4,75.1888198852539,72.95433807373047,72.5273666381836,73.59739685058594,65.32854461669922,74.56101989746094,75.015625,75,65,47.619049072265625,50,33.333335876464844,33.333335876464844,0,0,0,0,13.94767951965332,25769803776,0,17970085888,0
204,1790935132182,4,4,4,4,4,4,4,4,4,4,75.1888198852539,72.95433807373047,72.5273666381836,73.59739685058594,65.32854461669922,74.56101989746094,75.015625,70,66.66667175292969,42.105262756347656,35,50,10.526315689086914,0,0,0,0,13.94767951965332,25769803776,0,17977393152,0
201,1790935132387,4,4,4,4,4,4,4,4,4,4,75.1888198852539,72.95433807373047,72.5273666381836,73.59739685058594,65.32854461669922,74.56101989746094,75.015625,75,68.42105102539063,45,30.000001907348633,50,18.18181800842285,0,0,0,0,13.94767951965332,25769803776,0,17977163776,0
203,1790935132589,4,4,4,4,4,4,4,4,4,4,75.1888198852539,72.95433807373047,72.5273666381836,73.59739685058594,65.32854461669922,74.56101989746094,75.015625,65,61.904762268066406,38.095237731933594,40,20,10.526315689086914,0,0,0,0,13.93072509765625,25769803776,0,17978048512,0
204,1790935132793,4,4,4,4,4,4,4,4,4,4,75.1888198852539,72.95433807373047,72.5273666381836,73.59739685058594,65.32854461669922,74.56101989746094,75.015625,66.66667175292969,70,40,30.000001907348633,23.809524536132813,15.000000953674316,0,0,0,0,13.93072509765625,25769803776,0,17978621952,0
203,1790935132997,4,4,4,4,4,4,4,4,4,4,75.15291595458984,72.97358703613281,72.54026794433594,73.57828521728516,65.33238983154297,74.53813171386719,75.015625,63.15789031982422,70,36.842105865478516,27.272727966308594,15.000000953674316,13.636363983154297,0,0,0,0,13.93072509765625,25769803776,0,17978621952,0
200,1790935133202,4,4,4,4,4,4,4,4,4,4,75.15291595458984,72.97358703613281,72.54026794433594,73.57828521728516,65.33238983154297,74.53813171386719,75.015625,61.904762268066406,66.66667175292969,31.81818199157715,20,10,10,0,0,0,0,13.93072509765625,25769803776,0,17982832640,0
204,1790935133402,4,4,4,4,4,4,4,4,4,4,75.15291595458984,72.97358703613281,72.54026794433594,73.57828521728516,65.33238983154297,74.53813171386719,75.015625,65,63.15789031982422,31.57894515991211,21.052631378173828,25,15.000000953674316,0,0,0,0,13.93072509765625,25769803776,0,17981784064,0
204,1790935133607,4,4,4,4,4,4,4,4,4,4,75.15291595458984,72.97358703613281,72.54026794433594,73.57828521728516,65.33238983154297,74.53813171386719,75.015625,70,66.66667175292969,40,33.333335876464844,19.047618865966797,10,0,0,0,0,14.051324844360352,25769803776,0,17982717952,0
202,1790935133812,4,4,4,4,4,4,4,4,4,4,75.15291595458984,72.97358703613281,72.54026794433594,73.57828521728516,65.33238983154297,74.53813171386719,75.015625,70,61.904762268066406,33.333335876464844,25,15.000000953674316,28.571430206298828,0,0,0,0,14.051324844360352,25769803776,0,17983553536,0
201,1790935134015,4,4,4,4,4,4,4,4,4,4,75.12576293945313,72.9244613647461,72.4701156616211,73.54862213134766,65.28474426269531,74.49238586425781,75.015625,71.42857360839844,63.15789031982422,38.095237731933594,25,20,14.285715103149414,0,0,0,0,14.051324844360352,25769803776,0,17984389120,0
199,1790935134216,4,4,4,4,4,4,4,4,4,4,75.12576293945313,72.9244613647461,72.4701156616211,73.54862213134766,65.28474426269531,74.49238586425781,75.015625,73.68421173095703,65,42.105262756347656,25,20,10.526315689086914,0,0,0,0,14.051324844360352,25769803776,0,17985290240,0
201,1790935134417,4,4,4,4,4,4,4,4,4,4,75.12576293945313,72.9244613647461,72.4701156616211,73.54862213134766,65.28474426269531,74.49238586425781,75.015625,66.66667175292969,60.000003814697266,35,23.809524536132813,23.809524536132813,10,0,0,0,0,14.051324844360352,25769803776,0,17987977216,0
204,1790935134618,4,4,4,4,4,4,4,4,4,4,75.12576293945313,72.9244613647461,72.4701156616211,73.54862213134766,65.28474426269531,74.49238586425781,75.015625,68.42105102539063,65,40,26.3157901763916,15.000000953674316,10,0,0,0,0,13.963813781738281,25769803776,0,17986387968,0
203,1790935134823,4,4,4,4,4,4,4,4,4,4,75.12576293945313,72.9244613647461,72.4701156616211,73.54862213134766,65.28474426269531,74.49238586425781,75.015625,66.66667175292969,70,40,25,20,19.047618865966797,0,0,0,0,13.963813781738281,25769803776,0,17987420160,0
204,1790935135027,4,4,4,4,4,4,4,4,4,4,75.11493682861328,72.91577911376953,72.42453002929688,73.52066040039063,65.23019409179688,74.47889709472656,75.015625,70,70,38.095237731933594,28.571430206298828,15.000000953674316,10,0,0,0,0,13.963813781738281,25769803776,0,17988255744,0
200,1790935135232,4,4,4,4,4,4,4,4,4,4,75.11493682861328,72.91577911376953,72.42453002929688,73.52066040039063,65.23019409179688,74.47889709472656,75.015625,65,63.6363639831543,35,23.809524536132813,30.000001907348633,14.285715103149414,0,0,0,0,13.963813781738281,25769803776,0,17989107712,0
204,1790935135433,4,4,4,4,4,4,4,4,4,4,75.11493682861328,72.91577911376953,72.42453002929688,73.52066040039063,65.23019409179688,74.47889709472656,75.015625,68.42105102539063,73.68421173095703,40,26.3157901763916,19.047618865966797,10,0,0,0,0,13.963813781738281,25769803776,0,17989910528,0
202,1790935135638,4,4,4,4,4,4,4,4,4,4,75.11493682861328,72.91577911376953,72.42453002929688,73.52066040039063,65.23019409179688,74.47889709472656,75.015625,61.904762268066406,60.000003814697266,28.571430206298828,19.047618865966797,19.047618865966797,10,0,0,0,0,13.921866416931152,25769803776,0,17991254016,0
204,1790935135840,4,4,4,4,4,4,4,4,4,4,75.11493682861328,72.91577911376953,72.42453002929688,73.52066040039063,65.23019409179688,74.47889709472656,75.015625,70,60.000003814697266,31.57894515991211,25,30.000001907348633,10,0,0,0,0,13.921866416931152,25769803776,0,17991712768,0
204,1790935136045,4,4,4,4,4,4,4,4,4,4,75.09335327148438,72.91050720214844,72.39640808105469,73.45787048339844,65.19319152832031,74.45228576660156,75.015625,65,70,38.095237731933594,25,20,14.285715103149414,0,0,0,0,13.921866416931152,25769803776,0,17991712768,0
204,1790935136250,4,4,4,4,4,4,4,4,4,4,75.09335327148438,72.91050720214844,72.39640808105469,73.45787048339844,65.19319152832031,74.45228576660156,75.015625,68.18181610107422,66.66667175292969,35,23.809524536132813,25,10,0,0,0,0,13.921866416931152,25769803776,0,17993498624,0
204,1790935136455,4,4,4,4,4,4,4,4,4,4,75.09335327148438,72.91050720214844,72.39640808105469,73.45787048339844,65.19319152832031,74.45228576660156,75.015625,65,60.000003814697266,33.333335876464844,25,19.047618865966797,28.571430206298828,0,0,0,0,13.921866416931152,25769803776,0,17994432512,0
204,1790935136660,4,4,4,4,4,4,4,4,4,4,75.09335327148438,72.91050720214844,72.39640808105469,73.45787048339844,65.19319152832031,74.45228576660156,75.015625,75,65,40,23.809524536132813,20,10,0,0,0,0,13.885820388793945,25769803776,0,17995087872,0
204,1790935136866,4,4,4,4,4,4,4,4,4,4,75.09335327148438,72.91050720214844,72.39640808105469,73.45787048339844,65.19319152832031,74.45228576660156,75.015625,65,65,35,25,19.047618865966797,14.285715103149414,0,0,0,0,13.885820388793945,25769803776,0,17997365248,0
203,1790935137071,4,4,4,4,4,4,4,4,4,4,75.0864486694336,72.91625213623047,72.3998031616211,73.43770599365234,65.21542358398438,74.4448013305664,74.78125,70,63.6363639831543,35,23.809524536132813,15.000000953674316,10,0,0,0,0,13.885820388793945,25769803776,0,17996333056,0
200,1790935137274,4,4,4,4,4,4,4,4,4,4,75.0864486694336,72.91625213623047,72.3998031616211,73.43770599365234,65.21542358398438,74.4448013305664,74.78125,71.42857360839844,65,42.85714340209961,25,19.047618865966797,10,0,0,0,0,13.885820388793945,25769803776,0,17997185024,0
204,1790935137475,4,4,4,4,4,4,4,4,4,4,75.0864486694336,72.91625213623047,72.3998031616211,73.43770599365234,65.21542358398438,74.4448013305664,74.78125,65,63.15789031982422,35,25,35,14.285715103149414,0,0,0,0,13.885820388793945,25769803776,0,17998020608,0
204,1790935137680,4,4,4,4,4,4,4,4,4,4,75.0864486694336,72.91625213623047,72.3998031616211,73.43770599365234,65.21542358398438,74.4448013305664,74.78125,70,65,36.842105865478516,30.000001907348633,15.000000953674316,10,0,0,0,0,13.836267471313477,25769803776,0,17999298560,0
204,1790935137885,4,4,4,4,4,4,4,4,4,4,75.0864486694336,72.91625213623047,72.3998031616211,73.43770599365234,65.21542358398438,74.4448013305664,74.78125,70,61.904762268066406,33.333335876464844,30.000001907348633,19.047618865966797,15.000000953674316,0,0,0,0,13.836267471313477,25769803776,0,18000035840,0
204,1790935138090,4,4,4,4,4,4,4,4,4,4,75.0753173828125,72.90945434570313,72.38420867919922,73.41870880126953,65.19900512695313,74.4156265258789,75.015625,70,60.000003814697266,35,23.809524536132813,15.000000953674316,9.523809432983398,0,0,0,0,13.836267471313477,25769803776,0,18001412096,0
204,1790935138295,4,4,4,4,4,4,4,4,4,4,75.0753173828125,72.90945434570313,72.38420867919922,73.41870880126953,65.19900512695313,74.4156265258789,75.015625,66.66667175292969,63.6363639831543,33.333335876464844,25,15.000000953674316,10,0,0,0,0,13.836267471313477,25769803776,0,18004803584,0
201,1790935138500,4,4,4,4,4,4,4,4,4,4,75.0753173828125,72.90945434570313,72.38420867919922,73.41870880126953,65.19900512695313,74.4156265258789,75.015625,65,70,40,23.809524536132813,22.72727394104004,14.285715103149414,0,0,0,0,13.965790748596191,25769803776,0,18003181568,0
204,1790935138702,4,4,4,4,4,4,4,4,4,4,75.0753173828125,72.90945434570313,72.38420867919922,73.41870880126953,65.19900512695313,74.4156265258789,75.015625,60.000003814697266,55.55555725097656,30.000001907348633,30.000001907348633,10.526315689086914,15.000000953674316,0,0,0,0,13.965790748596191,25769803776,0,18003181568,0
202,1790935138907,4,4,4,4,4,4,4,4,4,4,75.0753173828125,72.90945434570313,72.38420867919922,73.41870880126953,65.19900512695313,74.4156265258789,75.015625,61.904762268066406,57.142860412597656,38.095237731933594,20,15.000000953674316,5,0,0,0,0,13.965790748596191,25769803776,0,18003181568,0
204,1790935139109,4,4,4,4,4,4,4,4,4,4,75.0426254272461,72.89186096191406,72.34669494628906,73.34825134277344,65.15318298339844,74.38428497314453,74.78125,63.15789031982422,65,30.000001907348633,30.000001907348633,15.000000953674316,15.000000953674316,0,0,0,0,13.965790748596191,25769803776,0,18003181568,0
204,1790935139314,4,4,4,4,4,4,4,4,4,4,75.0426254272461,72.89186096191406,72.34669494628906,73.34825134277344,65.15318298339844,74.38428497314453,74.78125,71.42857360839844,70,70,38.095237731933594,31.81818199157715,23.809524536132813,0,0,0,0,13.965790748596191,25769803776,0,18006720512,0
199,1790935139519,4,4,4,4,4,4,4,4,4,4,75.0426254272461,72.89186096191406,72.34669494628906,73.34825134277344,65.15318298339844,74.38428497314453,74.78125,65,61.904762268066406,42.85714340209961,25,20,14.285715103149414,0,0,0,0,13.803189277648926,25769803776,0,18009653248,0
203,1790935139719,4,4,4,4,4,4,4,4,4,4,75.0426254272461,72.89186096191406,72.34669494628906,73.34825134277344,65.15318298339844,74.38428497314453,74.78125,65,63.15789031982422,35,23.809524536132813,15.000000953674316,10,0,0,0,0,13.803189277648926,25769803776,0,18009653248,0
199,1790935139923,4,4,4,4,4,4,4,4,4,4,75.0426254272461,72.89186096191406,72.34669494628906,73.34825134277344,65.15318298339844,74.38428497314453,74.78125,75,61.904762268066406,40,25,20,15.000000953674316,0,0,0,0,13.803189277648926,25769803776,0,18009653248,0
204,1790935140123,4,4,4,4,4,4,4,4,4,4,75.08685302734375,72.90440368652344,72.3734359741211,73.41636657714844,65.17475891113281,74.42546844482422,74.78125,65,65,35,31.57894515991211,25,15.000000953674316,0,0,0,0,13.803189277648926,25769803776,0,18009653248,0
204,1790935140328,4,4,4,4,4,4,4,4,4,4,75.08685302734375,72.90440368652344,72.3734359741211,73.41636657714844,65.17475891113281,74.42546844482422,74.78125,50,45,20,19.047618865966797,15.000000953674316,9.523809432983398,0,0,0,0,13.803189277648926,25769803776,0,18011799552,0
204,1790935140533,4,4,4,4,4,4,4,4,4,4,75.08685302734375,72.90440368652344,72.3734359741211,73.41636657714844,65.17475891113281,74.42546844482422,74.78125,23.809524536132813,4.761904716491699,0,0,0,0,0,0,0,0,14.04390811920166,25769803776,0,18011897856,0
204,1790935140738,4,4,4,4,4,4,4,4,4,4,75.08685302734375,72.90440368652344,72.3734359741211,73.41636657714844,65.17475891113281,74.42546844482422,74.78125,65,60.000003814697266,38.095237731933594,23.809524536132813,20,10,4.761904716491699,0,0,0,14.04390811920166,25769803776,0,18015092736,0
202,1790935140943,4,4,4,4,4,4,4,4,4,4,75.08685302734375,72.90440368652344,72.3734359741211,73.41636657714844,65.17475891113281,74.42546844482422,74.78125,65,60.000003814697266,33.333335876464844,20,15.000000953674316,10,0,0,0,0,14.04390811920166,25769803776,0,18012766208,0
200,1790935141145,4,4,4,4,4,4,4,4,4,4,75.0259017944336,72.82604217529297,72.27758026123047,73.32987976074219,65.08966827392578,74.3719711303711,76.546875,65,65,38.88888931274414,25,20,9.523809432983398,0,0,0,0,14.04390811920166,25769803776,0,18012766208,0
201,1790935141346,4,4,4,4,4,4,4,4,4,4,75.0259017944336,72.82604217529297,72.27758026123047,73.32987976074219,65.08966827392578,74.3719711303711,76.546875,71.42857360839844,70,40,28.571430206298828,23.809524536132813,15.000000953674316,0,0,0,0,14.04390811920166,25769803776,0,18015453184,0
204,1790935141548,4,4,4,4,4,4,4,4,4,4,75.0259017944336,72.82604217529297,72.27758026123047,73.32987976074219,65.08966827392578,74.3719711303711,76.546875,63.15789031982422,60.000003814697266,38.095237731933594,31.57894515991211,15.789472579956055,15.000000953674316,0,0,0,0,13.74602222442627,25769803776,0,18016288768,0
204,1790935141753,4,4,4,4,4,4,4,4,4,4,75.0259017944336,72.82604217529297,72.27758026123047,73.32987976074219,65.08966827392578,74.3719711303711,76.546875,71.42857360839844,66.66667175292969,35,23.809524536132813,19.047618865966797,14.285715103149414,0,0,0,0,13.74602222442627,25769803776,0,18017140736,0
204,1790935141958,4,4,4,4,4,4,4,4,4,4,75.0259017944336,72.82604217529297,72.27758026123047,73.32987976074219,65.08966827392578,74.3719711303711,76.546875,75,65,38.095237731933594,25,20,10,0,0,0,0,13.74602222442627,25769803776,0,18018009088,0
204,1790935142163,4,4,4,4,4,4,4,4,4,4,75.06108856201172,72.88658905029297,72.3173828125,73.3520278930664,65.13019561767578,74.40245819091797,74.78125,65,60.000003814697266,35,23.809524536132813,19.047618865966797,15.000000953674316,0,0,0,0,13.74602222442627,25769803776,0,18020237312,0
200,1790935142368,4,4,4,4,4,4,4,4,4,4,75.06108856201172,72.88658905029297,72.3173828125,73.3520278930664,65.13019561767578,74.40245819091797,74.78125,71.42857360839844,61.904762268066406,38.095237731933594,21.052631378173828,19.047618865966797,14.285715103149414,0,0,0,0,13.74602222442627,25769803776,0,18019811328,0
204,1790935142569,4,4,4,4,4,4,4,4,4,4,75.06108856201172,72.88658905029297,72.3173828125,73.3520278930664,65.13019561767578,74.40245819091797,74.78125,75,68.42105102539063,45,28.571430206298828,20,15.000000953674316,0,0,0,0,14.010954856872559,25769803776,0,18021072896,0
204,1790935142773,4,4,4,4,4,4,4,4,4,4,75.06108856201172,72.88658905029297,72.3173828125,73.3520278930664,65.13019561767578,74.40245819091797,74.78125,65,66.66667175292969,40,26.3157901763916,15.000000953674316,14.285715103149414,0,0,0,0,14.010954856872559,25769803776,0,18022055936,0
199,1790935142978,4,4,4,4,4,4,4,4,4,4,75.06489562988281,72.89152526855469,72.3505630493164,73.36351776123047,65.15265655517578,74.40949249267578,74.78125,65,68.42105102539063,30.000001907348633,22.72727394104004,15.000000953674316,5,0,0,0,0,14.010954856872559,25769803776,0,18023268352,0
201,1790935143178,4,4,4,4,4,4,4,4,4,4,75.06489562988281,72.89152526855469,72.3505630493164,73.36351776123047,65.15265655517578,74.40949249267578,74.78125,65,66.66667175292969,42.105262756347656,26.3157901763916,20,10.526315689086914,0,0,0,0,14.010954856872559,25769803776,0,18024185856,0
204,1790935143380,4,4,4,4,4,4,4,4,4,4,75.06489562988281,72.89152526855469,72.3505630493164,73.36351776123047,65.15265655517578,74.40949249267578,74.78125,65,65,33.333335876464844,23.809524536132813,19.047618865966797,14.285715103149414,0,0,0,0,14.010954856872559,25769803776,0,18026921984,0
204,1790935143585,4,4,4,4,4,4,4,4,4,4,75.06489562988281,72.89152526855469,72.3505630493164,73.36351776123047,65.15265655517578,74.40949249267578,74.78125,71.42857360839844,65,40,25,20,10,0,0,0,0,14.04255199432373,25769803776,0,18026004480,0
204,1790935143790,4,4,4,4,4,4,4,4,4,4,75.06489562988281,72.89152526855469,72.3505630493164,73.36351776123047,65.15265655517578,74.40949249267578,74.78125,65,66.66667175292969,33.333335876464844,35,15.000000953674316,9.523809432983398,0,0,0,0,14.04255199432373,25769803776,0,18026938368,0
204,1790935143995,4,4,4,4,4,4,4,4,4,4,74.99983978271484,72.86175537109375,72.30565643310547,73.26313018798828,65.08956909179688,74.34910583496094,74.546875,70,60.000003814697266,31.57894515991211,38.095237731933594,23.809524536132813,15.000000953674316,0,0,0,0,14.04255199432373,25769803776,0,18027773952,0
204,1790935144200,4,4,4,4,4,4,4,4,4,4,74.99983978271484,72.86175537109375,72.30565643310547,73.26313018798828,65.08956909179688,74.34910583496094,74.546875,70,70,40.90909194946289,25,15.000000953674316,14.285715103149414,0,0,0,0,14.04255199432373,25769803776,0,18028216320,0
200,1790935144405,4,4,4,4,4,4,4,4,4,4,74.99983978271484,72.86175537109375,72.30565643310547,73.26313018798828,65.08956909179688,74.34910583496094,74.546875,66.66667175292969,57.142860412597656,31.57894515991211,35,19.047618865966797,10,0,0,0,0,14.04255199432373,25769803776,0,18029166592,0
204,1790935144606,4,4,4,4,4,4,4,4,4,4,74.99983978271484,72.86175537109375,72.30565643310547,73.26313018798828,65.08956909179688,74.34910583496094,74.546875,68.42105102539063,65,47.619049072265625,28.571430206298828,15.789472579956055,10,0,0,0,0,13.827043533325195,25769803776,0,18032328704,0
203,1790935144811,4,4,4,4,4,4,4,4,4,4,74.99983978271484,72.86175537109375,72.30565643310547,73.26313018798828,65.08956909179688,74.34910583496094,74.546875,66.66667175292969,60.000003814697266,31.57894515991211,25,19.047618865966797,9.523809432983398,0,0,0,0,13.827043533325195,25769803776,0,18030985216,0
201,1790935145015,4,4,4,4,4,4,4,4,4,4,74.98363494873047,72.86089324951172,72.27458953857422,73.25128173828125,65.05400848388672,74.3621826171875,74.78125,65,70,42.85714340209961,30.000001907348633,20,20,0,0,0,0,13.827043533325195,25769803776,0,18031230976,0
204,1790935145217,4,4,4,4,4,4,4,4,4,4,74.98363494873047,72.86089324951172,72.27458953857422,73.25128173828125,65.05400848388672,74.3621826171875,74.78125,66.66667175292969,60.000003814697266,47.619049072265625,25,19.047618865966797,10,0,0,0,0,13.827043533325195,25769803776,0,18031230976,0
200,1790935145421,4,4,4,4,4,4,4,4,4,4,74.98363494873047,72.86089324951172,72.27458953857422,73.25128173828125,65.05400848388672,74.3621826171875,74.78125,70,61.904762268066406,35,20,15.000000953674316,9.523809432983398,0,0,0,0,13.827043533325195,25769803776,0,18033606656,0
202,1790935145622,4,4,4,4,4,4,4,4,4,4,74.98363494873047,72.86089324951172,72.27458953857422,73.25128173828125,65.05400848388672,74.3621826171875,74.78125,65,63.15789031982422,26.3157901763916,23.809524536132813,30.000001907348633,10,0,0,0,0,13.825383186340332,25769803776,0,18028593152,0
201,1790935145825,4,4,4,4,4,4,4,4,4,4,74.98363494873047,72.86089324951172,72.27458953857422,73.25128173828125,65.05400848388672,74.3621826171875,74.78125,63.15789031982422,61.904762268066406,35,15.000000953674316,15.000000953674316,10,0,0,0,0,13.825383186340332,25769803776,0,18030723072,0
200,1790935146026,4,4,4,4,4,4,4,4,4,4,74.958251953125,72.8140869140625,72.22979736328125,73.21892547607422,65.02449798583984,74.32984161376953,74.546875,60.000003814697266,60.000003814697266,33.333335876464844,20,15.000000953674316,5.263157844543457,0,0,0,0,13.825383186340332,25769803776,0,18033049600,0
204,1790935146227,4,4,4,4,4,4,4,4,4,4,74.958251953125,72.8140869140625,72.22979736328125,73.21892547607422,65.02449798583984,74.32984161376953,74.546875,80,73.68421173095703,55,45,25,23.809524536132813,0,0,0,0,13.825383186340332,25769803776,0,18037506048,0
204,1790935146432,4,4,4,4,4,4,4,4,4,4,74.958251953125,72.8140869140625,72.22979736328125,73.21892547607422,65.02449798583984,74.32984161376953,74.546875,65,60.000003814697266,35,35,23.809524536132813,15.000000953674316,0,0,0,0,13.825383186340332,25769803776,0,18038407168,0
204,1790935146637,4,4,4,4,4,4,4,4,4,4,74.958251953125,72.8140869140625,72.22979736328125,73.21892547607422,65.02449798583984,74.32984161376953,74.546875,70,66.66667175292969,40,23.809524536132813,20,10,0,0,0,0,13.850131034851074,25769803776,0,18039357440,0
200,1790935146842,4,4,4,4,4,4,4,4,4,4,74.958251953125,72.8140869140625,72.22979736328125,73.21892547607422,65.02449798583984,74.32984161376953,74.546875,68.18181610107422,65,33.333335876464844,40,20,14.285715103149414,0,0,0,0,13.850131034851074,25769803776,0,18040225792,0
201,1790935147043,4,4,4,4,4,4,4,4,4,4,74.98544311523438,72.85773468017578,72.2567138671875,73.25628662109375,65.06364440917969,74.36587524414063,74.546875,68.42105102539063,61.904762268066406,40,20,19.047618865966797,10,0,0,0,0,13.850131034851074,25769803776,0,18034900992,0
199,1790935147245,4,4,4,4,4,4,4,4,4,4,74.98544311523438,72.85773468017578,72.2567138671875,73.25628662109375,65.06364440917969,74.36587524414063,74.546875,60.000003814697266,57.894737243652344,25,19.047618865966797,10,9.523809432983398,0,0,0,0,13.850131034851074,25769803776,0,18034900992,0
200,1790935147445,4,4,4,4,4,4,4,4,4,4,74.98544311523438,72.85773468017578,72.2567138671875,73.25628662109375,65.06364440917969,74.36587524414063,74.546875,65,60.000003814697266,26.3157901763916,15.789472579956055,26.3157901763916,15.000000953674316,0,0,0,0,13.850131034851074,25769803776,0,18039357440,0
204,1790935147645,4,4,4,4,4,4,4,4,4,4,74.98544311523438,72.85773468017578,72.2567138671875,73.25628662109375,65.06364440917969,74.36587524414063,74.546875,75,71.42857360839844,50,40,33.333335876464844,25,0,0,0,0,13.962446212768555,25769803776,0,18044157952,0
200,1790935147850,4,4,4,4,4,4,4,4,4,4,74.98544311523438,72.85773468017578,72.2567138671875,73.25628662109375,65.06364440917969,74.36587524414063,74.546875,65,70,38.095237731933594,25,20,10,0,0,0,0,13.962446212768555,25769803776,0,18045075456,0
204,1790935148051,4,4,4,4,4,4,4,4,4,4,74.99234008789063,72.83732604980469,72.25226593017578,73.23967742919922,65.03175354003906,74.34558868408203,74.78125,65,63.15789031982422,36.842105865478516,25,33.333335876464844,15.000000953674316,0,0,0,0,13.962446212768555,25769803776,0,18045894656,0
203,1790935148256,4,4,4,4,4,4,4,4,4,4,74.99234008789063,72.83732604980469,72.25226593017578,73.23967742919922,65.03175354003906,74.34558868408203,74.78125,65,61.904762268066406,40.90909194946289,23.809524536132813,10.526315689086914,9.523809432983398,0,0,0,0,13.962446212768555,25769803776,0,18046943232,0
204,1790935148459,4,4,4,4,4,4,4,4,4,4,74.99234008789063,72.83732604980469,72.25226593017578,73.23967742919922,65.03175354003906,74.34558868408203,74.78125,66.66667175292969,63.15789031982422,31.57894515991211,23.809524536132813,19.047618865966797,10,0,0,0,0,13.962446212768555,25769803776,0,18049875968,0
199,1790935148664,4,4,4,4,4,4,4,4,4,4,74.99234008789063,72.83732604980469,72.25226593017578,73.23967742919922,65.03175354003906,74.34558868408203,74.78125,65,66.66667175292969,40,26.3157901763916,20,10,0,0,0,0,13.956869125366211,25769803776,0,18048614400,0
204,1790935148864,4,4,4,4,4,4,4,4,4,4,74.99234008789063,72.83732604980469,72.25226593017578,73.23967742919922,65.03175354003906,74.34558868408203,74.78125,63.15789031982422,66.66667175292969,45,23.809524536132813,20,10,0,0,0,0,13.956869125366211,25769803776,0,18049449984,0
200,1790935149069,4,4,4,4,4,4,4,4,4,4,74.92137908935547,72.76747131347656,72.17398834228516,73.19722747802734,64.981201171875,74.30314636230469,74.546875,66.66667175292969,63.15789031982422,38.095237731933594,35,19.047618865966797,10,0,0,0,0,13.956869125366211,25769803776,0,18050269184,0
204,1790935149269,4,4,4,4,4,4,4,4,4,4,74.92137908935547,72.76747131347656,72.17398834228516,73.19722747802734,64.981201171875,74.30314636230469,74.546875,65,65,40,25,19.047618865966797,28.571430206298828,0,0,0,0,13.956869125366211,25769803776,0,18051104768,0
204,1790935149475,4,4,4,4,4,4,4,4,4,4,74.92137908935547,72.76747131347656,72.17398834228516,73.19722747802734,64.981201171875,74.30314636230469,74.546875,70,66.66667175292969,60.000003814697266,40,25,30.000001907348633,0,0,0,0,13.956869125366211,25769803776,0,18053382144,0
199,1790935149680,4,4,4,4,4,4,4,4,4,4,74.92137908935547,72.76747131347656,72.17398834228516,73.19722747802734,64.981201171875,74.30314636230469,74.546875,65,63.15789031982422,33.333335876464844,23.809524536132813,15.000000953674316,10,4.761904716491699,0,0,0,13.819859504699707,25769803776,0,18040389632,0
199,1790935149880,4,4,4,4,4,4,4,4,4,4,74.92137908935547,72.76747131347656,72.17398834228516,73.19722747802734,64.981201171875,74.30314636230469,74.546875,40,35,15.789472579956055,26.3157901763916,10,9.523809432983398,0,0,0,0,13.819859504699707,25769803776,0,18041864192,0
200,1790935150080,4,4,4,4,4,4,4,4,4,4,74.91387939453125,72.75678253173828,72.14796447753906,73.19476318359375,64.97550201416016,74.29457092285156,80.546875,25,20,25,10,0,0,0,0,0,0,13.819859504699707,25769803776,0,18042011648,0
200,1790935150280,4,4,4,4,4,4,4,4,4,4,74.91387939453125,72.75678253173828,72.14796447753906,73.19476318359375,64.97550201416016,74.29457092285156,80.546875,5.263157844543457,10,0,0,0,0,10,0,0,0,13.819859504699707,25769803776,0,18042126336,0
204,1790935150481,4,4,4,4,4,4,4,4,4,4,74.91387939453125,72.75678253173828,72.14796447753906,73.19476318359375,64.97550201416016,74.29457092285156,80.546875,19.047618865966797,10,5,0,9.523809432983398,0,5,0,0,0,13.867680549621582,25769803776,0,18042191872,0
204,1790935150686,4,4,4,4,4,4,4,4,4,4,74.91387939453125,72.75678253173828,72.14796447753906,73.19476318359375,64.97550201416016,74.29457092285156,80.546875,28.571430206298828,9.523809432983398,0,4.761904716491699,0,0,5,0,4.761904716491699,0,13.867680549621582,25769803776,0,18042191872,0
202,1790935150891,4,4,4,4,4,4,4,4,4,4,74.91387939453125,72.75678253173828,72.14796447753906,73.19476318359375,64.97550201416016,74.29457092285156,80.546875,10,0,9.090909004211426,0,0,0,4.761904716491699,0,0,0,13.867680549621582,25769803776,0,18043846656,0
204,1790935151094,4,4,4,4,4,4,4,4,4,4,74.84078216552734,72.53433227539063,71.99816131591797,73.18000030517578,64.84661102294922,74.22203063964844,76.546875,15.000000953674316,10,0,0,0,0,0,5.263157844543457,0,0,13.867680549621582,25769803776,0,18042257408,0
201,1790935151299,4,4,4,4,4,4,4,4,4,4,74.84078216552734,72.53433227539063,71.99816131591797,73.18000030517578,64.84661102294922,74.22203063964844,76.546875,28.571430206298828,19.047618865966797,10.526315689086914,10,9.523809432983398,9.523809432983398,0,9.090909004211426,0,0,13.867680549621582,25769803776,0,18005999616,0
204,1790935151502,4,4,4,4,4,4,4,4,4,4,74.84078216552734,72.53433227539063,71.99816131591797,73.18000030517578,64.84661102294922,74.22203063964844,76.546875,23.809524536132813,10,9.090909004211426,0,0,0,0,5.263157844543457,0,0,13.3429536819458,25769803776,0,18005983232,0
204,1790935151706,4,4,4,4,4,4,4,4,4,4,74.84078216552734,72.53433227539063,71.99816131591797,73.18000030517578,64.84661102294922,74.22203063964844,76.546875,15.789472579956055,9.523809432983398,5,0,0,0,0,5,0,0,13.3429536819458,25769803776,0,18005983232,0
204,1790935151911,4,4,4,4,4,4,4,4,4,4,74.84078216552734,72.53433227539063,71.99816131591797,73.18000030517578,64.84661102294922,74.22203063964844,76.546875,20,10,0,9.523809432983398,0,0,0,9.090909004211426,0,0,13.3429536819458,25769803776,0,18005983232,0
204,1790935152116,4,4,4,4,4,4,4,4,4,4,74.9435043334961,72.45640563964844,72.07258605957031,73.216796875,64.9429931640625,74.29562377929688,76.546875,19.047618865966797,9.523809432983398,9.523809432983398,0,0,0,0,5,0,0,13.3429536819458,25769803776,0,18005983232,0
204,1790935152321,4,4,4,4,4,4,4,4,4,4,74.9435043334961,72.45640563964844,72.07258605957031,73.216796875,64.9429931640625,74.29562377929688,76.546875,14.285715103149414,5,0,0,0,0,4.761904716491699,0,0,0,13.3429536819458,25769803776,0,18005983232,0
203,1790935152526,4,4,4,4,4,4,4,4,4,4,74.9435043334961,72.45640563964844,72.07258605957031,73.216796875,64.9429931640625,74.29562377929688,76.546875,20,10,14.285715103149414,4.761904716491699,0,0,0,5,0,0,13.905499458312988,25769803776,0,17967448064,0
200,1790935152730,4,4,4,4,4,4,4,4,4,4,74.9435043334961,72.45640563964844,72.07258605957031,73.216796875,64.9429931640625,74.29562377929688,76.546875,10,4.761904716491699,0,0,0,0,0,9.523809432983398,0,0,13.905499458312988,25769803776,0,17966940160,0
202,1790935152931,4,4,4,4,4,4,4,4,4,4,74.9435043334961,72.45640563964844,72.07258605957031,73.216796875,64.9429931640625,74.29562377929688,76.546875,5,10,0,0,0,0,0,5,0,0,13.905499458312988,25769803776,0,17966940160,0
201,1790935153133,4,4,4,4,4,4,4,4,4,4,74.89330291748047,72.44871520996094,72.06698608398438,73.1990966796875,64.9433364868164,74.25273132324219,76.546875,14.285715103149414,5,4.761904716491699,0,0,0,0,4.761904716491699,4.761904716491699,0,13.905499458312988,25769803776,0,17966940160,0
204,1790935153335,4,4,4,4,4,4,4,4,4,4,74.89330291748047,72.44871520996094,72.06698608398438,73.1990966796875,64.9433364868164,74.25273132324219,76.546875,10,4.761904716491699,0,4.761904716491699,0,0,0,5,0,0,13.905499458312988,25769803776,0,17966940160,0
204,1790935153540,4,4,4,4,4,4,4,4,4,4,74.89330291748047,72.44871520996094,72.06698608398438,73.1990966796875,64.9433364868164,74.25273132324219,76.546875,10,0,0,0,0,0,0,10,0,0,13.779122352600098,25769803776,0,17966923776,0
204,1790935153745,4,4,4,4,4,4,4,4,4,4,74.89330291748047,72.44871520996094,72.06698608398438,73.1990966796875,64.9433364868164,74.25273132324219,76.546875,14.285715103149414,4.761904716491699,0,0,0,0,0,4.545454502105713,0,0,13.779122352600098,25769803776,0,17968758784,0
202,1790935153950,4,4,4,4,4,4,4,4,4,4,74.89330291748047,72.44871520996094,72.06698608398438,73.1990966796875,64.9433364868164,74.25273132324219,76.546875,0,0,4.545454502105713,0,0,0,0,5,0,0,13.779122352600098,25769803776,0,17966923776,0
200,1790935154153,4,4,4,4,4,4,4,4,4,4,74.87125396728516,72.4027099609375,72.03199005126953,73.1842269897461,64.9036865234375,74.24507141113281,76.546875,10.526315689086914,0,4.761904716491699,0,0,0,0,5,0,0,13.779122352600098,25769803776,0,17966989312,0
200,1790935154353,4,4,4,4,4,4,4,4,4,4,74.87125396728516,72.4027099609375,72.03199005126953,73.1842269897461,64.9036865234375,74.24507141113281,76.546875,14.285715103149414,4.761904716491699,0,0,4.761904716491699,0,0,5.263157844543457,0,0,13.779122352600098,25769803776,0,17966661632,0
204,1790935154554,4,4,4,4,4,4,4,4,4,4,74.87125396728516,72.4027099609375,72.03199005126953,73.1842269897461,64.9036865234375,74.24507141113281,76.546875,20,5.263157844543457,10,0,5,0,10,14.285715103149414,0,0,13.5341157913208,25769803776,0,17984323584,0
204,1790935154759,4,4,4,4,4,4,4,4,4,4,74.87125396728516,72.4027099609375,72.03199005126953,73.1842269897461,64.9036865234375,74.24507141113281,76.546875,10,19.047618865966797,4.761904716491699,4.761904716491699,0,4.545454502105713,0,5,0,0,13.5341157913208,25769803776,0,17984438272,0
204,1790935154964,4,4,4,4,4,4,4,4,4,4,74.87125396728516,72.4027099609375,72.03199005126953,73.1842269897461,64.9036865234375,74.24507141113281,76.546875,18.18181800842285,4.761904716491699,5,0,0,0,0,9.523809432983398,0,0,13.5341157913208,25769803776,0,17984438272,0
204,1790935155169,4,4,4,4,4,4,4,4,4,4,74.89254760742188,72.51521301269531,72.15614318847656,73.19698333740234,65.03765106201172,74.25425720214844,78.78125,10,10,0,0,0,0,0,0,0,0,13.5341157913208,25769803776,0,17986338816,0
200,1790935155374,4,4,4,4,4,4,4,4,4,4,74.89254760742188,72.51521301269531,72.15614318847656,73.19698333740234,65.03765106201172,74.25425720214844,78.78125,5,0,4.761904716491699,0,0,0,0,4.761904716491699,0,0,13.5341157913208,25769803776,0,17984307200,0
202,1790935155574,4,4,4,4,4,4,4,4,4,4,74.89254760742188,72.51521301269531,72.15614318847656,73.19698333740234,65.03765106201172,74.25425720214844,78.78125,10,9.523809432983398,5,4.761904716491699,0,0,9.523809432983398,0,0,0,13.96021556854248,25769803776,0,17984454656,0
204,1790935155777,4,4,4,4,4,4,4,4,4,4,74.89254760742188,72.51521301269531,72.15614318847656,73.19698333740234,65.03765106201172,74.25425720214844,78.78125,15.000000953674316,5,4.761904716491699,0,0,0,0,9.523809432983398,0,0,13.96021556854248,25769803776,0,17984864256,0
204,1790935155982,4,4,4,4,4,4,4,4,4,4,74.81626892089844,72.39253997802734,71.98333740234375,73.1722640991211,64.79399108886719,74.18547058105469,76.546875,15.000000953674316,5,0,0,0,0,0,5,0,0,13.96021556854248,25769803776,0,17984864256,0
201,1790935156187,4,4,4,4,4,4,4,4,4,4,74.81626892089844,72.39253997802734,71.98333740234375,73.1722640991211,64.79399108886719,74.18547058105469,76.546875,9.523809432983398,0,0,0,0,0,0,5,0,0,13.96021556854248,25769803776,0,17984897024,0
204,1790935156388,4,4,4,4,4,4,4,4,4,4,74.81626892089844,72.39253997802734,71.98333740234375,73.1722640991211,64.79399108886719,74.18547058105469,76.546875,15.000000953674316,4.761904716491699,0,0,0,0,0,5,0,0,13.96021556854248,25769803776,0,17984897024,0
204,1790935156593,4,4,4,4,4,4,4,4,4,4,74.81626892089844,72.39253997802734,71.98333740234375,73.1722640991211,64.79399108886719,74.18547058105469,76.546875,10,0,0,0,0,0,0,5,0,0,13.518619537353516,25769803776,0,17983963136,0
201,1790935156798,4,4,4,4,4,4,4,4,4,4,74.81626892089844,72.39253997802734,71.98333740234375,73.1722640991211,64.79399108886719,74.18547058105469,76.546875,9.523809432983398,0,4.761904716491699,0,0,0,0,0,0,0,13.518619537353516,25769803776,0,17969479680,0
204,1790935157000,4,4,4,4,4,4,4,4,4,4,74.83118438720703,72.35470581054688,71.99444580078125,73.17214965820313,64.84056091308594,74.19636535644531,76.546875,10,9.523809432983398,0,0,4.761904716491699,0,0,9.523809432983398,0,0,13.518619537353516,25769803776,0,17969201152,0
204,1790935157205,4,4,4,4,4,4,4,4,4,4,74.83118438720703,72.35470581054688,71.99444580078125,73.17214965820313,64.84056091308594,74.19636535644531,76.546875,14.285715103149414,0,0,0,0,0,0,5,0,0,13.518619537353516,25769803776,0,17969201152,0
204,1790935157410,4,4,4,4,4,4,4,4,4,4,74.83118438720703,72.35470581054688,71.99444580078125,73.17214965820313,64.84056091308594,74.19636535644531,76.546875,10.526315689086914,0,4.761904716491699,4.545454502105713,0,4.761904716491699,0,9.090909004211426,0,0,13.518619537353516,25769803776,0,17969201152,0
204,1790935157615,4,4,4,4,4,4,4,4,4,4,74.83118438720703,72.35470581054688,71.99444580078125,73.17214965820313,64.84056091308594,74.19636535644531,76.546875,14.285715103149414,4.761904716491699,4.761904716491699,0,0,0,0,5,0,0,13.696051597595215,25769803776,0,17968955392,0
204,1790935157820,4,4,4,4,4,4,4,4,4,4,74.83118438720703,72.35470581054688,71.99444580078125,73.17214965820313,64.84056091308594,74.19636535644531,76.546875,14.285715103149414,0,0,0,0,0,0,5,0,0,13.696051597595215,25769803776,0,17969004544,0
204,1790935158025,4,4,4,4,4,4,4,4,4,4,74.8255386352539,72.3324966430664,71.96731567382813,73.16638946533203,64.80830383300781,74.17219543457031,76.546875,10,9.090909004211426,0,0,0,0,0,9.523809432983398,0,0,13.696051597595215,25769803776,0,17969004544,0
204,1790935158230,4,4,4,4,4,4,4,4,4,4,74.8255386352539,72.3324966430664,71.96731567382813,73.16638946533203,64.80830383300781,74.17219543457031,76.546875,10,0,4.761904716491699,0,0,0,4.545454502105713,0,0,0,13.696051597595215,25769803776,0,17970741248,0
202,1790935158435,4,4,4,4,4,4,4,4,4,4,74.8255386352539,72.3324966430664,71.96731567382813,73.16638946533203,64.80830383300781,74.17219543457031,76.546875,4.761904716491699,0,0,0,0,0,0,4.761904716491699,0,0,13.696051597595215,25769803776,0,17968906240,0
203,1790935158638,4,4,4,4,4,4,4,4,4,4,74.8255386352539,72.3324966430664,71.96731567382813,73.16638946533203,64.80830383300781,74.17219543457031,76.546875,10,0,0,0,0,0,0,9.523809432983398,0,0,13.669400215148926,25769803776,0,17968873472,0
204,1790935158842,4,4,4,4,4,4,4,4,4,4,74.8255386352539,72.3324966430664,71.96731567382813,73.16638946533203,64.80830383300781,74.17219543457031,76.546875,10,9.523809432983398,0,0,0,0,0,5,0,0,13.669400215148926,25769803776,0,17968873472,0
200,1790935159047,4,4,4,4,4,4,4,4,4,4,74.82745361328125,72.33734893798828,71.985595703125,73.16957092285156,64.86453247070313,74.19120788574219,76.546875,14.285715103149414,0,4.761904716491699,0,0,0,0,5,0,0,13.669400215148926,25769803776,0,17968807936,0
200,1790935159247,4,4,4,4,4,4,4,4,4,4,74.82745361328125,72.33734893798828,71.985595703125,73.16957092285156,64.86453247070313,74.19120788574219,76.546875,10,0,5,0,0,0,0,5,0,0,13.669400215148926,25769803776,0,17968840704,0
204,1790935159449,4,4,4,4,4,4,4,4,4,4,74.82745361328125,72.33734893798828,71.985595703125,73.16957092285156,64.86453247070313,74.19120788574219,76.546875,15.000000953674316,0,0,0,0,0,4.761904716491699,5,0,0,13.669400215148926,25769803776,0,17968840704,0
204,1790935159654,4,4,4,4,4,4,4,4,4,4,74.82745361328125,72.33734893798828,71.985595703125,73.16957092285156,64.86453247070313,74.19120788574219,76.546875,10,4.761904716491699,0,0,0,0,0,5,0,0,13.838278770446777,25769803776,0,17970429952,0
200,1790935159859,4,4,4,4,4,4,4,4,4,4,74.82745361328125,72.33734893798828,71.985595703125,73.16957092285156,64.86453247070313,74.19120788574219,76.546875,4.761904716491699,0,4.545454502105713,0,0,0,0,0,0,0,13.838278770446777,25769803776,0,17968398336,0
200,1790935160060,4,4,4,4,4,4,4,4,4,4,74.7769546508789,72.32599639892578,71.95771026611328,73.15877532958984,64.79381561279297,74.14155578613281,76.546875,5.263157844543457,0,5.263157844543457,0,0,0,0,9.523809432983398,0,0,13.838278770446777,25769803776,0,17968398336,0
202,1790935160261,4,4,4,4,4,4,4,4,4,4,74.7769546508789,72.32599639892578,71.95771026611328,73.15877532958984,64.79381561279297,74.14155578613281,76.546875,14.285715103149414,9.090909004211426,0,0,0,0,0,5,0,0,13.838278770446777,25769803776,0,17968529408,0
200,1790935160464,4,4,4,4,4,4,4,4,4,4,74.7769546508789,72.32599639892578,71.95771026611328,73.15877532958984,64.79381561279297,74.14155578613281,76.546875,9.523809432983398,0,5,4.761904716491699,0,0,0,9.523809432983398,0,0,13.838278770446777,25769803776,0,17968529408,0
204,1790935160665,4,4,4,4,4,4,4,4,4,4,74.7769546508789,72.32599639892578,71.95771026611328,73.15877532958984,64.79381561279297,74.14155578613281,76.546875,10.526315689086914,0,4.761904716491699,0,0,0,0,5,0,0,13.727361679077148,25769803776,0,17968529408,0
203,1790935160870,4,4,4,4,4,4,4,4,4,4,74.7769546508789,72.32599639892578,71.95771026611328,73.15877532958984,64.79381561279297,74.14155578613281,76.546875,14.285715103149414,4.761904716491699,0,0,0,0,0,5,0,0,13.727361679077148,25769803776,0,17968545792,0
204,1790935161074,4,4,4,4,4,4,4,4,4,4,74.77157592773438,72.27459716796875,71.91545867919922,73.15573120117188,64.75504302978516,74.11367797851563,76.546875,15.000000953674316,0,0,4.761904716491699,4.761904716491699,0,5,4.761904716491699,0,0,13.727361679077148,25769803776,0,17967480832,0
204,1790935161279,4,4,4,4,4,4,4,4,4,4,74.77157592773438,72.27459716796875,71.91545867919922,73.15573120117188,64.75504302978516,74.11367797851563,76.546875,0,0,0,0,0,0,0,0,0,0,13.727361679077148,25769803776,0,17967398912,0
202,1790935161484,4,4,4,4,4,4,4,4,4,4,74.77157592773438,72.27459716796875,71.91545867919922,73.15573120117188,64.75504302978516,74.11367797851563,76.546875,9.523809432983398,14.285715103149414,4.761904716491699,0,0,0,0,4.761904716491699,0,0,13.697327613830566,25769803776,0,17967398912,0
204,1790935161686,4,4,4,4,4,4,4,4,4,4,74.77157592773438,72.27459716796875,71.91545867919922,73.15573120117188,64.75504302978516,74.11367797851563,76.546875,10,0,0,0,0,0,4.545454502105713,5,0,0,13.697327613830566,25769803776,0,17967382528,0
201,1790935161891,4,4,4,4,4,4,4,4,4,4,74.77157592773438,72.27459716796875,71.91545867919922,73.15573120117188,64.75504302978516,74.11367797851563,76.546875,19.047618865966797,4.761904716491699,0,0,0,0,0,9.523809432983398,0,0,13.697327613830566,25769803776,0,17967382528,0
200,1790935162093,4,4,4,4,4,4,4,4,4,4,74.77134704589844,72.30664825439453,71.89541625976563,73.15713500976563,64.70124816894531,74.13166046142578,76.546875,26.3157901763916,25,14.285715103149414,0,0,0,0,5,0,0,13.697327613830566,25769803776,0,17967382528,0
204,1790935162294,4,4,4,4,4,4,4,4,4,4,74.77134704589844,72.30664825439453,71.89541625976563,73.15713500976563,64.70124816894531,74.13166046142578,76.546875,19.047618865966797,60.000003814697266,0,0,0,0,0,5,0,0,13.697327613830566,25769803776,0,17967382528,0
204,1790935162499,4,4,4,4,4,4,4,4,4,4,74.77134704589844,72.30664825439453,71.89541625976563,73.15713500976563,64.70124816894531,74.13166046142578,76.546875,10,4.761904716491699,4.761904716491699,0,0,0,0,9.523809432983398,4.761904716491699,0,13.747014045715332,25769803776,0,17967382528,0
201,1790935162704,4,4,4,4,4,4,4,4,4,4,74.77134704589844,72.30664825439453,71.89541625976563,73.15713500976563,64.70124816894531,74.13166046142578,76.546875,5,0,0,0,0,0,0,0,0,0,13.747014045715332,25769803776,0,17969037312,0
204,1790935162906,4,4,4,4,4,4,4,4,4,4,74.77134704589844,72.30664825439453,71.89541625976563,73.15713500976563,64.70124816894531,74.13166046142578,76.546875,10,0,0,0,0,0,0,5,0,0,13.747014045715332,25769803776,0,17967677440,0
204,1790935163111,4,4,4,4,4,4,4,4,4,4,74.79336547851563,72.31573486328125,71.9561996459961,73.15995025634766,64.79954528808594,74.1509017944336,76.546875,10,9.523809432983398,4.761904716491699,4.761904716491699,4.545454502105713,4.761904716491699,0,0,0,0,13.747014045715332,25769803776,0,17967841280,0
204,1790935163316,4,4,4,4,4,4,4,4,4,4,74.79336547851563,72.31573486328125,71.9561996459961,73.15995025634766,64.79954528808594,74.1509017944336,76.546875,13.636363983154297,0,0,0,0,0,0,9.523809432983398,0,0,13.747014045715332,25769803776,0,17967841280,0
203,1790935163521,4,4,4,4,4,4,4,4,4,4,74.79336547851563,72.31573486328125,71.9561996459961,73.15995025634766,64.79954528808594,74.1509017944336,76.546875,10.526315689086914,0,0,0,0,0,0,5,0,0,13.823470115661621,25769803776,0,17967841280,0
201,1790935163725,4,4,4,4,4,4,4,4,4,4,74.79336547851563,72.31573486328125,71.9561996459961,73.15995025634766,64.79954528808594,74.1509017944336,76.546875,14.285715103149414,4.761904716491699,4.761904716491699,0,0,0,0,5,0,0,13.823470115661621,25769803776,0,17967759360,0
204,1790935163927,4,4,4,4,4,4,4,4,4,4,74.79336547851563,72.31573486328125,71.9561996459961,73.15995025634766,64.79954528808594,74.1509017944336,76.546875,10,10,0,0,0,0,5,0,0,0,13.823470115661621,25769803776,0,17967792128,0
204,1790935164132,4,4,4,4,4,4,4,4,4,4,74.71784210205078,72.26361083984375,71.85212707519531,73.12242889404297,64.6878433227539,74.0626220703125,76.546875,9.523809432983398,0,0,0,0,0,0,0,0,0,13.823470115661621,25769803776,0,17969561600,0
203,1790935164337,4,4,4,4,4,4,4,4,4,4,74.71784210205078,72.26361083984375,71.85212707519531,73.12242889404297,64.6878433227539,74.0626220703125,76.546875,9.523809432983398,0,0,0,0,0,0,9.523809432983398,0,0,13.823470115661621,25769803776,0,17967677440,0
200,1790935164541,4,4,4,4,4,4,4,4,4,4,74.71784210205078,72.26361083984375,71.85212707519531,73.12242889404297,64.6878433227539,74.0626220703125,76.546875,10.526315689086914,4.761904716491699,9.090909004211426,0,0,0,5,0,0,0,13.575451850891113,25769803776,0,17967677440,0
204,1790935164741,4,4,4,4,4,4,4,4,4,4,74.71784210205078,72.26361083984375,71.85212707519531,73.12242889404297,64.6878433227539,74.0626220703125,76.546875,20,5.263157844543457,0,4.761904716491699,0,0,4.761904716491699,5,0,0,13.575451850891113,25769803776,0,17967890432,0
202,1790935164946,4,4,4,4,4,4,4,4,4,4,74.71784210205078,72.26361083984375,71.85212707519531,73.12242889404297,64.6878433227539,74.0626220703125,76.546875,14.285715103149414,0,4.761904716491699,0,0,0,5,0,0,0,13.575451850891113,25769803776,0,17967579136,0
9,1790935165149,4,4,4,4,4,4,4,4,4,4,74.71807098388672,72.28040313720703,71.83731842041016,73.13136291503906,64.66859436035156,74.08526611328125,76.296875,10,9.523809432983398,4.761904716491699,0,0,0,0,14.285715103149414,0,0,13.575451850891113,25769803776,0,17947115520,0
