Delta,Time,CPU_FREQUENCY_0,CPU_FREQUENCY_1,CPU_FREQUENCY_2,CPU_FREQUENCY_3,CPU_FREQUENCY_4,CPU_FREQUENCY_5,CPU_FREQUENCY_6,CPU_FREQUENCY_7,CPU_FREQUENCY_8,CPU_FREQUENCY_9,CPU_TEMP_0,CPU_TEMP_1,CPU_TEMP_2,CPU_TEMP_3,CPU_TEMP_4,CPU_TEMP_5,CPU_TEMP_6,CPU_USAGE_0,CPU_USAGE_1,CPU_USAGE_2,CPU_USAGE_3,CPU_USAGE_4,CPU_USAGE_5,CPU_USAGE_6,CPU_USAGE_7,CPU_USAGE_8,CPU_USAGE_9,SYSTEM_POWER (Watts),TOTAL_MEMORY,TOTAL_SWAP,USED_MEMORY,USED_SWAP
0,1790939610298,4,4,4,4,4,4,4,4,4,4,65.236572265625,65.5721435546875,65.29898071289063,64.69975280761719,58.366329193115234,65.3927001953125,72.484375,0,0,0,0,0,0,0,0,0,0,1.8618402481079102,25769803776,0,18681806848,0
204,1790939610298,4,4,4,4,4,4,4,4,4,4,65.236572265625,65.5721435546875,65.29898071289063,64.69975280761719,58.366329193115234,65.3927001953125,72.484375,100,NaN,0,NaN,0,0,0,NaN,0,NaN,1.8618402481079102,25769803776,0,18681806848,0
204,1790939610503,4,4,4,4,4,4,4,4,4,4,65.236572265625,65.5721435546875,65.29898071289063,64.69975280761719,58.366329193115234,65.3927001953125,72.484375,0,4.761904716491699,0,0,0,0,10,33.333335876464844,4.761904716491699,0,1.8618402481079102,25769803776,0,18681806848,0
200,1790939610708,4,4,4,4,4,4,4,4,4,4,65.236572265625,65.5721435546875,65.29898071289063,64.69975280761719,58.366329193115234,65.3927001953125,72.484375,9.090909004211426,0,0,0,0,0,13.636363983154297,0,0,0,1.8881042003631592,25769803776,0,18681806848,0
202,1790939610909,4,4,4,4,4,4,4,4,4,4,65.236572265625,65.5721435546875,65.29898071289063,64.69975280761719,58.366329193115234,65.3927001953125,72.484375,5.555555820465088,0,0,0,0,0,5,0,0,0,1.8881042003631592,25769803776,0,18681806848,0
204,1790939611112,4,4,4,4,4,4,4,4,4,4,71.87060546875,67.82682037353516,67.51513671875,69.90898895263672,60.660057067871094,71.05299377441406,76.78125,14.285715103149414,5,0,0,0,0,0,0,0,0,1.8881042003631592,25769803776,0,18705022976,0
204,1790939611317,4,4,4,4,4,4,4,4,4,4,71.87060546875,67.82682037353516,67.51513671875,69.90898895263672,60.660057067871094,71.05299377441406,76.78125,14.285715103149414,4.761904716491699,4.545454502105713,0,0,0,9.090909004211426,0,0,0,1.8881042003631592,25769803776,0,18706251776,0
202,1790939611522,4,4,4,4,4,4,4,4,4,4,71.87060546875,67.82682037353516,67.51513671875,69.90898895263672,60.660057067871094,71.05299377441406,76.78125,10,9.523809432983398,5,4.761904716491699,0,0,15.000000953674316,0,0,0,1.8881042003631592,25769803776,0,18709774336,0
204,1790939611725,4,4,4,4,4,4,4,4,4,4,71.87060546875,67.82682037353516,67.51513671875,69.90898895263672,60.660057067871094,71.05299377441406,76.78125,15.000000953674316,5,5,0,0,0,9.523809432983398,0,0,0,12.331206321716309,25769803776,0,18709905408,0
200,1790939611930,4,4,4,4,4,4,4,4,4,4,71.87060546875,67.82682037353516,67.51513671875,69.90898895263672,60.660057067871094,71.05299377441406,76.78125,19.047618865966797,5,4.761904716491699,4.761904716491699,0,0,0,4.545454502105713,0,0,12.331206321716309,25769803776,0,18710003712,0
200,1790939612131,4,4,4,4,4,4,4,4,4,4,76.47200775146484,71.27989196777344,70.68169403076172,74.12866973876953,63.45289611816406,75.50595092773438,79.015625,15.000000953674316,5,0,0,4.761904716491699,0,5,0,0,0,12.331206321716309,25769803776,0,18710003712,0
200,1790939612332,4,4,4,4,4,4,4,4,4,4,76.47200775146484,71.27989196777344,70.68169403076172,74.12866973876953,63.45289611816406,75.50595092773438,79.015625,10,5,5,0,0,0,9.523809432983398,0,0,0,12.331206321716309,25769803776,0,18709676032,0
204,1790939612533,4,4,4,4,4,4,4,4,4,4,76.47200775146484,71.27989196777344,70.68169403076172,74.12866973876953,63.45289611816406,75.50595092773438,79.015625,5,14.285715103149414,4.761904716491699,0,0,0,5,0,0,0,12.331206321716309,25769803776,0,18697093120,0
204,1790939612738,4,4,4,4,4,4,4,4,4,4,76.47200775146484,71.27989196777344,70.68169403076172,74.12866973876953,63.45289611816406,75.50595092773438,79.015625,14.285715103149414,0,4.761904716491699,0,0,0,5,0,0,0,21.549419403076172,25769803776,0,18696454144,0
201,1790939612943,4,4,4,4,4,4,4,4,4,4,76.47200775146484,71.27989196777344,70.68169403076172,74.12866973876953,63.45289611816406,75.50595092773438,79.015625,0,0,0,0,0,0,0,0,0,0,21.549419403076172,25769803776,0,18696454144,0
201,1790939613145,4,4,4,4,4,4,4,4,4,4,76.3919448852539,71.7734375,71.25316619873047,74.17325592041016,63.892486572265625,75.42605590820313,77.484375,10,4.761904716491699,0,0,0,0,9.523809432983398,0,0,0,21.549419403076172,25769803776,0,18696404992,0
200,1790939613347,4,4,4,4,4,4,4,4,4,4,76.3919448852539,71.7734375,71.25316619873047,74.17325592041016,63.892486572265625,75.42605590820313,77.484375,15.000000953674316,5,0,4.761904716491699,0,0,5,0,0,0,21.549419403076172,25769803776,0,18696470528,0
204,1790939613548,4,4,4,4,4,4,4,4,4,4,76.3919448852539,71.7734375,71.25316619873047,74.17325592041016,63.892486572265625,75.42605590820313,77.484375,10,0,4.761904716491699,0,0,0,5,0,0,0,21.549419403076172,25769803776,0,18696470528,0
204,1790939613753,4,4,4,4,4,4,4,4,4,4,76.3919448852539,71.7734375,71.25316619873047,74.17325592041016,63.892486572265625,75.42605590820313,77.484375,5,4.545454502105713,0,0,5,0,9.523809432983398,0,0,0,15.965230941772461,25769803776,0,18696470528,0
204,1790939613958,4,4,4,4,4,4,4,4,4,4,76.3919448852539,71.7734375,71.25316619873047,74.17325592041016,63.892486572265625,75.42605590820313,77.484375,9.523809432983398,0,0,0,0,0,5,0,0,0,15.965230941772461,25769803776,0,18696470528,0
204,1790939614163,4,4,4,4,4,4,4,4,4,4,76.65958404541016,72.4133071899414,71.76483154296875,74.46856689453125,64.58027648925781,75.67744445800781,77.484375,10,0,0,0,0,0,9.523809432983398,0,0,0,15.965230941772461,25769803776,0,18681577472,0
204,1790939614368,4,4,4,4,4,4,4,4,4,4,76.65958404541016,72.4133071899414,71.76483154296875,74.46856689453125,64.58027648925781,75.67744445800781,77.484375,9.523809432983398,0,4.545454502105713,0,0,0,0,0,0,0,15.965230941772461,25769803776,0,18681577472,0
201,1790939614573,4,4,4,4,4,4,4,4,4,4,76.65958404541016,72.4133071899414,71.76483154296875,74.46856689453125,64.58027648925781,75.67744445800781,77.484375,0,0,0,0,0,0,5,0,0,0,15.965230941772461,25769803776,0,18681577472,0
202,1790939614775,4,4,4,4,4,4,4,4,4,4,76.65958404541016,72.4133071899414,71.76483154296875,74.46856689453125,64.58027648925781,75.67744445800781,77.484375,5,13.636363983154297,0,0,0,0,5,0,0,0,15.714349746704102,25769803776,0,18681577472,0
204,1790939614977,4,4,4,4,4,4,4,4,4,4,76.65958404541016,72.4133071899414,71.76483154296875,74.46856689453125,64.58027648925781,75.67744445800781,77.484375,10,0,0,0,0,0,5,0,0,0,15.714349746704102,25769803776,0,18681577472,0
199,1790939615183,4,4,4,4,4,4,4,4,4,4,76.40660095214844,72.52505493164063,71.90033721923828,74.34930419921875,64.7254638671875,75.41705322265625,77.484375,14.285715103149414,70,0,4.761904716491699,0,0,4.761904716491699,0,0,0,15.714349746704102,25769803776,0,18681610240,0
204,1790939615383,4,4,4,4,4,4,4,4,4,4,76.40660095214844,72.52505493164063,71.90033721923828,74.34930419921875,64.7254638671875,75.41705322265625,77.484375,10,0,4.761904716491699,0,0,0,5.263157844543457,0,0,0,15.714349746704102,25769803776,0,18681249792,0
204,1790939615588,4,4,4,4,4,4,4,4,4,4,76.40660095214844,72.52505493164063,71.90033721923828,74.34930419921875,64.7254638671875,75.41705322265625,77.484375,10.526315689086914,0,4.761904716491699,0,4.761904716491699,0,9.090909004211426,0,0,0,15.714349746704102,25769803776,0,18681364480,0
204,1790939615793,4,4,4,4,4,4,4,4,4,4,76.40660095214844,72.52505493164063,71.90033721923828,74.34930419921875,64.7254638671875,75.41705322265625,77.484375,13.636363983154297,4.761904716491699,0,0,0,0,5,0,0,0,14.375792503356934,25769803776,0,18683248640,0
204,1790939615998,4,4,4,4,4,4,4,4,4,4,76.40660095214844,72.52505493164063,71.90033721923828,74.34930419921875,64.7254638671875,75.41705322265625,77.484375,0,4.761904716491699,4.761904716491699,0,0,4.545454502105713,0,0,0,0,14.375792503356934,25769803776,0,18681266176,0
202,1790939616203,4,4,4,4,4,4,4,4,4,4,76.58089447021484,72.63565826416016,72.03564453125,74.49153900146484,64.91497802734375,75.63077545166016,77.71875,4.761904716491699,0,0,0,0,0,5,0,0,0,14.375792503356934,25769803776,0,18681151488,0
204,1790939616407,4,4,4,4,4,4,4,4,4,4,76.58089447021484,72.63565826416016,72.03564453125,74.49153900146484,64.91497802734375,75.63077545166016,77.71875,9.523809432983398,0,0,0,0,0,9.523809432983398,0,0,0,14.375792503356934,25769803776,0,18681151488,0
202,1790939616612,4,4,4,4,4,4,4,4,4,4,76.58089447021484,72.63565826416016,72.03564453125,74.49153900146484,64.91497802734375,75.63077545166016,77.71875,10,4.761904716491699,0,0,0,0,5,0,0,0,14.120037078857422,25769803776,0,18681151488,0
203,1790939616814,4,4,4,4,4,4,4,4,4,4,76.58089447021484,72.63565826416016,72.03564453125,74.49153900146484,64.91497802734375,75.63077545166016,77.71875,10,0,0,4.761904716491699,0,0,9.523809432983398,0,0,0,14.120037078857422,25769803776,0,18681151488,0
204,1790939617018,4,4,4,4,4,4,4,4,4,4,76.58089447021484,72.63565826416016,72.03564453125,74.49153900146484,64.91497802734375,75.63077545166016,77.71875,19.047618865966797,0,4.761904716491699,0,0,0,5,0,0,0,14.120037078857422,25769803776,0,18681151488,0
204,1790939617223,4,4,4,4,4,4,4,4,4,4,76.99005126953125,72.877197265625,72.33250427246094,75.01481628417969,65.22689819335938,76.10641479492188,78.203125,10,4.761904716491699,0,0,0,0,4.761904716491699,0,0,0,14.120037078857422,25769803776,0,18682740736,0
204,1790939617428,4,4,4,4,4,4,4,4,4,4,76.99005126953125,72.877197265625,72.33250427246094,75.01481628417969,65.22689819335938,76.10641479492188,78.203125,15.000000953674316,4.761904716491699,4.761904716491699,0,0,0,0,4.761904716491699,0,0,14.120037078857422,25769803776,0,18684608512,0
204,1790939617633,4,4,4,4,4,4,4,4,4,4,76.99005126953125,72.877197265625,72.33250427246094,75.01481628417969,65.22689819335938,76.10641479492188,78.203125,5,0,0,0,0,0,9.523809432983398,0,0,0,14.266085624694824,25769803776,0,18682904576,0
204,1790939617837,4,4,4,4,4,4,4,4,4,4,76.99005126953125,72.877197265625,72.33250427246094,75.01481628417969,65.22689819335938,76.10641479492188,78.203125,14.285715103149414,0,0,0,4.761904716491699,0,5,0,0,0,14.266085624694824,25769803776,0,18682904576,0
204,1790939618042,4,4,4,4,4,4,4,4,4,4,76.99005126953125,72.877197265625,72.33250427246094,75.01481628417969,65.22689819335938,76.10641479492188,78.203125,14.285715103149414,4.761904716491699,0,0,0,0,4.761904716491699,4.761904716491699,0,0,14.266085624694824,25769803776,0,18682904576,0
204,1790939618247,4,4,4,4,4,4,4,4,4,4,78.09934997558594,73.87725067138672,73.33647155761719,76.3310317993164,66.06688690185547,77.8683853149414,79.84375,15.000000953674316,4.761904716491699,4.761904716491699,0,0,0,5,0,0,0,14.266085624694824,25769803776,0,18682249216,0
204,1790939618452,4,4,4,4,4,4,4,4,4,4,78.09934997558594,73.87725067138672,73.33647155761719,76.3310317993164,66.06688690185547,77.8683853149414,79.84375,14.285715103149414,0,0,0,0,0,9.523809432983398,0,0,0,14.266085624694824,25769803776,0,18682249216,0
204,1790939618657,4,4,4,4,4,4,4,4,4,4,78.09934997558594,73.87725067138672,73.33647155761719,76.3310317993164,66.06688690185547,77.8683853149414,79.84375,15.000000953674316,0,0,0,0,0,5,0,0,0,19.627275466918945,25769803776,0,18682101760,0
204,1790939618862,4,4,4,4,4,4,4,4,4,4,78.09934997558594,73.87725067138672,73.33647155761719,76.3310317993164,66.06688690185547,77.8683853149414,79.84375,15.000000953674316,9.523809432983398,9.090909004211426,0,0,0,4.761904716491699,0,0,0,19.627275466918945,25769803776,0,18682150912,0
204,1790939619067,4,4,4,4,4,4,4,4,4,4,78.09934997558594,73.87725067138672,73.33647155761719,76.3310317993164,66.06688690185547,77.8683853149414,79.84375,9.523809432983398,0,0,0,0,0,0,0,0,0,19.627275466918945,25769803776,0,18683854848,0
204,1790939619272,4,4,4,4,4,4,4,4,4,4,78.2203598022461,74.626220703125,73.84290313720703,76.63976287841797,66.7695083618164,78.16029357910156,79.84375,10,4.761904716491699,4.761904716491699,0,0,0,9.523809432983398,0,0,0,19.627275466918945,25769803776,0,18682183680,0
203,1790939619477,4,4,4,4,4,4,4,4,4,4,78.2203598022461,74.626220703125,73.84290313720703,76.63976287841797,66.7695083618164,78.16029357910156,79.84375,14.285715103149414,5,0,4.545454502105713,0,0,5,0,0,0,19.627275466918945,25769803776,0,18682118144,0
200,1790939619680,4,4,4,4,4,4,4,4,4,4,78.2203598022461,74.626220703125,73.84290313720703,76.63976287841797,66.7695083618164,78.16029357910156,79.84375,0,5,5,0,0,0,0,0,0,0,18.88884735107422,25769803776,0,18682216448,0
200,1790939619881,4,4,4,4,4,4,4,4,4,4,78.2203598022461,74.626220703125,73.84290313720703,76.63976287841797,66.7695083618164,78.16029357910156,79.84375,19.047618865966797,5,5,5,0,0,10,0,0,0,18.88884735107422,25769803776,0,18682216448,0
204,1790939620082,4,4,4,4,4,4,4,4,4,4,78.2203598022461,74.626220703125,73.84290313720703,76.63976287841797,66.7695083618164,78.16029357910156,79.84375,10,5,4.761904716491699,0,0,0,5,0,0,0,18.88884735107422,25769803776,0,18682019840,0
204,1790939620287,4,4,4,4,4,4,4,4,4,4,77.15119934082031,74.11650085449219,73.632080078125,75.4430160522461,66.34224700927734,76.59733581542969,79.140625,15.000000953674316,4.761904716491699,0,0,0,0,5,0,0,0,18.88884735107422,25769803776,0,18682036224,0
204,1790939620492,4,4,4,4,4,4,4,4,4,4,77.15119934082031,74.11650085449219,73.632080078125,75.4430160522461,66.34224700927734,76.59733581542969,79.140625,14.285715103149414,9.523809432983398,0,4.545454502105713,0,0,0,0,0,0,18.88884735107422,25769803776,0,18674991104,0
204,1790939620697,4,4,4,4,4,4,4,4,4,4,77.15119934082031,74.11650085449219,73.632080078125,75.4430160522461,66.34224700927734,76.59733581542969,79.140625,5,0,4.761904716491699,0,0,0,9.523809432983398,0,0,0,14.423351287841797,25769803776,0,18673156096,0
204,1790939620902,4,4,4,4,4,4,4,4,4,4,77.15119934082031,74.11650085449219,73.632080078125,75.4430160522461,66.34224700927734,76.59733581542969,79.140625,14.285715103149414,0,0,0,0,0,5,4.761904716491699,0,0,14.423351287841797,25769803776,0,18666733568,0
203,1790939621107,4,4,4,4,4,4,4,4,4,4,76.73145294189453,73.71273040771484,73.29447174072266,74.9380874633789,65.99208068847656,76.06327819824219,78.203125,15.000000953674316,4.761904716491699,0,0,4.761904716491699,0,9.090909004211426,0,0,0,14.423351287841797,25769803776,0,18666864640,0
204,1790939621311,4,4,4,4,4,4,4,4,4,4,76.73145294189453,73.71273040771484,73.29447174072266,74.9380874633789,65.99208068847656,76.06327819824219,78.203125,14.285715103149414,4.761904716491699,4.761904716491699,0,0,0,5,0,0,0,14.423351287841797,25769803776,0,18666864640,0
204,1790939621516,4,4,4,4,4,4,4,4,4,4,76.73145294189453,73.71273040771484,73.29447174072266,74.9380874633789,65.99208068847656,76.06327819824219,78.203125,10.526315689086914,0,0,0,0,0,5,0,0,0,14.423351287841797,25769803776,0,18666913792,0
200,1790939621721,4,4,4,4,4,4,4,4,4,4,76.73145294189453,73.71273040771484,73.29447174072266,74.9380874633789,65.99208068847656,76.06327819824219,78.203125,14.285715103149414,4.761904716491699,0,0,0,0,5,0,0,0,13.915265083312988,25769803776,0,18666913792,0
204,1790939621922,4,4,4,4,4,4,4,4,4,4,76.73145294189453,73.71273040771484,73.29447174072266,74.9380874633789,65.99208068847656,76.06327819824219,78.203125,23.809524536132813,0,5,0,4.761904716491699,0,5,0,0,0,13.915265083312988,25769803776,0,18666913792,0
201,1790939622127,4,4,4,4,4,4,4,4,4,4,77.01642608642578,73.82406616210938,73.38081359863281,75.27627563476563,66.10370635986328,76.35533905029297,78.4375,5.263157844543457,5,4.761904716491699,0,0,0,0,0,0,0,13.915265083312988,25769803776,0,18666913792,0
203,1790939622328,4,4,4,4,4,4,4,4,4,4,77.01642608642578,73.82406616210938,73.38081359863281,75.27627563476563,66.10370635986328,76.35533905029297,78.4375,9.523809432983398,4.761904716491699,5,0,0,0,9.523809432983398,0,0,0,13.915265083312988,25769803776,0,18666520576,0
204,1790939622532,4,4,4,4,4,4,4,4,4,4,77.01642608642578,73.82406616210938,73.38081359863281,75.27627563476563,66.10370635986328,76.35533905029297,78.4375,10,0,0,0,0,0,5,0,0,0,13.915265083312988,25769803776,0,18653593600,0
200,1790939622737,4,4,4,4,4,4,4,4,4,4,77.01642608642578,73.82406616210938,73.38081359863281,75.27627563476563,66.10370635986328,76.35533905029297,78.4375,14.285715103149414,0,4.545454502105713,4.761904716491699,0,0,9.523809432983398,0,0,0,14.945084571838379,25769803776,0,18653593600,0
204,1790939622938,4,4,4,4,4,4,4,4,4,4,77.01642608642578,73.82406616210938,73.38081359863281,75.27627563476563,66.10370635986328,76.35533905029297,78.4375,10.526315689086914,9.523809432983398,0,0,0,0,5,0,0,0,14.945084571838379,25769803776,0,18653593600,0
204,1790939623143,4,4,4,4,4,4,4,4,4,4,77.23411560058594,73.99148559570313,73.5202407836914,75.37989044189453,66.2339096069336,76.64575958251953,78.671875,19.047618865966797,0,0,0,0,0,5,0,0,0,14.945084571838379,25769803776,0,18653593600,0
204,1790939623348,4,4,4,4,4,4,4,4,4,4,77.23411560058594,73.99148559570313,73.5202407836914,75.37989044189453,66.2339096069336,76.64575958251953,78.671875,14.285715103149414,4.761904716491699,4.761904716491699,0,0,0,9.090909004211426,0,0,0,14.945084571838379,25769803776,0,18651414528,0
204,1790939623553,4,4,4,4,4,4,4,4,4,4,77.23411560058594,73.99148559570313,73.5202407836914,75.37989044189453,66.2339096069336,76.64575958251953,78.671875,10,0,0,0,0,0,0,0,0,0,14.945084571838379,25769803776,0,18653282304,0
204,1790939623758,4,4,4,4,4,4,4,4,4,4,77.23411560058594,73.99148559570313,73.5202407836914,75.37989044189453,66.2339096069336,76.64575958251953,78.671875,9.523809432983398,5,0,0,0,0,4.761904716491699,0,0,0,15.128730773925781,25769803776,0,18651627520,0
204,1790939623963,4,4,4,4,4,4,4,4,4,4,77.23411560058594,73.99148559570313,73.5202407836914,75.37989044189453,66.2339096069336,76.64575958251953,78.671875,5,0,0,0,0,0,9.523809432983398,4.761904716491699,4.761904716491699,0,15.128730773925781,25769803776,0,18651627520,0
203,1790939624168,4,4,4,4,4,4,4,4,4,4,77.50736999511719,74.22598266601563,73.75391387939453,75.85134887695313,66.44330596923828,77.05571746826172,82.90625,14.285715103149414,4.761904716491699,4.761904716491699,4.545454502105713,0,0,5,4.545454502105713,0,0,15.128730773925781,25769803776,0,18651545600,0
204,1790939624372,4,4,4,4,4,4,4,4,4,4,77.50736999511719,74.22598266601563,73.75391387939453,75.85134887695313,66.44330596923828,77.05571746826172,82.90625,10.526315689086914,0,4.761904716491699,0,0,0,9.523809432983398,0,0,0,15.128730773925781,25769803776,0,18651545600,0
204,1790939624577,4,4,4,4,4,4,4,4,4,4,77.50736999511719,74.22598266601563,73.75391387939453,75.85134887695313,66.44330596923828,77.05571746826172,82.90625,15.000000953674316,0,0,0,0,0,5,0,0,0,15.128730773925781,25769803776,0,18651594752,0
204,1790939624782,4,4,4,4,4,4,4,4,4,4,77.50736999511719,74.22598266601563,73.75391387939453,75.85134887695313,66.44330596923828,77.05571746826172,82.90625,18.18181800842285,4.761904716491699,0,0,0,0,0,0,0,0,15.591733932495117,25769803776,0,18651594752,0
204,1790939624987,4,4,4,4,4,4,4,4,4,4,77.50736999511719,74.22598266601563,73.75391387939453,75.85134887695313,66.44330596923828,77.05571746826172,82.90625,5,9.523809432983398,0,0,0,0,9.523809432983398,0,0,0,15.591733932495117,25769803776,0,18651594752,0
204,1790939625192,4,4,4,4,4,4,4,4,4,4,77.55225372314453,74.41563415527344,73.81958770751953,75.95378112792969,66.54586791992188,77.0936279296875,79.140625,5,0,4.761904716491699,0,0,0,5.263157844543457,0,0,0,15.591733932495117,25769803776,0,18651594752,0
200,1790939625398,4,4,4,4,4,4,4,4,4,4,77.55225372314453,74.41563415527344,73.81958770751953,75.95378112792969,66.54586791992188,77.0936279296875,79.140625,5,0,0,0,0,0,8.69565200805664,0,0,4.761904716491699,15.591733932495117,25769803776,0,18650939392,0
204,1790939625599,4,4,4,4,4,4,4,4,4,4,77.55225372314453,74.41563415527344,73.81958770751953,75.95378112792969,66.54586791992188,77.0936279296875,79.140625,10,4.761904716491699,0,4.761904716491699,0,0,5.263157844543457,0,0,0,15.591733932495117,25769803776,0,18650923008,0
204,1790939625804,4,4,4,4,4,4,4,4,4,4,77.55225372314453,74.41563415527344,73.81958770751953,75.95378112792969,66.54586791992188,77.0936279296875,79.140625,9.523809432983398,9.523809432983398,4.761904716491699,0,0,0,9.523809432983398,0,0,0,15.375101089477539,25769803776,0,18663915520,0
204,1790939626008,4,4,4,4,4,4,4,4,4,4,77.55225372314453,74.41563415527344,73.81958770751953,75.95378112792969,66.54586791992188,77.0936279296875,79.140625,19.047618865966797,5,0,0,0,0,0,0,0,0,15.375101089477539,25769803776,0,18663931904,0
204,1790939626213,4,4,4,4,4,4,4,4,4,4,77.5681381225586,74.50364685058594,73.84207916259766,76.010498046875,66.6545639038086,77.12812042236328,79.140625,10,5,0,0,0,0,4.761904716491699,0,0,0,15.375101089477539,25769803776,0,18663931904,0
204,1790939626418,4,4,4,4,4,4,4,4,4,4,77.5681381225586,74.50364685058594,73.84207916259766,76.010498046875,66.6545639038086,77.12812042236328,79.140625,10,4.761904716491699,4.761904716491699,0,0,0,9.523809432983398,0,0,0,15.375101089477539,25769803776,0,18663931904,0
204,1790939626623,4,4,4,4,4,4,4,4,4,4,77.5681381225586,74.50364685058594,73.84207916259766,76.010498046875,66.6545639038086,77.12812042236328,79.140625,14.285715103149414,0,0,0,0,0,5,0,0,0,15.14858627319336,25769803776,0,18663964672,0
204,1790939626828,4,4,4,4,4,4,4,4,4,4,77.5681381225586,74.50364685058594,73.84207916259766,76.010498046875,66.6545639038086,77.12812042236328,79.140625,10,4.761904716491699,0,0,0,0,4.761904716491699,0,0,0,15.14858627319336,25769803776,0,18665472000,0
201,1790939627033,4,4,4,4,4,4,4,4,4,4,77.5681381225586,74.50364685058594,73.84207916259766,76.010498046875,66.6545639038086,77.12812042236328,79.140625,5,0,0,0,0,0,5,0,0,0,15.14858627319336,25769803776,0,18663587840,0
204,1790939627235,4,4,4,4,4,4,4,4,4,4,77.65499877929688,74.58447265625,73.91214752197266,76.06637573242188,66.87953186035156,77.20777130126953,79.140625,23.809524536132813,15.000000953674316,10,9.523809432983398,9.523809432983398,5,0,9.523809432983398,0,0,15.14858627319336,25769803776,0,18681118720,0
204,1790939627440,4,4,4,4,4,4,4,4,4,4,77.65499877929688,74.58447265625,73.91214752197266,76.06637573242188,66.87953186035156,77.20777130126953,79.140625,15.000000953674316,9.523809432983398,4.761904716491699,10,0,0,5,0,0,0,15.14858627319336,25769803776,0,18668306432,0
204,1790939627645,4,4,4,4,4,4,4,4,4,4,77.65499877929688,74.58447265625,73.91214752197266,76.06637573242188,66.87953186035156,77.20777130126953,79.140625,20,0,9.523809432983398,0,5,0,9.090909004211426,0,0,0,15.152957916259766,25769803776,0,18668355584,0
199,1790939627850,4,4,4,4,4,4,4,4,4,4,77.65499877929688,74.58447265625,73.91214752197266,76.06637573242188,66.87953186035156,77.20777130126953,79.140625,19.047618865966797,9.523809432983398,0,4.761904716491699,0,0,5,0,0,0,15.152957916259766,25769803776,0,18668388352,0
204,1790939628050,4,4,4,4,4,4,4,4,4,4,77.65499877929688,74.58447265625,73.91214752197266,76.06637573242188,66.87953186035156,77.20777130126953,79.140625,15.000000953674316,0,5,0,0,0,5,0,0,0,15.152957916259766,25769803776,0,18668404736,0
204,1790939628255,4,4,4,4,4,4,4,4,4,4,77.64204406738281,74.59920501708984,73.8880615234375,76.05987548828125,66.87356567382813,77.24594116210938,79.375,15.000000953674316,0,0,0,0,0,9.523809432983398,0,0,0,15.152957916259766,25769803776,0,18668552192,0
204,1790939628460,4,4,4,4,4,4,4,4,4,4,77.64204406738281,74.59920501708984,73.8880615234375,76.05987548828125,66.87356567382813,77.24594116210938,79.375,9.523809432983398,9.090909004211426,4.761904716491699,4.545454502105713,0,0,0,0,0,0,15.152957916259766,25769803776,0,18671075328,0
204,1790939628665,4,4,4,4,4,4,4,4,4,4,77.64204406738281,74.59920501708984,73.8880615234375,76.05987548828125,66.87356567382813,77.24594116210938,79.375,10,0,0,0,0,0,4.761904716491699,0,0,0,14.985353469848633,25769803776,0,18668552192,0
203,1790939628870,4,4,4,4,4,4,4,4,4,4,77.64204406738281,74.59920501708984,73.8880615234375,76.05987548828125,66.87356567382813,77.24594116210938,79.375,15.000000953674316,0,4.545454502105713,0,0,0,5,4.761904716491699,0,0,14.985353469848633,25769803776,0,18668568576,0
204,1790939629074,4,4,4,4,4,4,4,4,4,4,77.64204406738281,74.59920501708984,73.8880615234375,76.05987548828125,66.87356567382813,77.24594116210938,79.375,19.047618865966797,5,0,0,0,4.761904716491699,9.523809432983398,0,4.545454502105713,0,14.985353469848633,25769803776,0,18668503040,0
200,1790939629278,4,4,4,4,4,4,4,4,4,4,78.00529479980469,74.89317321777344,74.13880157470703,76.35379791259766,67.20848083496094,77.79918670654297,79.84375,15.000000953674316,4.761904716491699,0,0,0,0,0,0,0,0,14.985353469848633,25769803776,0,18668519424,0
204,1790939629479,4,4,4,4,4,4,4,4,4,4,78.00529479980469,74.89317321777344,74.13880157470703,76.35379791259766,67.20848083496094,77.79918670654297,79.84375,15.000000953674316,5,4.761904716491699,0,0,0,9.523809432983398,0,0,0,14.985353469848633,25769803776,0,18653790208,0
204,1790939629684,4,4,4,4,4,4,4,4,4,4,78.00529479980469,74.89317321777344,74.13880157470703,76.35379791259766,67.20848083496094,77.79918670654297,79.84375,14.285715103149414,0,0,0,4.761904716491699,0,5,0,0,0,15.875032424926758,25769803776,0,18653839360,0
204,1790939629889,4,4,4,4,4,4,4,4,4,4,78.00529479980469,74.89317321777344,74.13880157470703,76.35379791259766,67.20848083496094,77.79918670654297,79.84375,10.526315689086914,0,4.761904716491699,0,0,0,0,0,0,0,15.875032424926758,25769803776,0,18655756288,0
201,1790939630094,4,4,4,4,4,4,4,4,4,4,78.00529479980469,74.89317321777344,74.13880157470703,76.35379791259766,67.20848083496094,77.79918670654297,79.84375,4.761904716491699,4.761904716491699,0,0,0,0,5,0,0,0,15.875032424926758,25769803776,0,18653921280,0
204,1790939630296,4,4,4,4,4,4,4,4,4,4,78.04418182373047,75.09691619873047,74.4781265258789,76.5600814819336,67.37591552734375,78.00257873535156,79.84375,15.000000953674316,4.761904716491699,4.761904716491699,0,0,0,9.523809432983398,0,0,0,15.875032424926758,25769803776,0,18653970432,0
199,1790939630500,4,4,4,4,4,4,4,4,4,4,78.04418182373047,75.09691619873047,74.4781265258789,76.5600814819336,67.37591552734375,78.00257873535156,79.84375,18.18181800842285,0,0,4.545454502105713,0,0,5,0,0,0,15.875032424926758,25769803776,0,18654035968,0
200,1790939630701,4,4,4,4,4,4,4,4,4,4,78.04418182373047,75.09691619873047,74.4781265258789,76.5600814819336,67.37591552734375,78.00257873535156,79.84375,10.526315689086914,5,0,0,0,0,9.523809432983398,0,0,0,15.780804634094238,25769803776,0,18654134272,0
204,1790939630902,4,4,4,4,4,4,4,4,4,4,78.04418182373047,75.09691619873047,74.4781265258789,76.5600814819336,67.37591552734375,78.00257873535156,79.84375,15.000000953674316,0,4.761904716491699,0,0,0,5.263157844543457,0,0,0,15.780804634094238,25769803776,0,18653954048,0
204,1790939631106,4,4,4,4,4,4,4,4,4,4,78.03089904785156,75.1458511352539,74.52276611328125,76.4638671875,67.39608001708984,77.92963409423828,79.84375,15.000000953674316,5,0,0,0,0,4.761904716491699,0,0,0,15.780804634094238,25769803776,0,18654052352,0
204,1790939631311,4,4,4,4,4,4,4,4,4,4,78.03089904785156,75.1458511352539,74.52276611328125,76.4638671875,67.39608001708984,77.92963409423828,79.84375,14.285715103149414,0,0,0,0,0,5,0,4.761904716491699,0,15.780804634094238,25769803776,0,18656215040,0
204,1790939631517,4,4,4,4,4,4,4,4,4,4,78.03089904785156,75.1458511352539,74.52276611328125,76.4638671875,67.39608001708984,77.92963409423828,79.84375,5,4.761904716491699,4.761904716491699,0,0,0,4.761904716491699,0,0,0,15.780804634094238,25769803776,0,18654068736,0
203,1790939631722,4,4,4,4,4,4,4,4,4,4,78.03089904785156,75.1458511352539,74.52276611328125,76.4638671875,67.39608001708984,77.92963409423828,79.84375,14.285715103149414,0,0,0,0,0,0,4.761904716491699,0,0,15.23714828491211,25769803776,0,18654101504,0
201,1790939631925,4,4,4,4,4,4,4,4,4,4,78.03089904785156,75.1458511352539,74.52276611328125,76.4638671875,67.39608001708984,77.92963409423828,79.84375,15.000000953674316,4.761904716491699,0,0,0,0,9.523809432983398,0,0,0,15.23714828491211,25769803776,0,18654117888,0
200,1790939632127,4,4,4,4,4,4,4,4,4,4,78.05424499511719,75.22679901123047,74.59750366210938,76.59620666503906,67.4400405883789,78.01008605957031,79.84375,10,5,9.090909004211426,0,0,0,5,0,0,0,15.23714828491211,25769803776,0,18654150656,0
200,1790939632327,4,4,4,4,4,4,4,4,4,4,78.05424499511719,75.22679901123047,74.59750366210938,76.59620666503906,67.4400405883789,78.01008605957031,79.84375,15.000000953674316,0,0,0,0,0,9.523809432983398,0,0,0,15.23714828491211,25769803776,0,18653462528,0
200,1790939632529,4,4,4,4,4,4,4,4,4,4,78.05424499511719,75.22679901123047,74.59750366210938,76.59620666503906,67.4400405883789,78.01008605957031,79.84375,10,9.523809432983398,0,0,0,0,5,0,0,0,15.23714828491211,25769803776,0,18653478912,0
204,1790939632730,4,4,4,4,4,4,4,4,4,4,78.05424499511719,75.22679901123047,74.59750366210938,76.59620666503906,67.4400405883789,78.01008605957031,79.84375,15.000000953674316,0,0,0,0,0,5,0,0,0,15.289183616638184,25769803776,0,18653495296,0
200,1790939632935,4,4,4,4,4,4,4,4,4,4,78.05424499511719,75.22679901123047,74.59750366210938,76.59620666503906,67.4400405883789,78.01008605957031,79.84375,5,4.761904716491699,4.761904716491699,0,4.761904716491699,0,0,0,0,0,15.289183616638184,25769803776,0,18653495296,0
200,1790939633136,4,4,4,4,4,4,4,4,4,4,78.16670989990234,75.32598114013672,74.70931243896484,76.80327606201172,67.55255889892578,78.15978240966797,80.078125,14.285715103149414,0,0,4.761904716491699,0,0,9.523809432983398,4.761904716491699,0,0,15.289183616638184,25769803776,0,18653495296,0
204,1790939633336,4,4,4,4,4,4,4,4,4,4,78.16670989990234,75.32598114013672,74.70931243896484,76.80327606201172,67.55255889892578,78.15978240966797,80.078125,10.526315689086914,0,0,0,0,0,5,0,0,0,15.289183616638184,25769803776,0,18653495296,0
200,1790939633541,4,4,4,4,4,4,4,4,4,4,78.16670989990234,75.32598114013672,74.70931243896484,76.80327606201172,67.55255889892578,78.15978240966797,80.078125,14.285715103149414,0,0,0,0,0,5,0,0,0,15.289183616638184,25769803776,0,18653331456,0
204,1790939633742,4,4,4,4,4,4,4,4,4,4,78.16670989990234,75.32598114013672,74.70931243896484,76.80327606201172,67.55255889892578,78.15978240966797,80.078125,15.000000953674316,5,0,0,0,0,5,0,0,0,15.417482376098633,25769803776,0,18653102080,0
204,1790939633947,4,4,4,4,4,4,4,4,4,4,78.16670989990234,75.32598114013672,74.70931243896484,76.80327606201172,67.55255889892578,78.15978240966797,80.078125,14.285715103149414,4.761904716491699,4.761904716491699,0,0,0,9.523809432983398,0,0,0,15.417482376098633,25769803776,0,18653216768,0
204,1790939634152,4,4,4,4,4,4,4,4,4,4,78.28608703613281,75.40128326416016,74.77620697021484,76.99560546875,67.69428253173828,78.35739135742188,80.3125,20,20,5,5,0,0,5,0,0,0,15.417482376098633,25769803776,0,18653380608,0
204,1790939634357,4,4,4,4,4,4,4,4,4,4,78.28608703613281,75.40128326416016,74.77620697021484,76.99560546875,67.69428253173828,78.35739135742188,80.3125,25,9.523809432983398,4.761904716491699,4.545454502105713,0,0,0,0,0,0,15.417482376098633,25769803776,0,18653380608,0
204,1790939634562,4,4,4,4,4,4,4,4,4,4,78.28608703613281,75.40128326416016,74.77620697021484,76.99560546875,67.69428253173828,78.35739135742188,80.3125,5,0,0,0,0,0,5,0,0,0,15.417482376098633,25769803776,0,18653495296,0
203,1790939634768,4,4,4,4,4,4,4,4,4,4,78.28608703613281,75.40128326416016,74.77620697021484,76.99560546875,67.69428253173828,78.35739135742188,80.3125,14.285715103149414,4.761904716491699,0,0,0,0,9.523809432983398,0,0,0,15.779854774475098,25769803776,0,18653462528,0
202,1790939634971,4,4,4,4,4,4,4,4,4,4,78.28608703613281,75.40128326416016,74.77620697021484,76.99560546875,67.69428253173828,78.35739135742188,80.3125,10,0,0,0,0,0,5,0,0,0,15.779854774475098,25769803776,0,18653462528,0
201,1790939635174,4,4,4,4,4,4,4,4,4,4,78.2264404296875,75.44540405273438,74.80409240722656,76.9428482055664,67.74933624267578,78.28898620605469,80.3125,19.047618865966797,5,0,4.761904716491699,4.545454502105713,0,5,0,0,0,15.779854774475098,25769803776,0,18653462528,0
200,1790939635377,4,4,4,4,4,4,4,4,4,4,78.2264404296875,75.44540405273438,74.80409240722656,76.9428482055664,67.74933624267578,78.28898620605469,80.3125,14.285715103149414,0,9.523809432983398,0,0,0,0,9.523809432983398,0,0,15.779854774475098,25769803776,0,18653462528,0
204,1790939635577,4,4,4,4,4,4,4,4,4,4,78.2264404296875,75.44540405273438,74.80409240722656,76.9428482055664,67.74933624267578,78.28898620605469,80.3125,10.526315689086914,0,0,0,0,0,5,0,0,0,15.779854774475098,25769803776,0,18653069312,0
204,1790939635782,4,4,4,4,4,4,4,4,4,4,78.2264404296875,75.44540405273438,74.80409240722656,76.9428482055664,67.74933624267578,78.28898620605469,80.3125,14.285715103149414,4.761904716491699,4.761904716491699,0,0,0,5,0,0,0,15.32248306274414,25769803776,0,18648743936,0
204,1790939635987,4,4,4,4,4,4,4,4,4,4,78.2264404296875,75.44540405273438,74.80409240722656,76.9428482055664,67.74933624267578,78.28898620605469,80.3125,5.263157844543457,4.761904716491699,0,0,0,0,0,0,0,0,15.32248306274414,25769803776,0,18646892544,0
204,1790939636192,4,4,4,4,4,4,4,4,4,4,78.30745697021484,75.43319702148438,74.85547637939453,77.07351684570313,67.8548355102539,78.4271469116211,80.3125,13.636363983154297,0,0,0,0,0,13.636363983154297,0,0,0,15.32248306274414,25769803776,0,18646892544,0
203,1790939636397,4,4,4,4,4,4,4,4,4,4,78.30745697021484,75.43319702148438,74.85547637939453,77.07351684570313,67.8548355102539,78.4271469116211,80.3125,15.000000953674316,4.761904716491699,0,0,0,0,0,0,0,0,15.32248306274414,25769803776,0,18646892544,0
203,1790939636601,4,4,4,4,4,4,4,4,4,4,78.30745697021484,75.43319702148438,74.85547637939453,77.07351684570313,67.8548355102539,78.4271469116211,80.3125,10,4.761904716491699,4.761904716491699,4.761904716491699,0,0,5,0,0,0,15.32248306274414,25769803776,0,18647056384,0
201,1790939636805,4,4,4,4,4,4,4,4,4,4,78.30745697021484,75.43319702148438,74.85547637939453,77.07351684570313,67.8548355102539,78.4271469116211,80.3125,15.000000953674316,0,0,0,0,0,9.523809432983398,0,0,0,15.438039779663086,25769803776,0,18646859776,0
204,1790939637007,4,4,4,4,4,4,4,4,4,4,78.30745697021484,75.43319702148438,74.85547637939453,77.07351684570313,67.8548355102539,78.4271469116211,80.3125,15.000000953674316,5,0,0,0,0,5,0,0,0,15.438039779663086,25769803776,0,18646843392,0
204,1790939637212,4,4,4,4,4,4,4,4,4,4,78.40870666503906,75.56546783447266,74.88677215576172,77.18671417236328,67.92094421386719,78.49874114990234,80.5625,9.523809432983398,0,0,0,0,0,9.523809432983398,0,0,0,15.438039779663086,25769803776,0,18646941696,0
204,1790939637417,4,4,4,4,4,4,4,4,4,4,78.40870666503906,75.56546783447266,74.88677215576172,77.18671417236328,67.92094421386719,78.49874114990234,80.5625,10,0,4.545454502105713,0,0,0,5,0,0,0,15.438039779663086,25769803776,0,18648793088,0
202,1790939637622,4,4,4,4,4,4,4,4,4,4,78.40870666503906,75.56546783447266,74.88677215576172,77.18671417236328,67.92094421386719,78.49874114990234,80.5625,5,4.761904716491699,4.761904716491699,0,0,0,4.761904716491699,0,0,0,15.558511734008789,25769803776,0,18647138304,0
204,1790939637825,4,4,4,4,4,4,4,4,4,4,78.40870666503906,75.56546783447266,74.88677215576172,77.18671417236328,67.92094421386719,78.49874114990234,80.5625,10,10,0,0,0,0,5,0,0,0,15.558511734008789,25769803776,0,18647220224,0
200,1790939638030,4,4,4,4,4,4,4,4,4,4,78.40870666503906,75.56546783447266,74.88677215576172,77.18671417236328,67.92094421386719,78.49874114990234,80.5625,18.18181800842285,0,4.761904716491699,0,0,0,9.523809432983398,0,0,0,15.558511734008789,25769803776,0,18647171072,0
201,1790939638230,4,4,4,4,4,4,4,4,4,4,78.47295379638672,75.78273010253906,75.07745361328125,77.28231048583984,68.08767700195313,78.52771759033203,80.5625,10.526315689086914,5,0,0,0,0,5,0,0,0,15.558511734008789,25769803776,0,18646859776,0
201,1790939638432,4,4,4,4,4,4,4,4,4,4,78.47295379638672,75.78273010253906,75.07745361328125,77.28231048583984,68.08767700195313,78.52771759033203,80.5625,15.000000953674316,0,0,0,0,0,5,0,0,0,15.558511734008789,25769803776,0,18646089728,0
202,1790939638634,4,4,4,4,4,4,4,4,4,4,78.47295379638672,75.78273010253906,75.07745361328125,77.28231048583984,68.08767700195313,78.52771759033203,80.5625,5,5,0,0,9.523809432983398,0,9.523809432983398,0,0,0,15.600757598876953,25769803776,0,18646056960,0
204,1790939638836,4,4,4,4,4,4,4,4,4,4,78.47295379638672,75.78273010253906,75.07745361328125,77.28231048583984,68.08767700195313,78.52771759033203,80.5625,15.000000953674316,4.761904716491699,4.761904716491699,0,0,0,5,0,0,0,15.600757598876953,25769803776,0,18644615168,0
200,1790939639041,4,4,4,4,4,4,4,4,4,4,78.47295379638672,75.78273010253906,75.07745361328125,77.28231048583984,68.08767700195313,78.52771759033203,80.5625,4.761904716491699,0,0,0,0,0,0,0,0,0,15.600757598876953,25769803776,0,18644615168,0
204,1790939639242,4,4,4,4,4,4,4,4,4,4,78.46389770507813,75.79512023925781,75.10550689697266,77.25125885009766,68.11392974853516,78.50847625732422,80.5625,10.526315689086914,5,0,0,0,0,9.523809432983398,4.761904716491699,0,0,15.600757598876953,25769803776,0,18644713472,0
199,1790939639447,4,4,4,4,4,4,4,4,4,4,78.46389770507813,75.79512023925781,75.10550689697266,77.25125885009766,68.11392974853516,78.50847625732422,80.5625,18.18181800842285,4.761904716491699,0,4.761904716491699,0,0,0,0,0,0,15.600757598876953,25769803776,0,18644713472,0
204,1790939639647,4,4,4,4,4,4,4,4,4,4,78.46389770507813,75.79512023925781,75.10550689697266,77.25125885009766,68.11392974853516,78.50847625732422,80.5625,10.526315689086914,0,4.761904716491699,0,0,0,9.523809432983398,4.761904716491699,0,0,15.321279525756836,25769803776,0,18644647936,0
204,1790939639852,4,4,4,4,4,4,4,4,4,4,78.46389770507813,75.79512023925781,75.10550689697266,77.25125885009766,68.11392974853516,78.50847625732422,80.5625,14.285715103149414,0,0,0,0,0,5,0,0,0,15.321279525756836,25769803776,0,18644647936,0
204,1790939640057,4,4,4,4,4,4,4,4,4,4,78.46389770507813,75.79512023925781,75.10550689697266,77.25125885009766,68.11392974853516,78.50847625732422,80.5625,15.000000953674316,9.523809432983398,4.761904716491699,0,0,0,0,0,0,0,15.321279525756836,25769803776,0,18644713472,0
204,1790939640262,4,4,4,4,4,4,4,4,4,4,78.50492095947266,75.80517578125,75.1717300415039,77.32839965820313,68.18775939941406,78.54986572265625,80.796875,14.285715103149414,4.761904716491699,4.761904716491699,5,0,0,5,0,0,0,15.321279525756836,25769803776,0,18644811776,0
204,1790939640467,4,4,4,4,4,4,4,4,4,4,78.50492095947266,75.80517578125,75.1717300415039,77.32839965820313,68.18775939941406,78.54986572265625,80.796875,10,4.761904716491699,0,0,0,0,0,0,4.761904716491699,0,15.321279525756836,25769803776,0,18646663168,0
204,1790939640672,4,4,4,4,4,4,4,4,4,4,78.50492095947266,75.80517578125,75.1717300415039,77.32839965820313,68.18775939941406,78.54986572265625,80.796875,9.523809432983398,0,0,0,0,0,9.523809432983398,4.761904716491699,0,0,15.299480438232422,25769803776,0,18644893696,0
204,1790939640877,4,4,4,4,4,4,4,4,4,4,78.50492095947266,75.80517578125,75.1717300415039,77.32839965820313,68.18775939941406,78.54986572265625,80.796875,10.526315689086914,0,4.761904716491699,0,0,0,5,0,0,0,15.299480438232422,25769803776,0,18644926464,0
203,1790939641082,4,4,4,4,4,4,4,4,4,4,78.50492095947266,75.80517578125,75.1717300415039,77.32839965820313,68.18775939941406,78.54986572265625,80.796875,13.636363983154297,13.636363983154297,0,4.761904716491699,0,0,9.523809432983398,0,0,0,15.299480438232422,25769803776,0,18644746240,0
199,1790939641286,4,4,4,4,4,4,4,4,4,4,78.68292999267578,75.986572265625,75.39140319824219,77.58816528320313,68.25794982910156,78.83314514160156,80.796875,10.526315689086914,0,0,10,9.523809432983398,4.761904716491699,5,0,0,0,15.299480438232422,25769803776,0,18531155968,0
204,1790939641486,4,4,4,4,4,4,4,4,4,4,78.68292999267578,75.986572265625,75.39140319824219,77.58816528320313,68.25794982910156,78.83314514160156,80.796875,14.285715103149414,4.761904716491699,9.090909004211426,0,5,0,9.523809432983398,0,0,0,15.299480438232422,25769803776,0,18531155968,0
204,1790939641691,4,4,4,4,4,4,4,4,4,4,78.68292999267578,75.986572265625,75.39140319824219,77.58816528320313,68.25794982910156,78.83314514160156,80.796875,10,4.761904716491699,0,0,0,0,5,4.761904716491699,0,0,15.842142105102539,25769803776,0,18189041664,0
204,1790939641896,4,4,4,4,4,4,4,4,4,4,78.68292999267578,75.986572265625,75.39140319824219,77.58816528320313,68.25794982910156,78.83314514160156,80.796875,15.000000953674316,0,0,0,0,0,5,0,0,0,15.842142105102539,25769803776,0,18188992512,0
201,1790939642101,4,4,4,4,4,4,4,4,4,4,78.68292999267578,76.0863265991211,75.46456146240234,77.58816528320313,68.25794982910156,78.83314514160156,80.796875,5,4.761904716491699,4.761904716491699,0,0,0,0,0,0,0,15.842142105102539,25769803776,0,18189303808,0
204,1790939642303,4,4,4,4,4,4,4,4,4,4,78.69999694824219,76.0863265991211,75.46456146240234,77.60844421386719,68.27998352050781,78.8697509765625,80.796875,14.285715103149414,0,0,0,0,0,9.523809432983398,0,0,0,15.842142105102539,25769803776,0,18189303808,0
204,1790939642508,4,4,4,4,4,4,4,4,4,4,78.69999694824219,76.0863265991211,75.46456146240234,77.60844421386719,68.27998352050781,78.8697509765625,80.796875,5,0,0,0,0,0,10,0,0,0,15.842142105102539,25769803776,0,18189303808,0
203,1790939642713,4,4,4,4,4,4,4,4,4,4,78.69999694824219,76.0863265991211,75.46456146240234,77.60844421386719,68.27998352050781,78.8697509765625,80.796875,19.047618865966797,4.761904716491699,0,0,0,0,5,0,0,0,15.649109840393066,25769803776,0,18188845056,0
204,1790939642917,4,4,4,4,4,4,4,4,4,4,78.69999694824219,76.0863265991211,75.46456146240234,77.60844421386719,68.27998352050781,78.8697509765625,80.796875,5.263157844543457,0,9.523809432983398,0,0,0,4.761904716491699,0,0,0,15.649109840393066,25769803776,0,18188845056,0
201,1790939643122,4,4,4,4,4,4,4,4,4,4,78.73733520507813,76.19133758544922,75.49516296386719,77.64181518554688,68.29176330566406,78.91499328613281,80.796875,18.18181800842285,9.090909004211426,0,0,0,0,5,0,0,0,15.649109840393066,25769803776,0,18188763136,0
204,1790939643324,4,4,4,4,4,4,4,4,4,4,78.73733520507813,76.19133758544922,75.49516296386719,77.64181518554688,68.29176330566406,78.91499328613281,80.796875,15.000000953674316,0,4.761904716491699,0,0,0,5,0,0,0,15.649109840393066,25769803776,0,18188763136,0
204,1790939643529,4,4,4,4,4,4,4,4,4,4,78.73733520507813,76.19133758544922,75.49516296386719,77.64181518554688,68.29176330566406,78.91499328613281,80.796875,10,0,0,0,0,0,5,0,0,0,15.649109840393066,25769803776,0,18188763136,0
204,1790939643734,4,4,4,4,4,4,4,4,4,4,78.73733520507813,76.19133758544922,75.49516296386719,77.64181518554688,68.29176330566406,78.91499328613281,80.796875,9.523809432983398,4.761904716491699,0,0,0,0,4.761904716491699,0,0,0,15.611001014709473,25769803776,0,18182209536,0
201,1790939643939,4,4,4,4,4,4,4,4,4,4,78.73733520507813,76.19133758544922,75.49516296386719,77.64181518554688,68.29176330566406,78.91499328613281,80.796875,10,4.761904716491699,0,0,0,0,5,0,0,0,15.611001014709473,25769803776,0,18182193152,0
204,1790939644141,4,4,4,4,4,4,4,4,4,4,78.70684814453125,76.15303802490234,75.48847198486328,77.6313705444336,68.27828216552734,78.88102722167969,80.796875,10,0,9.090909004211426,4.761904716491699,0,0,5,0,0,0,15.611001014709473,25769803776,0,18182242304,0
202,1790939644346,4,4,4,4,4,4,4,4,4,4,78.70684814453125,76.15303802490234,75.48847198486328,77.6313705444336,68.27828216552734,78.88102722167969,80.796875,15.000000953674316,0,0,0,0,0,9.523809432983398,0,0,0,15.611001014709473,25769803776,0,18182242304,0
204,1790939644549,4,4,4,4,4,4,4,4,4,4,78.70684814453125,76.15303802490234,75.48847198486328,77.6313705444336,68.27828216552734,78.88102722167969,80.796875,10,5,0,0,0,0,5,0,0,0,15.611001014709473,25769803776,0,18182242304,0
202,1790939644754,4,4,4,4,4,4,4,4,4,4,78.70684814453125,76.15303802490234,75.48847198486328,77.6313705444336,68.27828216552734,78.88102722167969,80.796875,18.18181800842285,4.761904716491699,4.761904716491699,0,0,0,9.090909004211426,0,0,0,15.30189323425293,25769803776,0,18182225920,0
204,1790939644956,4,4,4,4,4,4,4,4,4,4,78.70684814453125,76.15303802490234,75.48847198486328,77.6313705444336,68.27828216552734,78.88102722167969,80.796875,10.526315689086914,0,0,0,0,0,5,4.761904716491699,0,0,15.30189323425293,25769803776,0,18182225920,0
204,1790939645162,4,4,4,4,4,4,4,4,4,4,78.7892074584961,76.20984649658203,75.51005554199219,77.66446685791016,68.29783630371094,78.96129608154297,80.796875,14.285715103149414,66.66667175292969,0,0,0,0,0,0,0,0,15.30189323425293,25769803776,0,18182225920,0
204,1790939645367,4,4,4,4,4,4,4,4,4,4,78.7892074584961,76.20984649658203,75.51005554199219,77.66446685791016,68.29783630371094,78.96129608154297,80.796875,10,0,0,0,0,0,5,0,0,0,15.30189323425293,25769803776,0,18182225920,0
204,1790939645572,4,4,4,4,4,4,4,4,4,4,78.7892074584961,76.20984649658203,75.51005554199219,77.66446685791016,68.29783630371094,78.96129608154297,80.796875,14.285715103149414,0,4.545454502105713,0,4.545454502105713,0,9.523809432983398,0,0,0,15.30189323425293,25769803776,0,18182225920,0
199,1790939645777,4,4,4,4,4,4,4,4,4,4,78.7892074584961,76.20984649658203,75.51005554199219,77.66446685791016,68.29783630371094,78.96129608154297,80.796875,10,4.761904716491699,0,0,0,0,4.761904716491699,0,0,0,15.435609817504883,25769803776,0,18182094848,0
204,1790939645977,4,4,4,4,4,4,4,4,4,4,78.7892074584961,76.20984649658203,75.51005554199219,77.66446685791016,68.29783630371094,78.96129608154297,80.796875,5,5,0,0,0,0,10,0,0,0,15.435609817504883,25769803776,0,18182144000,0
204,1790939646182,4,4,4,4,4,4,4,4,4,4,78.86184692382813,76.36680603027344,75.60519409179688,77.7522201538086,68.38189697265625,79.00537872314453,80.796875,19.047618865966797,0,4.761904716491699,4.761904716491699,4.761904716491699,0,5,0,0,0,15.435609817504883,25769803776,0,18182144000,0
204,1790939646387,4,4,4,4,4,4,4,4,4,4,78.86184692382813,76.36680603027344,75.60519409179688,77.7522201538086,68.38189697265625,79.00537872314453,80.796875,5.263157844543457,9.523809432983398,0,0,0,0,9.523809432983398,0,0,0,15.435609817504883,25769803776,0,18182144000,0
204,1790939646592,4,4,4,4,4,4,4,4,4,4,78.86184692382813,76.36680603027344,75.60519409179688,77.7522201538086,68.38189697265625,79.00537872314453,80.796875,18.18181800842285,0,0,0,0,0,0,0,0,0,15.435609817504883,25769803776,0,18182144000,0
204,1790939646797,4,4,4,4,4,4,4,4,4,4,78.86184692382813,76.36680603027344,75.60519409179688,77.7522201538086,68.38189697265625,79.00537872314453,80.796875,10,0,0,0,0,0,4.761904716491699,0,0,0,15.707673072814941,25769803776,0,18184126464,0
202,1790939647002,4,4,4,4,4,4,4,4,4,4,78.86184692382813,76.36680603027344,75.60519409179688,77.7522201538086,68.38189697265625,79.00537872314453,80.796875,9.523809432983398,4.761904716491699,4.761904716491699,0,0,0,0,0,0,0,15.707673072814941,25769803776,0,18182291456,0
203,1790939647205,4,4,4,4,4,4,4,4,4,4,78.83039093017578,76.3511962890625,75.58949279785156,77.68810272216797,68.36932373046875,78.97570037841797,82.796875,10,4.761904716491699,4.761904716491699,0,0,0,9.523809432983398,0,0,0,15.707673072814941,25769803776,0,18182275072,0
202,1790939647408,4,4,4,4,4,4,4,4,4,4,78.83039093017578,76.3511962890625,75.58949279785156,77.68810272216797,68.36932373046875,78.97570037841797,82.796875,15.000000953674316,0,0,0,0,0,5,0,0,0,15.707673072814941,25769803776,0,18182422528,0
200,1790939647611,4,4,4,4,4,4,4,4,4,4,78.83039093017578,76.3511962890625,75.58949279785156,77.68810272216797,68.36932373046875,78.97570037841797,82.796875,15.000000953674316,4.761904716491699,0,0,0,0,0,9.523809432983398,0,0,15.370875358581543,25769803776,0,18182422528,0
204,1790939647812,4,4,4,4,4,4,4,4,4,4,78.83039093017578,76.3511962890625,75.58949279785156,77.68810272216797,68.36932373046875,78.97570037841797,82.796875,10,0,0,4.761904716491699,0,0,9.523809432983398,0,0,0,15.370875358581543,25769803776,0,18182356992,0
204,1790939648017,4,4,4,4,4,4,4,4,4,4,78.83039093017578,76.3511962890625,75.58949279785156,77.68810272216797,68.36932373046875,78.97570037841797,82.796875,14.285715103149414,4.761904716491699,4.761904716491699,0,0,0,5,0,0,0,15.370875358581543,25769803776,0,18182356992,0
204,1790939648222,4,4,4,4,4,4,4,4,4,4,78.87085723876953,76.33699035644531,75.63549041748047,77.73674774169922,68.43428039550781,78.99048614501953,80.796875,10.526315689086914,4.761904716491699,0,4.761904716491699,0,0,4.761904716491699,0,0,0,15.370875358581543,25769803776,0,18184601600,0
204,1790939648427,4,4,4,4,4,4,4,4,4,4,78.87085723876953,76.33699035644531,75.63549041748047,77.73674774169922,68.43428039550781,78.99048614501953,80.796875,9.523809432983398,0,0,0,0,0,0,0,0,0,15.370875358581543,25769803776,0,18182029312,0
204,1790939648632,4,4,4,4,4,4,4,4,4,4,78.87085723876953,76.33699035644531,75.63549041748047,77.73674774169922,68.43428039550781,78.99048614501953,80.796875,9.523809432983398,0,0,0,0,0,9.523809432983398,0,0,0,15.433182716369629,25769803776,0,18182029312,0
204,1790939648837,4,4,4,4,4,4,4,4,4,4,78.87085723876953,76.33699035644531,75.63549041748047,77.73674774169922,68.43428039550781,78.99048614501953,80.796875,15.000000953674316,9.090909004211426,5,0,0,0,5,0,0,0,15.433182716369629,25769803776,0,18182176768,0
204,1790939649042,4,4,4,4,4,4,4,4,4,4,78.87085723876953,76.33699035644531,75.63549041748047,77.73674774169922,68.43428039550781,78.99048614501953,80.796875,15.000000953674316,0,0,0,0,0,9.523809432983398,0,0,0,15.433182716369629,25769803776,0,18182078464,0
204,1790939649246,4,4,4,4,4,4,4,4,4,4,78.87628936767578,76.36493682861328,75.62816619873047,77.78527069091797,68.41254425048828,79.0170669555664,82.203125,14.285715103149414,5,4.761904716491699,0,0,0,4.761904716491699,0,0,0,15.433182716369629,25769803776,0,18182356992,0
204,1790939649451,4,4,4,4,4,4,4,4,4,4,78.87628936767578,76.36493682861328,75.62816619873047,77.78527069091797,68.41254425048828,79.0170669555664,82.203125,10,4.761904716491699,4.761904716491699,0,0,0,5,4.545454502105713,0,0,15.433182716369629,25769803776,0,18182356992,0
204,1790939649656,4,4,4,4,4,4,4,4,4,4,78.87628936767578,76.36493682861328,75.62816619873047,77.78527069091797,68.41254425048828,79.0170669555664,82.203125,19.047618865966797,0,0,0,0,0,5,0,0,0,15.343064308166504,25769803776,0,18182356992,0
204,1790939649861,4,4,4,4,4,4,4,4,4,4,78.87628936767578,76.36493682861328,75.62816619873047,77.78527069091797,68.41254425048828,79.0170669555664,82.203125,10,10,0,0,4.761904716491699,0,0,0,0,0,15.343064308166504,25769803776,0,18184273920,0
204,1790939650066,4,4,4,4,4,4,4,4,4,4,78.87628936767578,76.36493682861328,75.62816619873047,77.78527069091797,68.41254425048828,79.0170669555664,82.203125,4.761904716491699,4.761904716491699,4.761904716491699,0,0,0,9.523809432983398,0,0,0,15.343064308166504,25769803776,0,18182422528,0
204,1790939650271,4,4,4,4,4,4,4,4,4,4,78.89325714111328,76.4214859008789,75.71863555908203,77.83743286132813,68.49615478515625,79.06639862060547,81.03125,15.000000953674316,0,0,0,0,0,4.761904716491699,0,0,0,15.343064308166504,25769803776,0,18182422528,0
204,1790939650476,4,4,4,4,4,4,4,4,4,4,78.89325714111328,76.4214859008789,75.71863555908203,77.83743286132813,68.49615478515625,79.06639862060547,81.03125,14.285715103149414,0,0,0,0,0,5,0,0,0,15.343064308166504,25769803776,0,18182422528,0
204,1790939650681,4,4,4,4,4,4,4,4,4,4,78.89325714111328,76.4214859008789,75.71863555908203,77.83743286132813,68.49615478515625,79.06639862060547,81.03125,10.526315689086914,4.761904716491699,9.090909004211426,9.090909004211426,0,0,9.523809432983398,4.761904716491699,0,0,15.537245750427246,25769803776,0,18182488064,0
203,1790939650886,4,4,4,4,4,4,4,4,4,4,78.89325714111328,76.4214859008789,75.71863555908203,77.83743286132813,68.49615478515625,79.06639862060547,81.03125,14.285715103149414,5,0,0,0,0,0,5,0,0,15.537245750427246,25769803776,0,18182537216,0
204,1790939651089,4,4,4,4,4,4,4,4,4,4,78.89325714111328,76.4214859008789,75.71863555908203,77.83743286132813,68.49615478515625,79.06639862060547,81.03125,15.000000953674316,4.761904716491699,0,0,0,0,5,0,0,0,15.537245750427246,25769803776,0,18182553600,0
204,1790939651294,4,4,4,4,4,4,4,4,4,4,78.9009017944336,76.42157745361328,75.80626678466797,77.86595916748047,68.59615325927734,79.1114501953125,81.03125,18.18181800842285,4.761904716491699,9.090909004211426,0,0,0,5,0,0,0,15.537245750427246,25769803776,0,18182553600,0
202,1790939651499,4,4,4,4,4,4,4,4,4,4,78.9009017944336,76.42157745361328,75.80626678466797,77.86595916748047,68.59615325927734,79.1114501953125,81.03125,10,0,0,0,0,0,0,0,4.761904716491699,0,15.537245750427246,25769803776,0,18184552448,0
202,1790939651703,4,4,4,4,4,4,4,4,4,4,78.9009017944336,76.42157745361328,75.80626678466797,77.86595916748047,68.59615325927734,79.1114501953125,81.03125,10,0,0,0,0,0,9.523809432983398,0,0,0,15.402344703674316,25769803776,0,18182701056,0
203,1790939651905,4,4,4,4,4,4,4,4,4,4,78.9009017944336,76.42157745361328,75.80626678466797,77.86595916748047,68.59615325927734,79.1114501953125,81.03125,10,4.761904716491699,0,0,0,0,0,0,0,0,15.402344703674316,25769803776,0,18182701056,0
204,1790939652109,4,4,4,4,4,4,4,4,4,4,78.92516326904297,76.46907043457031,75.83113098144531,77.940185546875,68.59233856201172,79.19145202636719,81.03125,15.000000953674316,4.761904716491699,4.761904716491699,0,0,0,4.761904716491699,0,0,0,15.402344703674316,25769803776,0,18182651904,0
201,1790939652314,4,4,4,4,4,4,4,4,4,4,78.92516326904297,76.46907043457031,75.83113098144531,77.940185546875,68.59233856201172,79.19145202636719,81.03125,10,0,0,0,4.761904716491699,0,9.523809432983398,0,0,0,15.402344703674316,25769803776,0,18182635520,0
204,1790939652516,4,4,4,4,4,4,4,4,4,4,78.92516326904297,76.46907043457031,75.83113098144531,77.940185546875,68.59233856201172,79.19145202636719,81.03125,19.047618865966797,0,0,0,0,0,5,4.761904716491699,0,0,15.402344703674316,25769803776,0,18182684672,0
204,1790939652721,4,4,4,4,4,4,4,4,4,4,78.92516326904297,76.46907043457031,75.83113098144531,77.940185546875,68.59233856201172,79.19145202636719,81.03125,10.526315689086914,4.761904716491699,4.761904716491699,0,0,0,5,0,0,0,15.436827659606934,25769803776,0,18182684672,0
204,1790939652926,4,4,4,4,4,4,4,4,4,4,78.92516326904297,76.46907043457031,75.83113098144531,77.940185546875,68.59233856201172,79.19145202636719,81.03125,18.18181800842285,5,0,0,0,4.761904716491699,4.761904716491699,0,0,0,15.436827659606934,25769803776,0,18184634368,0
203,1790939653131,4,4,4,4,4,4,4,4,4,4,78.94625091552734,76.52761840820313,75.87926483154297,78.02871704101563,68.6596450805664,79.27385711669922,81.265625,0,0,0,0,0,0,4.761904716491699,0,0,0,15.436827659606934,25769803776,0,18182307840,0
203,1790939653335,4,4,4,4,4,4,4,4,4,4,78.94625091552734,76.52761840820313,75.87926483154297,78.02871704101563,68.6596450805664,79.27385711669922,81.265625,5,5,9.523809432983398,0,0,0,0,5,0,0,15.436827659606934,25769803776,0,18182373376,0
200,1790939653538,4,4,4,4,4,4,4,4,4,4,78.94625091552734,76.52761840820313,75.87926483154297,78.02871704101563,68.6596450805664,79.27385711669922,81.265625,15.000000953674316,4.761904716491699,0,0,0,0,5,0,0,0,15.436827659606934,25769803776,0,18163630080,0
201,1790939653739,4,4,4,4,4,4,4,4,4,4,78.94625091552734,76.52761840820313,75.87926483154297,78.02871704101563,68.6596450805664,79.27385711669922,81.265625,19.047618865966797,0,5,0,0,0,9.523809432983398,0,0,0,15.45128345489502,25769803776,0,18163679232,0
204,1790939653941,4,4,4,4,4,4,4,4,4,4,78.94625091552734,76.52761840820313,75.87926483154297,78.02871704101563,68.6596450805664,79.27385711669922,81.265625,10,0,0,4.761904716491699,0,0,0,0,0,0,15.45128345489502,25769803776,0,18163662848,0
204,1790939654146,4,4,4,4,4,4,4,4,4,4,78.90804290771484,76.47750091552734,75.88077545166016,77.92206573486328,68.65345001220703,79.1039810180664,81.03125,14.285715103149414,9.090909004211426,0,0,0,0,4.761904716491699,0,0,0,15.45128345489502,25769803776,0,18163580928,0
204,1790939654351,4,4,4,4,4,4,4,4,4,4,78.90804290771484,76.47750091552734,75.88077545166016,77.92206573486328,68.65345001220703,79.1039810180664,81.03125,10.526315689086914,0,0,0,0,0,9.523809432983398,0,0,0,15.45128345489502,25769803776,0,18163646464,0
204,1790939654556,4,4,4,4,4,4,4,4,4,4,78.90804290771484,76.47750091552734,75.88077545166016,77.92206573486328,68.65345001220703,79.1039810180664,81.03125,13.636363983154297,0,4.761904716491699,0,0,0,0,0,0,0,15.45128345489502,25769803776,0,18163646464,0
203,1790939654761,4,4,4,4,4,4,4,4,4,4,78.90804290771484,76.47750091552734,75.88077545166016,77.92206573486328,68.65345001220703,79.1039810180664,81.03125,5.263157844543457,9.090909004211426,0,0,0,0,5,0,0,0,15.19304370880127,25769803776,0,18163646464,0
204,1790939654965,4,4,4,4,4,4,4,4,4,4,78.90804290771484,76.47750091552734,75.88077545166016,77.92206573486328,68.65345001220703,79.1039810180664,81.03125,14.285715103149414,0,4.761904716491699,0,0,0,9.523809432983398,0,0,0,15.19304370880127,25769803776,0,18156306432,0
203,1790939655170,4,4,4,4,4,4,4,4,4,4,78.92140197753906,76.54253387451172,75.88140106201172,77.94207000732422,68.64672088623047,79.17472076416016,81.03125,15.000000953674316,0,5,0,0,0,4.761904716491699,4.545454502105713,4.545454502105713,0,15.19304370880127,25769803776,0,18156306432,0
203,1790939655374,4,4,4,4,4,4,4,4,4,4,78.92140197753906,76.54253387451172,75.88140106201172,77.94207000732422,68.64672088623047,79.17472076416016,81.03125,14.285715103149414,4.761904716491699,0,0,0,0,5,0,0,0,15.19304370880127,25769803776,0,18156257280,0
200,1790939655577,4,4,4,4,4,4,4,4,4,4,78.92140197753906,76.54253387451172,75.88140106201172,77.94207000732422,68.64672088623047,79.17472076416016,81.03125,10.526315689086914,0,0,4.761904716491699,0,0,9.523809432983398,0,0,0,15.19304370880127,25769803776,0,18156273664,0
204,1790939655778,4,4,4,4,4,4,4,4,4,4,78.92140197753906,76.54253387451172,75.88140106201172,77.94207000732422,68.64672088623047,79.17472076416016,81.03125,9.523809432983398,10,0,0,0,0,0,0,0,0,15.209335327148438,25769803776,0,18155978752,0
204,1790939655983,4,4,4,4,4,4,4,4,4,4,78.92140197753906,76.54253387451172,75.88140106201172,77.94207000732422,68.64672088623047,79.17472076416016,81.03125,10,0,4.761904716491699,0,0,4.761904716491699,4.761904716491699,4.761904716491699,0,0,15.209335327148438,25769803776,0,18158387200,0
199,1790939656188,4,4,4,4,4,4,4,4,4,4,79.0308609008789,76.62947845458984,75.98499298095703,78.11026763916016,68.7723617553711,79.40154266357422,81.265625,14.285715103149414,9.523809432983398,0,4.761904716491699,4.761904716491699,0,0,0,0,0,15.209335327148438,25769803776,0,18156290048,0
204,1790939656388,4,4,4,4,4,4,4,4,4,4,79.0308609008789,76.62947845458984,75.98499298095703,78.11026763916016,68.7723617553711,79.40154266357422,81.265625,10,0,4.761904716491699,0,0,0,9.523809432983398,0,0,0,15.209335327148438,25769803776,0,18156224512,0
202,1790939656593,4,4,4,4,4,4,4,4,4,4,79.0308609008789,76.62947845458984,75.98499298095703,78.11026763916016,68.7723617553711,79.40154266357422,81.265625,19.047618865966797,0,0,0,0,0,0,0,0,0,15.209335327148438,25769803776,0,18156568576,0
204,1790939656796,4,4,4,4,4,4,4,4,4,4,79.0308609008789,76.62947845458984,75.98499298095703,78.11026763916016,68.7723617553711,79.40154266357422,81.265625,5,5,4.761904716491699,4.761904716491699,0,0,9.523809432983398,0,0,0,15.5311279296875,25769803776,0,18156568576,0
200,1790939657001,4,4,4,4,4,4,4,4,4,4,79.0308609008789,76.62947845458984,75.98499298095703,78.11026763916016,68.7723617553711,79.40154266357422,81.265625,15.000000953674316,4.761904716491699,0,0,0,0,4.761904716491699,0,0,0,15.5311279296875,25769803776,0,18156584960,0
204,1790939657202,4,4,4,4,4,4,4,4,4,4,78.92878723144531,76.64893341064453,75.95464324951172,77.9852523803711,68.71511840820313,79.22941589355469,81.265625,10,5,0,0,0,0,5.263157844543457,0,0,0,15.5311279296875,25769803776,0,18156584960,0
204,1790939657407,4,4,4,4,4,4,4,4,4,4,78.92878723144531,76.64893341064453,75.95464324951172,77.9852523803711,68.71511840820313,79.22941589355469,81.265625,10,5,4.761904716491699,0,0,0,9.523809432983398,0,0,0,15.5311279296875,25769803776,0,18156683264,0
204,1790939657612,4,4,4,4,4,4,4,4,4,4,78.92878723144531,76.64893341064453,75.95464324951172,77.9852523803711,68.71511840820313,79.22941589355469,81.265625,10,0,0,0,0,0,0,0,0,0,15.162858963012695,25769803776,0,18158567424,0
199,1790939657817,4,4,4,4,4,4,4,4,4,4,78.92878723144531,76.64893341064453,75.95464324951172,77.9852523803711,68.71511840820313,79.22941589355469,81.265625,9.523809432983398,4.761904716491699,0,0,0,0,5,0,0,0,15.162858963012695,25769803776,0,18156765184,0
204,1790939658017,4,4,4,4,4,4,4,4,4,4,78.92878723144531,76.64893341064453,75.95464324951172,77.9852523803711,68.71511840820313,79.22941589355469,81.265625,15.000000953674316,0,5,0,0,0,9.523809432983398,0,0,0,15.162858963012695,25769803776,0,18156732416,0
204,1790939658222,4,4,4,4,4,4,4,4,4,4,78.91167449951172,76.58525085449219,75.92159271240234,77.95779418945313,68.68175506591797,79.1552963256836,81.03125,5,4.761904716491699,9.523809432983398,0,0,0,5,0,0,0,15.162858963012695,25769803776,0,18156814336,0
202,1790939658427,4,4,4,4,4,4,4,4,4,4,78.91167449951172,76.58525085449219,75.92159271240234,77.95779418945313,68.68175506591797,79.1552963256836,81.03125,19.047618865966797,5,0,0,0,0,0,4.761904716491699,0,0,15.162858963012695,25769803776,0,18156912640,0
201,1790939658630,4,4,4,4,4,4,4,4,4,4,78.91167449951172,76.58525085449219,75.92159271240234,77.95779418945313,68.68175506591797,79.1552963256836,81.03125,15.000000953674316,5,4.761904716491699,0,0,0,9.523809432983398,0,0,0,15.076342582702637,25769803776,0,18156879872,0
204,1790939658832,4,4,4,4,4,4,4,4,4,4,78.91167449951172,76.58525085449219,75.92159271240234,77.95779418945313,68.68175506591797,79.1552963256836,81.03125,15.000000953674316,4.761904716491699,0,0,0,0,4.761904716491699,0,0,0,15.076342582702637,25769803776,0,18156879872,0
204,1790939659037,4,4,4,4,4,4,4,4,4,4,78.91167449951172,76.58525085449219,75.92159271240234,77.95779418945313,68.68175506591797,79.1552963256836,81.03125,14.285715103149414,0,0,0,0,0,0,0,0,0,15.076342582702637,25769803776,0,18158583808,0
204,1790939659242,4,4,4,4,4,4,4,4,4,4,78.9570083618164,76.65003204345703,75.96320343017578,78.0340576171875,68.71729278564453,79.27496337890625,81.03125,5,5,0,0,0,0,4.761904716491699,4.761904716491699,0,0,15.076342582702637,25769803776,0,18156732416,0
204,1790939659447,4,4,4,4,4,4,4,4,4,4,78.9570083618164,76.65003204345703,75.96320343017578,78.0340576171875,68.71729278564453,79.27496337890625,81.03125,14.285715103149414,0,4.761904716491699,0,0,0,9.523809432983398,0,0,0,15.076342582702637,25769803776,0,18156732416,0
204,1790939659652,4,4,4,4,4,4,4,4,4,4,78.9570083618164,76.65003204345703,75.96320343017578,78.0340576171875,68.71729278564453,79.27496337890625,81.03125,10.526315689086914,4.761904716491699,4.761904716491699,0,0,0,5,0,0,0,15.279559135437012,25769803776,0,18156748800,0
201,1790939659857,4,4,4,4,4,4,4,4,4,4,78.9570083618164,76.65003204345703,75.96320343017578,78.0340576171875,68.71729278564453,79.27496337890625,81.03125,9.523809432983398,10,0,0,0,0,9.090909004211426,0,0,0,15.279559135437012,25769803776,0,18156716032,0
204,1790939660059,4,4,4,4,4,4,4,4,4,4,78.9570083618164,76.65003204345703,75.96320343017578,78.0340576171875,68.71729278564453,79.27496337890625,81.03125,14.285715103149414,5,4.761904716491699,4.761904716491699,0,0,0,0,0,0,15.279559135437012,25769803776,0,18156650496,0
204,1790939660263,4,4,4,4,4,4,4,4,4,4,78.99867248535156,76.69651794433594,76.02324676513672,78.09972381591797,68.80686950683594,79.37445831298828,81.265625,15.000000953674316,0,0,4.761904716491699,0,0,5,0,0,0,15.279559135437012,25769803776,0,18156683264,0
204,1790939660468,4,4,4,4,4,4,4,4,4,4,78.99867248535156,76.69651794433594,76.02324676513672,78.09972381591797,68.80686950683594,79.37445831298828,81.265625,15.000000953674316,9.090909004211426,0,0,0,0,9.523809432983398,0,0,0,15.279559135437012,25769803776,0,18156683264,0
204,1790939660673,4,4,4,4,4,4,4,4,4,4,78.99867248535156,76.69651794433594,76.02324676513672,78.09972381591797,68.80686950683594,79.37445831298828,81.265625,9.523809432983398,0,0,0,9.090909004211426,0,0,0,0,0,15.259645462036133,25769803776,0,18156683264,0
201,1790939660878,4,4,4,4,4,4,4,4,4,4,78.99867248535156,76.69651794433594,76.02324676513672,78.09972381591797,68.80686950683594,79.37445831298828,81.265625,15.000000953674316,5,9.090909004211426,4.761904716491699,0,0,4.761904716491699,4.545454502105713,0,0,15.259645462036133,25769803776,0,18156683264,0
204,1790939661080,4,4,4,4,4,4,4,4,4,4,78.99867248535156,76.69651794433594,76.02324676513672,78.09972381591797,68.80686950683594,79.37445831298828,81.265625,10,4.761904716491699,0,0,0,0,5,4.761904716491699,0,0,15.259645462036133,25769803776,0,18156929024,0
203,1790939661285,4,4,4,4,4,4,4,4,4,4,78.99101257324219,76.72775268554688,76.01570892333984,78.09883880615234,68.78366088867188,79.36109161376953,81.265625,15.000000953674316,0,0,0,0,0,5,0,0,0,15.259645462036133,25769803776,0,18157109248,0
204,1790939661489,4,4,4,4,4,4,4,4,4,4,78.99101257324219,76.72775268554688,76.01570892333984,78.09883880615234,68.78366088867188,79.36109161376953,81.265625,14.285715103149414,0,4.761904716491699,0,0,0,5,0,0,0,15.259645462036133,25769803776,0,18157109248,0
204,1790939661693,4,4,4,4,4,4,4,4,4,4,78.99101257324219,76.72775268554688,76.01570892333984,78.09883880615234,68.78366088867188,79.36109161376953,81.265625,14.285715103149414,9.523809432983398,4.761904716491699,0,0,0,9.523809432983398,0,0,0,15.210063934326172,25769803776,0,18157158400,0
204,1790939661898,4,4,4,4,4,4,4,4,4,4,78.99101257324219,76.72775268554688,76.01570892333984,78.09883880615234,68.78366088867188,79.36109161376953,81.265625,15.000000953674316,0,0,0,0,0,5,0,0,0,15.210063934326172,25769803776,0,18157158400,0
204,1790939662103,4,4,4,4,4,4,4,4,4,4,78.99101257324219,76.71276092529297,75.99085998535156,78.09883880615234,68.74791717529297,79.36109161376953,81.265625,15.000000953674316,4.761904716491699,4.761904716491699,0,0,0,9.523809432983398,0,0,0,15.210063934326172,25769803776,0,18157158400,0
203,1790939662308,4,4,4,4,4,4,4,4,4,4,78.90991973876953,76.71276092529297,75.99085998535156,77.965576171875,68.74791717529297,79.18058776855469,81.265625,5,5,0,0,0,0,0,0,0,0,15.210063934326172,25769803776,0,18157158400,0
202,1790939662512,4,4,4,4,4,4,4,4,4,4,78.90991973876953,76.71276092529297,75.99085998535156,77.965576171875,68.74791717529297,79.18058776855469,81.265625,9.523809432983398,5,0,4.761904716491699,0,0,5,0,0,0,15.210063934326172,25769803776,0,18157158400,0
203,1790939662714,4,4,4,4,4,4,4,4,4,4,78.90991973876953,76.71276092529297,75.99085998535156,77.965576171875,68.74791717529297,79.18058776855469,81.265625,15.000000953674316,9.523809432983398,0,5,0,0,9.523809432983398,0,0,0,15.039422988891602,25769803776,0,18157158400,0
204,1790939662918,4,4,4,4,4,4,4,4,4,4,78.90991973876953,76.71276092529297,75.99085998535156,77.965576171875,68.74791717529297,79.18058776855469,81.265625,10.526315689086914,5,9.523809432983398,0,0,0,5,0,0,0,15.039422988891602,25769803776,0,18157158400,0
204,1790939663123,4,4,4,4,4,4,4,4,4,4,78.91426086425781,76.61935424804688,75.95419311523438,77.93879699707031,68.71332550048828,79.1575927734375,81.265625,18.18181800842285,0,0,0,0,0,4.761904716491699,0,0,0,15.039422988891602,25769803776,0,18157568000,0
204,1790939663327,4,4,4,4,4,4,4,4,4,4,78.91426086425781,76.61935424804688,75.95419311523438,77.93879699707031,68.71332550048828,79.1575927734375,81.265625,15.000000953674316,4.761904716491699,0,0,0,0,9.523809432983398,0,0,0,15.039422988891602,25769803776,0,18157453312,0
204,1790939663532,4,4,4,4,4,4,4,4,4,4,78.91426086425781,76.61935424804688,75.95419311523438,77.93879699707031,68.71332550048828,79.1575927734375,81.265625,14.285715103149414,4.761904716491699,0,0,0,0,5,0,0,0,15.039422988891602,25769803776,0,18157453312,0
204,1790939663737,4,4,4,4,4,4,4,4,4,4,78.91426086425781,76.61935424804688,75.95419311523438,77.93879699707031,68.71332550048828,79.1575927734375,81.265625,15.000000953674316,0,4.761904716491699,0,0,0,0,0,0,0,14.810791969299316,25769803776,0,18159222784,0
203,1790939663943,4,4,4,4,4,4,4,4,4,4,78.91426086425781,76.61935424804688,75.95419311523438,77.93879699707031,68.71332550048828,79.1575927734375,81.265625,4.761904716491699,0,0,0,0,0,4.761904716491699,0,0,0,14.810791969299316,25769803776,0,18157404160,0
203,1790939664147,4,4,4,4,4,4,4,4,4,4,79.08966064453125,76.75011444091797,76.05149841308594,78.1564712524414,68.8123779296875,79.44914245605469,81.265625,10,4.761904716491699,0,0,0,0,9.523809432983398,0,0,0,14.810791969299316,25769803776,0,18157404160,0
204,1790939664350,4,4,4,4,4,4,4,4,4,4,79.08966064453125,76.75011444091797,76.05149841308594,78.1564712524414,68.8123779296875,79.44914245605469,81.265625,15.000000953674316,0,0,0,0,0,0,0,0,0,14.810791969299316,25769803776,0,18157404160,0
204,1790939664555,4,4,4,4,4,4,4,4,4,4,79.08966064453125,76.75011444091797,76.05149841308594,78.1564712524414,68.8123779296875,79.44914245605469,81.265625,10,0,4.761904716491699,0,0,0,9.523809432983398,0,0,0,14.810791969299316,25769803776,0,18157404160,0
201,1790939664760,4,4,4,4,4,4,4,4,4,4,79.08966064453125,76.75011444091797,76.05149841308594,78.1564712524414,68.8123779296875,79.44914245605469,81.265625,15.000000953674316,4.761904716491699,4.761904716491699,0,0,0,5,0,0,0,15.450067520141602,25769803776,0,18157404160,0
203,1790939664961,4,4,4,4,4,4,4,4,4,4,79.08966064453125,76.75011444091797,76.05149841308594,78.1564712524414,68.8123779296875,79.44914245605469,81.265625,14.285715103149414,5,0,0,0,0,9.523809432983398,0,0,0,15.450067520141602,25769803776,0,18157404160,0
204,1790939665165,4,4,4,4,4,4,4,4,4,4,78.99726867675781,76.76042175292969,76.0624008178711,78.09037017822266,68.8182373046875,79.35006713867188,81.265625,10,0,4.761904716491699,0,0,0,0,9.090909004211426,0,0,15.450067520141602,25769803776,0,18157404160,0
204,1790939665370,4,4,4,4,4,4,4,4,4,4,78.99726867675781,76.76042175292969,76.0624008178711,78.09037017822266,68.8182373046875,79.35006713867188,81.265625,9.523809432983398,4.761904716491699,0,0,4.761904716491699,0,0,0,0,0,15.450067520141602,25769803776,0,18159075328,0
203,1790939665574,4,4,4,4,4,4,4,4,4,4,78.99726867675781,76.76042175292969,76.0624008178711,78.09037017822266,68.8182373046875,79.35006713867188,81.265625,10,4.761904716491699,0,0,0,0,9.523809432983398,0,0,0,15.450067520141602,25769803776,0,18157240320,0
203,1790939665779,4,4,4,4,4,4,4,4,4,4,78.99726867675781,76.76042175292969,76.0624008178711,78.09037017822266,68.8182373046875,79.35006713867188,81.265625,5,5.263157844543457,0,0,0,0,5,0,0,0,15.175561904907227,25769803776,0,18156765184,0
204,1790939665983,4,4,4,4,4,4,4,4,4,4,78.99726867675781,76.76042175292969,76.0624008178711,78.09037017822266,68.8182373046875,79.35006713867188,81.265625,15.000000953674316,4.761904716491699,4.761904716491699,0,0,0,4.761904716491699,0,0,0,15.175561904907227,25769803776,0,18156765184,0
200,1790939666188,4,4,4,4,4,4,4,4,4,4,78.86585998535156,76.59599304199219,75.97338104248047,77.82653045654297,68.76455688476563,79.03042602539063,81.03125,19.047618865966797,4.761904716491699,0,0,0,0,9.523809432983398,0,0,0,15.175561904907227,25769803776,0,18156797952,0
201,1790939666389,4,4,4,4,4,4,4,4,4,4,78.86585998535156,76.59599304199219,75.97338104248047,77.82653045654297,68.76455688476563,79.03042602539063,81.03125,5,0,0,4.761904716491699,0,0,5.263157844543457,0,0,0,15.175561904907227,25769803776,0,18156797952,0
201,1790939666590,4,4,4,4,4,4,4,4,4,4,78.86585998535156,76.59599304199219,75.97338104248047,77.82653045654297,68.76455688476563,79.03042602539063,81.03125,14.285715103149414,0,4.761904716491699,0,0,0,9.523809432983398,0,0,0,15.175561904907227,25769803776,0,18156847104,0
204,1790939666792,4,4,4,4,4,4,4,4,4,4,78.86585998535156,76.59599304199219,75.97338104248047,77.82653045654297,68.76455688476563,79.03042602539063,81.03125,0,5,0,0,0,0,5,0,0,0,14.577486991882324,25769803776,0,18156847104,0
204,1790939666997,4,4,4,4,4,4,4,4,4,4,78.86585998535156,76.59599304199219,75.97338104248047,77.82653045654297,68.76455688476563,79.03042602539063,81.03125,9.090909004211426,0,0,4.545454502105713,0,0,0,0,0,0,14.577486991882324,25769803776,0,18156847104,0
203,1790939667202,4,4,4,4,4,4,4,4,4,4,78.90605163574219,76.66229248046875,75.9894790649414,77.91035461425781,68.74929809570313,79.1274642944336,81.03125,5,9.090909004211426,0,5,0,0,9.523809432983398,0,0,0,14.577486991882324,25769803776,0,18156748800,0
204,1790939667406,4,4,4,4,4,4,4,4,4,4,78.90605163574219,76.66229248046875,75.9894790649414,77.91035461425781,68.74929809570313,79.1274642944336,81.03125,14.285715103149414,0,0,0,0,0,5,0,0,0,14.577486991882324,25769803776,0,18156912640,0
201,1790939667611,4,4,4,4,4,4,4,4,4,4,78.90605163574219,76.66229248046875,75.9894790649414,77.91035461425781,68.74929809570313,79.1274642944336,81.03125,15.000000953674316,5,9.090909004211426,0,0,0,9.523809432983398,0,0,0,14.928629875183105,25769803776,0,18156912640,0
203,1790939667812,4,4,4,4,4,4,4,4,4,4,78.90605163574219,76.66229248046875,75.9894790649414,77.91035461425781,68.74929809570313,79.1274642944336,81.03125,10,4.761904716491699,0,0,0,0,5,0,4.761904716491699,0,14.928629875183105,25769803776,0,18156912640,0
202,1790939668016,4,4,4,4,4,4,4,4,4,4,78.90605163574219,76.66229248046875,75.9894790649414,77.91035461425781,68.74929809570313,79.1274642944336,81.03125,15.000000953674316,0,0,0,0,0,0,4.545454502105713,0,0,14.928629875183105,25769803776,0,18156912640,0
204,1790939668219,4,4,4,4,4,4,4,4,4,4,78.9545669555664,76.65434265136719,75.97845458984375,78.01315307617188,68.74274444580078,79.22791290283203,81.265625,10,0,4.761904716491699,0,0,0,9.523809432983398,0,0,0,14.928629875183105,25769803776,0,18156716032,0
204,1790939668424,4,4,4,4,4,4,4,4,4,4,78.9545669555664,76.65434265136719,75.97845458984375,78.01315307617188,68.74274444580078,79.22791290283203,81.265625,14.285715103149414,4.761904716491699,0,0,0,0,0,0,0,0,14.928629875183105,25769803776,0,18158452736,0
204,1790939668629,4,4,4,4,4,4,4,4,4,4,78.9545669555664,76.65434265136719,75.97845458984375,78.01315307617188,68.74274444580078,79.22791290283203,81.265625,5,4.545454502105713,0,0,0,0,4.545454502105713,4.761904716491699,0,0,14.997774124145508,25769803776,0,18156634112,0
201,1790939668834,4,4,4,4,4,4,4,4,4,4,78.9545669555664,76.65434265136719,75.97845458984375,78.01315307617188,68.74274444580078,79.22791290283203,81.265625,10,0,0,0,0,0,5,0,0,0,14.997774124145508,25769803776,0,18156634112,0
202,1790939669036,4,4,4,4,4,4,4,4,4,4,78.9545669555664,76.65434265136719,75.97845458984375,78.01315307617188,68.74274444580078,79.22791290283203,81.265625,14.285715103149414,0,4.761904716491699,0,0,0,10,0,0,0,14.997774124145508,25769803776,0,18156634112,0
204,1790939669238,4,4,4,4,4,4,4,4,4,4,78.98941040039063,76.72721862792969,76.05951690673828,78.08641815185547,68.85527038574219,79.33529663085938,81.265625,19.047618865966797,4.761904716491699,0,4.761904716491699,0,0,0,0,0,0,14.997774124145508,25769803776,0,18156634112,0
200,1790939669443,4,4,4,4,4,4,4,4,4,4,78.98941040039063,76.72721862792969,76.05951690673828,78.08641815185547,68.85527038574219,79.33529663085938,81.265625,10.526315689086914,0,0,0,0,0,9.090909004211426,4.545454502105713,0,0,14.997774124145508,25769803776,0,18156601344,0
204,1790939669643,4,4,4,4,4,4,4,4,4,4,78.98941040039063,76.72721862792969,76.05951690673828,78.08641815185547,68.85527038574219,79.33529663085938,81.265625,14.285715103149414,5,0,0,0,0,5.263157844543457,0,0,0,15.31645393371582,25769803776,0,18156601344,0
201,1790939669848,4,4,4,4,4,4,4,4,4,4,78.98941040039063,76.72721862792969,76.05951690673828,78.08641815185547,68.85527038574219,79.33529663085938,81.265625,10.526315689086914,4.761904716491699,4.761904716491699,0,0,0,5,0,0,0,15.31645393371582,25769803776,0,18156797952,0
201,1790939670050,4,4,4,4,4,4,4,4,4,4,78.98941040039063,76.72721862792969,76.05951690673828,78.08641815185547,68.85527038574219,79.33529663085938,81.265625,9.523809432983398,0,0,0,9.090909004211426,0,4.761904716491699,0,0,0,15.31645393371582,25769803776,0,18156797952,0
204,1790939670252,4,4,4,4,4,4,4,4,4,4,78.89010620117188,76.64866638183594,75.9762191772461,77.89347839355469,68.7364273071289,79.06867980957031,81.265625,15.000000953674316,5,5,4.761904716491699,0,4.761904716491699,5,0,0,0,15.31645393371582,25769803776,0,18157027328,0
200,1790939670457,4,4,4,4,4,4,4,4,4,4,78.89010620117188,76.64866638183594,75.9762191772461,77.89347839355469,68.7364273071289,79.06867980957031,81.265625,15.000000953674316,5,4.761904716491699,0,0,0,4.761904716491699,0,0,0,15.31645393371582,25769803776,0,18157027328,0
204,1790939670658,4,4,4,4,4,4,4,4,4,4,78.89010620117188,76.64866638183594,75.9762191772461,77.89347839355469,68.7364273071289,79.06867980957031,81.265625,14.285715103149414,4.761904716491699,0,0,0,0,9.523809432983398,0,0,0,14.69763469696045,25769803776,0,18157076480,0
201,1790939670862,4,4,4,4,4,4,4,4,4,4,78.89010620117188,76.64866638183594,75.9762191772461,77.89347839355469,68.7364273071289,79.06867980957031,81.265625,15.000000953674316,0,0,0,0,0,5,0,0,0,14.69763469696045,25769803776,0,18157076480,0
204,1790939671063,4,4,4,4,4,4,4,4,4,4,78.89010620117188,76.64866638183594,75.9762191772461,77.89347839355469,68.7364273071289,79.06867980957031,81.265625,15.000000953674316,0,5,0,0,0,5,0,0,0,14.69763469696045,25769803776,0,18157076480,0
204,1790939671268,4,4,4,4,4,4,4,4,4,4,78.8568344116211,76.56366729736328,75.92393493652344,77.80564880371094,68.67703247070313,79.00865173339844,81.03125,10,9.523809432983398,0,0,0,0,5,0,0,0,14.69763469696045,25769803776,0,18157076480,0
203,1790939671474,4,4,4,4,4,4,4,4,4,4,78.8568344116211,76.56366729736328,75.92393493652344,77.80564880371094,68.67703247070313,79.00865173339844,81.03125,9.523809432983398,0,0,0,0,0,4.761904716491699,0,0,0,14.69763469696045,25769803776,0,18158927872,0
204,1790939671677,4,4,4,4,4,4,4,4,4,4,78.8568344116211,76.56366729736328,75.92393493652344,77.80564880371094,68.67703247070313,79.00865173339844,81.03125,10,4.761904716491699,0,0,0,0,0,0,0,0,14.631814002990723,25769803776,0,18157158400,0
204,1790939671882,4,4,4,4,4,4,4,4,4,4,78.8568344116211,76.56366729736328,75.92393493652344,77.80564880371094,68.67703247070313,79.00865173339844,81.03125,10,4.761904716491699,9.090909004211426,0,0,0,9.523809432983398,4.761904716491699,0,0,14.631814002990723,25769803776,0,18157158400,0
204,1790939672087,4,4,4,4,4,4,4,4,4,4,78.8568344116211,76.56366729736328,75.92393493652344,77.80564880371094,68.67703247070313,79.00865173339844,81.03125,18.18181800842285,0,0,0,0,0,4.761904716491699,0,0,0,14.631814002990723,25769803776,0,18157158400,0
201,1790939672292,4,4,4,4,4,4,4,4,4,4,78.8773422241211,76.5918197631836,75.92428588867188,77.8812255859375,68.7012710571289,79.05644226074219,81.03125,10.526315689086914,0,0,0,0,0,5,0,0,0,14.631814002990723,25769803776,0,18156945408,0
200,1790939672494,4,4,4,4,4,4,4,4,4,4,78.8773422241211,76.5918197631836,75.92428588867188,77.8812255859375,68.7012710571289,79.05644226074219,81.03125,15.000000953674316,4.761904716491699,0,0,0,0,9.523809432983398,0,0,0,14.631814002990723,25769803776,0,18156945408,0
204,1790939672695,4,4,4,4,4,4,4,4,4,4,78.8773422241211,76.5918197631836,75.92428588867188,77.8812255859375,68.7012710571289,79.05644226074219,81.03125,18.18181800842285,0,4.761904716491699,0,0,0,5,0,0,0,14.882318496704102,25769803776,0,18156797952,0
204,1790939672900,4,4,4,4,4,4,4,4,4,4,78.8773422241211,76.5918197631836,75.92428588867188,77.8812255859375,68.7012710571289,79.05644226074219,81.03125,10.526315689086914,4.761904716491699,0,0,0,0,0,0,0,0,14.882318496704102,25769803776,0,18159091712,0
204,1790939673105,4,4,4,4,4,4,4,4,4,4,78.89773559570313,76.61111450195313,75.94116973876953,77.91280364990234,68.70486450195313,79.1050796508789,83.03125,0,4.761904716491699,0,0,0,0,9.090909004211426,0,0,0,14.882318496704102,25769803776,0,18156830720,0
204,1790939673310,4,4,4,4,4,4,4,4,4,4,78.89773559570313,76.61111450195313,75.94116973876953,77.91280364990234,68.70486450195313,79.1050796508789,83.03125,9.523809432983398,10,0,4.761904716491699,0,0,5,0,0,0,14.882318496704102,25769803776,0,18156699648,0
204,1790939673515,4,4,4,4,4,4,4,4,4,4,78.89773559570313,76.61111450195313,75.94116973876953,77.91280364990234,68.70486450195313,79.1050796508789,83.03125,10,0,9.090909004211426,0,0,0,4.761904716491699,0,0,0,14.882318496704102,25769803776,0,18156732416,0
202,1790939673720,4,4,4,4,4,4,4,4,4,4,78.89773559570313,76.61111450195313,75.94116973876953,77.91280364990234,68.70486450195313,79.1050796508789,83.03125,19.047618865966797,0,0,0,0,0,5,0,0,0,15.010475158691406,25769803776,0,18156666880,0
201,1790939673923,4,4,4,4,4,4,4,4,4,4,78.89773559570313,76.61111450195313,75.94116973876953,77.91280364990234,68.70486450195313,79.1050796508789,83.03125,14.285715103149414,9.090909004211426,0,0,0,0,5,0,0,0,15.010475158691406,25769803776,0,18156716032,0
204,1790939674125,4,4,4,4,4,4,4,4,4,4,78.87123107910156,76.59736633300781,75.92826843261719,77.84565734863281,68.68292236328125,79.02604675292969,81.03125,0,0,10,0,0,0,9.523809432983398,0,0,0,15.010475158691406,25769803776,0,18156716032,0
204,1790939674330,4,4,4,4,4,4,4,4,4,4,78.87123107910156,76.59736633300781,75.92826843261719,77.84565734863281,68.68292236328125,79.02604675292969,81.03125,18.18181800842285,0,0,0,0,0,5,0,0,0,15.010475158691406,25769803776,0,18156601344,0
204,1790939674535,4,4,4,4,4,4,4,4,4,4,78.87123107910156,76.59736633300781,75.92826843261719,77.84565734863281,68.68292236328125,79.02604675292969,81.03125,10,0,0,0,0,0,0,0,0,0,15.010475158691406,25769803776,0,18158436352,0
204,1790939674740,4,4,4,4,4,4,4,4,4,4,78.87123107910156,76.59736633300781,75.92826843261719,77.84565734863281,68.68292236328125,79.02604675292969,81.03125,5,4.761904716491699,0,0,0,0,9.090909004211426,0,0,0,14.725358009338379,25769803776,0,18156650496,0
204,1790939674945,4,4,4,4,4,4,4,4,4,4,78.87123107910156,76.59736633300781,75.92826843261719,77.84565734863281,68.68292236328125,79.02604675292969,81.03125,14.285715103149414,0,0,0,4.545454502105713,0,5,0,0,0,14.725358009338379,25769803776,0,18156650496,0
204,1790939675151,4,4,4,4,4,4,4,4,4,4,78.87132263183594,76.58319854736328,75.92229461669922,77.83245849609375,68.68272399902344,79.02729034423828,81.03125,10.526315689086914,65,4.761904716491699,0,0,0,5,0,0,0,14.725358009338379,25769803776,0,18156650496,0
200,1790939675356,4,4,4,4,4,4,4,4,4,4,78.87132263183594,76.58319854736328,75.92229461669922,77.83245849609375,68.68272399902344,79.02729034423828,81.03125,13.636363983154297,0,4.761904716491699,0,0,0,9.523809432983398,0,0,0,14.725358009338379,25769803776,0,18156470272,0
204,1790939675556,4,4,4,4,4,4,4,4,4,4,78.87132263183594,76.58319854736328,75.92229461669922,77.83245849609375,68.68272399902344,79.02729034423828,81.03125,21.052631378173828,9.523809432983398,14.285715103149414,5,0,0,10.526315689086914,10,0,0,14.725358009338379,25769803776,0,18174492672,0
204,1790939675761,4,4,4,4,4,4,4,4,4,4,78.87132263183594,76.58319854736328,75.92229461669922,77.83245849609375,68.68272399902344,79.02729034423828,81.03125,23.809524536132813,9.523809432983398,0,4.761904716491699,0,0,9.090909004211426,0,0,0,14.704546928405762,25769803776,0,18174164992,0
204,1790939675966,4,4,4,4,4,4,4,4,4,4,78.87132263183594,76.58319854736328,75.92229461669922,77.83245849609375,68.68272399902344,79.02729034423828,81.03125,19.047618865966797,5,4.761904716491699,0,4.761904716491699,4.761904716491699,5,4.761904716491699,0,0,14.704546928405762,25769803776,0,18174377984,0
199,1790939676171,4,4,4,4,4,4,4,4,4,4,78.89058685302734,76.75122833251953,76.06644439697266,77.88821411132813,68.87561798095703,79.12512969970703,81.265625,10,5,5,4.761904716491699,0,0,0,0,0,0,14.704546928405762,25769803776,0,18174377984,0
203,1790939676371,4,4,4,4,4,4,4,4,4,4,78.89058685302734,76.75122833251953,76.06644439697266,77.88821411132813,68.87561798095703,79.12512969970703,81.265625,15.000000953674316,5,4.761904716491699,0,0,0,0,5.263157844543457,0,0,14.704546928405762,25769803776,0,18174427136,0
200,1790939676576,4,4,4,4,4,4,4,4,4,4,78.89058685302734,76.75122833251953,76.06644439697266,77.88821411132813,68.87561798095703,79.12512969970703,81.265625,15.000000953674316,4.761904716491699,0,0,0,0,9.523809432983398,0,0,0,14.704546928405762,25769803776,0,18174590976,0
204,1790939676777,4,4,4,4,4,4,4,4,4,4,78.89058685302734,76.75122833251953,76.06644439697266,77.88821411132813,68.87561798095703,79.12512969970703,81.265625,25,10,20,4.761904716491699,0,0,0,0,0,0,14.983895301818848,25769803776,0,18181603328,0
202,1790939676982,4,4,4,4,4,4,4,4,4,4,78.89058685302734,76.75122833251953,76.06644439697266,77.88821411132813,68.87561798095703,79.12512969970703,81.265625,14.285715103149414,4.761904716491699,0,0,0,0,5,0,0,0,14.983895301818848,25769803776,0,18181603328,0
204,1790939677185,4,4,4,4,4,4,4,4,4,4,78.71046447753906,76.43209838867188,75.82518005371094,77.65845489501953,68.61310577392578,78.89820098876953,80.796875,5.263157844543457,5.263157844543457,0,0,0,0,9.090909004211426,0,0,0,14.983895301818848,25769803776,0,18181603328,0
204,1790939677390,4,4,4,4,4,4,4,4,4,4,78.71046447753906,76.43209838867188,75.82518005371094,77.65845489501953,68.61310577392578,78.89820098876953,80.796875,14.285715103149414,4.761904716491699,9.090909004211426,0,4.761904716491699,0,5,0,0,0,14.983895301818848,25769803776,0,18181472256,0
204,1790939677595,4,4,4,4,4,4,4,4,4,4,78.71046447753906,76.43209838867188,75.82518005371094,77.65845489501953,68.61310577392578,78.89820098876953,80.796875,14.285715103149414,0,0,0,0,0,0,4.761904716491699,0,0,14.983895301818848,25769803776,0,18168545280,0
204,1790939677800,4,4,4,4,4,4,4,4,4,4,78.71046447753906,76.43209838867188,75.82518005371094,77.65845489501953,68.61310577392578,78.89820098876953,80.796875,5,0,0,0,0,0,9.090909004211426,0,0,0,14.270228385925293,25769803776,0,18166759424,0
204,1790939678005,4,4,4,4,4,4,4,4,4,4,78.71046447753906,76.43209838867188,75.82518005371094,77.65845489501953,68.61310577392578,78.89820098876953,80.796875,10,0,0,0,0,0,5.263157844543457,0,0,0,14.270228385925293,25769803776,0,18166759424,0
203,1790939678210,4,4,4,4,4,4,4,4,4,4,78.71351623535156,76.40377807617188,75.68724060058594,77.6431655883789,68.51182556152344,78.9046859741211,82.796875,15.000000953674316,9.090909004211426,4.761904716491699,0,0,0,0,5,0,0,14.270228385925293,25769803776,0,18166759424,0
200,1790939678414,4,4,4,4,4,4,4,4,4,4,78.71351623535156,76.40377807617188,75.68724060058594,77.6431655883789,68.51182556152344,78.9046859741211,82.796875,18.18181800842285,0,0,0,0,0,9.523809432983398,0,0,0,14.270228385925293,25769803776,0,18166710272,0
200,1790939678614,4,4,4,4,4,4,4,4,4,4,78.71351623535156,76.40377807617188,75.68724060058594,77.6431655883789,68.51182556152344,78.9046859741211,82.796875,5.263157844543457,5,0,0,0,0,5,0,0,0,14.419304847717285,25769803776,0,18166661120,0
204,1790939678815,4,4,4,4,4,4,4,4,4,4,78.71351623535156,76.40377807617188,75.68724060058594,77.6431655883789,68.51182556152344,78.9046859741211,82.796875,14.285715103149414,0,0,0,0,0,10,4.761904716491699,0,0,14.419304847717285,25769803776,0,18166710272,0
204,1790939679020,4,4,4,4,4,4,4,4,4,4,78.71351623535156,76.40377807617188,75.68724060058594,77.6431655883789,68.51182556152344,78.9046859741211,82.796875,10.526315689086914,9.090909004211426,4.761904716491699,0,0,0,4.761904716491699,0,0,0,14.419304847717285,25769803776,0,18166710272,0
201,1790939679226,4,4,4,4,4,4,4,4,4,4,78.78640747070313,76.40697479248047,75.7223892211914,77.67375946044922,68.48403930664063,78.96292877197266,81.03125,13.636363983154297,0,4.761904716491699,0,0,0,0,0,0,0,14.419304847717285,25769803776,0,18168561664,0
204,1790939679427,4,4,4,4,4,4,4,4,4,4,78.78640747070313,76.40697479248047,75.7223892211914,77.67375946044922,68.48403930664063,78.96292877197266,81.03125,5.263157844543457,0,0,0,0,0,0,0,0,0,14.419304847717285,25769803776,0,18166726656,0
204,1790939679632,4,4,4,4,4,4,4,4,4,4,78.78640747070313,76.40697479248047,75.7223892211914,77.67375946044922,68.48403930664063,78.96292877197266,81.03125,5,4.761904716491699,4.761904716491699,4.545454502105713,0,0,10,0,0,0,14.642216682434082,25769803776,0,18166726656,0
204,1790939679837,4,4,4,4,4,4,4,4,4,4,78.78640747070313,76.40697479248047,75.7223892211914,77.67375946044922,68.48403930664063,78.96292877197266,81.03125,14.285715103149414,4.761904716491699,0,0,0,0,4.761904716491699,0,0,0,14.642216682434082,25769803776,0,18166693888,0
202,1790939680042,4,4,4,4,4,4,4,4,4,4,78.78640747070313,76.40697479248047,75.7223892211914,77.67375946044922,68.48403930664063,78.96292877197266,81.03125,19.047618865966797,0,0,4.761904716491699,0,0,9.523809432983398,4.761904716491699,0,0,14.642216682434082,25769803776,0,18166693888,0
204,1790939680246,4,4,4,4,4,4,4,4,4,4,78.8157730102539,76.44934844970703,75.82981872558594,77.69747161865234,68.60171508789063,78.9819107055664,80.796875,10.526315689086914,4.761904716491699,4.761904716491699,0,0,0,0,0,0,0,14.642216682434082,25769803776,0,18166693888,0
204,1790939680451,4,4,4,4,4,4,4,4,4,4,78.8157730102539,76.44934844970703,75.82981872558594,77.69747161865234,68.60171508789063,78.9819107055664,80.796875,14.285715103149414,0,0,0,0,0,5,0,0,0,14.642216682434082,25769803776,0,18166775808,0
204,1790939680655,4,4,4,4,4,4,4,4,4,4,78.8157730102539,76.44934844970703,75.82981872558594,77.69747161865234,68.60171508789063,78.9819107055664,80.796875,18.18181800842285,4.761904716491699,0,0,0,0,9.090909004211426,0,0,0,14.91006088256836,25769803776,0,18168938496,0
204,1790939680861,4,4,4,4,4,4,4,4,4,4,78.8157730102539,76.44934844970703,75.82981872558594,77.69747161865234,68.60171508789063,78.9819107055664,80.796875,0,0,4.761904716491699,0,0,0,0,4.761904716491699,0,0,14.91006088256836,25769803776,0,18166775808,0
203,1790939681066,4,4,4,4,4,4,4,4,4,4,78.8157730102539,76.44934844970703,75.82981872558594,77.69747161865234,68.60171508789063,78.9819107055664,80.796875,18.18181800842285,4.761904716491699,0,0,0,0,5,0,0,0,14.91006088256836,25769803776,0,18166579200,0
204,1790939681269,4,4,4,4,4,4,4,4,4,4,78.67765045166016,76.36579132080078,75.69940948486328,77.63802337646484,68.44119262695313,78.88713836669922,80.796875,5.263157844543457,9.523809432983398,0,0,0,0,9.523809432983398,0,0,0,14.91006088256836,25769803776,0,18166628352,0
201,1790939681474,4,4,4,4,4,4,4,4,4,4,78.67765045166016,76.36579132080078,75.69940948486328,77.63802337646484,68.44119262695313,78.88713836669922,80.796875,14.285715103149414,0,0,0,0,0,5,0,4.545454502105713,0,14.91006088256836,25769803776,0,18166628352,0
204,1790939681676,4,4,4,4,4,4,4,4,4,4,78.67765045166016,76.36579132080078,75.69940948486328,77.63802337646484,68.44119262695313,78.88713836669922,80.796875,5.263157844543457,0,4.761904716491699,0,0,0,10,0,0,0,14.319931983947754,25769803776,0,18166661120,0
204,1790939681881,4,4,4,4,4,4,4,4,4,4,78.67765045166016,76.36579132080078,75.69940948486328,77.63802337646484,68.44119262695313,78.88713836669922,80.796875,14.285715103149414,4.545454502105713,0,0,0,0,5,0,0,0,14.319931983947754,25769803776,0,18166710272,0
204,1790939682086,4,4,4,4,4,4,4,4,4,4,78.67765045166016,76.36579132080078,75.69940948486328,77.63802337646484,68.44119262695313,78.88713836669922,80.796875,10,0,0,4.761904716491699,4.761904716491699,0,9.090909004211426,0,0,0,14.319931983947754,25769803776,0,18166710272,0
204,1790939682291,4,4,4,4,4,4,4,4,4,4,78.65503692626953,76.42742156982422,75.67269134521484,77.61261749267578,68.42153930664063,78.84691619873047,80.796875,19.047618865966797,0,0,0,0,0,5,0,0,0,14.319931983947754,25769803776,0,18166710272,0
199,1790939682496,4,4,4,4,4,4,4,4,4,4,78.65503692626953,76.42742156982422,75.67269134521484,77.61261749267578,68.42153930664063,78.84691619873047,80.796875,5,4.761904716491699,9.090909004211426,0,0,0,0,0,0,0,14.319931983947754,25769803776,0,18166398976,0
204,1790939682696,4,4,4,4,4,4,4,4,4,4,78.65503692626953,76.42742156982422,75.67269134521484,77.61261749267578,68.42153930664063,78.84691619873047,80.796875,15.000000953674316,0,0,0,0,0,5,0,0,0,14.356924057006836,25769803776,0,18166382592,0
203,1790939682901,4,4,4,4,4,4,4,4,4,4,78.65503692626953,76.42742156982422,75.67269134521484,77.61261749267578,68.42153930664063,78.84691619873047,80.796875,10,0,0,0,4.761904716491699,0,9.523809432983398,0,0,0,14.356924057006836,25769803776,0,18166431744,0
199,1790939683105,4,4,4,4,4,4,4,4,4,4,78.67671966552734,76.3407974243164,75.6263656616211,77.60778045654297,68.40265655517578,78.81929779052734,80.796875,14.285715103149414,9.090909004211426,0,4.761904716491699,0,0,5,4.761904716491699,0,0,14.356924057006836,25769803776,0,18166579200,0
204,1790939683305,4,4,4,4,4,4,4,4,4,4,78.67671966552734,76.3407974243164,75.6263656616211,77.60778045654297,68.40265655517578,78.81929779052734,80.796875,10,0,5,5,0,0,5,0,0,0,14.356924057006836,25769803776,0,18166579200,0
204,1790939683510,4,4,4,4,4,4,4,4,4,4,78.67671966552734,76.3407974243164,75.6263656616211,77.60778045654297,68.40265655517578,78.81929779052734,80.796875,15.000000953674316,4.761904716491699,0,0,0,0,9.523809432983398,0,0,0,14.356924057006836,25769803776,0,18166349824,0
204,1790939683715,4,4,4,4,4,4,4,4,4,4,78.67671966552734,76.3407974243164,75.6263656616211,77.60778045654297,68.40265655517578,78.81929779052734,80.796875,10,5,0,0,0,0,0,5,0,0,14.451732635498047,25769803776,0,18166136832,0
201,1790939683920,4,4,4,4,4,4,4,4,4,4,78.67671966552734,76.3407974243164,75.6263656616211,77.60778045654297,68.40265655517578,78.81929779052734,80.796875,9.523809432983398,0,4.761904716491699,0,0,0,0,0,0,0,14.451732635498047,25769803776,0,18167971840,0
199,1790939684122,4,4,4,4,4,4,4,4,4,4,78.65127563476563,76.31689453125,75.61676788330078,77.58265686035156,68.40674591064453,78.79842376708984,80.796875,10,4.761904716491699,0,0,0,0,9.523809432983398,0,0,0,14.451732635498047,25769803776,0,18167971840,0
204,1790939684322,4,4,4,4,4,4,4,4,4,4,78.65127563476563,76.31689453125,75.61676788330078,77.58265686035156,68.40674591064453,78.79842376708984,80.796875,15.000000953674316,0,0,0,0,0,0,0,0,0,14.451732635498047,25769803776,0,18167971840,0
204,1790939684527,4,4,4,4,4,4,4,4,4,4,78.65127563476563,76.31689453125,75.61676788330078,77.58265686035156,68.40674591064453,78.79842376708984,80.796875,14.285715103149414,0,0,0,0,0,5,0,0,0,14.451732635498047,25769803776,0,18166136832,0
203,1790939684732,4,4,4,4,4,4,4,4,4,4,78.65127563476563,76.31689453125,75.61676788330078,77.58265686035156,68.40674591064453,78.79842376708984,80.796875,15.000000953674316,9.090909004211426,4.761904716491699,0,0,0,5,0,0,0,14.418168067932129,25769803776,0,18165972992,0
204,1790939684936,4,4,4,4,4,4,4,4,4,4,78.65127563476563,76.31689453125,75.61676788330078,77.58265686035156,68.40674591064453,78.79842376708984,80.796875,15.000000953674316,0,0,0,0,0,9.090909004211426,0,0,0,14.418168067932129,25769803776,0,18165989376,0
204,1790939685141,4,4,4,4,4,4,4,4,4,4,78.6250991821289,76.29019165039063,75.5572280883789,77.54026794433594,68.32798767089844,78.72431945800781,80.796875,14.285715103149414,5,0,0,0,0,5,0,0,0,14.418168067932129,25769803776,0,18165940224,0
204,1790939685346,4,4,4,4,4,4,4,4,4,4,78.6250991821289,76.29019165039063,75.5572280883789,77.54026794433594,68.32798767089844,78.72431945800781,80.796875,10,4.761904716491699,8.69565200805664,0,0,0,0,0,0,0,14.418168067932129,25769803776,0,18167775232,0
203,1790939685551,4,4,4,4,4,4,4,4,4,4,78.6250991821289,76.29019165039063,75.5572280883789,77.54026794433594,68.32798767089844,78.72431945800781,80.796875,4.761904716491699,0,0,0,0,0,9.523809432983398,0,0,0,14.418168067932129,25769803776,0,18165628928,0
201,1790939685755,4,4,4,4,4,4,4,4,4,4,78.6250991821289,76.29019165039063,75.5572280883789,77.54026794433594,68.32798767089844,78.72431945800781,80.796875,15.000000953674316,0,0,4.761904716491699,0,0,5,0,0,0,14.343084335327148,25769803776,0,18165628928,0
203,1790939685957,4,4,4,4,4,4,4,4,4,4,78.6250991821289,76.29019165039063,75.5572280883789,77.54026794433594,68.32798767089844,78.72431945800781,80.796875,10,9.523809432983398,0,0,0,0,5,4.761904716491699,0,0,14.343084335327148,25769803776,0,18165661696,0
204,1790939686160,4,4,4,4,4,4,4,4,4,4,78.62398529052734,76.31864929199219,75.56792449951172,77.5381088256836,68.34172058105469,78.71965026855469,80.796875,10,0,4.761904716491699,0,0,0,4.761904716491699,0,0,0,14.343084335327148,25769803776,0,18165661696,0
200,1790939686365,4,4,4,4,4,4,4,4,4,4,78.62398529052734,76.31864929199219,75.56792449951172,77.5381088256836,68.34172058105469,78.71965026855469,80.796875,15.000000953674316,9.523809432983398,0,0,0,0,5,0,0,0,14.343084335327148,25769803776,0,18165661696,0
204,1790939686566,4,4,4,4,4,4,4,4,4,4,78.62398529052734,76.31864929199219,75.56792449951172,77.5381088256836,68.34172058105469,78.71965026855469,80.796875,15.000000953674316,0,0,0,0,0,9.523809432983398,0,0,0,14.343084335327148,25769803776,0,18165563392,0
202,1790939686771,4,4,4,4,4,4,4,4,4,4,78.62398529052734,76.31864929199219,75.56792449951172,77.5381088256836,68.34172058105469,78.71965026855469,80.796875,14.285715103149414,0,4.761904716491699,0,0,0,5,0,0,0,14.387097358703613,25769803776,0,18165628928,0
202,1790939686974,4,4,4,4,4,4,4,4,4,4,78.62398529052734,76.31864929199219,75.56792449951172,77.5381088256836,68.34172058105469,78.71965026855469,80.796875,5,5,0,0,0,0,0,0,0,0,14.387097358703613,25769803776,0,18165628928,0
204,1790939687176,4,4,4,4,4,4,4,4,4,4,78.60867309570313,76.27979278564453,75.56820678710938,77.53533935546875,68.33900451660156,78.69022369384766,80.796875,71.42857360839844,50,45,35,23.809524536132813,23.809524536132813,5,0,0,0,14.387097358703613,25769803776,0,18165628928,0
204,1790939687381,4,4,4,4,4,4,4,4,4,4,78.60867309570313,76.27979278564453,75.56820678710938,77.53533935546875,68.33900451660156,78.69022369384766,80.796875,65,47.619049072265625,33.333335876464844,14.285715103149414,4.761904716491699,0,9.523809432983398,4.761904716491699,0,0,14.387097358703613,25769803776,0,18165628928,0
200,1790939687586,4,4,4,4,4,4,4,4,4,4,78.60867309570313,76.27979278564453,75.56820678710938,77.53533935546875,68.33900451660156,78.69022369384766,80.796875,40,25,15.000000953674316,0,0,0,5,0,0,0,14.387097358703613,25769803776,0,18165317632,0
203,1790939687787,4,4,4,4,4,4,4,4,4,4,78.60867309570313,76.27979278564453,75.56820678710938,77.53533935546875,68.33900451660156,78.69022369384766,80.796875,15.000000953674316,5,4.761904716491699,0,0,0,0,5,0,0,14.400934219360352,25769803776,0,18165415936,0
204,1790939687990,4,4,4,4,4,4,4,4,4,4,78.60867309570313,76.27979278564453,75.56820678710938,77.53533935546875,68.33900451660156,78.69022369384766,80.796875,10,4.761904716491699,0,0,0,0,9.523809432983398,0,0,0,14.400934219360352,25769803776,0,18165334016,0
204,1790939688195,4,4,4,4,4,4,4,4,4,4,78.6345443725586,76.45088958740234,75.75936889648438,77.55474090576172,68.49955749511719,78.77690124511719,80.796875,19.047618865966797,0,0,0,0,0,4.761904716491699,0,0,0,14.400934219360352,25769803776,0,18165301248,0
204,1790939688400,4,4,4,4,4,4,4,4,4,4,78.6345443725586,76.45088958740234,75.75936889648438,77.55474090576172,68.49955749511719,78.77690124511719,80.796875,5,0,4.761904716491699,4.545454502105713,0,0,0,0,0,0,14.400934219360352,25769803776,0,18167185408,0
201,1790939688605,4,4,4,4,4,4,4,4,4,4,78.6345443725586,76.45088958740234,75.75936889648438,77.55474090576172,68.49955749511719,78.77690124511719,80.796875,9.523809432983398,9.090909004211426,4.761904716491699,0,0,0,5,0,0,0,14.400934219360352,25769803776,0,18165284864,0
204,1790939688807,4,4,4,4,4,4,4,4,4,4,78.6345443725586,76.45088958740234,75.75936889648438,77.55474090576172,68.49955749511719,78.77690124511719,80.796875,15.000000953674316,0,0,4.761904716491699,0,0,5,0,0,0,14.699943542480469,25769803776,0,18165301248,0
204,1790939689012,4,4,4,4,4,4,4,4,4,4,78.6345443725586,76.45088958740234,75.75936889648438,77.55474090576172,68.49955749511719,78.77690124511719,80.796875,15.000000953674316,0,0,0,0,0,5,0,0,0,14.699943542480469,25769803776,0,18165334016,0
203,1790939689217,4,4,4,4,4,4,4,4,4,4,78.42369079589844,76.1595687866211,75.5116958618164,77.24958801269531,68.29122161865234,78.5068359375,80.796875,14.285715103149414,9.523809432983398,4.761904716491699,0,0,0,9.090909004211426,0,0,0,14.699943542480469,25769803776,0,18165350400,0
203,1790939689421,4,4,4,4,4,4,4,4,4,4,78.42369079589844,76.1595687866211,75.5116958618164,77.24958801269531,68.29122161865234,78.5068359375,80.796875,15.000000953674316,0,0,0,0,0,5,4.761904716491699,0,0,14.699943542480469,25769803776,0,18165366784,0
204,1790939689625,4,4,4,4,4,4,4,4,4,4,78.42369079589844,76.1595687866211,75.5116958618164,77.24958801269531,68.29122161865234,78.5068359375,80.796875,15.000000953674316,9.090909004211426,0,0,0,0,5,4.545454502105713,0,0,13.726006507873535,25769803776,0,18165317632,0
204,1790939689830,4,4,4,4,4,4,4,4,4,4,78.42369079589844,76.1595687866211,75.5116958618164,77.24958801269531,68.29122161865234,78.5068359375,80.796875,14.285715103149414,0,0,0,0,0,9.523809432983398,0,0,0,13.726006507873535,25769803776,0,18167578624,0
204,1790939690035,4,4,4,4,4,4,4,4,4,4,78.42369079589844,76.1595687866211,75.5116958618164,77.24958801269531,68.29122161865234,78.5068359375,80.796875,5,0,0,0,0,0,0,0,0,0,13.726006507873535,25769803776,0,18165317632,0
204,1790939690240,4,4,4,4,4,4,4,4,4,4,78.39994049072266,76.06158447265625,75.49500274658203,77.23429870605469,68.31797790527344,78.50167846679688,80.796875,14.285715103149414,0,4.761904716491699,4.761904716491699,0,0,0,5,0,0,13.726006507873535,25769803776,0,18165268480,0
204,1790939690445,4,4,4,4,4,4,4,4,4,4,78.39994049072266,76.06158447265625,75.49500274658203,77.23429870605469,68.31797790527344,78.50167846679688,80.796875,10,9.090909004211426,4.545454502105713,0,0,0,5,0,0,0,13.726006507873535,25769803776,0,18165317632,0
203,1790939690650,4,4,4,4,4,4,4,4,4,4,78.39994049072266,76.06158447265625,75.49500274658203,77.23429870605469,68.31797790527344,78.50167846679688,80.796875,5,0,0,0,4.761904716491699,0,9.523809432983398,0,4.761904716491699,4.761904716491699,13.993473052978516,25769803776,0,18165481472,0
200,1790939690854,4,4,4,4,4,4,4,4,4,4,78.39994049072266,76.06158447265625,75.49500274658203,77.23429870605469,68.31797790527344,78.50167846679688,80.796875,19.047618865966797,0,4.761904716491699,0,0,0,0,5,0,0,13.993473052978516,25769803776,0,18165514240,0
204,1790939691055,4,4,4,4,4,4,4,4,4,4,78.39994049072266,76.06158447265625,75.49500274658203,77.23429870605469,68.31797790527344,78.50167846679688,80.796875,10,9.090909004211426,0,0,0,0,5,0,0,0,13.993473052978516,25769803776,0,18165514240,0
204,1790939691260,4,4,4,4,4,4,4,4,4,4,78.51898193359375,76.13601684570313,75.52091217041016,77.38052368164063,68.33262634277344,78.54936981201172,80.796875,15.000000953674316,0,0,4.761904716491699,4.761904716491699,0,9.523809432983398,0,0,0,13.993473052978516,25769803776,0,18165514240,0
204,1790939691465,4,4,4,4,4,4,4,4,4,4,78.51898193359375,76.13601684570313,75.52091217041016,77.38052368164063,68.33262634277344,78.54936981201172,80.796875,10,4.761904716491699,0,0,0,0,0,4.761904716491699,0,0,13.993473052978516,25769803776,0,18165514240,0
204,1790939691670,4,4,4,4,4,4,4,4,4,4,78.51898193359375,76.13601684570313,75.52091217041016,77.38052368164063,68.33262634277344,78.54936981201172,80.796875,9.523809432983398,0,4.761904716491699,0,0,0,4.761904716491699,0,0,0,14.478269577026367,25769803776,0,18165366784,0
204,1790939691875,4,4,4,4,4,4,4,4,4,4,78.51898193359375,76.13601684570313,75.52091217041016,77.38052368164063,68.33262634277344,78.54936981201172,80.796875,9.523809432983398,4.761904716491699,0,0,0,0,10,0,0,0,14.478269577026367,25769803776,0,18165301248,0
202,1790939692080,4,4,4,4,4,4,4,4,4,4,78.51898193359375,76.13601684570313,75.52091217041016,77.38052368164063,68.33262634277344,78.54936981201172,80.796875,15.000000953674316,5,4.761904716491699,4.761904716491699,0,0,4.761904716491699,0,0,0,14.478269577026367,25769803776,0,18165219328,0
201,1790939692283,4,4,4,4,4,4,4,4,4,4,78.37433624267578,76.05329895019531,75.4760513305664,77.21661376953125,68.28074645996094,78.49394226074219,80.5625,10.526315689086914,0,0,0,0,0,5,0,0,0,14.478269577026367,25769803776,0,18164662272,0
204,1790939692484,4,4,4,4,4,4,4,4,4,4,78.37433624267578,76.05329895019531,75.4760513305664,77.21661376953125,68.28074645996094,78.49394226074219,80.5625,9.523809432983398,14.285715103149414,4.761904716491699,0,0,0,9.523809432983398,4.761904716491699,0,0,14.478269577026367,25769803776,0,18164547584,0
204,1790939692689,4,4,4,4,4,4,4,4,4,4,78.37433624267578,76.05329895019531,75.4760513305664,77.21661376953125,68.28074645996094,78.49394226074219,80.5625,15.000000953674316,0,0,0,0,0,0,0,0,0,13.951465606689453,25769803776,0,18164613120,0
204,1790939692894,4,4,4,4,4,4,4,4,4,4,78.37433624267578,76.05329895019531,75.4760513305664,77.21661376953125,68.28074645996094,78.49394226074219,80.5625,13.636363983154297,9.523809432983398,0,0,0,0,5,0,0,0,13.951465606689453,25769803776,0,18164613120,0
200,1790939693099,4,4,4,4,4,4,4,4,4,4,78.37433624267578,76.05329895019531,75.4760513305664,77.21661376953125,68.28074645996094,78.49394226074219,80.5625,10.526315689086914,0,4.761904716491699,0,0,0,4.761904716491699,0,0,0,13.951465606689453,25769803776,0,18166513664,0
200,1790939693300,4,4,4,4,4,4,4,4,4,4,78.31123352050781,75.94927215576172,75.4198226928711,77.15644073486328,68.25762939453125,78.4570083618164,80.796875,9.523809432983398,5,0,0,0,0,5,0,0,0,13.951465606689453,25769803776,0,18166513664,0
200,1790939693501,4,4,4,4,4,4,4,4,4,4,78.31123352050781,75.94927215576172,75.4198226928711,77.15644073486328,68.25762939453125,78.4570083618164,80.796875,10.526315689086914,5,0,0,0,0,5,0,0,0,13.951465606689453,25769803776,0,18166513664,0
202,1790939693702,4,4,4,4,4,4,4,4,4,4,78.31123352050781,75.94927215576172,75.4198226928711,77.15644073486328,68.25762939453125,78.4570083618164,80.796875,14.285715103149414,0,0,0,0,0,9.523809432983398,0,0,0,13.923861503601074,25769803776,0,18164662272,0
204,1790939693905,4,4,4,4,4,4,4,4,4,4,78.31123352050781,75.94927215576172,75.4198226928711,77.15644073486328,68.25762939453125,78.4570083618164,80.796875,10.526315689086914,4.761904716491699,9.523809432983398,0,0,0,5,0,0,0,13.923861503601074,25769803776,0,18164678656,0
204,1790939694110,4,4,4,4,4,4,4,4,4,4,78.43376159667969,76.04019165039063,75.4636001586914,77.26185607910156,68.28035736083984,78.50965881347656,80.796875,14.285715103149414,5,0,0,0,0,5,0,0,0,13.923861503601074,25769803776,0,18164695040,0
204,1790939694315,4,4,4,4,4,4,4,4,4,4,78.43376159667969,76.04019165039063,75.4636001586914,77.26185607910156,68.28035736083984,78.50965881347656,80.796875,14.285715103149414,0,0,0,0,0,9.090909004211426,0,0,0,13.923861503601074,25769803776,0,18164695040,0
204,1790939694520,4,4,4,4,4,4,4,4,4,4,78.43376159667969,76.04019165039063,75.4636001586914,77.26185607910156,68.28035736083984,78.50965881347656,80.796875,5,4.545454502105713,0,13.636363983154297,0,0,0,0,0,0,13.923861503601074,25769803776,0,18164695040,0
200,1790939694725,4,4,4,4,4,4,4,4,4,4,78.43376159667969,76.04019165039063,75.4636001586914,77.26185607910156,68.28035736083984,78.50965881347656,80.796875,9.523809432983398,5,4.761904716491699,0,0,0,5,4.761904716491699,0,0,14.411359786987305,25769803776,0,18164695040,0
199,1790939694926,4,4,4,4,4,4,4,4,4,4,78.43376159667969,76.04019165039063,75.4636001586914,77.26185607910156,68.28035736083984,78.50965881347656,80.796875,10,0,0,0,0,0,9.523809432983398,0,0,0,14.411359786987305,25769803776,0,18164695040,0
203,1790939695126,4,4,4,4,4,4,4,4,4,4,78.28655242919922,75.95692443847656,75.40746307373047,77.14600372314453,68.25347137451172,78.42479705810547,80.5625,10.526315689086914,5.263157844543457,0,0,4.761904716491699,0,5,0,0,0,14.411359786987305,25769803776,0,18164826112,0
204,1790939695331,4,4,4,4,4,4,4,4,4,4,78.28655242919922,75.95692443847656,75.40746307373047,77.14600372314453,68.25347137451172,78.42479705810547,80.5625,9.523809432983398,13.636363983154297,4.761904716491699,0,0,0,0,0,0,0,14.411359786987305,25769803776,0,18164875264,0
204,1790939695536,4,4,4,4,4,4,4,4,4,4,78.28655242919922,75.95692443847656,75.40746307373047,77.14600372314453,68.25347137451172,78.42479705810547,80.5625,15.000000953674316,0,0,0,0,0,9.523809432983398,0,0,0,14.411359786987305,25769803776,0,18164875264,0
204,1790939695741,4,4,4,4,4,4,4,4,4,4,78.28655242919922,75.95692443847656,75.40746307373047,77.14600372314453,68.25347137451172,78.42479705810547,80.5625,19.047618865966797,0,0,0,0,0,5,0,0,0,13.952561378479004,25769803776,0,18164695040,0
204,1790939695945,4,4,4,4,4,4,4,4,4,4,78.28655242919922,75.95692443847656,75.40746307373047,77.14600372314453,68.25347137451172,78.42479705810547,80.5625,10,9.523809432983398,4.761904716491699,0,0,4.545454502105713,0,9.523809432983398,0,0,13.952561378479004,25769803776,0,18165006336,0
200,1790939696150,4,4,4,4,4,4,4,4,4,4,78.23665618896484,75.86119079589844,75.3246841430664,77.0784912109375,68.24798583984375,78.33758544921875,80.3125,5,0,0,4.545454502105713,0,0,0,0,0,0,13.952561378479004,25769803776,0,18165235712,0
204,1790939696352,4,4,4,4,4,4,4,4,4,4,78.23665618896484,75.86119079589844,75.3246841430664,77.0784912109375,68.24798583984375,78.33758544921875,80.3125,9.523809432983398,10,4.761904716491699,0,0,0,0,5,0,0,13.952561378479004,25769803776,0,18165022720,0
199,1790939696557,4,4,4,4,4,4,4,4,4,4,78.23665618896484,75.86119079589844,75.3246841430664,77.0784912109375,68.24798583984375,78.33758544921875,80.3125,5,4.761904716491699,0,0,0,0,13.636363983154297,0,0,0,13.952561378479004,25769803776,0,18165039104,0
200,1790939696757,4,4,4,4,4,4,4,4,4,4,78.23665618896484,75.86119079589844,75.3246841430664,77.0784912109375,68.24798583984375,78.33758544921875,80.3125,10.526315689086914,0,4.761904716491699,0,0,0,5.263157844543457,0,0,0,13.82223129272461,25769803776,0,18165039104,0
204,1790939696958,4,4,4,4,4,4,4,4,4,4,78.23665618896484,75.86119079589844,75.3246841430664,77.0784912109375,68.24798583984375,78.33758544921875,80.3125,14.285715103149414,0,0,0,0,0,5,0,0,0,13.82223129272461,25769803776,0,18165350400,0
200,1790939697163,4,4,4,4,4,4,4,4,4,4,78.25569915771484,75.8700942993164,75.30291748046875,77.07820129394531,68.23661041259766,78.35000610351563,80.5625,15.000000953674316,0,0,0,0,0,5,0,0,0,13.82223129272461,25769803776,0,18165350400,0
204,1790939697364,4,4,4,4,4,4,4,4,4,4,78.25569915771484,75.8700942993164,75.30291748046875,77.07820129394531,68.23661041259766,78.35000610351563,80.5625,15.000000953674316,9.523809432983398,5,0,0,0,5,0,0,0,13.82223129272461,25769803776,0,18165448704,0
204,1790939697569,4,4,4,4,4,4,4,4,4,4,78.25569915771484,75.8700942993164,75.30291748046875,77.07820129394531,68.23661041259766,78.35000610351563,80.5625,10,0,0,0,0,0,0,4.761904716491699,0,0,13.82223129272461,25769803776,0,18167283712,0
204,1790939697774,4,4,4,4,4,4,4,4,4,4,78.25569915771484,75.8700942993164,75.30291748046875,77.07820129394531,68.23661041259766,78.35000610351563,80.5625,9.523809432983398,0,0,4.761904716491699,0,0,9.523809432983398,0,0,0,14.08456802368164,25769803776,0,18165448704,0
201,1790939697979,4,4,4,4,4,4,4,4,4,4,78.25569915771484,75.8700942993164,75.30291748046875,77.07820129394531,68.23661041259766,78.35000610351563,80.5625,9.523809432983398,14.285715103149414,0,0,0,0,5,0,0,0,14.08456802368164,25769803776,0,18165284864,0
202,1790939698181,4,4,4,4,4,4,4,4,4,4,78.18612670898438,75.79159545898438,75.18917846679688,76.98338317871094,68.13970947265625,78.24552917480469,80.3125,10,0,4.761904716491699,0,0,0,9.523809432983398,0,0,0,14.08456802368164,25769803776,0,18165317632,0
202,1790939698384,4,4,4,4,4,4,4,4,4,4,78.18612670898438,75.79159545898438,75.18917846679688,76.98338317871094,68.13970947265625,78.24552917480469,80.3125,15.000000953674316,0,0,0,0,0,4.761904716491699,0,0,0,14.08456802368164,25769803776,0,18165039104,0
203,1790939698587,4,4,4,4,4,4,4,4,4,4,78.18612670898438,75.79159545898438,75.18917846679688,76.98338317871094,68.13970947265625,78.24552917480469,80.3125,19.047618865966797,5,0,0,0,0,0,0,0,0,14.08456802368164,25769803776,0,18165039104,0
204,1790939698790,4,4,4,4,4,4,4,4,4,4,78.18612670898438,75.79159545898438,75.18917846679688,76.98338317871094,68.13970947265625,78.24552917480469,80.3125,10.526315689086914,4.761904716491699,4.761904716491699,4.761904716491699,0,0,0,4.761904716491699,0,0,13.770333290100098,25769803776,0,18165121024,0
204,1790939698995,4,4,4,4,4,4,4,4,4,4,78.18612670898438,75.79159545898438,75.18917846679688,76.98338317871094,68.13970947265625,78.24552917480469,80.3125,14.285715103149414,0,0,0,0,0,4.761904716491699,0,0,0,13.770333290100098,25769803776,0,18167021568,0
200,1790939699200,4,4,4,4,4,4,4,4,4,4,78.2120590209961,75.7345962524414,75.17218017578125,77.00286865234375,68.15467834472656,78.27046966552734,80.3125,5,0,4.761904716491699,0,0,0,5,4.761904716491699,0,0,13.770333290100098,25769803776,0,18165104640,0
203,1790939699401,4,4,4,4,4,4,4,4,4,4,78.2120590209961,75.7345962524414,75.17218017578125,77.00286865234375,68.15467834472656,78.27046966552734,80.3125,9.523809432983398,10,0,0,0,0,5,0,0,0,13.770333290100098,25769803776,0,18165104640,0
204,1790939699605,4,4,4,4,4,4,4,4,4,4,78.2120590209961,75.7345962524414,75.17218017578125,77.00286865234375,68.15467834472656,78.27046966552734,80.3125,10,4.761904716491699,4.761904716491699,0,0,0,5,0,0,0,13.770333290100098,25769803776,0,18165153792,0
201,1790939699810,4,4,4,4,4,4,4,4,4,4,78.2120590209961,75.7345962524414,75.17218017578125,77.00286865234375,68.15467834472656,78.27046966552734,80.3125,10,0,0,0,0,0,9.523809432983398,0,0,0,13.974676132202148,25769803776,0,18165104640,0
201,1790939700012,4,4,4,4,4,4,4,4,4,4,78.2120590209961,75.7345962524414,75.17218017578125,77.00286865234375,68.15467834472656,78.27046966552734,80.3125,10,0,0,0,4.761904716491699,0,5,5,0,0,13.974676132202148,25769803776,0,18165153792,0
204,1790939700214,4,4,4,4,4,4,4,4,4,4,78.21485900878906,75.78409576416016,75.19916534423828,76.99429321289063,68.17224884033203,78.27632904052734,80.3125,9.523809432983398,10,4.761904716491699,0,0,0,9.523809432983398,0,0,0,13.974676132202148,25769803776,0,18165153792,0
204,1790939700419,4,4,4,4,4,4,4,4,4,4,78.21485900878906,75.78409576416016,75.19916534423828,76.99429321289063,68.17224884033203,78.27632904052734,80.3125,25,14.285715103149414,5,0,0,0,4.761904716491699,0,0,0,13.974676132202148,25769803776,0,18165153792,0
204,1790939700624,4,4,4,4,4,4,4,4,4,4,78.21485900878906,75.78409576416016,75.19916534423828,76.99429321289063,68.17224884033203,78.27632904052734,80.3125,19.047618865966797,33.333335876464844,9.523809432983398,5,4.761904716491699,0,0,0,0,0,14.054213523864746,25769803776,0,18165153792,0
204,1790939700829,4,4,4,4,4,4,4,4,4,4,78.21485900878906,75.78409576416016,75.19916534423828,76.99429321289063,68.17224884033203,78.27632904052734,80.3125,5,5,5,0,0,0,9.523809432983398,0,0,0,14.054213523864746,25769803776,0,18166185984,0
200,1790939701034,4,4,4,4,4,4,4,4,4,4,78.21485900878906,75.78409576416016,75.19916534423828,76.99429321289063,68.17224884033203,78.27632904052734,80.3125,10,4.761904716491699,5,0,0,0,5,0,0,0,14.054213523864746,25769803776,0,18166071296,0
200,1790939701235,4,4,4,4,4,4,4,4,4,4,78.158447265625,75.77665710449219,75.12654113769531,76.90693664550781,68.10184478759766,78.16911315917969,80.3125,15.000000953674316,15.789472579956055,10,5,4.761904716491699,4.761904716491699,0,5,0,0,14.054213523864746,25769803776,0,18166775808,0
203,1790939701436,4,4,4,4,4,4,4,4,4,4,78.158447265625,75.77665710449219,75.12654113769531,76.90693664550781,68.10184478759766,78.16911315917969,80.3125,20,9.523809432983398,5,0,0,0,9.523809432983398,0,0,0,14.054213523864746,25769803776,0,18166775808,0
204,1790939701640,4,4,4,4,4,4,4,4,4,4,78.158447265625,75.77665710449219,75.12654113769531,76.90693664550781,68.10184478759766,78.16911315917969,80.3125,15.000000953674316,0,4.761904716491699,0,0,0,5,0,0,0,14.010580062866211,25769803776,0,18166775808,0
204,1790939701845,4,4,4,4,4,4,4,4,4,4,78.158447265625,75.77665710449219,75.12654113769531,76.90693664550781,68.10184478759766,78.16911315917969,80.3125,10,0,0,4.545454502105713,0,0,9.523809432983398,0,0,0,14.010580062866211,25769803776,0,18166841344,0
204,1790939702050,4,4,4,4,4,4,4,4,4,4,78.158447265625,75.77665710449219,75.12654113769531,76.90693664550781,68.10184478759766,78.16911315917969,80.3125,18.18181800842285,4.761904716491699,4.761904716491699,0,0,0,4.761904716491699,0,0,0,14.010580062866211,25769803776,0,18166841344,0
203,1790939702255,4,4,4,4,4,4,4,4,4,4,78.10569763183594,75.67462921142578,75.02347564697266,76.82355499267578,68.02062225341797,78.08259582519531,80.3125,5,4.761904716491699,0,0,0,0,0,0,0,0,14.010580062866211,25769803776,0,18166841344,0
200,1790939702459,4,4,4,4,4,4,4,4,4,4,78.10569763183594,75.67462921142578,75.02347564697266,76.82355499267578,68.02062225341797,78.08259582519531,80.3125,28.571430206298828,5.263157844543457,10,0,0,0,5,0,0,0,14.010580062866211,25769803776,0,18166841344,0
204,1790939702660,4,4,4,4,4,4,4,4,4,4,78.10569763183594,75.67462921142578,75.02347564697266,76.82355499267578,68.02062225341797,78.08259582519531,80.3125,16.666667938232422,9.523809432983398,5,0,0,0,9.523809432983398,0,0,0,13.923863410949707,25769803776,0,18166841344,0
200,1790939702864,4,4,4,4,4,4,4,4,4,4,78.10569763183594,75.67462921142578,75.02347564697266,76.82355499267578,68.02062225341797,78.08259582519531,80.3125,18.18181800842285,0,0,0,0,0,5,0,0,0,13.923863410949707,25769803776,0,18174181376,0
204,1790939703065,4,4,4,4,4,4,4,4,4,4,78.10569763183594,75.67462921142578,75.02347564697266,76.82355499267578,68.02062225341797,78.08259582519531,80.3125,10.526315689086914,5,5,0,0,0,5,4.761904716491699,0,0,13.923863410949707,25769803776,0,18174197760,0
204,1790939703270,4,4,4,4,4,4,4,4,4,4,78.10663604736328,75.61161041259766,74.96732330322266,76.84447479248047,67.98554992675781,78.10206604003906,80.3125,14.285715103149414,0,0,4.761904716491699,0,0,5,0,0,0,13.923863410949707,25769803776,0,18174197760,0
204,1790939703475,4,4,4,4,4,4,4,4,4,4,78.10663604736328,75.61161041259766,74.96732330322266,76.84447479248047,67.98554992675781,78.10206604003906,80.3125,10.526315689086914,0,4.545454502105713,0,0,0,5,0,0,0,13.923863410949707,25769803776,0,18174197760,0
204,1790939703680,4,4,4,4,4,4,4,4,4,4,78.10663604736328,75.61161041259766,74.96732330322266,76.84447479248047,67.98554992675781,78.10206604003906,80.3125,18.18181800842285,0,4.761904716491699,0,0,0,4.545454502105713,0,4.545454502105713,0,13.951461791992188,25769803776,0,18174197760,0
204,1790939703885,4,4,4,4,4,4,4,4,4,4,78.10663604736328,75.61161041259766,74.96732330322266,76.84447479248047,67.98554992675781,78.10206604003906,80.3125,0,8.69565200805664,0,0,0,0,5,0,0,0,13.951461791992188,25769803776,0,18174197760,0
201,1790939704090,4,4,4,4,4,4,4,4,4,4,78.10663604736328,75.61161041259766,74.96732330322266,76.84447479248047,67.98554992675781,78.10206604003906,80.3125,15.000000953674316,0,0,0,0,0,5,0,0,0,13.951461791992188,25769803776,0,18174246912,0
204,1790939704292,4,4,4,4,4,4,4,4,4,4,78.08665466308594,75.52702331542969,74.90319061279297,76.77436065673828,67.92903137207031,78.0673828125,80.3125,19.047618865966797,0,0,4.761904716491699,0,0,9.523809432983398,0,0,0,13.951461791992188,25769803776,0,18174246912,0
204,1790939704497,4,4,4,4,4,4,4,4,4,4,78.08665466308594,75.52702331542969,74.90319061279297,76.77436065673828,67.92903137207031,78.0673828125,80.3125,10,4.761904716491699,4.761904716491699,0,0,0,5,4.761904716491699,0,0,13.951461791992188,25769803776,0,18174246912,0
204,1790939704702,4,4,4,4,4,4,4,4,4,4,78.08665466308594,75.52702331542969,74.90319061279297,76.77436065673828,67.92903137207031,78.0673828125,80.3125,15.000000953674316,5,0,0,4.761904716491699,0,5,0,0,0,13.847633361816406,25769803776,0,18174246912,0
202,1790939704907,4,4,4,4,4,4,4,4,4,4,78.08665466308594,75.52702331542969,74.90319061279297,76.77436065673828,67.92903137207031,78.0673828125,80.3125,14.285715103149414,4.761904716491699,0,0,0,0,9.090909004211426,0,0,0,13.847633361816406,25769803776,0,18174230528,0
204,1790939705109,4,4,4,4,4,4,4,4,4,4,78.04220581054688,75.45867919921875,74.8342514038086,76.61385345458984,67.83623504638672,77.98824310302734,80.078125,55,10,5,0,0,0,0,5,0,0,13.847633361816406,25769803776,0,18174279680,0
200,1790939705314,4,4,4,4,4,4,4,4,4,4,78.04220581054688,75.45867919921875,74.8342514038086,76.61385345458984,67.83623504638672,77.98824310302734,80.078125,19.047618865966797,4.761904716491699,0,0,0,0,0,0,0,0,13.847633361816406,25769803776,0,18174148608,0
204,1790939705516,4,4,4,4,4,4,4,4,4,4,78.04220581054688,75.45867919921875,74.8342514038086,76.61385345458984,67.83623504638672,77.98824310302734,80.078125,10,5,5,4.761904716491699,0,4.761904716491699,5,0,0,0,13.847633361816406,25769803776,0,18173984768,0
201,1790939705721,4,4,4,4,4,4,4,4,4,4,78.04220581054688,75.45867919921875,74.8342514038086,76.61385345458984,67.83623504638672,77.98824310302734,80.078125,15.789472579956055,5,4.761904716491699,0,4.545454502105713,0,5,0,0,0,13.58086109161377,25769803776,0,18173968384,0
200,1790939705922,4,4,4,4,4,4,4,4,4,4,78.04220581054688,75.45867919921875,74.8342514038086,76.61385345458984,67.83623504638672,77.98824310302734,80.078125,19.047618865966797,0,0,0,0,0,0,5,4.761904716491699,0,13.58086109161377,25769803776,0,18174279680,0
199,1790939706123,4,4,4,4,4,4,4,4,4,4,78.07305908203125,75.44730377197266,74.89713287353516,76.68798828125,67.91929626464844,78.03791046142578,80.078125,10,0,5,0,0,0,5,4.761904716491699,0,0,13.58086109161377,25769803776,0,18174377984,0
204,1790939706323,4,4,4,4,4,4,4,4,4,4,78.07305908203125,75.44730377197266,74.89713287353516,76.68798828125,67.91929626464844,78.03791046142578,80.078125,15.000000953674316,9.090909004211426,0,0,0,0,9.523809432983398,0,0,0,13.58086109161377,25769803776,0,18174377984,0
204,1790939706528,4,4,4,4,4,4,4,4,4,4,78.07305908203125,75.44730377197266,74.89713287353516,76.68798828125,67.91929626464844,78.03791046142578,80.078125,14.285715103149414,0,0,0,0,0,5,0,0,0,13.58086109161377,25769803776,0,18174377984,0
201,1790939706733,4,4,4,4,4,4,4,4,4,4,78.07305908203125,75.44730377197266,74.89713287353516,76.68798828125,67.91929626464844,78.03791046142578,80.078125,5.263157844543457,9.523809432983398,4.761904716491699,0,0,0,0,0,0,0,13.859249114990234,25769803776,0,18174377984,0
202,1790939706935,4,4,4,4,4,4,4,4,4,4,78.07305908203125,75.44730377197266,74.89713287353516,76.68798828125,67.91929626464844,78.03791046142578,80.078125,19.047618865966797,0,0,0,0,0,5,0,0,0,13.859249114990234,25769803776,0,18174033920,0
201,1790939707138,4,4,4,4,4,4,4,4,4,4,78.0616455078125,75.50692749023438,74.84886932373047,76.7027359008789,67.84703063964844,78.03147888183594,80.078125,5,5,0,0,0,0,10,0,0,0,13.859249114990234,25769803776,0,18174050304,0
199,1790939707340,4,4,4,4,4,4,4,4,4,4,78.0616455078125,75.50692749023438,74.84886932373047,76.7027359008789,67.84703063964844,78.03147888183594,80.078125,10,0,4.761904716491699,0,0,0,9.523809432983398,0,0,0,13.859249114990234,25769803776,0,18174050304,0
202,1790939707540,4,4,4,4,4,4,4,4,4,4,78.0616455078125,75.50692749023438,74.84886932373047,76.7027359008789,67.84703063964844,78.03147888183594,80.078125,15.000000953674316,9.523809432983398,4.761904716491699,0,0,0,5,0,0,0,13.859249114990234,25769803776,0,18174050304,0
201,1790939707743,4,4,4,4,4,4,4,4,4,4,78.0616455078125,75.50692749023438,74.84886932373047,76.7027359008789,67.84703063964844,78.03147888183594,80.078125,10,0,0,4.761904716491699,0,0,9.523809432983398,0,0,0,13.963069915771484,25769803776,0,18174050304,0
204,1790939707944,4,4,4,4,4,4,4,4,4,4,78.0616455078125,75.50692749023438,74.84886932373047,76.7027359008789,67.84703063964844,78.03147888183594,80.078125,14.285715103149414,0,5,0,0,0,0,5,0,0,13.963069915771484,25769803776,0,18173558784,0
204,1790939708149,4,4,4,4,4,4,4,4,4,4,78.00540924072266,75.39564514160156,74.82721710205078,76.54045104980469,67.80636596679688,77.89801788330078,79.84375,10,4.761904716491699,4.761904716491699,0,0,0,0,0,0,0,13.963069915771484,25769803776,0,18175361024,0
204,1790939708355,4,4,4,4,4,4,4,4,4,4,78.00540924072266,75.39564514160156,74.82721710205078,76.54045104980469,67.80636596679688,77.89801788330078,79.84375,5,0,0,0,0,0,0,9.523809432983398,0,0,13.963069915771484,25769803776,0,18173526016,0
203,1790939708560,4,4,4,4,4,4,4,4,4,4,78.00540924072266,75.39564514160156,74.82721710205078,76.54045104980469,67.80636596679688,77.89801788330078,79.84375,14.285715103149414,4.761904716491699,0,0,0,0,5,0,0,0,13.963069915771484,25769803776,0,18173755392,0
204,1790939708764,4,4,4,4,4,4,4,4,4,4,78.00540924072266,75.39564514160156,74.82721710205078,76.54045104980469,67.80636596679688,77.89801788330078,79.84375,10,4.761904716491699,0,4.761904716491699,0,0,5,0,0,0,13.633819580078125,25769803776,0,18173804544,0
202,1790939708969,4,4,4,4,4,4,4,4,4,4,78.00540924072266,75.39564514160156,74.82721710205078,76.54045104980469,67.80636596679688,77.89801788330078,79.84375,10,5,4.545454502105713,0,0,0,9.523809432983398,0,0,0,13.633819580078125,25769803776,0,18173804544,0
199,1790939709171,4,4,4,4,4,4,4,4,4,4,77.98369598388672,75.3743667602539,74.82318115234375,76.42646026611328,67.75286865234375,77.74140930175781,79.84375,19.047618865966797,5,0,0,0,0,5,0,0,0,13.633819580078125,25769803776,0,18173837312,0
204,1790939709371,4,4,4,4,4,4,4,4,4,4,77.98369598388672,75.3743667602539,74.82318115234375,76.42646026611328,67.75286865234375,77.74140930175781,79.84375,10.526315689086914,9.523809432983398,5,0,0,0,9.523809432983398,0,0,0,13.633819580078125,25769803776,0,18173886464,0
204,1790939709576,4,4,4,4,4,4,4,4,4,4,77.98369598388672,75.3743667602539,74.82318115234375,76.42646026611328,67.75286865234375,77.74140930175781,79.84375,10,0,4.761904716491699,0,0,0,0,0,0,0,13.633819580078125,25769803776,0,18173886464,0
202,1790939709782,4,4,4,4,4,4,4,4,4,4,77.98369598388672,75.3743667602539,74.82318115234375,76.42646026611328,67.75286865234375,77.74140930175781,79.84375,9.090909004211426,0,0,0,0,0,4.761904716491699,0,0,0,13.52684497833252,25769803776,0,18173886464,0
202,1790939709985,4,4,4,4,4,4,4,4,4,4,77.98369598388672,75.3743667602539,74.82318115234375,76.42646026611328,67.75286865234375,77.74140930175781,79.84375,5,5,5,0,0,0,5,0,0,0,13.52684497833252,25769803776,0,18173886464,0
204,1790939710188,4,4,4,4,4,4,4,4,4,4,77.96309661865234,75.40113067626953,74.78943634033203,76.38057708740234,67.67385864257813,77.69917297363281,79.84375,15.000000953674316,4.761904716491699,4.761904716491699,0,0,0,5,4.761904716491699,0,0,13.52684497833252,25769803776,0,18173837312,0
203,1790939710393,4,4,4,4,4,4,4,4,4,4,77.96309661865234,75.40113067626953,74.78943634033203,76.38057708740234,67.67385864257813,77.69917297363281,79.84375,19.047618865966797,5,5,13.636363983154297,13.636363983154297,0,5,0,0,0,13.52684497833252,25769803776,0,18174738432,0
209,1790939710597,4,4,4,4,4,4,4,4,4,4,77.96309661865234,75.40113067626953,74.78943634033203,76.38057708740234,67.67385864257813,77.69917297363281,79.84375,10,0,4.761904716491699,0,0,0,9.523809432983398,0,0,0,13.52684497833252,25769803776,0,18174754816,0
209,1790939710807,4,4,4,4,4,4,4,4,4,4,77.96309661865234,75.40113067626953,74.78943634033203,76.38057708740234,67.67385864257813,77.69917297363281,79.84375,14.285715103149414,9.090909004211426,0,0,0,0,4.761904716491699,0,0,0,13.52053165435791,25769803776,0,18174836736,0
209,1790939711017,4,4,4,4,4,4,4,4,4,4,77.96309661865234,75.40113067626953,74.78943634033203,76.38057708740234,67.67385864257813,77.69917297363281,79.84375,14.285715103149414,0,0,0,0,0,5,0,0,0,13.52053165435791,25769803776,0,18174558208,0
209,1790939711227,4,4,4,4,4,4,4,4,4,4,77.96552276611328,75.39027404785156,74.78501892089844,76.3968276977539,67.67318725585938,77.72213745117188,79.84375,9.523809432983398,4.761904716491699,4.545454502105713,0,0,0,0,0,0,0,13.52053165435791,25769803776,0,18176393216,0
208,1790939711437,4,4,4,4,4,4,4,4,4,4,77.96552276611328,75.39027404785156,74.78501892089844,76.3968276977539,67.67318725585938,77.72213745117188,79.84375,14.285715103149414,4.761904716491699,0,0,0,0,9.090909004211426,0,0,0,13.52053165435791,25769803776,0,18174558208,0
202,1790939711647,4,4,4,4,4,4,4,4,4,4,77.96552276611328,75.39027404785156,74.78501892089844,76.3968276977539,67.67318725585938,77.72213745117188,79.84375,19.047618865966797,0,4.761904716491699,0,0,0,4.761904716491699,0,0,0,13.816044807434082,25769803776,0,18174558208,0
203,1790939711850,4,4,4,4,4,4,4,4,4,4,77.96552276611328,75.39027404785156,74.78501892089844,76.3968276977539,67.67318725585938,77.72213745117188,79.84375,10.526315689086914,4.761904716491699,4.761904716491699,0,0,0,5,0,0,0,13.816044807434082,25769803776,0,18174558208,0
200,1790939712053,4,4,4,4,4,4,4,4,4,4,77.96552276611328,75.39027404785156,74.78501892089844,76.3968276977539,67.67318725585938,77.72213745117188,79.84375,14.285715103149414,4.761904716491699,0,0,0,0,9.523809432983398,0,0,0,13.816044807434082,25769803776,0,18175115264,0
209,1790939712254,4,4,4,4,4,4,4,4,4,4,77.8642807006836,75.34434509277344,74.75508880615234,76.26539611816406,67.56205749511719,77.55530548095703,79.84375,5,0,0,4.761904716491699,0,0,5.263157844543457,4.761904716491699,0,0,13.816044807434082,25769803776,0,18175049728,0
209,1790939712464,4,4,4,4,4,4,4,4,4,4,77.8642807006836,75.34434509277344,74.75508880615234,76.26539611816406,67.56205749511719,77.55530548095703,79.84375,23.809524536132813,20,10,10,4.761904716491699,9.090909004211426,9.090909004211426,0,0,0,13.816044807434082,25769803776,0,18179997696,0
209,1790939712674,4,4,4,4,4,4,4,4,4,4,77.8642807006836,75.34434509277344,74.75508880615234,76.26539611816406,67.56205749511719,77.55530548095703,79.84375,61.904762268066406,66.66667175292969,38.095237731933594,28.571430206298828,28.571430206298828,14.285715103149414,0,0,0,0,13.371207237243652,25769803776,0,18212864000,0
205,1790939712884,4,4,4,4,4,4,4,4,4,4,77.8642807006836,75.34434509277344,74.75508880615234,76.26539611816406,67.56205749511719,77.55530548095703,79.84375,42.85714340209961,59.09090805053711,47.826087951660156,42.85714340209961,27.272727966308594,23.809524536132813,4.761904716491699,0,0,0,13.371207237243652,25769803776,0,18194153472,0
202,1790939713090,4,4,4,4,4,4,4,4,4,4,77.8642807006836,75.34434509277344,74.75508880615234,76.26539611816406,67.56205749511719,77.55530548095703,79.84375,9.523809432983398,15.000000953674316,0,9.523809432983398,0,0,0,0,0,0,13.371207237243652,25769803776,0,18194202624,0
209,1790939713293,4,4,4,4,4,4,4,4,4,4,78.02238464355469,75.75093841552734,74.99789428710938,76.54197692871094,67.87796020507813,77.94517517089844,80.078125,10.526315689086914,5,5.263157844543457,4.761904716491699,0,0,9.090909004211426,0,0,0,13.371207237243652,25769803776,0,18178883584,0
203,1790939713503,4,4,4,4,4,4,4,4,4,4,78.02238464355469,75.75093841552734,74.99789428710938,76.54197692871094,67.87796020507813,77.94517517089844,80.078125,13.636363983154297,0,4.545454502105713,0,0,0,5,0,0,0,13.371207237243652,25769803776,0,18178768896,0
200,1790939713706,4,4,4,4,4,4,4,4,4,4,78.02238464355469,75.75093841552734,74.99789428710938,76.54197692871094,67.87796020507813,77.94517517089844,80.078125,10,5,0,5,0,0,9.523809432983398,0,0,0,14.161195755004883,25769803776,0,18178621440,0
209,1790939713907,4,4,4,4,4,4,4,4,4,4,78.02238464355469,75.75093841552734,74.99789428710938,76.54197692871094,67.87796020507813,77.94517517089844,80.078125,15.000000953674316,4.761904716491699,4.761904716491699,0,0,0,5,4.761904716491699,0,0,14.161195755004883,25769803776,0,18178588672,0
209,1790939714117,4,4,4,4,4,4,4,4,4,4,77.84807586669922,75.42324829101563,74.79457092285156,76.29130554199219,67.66726684570313,77.5939712524414,79.84375,10,0,0,0,0,0,4.761904716491699,0,0,0,14.161195755004883,25769803776,0,18180866048,0
205,1790939714327,4,4,4,4,4,4,4,4,4,4,77.84807586669922,75.42324829101563,74.79457092285156,76.29130554199219,67.66726684570313,77.5939712524414,79.84375,50,42.85714340209961,42.85714340209961,42.85714340209961,45.45454788208008,42.85714340209961,0,0,0,0,14.161195755004883,25769803776,0,18221531136,0
208,1790939714532,4,4,4,4,4,4,4,4,4,4,77.84807586669922,75.42324829101563,74.79457092285156,76.29130554199219,67.66726684570313,77.5939712524414,79.84375,0,14.285715103149414,4.761904716491699,0,0,0,9.090909004211426,0,0,0,14.161195755004883,25769803776,0,18221514752,0
201,1790939714741,4,4,4,4,4,4,4,4,4,4,77.84807586669922,75.42324829101563,74.79457092285156,76.29130554199219,67.66726684570313,77.5939712524414,79.84375,14.285715103149414,4.761904716491699,0,0,0,0,5,0,0,0,13.560794830322266,25769803776,0,18221416448,0
209,1790939714943,4,4,4,4,4,4,4,4,4,4,77.84807586669922,75.42324829101563,74.79457092285156,76.29130554199219,67.66726684570313,77.5939712524414,79.84375,14.285715103149414,0,0,0,0,0,4.761904716491699,0,0,0,13.560794830322266,25769803776,0,18221416448,0
209,1790939715153,4,4,4,4,4,4,4,4,4,4,77.79861450195313,75.3416519165039,74.7692642211914,76.25296783447266,67.59056091308594,77.52281188964844,79.609375,14.285715103149414,4.761904716491699,0,4.545454502105713,0,0,0,9.090909004211426,0,0,13.560794830322266,25769803776,0,18221416448,0
206,1790939715363,4,4,4,4,4,4,4,4,4,4,77.79861450195313,75.3416519165039,74.7692642211914,76.25296783447266,67.59056091308594,77.52281188964844,79.609375,14.285715103149414,0,4.545454502105713,0,0,0,4.761904716491699,0,0,0,13.560794830322266,25769803776,0,18221056000,0
209,1790939715569,4,4,4,4,4,4,4,4,4,4,77.79861450195313,75.3416519165039,74.7692642211914,76.25296783447266,67.59056091308594,77.52281188964844,79.609375,10,0,0,0,0,0,5,0,0,0,13.560794830322266,25769803776,0,18221056000,0
209,1790939715780,4,4,4,4,4,4,4,4,4,4,77.79861450195313,75.3416519165039,74.7692642211914,76.25296783447266,67.59056091308594,77.52281188964844,79.609375,13.636363983154297,9.523809432983398,0,0,0,0,0,0,0,0,13.369102478027344,25769803776,0,18222415872,0
199,1790939715990,4,4,4,4,4,4,4,4,4,4,77.79861450195313,75.3416519165039,74.7692642211914,76.25296783447266,67.59056091308594,77.52281188964844,79.609375,5,4.761904716491699,4.761904716491699,0,0,0,0,9.523809432983398,0,0,13.369102478027344,25769803776,0,18219974656,0
209,1790939716190,4,4,4,4,4,4,4,4,4,4,77.8346176147461,75.27690887451172,74.7465591430664,76.26000213623047,67.59957885742188,77.5368423461914,79.609375,10.526315689086914,4.761904716491699,4.761904716491699,0,0,0,9.523809432983398,0,0,0,13.369102478027344,25769803776,0,18220269568,0
204,1790939716400,4,4,4,4,4,4,4,4,4,4,77.8346176147461,75.27690887451172,74.7465591430664,76.26000213623047,67.59957885742188,77.5368423461914,79.609375,18.18181800842285,4.761904716491699,4.761904716491699,0,0,0,4.761904716491699,0,0,0,13.369102478027344,25769803776,0,18220023808,0
203,1790939716605,4,4,4,4,4,4,4,4,4,4,77.8346176147461,75.27690887451172,74.7465591430664,76.26000213623047,67.59957885742188,77.5368423461914,79.609375,14.285715103149414,0,0,0,0,0,0,0,0,0,13.369102478027344,25769803776,0,18220023808,0
9,1790939716808,4,4,4,4,4,4,4,4,4,4,77.8346176147461,75.27690887451172,74.7465591430664,76.26000213623047,67.59957885742188,77.5368423461914,79.609375,10.526315689086914,14.285715103149414,0,0,0,4.761904716491699,14.285715103149414,4.545454502105713,0,0,13.472885131835938,25769803776,0,18199642112,0
