Delta,Time,CPU_FREQUENCY_0,CPU_FREQUENCY_1,CPU_FREQUENCY_2,CPU_FREQUENCY_3,CPU_FREQUENCY_4,CPU_FREQUENCY_5,CPU_FREQUENCY_6,CPU_FREQUENCY_7,CPU_FREQUENCY_8,CPU_FREQUENCY_9,CPU_TEMP_0,CPU_TEMP_1,CPU_TEMP_2,CPU_TEMP_3,CPU_TEMP_4,CPU_TEMP_5,CPU_TEMP_6,CPU_USAGE_0,CPU_USAGE_1,CPU_USAGE_2,CPU_USAGE_3,CPU_USAGE_4,CPU_USAGE_5,CPU_USAGE_6,CPU_USAGE_7,CPU_USAGE_8,CPU_USAGE_9,SYSTEM_POWER (Watts),TOTAL_MEMORY,TOTAL_SWAP,USED_MEMORY,USED_SWAP
0,1790718702624,4,4,4,4,4,4,4,4,4,4,65.6926040649414,65.73855590820313,65.73474884033203,65.0643310546875,58.61274337768555,65.75151062011719,71.1875,50,0,0,0,0,0,0,0,0,0,4.14697265625,25769803776,0,17787371520,0
204,1790718702624,4,4,4,4,4,4,4,4,4,4,65.6926040649414,65.73855590820313,65.73474884033203,65.0643310546875,58.61274337768555,65.75151062011719,71.1875,100,0,0,0,0,0,NaN,0,0,0,4.14697265625,25769803776,0,17788993536,0
204,1790718702829,4,4,4,4,4,4,4,4,4,4,65.6926040649414,65.73855590820313,65.73474884033203,65.0643310546875,58.61274337768555,65.75151062011719,71.1875,5,5,0,4.545454502105713,0,0,36.3636360168457,14.285715103149414,0,0,4.14697265625,25769803776,0,17784242176,0
204,1790718703034,4,4,4,4,4,4,4,4,4,4,66.82185363769531,66.63739776611328,66.372314453125,65.83045196533203,59.51551818847656,66.77605438232422,73.4375,5,0,0,0,0,0,5,0,0,0,4.14697265625,25769803776,0,17784242176,0
200,1790718703239,4,4,4,4,4,4,4,4,4,4,66.82185363769531,66.63739776611328,66.372314453125,65.83045196533203,59.51551818847656,66.77605438232422,73.4375,4.761904716491699,0,0,0,0,0,0,9.523809432983398,0,0,4.14697265625,25769803776,0,17784242176,0
204,1790718703440,4,4,4,4,4,4,4,4,4,4,66.82185363769531,66.63739776611328,66.372314453125,65.83045196533203,59.51551818847656,66.77605438232422,73.4375,0,4.761904716491699,4.761904716491699,0,0,0,0,5.263157844543457,0,0,4.14697265625,25769803776,0,17722720256,0
204,1790718703645,4,4,4,4,4,4,4,4,4,4,66.82185363769531,66.63739776611328,66.372314453125,65.83045196533203,59.51551818847656,66.77605438232422,73.4375,0,0,0,0,0,0,4.761904716491699,9.090909004211426,0,0,4.479862213134766,25769803776,0,17722720256,0
203,1790718703850,4,4,4,4,4,4,4,4,4,4,66.82185363769531,66.63739776611328,66.372314453125,65.83045196533203,59.51551818847656,66.77605438232422,73.4375,4.761904716491699,0,0,0,0,4.761904716491699,0,5,0,0,4.479862213134766,25769803776,0,17722720256,0
204,1790718704054,4,4,4,4,4,4,4,4,4,4,76.3860855102539,70.48757934570313,70.35843658447266,73.98584747314453,63.53923034667969,75.63175964355469,78.4375,20,9.523809432983398,0,0,0,0,0,5,0,0,4.479862213134766,25769803776,0,17722720256,0
204,1790718704259,4,4,4,4,4,4,4,4,4,4,76.3860855102539,70.48757934570313,70.35843658447266,73.98584747314453,63.53923034667969,75.63175964355469,78.4375,47.619049072265625,5,0,0,0,0,4.761904716491699,5,4.761904716491699,0,4.479862213134766,25769803776,0,17722720256,0
204,1790718704464,4,4,4,4,4,4,4,4,4,4,76.3860855102539,70.48757934570313,70.35843658447266,73.98584747314453,63.53923034667969,75.63175964355469,78.4375,5,0,9.090909004211426,0,0,0,0,5,0,0,4.479862213134766,25769803776,0,17655169024,0
204,1790718704669,4,4,4,4,4,4,4,4,4,4,76.3860855102539,70.48757934570313,70.35843658447266,73.98584747314453,63.53923034667969,75.63175964355469,78.4375,4.761904716491699,0,0,0,0,0,0,4.761904716491699,4.761904716491699,0,23.496200561523438,25769803776,0,17655169024,0
201,1790718704874,4,4,4,4,4,4,4,4,4,4,76.3860855102539,70.48757934570313,70.35843658447266,73.98584747314453,63.53923034667969,75.63175964355469,78.4375,0,0,0,4.545454502105713,0,0,4.761904716491699,4.761904716491699,0,0,23.496200561523438,25769803776,0,17655169024,0
204,1790718705075,4,4,4,4,4,4,4,4,4,4,80.89105987548828,74.51725769042969,74.23767852783203,78.53424072265625,67.57978820800781,80.52490997314453,82.4375,4.761904716491699,5,0,4.761904716491699,0,0,0,5.263157844543457,0,0,23.496200561523438,25769803776,0,17655169024,0
204,1790718705280,4,4,4,4,4,4,4,4,4,4,80.89105987548828,74.51725769042969,74.23767852783203,78.53424072265625,67.57978820800781,80.52490997314453,82.4375,0,0,0,0,0,0,0,9.090909004211426,0,0,23.496200561523438,25769803776,0,17655169024,0
204,1790718705485,4,4,4,4,4,4,4,4,4,4,80.89105987548828,74.51725769042969,74.23767852783203,78.53424072265625,67.57978820800781,80.52490997314453,82.4375,4.761904716491699,0,0,0,0,0,4.761904716491699,9.523809432983398,0,0,23.496200561523438,25769803776,0,17637048320,0
204,1790718705690,4,4,4,4,4,4,4,4,4,4,80.89105987548828,74.51725769042969,74.23767852783203,78.53424072265625,67.57978820800781,80.52490997314453,82.4375,0,0,0,0,0,0,0,0,0,0,29.975353240966797,25769803776,0,17637048320,0
204,1790718705895,4,4,4,4,4,4,4,4,4,4,80.89105987548828,74.51725769042969,74.23767852783203,78.53424072265625,67.57978820800781,80.52490997314453,82.4375,0,0,0,0,0,0,0,9.523809432983398,4.761904716491699,0,29.975353240966797,25769803776,0,17637048320,0
204,1790718706100,4,4,4,4,4,4,4,4,4,4,83.9318618774414,77.04365539550781,76.64531707763672,81.33939361572266,70.19966888427734,83.38860321044922,85.625,5,4.545454502105713,0,0,0,0,0,5,0,0,29.975353240966797,25769803776,0,17637048320,0
204,1790718706305,4,4,4,4,4,4,4,4,4,4,83.9318618774414,77.04365539550781,76.64531707763672,81.33939361572266,70.19966888427734,83.38860321044922,85.625,0,0,0,0,0,0,0,9.523809432983398,0,0,29.975353240966797,25769803776,0,17637048320,0
204,1790718706510,4,4,4,4,4,4,4,4,4,4,83.9318618774414,77.04365539550781,76.64531707763672,81.33939361572266,70.19966888427734,83.38860321044922,85.625,4.761904716491699,4.761904716491699,0,0,0,0,9.523809432983398,0,0,0,30.365619659423828,25769803776,0,17637015552,0
204,1790718706715,4,4,4,4,4,4,4,4,4,4,83.9318618774414,77.04365539550781,76.64531707763672,81.33939361572266,70.19966888427734,83.38860321044922,85.625,4.761904716491699,0,0,0,0,0,0,9.523809432983398,0,0,30.365619659423828,25769803776,0,17637048320,0
204,1790718706920,4,4,4,4,4,4,4,4,4,4,83.9318618774414,77.04365539550781,76.64531707763672,81.33939361572266,70.19966888427734,83.38860321044922,85.625,0,0,0,0,0,0,0,4.761904716491699,4.761904716491699,0,30.365619659423828,25769803776,0,17637064704,0
204,1790718707125,4,4,4,4,4,4,4,4,4,4,86.0075912475586,79.19092559814453,78.62095642089844,83.40242004394531,72.12480926513672,85.47342681884766,86.4375,4.761904716491699,0,0,0,0,0,0,9.523809432983398,0,0,30.365619659423828,25769803776,0,17636868096,0
201,1790718707330,4,4,4,4,4,4,4,4,4,4,86.0075912475586,79.19092559814453,78.62095642089844,83.40242004394531,72.12480926513672,85.47342681884766,86.4375,0,0,9.090909004211426,0,0,0,0,0,0,0,30.365619659423828,25769803776,0,17636868096,0
204,1790718707532,4,4,4,4,4,4,4,4,4,4,86.0075912475586,79.19092559814453,78.62095642089844,83.40242004394531,72.12480926513672,85.47342681884766,86.4375,0,5,0,0,0,0,9.090909004211426,9.523809432983398,0,0,30.664199829101563,25769803776,0,17636835328,0
204,1790718707737,4,4,4,4,4,4,4,4,4,4,86.0075912475586,79.19092559814453,78.62095642089844,83.40242004394531,72.12480926513672,85.47342681884766,86.4375,9.090909004211426,0,0,0,0,0,0,5,0,0,30.664199829101563,25769803776,0,17636835328,0
204,1790718707942,4,4,4,4,4,4,4,4,4,4,86.0075912475586,79.19092559814453,78.62095642089844,83.40242004394531,72.12480926513672,85.47342681884766,86.4375,0,4.761904716491699,0,0,0,0,0,9.523809432983398,4.761904716491699,0,30.664199829101563,25769803776,0,17636851712,0
204,1790718708147,4,4,4,4,4,4,4,4,4,4,86.96382904052734,80.60490417480469,80.33147430419922,84.5835952758789,73.97049713134766,86.82816314697266,87.625,0,0,0,0,0,0,0,5,0,0,30.664199829101563,25769803776,0,17636638720,0
201,1790718708352,4,4,4,4,4,4,4,4,4,4,86.96382904052734,80.60490417480469,80.33147430419922,84.5835952758789,73.97049713134766,86.82816314697266,87.625,4.761904716491699,0,0,0,0,0,0,4.761904716491699,4.545454502105713,0,30.664199829101563,25769803776,0,17639440384,0
204,1790718708553,4,4,4,4,4,4,4,4,4,4,86.96382904052734,80.60490417480469,80.33147430419922,84.5835952758789,73.97049713134766,86.82816314697266,87.625,0,0,0,0,0,0,5,0,0,0,30.214649200439453,25769803776,0,17636491264,0
204,1790718708758,4,4,4,4,4,4,4,4,4,4,86.96382904052734,80.60490417480469,80.33147430419922,84.5835952758789,73.97049713134766,86.82816314697266,87.625,5,0,0,0,0,0,9.523809432983398,0,0,0,30.214649200439453,25769803776,0,17636589568,0
204,1790718708963,4,4,4,4,4,4,4,4,4,4,86.96382904052734,80.60490417480469,80.33147430419922,84.5835952758789,73.97049713134766,86.82816314697266,87.625,0,4.761904716491699,0,0,0,0,0,5,0,0,30.214649200439453,25769803776,0,17636589568,0
204,1790718709168,4,4,4,4,4,4,4,4,4,4,84.37211608886719,80.6024398803711,79.9715576171875,82.51917266845703,73.29442596435547,84.23236083984375,86.90625,0,0,0,0,0,0,0,9.523809432983398,0,0,30.214649200439453,25769803776,0,17636589568,0
204,1790718709374,4,4,4,4,4,4,4,4,4,4,84.37211608886719,80.6024398803711,79.9715576171875,82.51917266845703,73.29442596435547,84.23236083984375,86.90625,9.090909004211426,0,4.545454502105713,0,0,0,0,4.761904716491699,0,0,30.214649200439453,25769803776,0,17636589568,0
204,1790718709579,4,4,4,4,4,4,4,4,4,4,84.37211608886719,80.6024398803711,79.9715576171875,82.51917266845703,73.29442596435547,84.23236083984375,86.90625,0,0,0,0,0,0,5,0,4.761904716491699,0,26.52086639404297,25769803776,0,17636065280,0
204,1790718709784,4,4,4,4,4,4,4,4,4,4,84.37211608886719,80.6024398803711,79.9715576171875,82.51917266845703,73.29442596435547,84.23236083984375,86.90625,5,4.761904716491699,0,0,4.545454502105713,0,0,5,0,0,26.52086639404297,25769803776,0,17636130816,0
201,1790718709989,4,4,4,4,4,4,4,4,4,4,77.86896514892578,77.11621856689453,76.96427917480469,76.8390884399414,70.18299865722656,77.87289428710938,82.4375,0,0,0,0,0,0,0,4.761904716491699,0,0,26.52086639404297,25769803776,0,17636114432,0
204,1790718710190,4,4,4,4,4,4,4,4,4,4,77.86896514892578,77.11621856689453,76.96427917480469,76.8390884399414,70.18299865722656,77.87289428710938,82.4375,4.761904716491699,4.761904716491699,0,0,0,0,0,5,0,0,26.52086639404297,25769803776,0,17636130816,0
204,1790718710395,4,4,4,4,4,4,4,4,4,4,77.86896514892578,77.11621856689453,76.96427917480469,76.8390884399414,70.18299865722656,77.87289428710938,82.4375,0,0,4.761904716491699,0,0,0,4.761904716491699,5,0,0,26.52086639404297,25769803776,0,17636130816,0
204,1790718710600,4,4,4,4,4,4,4,4,4,4,77.86896514892578,77.11621856689453,76.96427917480469,76.8390884399414,70.18299865722656,77.87289428710938,82.4375,0,0,0,0,0,0,4.761904716491699,9.523809432983398,4.761904716491699,0,9.384220123291016,25769803776,0,17635983360,0
204,1790718710804,4,4,4,4,4,4,4,4,4,4,77.86896514892578,77.11621856689453,76.96427917480469,76.8390884399414,70.18299865722656,77.87289428710938,82.4375,4.761904716491699,0,0,0,0,0,0,5,0,0,9.384220123291016,25769803776,0,17635983360,0
204,1790718711009,4,4,4,4,4,4,4,4,4,4,75.7922134399414,74.84782409667969,74.95350646972656,74.48353576660156,68.22721099853516,75.33396911621094,78.671875,0,0,0,0,0,0,0,9.523809432983398,0,0,9.384220123291016,25769803776,0,17635786752,0
204,1790718711214,4,4,4,4,4,4,4,4,4,4,75.7922134399414,74.84782409667969,74.95350646972656,74.48353576660156,68.22721099853516,75.33396911621094,78.671875,9.523809432983398,0,0,0,0,0,0,0,0,0,9.384220123291016,25769803776,0,17635786752,0
204,1790718711419,4,4,4,4,4,4,4,4,4,4,75.7922134399414,74.84782409667969,74.95350646972656,74.48353576660156,68.22721099853516,75.33396911621094,78.671875,0,4.761904716491699,0,0,0,0,0,9.523809432983398,0,0,9.384220123291016,25769803776,0,17635770368,0
200,1790718711625,4,4,4,4,4,4,4,4,4,4,75.7922134399414,74.84782409667969,74.95350646972656,74.48353576660156,68.22721099853516,75.33396911621094,78.671875,0,0,0,0,0,0,0,5,0,0,6.982059478759766,25769803776,0,17635770368,0
204,1790718711825,4,4,4,4,4,4,4,4,4,4,75.7922134399414,74.84782409667969,74.95350646972656,74.48353576660156,68.22721099853516,75.33396911621094,78.671875,5,0,0,4.761904716491699,0,0,0,9.523809432983398,0,0,6.982059478759766,25769803776,0,17637376000,0
204,1790718712030,4,4,4,4,4,4,4,4,4,4,76.4041519165039,74.5379638671875,74.482177734375,74.9155044555664,67.6928482055664,75.85826110839844,78.4375,4.761904716491699,0,0,0,0,0,4.761904716491699,0,0,0,6.982059478759766,25769803776,0,17635213312,0
204,1790718712235,4,4,4,4,4,4,4,4,4,4,76.4041519165039,74.5379638671875,74.482177734375,74.9155044555664,67.6928482055664,75.85826110839844,78.4375,0,4.761904716491699,0,0,0,0,4.761904716491699,5,4.761904716491699,0,6.982059478759766,25769803776,0,17635213312,0
204,1790718712440,4,4,4,4,4,4,4,4,4,4,76.4041519165039,74.5379638671875,74.482177734375,74.9155044555664,67.6928482055664,75.85826110839844,78.4375,5,0,0,0,0,0,0,9.090909004211426,0,0,6.982059478759766,25769803776,0,17635213312,0
200,1790718712645,4,4,4,4,4,4,4,4,4,4,76.4041519165039,74.5379638671875,74.482177734375,74.9155044555664,67.6928482055664,75.85826110839844,78.4375,0,0,0,0,0,0,0,0,0,0,12.71109390258789,25769803776,0,17634328576,0
200,1790718712846,4,4,4,4,4,4,4,4,4,4,76.4041519165039,74.5379638671875,74.482177734375,74.9155044555664,67.6928482055664,75.85826110839844,78.4375,4.761904716491699,5,0,0,0,0,0,5,0,0,12.71109390258789,25769803776,0,17634377728,0
204,1790718713046,4,4,4,4,4,4,4,4,4,4,76.19554138183594,74.33210754394531,74.46141815185547,74.62474060058594,67.63703155517578,75.6160888671875,78.4375,0,0,4.761904716491699,0,0,0,0,10,0,0,12.71109390258789,25769803776,0,17634328576,0
204,1790718713251,4,4,4,4,4,4,4,4,4,4,76.19554138183594,74.33210754394531,74.46141815185547,74.62474060058594,67.63703155517578,75.6160888671875,78.4375,0,0,0,0,0,0,4.761904716491699,4.761904716491699,0,0,12.71109390258789,25769803776,0,17634328576,0
204,1790718713457,4,4,4,4,4,4,4,4,4,4,76.19554138183594,74.33210754394531,74.46141815185547,74.62474060058594,67.63703155517578,75.6160888671875,78.4375,4.761904716491699,4.761904716491699,0,0,0,0,4.761904716491699,9.523809432983398,0,0,12.71109390258789,25769803776,0,17634328576,0
204,1790718713662,4,4,4,4,4,4,4,4,4,4,76.19554138183594,74.33210754394531,74.46141815185547,74.62474060058594,67.63703155517578,75.6160888671875,78.4375,0,0,0,0,0,0,0,5,4.545454502105713,0,13.39229965209961,25769803776,0,17659166720,0
200,1790718713867,4,4,4,4,4,4,4,4,4,4,76.19554138183594,74.33210754394531,74.46141815185547,74.62474060058594,67.63703155517578,75.6160888671875,78.4375,5,0,4.761904716491699,4.761904716491699,0,0,0,5,0,0,13.39229965209961,25769803776,0,17659232256,0
200,1790718714067,4,4,4,4,4,4,4,4,4,4,75.6066665649414,73.88861846923828,74.02090454101563,74.04046630859375,67.05716705322266,75.16952514648438,77.953125,4.761904716491699,9.090909004211426,0,0,0,0,0,5,4.761904716491699,0,13.39229965209961,25769803776,0,17659133952,0
204,1790718714268,4,4,4,4,4,4,4,4,4,4,75.6066665649414,73.88861846923828,74.02090454101563,74.04046630859375,67.05716705322266,75.16952514648438,77.953125,5,0,0,0,0,0,4.761904716491699,5,0,0,13.39229965209961,25769803776,0,17659133952,0
201,1790718714473,4,4,4,4,4,4,4,4,4,4,75.6066665649414,73.88861846923828,74.02090454101563,74.04046630859375,67.05716705322266,75.16952514648438,77.953125,0,0,0,0,0,0,0,9.523809432983398,0,0,13.39229965209961,25769803776,0,17659133952,0
200,1790718714675,4,4,4,4,4,4,4,4,4,4,75.6066665649414,73.88861846923828,74.02090454101563,74.04046630859375,67.05716705322266,75.16952514648438,77.953125,4.761904716491699,0,4.761904716491699,0,0,0,0,5,0,0,12.354484558105469,25769803776,0,17647075328,0
204,1790718714875,4,4,4,4,4,4,4,4,4,4,75.6066665649414,73.88861846923828,74.02090454101563,74.04046630859375,67.05716705322266,75.16952514648438,77.953125,0,0,0,0,0,0,5.263157844543457,0,0,0,12.354484558105469,25769803776,0,17634082816,0
203,1790718715080,4,4,4,4,4,4,4,4,4,4,75.30755615234375,73.65460968017578,73.6681900024414,73.73880767822266,66.68173217773438,74.77011108398438,77.484375,0,0,0,0,0,0,4.761904716491699,0,4.761904716491699,0,12.354484558105469,25769803776,0,17635934208,0
204,1790718715284,4,4,4,4,4,4,4,4,4,4,75.30755615234375,73.65460968017578,73.6681900024414,73.73880767822266,66.68173217773438,74.77011108398438,77.484375,9.090909004211426,0,0,0,0,0,4.761904716491699,4.761904716491699,0,0,12.354484558105469,25769803776,0,17635557376,0
204,1790718715489,4,4,4,4,4,4,4,4,4,4,75.30755615234375,73.65460968017578,73.6681900024414,73.73880767822266,66.68173217773438,74.77011108398438,77.484375,0,0,0,0,0,0,0,5,0,0,12.096046447753906,25769803776,0,17633525760,0
202,1790718715694,4,4,4,4,4,4,4,4,4,4,75.30755615234375,73.65460968017578,73.6681900024414,73.73880767822266,66.68173217773438,74.77011108398438,77.484375,4.761904716491699,9.090909004211426,0,0,0,0,5,0,0,0,12.096046447753906,25769803776,0,17627889664,0
204,1790718715896,4,4,4,4,4,4,4,4,4,4,75.30755615234375,73.65460968017578,73.6681900024414,73.73880767822266,66.68173217773438,74.77011108398438,77.484375,0,0,0,0,0,0,9.523809432983398,4.761904716491699,0,0,12.096046447753906,25769803776,0,17624006656,0
201,1790718716101,4,4,4,4,4,4,4,4,4,4,75.07608032226563,73.59727478027344,73.08538818359375,73.50659942626953,65.82897186279297,74.486328125,77.015625,5,0,4.761904716491699,0,0,0,0,0,0,0,12.096046447753906,25769803776,0,17624006656,0
204,1790718716303,4,4,4,4,4,4,4,4,4,4,75.07608032226563,73.59727478027344,73.08538818359375,73.50659942626953,65.82897186279297,74.486328125,77.015625,0,0,0,0,0,0,9.523809432983398,0,4.761904716491699,0,12.096046447753906,25769803776,0,17624006656,0
204,1790718716508,4,4,4,4,4,4,4,4,4,4,75.07608032226563,73.59727478027344,73.08538818359375,73.50659942626953,65.82897186279297,74.486328125,77.015625,0,0,0,0,0,0,4.761904716491699,0,0,0,12.003231048583984,25769803776,0,17624006656,0
204,1790718716713,4,4,4,4,4,4,4,4,4,4,75.07608032226563,73.59727478027344,73.08538818359375,73.50659942626953,65.82897186279297,74.486328125,77.015625,9.090909004211426,0,4.545454502105713,0,0,0,5,4.761904716491699,0,0,12.003231048583984,25769803776,0,17623842816,0
204,1790718716918,4,4,4,4,4,4,4,4,4,4,75.07608032226563,73.59727478027344,73.08538818359375,73.50659942626953,65.82897186279297,74.486328125,77.015625,0,0,0,0,0,0,9.523809432983398,0,0,0,12.003231048583984,25769803776,0,17623891968,0
204,1790718717123,4,4,4,4,4,4,4,4,4,4,74.83128356933594,73.29806518554688,72.67622375488281,73.20624542236328,65.43302154541016,74.25577545166016,76.78125,0,4.761904716491699,0,0,0,0,0,0,4.545454502105713,0,12.003231048583984,25769803776,0,17623728128,0
204,1790718717328,4,4,4,4,4,4,4,4,4,4,74.83128356933594,73.29806518554688,72.67622375488281,73.20624542236328,65.43302154541016,74.25577545166016,76.78125,4.761904716491699,4.761904716491699,0,0,0,0,9.090909004211426,0,0,0,12.003231048583984,25769803776,0,17623793664,0
199,1790718717533,4,4,4,4,4,4,4,4,4,4,74.83128356933594,73.29806518554688,72.67622375488281,73.20624542236328,65.43302154541016,74.25577545166016,76.78125,0,0,0,0,0,0,5,0,0,0,12.011432647705078,25769803776,0,17623744512,0
200,1790718717733,4,4,4,4,4,4,4,4,4,4,74.83128356933594,73.29806518554688,72.67622375488281,73.20624542236328,65.43302154541016,74.25577545166016,76.78125,4.761904716491699,0,0,0,0,0,9.523809432983398,4.761904716491699,4.761904716491699,0,12.011432647705078,25769803776,0,17623760896,0
200,1790718717934,4,4,4,4,4,4,4,4,4,4,74.83128356933594,73.29806518554688,72.67622375488281,73.20624542236328,65.43302154541016,74.25577545166016,76.78125,0,0,0,0,0,0,5.263157844543457,0,0,0,12.011432647705078,25769803776,0,17623760896,0
200,1790718718135,4,4,4,4,4,4,4,4,4,4,74.6330337524414,73.21479797363281,72.44055938720703,73.08695220947266,65.19271850585938,74.06053161621094,76.546875,4.761904716491699,5,0,0,0,0,5,0,0,0,12.011432647705078,25769803776,0,17623662592,0
200,1790718718335,4,4,4,4,4,4,4,4,4,4,74.6330337524414,73.21479797363281,72.44055938720703,73.08695220947266,65.19271850585938,74.06053161621094,76.546875,5,5,0,0,0,0,14.285715103149414,0,4.761904716491699,0,12.011432647705078,25769803776,0,17699553280,0
204,1790718718536,4,4,4,4,4,4,4,4,4,4,74.6330337524414,73.21479797363281,72.44055938720703,73.08695220947266,65.19271850585938,74.06053161621094,76.546875,70,5,15.000000953674316,4.761904716491699,0,0,10,0,0,0,12.051834106445313,25769803776,0,17704026112,0
202,1790718718741,4,4,4,4,4,4,4,4,4,4,74.6330337524414,73.21479797363281,72.44055938720703,73.08695220947266,65.19271850585938,74.06053161621094,76.546875,5,0,0,0,0,0,0,0,0,0,12.051834106445313,25769803776,0,17701994496,0
204,1790718718943,4,4,4,4,4,4,4,4,4,4,74.6330337524414,73.21479797363281,72.44055938720703,73.08695220947266,65.19271850585938,74.06053161621094,76.546875,0,4.761904716491699,4.761904716491699,0,0,0,5,0,0,0,12.051834106445313,25769803776,0,17702223872,0
201,1790718719148,4,4,4,4,4,4,4,4,4,4,74.36919403076172,73.09022521972656,72.24668884277344,72.83689880371094,65.0184555053711,73.82866668701172,78.296875,4.761904716491699,4.761904716491699,0,4.761904716491699,0,0,9.523809432983398,9.090909004211426,0,0,12.051834106445313,25769803776,0,17701879808,0
204,1790718719350,4,4,4,4,4,4,4,4,4,4,74.36919403076172,73.09022521972656,72.24668884277344,72.83689880371094,65.0184555053711,73.82866668701172,78.296875,5,0,4.761904716491699,0,4.761904716491699,0,5,0,0,0,12.051834106445313,25769803776,0,17701879808,0
201,1790718719555,4,4,4,4,4,4,4,4,4,4,74.36919403076172,73.09022521972656,72.24668884277344,72.83689880371094,65.0184555053711,73.82866668701172,78.296875,5,0,0,0,0,0,0,0,0,0,12.018070220947266,25769803776,0,17701879808,0
200,1790718719756,4,4,4,4,4,4,4,4,4,4,74.36919403076172,73.09022521972656,72.24668884277344,72.83689880371094,65.0184555053711,73.82866668701172,78.296875,0,0,0,0,0,0,9.523809432983398,0,4.761904716491699,0,12.018070220947266,25769803776,0,17638080512,0
204,1790718719957,4,4,4,4,4,4,4,4,4,4,74.36919403076172,73.09022521972656,72.24668884277344,72.83689880371094,65.0184555053711,73.82866668701172,78.296875,0,0,0,0,4.761904716491699,0,4.761904716491699,5.263157844543457,0,0,12.018070220947266,25769803776,0,17637572608,0
204,1790718720161,4,4,4,4,4,4,4,4,4,4,73.96804809570313,72.4979476928711,71.9897689819336,72.47221374511719,64.79145812988281,73.41979217529297,78.3125,5,9.090909004211426,0,0,0,0,5,0,4.761904716491699,0,12.018070220947266,25769803776,0,17686904832,0
204,1790718720366,4,4,4,4,4,4,4,4,4,4,73.96804809570313,72.4979476928711,71.9897689819336,72.47221374511719,64.79145812988281,73.41979217529297,78.3125,0,0,0,0,0,0,4.761904716491699,9.523809432983398,0,0,12.018070220947266,25769803776,0,17687085056,0
204,1790718720572,4,4,4,4,4,4,4,4,4,4,73.96804809570313,72.4979476928711,71.9897689819336,72.47221374511719,64.79145812988281,73.41979217529297,78.3125,9.090909004211426,0,0,0,0,0,5,0,0,0,11.589454650878906,25769803776,0,17687085056,0
204,1790718720776,4,4,4,4,4,4,4,4,4,4,73.96804809570313,72.4979476928711,71.9897689819336,72.47221374511719,64.79145812988281,73.41979217529297,78.3125,0,0,0,0,0,0,9.523809432983398,0,0,0,11.589454650878906,25769803776,0,17687117824,0
204,1790718720981,4,4,4,4,4,4,4,4,4,4,73.96804809570313,72.37327575683594,71.81629180908203,72.47221374511719,64.5085678100586,73.41979217529297,78.3125,4.761904716491699,4.545454502105713,0,0,0,0,5,0,0,0,11.589454650878906,25769803776,0,17687117824,0
204,1790718721186,4,4,4,4,4,4,4,4,4,4,73.76591491699219,72.37327575683594,71.81629180908203,72.26593780517578,64.5085678100586,73.21117401123047,76.0625,0,0,0,0,0,0,0,4.761904716491699,4.545454502105713,0,11.589454650878906,25769803776,0,17646780416,0
204,1790718721391,4,4,4,4,4,4,4,4,4,4,73.76591491699219,72.37327575683594,71.81629180908203,72.26593780517578,64.5085678100586,73.21117401123047,76.0625,4.761904716491699,0,0,0,0,0,9.523809432983398,0,0,0,11.589454650878906,25769803776,0,17641029632,0
204,1790718721596,4,4,4,4,4,4,4,4,4,4,73.76591491699219,72.37327575683594,71.81629180908203,72.26593780517578,64.5085678100586,73.21117401123047,76.0625,0,4.761904716491699,0,0,0,0,4.545454502105713,4.761904716491699,0,0,11.6580810546875,25769803776,0,17637605376,0
204,1790718721801,4,4,4,4,4,4,4,4,4,4,73.76591491699219,72.37327575683594,71.81629180908203,72.26593780517578,64.5085678100586,73.21117401123047,76.0625,0,0,4.761904716491699,0,0,0,0,0,0,0,11.6580810546875,25769803776,0,17622253568,0
204,1790718722005,4,4,4,4,4,4,4,4,4,4,73.62154388427734,71.94120788574219,71.71913146972656,72.08815002441406,64.42157745361328,73.079345703125,78.5625,4.761904716491699,4.545454502105713,4.545454502105713,0,0,0,0,5,0,4.545454502105713,11.6580810546875,25769803776,0,17622319104,0
200,1790718722211,4,4,4,4,4,4,4,4,4,4,73.62154388427734,71.94120788574219,71.71913146972656,72.08815002441406,64.42157745361328,73.079345703125,78.5625,0,0,0,0,0,0,9.523809432983398,4.761904716491699,0,0,11.6580810546875,25769803776,0,17622319104,0
200,1790718722411,4,4,4,4,4,4,4,4,4,4,73.62154388427734,71.94120788574219,71.71913146972656,72.08815002441406,64.42157745361328,73.079345703125,78.5625,0,0,0,0,0,0,0,0,0,0,11.6580810546875,25769803776,0,17622319104,0
204,1790718722611,4,4,4,4,4,4,4,4,4,4,73.62154388427734,71.94120788574219,71.71913146972656,72.08815002441406,64.42157745361328,73.079345703125,78.5625,4.761904716491699,0,0,0,0,0,5,0,4.761904716491699,0,11.987060546875,25769803776,0,17622319104,0
204,1790718722816,4,4,4,4,4,4,4,4,4,4,73.62154388427734,71.94120788574219,71.71913146972656,72.08815002441406,64.42157745361328,73.079345703125,78.5625,0,0,0,0,0,0,9.523809432983398,0,0,0,11.987060546875,25769803776,0,17622319104,0
204,1790718723021,4,4,4,4,4,4,4,4,4,4,73.41404724121094,72.17694854736328,71.50173950195313,71.91307067871094,64.01372528076172,72.92334747314453,78.90625,0,0,0,0,0,0,5,0,0,0,11.987060546875,25769803776,0,17622335488,0
204,1790718723226,4,4,4,4,4,4,4,4,4,4,73.41404724121094,72.17694854736328,71.50173950195313,71.91307067871094,64.01372528076172,72.92334747314453,78.90625,4.761904716491699,0,0,0,0,0,9.523809432983398,0,0,0,11.987060546875,25769803776,0,17622335488,0
204,1790718723431,4,4,4,4,4,4,4,4,4,4,73.41404724121094,72.17694854736328,71.50173950195313,71.91307067871094,64.01372528076172,72.92334747314453,78.90625,25,35,5,0,0,0,5,4.761904716491699,0,0,11.987060546875,25769803776,0,17622335488,0
204,1790718723636,4,4,4,4,4,4,4,4,4,4,73.41404724121094,72.17694854736328,71.50173950195313,71.91307067871094,64.01372528076172,72.92334747314453,78.90625,0,0,0,0,0,0,9.523809432983398,0,0,0,11.939704895019531,25769803776,0,17622335488,0
204,1790718723841,4,4,4,4,4,4,4,4,4,4,73.41404724121094,72.17694854736328,71.50173950195313,71.91307067871094,64.01372528076172,72.92334747314453,78.90625,33.333335876464844,23.809524536132813,9.523809432983398,9.523809432983398,10,9.090909004211426,0,4.761904716491699,4.761904716491699,0,11.939704895019531,25769803776,0,17630265344,0
204,1790718724046,4,4,4,4,4,4,4,4,4,4,73.25823211669922,71.94924926757813,71.4889144897461,71.81300354003906,64.09329986572266,72.83352661132813,76.203125,14.285715103149414,15.000000953674316,4.761904716491699,0,0,0,4.761904716491699,9.523809432983398,0,0,11.939704895019531,25769803776,0,17630937088,0
204,1790718724252,4,4,4,4,4,4,4,4,4,4,73.25823211669922,71.94924926757813,71.4889144897461,71.81300354003906,64.09329986572266,72.83352661132813,76.203125,15.789472579956055,20,10,9.523809432983398,5,0,5,0,0,0,11.939704895019531,25769803776,0,17626005504,0
202,1790718724457,4,4,4,4,4,4,4,4,4,4,73.25823211669922,71.94924926757813,71.4889144897461,71.81300354003906,64.09329986572266,72.83352661132813,76.203125,4.761904716491699,0,4.761904716491699,0,0,0,4.761904716491699,0,0,0,11.939704895019531,25769803776,0,17625956352,0
204,1790718724659,4,4,4,4,4,4,4,4,4,4,73.25823211669922,71.94924926757813,71.4889144897461,71.81300354003906,64.09329986572266,72.83352661132813,76.203125,0,4.761904716491699,0,0,0,0,5,0,4.761904716491699,0,11.780651092529297,25769803776,0,17625956352,0
204,1790718724864,4,4,4,4,4,4,4,4,4,4,73.25823211669922,71.94924926757813,71.4889144897461,71.81300354003906,64.09329986572266,72.83352661132813,76.203125,4.761904716491699,0,0,0,0,0,9.523809432983398,0,0,0,11.780651092529297,25769803776,0,17625792512,0
204,1790718725069,4,4,4,4,4,4,4,4,4,4,73.04837799072266,71.8728256225586,71.43733978271484,71.63185119628906,64.07147979736328,72.66143798828125,75.359375,5,4.761904716491699,0,0,0,0,0,4.545454502105713,0,0,11.780651092529297,25769803776,0,17627627520,0
199,1790718725274,4,4,4,4,4,4,4,4,4,4,73.04837799072266,71.8728256225586,71.43733978271484,71.63185119628906,64.07147979736328,72.66143798828125,75.359375,5.263157844543457,0,0,0,0,0,5,4.761904716491699,0,0,11.780651092529297,25769803776,0,17625923584,0
204,1790718725474,4,4,4,4,4,4,4,4,4,4,73.04837799072266,71.8728256225586,71.43733978271484,71.63185119628906,64.07147979736328,72.66143798828125,75.359375,4.761904716491699,4.761904716491699,0,0,0,0,9.523809432983398,0,4.761904716491699,4.761904716491699,11.780651092529297,25769803776,0,17625923584,0
204,1790718725679,4,4,4,4,4,4,4,4,4,4,73.04837799072266,71.8728256225586,71.43733978271484,71.63185119628906,64.07147979736328,72.66143798828125,75.359375,0,4.761904716491699,0,0,0,0,5,0,0,0,11.952823638916016,25769803776,0,17625923584,0
202,1790718725884,4,4,4,4,4,4,4,4,4,4,73.04837799072266,71.8728256225586,71.43733978271484,71.63185119628906,64.07147979736328,72.66143798828125,75.359375,9.523809432983398,0,9.090909004211426,0,0,0,9.523809432983398,0,0,0,11.952823638916016,25769803776,0,17625743360,0
200,1790718726087,4,4,4,4,4,4,4,4,4,4,72.75182342529297,71.70999145507813,71.05314636230469,71.30693054199219,63.683753967285156,72.417724609375,75.953125,0,0,0,0,0,0,5,0,0,0,11.952823638916016,25769803776,0,17625677824,0
204,1790718726288,4,4,4,4,4,4,4,4,4,4,72.75182342529297,71.70999145507813,71.05314636230469,71.30693054199219,63.683753967285156,72.417724609375,75.953125,4.761904716491699,0,0,0,0,0,0,4.761904716491699,0,0,11.952823638916016,25769803776,0,17625677824,0
204,1790718726493,4,4,4,4,4,4,4,4,4,4,72.75182342529297,71.70999145507813,71.05314636230469,71.30693054199219,63.683753967285156,72.417724609375,75.953125,4.761904716491699,9.090909004211426,0,0,0,0,9.523809432983398,0,0,0,11.447647094726563,25769803776,0,17625464832,0
203,1790718726698,4,4,4,4,4,4,4,4,4,4,72.75182342529297,71.70999145507813,71.05314636230469,71.30693054199219,63.683753967285156,72.417724609375,75.953125,0,0,0,0,0,0,0,5,4.761904716491699,0,11.447647094726563,25769803776,0,17625464832,0
200,1790718726901,4,4,4,4,4,4,4,4,4,4,72.75182342529297,71.70999145507813,71.05314636230469,71.30693054199219,63.683753967285156,72.417724609375,75.953125,4.761904716491699,0,0,0,0,0,5,4.761904716491699,0,0,11.447647094726563,25769803776,0,17625481216,0
204,1790718727102,4,4,4,4,4,4,4,4,4,4,72.60484313964844,71.36388397216797,70.95923614501953,71.15897369384766,63.72203826904297,72.30060577392578,74.890625,0,0,0,0,0,0,9.523809432983398,0,0,0,11.447647094726563,25769803776,0,17625464832,0
204,1790718727307,4,4,4,4,4,4,4,4,4,4,72.60484313964844,71.36388397216797,70.95923614501953,71.15897369384766,63.72203826904297,72.30060577392578,74.890625,4.761904716491699,0,0,0,0,0,5,0,0,0,11.447647094726563,25769803776,0,17625399296,0
204,1790718727512,4,4,4,4,4,4,4,4,4,4,72.60484313964844,71.36388397216797,70.95923614501953,71.15897369384766,63.72203826904297,72.30060577392578,74.890625,0,0,0,0,0,0,9.090909004211426,0,0,0,11.501312255859375,25769803776,0,17625399296,0
204,1790718727717,4,4,4,4,4,4,4,4,4,4,72.60484313964844,71.36388397216797,70.95923614501953,71.15897369384766,63.72203826904297,72.30060577392578,74.890625,0,0,0,0,0,0,5,0,0,0,11.501312255859375,25769803776,0,17625399296,0
204,1790718727922,4,4,4,4,4,4,4,4,4,4,72.60484313964844,71.36388397216797,70.95923614501953,71.15897369384766,63.72203826904297,72.30060577392578,74.890625,4.761904716491699,4.761904716491699,4.761904716491699,0,0,0,0,5,0,0,11.501312255859375,25769803776,0,17625284608,0
202,1790718728127,4,4,4,4,4,4,4,4,4,4,72.48617553710938,71.3137435913086,70.87596893310547,71.09576416015625,63.63139343261719,72.16651153564453,74.640625,4.761904716491699,0,0,0,0,0,5,0,4.761904716491699,0,11.501312255859375,25769803776,0,17625284608,0
204,1790718728330,4,4,4,4,4,4,4,4,4,4,72.48617553710938,71.3137435913086,70.87596893310547,71.09576416015625,63.63139343261719,72.16651153564453,74.640625,0,0,0,0,0,0,0,0,4.545454502105713,0,11.501312255859375,25769803776,0,17627086848,0
204,1790718728535,4,4,4,4,4,4,4,4,4,4,72.48617553710938,71.3137435913086,70.87596893310547,71.09576416015625,63.63139343261719,72.16651153564453,74.640625,4.761904716491699,0,0,0,0,0,9.090909004211426,0,0,0,11.446277618408203,25769803776,0,17627086848,0
204,1790718728740,4,4,4,4,4,4,4,4,4,4,72.48617553710938,71.3137435913086,70.87596893310547,71.09576416015625,63.63139343261719,72.16651153564453,74.640625,0,0,0,0,0,0,5,9.090909004211426,0,0,11.446277618408203,25769803776,0,17627086848,0
204,1790718728945,4,4,4,4,4,4,4,4,4,4,72.48617553710938,71.3137435913086,70.87596893310547,71.09576416015625,63.63139343261719,72.16651153564453,74.640625,0,4.761904716491699,0,4.761904716491699,4.761904716491699,0,5,0,0,0,11.446277618408203,25769803776,0,17625137152,0
204,1790718729150,4,4,4,4,4,4,4,4,4,4,72.42321014404297,71.15770721435547,70.67484283447266,71.0212631225586,63.350738525390625,72.04515075683594,74.640625,4.761904716491699,4.545454502105713,0,0,0,0,9.523809432983398,0,0,0,11.446277618408203,25769803776,0,17625137152,0
204,1790718729355,4,4,4,4,4,4,4,4,4,4,72.42321014404297,71.15770721435547,70.67484283447266,71.0212631225586,63.350738525390625,72.04515075683594,74.640625,0,0,0,0,0,0,0,0,0,0,11.446277618408203,25769803776,0,17625137152,0
204,1790718729560,4,4,4,4,4,4,4,4,4,4,72.42321014404297,71.15770721435547,70.67484283447266,71.0212631225586,63.350738525390625,72.04515075683594,74.640625,9.090909004211426,0,9.090909004211426,0,0,0,9.523809432983398,0,0,0,11.330074310302734,25769803776,0,17625137152,0
204,1790718729765,4,4,4,4,4,4,4,4,4,4,72.42321014404297,71.15770721435547,70.67484283447266,71.0212631225586,63.350738525390625,72.04515075683594,74.640625,0,0,0,0,0,0,5,0,4.761904716491699,0,11.330074310302734,25769803776,0,17625137152,0
201,1790718729970,4,4,4,4,4,4,4,4,4,4,72.42321014404297,71.15770721435547,70.67484283447266,71.0212631225586,63.350738525390625,72.04515075683594,74.640625,0,0,0,0,0,0,4.761904716491699,0,0,0,11.330074310302734,25769803776,0,17623416832,0
204,1790718730172,4,4,4,4,4,4,4,4,4,4,72.35850524902344,71.28180694580078,70.72055053710938,70.90071868896484,63.401123046875,71.91572570800781,74.40625,4.761904716491699,4.761904716491699,0,0,0,0,10,5,0,0,11.330074310302734,25769803776,0,17623449600,0
204,1790718730377,4,4,4,4,4,4,4,4,4,4,72.35850524902344,71.28180694580078,70.72055053710938,70.90071868896484,63.401123046875,71.91572570800781,74.40625,0,0,0,0,4.761904716491699,0,4.761904716491699,0,0,0,11.330074310302734,25769803776,0,17623613440,0
204,1790718730582,4,4,4,4,4,4,4,4,4,4,72.35850524902344,71.28180694580078,70.72055053710938,70.90071868896484,63.401123046875,71.91572570800781,74.40625,4.761904716491699,4.761904716491699,0,0,0,0,5,0,0,0,11.422794342041016,25769803776,0,17623613440,0
199,1790718730786,4,4,4,4,4,4,4,4,4,4,72.35850524902344,71.28180694580078,70.72055053710938,70.90071868896484,63.401123046875,71.91572570800781,74.40625,0,0,0,4.545454502105713,0,0,5,4.761904716491699,0,0,11.422794342041016,25769803776,0,17623613440,0
200,1790718730986,4,4,4,4,4,4,4,4,4,4,72.29557037353516,71.17037200927734,70.73385620117188,70.75040435791016,63.49720764160156,71.75405883789063,74.40625,0,0,0,0,0,0,4.761904716491699,5,0,0,11.422794342041016,25769803776,0,17623449600,0
204,1790718731187,4,4,4,4,4,4,4,4,4,4,72.29557037353516,71.17037200927734,70.73385620117188,70.75040435791016,63.49720764160156,71.75405883789063,74.40625,9.090909004211426,0,0,0,0,0,5.263157844543457,0,5,0,11.422794342041016,25769803776,0,17623449600,0
204,1790718731392,4,4,4,4,4,4,4,4,4,4,72.29557037353516,71.17037200927734,70.73385620117188,70.75040435791016,63.49720764160156,71.75405883789063,74.40625,0,4.761904716491699,0,0,0,0,4.761904716491699,0,0,0,11.422794342041016,25769803776,0,17623449600,0
204,1790718731597,4,4,4,4,4,4,4,4,4,4,72.29557037353516,71.17037200927734,70.73385620117188,70.75040435791016,63.49720764160156,71.75405883789063,74.40625,0,0,0,0,0,0,5,4.545454502105713,0,0,11.314754486083984,25769803776,0,17623449600,0
200,1790718731802,4,4,4,4,4,4,4,4,4,4,72.29557037353516,71.17037200927734,70.73385620117188,70.75040435791016,63.49720764160156,71.75405883789063,74.40625,4.761904716491699,0,0,0,0,0,9.523809432983398,4.761904716491699,0,0,11.314754486083984,25769803776,0,17623449600,0
204,1790718732003,4,4,4,4,4,4,4,4,4,4,72.23025512695313,70.99800109863281,70.44731140136719,70.63768768310547,63.19220733642578,71.5903091430664,74.40625,0,4.761904716491699,0,0,0,0,0,0,0,0,11.314754486083984,25769803776,0,17625235456,0
204,1790718732208,4,4,4,4,4,4,4,4,4,4,72.23025512695313,70.99800109863281,70.44731140136719,70.63768768310547,63.19220733642578,71.5903091430664,74.40625,28.571430206298828,20,19.047618865966797,10,20,9.523809432983398,4.761904716491699,0,0,0,11.314754486083984,25769803776,0,17649057792,0
204,1790718732413,4,4,4,4,4,4,4,4,4,4,72.23025512695313,70.99800109863281,70.44731140136719,70.63768768310547,63.19220733642578,71.5903091430664,74.40625,15.000000953674316,28.571430206298828,10,9.523809432983398,60.000003814697266,0,9.523809432983398,0,4.761904716491699,0,11.314754486083984,25769803776,0,17649385472,0
204,1790718732618,4,4,4,4,4,4,4,4,4,4,72.23025512695313,70.99800109863281,70.44731140136719,70.63768768310547,63.19220733642578,71.5903091430664,74.40625,5,0,0,5,0,0,5,0,4.761904716491699,0,11.34262466430664,25769803776,0,17649385472,0
204,1790718732823,4,4,4,4,4,4,4,4,4,4,72.23025512695313,70.99800109863281,70.44731140136719,70.63768768310547,63.19220733642578,71.5903091430664,74.40625,9.523809432983398,9.523809432983398,9.090909004211426,0,4.761904716491699,0,9.523809432983398,0,0,0,11.34262466430664,25769803776,0,17649385472,0
202,1790718733028,4,4,4,4,4,4,4,4,4,4,72.03866577148438,70.90711212158203,70.1981201171875,70.36626434326172,62.9796142578125,71.42631530761719,74.171875,5,0,0,4.761904716491699,0,0,5,0,0,0,11.34262466430664,25769803776,0,17649369088,0
204,1790718733230,4,4,4,4,4,4,4,4,4,4,72.03866577148438,70.90711212158203,70.1981201171875,70.36626434326172,62.9796142578125,71.42631530761719,74.171875,0,0,0,0,0,0,9.523809432983398,4.761904716491699,0,0,11.34262466430664,25769803776,0,17649369088,0
204,1790718733435,4,4,4,4,4,4,4,4,4,4,72.03866577148438,70.90711212158203,70.1981201171875,70.36626434326172,62.9796142578125,71.42631530761719,74.171875,4.761904716491699,0,0,0,0,0,5,0,0,0,11.34262466430664,25769803776,0,17649549312,0
204,1790718733641,4,4,4,4,4,4,4,4,4,4,72.03866577148438,70.90711212158203,70.1981201171875,70.36626434326172,62.9796142578125,71.42631530761719,74.171875,15.000000953674316,0,19.047618865966797,0,0,0,9.523809432983398,0,0,0,11.017463684082031,25769803776,0,17338613760,0
204,1790718733846,4,4,4,4,4,4,4,4,4,4,72.03866577148438,70.90711212158203,70.1981201171875,70.36626434326172,62.9796142578125,71.42631530761719,74.171875,0,4.545454502105713,0,0,0,0,5,0,0,0,11.017463684082031,25769803776,0,17338630144,0
204,1790718734051,4,4,4,4,4,4,4,4,4,4,71.99339294433594,70.53703308105469,69.8510513305664,70.29230499267578,62.746238708496094,71.3312759399414,73.9375,5,20,4.761904716491699,4.761904716491699,0,4.545454502105713,5,0,4.761904716491699,0,11.017463684082031,25769803776,0,17338679296,0
204,1790718734256,4,4,4,4,4,4,4,4,4,4,71.99339294433594,70.53703308105469,69.8510513305664,70.29230499267578,62.746238708496094,71.3312759399414,73.9375,4.761904716491699,55,0,0,0,0,5,0,0,0,11.017463684082031,25769803776,0,17337679872,0
204,1790718734461,4,4,4,4,4,4,4,4,4,4,71.99339294433594,70.53703308105469,69.8510513305664,70.29230499267578,62.746238708496094,71.3312759399414,73.9375,0,4.761904716491699,0,0,0,0,9.090909004211426,9.090909004211426,0,0,11.017463684082031,25769803776,0,17337712640,0
204,1790718734666,4,4,4,4,4,4,4,4,4,4,71.99339294433594,70.53703308105469,69.8510513305664,70.29230499267578,62.746238708496094,71.3312759399414,73.9375,4.761904716491699,0,0,0,0,0,5,0,0,0,11.166858673095703,25769803776,0,17337712640,0
204,1790718734871,4,4,4,4,4,4,4,4,4,4,71.99339294433594,70.53703308105469,69.8510513305664,70.29230499267578,62.746238708496094,71.3312759399414,73.9375,0,0,0,0,0,0,9.523809432983398,0,0,0,11.166858673095703,25769803776,0,17337712640,0
204,1790718735076,4,4,4,4,4,4,4,4,4,4,71.9388656616211,70.44735717773438,69.85916137695313,70.21495819091797,62.700950622558594,71.26732635498047,74.171875,4.761904716491699,0,0,0,0,0,5,0,4.545454502105713,0,11.166858673095703,25769803776,0,17322934272,0
204,1790718735281,4,4,4,4,4,4,4,4,4,4,71.9388656616211,70.44735717773438,69.85916137695313,70.21495819091797,62.700950622558594,71.26732635498047,74.171875,4.761904716491699,0,9.090909004211426,0,0,0,9.523809432983398,0,0,0,11.166858673095703,25769803776,0,17322967040,0
204,1790718735486,4,4,4,4,4,4,4,4,4,4,71.9388656616211,70.44735717773438,69.85916137695313,70.21495819091797,62.700950622558594,71.26732635498047,74.171875,5,4.761904716491699,0,0,4.761904716491699,0,0,0,0,0,11.166858673095703,25769803776,0,17318248448,0
204,1790718735691,4,4,4,4,4,4,4,4,4,4,71.9388656616211,70.44735717773438,69.85916137695313,70.21495819091797,62.700950622558594,71.26732635498047,74.171875,4.761904716491699,4.761904716491699,0,0,0,0,4.761904716491699,0,0,0,11.541946411132813,25769803776,0,17316331520,0
204,1790718735896,4,4,4,4,4,4,4,4,4,4,71.9388656616211,70.44735717773438,69.85916137695313,70.21495819091797,62.700950622558594,71.26732635498047,74.171875,0,0,0,4.761904716491699,0,0,5,0,0,0,11.541946411132813,25769803776,0,17316331520,0
204,1790718736101,4,4,4,4,4,4,4,4,4,4,71.80756378173828,70.4067611694336,69.82280731201172,70.06627655029297,62.56422424316406,71.11066436767578,73.9375,5,0,0,0,0,0,5,4.545454502105713,0,0,11.541946411132813,25769803776,0,17316347904,0
204,1790718736306,4,4,4,4,4,4,4,4,4,4,71.80756378173828,70.4067611694336,69.82280731201172,70.06627655029297,62.56422424316406,71.11066436767578,73.9375,0,0,0,0,0,0,5,4.761904716491699,0,0,11.541946411132813,25769803776,0,17316331520,0
204,1790718736511,4,4,4,4,4,4,4,4,4,4,71.80756378173828,70.4067611694336,69.82280731201172,70.06627655029297,62.56422424316406,71.11066436767578,73.9375,0,4.761904716491699,0,0,0,0,9.523809432983398,0,0,0,11.015579223632813,25769803776,0,17308499968,0
204,1790718736716,4,4,4,4,4,4,4,4,4,4,71.80756378173828,70.4067611694336,69.82280731201172,70.06627655029297,62.56422424316406,71.11066436767578,73.9375,4.761904716491699,0,4.545454502105713,0,0,0,4.761904716491699,0,4.761904716491699,0,11.015579223632813,25769803776,0,17308532736,0
200,1790718736921,4,4,4,4,4,4,4,4,4,4,71.80756378173828,70.4067611694336,69.82280731201172,70.06627655029297,62.56422424316406,71.11066436767578,73.9375,0,0,0,0,0,0,9.523809432983398,0,0,0,11.015579223632813,25769803776,0,17308532736,0
204,1790718737121,4,4,4,4,4,4,4,4,4,4,71.74990844726563,70.2369613647461,69.747802734375,70.0149917602539,62.426002502441406,71.05850982666016,73.9375,4.761904716491699,0,0,0,0,0,5.263157844543457,0,4.761904716491699,0,11.015579223632813,25769803776,0,17307811840,0
204,1790718737326,4,4,4,4,4,4,4,4,4,4,71.74990844726563,70.2369613647461,69.747802734375,70.0149917602539,62.426002502441406,71.05850982666016,73.9375,4.761904716491699,0,0,0,0,0,9.090909004211426,0,0,0,11.015579223632813,25769803776,0,17307811840,0
204,1790718737531,4,4,4,4,4,4,4,4,4,4,71.74990844726563,70.2369613647461,69.747802734375,70.0149917602539,62.426002502441406,71.05850982666016,73.9375,0,9.090909004211426,0,0,0,0,5,4.761904716491699,0,0,11.128002166748047,25769803776,0,17307893760,0
200,1790718737736,4,4,4,4,4,4,4,4,4,4,71.74990844726563,70.2369613647461,69.747802734375,70.0149917602539,62.426002502441406,71.05850982666016,73.9375,5,0,4.761904716491699,0,0,0,5,0,0,0,11.128002166748047,25769803776,0,17307549696,0
200,1790718737936,4,4,4,4,4,4,4,4,4,4,71.74990844726563,70.2369613647461,69.747802734375,70.0149917602539,62.426002502441406,71.05850982666016,73.9375,5,0,0,0,0,0,5,0,0,0,11.128002166748047,25769803776,0,17307549696,0
204,1790718738137,4,4,4,4,4,4,4,4,4,4,71.62555694580078,70.30148315429688,69.68219757080078,69.89413452148438,62.35284423828125,70.92079162597656,73.703125,0,0,0,0,0,0,5.263157844543457,0,0,0,11.128002166748047,25769803776,0,17307516928,0
201,1790718738342,4,4,4,4,4,4,4,4,4,4,71.62555694580078,70.30148315429688,69.68219757080078,69.89413452148438,62.35284423828125,70.92079162597656,73.703125,4.761904716491699,0,0,0,0,0,9.090909004211426,0,4.761904716491699,0,11.128002166748047,25769803776,0,17307516928,0
204,1790718738543,4,4,4,4,4,4,4,4,4,4,71.62555694580078,70.30148315429688,69.68219757080078,69.89413452148438,62.35284423828125,70.92079162597656,73.703125,0,0,0,0,0,0,5.263157844543457,0,0,0,11.150836944580078,25769803776,0,17307516928,0
204,1790718738748,4,4,4,4,4,4,4,4,4,4,71.62555694580078,70.30148315429688,69.68219757080078,69.89413452148438,62.35284423828125,70.92079162597656,73.703125,4.761904716491699,0,0,0,0,0,9.090909004211426,4.761904716491699,0,0,11.150836944580078,25769803776,0,17307058176,0
204,1790718738953,4,4,4,4,4,4,4,4,4,4,71.62555694580078,70.30148315429688,69.68219757080078,69.89413452148438,62.35284423828125,70.92079162597656,73.703125,0,9.090909004211426,0,0,0,0,0,0,0,0,11.150836944580078,25769803776,0,17307058176,0
200,1790718739158,4,4,4,4,4,4,4,4,4,4,71.57830810546875,70.1134262084961,69.53182983398438,69.81487274169922,62.14667510986328,70.8465576171875,73.46875,0,0,0,0,0,0,5,0,0,0,11.150836944580078,25769803776,0,17307090944,0
200,1790718739358,4,4,4,4,4,4,4,4,4,4,71.57830810546875,70.1134262084961,69.53182983398438,69.81487274169922,62.14667510986328,70.8465576171875,73.46875,4.761904716491699,0,0,0,0,0,5,0,0,0,11.150836944580078,25769803776,0,17307090944,0
204,1790718739559,4,4,4,4,4,4,4,4,4,4,71.57830810546875,70.1134262084961,69.53182983398438,69.81487274169922,62.14667510986328,70.8465576171875,73.46875,0,0,0,0,0,0,5,4.761904716491699,0,0,11.110218048095703,25769803776,0,17307090944,0
204,1790718739764,4,4,4,4,4,4,4,4,4,4,71.57830810546875,70.1134262084961,69.53182983398438,69.81487274169922,62.14667510986328,70.8465576171875,73.46875,4.761904716491699,0,0,0,0,0,5,4.761904716491699,0,0,11.110218048095703,25769803776,0,17307090944,0
203,1790718739969,4,4,4,4,4,4,4,4,4,4,71.57830810546875,70.1134262084961,69.53182983398438,69.81487274169922,62.14667510986328,70.8465576171875,73.46875,5,0,0,0,0,0,9.523809432983398,0,0,0,11.110218048095703,25769803776,0,17307090944,0
200,1790718740173,4,4,4,4,4,4,4,4,4,4,71.46773529052734,69.96280670166016,69.4644775390625,69.705322265625,62.09129333496094,70.66563415527344,73.46875,4.761904716491699,0,4.761904716491699,0,0,0,5,0,9.090909004211426,0,11.110218048095703,25769803776,0,17307009024,0
204,1790718740373,4,4,4,4,4,4,4,4,4,4,71.46773529052734,69.96280670166016,69.4644775390625,69.705322265625,62.09129333496094,70.66563415527344,73.46875,0,9.090909004211426,0,4.761904716491699,0,0,9.523809432983398,0,0,0,11.110218048095703,25769803776,0,17307009024,0
204,1790718740578,4,4,4,4,4,4,4,4,4,4,71.46773529052734,69.96280670166016,69.4644775390625,69.705322265625,62.09129333496094,70.66563415527344,73.46875,0,0,0,0,0,0,5,0,0,0,11.10333251953125,25769803776,0,17307009024,0
204,1790718740783,4,4,4,4,4,4,4,4,4,4,71.46773529052734,69.96280670166016,69.4644775390625,69.705322265625,62.09129333496094,70.66563415527344,73.46875,4.761904716491699,0,0,0,0,0,5,0,0,0,11.10333251953125,25769803776,0,17307009024,0
204,1790718740988,4,4,4,4,4,4,4,4,4,4,71.36488342285156,69.99344635009766,69.39936065673828,69.63665771484375,62.010826110839844,70.58036041259766,73.234375,0,0,0,0,0,0,5,4.761904716491699,0,0,11.10333251953125,25769803776,0,17307009024,0
204,1790718741193,4,4,4,4,4,4,4,4,4,4,71.36488342285156,69.99344635009766,69.39936065673828,69.63665771484375,62.010826110839844,70.58036041259766,73.234375,0,0,4.545454502105713,0,0,0,4.761904716491699,0,0,0,11.10333251953125,25769803776,0,17306812416,0
204,1790718741398,4,4,4,4,4,4,4,4,4,4,71.36488342285156,69.99344635009766,69.39936065673828,69.63665771484375,62.010826110839844,70.58036041259766,73.234375,4.761904716491699,0,0,0,0,0,9.523809432983398,0,0,0,11.10333251953125,25769803776,0,17306812416,0
204,1790718741603,4,4,4,4,4,4,4,4,4,4,71.36488342285156,69.99344635009766,69.39936065673828,69.63665771484375,62.010826110839844,70.58036041259766,73.234375,0,4.761904716491699,0,0,0,0,5,0,4.761904716491699,0,11.092002868652344,25769803776,0,17306812416,0
204,1790718741808,4,4,4,4,4,4,4,4,4,4,71.36488342285156,69.99344635009766,69.39936065673828,69.63665771484375,62.010826110839844,70.58036041259766,73.234375,0,0,0,0,0,0,4.761904716491699,0,0,0,11.092002868652344,25769803776,0,17306812416,0
204,1790718742013,4,4,4,4,4,4,4,4,4,4,71.36193084716797,69.82832336425781,69.32228088378906,69.60520935058594,61.93525695800781,70.60663604736328,73.234375,9.090909004211426,0,0,0,0,0,5,4.761904716491699,0,0,11.092002868652344,25769803776,0,17306812416,0
204,1790718742218,4,4,4,4,4,4,4,4,4,4,71.36193084716797,69.82832336425781,69.32228088378906,69.60520935058594,61.93525695800781,70.60663604736328,73.234375,0,0,0,0,0,0,5,0,0,0,11.092002868652344,25769803776,0,17308385280,0
204,1790718742423,4,4,4,4,4,4,4,4,4,4,71.36193084716797,69.82832336425781,69.32228088378906,69.60520935058594,61.93525695800781,70.60663604736328,73.234375,4.761904716491699,0,0,0,0,0,4.761904716491699,0,0,0,11.092002868652344,25769803776,0,17309368320,0
204,1790718742628,4,4,4,4,4,4,4,4,4,4,71.36193084716797,69.82832336425781,69.32228088378906,69.60520935058594,61.93525695800781,70.60663604736328,73.234375,0,4.545454502105713,0,4.545454502105713,0,0,5,4.761904716491699,0,0,11.026958465576172,25769803776,0,17306566656,0
200,1790718742833,4,4,4,4,4,4,4,4,4,4,71.36193084716797,69.82832336425781,69.32228088378906,69.60520935058594,61.93525695800781,70.60663604736328,73.234375,0,0,0,0,0,0,9.090909004211426,0,4.545454502105713,0,11.026958465576172,25769803776,0,17306566656,0
204,1790718743033,4,4,4,4,4,4,4,4,4,4,71.32366943359375,69.9845199584961,69.3872299194336,69.56588745117188,62.020957946777344,70.58438873291016,73.234375,4.761904716491699,0,0,0,0,0,5,0,0,0,11.026958465576172,25769803776,0,17306419200,0
202,1790718743238,4,4,4,4,4,4,4,4,4,4,71.32366943359375,69.9845199584961,69.3872299194336,69.56588745117188,62.020957946777344,70.58438873291016,73.234375,0,0,0,0,0,0,5,0,0,0,11.026958465576172,25769803776,0,17305600000,0
200,1790718743441,4,4,4,4,4,4,4,4,4,4,71.32366943359375,69.9845199584961,69.3872299194336,69.56588745117188,62.020957946777344,70.58438873291016,73.234375,0,0,0,0,0,0,5,0,0,0,11.026958465576172,25769803776,0,17305600000,0
200,1790718743642,4,4,4,4,4,4,4,4,4,4,71.32366943359375,69.9845199584961,69.3872299194336,69.56588745117188,62.020957946777344,70.58438873291016,73.234375,4.761904716491699,0,0,0,0,0,4.761904716491699,9.523809432983398,0,0,11.157367706298828,25769803776,0,17305567232,0
204,1790718743842,4,4,4,4,4,4,4,4,4,4,71.32366943359375,69.9845199584961,69.3872299194336,69.56588745117188,62.020957946777344,70.58438873291016,73.234375,0,4.761904716491699,0,0,0,0,0,0,0,0,11.157367706298828,25769803776,0,17304125440,0
204,1790718744047,4,4,4,4,4,4,4,4,4,4,71.27627563476563,69.85691833496094,69.52388000488281,69.54480743408203,62.2767333984375,70.5322036743164,73.703125,9.523809432983398,5,4.761904716491699,0,0,0,5,4.761904716491699,0,0,11.157367706298828,25769803776,0,17304125440,0
204,1790718744252,4,4,4,4,4,4,4,4,4,4,71.27627563476563,69.85691833496094,69.52388000488281,69.54480743408203,62.2767333984375,70.5322036743164,73.703125,5,0,0,0,0,0,9.523809432983398,0,0,0,11.157367706298828,25769803776,0,17304125440,0
204,1790718744457,4,4,4,4,4,4,4,4,4,4,71.27627563476563,69.85691833496094,69.52388000488281,69.54480743408203,62.2767333984375,70.5322036743164,73.703125,20,20,5,0,4.761904716491699,0,10,4.761904716491699,4.761904716491699,0,11.157367706298828,25769803776,0,17305731072,0
204,1790718744662,4,4,4,4,4,4,4,4,4,4,71.27627563476563,69.85691833496094,69.52388000488281,69.54480743408203,62.2767333984375,70.5322036743164,73.703125,10,5,4.761904716491699,4.761904716491699,0,4.761904716491699,4.761904716491699,5,0,0,11.170833587646484,25769803776,0,17298669568,0
204,1790718744867,4,4,4,4,4,4,4,4,4,4,71.27627563476563,69.85691833496094,69.52388000488281,69.54480743408203,62.2767333984375,70.5322036743164,73.703125,4.761904716491699,19.047618865966797,0,0,0,0,4.761904716491699,0,0,25,11.170833587646484,25769803776,0,17299144704,0
204,1790718745072,4,4,4,4,4,4,4,4,4,4,71.46405029296875,69.90670013427734,69.56401062011719,70.26942443847656,62.34027099609375,70.72463989257813,89.375,5,0,0,0,0,0,10,4.761904716491699,0,9.523809432983398,11.170833587646484,25769803776,0,17299144704,0
204,1790718745277,4,4,4,4,4,4,4,4,4,4,71.46405029296875,69.90670013427734,69.56401062011719,70.26942443847656,62.34027099609375,70.72463989257813,89.375,0,5,0,0,0,0,0,5,0,0,11.170833587646484,25769803776,0,17299341312,0
204,1790718745482,4,4,4,4,4,4,4,4,4,4,71.46405029296875,69.90670013427734,69.56401062011719,70.26942443847656,62.34027099609375,70.72463989257813,89.375,4.761904716491699,4.761904716491699,0,4.545454502105713,0,0,5,0,4.545454502105713,0,11.170833587646484,25769803776,0,17299374080,0
204,1790718745687,4,4,4,4,4,4,4,4,4,4,71.46405029296875,69.90670013427734,69.56401062011719,70.26942443847656,62.34027099609375,70.72463989257813,89.375,0,0,0,0,0,0,0,0,0,0,11.228199005126953,25769803776,0,17299374080,0
204,1790718745892,4,4,4,4,4,4,4,4,4,4,71.46405029296875,69.90670013427734,69.56401062011719,70.26942443847656,62.34027099609375,70.72463989257813,89.375,9.523809432983398,9.090909004211426,4.761904716491699,0,0,0,9.523809432983398,4.761904716491699,0,0,11.228199005126953,25769803776,0,17299374080,0
200,1790718746097,4,4,4,4,4,4,4,4,4,4,71.17694091796875,69.73912811279297,69.50462341308594,69.4516830444336,62.321144104003906,70.48509216308594,73.703125,10,10,5,0,0,0,0,5,4.545454502105713,0,11.228199005126953,25769803776,0,17299374080,0
204,1790718746298,4,4,4,4,4,4,4,4,4,4,71.17694091796875,69.73912811279297,69.50462341308594,69.4516830444336,62.321144104003906,70.48509216308594,73.703125,9.523809432983398,15.789472579956055,0,0,0,0,0,5,0,0,11.228199005126953,25769803776,0,17287790592,0
204,1790718746503,4,4,4,4,4,4,4,4,4,4,71.17694091796875,69.73912811279297,69.50462341308594,69.4516830444336,62.321144104003906,70.48509216308594,73.703125,0,0,0,4.545454502105713,0,0,0,9.523809432983398,0,0,11.088714599609375,25769803776,0,17287987200,0
203,1790718746708,4,4,4,4,4,4,4,4,4,4,71.17694091796875,69.73912811279297,69.50462341308594,69.4516830444336,62.321144104003906,70.48509216308594,73.703125,4.761904716491699,0,4.761904716491699,0,0,0,0,5,0,0,11.088714599609375,25769803776,0,17287987200,0
204,1790718746911,4,4,4,4,4,4,4,4,4,4,71.17694091796875,69.73912811279297,69.50462341308594,69.4516830444336,62.321144104003906,70.48509216308594,73.703125,22.22222328186035,33.333335876464844,10,0,22.72727394104004,5,9.523809432983398,4.761904716491699,0,0,11.088714599609375,25769803776,0,17296556032,0
204,1790718747116,4,4,4,4,4,4,4,4,4,4,71.19094848632813,69.44583129882813,69.53878784179688,69.40764617919922,62.456581115722656,70.51428985595703,76.78125,9.523809432983398,10,4.761904716491699,4.545454502105713,0,0,5,0,0,0,11.088714599609375,25769803776,0,17296556032,0
204,1790718747321,4,4,4,4,4,4,4,4,4,4,71.19094848632813,69.44583129882813,69.53878784179688,69.40764617919922,62.456581115722656,70.51428985595703,76.78125,19.047618865966797,23.809524536132813,15.000000953674316,5,0,0,0,5,4.545454502105713,0,11.088714599609375,25769803776,0,17291837440,0
204,1790718747526,4,4,4,4,4,4,4,4,4,4,71.19094848632813,69.44583129882813,69.53878784179688,69.40764617919922,62.456581115722656,70.51428985595703,76.78125,4.761904716491699,0,0,0,0,0,0,9.523809432983398,0,0,11.174018859863281,25769803776,0,17291804672,0
200,1790718747731,4,4,4,4,4,4,4,4,4,4,71.19094848632813,69.44583129882813,69.53878784179688,69.40764617919922,62.456581115722656,70.51428985595703,76.78125,0,4.761904716491699,0,0,0,0,0,5,0,0,11.174018859863281,25769803776,0,17291837440,0
200,1790718747932,4,4,4,4,4,4,4,4,4,4,71.19094848632813,69.44583129882813,69.53878784179688,69.40764617919922,62.456581115722656,70.51428985595703,76.78125,4.761904716491699,0,0,0,0,0,4.761904716491699,9.523809432983398,0,0,11.174018859863281,25769803776,0,17291837440,0
200,1790718748133,4,4,4,4,4,4,4,4,4,4,71.00202178955078,69.50128173828125,69.62944793701172,69.26776123046875,62.594970703125,70.33918762207031,72.984375,5.263157844543457,5.263157844543457,5,0,0,0,0,5,0,0,11.174018859863281,25769803776,0,17291837440,0
200,1790718748333,4,4,4,4,4,4,4,4,4,4,71.00202178955078,69.50128173828125,69.62944793701172,69.26776123046875,62.594970703125,70.33918762207031,72.984375,4.761904716491699,0,0,0,0,0,4.761904716491699,5,0,0,11.174018859863281,25769803776,0,17291853824,0
204,1790718748533,4,4,4,4,4,4,4,4,4,4,71.00202178955078,69.50128173828125,69.62944793701172,69.26776123046875,62.594970703125,70.33918762207031,72.984375,0,4.761904716491699,4.761904716491699,0,0,0,0,10,0,0,11.342464447021484,25769803776,0,17291739136,0
204,1790718748738,4,4,4,4,4,4,4,4,4,4,71.00202178955078,69.50128173828125,69.62944793701172,69.26776123046875,62.594970703125,70.33918762207031,72.984375,0,0,0,0,0,0,0,0,0,0,11.342464447021484,25769803776,0,17291853824,0
204,1790718748943,4,4,4,4,4,4,4,4,4,4,71.00202178955078,69.50128173828125,69.62944793701172,69.26776123046875,62.594970703125,70.33918762207031,72.984375,9.523809432983398,9.523809432983398,0,0,4.761904716491699,4.545454502105713,0,4.761904716491699,0,0,11.342464447021484,25769803776,0,17291821056,0
204,1790718749148,4,4,4,4,4,4,4,4,4,4,70.87032318115234,69.1246566772461,69.43873596191406,69.19058990478516,62.510719299316406,70.26748657226563,72.75,0,0,0,0,4.545454502105713,0,0,0,4.761904716491699,0,11.342464447021484,25769803776,0,17291952128,0
204,1790718749354,4,4,4,4,4,4,4,4,4,4,70.87032318115234,69.1246566772461,69.43873596191406,69.19058990478516,62.510719299316406,70.26748657226563,72.75,4.761904716491699,0,0,4.761904716491699,0,0,0,9.523809432983398,0,0,11.342464447021484,25769803776,0,17291984896,0
203,1790718749559,4,4,4,4,4,4,4,4,4,4,70.87032318115234,69.1246566772461,69.43873596191406,69.19058990478516,62.510719299316406,70.26748657226563,72.75,4.761904716491699,4.761904716491699,0,0,0,0,0,5,0,0,11.019100189208984,25769803776,0,17291739136,0
200,1790718749762,4,4,4,4,4,4,4,4,4,4,70.87032318115234,69.1246566772461,69.43873596191406,69.19058990478516,62.510719299316406,70.26748657226563,72.75,5,4.761904716491699,4.761904716491699,0,0,0,9.090909004211426,9.090909004211426,0,0,11.019100189208984,25769803776,0,17291739136,0
204,1790718749963,4,4,4,4,4,4,4,4,4,4,70.87032318115234,69.1246566772461,69.43873596191406,69.19058990478516,62.510719299316406,70.26748657226563,72.75,0,0,0,0,0,0,0,5,4.761904716491699,0,11.019100189208984,25769803776,0,17291739136,0
204,1790718750168,4,4,4,4,4,4,4,4,4,4,70.79437255859375,69.1057357788086,69.31798553466797,69.16364288330078,62.31199645996094,70.19693756103516,72.75,9.090909004211426,0,4.761904716491699,0,0,0,0,9.523809432983398,0,0,11.019100189208984,25769803776,0,17291739136,0
204,1790718750373,4,4,4,4,4,4,4,4,4,4,70.79437255859375,69.1057357788086,69.31798553466797,69.16364288330078,62.31199645996094,70.19693756103516,72.75,0,0,0,0,0,0,0,0,0,0,11.019100189208984,25769803776,0,17291788288,0
200,1790718750577,4,4,4,4,4,4,4,4,4,4,70.79437255859375,69.1057357788086,69.31798553466797,69.16364288330078,62.31199645996094,70.19693756103516,72.75,0,4.761904716491699,0,0,0,0,5,4.761904716491699,0,0,11.19687271118164,25769803776,0,17291739136,0
200,1790718750778,4,4,4,4,4,4,4,4,4,4,70.79437255859375,69.1057357788086,69.31798553466797,69.16364288330078,62.31199645996094,70.19693756103516,72.75,5,0,0,0,0,0,0,9.523809432983398,4.761904716491699,0,11.19687271118164,25769803776,0,17291739136,0
200,1790718750979,4,4,4,4,4,4,4,4,4,4,70.79437255859375,69.1057357788086,69.31798553466797,69.16364288330078,62.31199645996094,70.19693756103516,72.75,0,0,0,0,0,0,0,0,0,0,11.19687271118164,25769803776,0,17291739136,0
204,1790718751179,4,4,4,4,4,4,4,4,4,4,70.79560089111328,69.14201354980469,69.32012176513672,69.15646362304688,62.328582763671875,70.23728942871094,72.75,0,0,0,0,0,0,0,9.523809432983398,0,0,11.19687271118164,25769803776,0,17291739136,0
204,1790718751384,4,4,4,4,4,4,4,4,4,4,70.79560089111328,69.14201354980469,69.32012176513672,69.15646362304688,62.328582763671875,70.23728942871094,72.75,4.761904716491699,0,0,0,0,0,0,5,0,0,11.19687271118164,25769803776,0,17291526144,0
204,1790718751589,4,4,4,4,4,4,4,4,4,4,70.79560089111328,69.14201354980469,69.32012176513672,69.15646362304688,62.328582763671875,70.23728942871094,72.75,0,4.761904716491699,0,0,0,0,4.761904716491699,5,0,0,11.23221206665039,25769803776,0,17290985472,0
204,1790718751794,4,4,4,4,4,4,4,4,4,4,70.79560089111328,69.14201354980469,69.32012176513672,69.15646362304688,62.328582763671875,70.23728942871094,72.75,9.090909004211426,4.761904716491699,0,0,0,0,4.761904716491699,9.090909004211426,0,0,11.23221206665039,25769803776,0,17291018240,0
200,1790718751999,4,4,4,4,4,4,4,4,4,4,70.62260437011719,68.9920425415039,69.28273010253906,69.1449966430664,62.39891052246094,70.12455749511719,72.75,0,0,0,0,0,0,0,5,0,0,11.23221206665039,25769803776,0,17291018240,0
204,1790718752200,4,4,4,4,4,4,4,4,4,4,70.62260437011719,68.9920425415039,69.28273010253906,69.1449966430664,62.39891052246094,70.12455749511719,72.75,0,0,0,4.761904716491699,0,0,0,10,4.761904716491699,0,11.23221206665039,25769803776,0,17291018240,0
204,1790718752405,4,4,4,4,4,4,4,4,4,4,70.62260437011719,68.9920425415039,69.28273010253906,69.1449966430664,62.39891052246094,70.12455749511719,72.75,4.761904716491699,0,0,0,0,0,0,0,0,0,11.23221206665039,25769803776,0,17290903552,0
204,1790718752610,4,4,4,4,4,4,4,4,4,4,70.62260437011719,68.9920425415039,69.28273010253906,69.1449966430664,62.39891052246094,70.12455749511719,72.75,0,0,0,0,0,0,0,4.761904716491699,0,0,11.076683044433594,25769803776,0,17289101312,0
203,1790718752815,4,4,4,4,4,4,4,4,4,4,70.62260437011719,68.9920425415039,69.28273010253906,69.1449966430664,62.39891052246094,70.12455749511719,72.75,0,0,0,0,0,0,0,5,0,0,11.076683044433594,25769803776,0,17289101312,0
204,1790718753018,4,4,4,4,4,4,4,4,4,4,70.58341979980469,69.04747772216797,69.05259704589844,69.13972473144531,62.0418701171875,70.1275405883789,72.75,4.761904716491699,0,4.545454502105713,0,0,0,9.523809432983398,4.761904716491699,0,0,11.076683044433594,25769803776,0,17288806400,0
204,1790718753223,4,4,4,4,4,4,4,4,4,4,70.58341979980469,69.04747772216797,69.05259704589844,69.13972473144531,62.0418701171875,70.1275405883789,72.75,0,4.761904716491699,0,0,0,0,0,5,0,0,11.076683044433594,25769803776,0,17288806400,0
202,1790718753428,4,4,4,4,4,4,4,4,4,4,70.58341979980469,69.04747772216797,69.05259704589844,69.13972473144531,62.0418701171875,70.1275405883789,72.75,0,0,4.761904716491699,0,0,0,4.761904716491699,4.761904716491699,0,0,11.076683044433594,25769803776,0,17288708096,0
204,1790718753631,4,4,4,4,4,4,4,4,4,4,70.58341979980469,69.04747772216797,69.05259704589844,69.13972473144531,62.0418701171875,70.1275405883789,72.75,4.761904716491699,0,0,0,0,0,0,5,4.761904716491699,0,11.13155746459961,25769803776,0,17288708096,0
202,1790718753836,4,4,4,4,4,4,4,4,4,4,70.58341979980469,69.04747772216797,69.05259704589844,69.13972473144531,62.0418701171875,70.1275405883789,72.75,0,0,0,0,0,0,0,5,0,0,11.13155746459961,25769803776,0,17287970816,0
200,1790718754038,4,4,4,4,4,4,4,4,4,4,70.58171844482422,68.96427917480469,69.18048095703125,69.13961029052734,62.29627227783203,70.13421630859375,72.75,9.523809432983398,0,0,0,0,0,0,5,0,0,11.13155746459961,25769803776,0,17288101888,0
204,1790718754239,4,4,4,4,4,4,4,4,4,4,70.58171844482422,68.96427917480469,69.18048095703125,69.13961029052734,62.29627227783203,70.13421630859375,72.75,15.000000953674316,9.523809432983398,0,0,0,0,0,9.523809432983398,4.761904716491699,0,11.13155746459961,25769803776,0,17288101888,0
202,1790718754444,4,4,4,4,4,4,4,4,4,4,70.58171844482422,68.96427917480469,69.18048095703125,69.13961029052734,62.29627227783203,70.13421630859375,72.75,20,10,0,0,0,0,22.72727394104004,20,0,4.761904716491699,11.13155746459961,25769803776,0,17304109056,0
204,1790718754646,4,4,4,4,4,4,4,4,4,4,70.58171844482422,68.96427917480469,69.18048095703125,69.13961029052734,62.29627227783203,70.13421630859375,72.75,0,4.761904716491699,0,4.761904716491699,0,0,0,10,0,0,11.124065399169922,25769803776,0,17304109056,0
204,1790718754851,4,4,4,4,4,4,4,4,4,4,70.58171844482422,68.96427917480469,69.18048095703125,69.13961029052734,62.29627227783203,70.13421630859375,72.75,0,0,4.545454502105713,0,0,0,0,9.523809432983398,4.761904716491699,0,11.124065399169922,25769803776,0,17303928832,0
204,1790718755056,4,4,4,4,4,4,4,4,4,4,70.40531158447266,68.95466613769531,69.0204849243164,69.11833953857422,62.04125213623047,70.032958984375,74.75,4.761904716491699,0,4.761904716491699,0,0,0,0,10,0,0,11.124065399169922,25769803776,0,17303928832,0
204,1790718755261,4,4,4,4,4,4,4,4,4,4,70.40531158447266,68.95466613769531,69.0204849243164,69.11833953857422,62.04125213623047,70.032958984375,74.75,5,0,0,4.761904716491699,0,0,0,9.523809432983398,0,0,11.124065399169922,25769803776,0,17303928832,0
204,1790718755466,4,4,4,4,4,4,4,4,4,4,70.40531158447266,68.95466613769531,69.0204849243164,69.11833953857422,62.04125213623047,70.032958984375,74.75,9.523809432983398,9.090909004211426,0,0,0,0,0,0,0,0,11.124065399169922,25769803776,0,17305272320,0
202,1790718755671,4,4,4,4,4,4,4,4,4,4,70.40531158447266,68.95466613769531,69.0204849243164,69.11833953857422,62.04125213623047,70.032958984375,74.75,0,0,0,0,0,0,0,14.285715103149414,4.545454502105713,0,11.313179016113281,25769803776,0,17305354240,0
200,1790718755874,4,4,4,4,4,4,4,4,4,4,70.40531158447266,68.95466613769531,69.0204849243164,69.11833953857422,62.04125213623047,70.032958984375,74.75,5,0,0,0,0,0,4.761904716491699,5,0,0,11.313179016113281,25769803776,0,17305354240,0
204,1790718756074,4,4,4,4,4,4,4,4,4,4,69.83387756347656,68.2770767211914,68.24241638183594,68.89714813232422,61.29090881347656,69.58810424804688,72.75,0,0,0,0,0,0,0,10,0,0,11.313179016113281,25769803776,0,17305305088,0
204,1790718756279,4,4,4,4,4,4,4,4,4,4,69.83387756347656,68.2770767211914,68.24241638183594,68.89714813232422,61.29090881347656,69.58810424804688,72.75,0,0,0,0,0,0,0,10,0,0,11.313179016113281,25769803776,0,17305305088,0
204,1790718756484,4,4,4,4,4,4,4,4,4,4,69.83387756347656,68.2770767211914,68.24241638183594,68.89714813232422,61.29090881347656,69.58810424804688,72.75,4.761904716491699,0,4.545454502105713,0,0,0,0,9.523809432983398,0,0,11.313179016113281,25769803776,0,17305321472,0
204,1790718756689,4,4,4,4,4,4,4,4,4,4,69.83387756347656,68.2770767211914,68.24241638183594,68.89714813232422,61.29090881347656,69.58810424804688,72.75,0,4.761904716491699,0,0,0,0,0,9.523809432983398,4.761904716491699,0,10.631591796875,25769803776,0,17305321472,0
202,1790718756894,4,4,4,4,4,4,4,4,4,4,69.83387756347656,68.2770767211914,68.24241638183594,68.89714813232422,61.29090881347656,69.58810424804688,72.75,9.090909004211426,0,4.761904716491699,0,0,0,4.761904716491699,5,0,0,10.631591796875,25769803776,0,17305387008,0
204,1790718757096,4,4,4,4,4,4,4,4,4,4,69.88470458984375,68.23536682128906,68.11466979980469,68.90530395507813,61.18169403076172,69.62347412109375,72.515625,0,0,0,0,0,0,0,10,0,0,10.631591796875,25769803776,0,17305255936,0
204,1790718757301,4,4,4,4,4,4,4,4,4,4,69.88470458984375,68.23536682128906,68.11466979980469,68.90530395507813,61.18169403076172,69.62347412109375,72.515625,4.761904716491699,0,0,0,0,0,0,9.523809432983398,0,0,10.631591796875,25769803776,0,17305255936,0
204,1790718757506,4,4,4,4,4,4,4,4,4,4,69.88470458984375,68.23536682128906,68.11466979980469,68.90530395507813,61.18169403076172,69.62347412109375,72.515625,0,4.761904716491699,0,4.761904716491699,0,0,4.545454502105713,5.263157844543457,4.761904716491699,0,11.09622573852539,25769803776,0,17305092096,0
204,1790718757711,4,4,4,4,4,4,4,4,4,4,69.88470458984375,68.23536682128906,68.11466979980469,68.90530395507813,61.18169403076172,69.62347412109375,72.515625,4.761904716491699,4.545454502105713,0,0,0,0,0,13.636363983154297,0,0,11.09622573852539,25769803776,0,17305092096,0
204,1790718757916,4,4,4,4,4,4,4,4,4,4,69.88470458984375,68.23536682128906,68.11466979980469,68.90530395507813,61.18169403076172,69.62347412109375,72.515625,4.761904716491699,0,0,0,0,0,0,0,0,0,11.09622573852539,25769803776,0,17306910720,0
204,1790718758121,4,4,4,4,4,4,4,4,4,4,69.82524108886719,68.25386810302734,68.19793701171875,68.85946655273438,61.332191467285156,69.59249114990234,72.515625,5,0,9.090909004211426,0,0,0,0,5,0,0,11.09622573852539,25769803776,0,17305010176,0
204,1790718758326,4,4,4,4,4,4,4,4,4,4,69.82524108886719,68.25386810302734,68.19793701171875,68.85946655273438,61.332191467285156,69.59249114990234,72.515625,0,0,0,0,0,0,9.523809432983398,4.545454502105713,0,0,11.09622573852539,25769803776,0,17305010176,0
204,1790718758531,4,4,4,4,4,4,4,4,4,4,69.82524108886719,68.25386810302734,68.19793701171875,68.85946655273438,61.332191467285156,69.59249114990234,72.515625,0,0,0,0,0,0,0,5,4.545454502105713,0,11.007099151611328,25769803776,0,17305010176,0
201,1790718758736,4,4,4,4,4,4,4,4,4,4,69.82524108886719,68.25386810302734,68.19793701171875,68.85946655273438,61.332191467285156,69.59249114990234,72.515625,4.761904716491699,0,0,0,0,0,5,0,4.761904716491699,0,11.007099151611328,25769803776,0,17305010176,0
204,1790718758938,4,4,4,4,4,4,4,4,4,4,69.82524108886719,68.25386810302734,68.19793701171875,68.85946655273438,61.332191467285156,69.59249114990234,72.515625,0,4.761904716491699,0,0,0,0,4.761904716491699,10,0,0,11.007099151611328,25769803776,0,17305042944,0
204,1790718759143,4,4,4,4,4,4,4,4,4,4,69.75662231445313,68.3475112915039,68.00001525878906,68.80638885498047,61.047637939453125,69.55147552490234,72.515625,5,4.761904716491699,0,0,0,0,0,5,0,0,11.007099151611328,25769803776,0,17304993792,0
204,1790718759348,4,4,4,4,4,4,4,4,4,4,69.75662231445313,68.3475112915039,68.00001525878906,68.80638885498047,61.047637939453125,69.55147552490234,72.515625,4.761904716491699,0,0,0,0,0,0,9.523809432983398,0,0,11.007099151611328,25769803776,0,17304666112,0
204,1790718759553,4,4,4,4,4,4,4,4,4,4,69.75662231445313,68.3475112915039,68.00001525878906,68.80638885498047,61.047637939453125,69.55147552490234,72.515625,5,4.761904716491699,0,0,0,0,4.761904716491699,5,0,0,10.987602233886719,25769803776,0,17304666112,0
201,1790718759758,4,4,4,4,4,4,4,4,4,4,69.75662231445313,68.3475112915039,68.00001525878906,68.80638885498047,61.047637939453125,69.55147552490234,72.515625,0,0,4.761904716491699,0,0,0,0,13.636363983154297,4.545454502105713,0,10.987602233886719,25769803776,0,17304715264,0
204,1790718759960,4,4,4,4,4,4,4,4,4,4,69.75662231445313,68.3475112915039,68.00001525878906,68.80638885498047,61.047637939453125,69.55147552490234,72.515625,9.523809432983398,0,4.761904716491699,0,0,0,0,10,0,0,10.987602233886719,25769803776,0,17304502272,0
202,1790718760165,4,4,4,4,4,4,4,4,4,4,69.72570037841797,68.21443176269531,68.23313903808594,68.77782440185547,61.41138458251953,69.55062866210938,72.515625,0,4.761904716491699,0,4.761904716491699,4.761904716491699,0,0,5,0,0,10.987602233886719,25769803776,0,17304502272,0
200,1790718760367,4,4,4,4,4,4,4,4,4,4,69.72570037841797,68.21443176269531,68.23313903808594,68.77782440185547,61.41138458251953,69.55062866210938,72.515625,5,0,0,0,0,0,5,0,0,0,10.987602233886719,25769803776,0,17304502272,0
204,1790718760568,4,4,4,4,4,4,4,4,4,4,69.72570037841797,68.21443176269531,68.23313903808594,68.77782440185547,61.41138458251953,69.55062866210938,72.515625,0,0,0,0,0,0,5,9.523809432983398,0,0,11.053668975830078,25769803776,0,17304535040,0
202,1790718760773,4,4,4,4,4,4,4,4,4,4,69.72570037841797,68.21443176269531,68.23313903808594,68.77782440185547,61.41138458251953,69.55062866210938,72.515625,0,4.761904716491699,0,0,0,0,0,0,0,0,11.053668975830078,25769803776,0,17306353664,0
204,1790718760975,4,4,4,4,4,4,4,4,4,4,69.72570037841797,68.21443176269531,68.23313903808594,68.77782440185547,61.41138458251953,69.55062866210938,72.515625,4.761904716491699,0,0,0,0,0,0,4.761904716491699,0,0,11.053668975830078,25769803776,0,17304174592,0
204,1790718761180,4,4,4,4,4,4,4,4,4,4,69.65642547607422,68.26895904541016,68.08320617675781,68.73529052734375,61.18275451660156,69.51557159423828,72.515625,0,0,0,0,0,0,0,9.523809432983398,0,0,11.053668975830078,25769803776,0,17304174592,0
204,1790718761385,4,4,4,4,4,4,4,4,4,4,69.65642547607422,68.26895904541016,68.08320617675781,68.73529052734375,61.18275451660156,69.51557159423828,72.515625,0,0,0,0,0,0,4.761904716491699,5,0,0,11.053668975830078,25769803776,0,17304174592,0
204,1790718761590,4,4,4,4,4,4,4,4,4,4,69.65642547607422,68.26895904541016,68.08320617675781,68.73529052734375,61.18275451660156,69.51557159423828,72.515625,5,0,0,0,0,0,0,5,4.545454502105713,0,11.048004150390625,25769803776,0,17304158208,0
200,1790718761795,4,4,4,4,4,4,4,4,4,4,69.65642547607422,68.26895904541016,68.08320617675781,68.73529052734375,61.18275451660156,69.51557159423828,72.515625,4.761904716491699,4.761904716491699,4.545454502105713,0,0,0,0,5,0,0,11.048004150390625,25769803776,0,17304158208,0
204,1790718761996,4,4,4,4,4,4,4,4,4,4,69.71774291992188,68.2250747680664,68.30414581298828,68.75780487060547,61.524871826171875,69.55020904541016,72.515625,5,0,0,0,4.761904716491699,0,0,9.523809432983398,0,0,11.048004150390625,25769803776,0,17304256512,0
204,1790718762201,4,4,4,4,4,4,4,4,4,4,69.71774291992188,68.2250747680664,68.30414581298828,68.75780487060547,61.524871826171875,69.55020904541016,72.515625,0,4.545454502105713,0,0,0,0,0,5,0,0,11.048004150390625,25769803776,0,17304240128,0
204,1790718762406,4,4,4,4,4,4,4,4,4,4,69.71774291992188,68.2250747680664,68.30414581298828,68.75780487060547,61.524871826171875,69.55020904541016,72.515625,5,0,0,0,0,0,0,9.523809432983398,4.761904716491699,0,11.048004150390625,25769803776,0,17304240128,0
204,1790718762611,4,4,4,4,4,4,4,4,4,4,69.71774291992188,68.2250747680664,68.30414581298828,68.75780487060547,61.524871826171875,69.55020904541016,72.515625,0,0,0,0,0,0,0,5,4.761904716491699,0,11.112781524658203,25769803776,0,17304240128,0
200,1790718762816,4,4,4,4,4,4,4,4,4,4,69.71774291992188,68.2250747680664,68.30414581298828,68.75780487060547,61.524871826171875,69.55020904541016,72.515625,0,0,0,0,0,0,4.545454502105713,9.523809432983398,0,0,11.112781524658203,25769803776,0,17304240128,0
204,1790718763017,4,4,4,4,4,4,4,4,4,4,69.81619262695313,68.15625,68.2058334350586,68.75031280517578,61.39793395996094,69.72003173828125,72.75,4.761904716491699,0,0,0,0,0,5,0,5,0,11.112781524658203,25769803776,0,17304223744,0
201,1790718763222,4,4,4,4,4,4,4,4,4,4,69.81619262695313,68.15625,68.2058334350586,68.75031280517578,61.39793395996094,69.72003173828125,72.75,0,0,0,0,0,0,5,0,0,0,11.112781524658203,25769803776,0,17304223744,0
200,1790718763424,4,4,4,4,4,4,4,4,4,4,69.81619262695313,68.15625,68.2058334350586,68.75031280517578,61.39793395996094,69.72003173828125,72.75,4.761904716491699,4.761904716491699,4.761904716491699,0,0,0,0,5,0,0,11.112781524658203,25769803776,0,17304223744,0
204,1790718763625,4,4,4,4,4,4,4,4,4,4,69.81619262695313,68.15625,68.2058334350586,68.75031280517578,61.39793395996094,69.72003173828125,72.75,5,0,0,0,0,0,9.523809432983398,5,0,0,11.131401062011719,25769803776,0,17304141824,0
204,1790718763830,4,4,4,4,4,4,4,4,4,4,69.81619262695313,68.15625,68.2058334350586,68.75031280517578,61.39793395996094,69.72003173828125,72.75,0,0,0,0,0,0,0,4.545454502105713,0,0,11.131401062011719,25769803776,0,17305927680,0
204,1790718764035,4,4,4,4,4,4,4,4,4,4,69.6728515625,68.411865234375,67.97245788574219,68.698486328125,60.97863006591797,69.53179931640625,72.515625,4.761904716491699,5.263157844543457,0,0,0,0,5,0,0,0,11.131401062011719,25769803776,0,17304109056,0
204,1790718764240,4,4,4,4,4,4,4,4,4,4,69.6728515625,68.411865234375,67.97245788574219,68.698486328125,60.97863006591797,69.53179931640625,72.515625,10.526315689086914,61.904762268066406,4.761904716491699,4.545454502105713,0,4.761904716491699,0,5,4.761904716491699,0,11.131401062011719,25769803776,0,17304109056,0
204,1790718764445,4,4,4,4,4,4,4,4,4,4,69.6728515625,68.411865234375,67.97245788574219,68.698486328125,60.97863006591797,69.53179931640625,72.515625,4.761904716491699,0,0,0,0,0,0,9.523809432983398,0,0,11.131401062011719,25769803776,0,17304109056,0
202,1790718764650,4,4,4,4,4,4,4,4,4,4,69.6728515625,68.411865234375,67.97245788574219,68.698486328125,60.97863006591797,69.53179931640625,72.515625,0,0,0,0,0,0,0,0,0,0,11.214462280273438,25769803776,0,17303748608,0
204,1790718764853,4,4,4,4,4,4,4,4,4,4,69.6728515625,68.411865234375,67.97245788574219,68.698486328125,60.97863006591797,69.53179931640625,72.515625,0,9.090909004211426,0,0,0,0,9.523809432983398,4.761904716491699,0,0,11.214462280273438,25769803776,0,17303830528,0
204,1790718765058,4,4,4,4,4,4,4,4,4,4,69.64479064941406,68.27631378173828,68.22523498535156,68.67909240722656,61.395225524902344,69.53275299072266,72.28125,4.761904716491699,0,0,0,0,0,0,9.523809432983398,4.761904716491699,0,11.214462280273438,25769803776,0,17303928832,0
203,1790718765263,4,4,4,4,4,4,4,4,4,4,69.64479064941406,68.27631378173828,68.22523498535156,68.67909240722656,61.395225524902344,69.53275299072266,72.28125,5,0,0,0,0,0,0,5,0,0,11.214462280273438,25769803776,0,17304158208,0
204,1790718765466,4,4,4,4,4,4,4,4,4,4,69.64479064941406,68.27631378173828,68.22523498535156,68.67909240722656,61.395225524902344,69.53275299072266,72.28125,15.000000953674316,9.523809432983398,9.523809432983398,0,0,0,9.523809432983398,19.047618865966797,4.761904716491699,4.761904716491699,11.214462280273438,25769803776,0,17324261376,0
202,1790718765671,4,4,4,4,4,4,4,4,4,4,69.64479064941406,68.27631378173828,68.22523498535156,68.67909240722656,61.395225524902344,69.53275299072266,72.28125,14.285715103149414,5,0,0,0,0,5,0,0,0,11.250076293945313,25769803776,0,17324392448,0
200,1790718765873,4,4,4,4,4,4,4,4,4,4,69.64479064941406,68.27631378173828,68.22523498535156,68.67909240722656,61.395225524902344,69.53275299072266,72.28125,0,4.761904716491699,0,0,0,0,0,5,0,0,11.250076293945313,25769803776,0,17324392448,0
204,1790718766074,4,4,4,4,4,4,4,4,4,4,69.572265625,68.37625885009766,68.31021118164063,68.62498474121094,61.43971252441406,69.50468444824219,72.75,9.523809432983398,0,0,5,0,0,9.523809432983398,5,0,0,11.250076293945313,25769803776,0,17324392448,0
201,1790718766279,4,4,4,4,4,4,4,4,4,4,69.572265625,68.37625885009766,68.31021118164063,68.62498474121094,61.43971252441406,69.50468444824219,72.75,9.523809432983398,9.090909004211426,9.090909004211426,0,0,0,0,5,0,0,11.250076293945313,25769803776,0,17324392448,0
204,1790718766480,4,4,4,4,4,4,4,4,4,4,69.572265625,68.37625885009766,68.31021118164063,68.62498474121094,61.43971252441406,69.50468444824219,72.75,5,0,0,4.761904716491699,0,0,0,5,0,0,11.250076293945313,25769803776,0,17324392448,0
204,1790718766685,4,4,4,4,4,4,4,4,4,4,69.572265625,68.37625885009766,68.31021118164063,68.62498474121094,61.43971252441406,69.50468444824219,72.75,5,5,0,0,0,0,0,9.523809432983398,0,0,11.062873840332031,25769803776,0,17325080576,0
204,1790718766890,4,4,4,4,4,4,4,4,4,4,69.572265625,68.37625885009766,68.31021118164063,68.62498474121094,61.43971252441406,69.50468444824219,72.75,0,4.545454502105713,0,0,0,0,0,4.761904716491699,0,0,11.062873840332031,25769803776,0,17325047808,0
204,1790718767095,4,4,4,4,4,4,4,4,4,4,69.57733154296875,68.3119888305664,68.32032012939453,68.59502410888672,61.53321838378906,69.48686218261719,72.28125,0,0,0,0,0,0,0,5,4.761904716491699,0,11.062873840332031,25769803776,0,17326817280,0
200,1790718767300,4,4,4,4,4,4,4,4,4,4,69.57733154296875,68.3119888305664,68.32032012939453,68.59502410888672,61.53321838378906,69.48686218261719,72.28125,4.761904716491699,0,0,0,0,0,4.545454502105713,4.761904716491699,0,0,11.062873840332031,25769803776,0,17325015040,0
204,1790718767501,4,4,4,4,4,4,4,4,4,4,69.57733154296875,68.3119888305664,68.32032012939453,68.59502410888672,61.53321838378906,69.48686218261719,72.28125,0,0,0,0,0,0,0,5,0,0,11.025455474853516,25769803776,0,17324851200,0
202,1790718767706,4,4,4,4,4,4,4,4,4,4,69.57733154296875,68.3119888305664,68.32032012939453,68.59502410888672,61.53321838378906,69.48686218261719,72.28125,4.761904716491699,0,4.545454502105713,0,0,0,4.761904716491699,5,0,4.545454502105713,11.025455474853516,25769803776,0,17324851200,0
204,1790718767909,4,4,4,4,4,4,4,4,4,4,69.57733154296875,68.3119888305664,68.32032012939453,68.59502410888672,61.53321838378906,69.48686218261719,72.28125,4.761904716491699,4.761904716491699,0,0,0,0,5,4.761904716491699,0,0,11.025455474853516,25769803776,0,17324883968,0
204,1790718768114,4,4,4,4,4,4,4,4,4,4,69.76139068603516,68.30438232421875,68.27752685546875,68.76791381835938,61.49781036376953,69.60558319091797,73.125,0,0,4.761904716491699,0,0,0,0,5,0,0,11.025455474853516,25769803776,0,17324883968,0
204,1790718768319,4,4,4,4,4,4,4,4,4,4,69.76139068603516,68.30438232421875,68.27752685546875,68.76791381835938,61.49781036376953,69.60558319091797,73.125,4.761904716491699,4.761904716491699,0,0,0,0,0,5,0,0,11.025455474853516,25769803776,0,17324883968,0
204,1790718768524,4,4,4,4,4,4,4,4,4,4,69.76139068603516,68.30438232421875,68.27752685546875,68.76791381835938,61.49781036376953,69.60558319091797,73.125,0,0,0,0,0,0,0,4.761904716491699,0,0,11.527275085449219,25769803776,0,17324883968,0
204,1790718768729,4,4,4,4,4,4,4,4,4,4,69.76139068603516,68.30438232421875,68.27752685546875,68.76791381835938,61.49781036376953,69.60558319091797,73.125,0,0,0,0,0,0,4.761904716491699,5,0,0,11.527275085449219,25769803776,0,17310089216,0
204,1790718768934,4,4,4,4,4,4,4,4,4,4,69.76139068603516,68.30438232421875,68.27752685546875,68.76791381835938,61.49781036376953,69.60558319091797,73.125,4.761904716491699,4.545454502105713,0,0,0,0,4.545454502105713,4.761904716491699,0,0,11.527275085449219,25769803776,0,17310089216,0
204,1790718769139,4,4,4,4,4,4,4,4,4,4,69.69246673583984,68.24602508544922,68.24485778808594,68.74993133544922,61.45745849609375,69.53970336914063,76.78125,4.761904716491699,0,0,4.761904716491699,0,0,0,9.523809432983398,0,0,11.527275085449219,25769803776,0,17310171136,0
204,1790718769344,4,4,4,4,4,4,4,4,4,4,69.69246673583984,68.24602508544922,68.24485778808594,68.74993133544922,61.45745849609375,69.53970336914063,76.78125,4.761904716491699,0,0,0,0,0,0,5,0,0,11.527275085449219,25769803776,0,17310171136,0
204,1790718769549,4,4,4,4,4,4,4,4,4,4,69.69246673583984,68.24602508544922,68.24485778808594,68.74993133544922,61.45745849609375,69.53970336914063,76.78125,0,0,0,0,4.761904716491699,0,0,5,9.090909004211426,0,11.389991760253906,25769803776,0,17310171136,0
204,1790718769754,4,4,4,4,4,4,4,4,4,4,69.69246673583984,68.24602508544922,68.24485778808594,68.74993133544922,61.45745849609375,69.53970336914063,76.78125,4.761904716491699,4.761904716491699,0,0,0,0,0,5,0,0,11.389991760253906,25769803776,0,17310154752,0
204,1790718769959,4,4,4,4,4,4,4,4,4,4,69.69246673583984,68.24602508544922,68.24485778808594,68.74993133544922,61.45745849609375,69.53970336914063,76.78125,4.761904716491699,5,0,0,0,0,0,9.090909004211426,0,0,11.389991760253906,25769803776,0,17310187520,0
204,1790718770164,4,4,4,4,4,4,4,4,4,4,69.63445281982422,68.19794464111328,68.3583984375,68.64586639404297,61.65282440185547,69.49214172363281,72.28125,5,4.761904716491699,9.090909004211426,0,0,0,4.761904716491699,5,0,0,11.389991760253906,25769803776,0,17310187520,0
201,1790718770369,4,4,4,4,4,4,4,4,4,4,69.63445281982422,68.19794464111328,68.3583984375,68.64586639404297,61.65282440185547,69.49214172363281,72.28125,0,0,0,0,0,0,0,5,0,0,11.389991760253906,25769803776,0,17310269440,0
201,1790718770570,4,4,4,4,4,4,4,4,4,4,69.63445281982422,68.19794464111328,68.3583984375,68.64586639404297,61.65282440185547,69.49214172363281,72.28125,9.523809432983398,0,0,0,0,0,0,4.761904716491699,0,0,11.177684783935547,25769803776,0,17309925376,0
204,1790718770772,4,4,4,4,4,4,4,4,4,4,69.63445281982422,68.19794464111328,68.3583984375,68.64586639404297,61.65282440185547,69.49214172363281,72.28125,0,0,0,0,0,0,0,5,0,0,11.177684783935547,25769803776,0,17310121984,0
204,1790718770977,4,4,4,4,4,4,4,4,4,4,69.63445281982422,68.19794464111328,68.3583984375,68.64586639404297,61.65282440185547,69.49214172363281,72.28125,4.761904716491699,4.761904716491699,0,0,0,0,4.761904716491699,5,0,0,11.177684783935547,25769803776,0,17310056448,0
204,1790718771182,4,4,4,4,4,4,4,4,4,4,69.63510131835938,68.15925598144531,68.19752502441406,68.62361907958984,61.43175506591797,69.47669219970703,72.28125,0,0,0,0,0,0,0,5,4.761904716491699,0,11.177684783935547,25769803776,0,17310072832,0
204,1790718771387,4,4,4,4,4,4,4,4,4,4,69.63510131835938,68.15925598144531,68.19752502441406,68.62361907958984,61.43175506591797,69.47669219970703,72.28125,0,5,0,4.545454502105713,0,0,0,4.761904716491699,0,0,11.177684783935547,25769803776,0,17310236672,0
204,1790718771592,4,4,4,4,4,4,4,4,4,4,69.63510131835938,68.15925598144531,68.19752502441406,68.62361907958984,61.43175506591797,69.47669219970703,72.28125,9.090909004211426,0,0,0,0,0,0,9.523809432983398,0,0,11.30450439453125,25769803776,0,17310236672,0
203,1790718771797,4,4,4,4,4,4,4,4,4,4,69.63510131835938,68.15925598144531,68.19752502441406,68.62361907958984,61.43175506591797,69.47669219970703,72.28125,0,0,0,0,0,0,4.545454502105713,5,0,0,11.30450439453125,25769803776,0,17309827072,0
204,1790718772001,4,4,4,4,4,4,4,4,4,4,69.78826904296875,68.32688903808594,68.49221801757813,68.77157592773438,61.78888702392578,69.63273620605469,72.515625,4.761904716491699,4.761904716491699,0,0,0,0,0,5,0,0,11.30450439453125,25769803776,0,17309958144,0
204,1790718772206,4,4,4,4,4,4,4,4,4,4,69.78826904296875,68.32688903808594,68.49221801757813,68.77157592773438,61.78888702392578,69.63273620605469,72.515625,0,4.761904716491699,4.761904716491699,0,0,0,0,9.090909004211426,0,0,11.30450439453125,25769803776,0,17309876224,0
204,1790718772411,4,4,4,4,4,4,4,4,4,4,69.78826904296875,68.32688903808594,68.49221801757813,68.77157592773438,61.78888702392578,69.63273620605469,72.515625,4.761904716491699,0,0,0,0,0,0,0,0,4.761904716491699,11.30450439453125,25769803776,0,17310105600,0
204,1790718772616,4,4,4,4,4,4,4,4,4,4,69.78826904296875,68.32688903808594,68.49221801757813,68.77157592773438,61.78888702392578,69.63273620605469,72.515625,0,0,4.761904716491699,0,0,0,9.523809432983398,4.761904716491699,0,0,11.4068603515625,25769803776,0,17310105600,0
204,1790718772821,4,4,4,4,4,4,4,4,4,4,69.78826904296875,68.32688903808594,68.49221801757813,68.77157592773438,61.78888702392578,69.63273620605469,72.515625,5,0,0,0,0,0,0,9.523809432983398,0,0,11.4068603515625,25769803776,0,17310253056,0
204,1790718773026,4,4,4,4,4,4,4,4,4,4,69.7718276977539,68.44839477539063,68.4124526977539,68.77693939208984,61.62743377685547,69.60883331298828,72.515625,0,4.761904716491699,0,0,0,0,0,0,4.761904716491699,0,11.4068603515625,25769803776,0,17310269440,0
204,1790718773231,4,4,4,4,4,4,4,4,4,4,69.7718276977539,68.44839477539063,68.4124526977539,68.77693939208984,61.62743377685547,69.60883331298828,72.515625,4.761904716491699,0,0,0,0,0,0,4.761904716491699,0,0,11.4068603515625,25769803776,0,17310171136,0
204,1790718773436,4,4,4,4,4,4,4,4,4,4,69.7718276977539,68.44839477539063,68.4124526977539,68.77693939208984,61.62743377685547,69.60883331298828,72.515625,4.761904716491699,0,0,0,0,0,0,9.523809432983398,0,0,11.4068603515625,25769803776,0,17310203904,0
204,1790718773641,4,4,4,4,4,4,4,4,4,4,69.7718276977539,68.44839477539063,68.4124526977539,68.77693939208984,61.62743377685547,69.60883331298828,72.515625,0,0,0,4.761904716491699,4.761904716491699,0,0,5,0,0,11.38565444946289,25769803776,0,17309958144,0
204,1790718773846,4,4,4,4,4,4,4,4,4,4,69.7718276977539,68.44839477539063,68.4124526977539,68.77693939208984,61.62743377685547,69.60883331298828,72.515625,0,0,0,0,0,0,4.761904716491699,5,0,0,11.38565444946289,25769803776,0,17309958144,0
204,1790718774051,4,4,4,4,4,4,4,4,4,4,69.75837707519531,68.35456848144531,68.44939422607422,68.76560974121094,61.66807556152344,69.60083770751953,72.28125,4.761904716491699,0,0,0,0,0,0,4.761904716491699,0,0,11.38565444946289,25769803776,0,17311744000,0
204,1790718774256,4,4,4,4,4,4,4,4,4,4,69.75837707519531,68.35456848144531,68.44939422607422,68.76560974121094,61.66807556152344,69.60083770751953,72.28125,0,4.761904716491699,0,0,0,0,4.545454502105713,4.761904716491699,0,0,11.38565444946289,25769803776,0,17311744000,0
203,1790718774461,4,4,4,4,4,4,4,4,4,4,69.75837707519531,68.35456848144531,68.44939422607422,68.76560974121094,61.66807556152344,69.60083770751953,72.28125,4.761904716491699,4.761904716491699,0,0,0,0,0,0,4.761904716491699,0,11.38565444946289,25769803776,0,17311744000,0
204,1790718774665,4,4,4,4,4,4,4,4,4,4,69.75837707519531,68.35456848144531,68.44939422607422,68.76560974121094,61.66807556152344,69.60083770751953,72.28125,0,0,0,0,0,0,0,9.523809432983398,0,0,11.487621307373047,25769803776,0,17311744000,0
201,1790718774870,4,4,4,4,4,4,4,4,4,4,69.75837707519531,68.35456848144531,68.44939422607422,68.76560974121094,61.66807556152344,69.60083770751953,72.28125,0,0,4.545454502105713,0,0,4.761904716491699,0,5,4.761904716491699,0,11.487621307373047,25769803776,0,17309319168,0
204,1790718775072,4,4,4,4,4,4,4,4,4,4,69.94359588623047,68.35173797607422,68.43162536621094,68.80963134765625,61.671913146972656,69.82106018066406,72.75,9.090909004211426,0,0,0,0,0,0,0,0,0,11.487621307373047,25769803776,0,17309564928,0
204,1790718775277,4,4,4,4,4,4,4,4,4,4,69.94359588623047,68.35173797607422,68.43162536621094,68.80963134765625,61.671913146972656,69.82106018066406,72.75,0,4.761904716491699,0,0,0,0,0,9.523809432983398,0,0,11.487621307373047,25769803776,0,17309564928,0
204,1790718775482,4,4,4,4,4,4,4,4,4,4,69.94359588623047,68.35173797607422,68.43162536621094,68.80963134765625,61.671913146972656,69.82106018066406,72.75,4.761904716491699,0,0,0,0,0,4.761904716491699,4.761904716491699,4.761904716491699,0,11.487621307373047,25769803776,0,17309564928,0
204,1790718775687,4,4,4,4,4,4,4,4,4,4,69.94359588623047,68.35173797607422,68.43162536621094,68.80963134765625,61.671913146972656,69.82106018066406,72.75,0,0,0,0,0,0,4.545454502105713,9.523809432983398,0,0,11.460540771484375,25769803776,0,17309564928,0
204,1790718775892,4,4,4,4,4,4,4,4,4,4,69.94359588623047,68.35173797607422,68.43162536621094,68.80963134765625,61.671913146972656,69.82106018066406,72.75,9.090909004211426,4.761904716491699,5,0,0,0,0,5,0,0,11.460540771484375,25769803776,0,17307648000,0
204,1790718776097,4,4,4,4,4,4,4,4,4,4,69.8248291015625,68.36740112304688,68.48546600341797,68.79531860351563,61.71659851074219,69.62380981445313,72.515625,0,0,0,0,0,0,0,5,0,0,11.460540771484375,25769803776,0,17307648000,0
204,1790718776302,4,4,4,4,4,4,4,4,4,4,69.8248291015625,68.36740112304688,68.48546600341797,68.79531860351563,61.71659851074219,69.62380981445313,72.515625,0,0,4.761904716491699,0,0,0,0,9.523809432983398,0,0,11.460540771484375,25769803776,0,17307140096,0
204,1790718776507,4,4,4,4,4,4,4,4,4,4,69.8248291015625,68.36740112304688,68.48546600341797,68.79531860351563,61.71659851074219,69.62380981445313,72.515625,4.761904716491699,4.761904716491699,0,4.761904716491699,0,0,0,4.761904716491699,0,0,11.604984283447266,25769803776,0,17307140096,0
204,1790718776712,4,4,4,4,4,4,4,4,4,4,69.8248291015625,68.36740112304688,68.48546600341797,68.79531860351563,61.71659851074219,69.62380981445313,72.515625,0,0,0,0,0,0,0,9.523809432983398,0,0,11.604984283447266,25769803776,0,17307140096,0
204,1790718776917,4,4,4,4,4,4,4,4,4,4,69.8248291015625,68.36740112304688,68.48546600341797,68.79531860351563,61.71659851074219,69.62380981445313,72.515625,9.090909004211426,0,0,0,0,0,0,0,0,0,11.604984283447266,25769803776,0,17305255936,0
204,1790718777122,4,4,4,4,4,4,4,4,4,4,69.81556701660156,68.39226531982422,68.62255859375,68.79820251464844,61.90918731689453,69.64573669433594,72.515625,0,0,0,0,0,0,4.761904716491699,5,0,0,11.604984283447266,25769803776,0,17305239552,0
204,1790718777327,4,4,4,4,4,4,4,4,4,4,69.81556701660156,68.39226531982422,68.62255859375,68.79820251464844,61.90918731689453,69.64573669433594,72.515625,5,4.761904716491699,0,0,0,0,0,9.523809432983398,4.761904716491699,0,11.604984283447266,25769803776,0,17305239552,0
204,1790718777532,4,4,4,4,4,4,4,4,4,4,69.81556701660156,68.39226531982422,68.62255859375,68.79820251464844,61.90918731689453,69.64573669433594,72.515625,0,0,4.545454502105713,0,0,0,0,5,0,0,11.678932189941406,25769803776,0,17305239552,0
204,1790718777737,4,4,4,4,4,4,4,4,4,4,69.81556701660156,68.39226531982422,68.62255859375,68.79820251464844,61.90918731689453,69.64573669433594,72.515625,0,4.761904716491699,0,4.761904716491699,0,0,4.761904716491699,9.090909004211426,0,0,11.678932189941406,25769803776,0,17305239552,0
204,1790718777942,4,4,4,4,4,4,4,4,4,4,69.81556701660156,68.39226531982422,68.62255859375,68.79820251464844,61.90918731689453,69.64573669433594,72.515625,9.090909004211426,0,0,0,0,0,0,0,0,0,11.678932189941406,25769803776,0,17307435008,0
204,1790718778147,4,4,4,4,4,4,4,4,4,4,69.75353240966797,68.35042572021484,68.5306167602539,68.76425170898438,61.83069610595703,69.61739349365234,72.515625,0,0,0,0,0,0,0,5,0,0,11.678932189941406,25769803776,0,17304879104,0
204,1790718778352,4,4,4,4,4,4,4,4,4,4,69.75353240966797,68.35042572021484,68.5306167602539,68.76425170898438,61.83069610595703,69.61739349365234,72.515625,4.761904716491699,0,0,0,0,0,0,9.523809432983398,0,0,11.678932189941406,25769803776,0,17304879104,0
204,1790718778557,4,4,4,4,4,4,4,4,4,4,69.75353240966797,68.35042572021484,68.5306167602539,68.76425170898438,61.83069610595703,69.61739349365234,72.515625,0,0,4.761904716491699,0,0,0,0,0,0,0,11.508003234863281,25769803776,0,17304879104,0
204,1790718778762,4,4,4,4,4,4,4,4,4,4,69.75353240966797,68.35042572021484,68.5306167602539,68.76425170898438,61.83069610595703,69.61739349365234,72.515625,0,0,0,0,0,0,0,9.523809432983398,4.545454502105713,0,11.508003234863281,25769803776,0,17304879104,0
204,1790718778968,4,4,4,4,4,4,4,4,4,4,69.75353240966797,68.35042572021484,68.5306167602539,68.76425170898438,61.83069610595703,69.61739349365234,72.515625,4.761904716491699,4.545454502105713,0,0,0,0,4.761904716491699,5,0,0,11.508003234863281,25769803776,0,17304764416,0
204,1790718779172,4,4,4,4,4,4,4,4,4,4,69.88853454589844,68.32244873046875,68.44813537597656,68.83415985107422,61.67285919189453,69.69280242919922,72.515625,0,0,0,0,0,0,0,5,0,0,11.508003234863281,25769803776,0,17304764416,0
204,1790718779378,4,4,4,4,4,4,4,4,4,4,69.88853454589844,68.32244873046875,68.44813537597656,68.83415985107422,61.67285919189453,69.69280242919922,72.515625,9.090909004211426,4.761904716491699,4.761904716491699,0,0,0,0,9.090909004211426,0,0,11.508003234863281,25769803776,0,17304797184,0
204,1790718779583,4,4,4,4,4,4,4,4,4,4,69.88853454589844,68.32244873046875,68.44813537597656,68.83415985107422,61.67285919189453,69.69280242919922,72.515625,0,0,0,0,0,0,0,0,4.545454502105713,0,11.616458892822266,25769803776,0,17304797184,0
204,1790718779788,4,4,4,4,4,4,4,4,4,4,69.88853454589844,68.32244873046875,68.44813537597656,68.83415985107422,61.67285919189453,69.69280242919922,72.515625,4.761904716491699,0,0,0,0,0,0,9.090909004211426,0,0,11.616458892822266,25769803776,0,17304846336,0
204,1790718779993,4,4,4,4,4,4,4,4,4,4,69.99430084228516,68.39252471923828,68.5691146850586,68.87866973876953,61.85741424560547,69.78812408447266,72.515625,0,4.761904716491699,0,0,0,0,0,5,0,0,11.616458892822266,25769803776,0,17304846336,0
204,1790718780198,4,4,4,4,4,4,4,4,4,4,69.99430084228516,68.39252471923828,68.5691146850586,68.87866973876953,61.85741424560547,69.78812408447266,72.515625,4.761904716491699,0,4.761904716491699,0,0,0,9.090909004211426,0,4.761904716491699,0,11.616458892822266,25769803776,0,17304616960,0
204,1790718780403,4,4,4,4,4,4,4,4,4,4,69.99430084228516,68.39252471923828,68.5691146850586,68.87866973876953,61.85741424560547,69.78812408447266,72.515625,5,0,0,0,0,0,0,9.523809432983398,0,0,11.616458892822266,25769803776,0,17304616960,0
204,1790718780608,4,4,4,4,4,4,4,4,4,4,69.99430084228516,68.39252471923828,68.5691146850586,68.87866973876953,61.85741424560547,69.78812408447266,72.515625,0,0,0,0,0,0,0,4.761904716491699,4.761904716491699,0,11.715110778808594,25769803776,0,17304518656,0
203,1790718780813,4,4,4,4,4,4,4,4,4,4,69.99430084228516,68.39252471923828,68.5691146850586,68.87866973876953,61.85741424560547,69.78812408447266,72.515625,0,0,0,0,0,0,0,5,0,0,11.715110778808594,25769803776,0,17304518656,0
204,1790718781016,4,4,4,4,4,4,4,4,4,4,70.0186767578125,68.42643737792969,68.37655639648438,68.88050079345703,61.600975036621094,69.81156158447266,72.515625,4.761904716491699,4.761904716491699,0,0,0,0,4.545454502105713,5,0,0,11.715110778808594,25769803776,0,17304518656,0
204,1790718781221,4,4,4,4,4,4,4,4,4,4,70.0186767578125,68.42643737792969,68.37655639648438,68.88050079345703,61.600975036621094,69.81156158447266,72.515625,0,4.761904716491699,0,0,0,0,0,5,0,0,11.715110778808594,25769803776,0,17304469504,0
204,1790718781427,4,4,4,4,4,4,4,4,4,4,70.0186767578125,68.42643737792969,68.37655639648438,68.88050079345703,61.600975036621094,69.81156158447266,72.515625,0,0,0,0,0,0,0,9.523809432983398,0,0,11.715110778808594,25769803776,0,17304469504,0
204,1790718781632,4,4,4,4,4,4,4,4,4,4,70.0186767578125,68.42643737792969,68.37655639648438,68.88050079345703,61.600975036621094,69.81156158447266,72.515625,4.761904716491699,0,4.761904716491699,0,0,0,4.761904716491699,5,4.761904716491699,0,11.644298553466797,25769803776,0,17304469504,0
204,1790718781837,4,4,4,4,4,4,4,4,4,4,70.0186767578125,68.42643737792969,68.37655639648438,68.88050079345703,61.600975036621094,69.81156158447266,72.515625,0,4.761904716491699,0,0,0,0,0,4.761904716491699,0,0,11.644298553466797,25769803776,0,17304469504,0
201,1790718782042,4,4,4,4,4,4,4,4,4,4,69.84657287597656,68.37499237060547,68.51361083984375,68.8414535522461,61.73902893066406,69.67176055908203,72.515625,4.761904716491699,0,0,0,0,0,0,0,0,0,11.644298553466797,25769803776,0,17304502272,0
204,1790718782243,4,4,4,4,4,4,4,4,4,4,69.84657287597656,68.37499237060547,68.51361083984375,68.8414535522461,61.73902893066406,69.67176055908203,72.515625,0,0,0,0,0,0,0,9.523809432983398,0,0,11.644298553466797,25769803776,0,17304502272,0
202,1790718782448,4,4,4,4,4,4,4,4,4,4,69.84657287597656,68.37499237060547,68.51361083984375,68.8414535522461,61.73902893066406,69.67176055908203,72.515625,5,0,0,0,0,0,0,5,0,0,11.644298553466797,25769803776,0,17304535040,0
200,1790718782651,4,4,4,4,4,4,4,4,4,4,69.84657287597656,68.37499237060547,68.51361083984375,68.8414535522461,61.73902893066406,69.67176055908203,72.515625,4.761904716491699,0,0,0,0,0,0,9.523809432983398,0,0,11.693412780761719,25769803776,0,17304551424,0
200,1790718782851,4,4,4,4,4,4,4,4,4,4,69.84657287597656,68.37499237060547,68.51361083984375,68.8414535522461,61.73902893066406,69.67176055908203,72.515625,0,0,0,0,0,0,0,5,0,0,11.693412780761719,25769803776,0,17304551424,0
200,1790718783052,4,4,4,4,4,4,4,4,4,4,69.93275451660156,68.4173583984375,68.60256958007813,68.86833190917969,61.88031768798828,69.70760345458984,72.515625,0,5,0,0,0,0,0,5.263157844543457,4.761904716491699,0,11.693412780761719,25769803776,0,17304666112,0
200,1790718783252,4,4,4,4,4,4,4,4,4,4,69.93275451660156,68.4173583984375,68.60256958007813,68.86833190917969,61.88031768798828,69.70760345458984,72.515625,4.761904716491699,0,0,0,0,0,4.761904716491699,5,0,0,11.693412780761719,25769803776,0,17304666112,0
200,1790718783453,4,4,4,4,4,4,4,4,4,4,69.93275451660156,68.4173583984375,68.60256958007813,68.86833190917969,61.88031768798828,69.70760345458984,72.515625,0,0,5,0,0,0,5,5,0,0,11.693412780761719,25769803776,0,17304698880,0
200,1790718783654,4,4,4,4,4,4,4,4,4,4,69.93275451660156,68.4173583984375,68.60256958007813,68.86833190917969,61.88031768798828,69.70760345458984,72.515625,4.761904716491699,0,0,0,0,0,5,0,0,0,11.642925262451172,25769803776,0,17304666112,0
204,1790718783854,4,4,4,4,4,4,4,4,4,4,69.93275451660156,68.4173583984375,68.60256958007813,68.86833190917969,61.88031768798828,69.70760345458984,72.515625,0,0,0,0,0,0,0,9.523809432983398,0,0,11.642925262451172,25769803776,0,17304715264,0
204,1790718784059,4,4,4,4,4,4,4,4,4,4,69.93541717529297,68.49990844726563,68.39786529541016,68.87094116210938,61.52288818359375,69.68582916259766,72.515625,9.523809432983398,4.761904716491699,4.761904716491699,0,0,0,0,5,0,0,11.642925262451172,25769803776,0,17304748032,0
204,1790718784264,4,4,4,4,4,4,4,4,4,4,69.93541717529297,68.49990844726563,68.39786529541016,68.87094116210938,61.52288818359375,69.68582916259766,72.515625,0,4.761904716491699,0,0,0,0,0,9.523809432983398,0,0,11.642925262451172,25769803776,0,17304813568,0
204,1790718784469,4,4,4,4,4,4,4,4,4,4,69.93541717529297,68.49990844726563,68.39786529541016,68.87094116210938,61.52288818359375,69.68582916259766,72.515625,5,0,0,0,0,0,0,5,9.090909004211426,0,11.642925262451172,25769803776,0,17304961024,0
204,1790718784674,4,4,4,4,4,4,4,4,4,4,69.93541717529297,68.49990844726563,68.39786529541016,68.87094116210938,61.52288818359375,69.68582916259766,72.515625,0,0,0,4.545454502105713,0,0,0,9.523809432983398,0,0,11.805343627929688,25769803776,0,17304961024,0
204,1790718784879,4,4,4,4,4,4,4,4,4,4,69.93541717529297,68.49990844726563,68.39786529541016,68.87094116210938,61.52288818359375,69.68582916259766,72.515625,4.761904716491699,0,0,0,0,0,9.523809432983398,0,0,0,11.805343627929688,25769803776,0,17304961024,0
200,1790718785083,4,4,4,4,4,4,4,4,4,4,69.95557403564453,68.5213623046875,68.53887939453125,68.8733901977539,61.733253479003906,69.704833984375,72.515625,5,4.761904716491699,9.523809432983398,5,9.090909004211426,5,0,0,0,0,11.805343627929688,25769803776,0,17289478144,0
204,1790718785284,4,4,4,4,4,4,4,4,4,4,69.95557403564453,68.5213623046875,68.53887939453125,68.8733901977539,61.733253479003906,69.704833984375,72.515625,4.761904716491699,5,0,0,0,0,9.523809432983398,0,0,0,11.805343627929688,25769803776,0,17289560064,0
204,1790718785489,4,4,4,4,4,4,4,4,4,4,69.95557403564453,68.5213623046875,68.53887939453125,68.8733901977539,61.733253479003906,69.704833984375,72.515625,0,0,0,0,0,0,0,5,0,0,11.802936553955078,25769803776,0,17289560064,0
204,1790718785694,4,4,4,4,4,4,4,4,4,4,69.95557403564453,68.5213623046875,68.53887939453125,68.8733901977539,61.733253479003906,69.704833984375,72.515625,9.090909004211426,0,0,0,0,0,4.761904716491699,9.523809432983398,0,0,11.802936553955078,25769803776,0,17289560064,0
204,1790718785899,4,4,4,4,4,4,4,4,4,4,69.95557403564453,68.5213623046875,68.53887939453125,68.8733901977539,61.733253479003906,69.704833984375,72.515625,0,0,0,0,0,0,0,5,0,0,11.802936553955078,25769803776,0,17289560064,0
201,1790718786104,4,4,4,4,4,4,4,4,4,4,69.99034881591797,68.51087951660156,68.5350112915039,68.8853988647461,61.754730224609375,69.72767639160156,72.515625,4.761904716491699,0,0,0,0,0,0,9.523809432983398,0,0,11.802936553955078,25769803776,0,17289920512,0
204,1790718786306,4,4,4,4,4,4,4,4,4,4,69.99034881591797,68.51087951660156,68.5350112915039,68.8853988647461,61.754730224609375,69.72767639160156,72.515625,0,4.761904716491699,4.761904716491699,0,0,0,5,0,4.761904716491699,0,11.802936553955078,25769803776,0,17289920512,0
202,1790718786511,4,4,4,4,4,4,4,4,4,4,69.99034881591797,68.51087951660156,68.5350112915039,68.8853988647461,61.754730224609375,69.72767639160156,72.515625,0,4.761904716491699,0,0,0,0,0,5,0,0,11.793079376220703,25769803776,0,17289920512,0
204,1790718786713,4,4,4,4,4,4,4,4,4,4,69.99034881591797,68.51087951660156,68.5350112915039,68.8853988647461,61.754730224609375,69.72767639160156,72.515625,4.761904716491699,0,4.761904716491699,0,0,0,0,9.523809432983398,0,0,11.793079376220703,25769803776,0,17289871360,0
201,1790718786918,4,4,4,4,4,4,4,4,4,4,69.99034881591797,68.51087951660156,68.5350112915039,68.8853988647461,61.754730224609375,69.72767639160156,72.515625,0,0,0,0,0,0,0,0,0,0,11.793079376220703,25769803776,0,17289871360,0
204,1790718787120,4,4,4,4,4,4,4,4,4,4,69.98588562011719,68.52723693847656,68.48844146728516,68.90126037597656,61.605621337890625,69.72444915771484,72.515625,4.761904716491699,0,0,0,0,0,4.761904716491699,5,0,0,11.793079376220703,25769803776,0,17289854976,0
204,1790718787325,4,4,4,4,4,4,4,4,4,4,69.98588562011719,68.52723693847656,68.48844146728516,68.90126037597656,61.605621337890625,69.72444915771484,72.515625,5,0,0,0,0,0,0,9.090909004211426,0,0,11.793079376220703,25769803776,0,17289805824,0
204,1790718787530,4,4,4,4,4,4,4,4,4,4,69.98588562011719,68.52723693847656,68.48844146728516,68.90126037597656,61.605621337890625,69.72444915771484,72.515625,0,4.545454502105713,0,0,0,0,4.761904716491699,5,0,0,11.818683624267578,25769803776,0,17289805824,0
204,1790718787735,4,4,4,4,4,4,4,4,4,4,69.98588562011719,68.52723693847656,68.48844146728516,68.90126037597656,61.605621337890625,69.72444915771484,72.515625,4.761904716491699,0,0,0,0,0,0,9.523809432983398,4.761904716491699,0,11.818683624267578,25769803776,0,17289805824,0
204,1790718787940,4,4,4,4,4,4,4,4,4,4,69.98588562011719,68.52723693847656,68.48844146728516,68.90126037597656,61.605621337890625,69.72444915771484,72.515625,0,4.761904716491699,0,4.761904716491699,0,0,0,5,4.761904716491699,0,11.818683624267578,25769803776,0,17289805824,0
204,1790718788145,4,4,4,4,4,4,4,4,4,4,70.11846160888672,68.42263793945313,68.59333801269531,68.94542694091797,61.865333557128906,69.85079956054688,76.4375,0,0,0,0,0,0,0,5,0,0,11.818683624267578,25769803776,0,17289789440,0
200,1790718788350,4,4,4,4,4,4,4,4,4,4,70.11846160888672,68.42263793945313,68.59333801269531,68.94542694091797,61.865333557128906,69.85079956054688,76.4375,4.761904716491699,0,0,0,0,0,0,9.523809432983398,0,0,11.818683624267578,25769803776,0,17289773056,0
204,1790718788551,4,4,4,4,4,4,4,4,4,4,70.11846160888672,68.42263793945313,68.59333801269531,68.94542694091797,61.865333557128906,69.85079956054688,76.4375,5,0,0,0,0,0,0,0,0,0,11.854480743408203,25769803776,0,17291640832,0
204,1790718788756,4,4,4,4,4,4,4,4,4,4,70.11846160888672,68.42263793945313,68.59333801269531,68.94542694091797,61.865333557128906,69.85079956054688,76.4375,0,0,4.761904716491699,0,0,0,0,0,5,0,11.854480743408203,25769803776,0,17289773056,0
202,1790718788961,4,4,4,4,4,4,4,4,4,4,70.11846160888672,68.42263793945313,68.59333801269531,68.94542694091797,61.865333557128906,69.85079956054688,76.4375,0,0,0,0,0,0,0,5,0,0,11.854480743408203,25769803776,0,17289773056,0
200,1790718789163,4,4,4,4,4,4,4,4,4,4,70.13507080078125,68.38124084472656,68.37844848632813,68.93621063232422,61.545066833496094,69.91267395019531,72.75,5,5,0,0,0,0,4.761904716491699,10,0,0,11.854480743408203,25769803776,0,17289723904,0
203,1790718789364,4,4,4,4,4,4,4,4,4,4,70.13507080078125,68.38124084472656,68.37844848632813,68.93621063232422,61.545066833496094,69.91267395019531,72.75,0,0,0,0,0,0,4.761904716491699,5,0,0,11.854480743408203,25769803776,0,17289740288,0
204,1790718789568,4,4,4,4,4,4,4,4,4,4,70.13507080078125,68.38124084472656,68.37844848632813,68.93621063232422,61.545066833496094,69.91267395019531,72.75,4.761904716491699,0,0,0,0,0,0,9.523809432983398,0,0,11.782939910888672,25769803776,0,17289740288,0
204,1790718789773,4,4,4,4,4,4,4,4,4,4,70.13507080078125,68.38124084472656,68.37844848632813,68.93621063232422,61.545066833496094,69.91267395019531,72.75,0,0,0,0,0,0,0,0,0,0,11.782939910888672,25769803776,0,17289740288,0
204,1790718789978,4,4,4,4,4,4,4,4,4,4,70.13507080078125,68.38124084472656,68.37844848632813,68.93621063232422,61.545066833496094,69.91267395019531,72.75,5,4.545454502105713,0,4.761904716491699,0,0,0,5,0,0,11.782939910888672,25769803776,0,17289740288,0
204,1790718790183,4,4,4,4,4,4,4,4,4,4,70.04103088378906,68.46275329589844,68.71101379394531,68.9366683959961,61.94157409667969,69.76105499267578,72.515625,4.761904716491699,4.761904716491699,0,0,0,0,0,9.523809432983398,4.545454502105713,0,11.782939910888672,25769803776,0,17289560064,0
204,1790718790388,4,4,4,4,4,4,4,4,4,4,70.04103088378906,68.46275329589844,68.71101379394531,68.9366683959961,61.94157409667969,69.76105499267578,72.515625,0,0,4.761904716491699,0,0,0,5,0,0,0,11.782939910888672,25769803776,0,17288364032,0
204,1790718790593,4,4,4,4,4,4,4,4,4,4,70.04103088378906,68.46275329589844,68.71101379394531,68.9366683959961,61.94157409667969,69.76105499267578,72.515625,4.761904716491699,0,0,0,0,0,0,5,0,0,11.923046112060547,25769803776,0,17288364032,0
204,1790718790798,4,4,4,4,4,4,4,4,4,4,70.04103088378906,68.46275329589844,68.71101379394531,68.9366683959961,61.94157409667969,69.76105499267578,72.515625,0,0,0,0,0,0,4.761904716491699,9.523809432983398,0,0,11.923046112060547,25769803776,0,17288364032,0
204,1790718791003,4,4,4,4,4,4,4,4,4,4,70.07646942138672,68.55503845214844,68.61553955078125,68.9527587890625,61.79473114013672,69.80252075195313,76.203125,0,0,0,0,0,0,0,4.761904716491699,0,0,11.923046112060547,25769803776,0,17288364032,0
201,1790718791208,4,4,4,4,4,4,4,4,4,4,70.07646942138672,68.55503845214844,68.61553955078125,68.9527587890625,61.79473114013672,69.80252075195313,76.203125,4.761904716491699,4.545454502105713,0,0,0,0,5,0,0,0,11.923046112060547,25769803776,0,17288134656,0
204,1790718791410,4,4,4,4,4,4,4,4,4,4,70.07646942138672,68.55503845214844,68.61553955078125,68.9527587890625,61.79473114013672,69.80252075195313,76.203125,5,0,0,0,0,0,4.761904716491699,9.523809432983398,0,0,11.923046112060547,25769803776,0,17288167424,0
202,1790718791615,4,4,4,4,4,4,4,4,4,4,70.07646942138672,68.55503845214844,68.61553955078125,68.9527587890625,61.79473114013672,69.80252075195313,76.203125,5,4.761904716491699,0,0,0,0,0,5,4.545454502105713,0,11.849449157714844,25769803776,0,17288167424,0
204,1790718791817,4,4,4,4,4,4,4,4,4,4,70.07646942138672,68.55503845214844,68.61553955078125,68.9527587890625,61.79473114013672,69.80252075195313,76.203125,0,0,4.761904716491699,0,0,0,5,0,0,0,11.849449157714844,25769803776,0,17288167424,0
204,1790718792022,4,4,4,4,4,4,4,4,4,4,70.04952239990234,68.63491821289063,68.40477752685547,68.93415069580078,61.43304443359375,69.76467895507813,72.515625,9.523809432983398,0,0,0,0,0,4.761904716491699,9.523809432983398,0,0,11.849449157714844,25769803776,0,17288167424,0
204,1790718792227,4,4,4,4,4,4,4,4,4,4,70.04952239990234,68.63491821289063,68.40477752685547,68.93415069580078,61.43304443359375,69.76467895507813,72.515625,25,23.809524536132813,15.000000953674316,19.047618865966797,10,9.523809432983398,0,0,0,0,11.849449157714844,25769803776,0,17307598848,0
204,1790718792432,4,4,4,4,4,4,4,4,4,4,70.04952239990234,68.63491821289063,68.40477752685547,68.93415069580078,61.43304443359375,69.76467895507813,72.515625,5,0,9.090909004211426,5,0,0,0,5,0,0,11.849449157714844,25769803776,0,17307615232,0
204,1790718792637,4,4,4,4,4,4,4,4,4,4,70.04952239990234,68.63491821289063,68.40477752685547,68.93415069580078,61.43304443359375,69.76467895507813,72.515625,15.000000953674316,9.523809432983398,5,5,0,0,0,9.523809432983398,4.761904716491699,0,11.940483093261719,25769803776,0,17307615232,0
204,1790718792842,4,4,4,4,4,4,4,4,4,4,70.04952239990234,68.63491821289063,68.40477752685547,68.93415069580078,61.43304443359375,69.76467895507813,72.515625,9.523809432983398,0,0,13.636363983154297,4.761904716491699,0,0,4.761904716491699,0,0,11.940483093261719,25769803776,0,17307615232,0
204,1790718793047,4,4,4,4,4,4,4,4,4,4,69.86925506591797,68.40371704101563,68.59611511230469,68.78707885742188,61.86290740966797,69.71163177490234,72.515625,0,9.523809432983398,0,0,0,0,0,9.523809432983398,4.761904716491699,0,11.940483093261719,25769803776,0,17307615232,0
204,1790718793252,4,4,4,4,4,4,4,4,4,4,69.86925506591797,68.40371704101563,68.59611511230469,68.78707885742188,61.86290740966797,69.71163177490234,72.515625,5,0,4.761904716491699,0,0,0,4.761904716491699,0,0,0,11.940483093261719,25769803776,0,17307615232,0
203,1790718793457,4,4,4,4,4,4,4,4,4,4,69.86925506591797,68.40371704101563,68.59611511230469,68.78707885742188,61.86290740966797,69.71163177490234,72.515625,4.761904716491699,0,4.761904716491699,0,0,0,0,4.761904716491699,0,0,11.940483093261719,25769803776,0,17307648000,0
204,1790718793660,4,4,4,4,4,4,4,4,4,4,69.86925506591797,68.40371704101563,68.59611511230469,68.78707885742188,61.86290740966797,69.71163177490234,72.515625,4.761904716491699,0,0,0,0,0,0,9.523809432983398,0,0,11.487682342529297,25769803776,0,17307598848,0
204,1790718793865,4,4,4,4,4,4,4,4,4,4,69.86925506591797,68.40371704101563,68.59611511230469,68.78707885742188,61.86290740966797,69.71163177490234,72.515625,0,5,0,0,0,0,0,5,0,0,11.487682342529297,25769803776,0,17307598848,0
204,1790718794070,4,4,4,4,4,4,4,4,4,4,70.3678207397461,68.42072296142578,68.62530517578125,69.0306625366211,61.899330139160156,70.02497100830078,72.75,5,28.571430206298828,0,0,0,0,0,9.523809432983398,0,0,11.487682342529297,25769803776,0,17307549696,0
204,1790718794275,4,4,4,4,4,4,4,4,4,4,70.3678207397461,68.42072296142578,68.62530517578125,69.0306625366211,61.899330139160156,70.02497100830078,72.75,4.761904716491699,42.85714340209961,0,0,0,0,4.761904716491699,5,4.761904716491699,0,11.487682342529297,25769803776,0,17307566080,0
204,1790718794480,4,4,4,4,4,4,4,4,4,4,70.3678207397461,68.42072296142578,68.62530517578125,69.0306625366211,61.899330139160156,70.02497100830078,72.75,0,0,0,0,0,0,0,5,0,0,11.487682342529297,25769803776,0,17307271168,0
204,1790718794685,4,4,4,4,4,4,4,4,4,4,70.3678207397461,68.42072296142578,68.62530517578125,69.0306625366211,61.899330139160156,70.02497100830078,72.75,4.761904716491699,0,0,0,0,0,0,4.761904716491699,0,0,12.04339599609375,25769803776,0,17307271168,0
204,1790718794890,4,4,4,4,4,4,4,4,4,4,70.3678207397461,68.42072296142578,68.62530517578125,69.0306625366211,61.899330139160156,70.02497100830078,72.75,4.761904716491699,0,0,0,0,0,5,4.761904716491699,4.761904716491699,0,12.04339599609375,25769803776,0,17292509184,0
204,1790718795095,4,4,4,4,4,4,4,4,4,4,70.41209411621094,68.69064331054688,68.658203125,69.08332824707031,61.7197265625,70.02886199951172,72.75,0,0,0,0,0,0,0,0,0,0,12.04339599609375,25769803776,0,17292705792,0
200,1790718795300,4,4,4,4,4,4,4,4,4,4,70.41209411621094,68.69064331054688,68.658203125,69.08332824707031,61.7197265625,70.02886199951172,72.75,0,4.761904716491699,0,0,0,0,4.761904716491699,9.523809432983398,0,0,12.04339599609375,25769803776,0,17292705792,0
200,1790718795501,4,4,4,4,4,4,4,4,4,4,70.41209411621094,68.69064331054688,68.658203125,69.08332824707031,61.7197265625,70.02886199951172,72.75,4.761904716491699,0,4.761904716491699,0,0,0,0,5,4.761904716491699,0,12.606117248535156,25769803776,0,17292705792,0
204,1790718795702,4,4,4,4,4,4,4,4,4,4,70.41209411621094,68.69064331054688,68.658203125,69.08332824707031,61.7197265625,70.02886199951172,72.75,15.789472579956055,14.285715103149414,10,10,4.761904716491699,0,4.761904716491699,0,0,0,12.606117248535156,25769803776,0,17292951552,0
204,1790718795907,4,4,4,4,4,4,4,4,4,4,70.41209411621094,68.69064331054688,68.658203125,69.08332824707031,61.7197265625,70.02886199951172,72.75,9.090909004211426,0,0,0,0,0,5,0,0,0,12.606117248535156,25769803776,0,17292967936,0
204,1790718796112,4,4,4,4,4,4,4,4,4,4,70.18234252929688,68.63538360595703,68.64408111572266,68.99275970458984,61.804901123046875,69.88765716552734,72.75,0,0,0,0,0,0,0,9.090909004211426,0,0,12.606117248535156,25769803776,0,17292935168,0
204,1790718796317,4,4,4,4,4,4,4,4,4,4,70.18234252929688,68.63538360595703,68.64408111572266,68.99275970458984,61.804901123046875,69.88765716552734,72.75,0,0,0,4.761904716491699,0,0,0,5,0,0,12.606117248535156,25769803776,0,17292935168,0
204,1790718796522,4,4,4,4,4,4,4,4,4,4,70.18234252929688,68.63538360595703,68.64408111572266,68.99275970458984,61.804901123046875,69.88765716552734,72.75,4.761904716491699,0,0,0,0,0,0,5,0,0,11.923698425292969,25769803776,0,17292935168,0
204,1790718796727,4,4,4,4,4,4,4,4,4,4,70.18234252929688,68.63538360595703,68.64408111572266,68.99275970458984,61.804901123046875,69.88765716552734,72.75,4.761904716491699,0,4.545454502105713,0,0,0,9.523809432983398,4.761904716491699,4.761904716491699,0,11.923698425292969,25769803776,0,17292984320,0
204,1790718796932,4,4,4,4,4,4,4,4,4,4,70.18234252929688,68.63538360595703,68.64408111572266,68.99275970458984,61.804901123046875,69.88765716552734,72.75,4.761904716491699,4.761904716491699,0,0,0,0,0,4.761904716491699,0,0,11.923698425292969,25769803776,0,17292984320,0
200,1790718797137,4,4,4,4,4,4,4,4,4,4,70.27179718017578,68.57097625732422,68.52228546142578,69.02587890625,61.612518310546875,69.96061706542969,72.75,0,4.761904716491699,0,0,0,0,0,0,0,0,11.923698425292969,25769803776,0,17292984320,0
204,1790718797337,4,4,4,4,4,4,4,4,4,4,70.27179718017578,68.57097625732422,68.52228546142578,69.02587890625,61.612518310546875,69.96061706542969,72.75,5,0,0,0,0,0,4.761904716491699,9.523809432983398,0,0,11.923698425292969,25769803776,0,17292967936,0
204,1790718797542,4,4,4,4,4,4,4,4,4,4,70.27179718017578,68.57097625732422,68.52228546142578,69.02587890625,61.612518310546875,69.96061706542969,72.75,5,0,4.761904716491699,0,0,0,0,5,0,0,11.977546691894531,25769803776,0,17291673600,0
204,1790718797748,4,4,4,4,4,4,4,4,4,4,70.27179718017578,68.57097625732422,68.52228546142578,69.02587890625,61.612518310546875,69.96061706542969,72.75,0,0,0,0,0,0,0,5,0,0,11.977546691894531,25769803776,0,17291706368,0
204,1790718797953,4,4,4,4,4,4,4,4,4,4,70.27179718017578,68.57097625732422,68.52228546142578,69.02587890625,61.612518310546875,69.96061706542969,72.75,4.761904716491699,0,0,0,0,0,0,9.090909004211426,0,0,11.977546691894531,25769803776,0,17291706368,0
201,1790718798158,4,4,4,4,4,4,4,4,4,4,70.22938537597656,68.5686264038086,68.80477142333984,69.0474853515625,62.01557159423828,69.9261245727539,74.0625,0,9.090909004211426,0,0,0,0,0,5,0,0,11.977546691894531,25769803776,0,17291706368,0
204,1790718798359,4,4,4,4,4,4,4,4,4,4,70.22938537597656,68.5686264038086,68.80477142333984,69.0474853515625,62.01557159423828,69.9261245727539,74.0625,0,0,0,0,0,0,4.761904716491699,9.523809432983398,4.761904716491699,0,11.977546691894531,25769803776,0,17291608064,0
204,1790718798564,4,4,4,4,4,4,4,4,4,4,70.22938537597656,68.5686264038086,68.80477142333984,69.0474853515625,62.01557159423828,69.9261245727539,74.0625,4.761904716491699,0,0,0,0,0,0,0,0,0,12.04543685913086,25769803776,0,17291821056,0
204,1790718798769,4,4,4,4,4,4,4,4,4,4,70.22938537597656,68.5686264038086,68.80477142333984,69.0474853515625,62.01557159423828,69.9261245727539,74.0625,0,0,0,0,0,0,0,9.523809432983398,4.761904716491699,0,12.04543685913086,25769803776,0,17291870208,0
204,1790718798974,4,4,4,4,4,4,4,4,4,4,70.22938537597656,68.5686264038086,68.80477142333984,69.0474853515625,62.01557159423828,69.9261245727539,74.0625,9.523809432983398,0,4.761904716491699,0,0,0,4.761904716491699,4.761904716491699,0,0,12.04543685913086,25769803776,0,17292050432,0
204,1790718799179,4,4,4,4,4,4,4,4,4,4,70.27843475341797,68.51286315917969,68.7556381225586,69.04806518554688,61.97227478027344,69.9718017578125,72.75,0,5,0,0,0,0,0,5,4.761904716491699,0,12.04543685913086,25769803776,0,17294098432,0
204,1790718799384,4,4,4,4,4,4,4,4,4,4,70.27843475341797,68.51286315917969,68.7556381225586,69.04806518554688,61.97227478027344,69.9718017578125,72.75,0,0,4.545454502105713,0,4.761904716491699,0,0,4.761904716491699,0,0,12.04543685913086,25769803776,0,17292099584,0
204,1790718799589,4,4,4,4,4,4,4,4,4,4,70.27843475341797,68.51286315917969,68.7556381225586,69.04806518554688,61.97227478027344,69.9718017578125,72.75,4.761904716491699,0,0,0,0,4.545454502105713,9.090909004211426,0,0,0,12.121768951416016,25769803776,0,17292115968,0
204,1790718799794,4,4,4,4,4,4,4,4,4,4,70.27843475341797,68.51286315917969,68.7556381225586,69.04806518554688,61.97227478027344,69.9718017578125,72.75,4.761904716491699,5,0,0,0,0,0,5,0,0,12.121768951416016,25769803776,0,17292148736,0
202,1790718800000,4,4,4,4,4,4,4,4,4,4,70.28775024414063,68.63225555419922,68.62574768066406,69.04711151123047,61.680908203125,69.96005249023438,72.75,0,0,0,0,0,0,0,9.090909004211426,0,0,12.121768951416016,25769803776,0,17292148736,0
204,1790718800202,4,4,4,4,4,4,4,4,4,4,70.28775024414063,68.63225555419922,68.62574768066406,69.04711151123047,61.680908203125,69.96005249023438,72.75,5,4.761904716491699,0,0,0,0,0,5,0,0,12.121768951416016,25769803776,0,17292132352,0
204,1790718800407,4,4,4,4,4,4,4,4,4,4,70.28775024414063,68.63225555419922,68.62574768066406,69.04711151123047,61.680908203125,69.96005249023438,72.75,0,0,0,0,0,0,0,0,0,0,12.121768951416016,25769803776,0,17292132352,0
204,1790718800612,4,4,4,4,4,4,4,4,4,4,70.28775024414063,68.63225555419922,68.62574768066406,69.04711151123047,61.680908203125,69.96005249023438,72.75,4.761904716491699,0,0,0,0,0,0,9.523809432983398,4.545454502105713,0,12.139839172363281,25769803776,0,17292132352,0
204,1790718800817,4,4,4,4,4,4,4,4,4,4,70.28775024414063,68.63225555419922,68.62574768066406,69.04711151123047,61.680908203125,69.96005249023438,72.75,0,0,0,0,0,0,4.545454502105713,5,0,0,12.139839172363281,25769803776,0,17292132352,0
204,1790718801022,4,4,4,4,4,4,4,4,4,4,70.31782531738281,68.57479095458984,68.8458480834961,69.0584716796875,62.02672576904297,70.01103210449219,72.75,0,0,0,0,0,0,0,9.523809432983398,0,0,12.139839172363281,25769803776,0,17292132352,0
204,1790718801227,4,4,4,4,4,4,4,4,4,4,70.31782531738281,68.57479095458984,68.8458480834961,69.0584716796875,62.02672576904297,70.01103210449219,72.75,4.761904716491699,0,0,0,0,0,0,4.761904716491699,0,0,12.139839172363281,25769803776,0,17292132352,0
204,1790718801432,4,4,4,4,4,4,4,4,4,4,70.31782531738281,68.57479095458984,68.8458480834961,69.0584716796875,62.02672576904297,70.01103210449219,72.75,0,0,0,0,0,0,0,5,0,0,12.139839172363281,25769803776,0,17291870208,0
204,1790718801637,4,4,4,4,4,4,4,4,4,4,70.31782531738281,68.57479095458984,68.8458480834961,69.0584716796875,62.02672576904297,70.01103210449219,72.75,0,4.761904716491699,0,0,0,0,4.761904716491699,9.523809432983398,0,0,12.137866973876953,25769803776,0,17291984896,0
204,1790718801842,4,4,4,4,4,4,4,4,4,4,70.31782531738281,68.57479095458984,68.8458480834961,69.0584716796875,62.02672576904297,70.01103210449219,72.75,4.761904716491699,0,4.761904716491699,0,0,4.545454502105713,0,5,0,0,12.137866973876953,25769803776,0,17291984896,0
204,1790718802047,4,4,4,4,4,4,4,4,4,4,70.2647705078125,68.57115936279297,68.72917938232422,69.05532836914063,61.855438232421875,69.96994018554688,72.515625,4.761904716491699,4.761904716491699,0,0,0,0,0,5,0,0,12.137866973876953,25769803776,0,17291984896,0
204,1790718802252,4,4,4,4,4,4,4,4,4,4,70.2647705078125,68.57115936279297,68.72917938232422,69.05532836914063,61.855438232421875,69.96994018554688,72.515625,5,0,0,4.761904716491699,0,0,0,4.761904716491699,0,0,12.137866973876953,25769803776,0,17291984896,0
204,1790718802457,4,4,4,4,4,4,4,4,4,4,70.2647705078125,68.57115936279297,68.72917938232422,69.05532836914063,61.855438232421875,69.96994018554688,72.515625,0,0,0,0,0,0,0,5,4.545454502105713,0,12.137866973876953,25769803776,0,17292050432,0
204,1790718802662,4,4,4,4,4,4,4,4,4,4,70.2647705078125,68.57115936279297,68.72917938232422,69.05532836914063,61.855438232421875,69.96994018554688,72.515625,4.761904716491699,0,0,0,0,0,4.761904716491699,9.523809432983398,0,0,12.02145767211914,25769803776,0,17292001280,0
204,1790718802867,4,4,4,4,4,4,4,4,4,4,70.2647705078125,68.57115936279297,68.72917938232422,69.05532836914063,61.855438232421875,69.96994018554688,72.515625,0,0,0,0,0,0,0,5,0,0,12.02145767211914,25769803776,0,17291886592,0
204,1790718803072,4,4,4,4,4,4,4,4,4,4,70.38795471191406,68.55269622802734,68.82008361816406,69.09941101074219,62.02369689941406,70.02978515625,76.90625,0,4.761904716491699,0,0,0,0,0,9.523809432983398,0,0,12.02145767211914,25769803776,0,17291886592,0
204,1790718803277,4,4,4,4,4,4,4,4,4,4,70.38795471191406,68.55269622802734,68.82008361816406,69.09941101074219,62.02369689941406,70.02978515625,76.90625,4.761904716491699,0,0,0,0,0,0,0,0,0,12.02145767211914,25769803776,0,17291886592,0
204,1790718803482,4,4,4,4,4,4,4,4,4,4,70.38795471191406,68.55269622802734,68.82008361816406,69.09941101074219,62.02369689941406,70.02978515625,76.90625,5,5,4.761904716491699,4.761904716491699,0,0,9.523809432983398,0,0,0,12.02145767211914,25769803776,0,17291198464,0
204,1790718803687,4,4,4,4,4,4,4,4,4,4,70.38795471191406,68.55269622802734,68.82008361816406,69.09941101074219,62.02369689941406,70.02978515625,76.90625,4.761904716491699,0,0,0,0,0,0,5,0,0,12.247760772705078,25769803776,0,17289756672,0
204,1790718803892,4,4,4,4,4,4,4,4,4,4,70.38795471191406,68.55269622802734,68.82008361816406,69.09941101074219,62.02369689941406,70.02978515625,76.90625,0,0,4.761904716491699,0,0,0,0,9.090909004211426,0,0,12.247760772705078,25769803776,0,17289609216,0
204,1790718804097,4,4,4,4,4,4,4,4,4,4,70.42206573486328,68.71135711669922,68.74114990234375,69.09387969970703,61.855247497558594,70.0541763305664,72.75,5,4.761904716491699,0,0,0,0,0,0,4.761904716491699,0,12.247760772705078,25769803776,0,17289609216,0
204,1790718804302,4,4,4,4,4,4,4,4,4,4,70.42206573486328,68.71135711669922,68.74114990234375,69.09387969970703,61.855247497558594,70.0541763305664,72.75,4.761904716491699,0,0,0,0,0,0,5,4.761904716491699,0,12.247760772705078,25769803776,0,17289609216,0
204,1790718804507,4,4,4,4,4,4,4,4,4,4,70.42206573486328,68.71135711669922,68.74114990234375,69.09387969970703,61.855247497558594,70.0541763305664,72.75,4.761904716491699,0,0,0,0,0,0,9.523809432983398,0,0,12.204139709472656,25769803776,0,17280057344,0
204,1790718804712,4,4,4,4,4,4,4,4,4,4,70.42206573486328,68.71135711669922,68.74114990234375,69.09387969970703,61.855247497558594,70.0541763305664,72.75,0,0,0,0,0,0,9.523809432983398,0,0,0,12.204139709472656,25769803776,0,17280090112,0
204,1790718804917,4,4,4,4,4,4,4,4,4,4,70.42206573486328,68.71135711669922,68.74114990234375,69.09387969970703,61.855247497558594,70.0541763305664,72.75,4.761904716491699,4.761904716491699,0,0,0,0,5,0,0,0,12.204139709472656,25769803776,0,17279877120,0
204,1790718805122,4,4,4,4,4,4,4,4,4,4,70.42532348632813,68.87075805664063,68.55317687988281,69.10806274414063,61.509254455566406,70.0612564086914,72.75,0,0,0,0,0,0,9.090909004211426,0,4.761904716491699,0,12.204139709472656,25769803776,0,17279877120,0
204,1790718805327,4,4,4,4,4,4,4,4,4,4,70.42532348632813,68.87075805664063,68.55317687988281,69.10806274414063,61.509254455566406,70.0612564086914,72.75,4.761904716491699,0,0,0,0,0,5,0,0,0,12.204139709472656,25769803776,0,17279877120,0
204,1790718805532,4,4,4,4,4,4,4,4,4,4,70.42532348632813,68.87075805664063,68.55317687988281,69.10806274414063,61.509254455566406,70.0612564086914,72.75,4.761904716491699,4.545454502105713,0,4.761904716491699,0,0,9.523809432983398,0,0,0,12.310523986816406,25769803776,0,17279877120,0
204,1790718805737,4,4,4,4,4,4,4,4,4,4,70.42532348632813,68.87075805664063,68.55317687988281,69.10806274414063,61.509254455566406,70.0612564086914,72.75,0,0,0,0,0,0,5,0,0,0,12.310523986816406,25769803776,0,17279893504,0
204,1790718805942,4,4,4,4,4,4,4,4,4,4,70.42532348632813,68.87075805664063,68.55317687988281,69.10806274414063,61.509254455566406,70.0612564086914,72.75,4.761904716491699,4.545454502105713,0,0,0,0,5,4.761904716491699,0,0,12.310523986816406,25769803776,0,17279893504,0
204,1790718806147,4,4,4,4,4,4,4,4,4,4,70.54191589355469,69.15850067138672,68.37964630126953,69.11955261230469,61.146728515625,70.13706970214844,72.75,0,0,0,0,0,0,4.761904716491699,0,4.761904716491699,0,12.310523986816406,25769803776,0,17279893504,0
204,1790718806352,4,4,4,4,4,4,4,4,4,4,70.54191589355469,69.15850067138672,68.37964630126953,69.11955261230469,61.146728515625,70.13706970214844,72.75,4.761904716491699,0,0,0,0,0,5,0,0,0,12.310523986816406,25769803776,0,17279893504,0
204,1790718806557,4,4,4,4,4,4,4,4,4,4,70.54191589355469,69.15850067138672,68.37964630126953,69.11955261230469,61.146728515625,70.13706970214844,72.75,0,0,0,0,0,0,9.523809432983398,0,0,0,12.26083755493164,25769803776,0,17279877120,0
204,1790718806762,4,4,4,4,4,4,4,4,4,4,70.54191589355469,69.15850067138672,68.37964630126953,69.11955261230469,61.146728515625,70.13706970214844,72.75,4.761904716491699,5,9.090909004211426,0,0,0,5,0,0,0,12.26083755493164,25769803776,0,17279909888,0
9,1790718806967,4,4,4,4,4,4,4,4,4,4,70.54191589355469,69.15850067138672,68.37964630126953,69.11955261230469,61.146728515625,70.13706970214844,72.75,5,4.761904716491699,0,0,0,0,4.761904716491699,13.636363983154297,0,0,12.26083755493164,25769803776,0,17278599168,0
