Delta,Time,CPU_FREQUENCY_0,CPU_FREQUENCY_1,CPU_FREQUENCY_2,CPU_FREQUENCY_3,CPU_FREQUENCY_4,CPU_FREQUENCY_5,CPU_FREQUENCY_6,CPU_FREQUENCY_7,CPU_FREQUENCY_8,CPU_FREQUENCY_9,CPU_TEMP_0,CPU_TEMP_1,CPU_TEMP_2,CPU_TEMP_3,CPU_TEMP_4,CPU_TEMP_5,CPU_TEMP_6,CPU_USAGE_0,CPU_USAGE_1,CPU_USAGE_2,CPU_USAGE_3,CPU_USAGE_4,CPU_USAGE_5,CPU_USAGE_6,CPU_USAGE_7,CPU_USAGE_8,CPU_USAGE_9,SYSTEM_POWER (Watts),TOTAL_MEMORY,TOTAL_SWAP,USED_MEMORY,USED_SWAP
0,1790449636755,4,4,4,4,4,4,4,4,4,4,66.67264556884766,67.08108520507813,66.71981811523438,65.90756225585938,59.66509246826172,66.83515167236328,68.140625,NaN,0,0,NaN,0,0,0,0,NaN,0,4.333677768707275,25769803776,2147483648,15177056256,790495232
209,1790449636755,4,4,4,4,4,4,4,4,4,4,66.67264556884766,67.08108520507813,66.71981811523438,65.90756225585938,59.66509246826172,66.83515167236328,68.140625,50,100,NaN,100,NaN,100,NaN,NaN,0,NaN,4.333677768707275,25769803776,2147483648,15177056256,790495232
204,1790449636965,4,4,4,4,4,4,4,4,4,4,66.67264556884766,67.08108520507813,66.71981811523438,65.90756225585938,59.66509246826172,66.83515167236328,68.140625,50,55,15.000000953674316,9.090909004211426,13.636363983154297,22.72727394104004,26.086956024169922,71.42857360839844,0,0,4.333677768707275,25769803776,2147483648,15177056256,790495232
209,1790449637169,4,4,4,4,4,4,4,4,4,4,67.4937515258789,69.41464233398438,71.67196655273438,66.55126190185547,66.48699951171875,67.93799591064453,80.0625,75,25,19.047618865966797,15.789472579956055,5.263157844543457,5,0,100,10,0,4.333677768707275,25769803776,2147483648,15177056256,790495232
209,1790449637379,4,4,4,4,4,4,4,4,4,4,67.4937515258789,69.41464233398438,71.67196655273438,66.55126190185547,66.48699951171875,67.93799591064453,80.0625,38.095237731933594,28.571430206298828,33.333335876464844,14.285715103149414,38.095237731933594,25,4.761904716491699,90.90909576416016,0,0,4.333677768707275,25769803776,2147483648,15177056256,790495232
203,1790449637590,4,4,4,4,4,4,4,4,4,4,67.4937515258789,69.41464233398438,71.67196655273438,66.55126190185547,66.48699951171875,67.93799591064453,80.0625,59.09090805053711,42.85714340209961,15.000000953674316,9.523809432983398,9.523809432983398,9.090909004211426,9.523809432983398,5,0,0,4.333677768707275,25769803776,2147483648,15985623040,790495232
209,1790449637793,4,4,4,4,4,4,4,4,4,4,67.4937515258789,69.41464233398438,71.67196655273438,66.55126190185547,66.48699951171875,67.93799591064453,80.0625,50,50,23.809524536132813,14.285715103149414,15.000000953674316,5,0,9.090909004211426,0,0,4.658672332763672,25769803776,2147483648,15983869952,790495232
203,1790449638003,4,4,4,4,4,4,4,4,4,4,67.4937515258789,69.41464233398438,71.67196655273438,66.55126190185547,66.48699951171875,67.93799591064453,80.0625,70,38.095237731933594,19.047618865966797,9.523809432983398,14.285715103149414,9.523809432983398,0,0,0,0,4.658672332763672,25769803776,2147483648,15980494848,790495232
209,1790449638206,4,4,4,4,4,4,4,4,4,4,74.90065002441406,72.49553680419922,73.6051254272461,72.65206146240234,67.57234954833984,74.28874206542969,80.78125,61.904762268066406,40,20,10,5,5,0,5,0,0,4.658672332763672,25769803776,2147483648,15980494848,790495232
209,1790449638416,4,4,4,4,4,4,4,4,4,4,74.90065002441406,72.49553680419922,73.6051254272461,72.65206146240234,67.57234954833984,74.28874206542969,80.78125,33.333335876464844,47.619049072265625,31.81818199157715,14.285715103149414,19.047618865966797,19.047618865966797,4.545454502105713,9.090909004211426,0,0,4.658672332763672,25769803776,2147483648,15980494848,790495232
209,1790449638626,4,4,4,4,4,4,4,4,4,4,74.90065002441406,72.49553680419922,73.6051254272461,72.65206146240234,67.57234954833984,74.28874206542969,80.78125,52.38095474243164,52.38095474243164,5,4.761904716491699,9.090909004211426,4.761904716491699,0,5,0,0,4.658672332763672,25769803776,2147483648,15979249664,790495232
209,1790449638836,4,4,4,4,4,4,4,4,4,4,74.90065002441406,72.49553680419922,73.6051254272461,72.65206146240234,67.57234954833984,74.28874206542969,80.78125,35,33.333335876464844,18.18181800842285,5,10,27.272727966308594,0,0,0,0,15.89926528930664,25769803776,2147483648,15975514112,790495232
209,1790449639047,4,4,4,4,4,4,4,4,4,4,74.90065002441406,72.49553680419922,73.6051254272461,72.65206146240234,67.57234954833984,74.28874206542969,80.78125,40.90909194946289,45.45454788208008,33.333335876464844,27.272727966308594,13.636363983154297,5.263157844543457,0,4.761904716491699,0,0,15.89926528930664,25769803776,2147483648,15975596032,790495232
205,1790449639257,4,4,4,4,4,4,4,4,4,4,75.94580841064453,72.63420104980469,72.21839904785156,73.8195571899414,65.16841888427734,75.27719116210938,77.015625,66.66667175292969,35,10,0,0,8.69565200805664,9.090909004211426,0,0,0,15.89926528930664,25769803776,2147483648,15948333056,790495232
209,1790449639462,4,4,4,4,4,4,4,4,4,4,75.94580841064453,72.63420104980469,72.21839904785156,73.8195571899414,65.16841888427734,75.27719116210938,77.015625,40,38.095237731933594,35,20,14.285715103149414,10,0,9.523809432983398,0,0,15.89926528930664,25769803776,2147483648,15948333056,790495232
209,1790449639672,4,4,4,4,4,4,4,4,4,4,75.94580841064453,72.63420104980469,72.21839904785156,73.8195571899414,65.16841888427734,75.27719116210938,77.015625,52.38095474243164,50,9.523809432983398,9.090909004211426,4.761904716491699,0,0,0,0,0,20.533180236816406,25769803776,2147483648,15948906496,790495232
209,1790449639882,4,4,4,4,4,4,4,4,4,4,75.94580841064453,72.63420104980469,72.21839904785156,73.8195571899414,65.16841888427734,75.27719116210938,77.015625,38.095237731933594,42.85714340209961,14.285715103149414,10.526315689086914,19.047618865966797,13.636363983154297,0,4.761904716491699,8.69565200805664,0,20.533180236816406,25769803776,2147483648,15945646080,790495232
209,1790449640092,4,4,4,4,4,4,4,4,4,4,75.94580841064453,72.63420104980469,72.21839904785156,73.8195571899414,65.16841888427734,75.27719116210938,77.015625,42.85714340209961,66.66667175292969,18.18181800842285,13.636363983154297,9.523809432983398,9.523809432983398,0,9.090909004211426,0,0,20.533180236816406,25769803776,2147483648,15949529088,790495232
209,1790449640302,4,4,4,4,4,4,4,4,4,4,76.35942077636719,73.05642700195313,72.72996520996094,74.22977447509766,65.83158111572266,75.66407012939453,77.71875,57.142860412597656,28.571430206298828,10,9.523809432983398,15.000000953674316,9.523809432983398,0,4.761904716491699,0,0,20.533180236816406,25769803776,2147483648,15947300864,790495232
209,1790449640512,4,4,4,4,4,4,4,4,4,4,76.35942077636719,73.05642700195313,72.72996520996094,74.22977447509766,65.83158111572266,75.66407012939453,77.71875,47.619049072265625,42.85714340209961,28.571430206298828,9.523809432983398,9.090909004211426,10,0,4.761904716491699,0,0,20.533180236816406,25769803776,2147483648,15944138752,790495232
209,1790449640722,4,4,4,4,4,4,4,4,4,4,76.35942077636719,73.05642700195313,72.72996520996094,74.22977447509766,65.83158111572266,75.66407012939453,77.71875,76.19047546386719,47.619049072265625,33.333335876464844,10,4.761904716491699,9.090909004211426,0,5,0,0,17.547475814819336,25769803776,2147483648,15949807616,790495232
209,1790449640932,4,4,4,4,4,4,4,4,4,4,76.35942077636719,73.05642700195313,72.72996520996094,74.22977447509766,65.83158111572266,75.66407012939453,77.71875,35,40.90909194946289,23.809524536132813,22.72727394104004,33.333335876464844,10,0,4.761904716491699,0,0,17.547475814819336,25769803776,2147483648,15945105408,790495232
209,1790449641142,4,4,4,4,4,4,4,4,4,4,76.7182388305664,73.50213623046875,73.3873519897461,74.58464813232422,66.47911834716797,76.08976745605469,78.203125,63.6363639831543,40,9.523809432983398,9.090909004211426,9.090909004211426,4.761904716491699,0,9.090909004211426,0,0,17.547475814819336,25769803776,2147483648,15950561280,790495232
206,1790449641352,4,4,4,4,4,4,4,4,4,4,76.7182388305664,73.50213623046875,73.3873519897461,74.58464813232422,66.47911834716797,76.08976745605469,78.203125,45,40,28.571430206298828,5,5,4.761904716491699,0,4.761904716491699,0,0,17.547475814819336,25769803776,2147483648,15948496896,790495232
202,1790449641559,4,4,4,4,4,4,4,4,4,4,76.7182388305664,73.50213623046875,73.3873519897461,74.58464813232422,66.47911834716797,76.08976745605469,78.203125,36.3636360168457,42.85714340209961,14.285715103149414,14.285715103149414,9.523809432983398,38.095237731933594,0,0,5,0,17.547475814819336,25769803776,2147483648,15950544896,790495232
202,1790449641762,4,4,4,4,4,4,4,4,4,4,76.7182388305664,73.50213623046875,73.3873519897461,74.58464813232422,66.47911834716797,76.08976745605469,78.203125,65,35,19.047618865966797,5,5,5,0,5,0,0,17.049142837524414,25769803776,2147483648,15951413248,790495232
209,1790449641965,4,4,4,4,4,4,4,4,4,4,76.7182388305664,73.50213623046875,73.3873519897461,74.58464813232422,66.47911834716797,76.08976745605469,78.203125,36.842105865478516,28.571430206298828,21.052631378173828,20,35,14.285715103149414,0,9.090909004211426,0,0,17.049142837524414,25769803776,2147483648,15946416128,790495232
209,1790449642175,4,4,4,4,4,4,4,4,4,4,77.1951904296875,73.81227111816406,73.5718994140625,75.16375732421875,66.54192352294922,76.6756820678711,78.90625,52.38095474243164,42.85714340209961,9.523809432983398,13.636363983154297,9.523809432983398,0,0,0,4.545454502105713,0,17.049142837524414,25769803776,2147483648,15951740928,790495232
209,1790449642385,4,4,4,4,4,4,4,4,4,4,77.1951904296875,73.81227111816406,73.5718994140625,75.16375732421875,66.54192352294922,76.6756820678711,78.90625,47.619049072265625,30.000001907348633,33.333335876464844,5,14.285715103149414,9.090909004211426,0,4.761904716491699,0,0,17.049142837524414,25769803776,2147483648,15949381632,790495232
209,1790449642595,4,4,4,4,4,4,4,4,4,4,77.1951904296875,73.81227111816406,73.5718994140625,75.16375732421875,66.54192352294922,76.6756820678711,78.90625,50,33.333335876464844,42.85714340209961,9.523809432983398,9.523809432983398,14.285715103149414,0,9.090909004211426,0,0,17.049142837524414,25769803776,2147483648,15951659008,790495232
209,1790449642805,4,4,4,4,4,4,4,4,4,4,77.1951904296875,73.81227111816406,73.5718994140625,75.16375732421875,66.54192352294922,76.6756820678711,78.90625,52.38095474243164,40.90909194946289,14.285715103149414,4.761904716491699,4.761904716491699,0,0,4.761904716491699,0,0,16.745256423950195,25769803776,2147483648,15952216064,790495232
209,1790449643015,4,4,4,4,4,4,4,4,4,4,77.1951904296875,73.81227111816406,73.5718994140625,75.16375732421875,66.54192352294922,76.6756820678711,78.90625,40,38.095237731933594,38.095237731933594,19.047618865966797,9.523809432983398,10,4.545454502105713,4.761904716491699,0,0,16.745256423950195,25769803776,2147483648,15946809344,790495232
209,1790449643225,4,4,4,4,4,4,4,4,4,4,77.381103515625,74.18036651611328,73.98274230957031,75.44091796875,66.99561309814453,76.90892028808594,86.203125,50,50,9.523809432983398,4.761904716491699,4.761904716491699,4.545454502105713,0,4.761904716491699,0,0,16.745256423950195,25769803776,2147483648,15952396288,790495232
209,1790449643435,4,4,4,4,4,4,4,4,4,4,77.381103515625,74.18036651611328,73.98274230957031,75.44091796875,66.99561309814453,76.90892028808594,86.203125,45.45454788208008,40.90909194946289,33.333335876464844,9.523809432983398,9.523809432983398,15.000000953674316,0,4.761904716491699,0,0,16.745256423950195,25769803776,2147483648,15949709312,790495232
209,1790449643645,4,4,4,4,4,4,4,4,4,4,77.381103515625,74.18036651611328,73.98274230957031,75.44091796875,66.99561309814453,76.90892028808594,86.203125,33.333335876464844,50,28.571430206298828,9.523809432983398,9.523809432983398,14.285715103149414,0,5,0,0,16.844186782836914,25769803776,2147483648,15949709312,790495232
209,1790449643855,4,4,4,4,4,4,4,4,4,4,77.381103515625,74.18036651611328,73.98274230957031,75.44091796875,66.99561309814453,76.90892028808594,86.203125,47.619049072265625,33.333335876464844,9.523809432983398,15.000000953674316,4.761904716491699,13.636363983154297,0,9.090909004211426,0,0,16.844186782836914,25769803776,2147483648,15950692352,790495232
205,1790449644065,4,4,4,4,4,4,4,4,4,4,77.381103515625,74.18036651611328,73.98274230957031,75.44091796875,66.99561309814453,76.90892028808594,86.203125,42.85714340209961,47.619049072265625,25,13.636363983154297,9.523809432983398,15.000000953674316,0,0,0,0,16.844186782836914,25769803776,2147483648,15950692352,790495232
209,1790449644270,4,4,4,4,4,4,4,4,4,4,77.7318115234375,74.66709899902344,74.41854095458984,75.91276550292969,67.52171325683594,77.35795593261719,79.140625,60.000003814697266,40,23.809524536132813,9.523809432983398,5,4.761904716491699,0,4.761904716491699,0,0,16.844186782836914,25769803776,2147483648,15950692352,790495232
203,1790449644480,4,4,4,4,4,4,4,4,4,4,77.7318115234375,74.66709899902344,74.41854095458984,75.91276550292969,67.52171325683594,77.35795593261719,79.140625,54.54545593261719,23.809524536132813,22.72727394104004,28.571430206298828,13.636363983154297,20,0,0,0,0,16.844186782836914,25769803776,2147483648,15950692352,790495232
209,1790449644684,4,4,4,4,4,4,4,4,4,4,77.7318115234375,74.66709899902344,74.41854095458984,75.91276550292969,67.52171325683594,77.35795593261719,79.140625,36.842105865478516,52.38095474243164,15.000000953674316,10,5,4.761904716491699,0,5,0,0,17.032840728759766,25769803776,2147483648,15950692352,790495232
209,1790449644894,4,4,4,4,4,4,4,4,4,4,77.7318115234375,74.66709899902344,74.41854095458984,75.91276550292969,67.52171325683594,77.35795593261719,79.140625,61.904762268066406,42.85714340209961,20,15.000000953674316,4.761904716491699,14.285715103149414,0,9.090909004211426,0,0,17.032840728759766,25769803776,2147483648,15944138752,790495232
209,1790449645104,4,4,4,4,4,4,4,4,4,4,77.7318115234375,74.66709899902344,74.41854095458984,75.91276550292969,67.52171325683594,77.35795593261719,79.140625,36.3636360168457,36.3636360168457,38.095237731933594,14.285715103149414,5,19.047618865966797,0,4.761904716491699,4.545454502105713,0,17.032840728759766,25769803776,2147483648,15943041024,790495232
209,1790449645314,4,4,4,4,4,4,4,4,4,4,77.98746490478516,74.99533081054688,74.50836181640625,76.2502670288086,67.72769927978516,77.76917266845703,86.09375,55,42.105262756347656,18.18181800842285,9.090909004211426,13.636363983154297,9.090909004211426,0,0,0,0,17.032840728759766,25769803776,2147483648,15943041024,790495232
209,1790449645524,4,4,4,4,4,4,4,4,4,4,77.98746490478516,74.99533081054688,74.50836181640625,76.2502670288086,67.72769927978516,77.76917266845703,86.09375,47.619049072265625,36.3636360168457,15.000000953674316,10,14.285715103149414,38.095237731933594,4.761904716491699,9.090909004211426,0,0,17.032840728759766,25769803776,2147483648,15943041024,790495232
209,1790449645734,4,4,4,4,4,4,4,4,4,4,77.98746490478516,74.99533081054688,74.50836181640625,76.2502670288086,67.72769927978516,77.76917266845703,86.09375,47.619049072265625,47.619049072265625,14.285715103149414,9.090909004211426,0,0,0,4.761904716491699,0,0,17.050275802612305,25769803776,2147483648,15943041024,790495232
209,1790449645944,4,4,4,4,4,4,4,4,4,4,77.98746490478516,74.99533081054688,74.50836181640625,76.2502670288086,67.72769927978516,77.76917266845703,86.09375,47.619049072265625,19.047618865966797,28.571430206298828,4.761904716491699,10,23.809524536132813,0,4.761904716491699,0,0,17.050275802612305,25769803776,2147483648,15942664192,790495232
209,1790449646154,4,4,4,4,4,4,4,4,4,4,78.1380615234375,75.37538146972656,75.06134033203125,76.47761535644531,68.3127670288086,78.17833709716797,79.84375,52.38095474243164,40,14.285715103149414,14.285715103149414,33.333335876464844,9.523809432983398,0,9.090909004211426,0,0,17.050275802612305,25769803776,2147483648,15948775424,790495232
209,1790449646364,4,4,4,4,4,4,4,4,4,4,78.1380615234375,75.37538146972656,75.06134033203125,76.47761535644531,68.3127670288086,78.17833709716797,79.84375,47.619049072265625,52.38095474243164,14.285715103149414,5,4.761904716491699,4.761904716491699,0,0,0,0,17.050275802612305,25769803776,2147483648,15946579968,790495232
206,1790449646574,4,4,4,4,4,4,4,4,4,4,78.1380615234375,75.37538146972656,75.06134033203125,76.47761535644531,68.3127670288086,78.17833709716797,79.84375,38.095237731933594,71.42857360839844,14.285715103149414,13.636363983154297,9.523809432983398,9.523809432983398,0,4.761904716491699,0,0,17.050275802612305,25769803776,2147483648,15946579968,790495232
202,1790449646781,4,4,4,4,4,4,4,4,4,4,78.1380615234375,75.37538146972656,75.06134033203125,76.47761535644531,68.3127670288086,78.17833709716797,79.84375,57.142860412597656,33.333335876464844,14.285715103149414,5,4.761904716491699,4.761904716491699,4.761904716491699,0,0,0,17.33614730834961,25769803776,2147483648,15946579968,790495232
202,1790449646984,4,4,4,4,4,4,4,4,4,4,78.1380615234375,75.37538146972656,75.06134033203125,76.47761535644531,68.3127670288086,78.17833709716797,79.84375,45,38.095237731933594,35,10,15.000000953674316,26.3157901763916,5,4.761904716491699,0,4.761904716491699,17.33614730834961,25769803776,2147483648,15938863104,790495232
209,1790449647187,4,4,4,4,4,4,4,4,4,4,78.34295654296875,75.7814712524414,75.14836883544922,76.93321990966797,68.21721649169922,78.48286437988281,86.796875,40,45,25,5,4.761904716491699,9.090909004211426,4.761904716491699,4.761904716491699,0,0,17.33614730834961,25769803776,2147483648,15943974912,790495232
209,1790449647397,4,4,4,4,4,4,4,4,4,4,78.34295654296875,75.7814712524414,75.14836883544922,76.93321990966797,68.21721649169922,78.48286437988281,86.796875,47.619049072265625,42.85714340209961,28.571430206298828,13.636363983154297,9.523809432983398,4.761904716491699,0,5,0,0,17.33614730834961,25769803776,2147483648,15941976064,790495232
203,1790449647607,4,4,4,4,4,4,4,4,4,4,78.34295654296875,75.7814712524414,75.14836883544922,76.93321990966797,68.21721649169922,78.48286437988281,86.796875,38.095237731933594,33.333335876464844,36.3636360168457,15.000000953674316,22.72727394104004,10,0,0,9.090909004211426,0,17.33614730834961,25769803776,2147483648,15941976064,790495232
202,1790449647810,4,4,4,4,4,4,4,4,4,4,78.34295654296875,75.7814712524414,75.14836883544922,76.93321990966797,68.21721649169922,78.48286437988281,86.796875,57.142860412597656,40,14.285715103149414,4.761904716491699,0,4.761904716491699,0,4.761904716491699,0,0,17.214223861694336,25769803776,2147483648,15941976064,790495232
202,1790449648013,4,4,4,4,4,4,4,4,4,4,78.34295654296875,75.7814712524414,75.14836883544922,76.93321990966797,68.21721649169922,78.48286437988281,86.796875,55,15.789472579956055,5.555555820465088,30.000001907348633,23.809524536132813,20,5,0,0,0,17.214223861694336,25769803776,2147483648,15933751296,790495232
209,1790449648216,4,4,4,4,4,4,4,4,4,4,78.68852233886719,75.91178894042969,75.21646881103516,77.227294921875,68.28059387207031,78.87547302246094,80.796875,52.6315803527832,47.619049072265625,14.285715103149414,5,5,0,0,9.523809432983398,0,0,17.214223861694336,25769803776,2147483648,15938633728,790495232
203,1790449648426,4,4,4,4,4,4,4,4,4,4,78.68852233886719,75.91178894042969,75.21646881103516,77.227294921875,68.28059387207031,78.87547302246094,80.796875,42.85714340209961,33.333335876464844,14.285715103149414,18.18181800842285,15.000000953674316,14.285715103149414,0,0,0,0,17.214223861694336,25769803776,2147483648,15939633152,790495232
209,1790449648630,4,4,4,4,4,4,4,4,4,4,78.68852233886719,75.91178894042969,75.21646881103516,77.227294921875,68.28059387207031,78.87547302246094,80.796875,66.66667175292969,42.85714340209961,15.000000953674316,10.526315689086914,14.285715103149414,14.285715103149414,0,5,0,0,17.214223861694336,25769803776,2147483648,15939485696,790495232
209,1790449648840,4,4,4,4,4,4,4,4,4,4,78.68852233886719,75.91178894042969,75.21646881103516,77.227294921875,68.28059387207031,78.87547302246094,80.796875,60.000003814697266,42.85714340209961,9.523809432983398,8.69565200805664,0,0,0,0,4.545454502105713,0,17.371923446655273,25769803776,2147483648,15939485696,790495232
209,1790449649050,4,4,4,4,4,4,4,4,4,4,78.68852233886719,75.91178894042969,75.21646881103516,77.227294921875,68.28059387207031,78.87547302246094,80.796875,68.18181610107422,23.809524536132813,14.285715103149414,10,19.047618865966797,19.047618865966797,0,9.090909004211426,0,0,17.371923446655273,25769803776,2147483648,15926329344,790495232
204,1790449649260,4,4,4,4,4,4,4,4,4,4,78.79753875732422,76.19757843017578,75.82942199707031,77.52347564697266,69.0890121459961,79.00322723388672,86.796875,61.904762268066406,35,19.047618865966797,4.761904716491699,0,9.090909004211426,0,4.761904716491699,0,0,17.371923446655273,25769803776,2147483648,15932440576,790495232
209,1790449649464,4,4,4,4,4,4,4,4,4,4,78.79753875732422,76.19757843017578,75.82942199707031,77.52347564697266,69.0890121459961,79.00322723388672,86.796875,31.57894515991211,38.095237731933594,33.333335876464844,25,19.047618865966797,20,0,5,0,0,17.371923446655273,25769803776,2147483648,15930769408,790495232
209,1790449649674,4,4,4,4,4,4,4,4,4,4,78.79753875732422,76.19757843017578,75.82942199707031,77.52347564697266,69.0890121459961,79.00322723388672,86.796875,57.142860412597656,47.619049072265625,9.523809432983398,4.761904716491699,4.761904716491699,9.090909004211426,0,9.090909004211426,0,0,17.39006996154785,25769803776,2147483648,15932784640,790495232
209,1790449649884,4,4,4,4,4,4,4,4,4,4,78.79753875732422,76.19757843017578,75.82942199707031,77.52347564697266,69.0890121459961,79.00322723388672,86.796875,50,28.571430206298828,15.000000953674316,19.047618865966797,15.000000953674316,0,4.545454502105713,0,0,0,17.39006996154785,25769803776,2147483648,15932784640,790495232
209,1790449650094,4,4,4,4,4,4,4,4,4,4,78.79753875732422,76.19757843017578,75.82942199707031,77.52347564697266,69.0890121459961,79.00322723388672,86.796875,52.38095474243164,35,19.047618865966797,19.047618865966797,9.523809432983398,18.18181800842285,0,4.761904716491699,0,0,17.39006996154785,25769803776,2147483648,15927476224,790495232
209,1790449650304,4,4,4,4,4,4,4,4,4,4,78.90066528320313,76.36921691894531,75.95048522949219,77.6474838256836,69.06705474853516,79.14033508300781,80.796875,50,47.619049072265625,22.72727394104004,4.761904716491699,4.761904716491699,0,0,9.090909004211426,0,0,17.39006996154785,25769803776,2147483648,15933538304,790495232
209,1790449650514,4,4,4,4,4,4,4,4,4,4,78.90066528320313,76.36921691894531,75.95048522949219,77.6474838256836,69.06705474853516,79.14033508300781,80.796875,33.333335876464844,40.90909194946289,30.000001907348633,14.285715103149414,19.047618865966797,23.809524536132813,0,0,4.761904716491699,0,17.39006996154785,25769803776,2147483648,15933538304,790495232
209,1790449650724,4,4,4,4,4,4,4,4,4,4,78.90066528320313,76.36921691894531,75.95048522949219,77.6474838256836,69.06705474853516,79.14033508300781,80.796875,61.904762268066406,38.095237731933594,9.523809432983398,4.761904716491699,9.090909004211426,4.545454502105713,0,4.761904716491699,0,0,17.49523162841797,25769803776,2147483648,15933538304,790495232
209,1790449650934,4,4,4,4,4,4,4,4,4,4,78.90066528320313,76.36921691894531,75.95048522949219,77.6474838256836,69.06705474853516,79.14033508300781,80.796875,54.54545593261719,30.000001907348633,14.285715103149414,4.761904716491699,20,5,0,4.761904716491699,0,0,17.49523162841797,25769803776,2147483648,15933538304,790495232
206,1790449651144,4,4,4,4,4,4,4,4,4,4,79.37815856933594,76.60655975341797,76.13398742675781,78.0145492553711,69.25362396240234,79.7240219116211,83.96875,47.619049072265625,47.619049072265625,18.18181800842285,10,28.571430206298828,13.636363983154297,0,4.761904716491699,0,0,17.49523162841797,25769803776,2147483648,15934914560,790495232
202,1790449651351,4,4,4,4,4,4,4,4,4,4,79.37815856933594,76.60655975341797,76.13398742675781,78.0145492553711,69.25362396240234,79.7240219116211,83.96875,55,47.619049072265625,10.526315689086914,4.761904716491699,0,0,0,5,0,0,17.49523162841797,25769803776,2147483648,15929573376,790495232
209,1790449651554,4,4,4,4,4,4,4,4,4,4,79.37815856933594,76.60655975341797,76.13398742675781,78.0145492553711,69.25362396240234,79.7240219116211,83.96875,30.000001907348633,20,42.85714340209961,14.285715103149414,33.333335876464844,27.272727966308594,4.761904716491699,4.761904716491699,0,0,17.49523162841797,25769803776,2147483648,15929573376,790495232
203,1790449651764,4,4,4,4,4,4,4,4,4,4,79.37815856933594,76.60655975341797,76.13398742675781,78.0145492553711,69.25362396240234,79.7240219116211,83.96875,61.904762268066406,38.095237731933594,14.285715103149414,4.761904716491699,0,0,0,9.090909004211426,0,0,17.565031051635742,25769803776,2147483648,15929573376,790495232
209,1790449651967,4,4,4,4,4,4,4,4,4,4,79.37815856933594,76.60655975341797,76.13398742675781,78.0145492553711,69.25362396240234,79.7240219116211,83.96875,52.38095474243164,42.85714340209961,14.285715103149414,20,9.523809432983398,5,0,0,0,0,17.565031051635742,25769803776,2147483648,15929573376,790495232
209,1790449652177,4,4,4,4,4,4,4,4,4,4,79.46333312988281,76.84989166259766,76.4459457397461,78.1906509399414,69.61408996582031,79.7193603515625,81.265625,47.619049072265625,60.000003814697266,15.000000953674316,14.285715103149414,5,9.523809432983398,0,4.761904716491699,0,0,17.565031051635742,25769803776,2147483648,15936684032,790495232
207,1790449652387,4,4,4,4,4,4,4,4,4,4,79.46333312988281,76.84989166259766,76.4459457397461,78.1906509399414,69.61408996582031,79.7193603515625,81.265625,60.000003814697266,42.85714340209961,10,0,13.636363983154297,9.523809432983398,4.545454502105713,4.761904716491699,0,0,17.565031051635742,25769803776,2147483648,15934717952,790495232
204,1790449652595,4,4,4,4,4,4,4,4,4,4,79.46333312988281,76.84989166259766,76.4459457397461,78.1906509399414,69.61408996582031,79.7193603515625,81.265625,52.38095474243164,50,14.285715103149414,13.636363983154297,5,14.285715103149414,0,9.523809432983398,4.545454502105713,0,17.565031051635742,25769803776,2147483648,15931572224,790495232
202,1790449652800,4,4,4,4,4,4,4,4,4,4,79.46333312988281,76.84989166259766,76.4459457397461,78.1906509399414,69.61408996582031,79.7193603515625,81.265625,65,35,14.285715103149414,10,5,5,0,5,0,0,17.427452087402344,25769803776,2147483648,15931572224,790495232
209,1790449653003,4,4,4,4,4,4,4,4,4,4,79.46333312988281,76.84989166259766,76.4459457397461,78.1906509399414,69.61408996582031,79.7193603515625,81.265625,38.095237731933594,26.3157901763916,15.000000953674316,42.85714340209961,19.047618865966797,20,0,0,0,0,17.427452087402344,25769803776,2147483648,15931572224,790495232
209,1790449653213,4,4,4,4,4,4,4,4,4,4,79.90222930908203,77.29908752441406,76.66539764404297,78.4357681274414,69.79121398925781,80.00129699707031,83.03125,38.095237731933594,66.66667175292969,14.285715103149414,0,4.761904716491699,4.545454502105713,5,4.545454502105713,4.761904716491699,0,17.427452087402344,25769803776,2147483648,15937912832,790495232
209,1790449653423,4,4,4,4,4,4,4,4,4,4,79.90222930908203,77.29908752441406,76.66539764404297,78.4357681274414,69.79121398925781,80.00129699707031,83.03125,57.894737243652344,38.095237731933594,22.72727394104004,4.761904716491699,4.761904716491699,4.761904716491699,0,4.761904716491699,0,0,17.427452087402344,25769803776,2147483648,15936290816,790495232
209,1790449653633,4,4,4,4,4,4,4,4,4,4,79.90222930908203,77.29908752441406,76.66539764404297,78.4357681274414,69.79121398925781,80.00129699707031,83.03125,40.90909194946289,33.333335876464844,15.000000953674316,13.636363983154297,14.285715103149414,30.000001907348633,4.545454502105713,0,0,0,17.427452087402344,25769803776,2147483648,15936290816,790495232
209,1790449653843,4,4,4,4,4,4,4,4,4,4,79.90222930908203,77.29908752441406,76.66539764404297,78.4357681274414,69.79121398925781,80.00129699707031,83.03125,61.904762268066406,38.095237731933594,18.18181800842285,9.523809432983398,5,9.090909004211426,0,9.090909004211426,0,4.545454502105713,17.629600524902344,25769803776,2147483648,15936290816,790495232
204,1790449654053,4,4,4,4,4,4,4,4,4,4,79.90222930908203,77.29908752441406,76.66539764404297,78.4357681274414,69.79121398925781,80.00129699707031,83.03125,61.904762268066406,23.809524536132813,28.571430206298828,5,23.809524536132813,5.263157844543457,0,4.761904716491699,0,4.545454502105713,17.629600524902344,25769803776,2147483648,15936290816,790495232
209,1790449654257,4,4,4,4,4,4,4,4,4,4,81.5368423461914,78.09331512451172,77.51020812988281,79.39181518554688,70.89176940917969,81.38796997070313,86.5625,57.142860412597656,40,10,9.523809432983398,9.090909004211426,9.090909004211426,0,5,0,0,17.629600524902344,25769803776,2147483648,15938945024,790495232
209,1790449654467,4,4,4,4,4,4,4,4,4,4,81.5368423461914,78.09331512451172,77.51020812988281,79.39181518554688,70.89176940917969,81.38796997070313,86.5625,55,31.81818199157715,15.000000953674316,19.047618865966797,5,4.761904716491699,0,9.523809432983398,0,0,17.629600524902344,25769803776,2147483648,15937421312,790495232
206,1790449654677,4,4,4,4,4,4,4,4,4,4,81.5368423461914,78.09331512451172,77.51020812988281,79.39181518554688,70.89176940917969,81.38796997070313,86.5625,45,35,27.272727966308594,28.571430206298828,14.285715103149414,14.285715103149414,4.545454502105713,4.761904716491699,4.545454502105713,0,21.997896194458008,25769803776,2147483648,15939436544,790495232
205,1790449654884,4,4,4,4,4,4,4,4,4,4,81.5368423461914,78.09331512451172,77.51020812988281,79.39181518554688,70.89176940917969,81.38796997070313,86.5625,61.904762268066406,42.85714340209961,10,4.761904716491699,4.761904716491699,0,0,5,0,0,21.997896194458008,25769803776,2147483648,15939616768,790495232
209,1790449655090,4,4,4,4,4,4,4,4,4,4,81.5368423461914,78.09331512451172,77.51020812988281,79.39181518554688,70.89176940917969,81.38796997070313,86.5625,52.38095474243164,23.809524536132813,14.285715103149414,35,10,19.047618865966797,0,4.761904716491699,4.761904716491699,0,21.997896194458008,25769803776,2147483648,15938568192,790495232
207,1790449655300,4,4,4,4,4,4,4,4,4,4,80.96271514892578,78.3288345336914,77.83057403564453,79.12761688232422,71.14641571044922,81.0206527709961,82.671875,50,52.38095474243164,40,5,4.761904716491699,4.761904716491699,0,9.523809432983398,0,0,21.997896194458008,25769803776,2147483648,15931768832,790495232
209,1790449655507,4,4,4,4,4,4,4,4,4,4,80.96271514892578,78.3288345336914,77.83057403564453,79.12761688232422,71.14641571044922,81.0206527709961,82.671875,35,47.619049072265625,28.571430206298828,9.523809432983398,19.047618865966797,5,0,4.761904716491699,0,0,21.997896194458008,25769803776,2147483648,15930474496,790495232
209,1790449655717,4,4,4,4,4,4,4,4,4,4,80.96271514892578,78.3288345336914,77.83057403564453,79.12761688232422,71.14641571044922,81.0206527709961,82.671875,35,65,14.285715103149414,23.809524536132813,9.523809432983398,13.636363983154297,4.545454502105713,4.761904716491699,0,0,21.157644271850586,25769803776,2147483648,15932358656,790495232
209,1790449655927,4,4,4,4,4,4,4,4,4,4,80.96271514892578,78.3288345336914,77.83057403564453,79.12761688232422,71.14641571044922,81.0206527709961,82.671875,47.619049072265625,52.38095474243164,13.636363983154297,0,4.545454502105713,0,0,9.523809432983398,0,0,21.157644271850586,25769803776,2147483648,15933014016,790495232
209,1790449656137,4,4,4,4,4,4,4,4,4,4,80.96271514892578,78.3288345336914,77.83057403564453,79.12761688232422,71.14641571044922,81.0206527709961,82.671875,28.571430206298828,38.095237731933594,45,19.047618865966797,20,13.636363983154297,0,0,0,0,21.157644271850586,25769803776,2147483648,15933014016,790495232
209,1790449656347,4,4,4,4,4,4,4,4,4,4,79.21321105957031,77.77235412597656,77.28836822509766,78.13802337646484,70.65538024902344,79.6946792602539,84.203125,50,47.619049072265625,18.18181800842285,4.761904716491699,0,0,0,9.090909004211426,0,0,21.157644271850586,25769803776,2147483648,15932932096,790495232
209,1790449656557,4,4,4,4,4,4,4,4,4,4,79.21321105957031,77.77235412597656,77.28836822509766,78.13802337646484,70.65538024902344,79.6946792602539,84.203125,40,38.095237731933594,14.285715103149414,23.809524536132813,10,14.285715103149414,4.545454502105713,4.761904716491699,4.545454502105713,0,21.157644271850586,25769803776,2147483648,15931490304,790495232
209,1790449656767,4,4,4,4,4,4,4,4,4,4,79.21321105957031,77.77235412597656,77.28836822509766,78.13802337646484,70.65538024902344,79.6946792602539,84.203125,50,52.38095474243164,19.047618865966797,14.285715103149414,13.636363983154297,9.523809432983398,0,9.090909004211426,0,0,17.22307586669922,25769803776,2147483648,15931490304,790495232
209,1790449656977,4,4,4,4,4,4,4,4,4,4,79.21321105957031,77.77235412597656,77.28836822509766,78.13802337646484,70.65538024902344,79.6946792602539,84.203125,60.000003814697266,42.85714340209961,14.285715103149414,4.545454502105713,0,4.761904716491699,0,0,0,0,17.22307586669922,25769803776,2147483648,15931490304,790495232
202,1790449657187,4,4,4,4,4,4,4,4,4,4,78.97843933105469,77.43682861328125,76.91352081298828,77.84693145751953,70.1962661743164,79.47759246826172,83.734375,40.90909194946289,65,20,10,14.285715103149414,13.636363983154297,0,4.545454502105713,4.761904716491699,0,17.22307586669922,25769803776,2147483648,15931490304,790495232
209,1790449657390,4,4,4,4,4,4,4,4,4,4,78.97843933105469,77.43682861328125,76.91352081298828,77.84693145751953,70.1962661743164,79.47759246826172,83.734375,65,33.333335876464844,14.285715103149414,4.761904716491699,5,0,0,5,0,0,17.22307586669922,25769803776,2147483648,15934668800,790495232
209,1790449657600,4,4,4,4,4,4,4,4,4,4,78.97843933105469,77.43682861328125,76.91352081298828,77.84693145751953,70.1962661743164,79.47759246826172,83.734375,47.619049072265625,30.000001907348633,33.333335876464844,9.523809432983398,4.761904716491699,18.18181800842285,0,4.761904716491699,0,0,17.22307586669922,25769803776,2147483648,15932637184,790495232
200,1790449657810,4,4,4,4,4,4,4,4,4,4,78.97843933105469,77.43682861328125,76.91352081298828,77.84693145751953,70.1962661743164,79.47759246826172,83.734375,45,50,30.000001907348633,14.285715103149414,9.523809432983398,14.285715103149414,0,4.761904716491699,0,0,16.79630470275879,25769803776,2147483648,15935209472,790495232
209,1790449658010,4,4,4,4,4,4,4,4,4,4,78.97843933105469,77.43682861328125,76.91352081298828,77.84693145751953,70.1962661743164,79.47759246826172,83.734375,65,36.842105865478516,15.000000953674316,0,5,5,4.761904716491699,9.523809432983398,0,0,16.79630470275879,25769803776,2147483648,15933243392,790495232
209,1790449658221,4,4,4,4,4,4,4,4,4,4,79.3075180053711,77.63691711425781,77.11981964111328,78.15266418457031,70.47949981689453,79.79264068603516,84.671875,33.333335876464844,42.85714340209961,28.571430206298828,9.523809432983398,9.523809432983398,23.809524536132813,0,5,0,0,16.79630470275879,25769803776,2147483648,15930146816,790495232
209,1790449658431,4,4,4,4,4,4,4,4,4,4,79.3075180053711,77.63691711425781,77.11981964111328,78.15266418457031,70.47949981689453,79.79264068603516,84.671875,66.66667175292969,33.333335876464844,9.523809432983398,4.761904716491699,4.761904716491699,0,4.761904716491699,4.761904716491699,0,0,16.79630470275879,25769803776,2147483648,15936094208,790495232
209,1790449658641,4,4,4,4,4,4,4,4,4,4,79.3075180053711,77.63691711425781,77.11981964111328,78.15266418457031,70.47949981689453,79.79264068603516,84.671875,54.54545593261719,54.54545593261719,19.047618865966797,18.18181800842285,14.285715103149414,19.047618865966797,0,9.090909004211426,4.761904716491699,0,16.79630470275879,25769803776,2147483648,15931801600,790495232
209,1790449658851,4,4,4,4,4,4,4,4,4,4,79.3075180053711,77.63691711425781,77.11981964111328,78.15266418457031,70.47949981689453,79.79264068603516,84.671875,35,55,28.571430206298828,0,0,4.545454502105713,0,0,0,0,17.934646606445313,25769803776,2147483648,15936536576,790495232
200,1790449659061,4,4,4,4,4,4,4,4,4,4,79.3075180053711,77.63691711425781,77.11981964111328,78.15266418457031,70.47949981689453,79.79264068603516,84.671875,50,38.095237731933594,27.272727966308594,9.523809432983398,9.090909004211426,9.090909004211426,0,4.545454502105713,0,0,17.934646606445313,25769803776,2147483648,15934603264,790495232
209,1790449659261,4,4,4,4,4,4,4,4,4,4,79.46469116210938,77.83480834960938,77.03866577148438,78.35252380371094,70.34600830078125,79.87310791015625,85.140625,33.333335876464844,30.000001907348633,47.36842346191406,10,20,5.555555820465088,0,5,0,0,17.934646606445313,25769803776,2147483648,15934603264,790495232
209,1790449659471,4,4,4,4,4,4,4,4,4,4,79.46469116210938,77.83480834960938,77.03866577148438,78.35252380371094,70.34600830078125,79.87310791015625,85.140625,57.142860412597656,42.85714340209961,14.285715103149414,4.761904716491699,4.761904716491699,9.090909004211426,9.090909004211426,4.761904716491699,0,0,17.934646606445313,25769803776,2147483648,15939305472,790495232
209,1790449659681,4,4,4,4,4,4,4,4,4,4,79.46469116210938,77.83480834960938,77.03866577148438,78.35252380371094,70.34600830078125,79.87310791015625,85.140625,38.095237731933594,50,25,14.285715103149414,28.571430206298828,14.285715103149414,0,4.761904716491699,0,0,18.155170440673828,25769803776,2147483648,15932997632,790495232
209,1790449659891,4,4,4,4,4,4,4,4,4,4,79.46469116210938,77.83480834960938,77.03866577148438,78.35252380371094,70.34600830078125,79.87310791015625,85.140625,45,54.54545593261719,13.636363983154297,4.761904716491699,0,4.761904716491699,0,4.761904716491699,0,0,18.155170440673828,25769803776,2147483648,15937880064,790495232
209,1790449660101,4,4,4,4,4,4,4,4,4,4,79.46469116210938,77.83480834960938,77.03866577148438,78.35252380371094,70.34600830078125,79.87310791015625,85.140625,57.142860412597656,33.333335876464844,14.285715103149414,19.047618865966797,4.761904716491699,5,4.545454502105713,4.761904716491699,4.761904716491699,0,18.155170440673828,25769803776,2147483648,15937880064,790495232
209,1790449660311,4,4,4,4,4,4,4,4,4,4,79.54776000976563,77.94867706298828,77.23947143554688,78.37515258789063,70.57251739501953,79.9767837524414,82.203125,57.142860412597656,38.095237731933594,18.18181800842285,13.636363983154297,15.000000953674316,18.18181800842285,0,9.523809432983398,0,0,18.155170440673828,25769803776,2147483648,15937880064,790495232
209,1790449660521,4,4,4,4,4,4,4,4,4,4,79.54776000976563,77.94867706298828,77.23947143554688,78.37515258789063,70.57251739501953,79.9767837524414,82.203125,59.09090805053711,40,15.000000953674316,4.761904716491699,9.090909004211426,4.761904716491699,0,4.761904716491699,4.545454502105713,4.545454502105713,18.155170440673828,25769803776,2147483648,15939469312,790495232
209,1790449660731,4,4,4,4,4,4,4,4,4,4,79.54776000976563,77.94867706298828,77.23947143554688,78.37515258789063,70.57251739501953,79.9767837524414,82.203125,28.571430206298828,27.272727966308594,28.571430206298828,30.000001907348633,19.047618865966797,25,4.545454502105713,9.090909004211426,0,0,17.98771858215332,25769803776,2147483648,15933833216,790495232
209,1790449660941,4,4,4,4,4,4,4,4,4,4,79.54776000976563,77.94867706298828,77.23947143554688,78.37515258789063,70.57251739501953,79.9767837524414,82.203125,61.904762268066406,38.095237731933594,9.523809432983398,0,5,0,0,0,0,0,17.98771858215332,25769803776,2147483648,15939420160,790495232
209,1790449661151,4,4,4,4,4,4,4,4,4,4,79.59912109375,77.88350677490234,77.3113021850586,78.45452880859375,70.68389892578125,79.99488067626953,81.734375,42.85714340209961,23.809524536132813,31.81818199157715,22.72727394104004,18.18181800842285,9.090909004211426,0,4.761904716491699,0,0,17.98771858215332,25769803776,2147483648,15939420160,790495232
209,1790449661361,4,4,4,4,4,4,4,4,4,4,79.59912109375,77.88350677490234,77.3113021850586,78.45452880859375,70.68389892578125,79.99488067626953,81.734375,50,38.095237731933594,35,10,9.523809432983398,10,0,4.761904716491699,0,0,17.98771858215332,25769803776,2147483648,15939420160,790495232
209,1790449661571,4,4,4,4,4,4,4,4,4,4,79.59912109375,77.88350677490234,77.3113021850586,78.45452880859375,70.68389892578125,79.99488067626953,81.734375,52.38095474243164,50,14.285715103149414,4.761904716491699,4.761904716491699,9.090909004211426,0,4.761904716491699,0,4.545454502105713,17.98771858215332,25769803776,2147483648,15934832640,790495232
209,1790449661781,4,4,4,4,4,4,4,4,4,4,79.59912109375,77.88350677490234,77.3113021850586,78.45452880859375,70.68389892578125,79.99488067626953,81.734375,45,33.333335876464844,14.285715103149414,33.333335876464844,19.047618865966797,10,0,9.523809432983398,0,0,17.973018646240234,25769803776,2147483648,15934849024,790495232
209,1790449661991,4,4,4,4,4,4,4,4,4,4,79.59912109375,77.88350677490234,77.3113021850586,78.45452880859375,70.68389892578125,79.99488067626953,81.734375,50,52.38095474243164,5,0,0,9.090909004211426,0,4.761904716491699,0,0,17.973018646240234,25769803776,2147483648,15940829184,790495232
209,1790449662201,4,4,4,4,4,4,4,4,4,4,79.75852966308594,77.96573638916016,77.54518127441406,78.54246520996094,70.93152618408203,80.11074829101563,85.390625,57.142860412597656,38.095237731933594,14.285715103149414,13.636363983154297,14.285715103149414,10,4.545454502105713,9.090909004211426,0,0,17.973018646240234,25769803776,2147483648,15941173248,790495232
209,1790449662411,4,4,4,4,4,4,4,4,4,4,79.75852966308594,77.96573638916016,77.54518127441406,78.54246520996094,70.93152618408203,80.11074829101563,85.390625,45.45454788208008,47.619049072265625,14.285715103149414,5,27.272727966308594,13.636363983154297,5,0,0,0,17.973018646240234,25769803776,2147483648,15941173248,790495232
209,1790449662621,4,4,4,4,4,4,4,4,4,4,79.75852966308594,77.96573638916016,77.54518127441406,78.54246520996094,70.93152618408203,80.11074829101563,85.390625,40,47.619049072265625,14.285715103149414,9.523809432983398,4.761904716491699,15.000000953674316,4.545454502105713,5,4.761904716491699,0,17.973018646240234,25769803776,2147483648,15939616768,790495232
209,1790449662831,4,4,4,4,4,4,4,4,4,4,79.75852966308594,77.96573638916016,77.54518127441406,78.54246520996094,70.93152618408203,80.11074829101563,85.390625,38.095237731933594,33.333335876464844,19.047618865966797,5,28.571430206298828,28.571430206298828,0,9.090909004211426,0,0,18.000871658325195,25769803776,2147483648,15936176128,790495232
209,1790449663041,4,4,4,4,4,4,4,4,4,4,79.75852966308594,77.96573638916016,77.54518127441406,78.54246520996094,70.93152618408203,80.11074829101563,85.390625,60.000003814697266,33.333335876464844,13.636363983154297,9.090909004211426,0,4.761904716491699,0,0,4.545454502105713,0,18.000871658325195,25769803776,2147483648,15942254592,790495232
209,1790449663251,4,4,4,4,4,4,4,4,4,4,79.84671783447266,77.9764175415039,77.31575012207031,78.57097625732422,70.53457641601563,80.17481994628906,81.734375,45.45454788208008,52.38095474243164,20,18.18181800842285,14.285715103149414,28.571430206298828,0,9.090909004211426,0,0,18.000871658325195,25769803776,2147483648,15937847296,790495232
209,1790449663461,4,4,4,4,4,4,4,4,4,4,79.84671783447266,77.9764175415039,77.31575012207031,78.57097625732422,70.53457641601563,80.17481994628906,81.734375,40,65,9.090909004211426,0,4.761904716491699,4.761904716491699,0,4.761904716491699,0,0,18.000871658325195,25769803776,2147483648,15944876032,790495232
209,1790449663671,4,4,4,4,4,4,4,4,4,4,79.84671783447266,77.9764175415039,77.31575012207031,78.57097625732422,70.53457641601563,80.17481994628906,81.734375,38.095237731933594,45.45454788208008,25,14.285715103149414,4.761904716491699,9.523809432983398,0,5,0,0,17.890806198120117,25769803776,2147483648,15940911104,790495232
209,1790449663881,4,4,4,4,4,4,4,4,4,4,79.84671783447266,77.9764175415039,77.31575012207031,78.57097625732422,70.53457641601563,80.17481994628906,81.734375,40.90909194946289,42.85714340209961,28.571430206298828,15.000000953674316,10,9.523809432983398,0,9.090909004211426,0,0,17.890806198120117,25769803776,2147483648,15943368704,790495232
209,1790449664091,4,4,4,4,4,4,4,4,4,4,79.84671783447266,77.9764175415039,77.31575012207031,78.57097625732422,70.53457641601563,80.17481994628906,81.734375,57.142860412597656,40,22.72727394104004,9.090909004211426,4.761904716491699,4.761904716491699,4.545454502105713,4.761904716491699,0,0,17.890806198120117,25769803776,2147483648,15943467008,790495232
209,1790449664301,4,4,4,4,4,4,4,4,4,4,79.94213104248047,78.01937103271484,77.57425689697266,78.60225677490234,70.88400268554688,80.23416137695313,81.96875,47.619049072265625,33.333335876464844,15.000000953674316,28.571430206298828,22.72727394104004,19.047618865966797,0,9.523809432983398,0,0,17.890806198120117,25769803776,2147483648,15943467008,790495232
209,1790449664511,4,4,4,4,4,4,4,4,4,4,79.94213104248047,78.01937103271484,77.57425689697266,78.60225677490234,70.88400268554688,80.23416137695313,81.96875,70,57.142860412597656,47.619049072265625,28.571430206298828,25,33.333335876464844,0,9.090909004211426,0,0,17.890806198120117,25769803776,2147483648,15943467008,790495232
209,1790449664721,4,4,4,4,4,4,4,4,4,4,79.94213104248047,78.01937103271484,77.57425689697266,78.60225677490234,70.88400268554688,80.23416137695313,81.96875,76.19047546386719,61.904762268066406,66.66667175292969,35,23.809524536132813,13.636363983154297,4.545454502105713,5,0,0,17.982332229614258,25769803776,2147483648,15967207424,790495232
209,1790449664931,4,4,4,4,4,4,4,4,4,4,79.94213104248047,78.01937103271484,77.57425689697266,78.60225677490234,70.88400268554688,80.23416137695313,81.96875,57.142860412597656,38.095237731933594,19.047618865966797,14.285715103149414,19.047618865966797,20,0,0,0,0,17.982332229614258,25769803776,2147483648,15948906496,790495232
209,1790449665142,4,4,4,4,4,4,4,4,4,4,80.02180480957031,78.31425476074219,77.60026550292969,78.62886810302734,70.75656127929688,80.33208465576172,81.96875,57.142860412597656,42.85714340209961,14.285715103149414,9.090909004211426,4.761904716491699,0,0,0,8.69565200805664,0,17.982332229614258,25769803776,2147483648,15947104256,790495232
209,1790449665352,4,4,4,4,4,4,4,4,4,4,80.02180480957031,78.31425476074219,77.60026550292969,78.62886810302734,70.75656127929688,80.33208465576172,81.96875,57.142860412597656,38.095237731933594,38.095237731933594,19.047618865966797,14.285715103149414,28.571430206298828,0,9.523809432983398,0,0,17.982332229614258,25769803776,2147483648,15947104256,790495232
209,1790449665562,4,4,4,4,4,4,4,4,4,4,80.02180480957031,78.31425476074219,77.60026550292969,78.62886810302734,70.75656127929688,80.33208465576172,81.96875,47.619049072265625,45,14.285715103149414,25,4.761904716491699,4.761904716491699,8.69565200805664,0,0,0,17.982332229614258,25769803776,2147483648,15947104256,790495232
201,1790449665772,4,4,4,4,4,4,4,4,4,4,80.02180480957031,78.31425476074219,77.60026550292969,78.62886810302734,70.75656127929688,80.33208465576172,81.96875,61.904762268066406,50,25,9.090909004211426,9.523809432983398,9.523809432983398,5,4.545454502105713,0,0,18.21024513244629,25769803776,2147483648,15944007680,790495232
209,1790449665973,4,4,4,4,4,4,4,4,4,4,80.02180480957031,78.31425476074219,77.60026550292969,78.62886810302734,70.75656127929688,80.33208465576172,81.96875,45,45,20,30.000001907348633,15.789472579956055,5,0,5.263157844543457,0,0,18.21024513244629,25769803776,2147483648,15945367552,790495232
209,1790449666183,4,4,4,4,4,4,4,4,4,4,80.14509582519531,78.29898834228516,77.69744873046875,78.68128204345703,70.91368865966797,80.40950775146484,82.203125,60.000003814697266,38.095237731933594,9.523809432983398,4.761904716491699,8.69565200805664,9.090909004211426,0,9.090909004211426,0,0,18.21024513244629,25769803776,2147483648,15945367552,790495232
209,1790449666393,4,4,4,4,4,4,4,4,4,4,80.14509582519531,78.29898834228516,77.69744873046875,78.68128204345703,70.91368865966797,80.40950775146484,82.203125,59.09090805053711,45,19.047618865966797,14.285715103149414,23.809524536132813,14.285715103149414,0,4.761904716491699,0,0,18.21024513244629,25769803776,2147483648,15945367552,790495232
209,1790449666603,4,4,4,4,4,4,4,4,4,4,80.14509582519531,78.29898834228516,77.69744873046875,78.68128204345703,70.91368865966797,80.40950775146484,82.203125,52.38095474243164,36.3636360168457,28.571430206298828,4.761904716491699,0,0,4.761904716491699,5,0,0,18.21024513244629,25769803776,2147483648,15945367552,790495232
209,1790449666813,4,4,4,4,4,4,4,4,4,4,80.14509582519531,78.29898834228516,77.69744873046875,78.68128204345703,70.91368865966797,80.40950775146484,82.203125,38.095237731933594,52.38095474243164,27.272727966308594,5,4.761904716491699,4.761904716491699,0,9.090909004211426,0,0,18.249235153198242,25769803776,2147483648,15945531392,790495232
209,1790449667023,4,4,4,4,4,4,4,4,4,4,80.14509582519531,78.29898834228516,77.69744873046875,78.68128204345703,70.91368865966797,80.40950775146484,82.203125,25,47.619049072265625,30.000001907348633,9.523809432983398,23.809524536132813,9.523809432983398,0,4.761904716491699,0,0,18.249235153198242,25769803776,2147483648,15947759616,790495232
209,1790449667233,4,4,4,4,4,4,4,4,4,4,80.1154556274414,78.21354675292969,77.6072998046875,78.6778793334961,70.79917907714844,80.35377502441406,82.4375,61.904762268066406,40,18.18181800842285,9.090909004211426,9.090909004211426,4.761904716491699,0,9.523809432983398,4.545454502105713,0,18.249235153198242,25769803776,2147483648,15948496896,790495232
209,1790449667443,4,4,4,4,4,4,4,4,4,4,80.1154556274414,78.21354675292969,77.6072998046875,78.6778793334961,70.79917907714844,80.35377502441406,82.4375,38.095237731933594,36.3636360168457,20,33.333335876464844,19.047618865966797,14.285715103149414,0,4.761904716491699,0,0,18.249235153198242,25769803776,2147483648,15943876608,790495232
209,1790449667653,4,4,4,4,4,4,4,4,4,4,80.1154556274414,78.21354675292969,77.6072998046875,78.6778793334961,70.79917907714844,80.35377502441406,82.4375,52.38095474243164,47.619049072265625,13.636363983154297,19.047618865966797,4.761904716491699,4.761904716491699,9.090909004211426,0,4.545454502105713,0,17.93291473388672,25769803776,2147483648,15943876608,790495232
209,1790449667863,4,4,4,4,4,4,4,4,4,4,80.1154556274414,78.21354675292969,77.6072998046875,78.6778793334961,70.79917907714844,80.35377502441406,82.4375,42.85714340209961,30.000001907348633,35,10,5,9.523809432983398,0,9.523809432983398,0,4.545454502105713,17.93291473388672,25769803776,2147483648,15857876992,790495232
209,1790449668073,4,4,4,4,4,4,4,4,4,4,80.1154556274414,78.21354675292969,77.6072998046875,78.6778793334961,70.79917907714844,80.35377502441406,82.4375,47.619049072265625,45.45454788208008,40.90909194946289,13.636363983154297,14.285715103149414,10,4.761904716491699,0,0,0,17.93291473388672,25769803776,2147483648,15859843072,790495232
202,1790449668283,4,4,4,4,4,4,4,4,4,4,80.25325775146484,78.4129409790039,77.6512680053711,78.78211212158203,70.79269409179688,80.44523620605469,82.203125,50,47.619049072265625,10,0,0,4.545454502105713,4.545454502105713,0,0,0,17.93291473388672,25769803776,2147483648,15862366208,790495232
209,1790449668486,4,4,4,4,4,4,4,4,4,4,80.25325775146484,78.4129409790039,77.6512680053711,78.78211212158203,70.79269409179688,80.44523620605469,82.203125,38.095237731933594,36.842105865478516,15.000000953674316,20,19.047618865966797,30.000001907348633,4.761904716491699,9.090909004211426,0,0,17.93291473388672,25769803776,2147483648,15856123904,790495232
209,1790449668696,4,4,4,4,4,4,4,4,4,4,80.25325775146484,78.4129409790039,77.6512680053711,78.78211212158203,70.79269409179688,80.44523620605469,82.203125,50,50,13.636363983154297,9.090909004211426,4.761904716491699,4.761904716491699,0,5,0,0,17.917625427246094,25769803776,2147483648,15855239168,790495232
209,1790449668906,4,4,4,4,4,4,4,4,4,4,80.25325775146484,78.4129409790039,77.6512680053711,78.78211212158203,70.79269409179688,80.44523620605469,82.203125,47.619049072265625,35,14.285715103149414,5,18.18181800842285,14.285715103149414,0,9.090909004211426,0,0,17.917625427246094,25769803776,2147483648,15860121600,790495232
209,1790449669116,4,4,4,4,4,4,4,4,4,4,80.25325775146484,78.4129409790039,77.6512680053711,78.78211212158203,70.79269409179688,80.44523620605469,82.203125,50,61.904762268066406,19.047618865966797,14.285715103149414,10,10,0,5,0,0,17.917625427246094,25769803776,2147483648,15862054912,790495232
202,1790449669326,4,4,4,4,4,4,4,4,4,4,80.30892181396484,78.30950927734375,77.72188568115234,78.86769104003906,70.89104461669922,80.45445251464844,85.96875,61.904762268066406,36.3636360168457,10,4.545454502105713,0,4.545454502105713,9.523809432983398,0,0,0,17.917625427246094,25769803776,2147483648,15862054912,790495232
209,1790449669529,4,4,4,4,4,4,4,4,4,4,80.30892181396484,78.30950927734375,77.72188568115234,78.86769104003906,70.89104461669922,80.45445251464844,85.96875,40,47.36842346191406,19.047618865966797,15.789472579956055,33.333335876464844,14.285715103149414,5,4.761904716491699,4.761904716491699,0,17.917625427246094,25769803776,2147483648,15862054912,790495232
209,1790449669739,4,4,4,4,4,4,4,4,4,4,80.30892181396484,78.30950927734375,77.72188568115234,78.86769104003906,70.89104461669922,80.45445251464844,85.96875,45,52.38095474243164,5,9.090909004211426,0,4.761904716491699,4.761904716491699,0,0,0,17.952991485595703,25769803776,2147483648,15862054912,790495232
209,1790449669949,4,4,4,4,4,4,4,4,4,4,80.30892181396484,78.30950927734375,77.72188568115234,78.86769104003906,70.89104461669922,80.45445251464844,85.96875,38.095237731933594,45.45454788208008,30.000001907348633,9.523809432983398,14.285715103149414,5,4.545454502105713,4.761904716491699,0,0,17.952991485595703,25769803776,2147483648,15856271360,790495232
209,1790449670159,4,4,4,4,4,4,4,4,4,4,80.37567901611328,78.60415649414063,77.54537200927734,78.94409942626953,70.52590942382813,80.49803161621094,83.5,50,40,36.3636360168457,14.285715103149414,9.523809432983398,18.18181800842285,5,0,0,4.545454502105713,17.952991485595703,25769803776,2147483648,15856451584,790495232
209,1790449670369,4,4,4,4,4,4,4,4,4,4,80.37567901611328,78.60415649414063,77.54537200927734,78.94409942626953,70.52590942382813,80.49803161621094,83.5,47.619049072265625,52.38095474243164,14.285715103149414,0,9.090909004211426,0,4.761904716491699,4.545454502105713,0,0,17.952991485595703,25769803776,2147483648,15856451584,790495232
209,1790449670579,4,4,4,4,4,4,4,4,4,4,80.37567901611328,78.60415649414063,77.54537200927734,78.94409942626953,70.52590942382813,80.49803161621094,83.5,50,42.85714340209961,19.047618865966797,13.636363983154297,20,18.18181800842285,9.523809432983398,0,0,0,17.952991485595703,25769803776,2147483648,15856451584,790495232
205,1790449670789,4,4,4,4,4,4,4,4,4,4,80.37567901611328,78.60415649414063,77.54537200927734,78.94409942626953,70.52590942382813,80.49803161621094,83.5,71.42857360839844,47.619049072265625,38.095237731933594,5,4.761904716491699,5,9.090909004211426,0,4.545454502105713,0,18.00975227355957,25769803776,2147483648,15856451584,790495232
209,1790449670994,4,4,4,4,4,4,4,4,4,4,80.37567901611328,78.60415649414063,77.54537200927734,78.94409942626953,70.52590942382813,80.49803161621094,83.5,42.85714340209961,40,14.285715103149414,23.809524536132813,18.18181800842285,4.761904716491699,5,0,0,0,18.00975227355957,25769803776,2147483648,15857238016,790495232
209,1790449671204,4,4,4,4,4,4,4,4,4,4,80.4392318725586,78.70626068115234,77.5216293334961,79.00749969482422,70.4323959350586,80.54387664794922,83.15625,47.619049072265625,45.45454788208008,33.333335876464844,13.636363983154297,10,14.285715103149414,9.523809432983398,0,0,0,18.00975227355957,25769803776,2147483648,15863349248,790495232
209,1790449671414,4,4,4,4,4,4,4,4,4,4,80.4392318725586,78.70626068115234,77.5216293334961,79.00749969482422,70.4323959350586,80.54387664794922,83.15625,61.904762268066406,35,14.285715103149414,0,4.761904716491699,0,4.761904716491699,4.545454502105713,0,0,18.00975227355957,25769803776,2147483648,15857811456,790495232
204,1790449671624,4,4,4,4,4,4,4,4,4,4,80.4392318725586,78.70626068115234,77.5216293334961,79.00749969482422,70.4323959350586,80.54387664794922,83.15625,52.38095474243164,42.85714340209961,14.285715103149414,23.809524536132813,19.047618865966797,13.636363983154297,0,0,4.545454502105713,0,18.00975227355957,25769803776,2147483648,15857811456,790495232
209,1790449671828,4,4,4,4,4,4,4,4,4,4,80.4392318725586,78.70626068115234,77.5216293334961,79.00749969482422,70.4323959350586,80.54387664794922,83.15625,55,45,15.000000953674316,0,0,0,9.523809432983398,4.761904716491699,0,0,17.91318702697754,25769803776,2147483648,15857811456,790495232
209,1790449672038,4,4,4,4,4,4,4,4,4,4,80.4392318725586,78.70626068115234,77.5216293334961,79.00749969482422,70.4323959350586,80.54387664794922,83.15625,38.095237731933594,54.54545593261719,20,14.285715103149414,19.047618865966797,13.636363983154297,4.761904716491699,0,0,0,17.91318702697754,25769803776,2147483648,15861399552,790495232
209,1790449672248,4,4,4,4,4,4,4,4,4,4,80.43043518066406,78.72901153564453,77.52558135986328,78.99913787841797,70.43167114257813,80.55907440185547,82.203125,38.095237731933594,70,19.047618865966797,13.636363983154297,5,5,9.523809432983398,0,0,0,17.91318702697754,25769803776,2147483648,15864791040,790495232
209,1790449672458,4,4,4,4,4,4,4,4,4,4,80.43043518066406,78.72901153564453,77.52558135986328,78.99913787841797,70.43167114257813,80.55907440185547,82.203125,55,42.85714340209961,18.18181800842285,10,9.090909004211426,9.090909004211426,4.761904716491699,0,0,0,17.91318702697754,25769803776,2147483648,15862792192,790495232
209,1790449672669,4,4,4,4,4,4,4,4,4,4,80.43043518066406,78.72901153564453,77.52558135986328,78.99913787841797,70.43167114257813,80.55907440185547,82.203125,54.54545593261719,28.571430206298828,14.285715103149414,22.72727394104004,4.761904716491699,20,9.523809432983398,0,4.761904716491699,4.545454502105713,17.945173263549805,25769803776,2147483648,15859597312,790495232
209,1790449672879,4,4,4,4,4,4,4,4,4,4,80.43043518066406,78.72901153564453,77.52558135986328,78.99913787841797,70.43167114257813,80.55907440185547,82.203125,57.142860412597656,40,9.523809432983398,0,4.761904716491699,4.761904716491699,0,0,4.761904716491699,0,17.945173263549805,25769803776,2147483648,15865610240,790495232
205,1790449673089,4,4,4,4,4,4,4,4,4,4,80.43043518066406,78.72901153564453,77.52558135986328,78.99913787841797,70.43167114257813,80.55907440185547,82.203125,42.85714340209961,43.4782600402832,25,19.047618865966797,19.047618865966797,31.81818199157715,0,9.523809432983398,0,0,17.945173263549805,25769803776,2147483648,15860957184,790495232
209,1790449673294,4,4,4,4,4,4,4,4,4,4,80.55662536621094,78.47339630126953,77.56678771972656,79.04158020019531,70.51821899414063,80.70537567138672,82.671875,40,47.36842346191406,9.523809432983398,0,19.047618865966797,0,9.523809432983398,0,0,0,17.945173263549805,25769803776,2147483648,15867494400,790495232
209,1790449673504,4,4,4,4,4,4,4,4,4,4,80.55662536621094,78.47339630126953,77.56678771972656,79.04158020019531,70.51821899414063,80.70537567138672,82.671875,57.142860412597656,31.81818199157715,18.18181800842285,13.636363983154297,19.047618865966797,4.761904716491699,5,0,0,0,17.945173263549805,25769803776,2147483648,15867494400,790495232
209,1790449673714,4,4,4,4,4,4,4,4,4,4,80.55662536621094,78.47339630126953,77.56678771972656,79.04158020019531,70.51821899414063,80.70537567138672,82.671875,57.142860412597656,35,25,5,5,14.285715103149414,9.090909004211426,4.545454502105713,0,0,17.720911026000977,25769803776,2147483648,15867494400,790495232
209,1790449673924,4,4,4,4,4,4,4,4,4,4,80.55662536621094,78.47339630126953,77.56678771972656,79.04158020019531,70.51821899414063,80.70537567138672,82.671875,47.619049072265625,47.619049072265625,19.047618865966797,9.090909004211426,9.090909004211426,4.761904716491699,5,0,0,0,17.720911026000977,25769803776,2147483648,15867494400,790495232
209,1790449674134,4,4,4,4,4,4,4,4,4,4,80.55662536621094,78.47339630126953,77.56678771972656,79.04158020019531,70.51821899414063,80.70537567138672,82.671875,38.095237731933594,52.38095474243164,14.285715103149414,10,25,19.047618865966797,4.761904716491699,4.761904716491699,8.69565200805664,0,17.720911026000977,25769803776,2147483648,15862562816,790495232
209,1790449674344,4,4,4,4,4,4,4,4,4,4,80.46443176269531,78.73444366455078,77.59031677246094,79.03721618652344,70.51480102539063,80.56588745117188,82.203125,52.38095474243164,42.85714340209961,14.285715103149414,9.090909004211426,4.545454502105713,9.090909004211426,9.523809432983398,0,0,0,17.720911026000977,25769803776,2147483648,15867494400,790495232
209,1790449674554,4,4,4,4,4,4,4,4,4,4,80.46443176269531,78.73444366455078,77.59031677246094,79.03721618652344,70.51480102539063,80.56588745117188,82.203125,57.142860412597656,33.333335876464844,10,14.285715103149414,5,15.000000953674316,4.545454502105713,0,0,0,17.720911026000977,25769803776,2147483648,15867510784,790495232
209,1790449674764,4,4,4,4,4,4,4,4,4,4,80.46443176269531,78.73444366455078,77.59031677246094,79.03721618652344,70.51480102539063,80.56588745117188,82.203125,42.85714340209961,52.38095474243164,33.333335876464844,14.285715103149414,9.523809432983398,14.285715103149414,0,0,0,0,17.795713424682617,25769803776,2147483648,15867936768,790495232
209,1790449674974,4,4,4,4,4,4,4,4,4,4,80.46443176269531,78.73444366455078,77.59031677246094,79.03721618652344,70.51480102539063,80.56588745117188,82.203125,55,42.85714340209961,9.523809432983398,5,4.761904716491699,4.545454502105713,9.523809432983398,0,0,0,17.795713424682617,25769803776,2147483648,15868116992,790495232
209,1790449675184,4,4,4,4,4,4,4,4,4,4,80.5438232421875,78.6648941040039,77.56768798828125,79.06228637695313,70.47321319580078,80.64995574951172,82.4375,23.809524536132813,38.095237731933594,18.18181800842285,33.333335876464844,28.571430206298828,19.047618865966797,4.761904716491699,0,0,0,17.795713424682617,25769803776,2147483648,15862284288,790495232
209,1790449675394,4,4,4,4,4,4,4,4,4,4,80.5438232421875,78.6648941040039,77.56768798828125,79.06228637695313,70.47321319580078,80.64995574951172,82.4375,54.54545593261719,40,10,9.523809432983398,9.090909004211426,5,9.523809432983398,0,4.545454502105713,0,17.795713424682617,25769803776,2147483648,15868706816,790495232
207,1790449675604,4,4,4,4,4,4,4,4,4,4,80.5438232421875,78.6648941040039,77.56768798828125,79.06228637695313,70.47321319580078,80.64995574951172,82.4375,21.052631378173828,45.45454788208008,13.636363983154297,33.333335876464844,4.761904716491699,13.636363983154297,5,9.090909004211426,4.545454502105713,0,17.795713424682617,25769803776,2147483648,15867805696,790495232
202,1790449675811,4,4,4,4,4,4,4,4,4,4,80.5438232421875,78.6648941040039,77.56768798828125,79.06228637695313,70.47321319580078,80.64995574951172,82.4375,40.90909194946289,45,35,20,23.809524536132813,5.263157844543457,9.523809432983398,0,0,0,17.820032119750977,25769803776,2147483648,15869050880,790495232
202,1790449676014,4,4,4,4,4,4,4,4,4,4,80.5438232421875,78.6648941040039,77.56768798828125,79.06228637695313,70.47321319580078,80.64995574951172,82.4375,50,47.619049072265625,15.000000953674316,9.090909004211426,0,9.090909004211426,9.523809432983398,0,0,0,17.820032119750977,25769803776,2147483648,15869050880,790495232
209,1790449676217,4,4,4,4,4,4,4,4,4,4,80.50579833984375,78.74954223632813,77.60076904296875,79.06784057617188,70.50296783447266,80.6058120727539,83.03125,35,50,28.571430206298828,21.052631378173828,14.285715103149414,15.000000953674316,9.523809432983398,0,0,0,17.820032119750977,25769803776,2147483648,15863709696,790495232
201,1790449676427,4,4,4,4,4,4,4,4,4,4,80.50579833984375,78.74954223632813,77.60076904296875,79.06784057617188,70.50296783447266,80.6058120727539,83.03125,47.619049072265625,59.09090805053711,30.000001907348633,4.761904716491699,0,0,9.523809432983398,0,0,0,17.820032119750977,25769803776,2147483648,15861071872,790495232
207,1790449676629,4,4,4,4,4,4,4,4,4,4,80.50579833984375,78.74954223632813,77.60076904296875,79.06784057617188,70.50296783447266,80.6058120727539,83.03125,60.000003814697266,31.57894515991211,20,10,5.263157844543457,9.523809432983398,10,0,0,0,17.820032119750977,25769803776,2147483648,15859974144,790495232
209,1790449676837,4,4,4,4,4,4,4,4,4,4,80.50579833984375,78.74954223632813,77.60076904296875,79.06784057617188,70.50296783447266,80.6058120727539,83.03125,47.619049072265625,42.85714340209961,33.333335876464844,18.18181800842285,13.636363983154297,15.000000953674316,4.761904716491699,0,0,0,17.772069931030273,25769803776,2147483648,15862267904,790495232
209,1790449677047,4,4,4,4,4,4,4,4,4,4,80.50579833984375,78.74954223632813,77.60076904296875,79.06784057617188,70.50296783447266,80.6058120727539,83.03125,52.38095474243164,42.85714340209961,13.636363983154297,5,4.761904716491699,4.761904716491699,9.523809432983398,0,0,0,17.772069931030273,25769803776,2147483648,15862267904,790495232
209,1790449677257,4,4,4,4,4,4,4,4,4,4,80.54852294921875,78.80924224853516,77.66421508789063,79.08953094482422,70.57000732421875,80.69981384277344,83.03125,47.619049072265625,60.000003814697266,19.047618865966797,13.636363983154297,10,13.636363983154297,5,8.69565200805664,0,0,17.772069931030273,25769803776,2147483648,15857238016,790495232
209,1790449677467,4,4,4,4,4,4,4,4,4,4,80.54852294921875,78.80924224853516,77.66421508789063,79.08953094482422,70.57000732421875,80.69981384277344,83.03125,47.619049072265625,45.45454788208008,10,0,4.761904716491699,0,9.523809432983398,0,0,0,17.772069931030273,25769803776,2147483648,15863103488,790495232
204,1790449677677,4,4,4,4,4,4,4,4,4,4,80.54852294921875,78.80924224853516,77.66421508789063,79.08953094482422,70.57000732421875,80.69981384277344,83.03125,50,38.095237731933594,22.72727394104004,14.285715103149414,4.761904716491699,9.523809432983398,9.090909004211426,0,4.545454502105713,0,17.83359718322754,25769803776,2147483648,15860219904,790495232
209,1790449677881,4,4,4,4,4,4,4,4,4,4,80.54852294921875,78.80924224853516,77.66421508789063,79.08953094482422,70.57000732421875,80.69981384277344,83.03125,47.619049072265625,47.36842346191406,15.000000953674316,10,30.000001907348633,14.285715103149414,0,0,0,0,17.83359718322754,25769803776,2147483648,15858155520,790495232
209,1790449678091,4,4,4,4,4,4,4,4,4,4,80.54852294921875,78.80924224853516,77.66421508789063,79.08953094482422,70.57000732421875,80.69981384277344,83.03125,52.38095474243164,42.85714340209961,14.285715103149414,9.523809432983398,8.69565200805664,0,9.523809432983398,0,0,0,17.83359718322754,25769803776,2147483648,15858155520,790495232
209,1790449678301,4,4,4,4,4,4,4,4,4,4,80.53502655029297,78.8591079711914,77.69632720947266,79.07757568359375,70.61608123779297,80.68022918701172,82.4375,30.000001907348633,27.272727966308594,35,22.72727394104004,35,14.285715103149414,9.523809432983398,0,0,0,17.83359718322754,25769803776,2147483648,15858532352,790495232
202,1790449678511,4,4,4,4,4,4,4,4,4,4,80.53502655029297,78.8591079711914,77.69632720947266,79.07757568359375,70.61608123779297,80.68022918701172,82.4375,52.38095474243164,45,9.523809432983398,0,4.761904716491699,4.545454502105713,9.523809432983398,4.545454502105713,0,0,17.83359718322754,25769803776,2147483648,15864315904,790495232
201,1790449678714,4,4,4,4,4,4,4,4,4,4,80.53502655029297,78.8591079711914,77.69632720947266,79.07757568359375,70.61608123779297,80.68022918701172,82.4375,47.619049072265625,33.333335876464844,28.571430206298828,9.523809432983398,15.000000953674316,9.523809432983398,5,0,0,0,17.69575309753418,25769803776,2147483648,15864954880,790495232
202,1790449678915,4,4,4,4,4,4,4,4,4,4,80.53502655029297,78.8591079711914,77.69632720947266,79.07757568359375,70.61608123779297,80.68022918701172,82.4375,57.894737243652344,31.57894515991211,15.000000953674316,10,15.000000953674316,22.22222328186035,9.523809432983398,0,4.761904716491699,0,17.69575309753418,25769803776,2147483648,15864954880,790495232
202,1790449679118,4,4,4,4,4,4,4,4,4,4,80.53502655029297,78.8591079711914,77.69632720947266,79.07757568359375,70.61608123779297,80.68022918701172,82.4375,57.142860412597656,42.85714340209961,15.789472579956055,5,5,4.761904716491699,5.263157844543457,0,0,0,17.69575309753418,25769803776,2147483648,15864954880,790495232
209,1790449679321,4,4,4,4,4,4,4,4,4,4,80.52022552490234,78.73970031738281,77.65605163574219,79.07522583007813,70.58112335205078,80.65363311767578,82.4375,35,50,38.095237731933594,19.047618865966797,14.285715103149414,14.285715103149414,9.523809432983398,9.090909004211426,0,0,17.69575309753418,25769803776,2147483648,15859761152,790495232
209,1790449679531,4,4,4,4,4,4,4,4,4,4,80.52022552490234,78.73970031738281,77.65605163574219,79.07522583007813,70.58112335205078,80.65363311767578,82.4375,57.142860412597656,38.095237731933594,9.523809432983398,0,0,0,5,0,0,0,17.69575309753418,25769803776,2147483648,15866118144,790495232
209,1790449679741,4,4,4,4,4,4,4,4,4,4,80.52022552490234,78.73970031738281,77.65605163574219,79.07522583007813,70.58112335205078,80.65363311767578,82.4375,38.095237731933594,42.85714340209961,36.3636360168457,14.285715103149414,13.636363983154297,9.090909004211426,13.636363983154297,0,4.761904716491699,0,17.67078399658203,25769803776,2147483648,15863218176,790495232
209,1790449679951,4,4,4,4,4,4,4,4,4,4,80.52022552490234,78.73970031738281,77.65605163574219,79.07522583007813,70.58112335205078,80.65363311767578,82.4375,47.619049072265625,63.6363639831543,10,13.636363983154297,9.523809432983398,5,4.761904716491699,0,0,0,17.67078399658203,25769803776,2147483648,15866429440,790495232
209,1790449680161,4,4,4,4,4,4,4,4,4,4,80.54729461669922,78.73711395263672,77.67239379882813,79.08167266845703,70.61860656738281,80.71965026855469,82.4375,42.85714340209961,50,23.809524536132813,9.523809432983398,4.761904716491699,4.761904716491699,9.523809432983398,4.761904716491699,0,0,17.67078399658203,25769803776,2147483648,15866429440,790495232
204,1790449680371,4,4,4,4,4,4,4,4,4,4,80.54729461669922,78.73711395263672,77.67239379882813,79.08167266845703,70.61860656738281,80.71965026855469,82.4375,47.619049072265625,47.619049072265625,25,10,9.523809432983398,19.047618865966797,0,0,0,0,17.67078399658203,25769803776,2147483648,15862546432,790495232
209,1790449680575,4,4,4,4,4,4,4,4,4,4,80.54729461669922,78.73711395263672,77.67239379882813,79.08167266845703,70.61860656738281,80.71965026855469,82.4375,50,42.85714340209961,13.636363983154297,0,5,4.761904716491699,5,0,0,0,17.67078399658203,25769803776,2147483648,15866658816,790495232
209,1790449680785,4,4,4,4,4,4,4,4,4,4,80.54729461669922,78.73711395263672,77.67239379882813,79.08167266845703,70.61860656738281,80.71965026855469,82.4375,59.09090805053711,40,25,14.285715103149414,13.636363983154297,19.047618865966797,13.043478012084961,0,0,0,17.680301666259766,25769803776,2147483648,15866658816,790495232
203,1790449680995,4,4,4,4,4,4,4,4,4,4,80.54729461669922,78.73711395263672,77.67239379882813,79.08167266845703,70.61860656738281,80.71965026855469,82.4375,70,38.095237731933594,14.285715103149414,4.761904716491699,0,4.761904716491699,5,0,4.545454502105713,0,17.680301666259766,25769803776,2147483648,15866658816,790495232
209,1790449681199,4,4,4,4,4,4,4,4,4,4,80.6072006225586,78.85269927978516,77.70284271240234,79.08988189697266,70.62535858154297,80.80726623535156,82.5625,42.85714340209961,45,28.571430206298828,9.523809432983398,5,5,9.523809432983398,4.545454502105713,0,0,17.680301666259766,25769803776,2147483648,15866658816,790495232
209,1790449681409,4,4,4,4,4,4,4,4,4,4,80.6072006225586,78.85269927978516,77.70284271240234,79.08988189697266,70.62535858154297,80.80726623535156,82.5625,30.000001907348633,52.38095474243164,20,23.809524536132813,14.285715103149414,9.090909004211426,5,4.761904716491699,0,0,17.680301666259766,25769803776,2147483648,15861661696,790495232
209,1790449681619,4,4,4,4,4,4,4,4,4,4,80.6072006225586,78.85269927978516,77.70284271240234,79.08988189697266,70.62535858154297,80.80726623535156,82.5625,52.38095474243164,45.45454788208008,14.285715103149414,4.761904716491699,0,0,9.523809432983398,0,4.545454502105713,0,17.680301666259766,25769803776,2147483648,15867887616,790495232
209,1790449681829,4,4,4,4,4,4,4,4,4,4,80.6072006225586,78.85269927978516,77.70284271240234,79.08988189697266,70.62535858154297,80.80726623535156,82.5625,52.38095474243164,35,33.333335876464844,18.18181800842285,23.809524536132813,14.285715103149414,4.761904716491699,0,0,0,17.749107360839844,25769803776,2147483648,15863431168,790495232
204,1790449682039,4,4,4,4,4,4,4,4,4,4,80.6072006225586,78.85269927978516,77.70284271240234,79.08988189697266,70.62535858154297,80.80726623535156,82.5625,42.85714340209961,52.38095474243164,19.047618865966797,5,4.761904716491699,4.761904716491699,9.523809432983398,0,0,4.545454502105713,17.749107360839844,25769803776,2147483648,15868903424,790495232
209,1790449682243,4,4,4,4,4,4,4,4,4,4,80.61145782470703,78.76897430419922,77.7112045288086,79.08800506591797,70.663330078125,80.78941345214844,82.4375,38.095237731933594,42.85714340209961,23.809524536132813,5,23.809524536132813,4.761904716491699,9.523809432983398,4.761904716491699,4.761904716491699,0,17.749107360839844,25769803776,2147483648,15866953728,790495232
209,1790449682453,4,4,4,4,4,4,4,4,4,4,80.61145782470703,78.76897430419922,77.7112045288086,79.08800506591797,70.663330078125,80.78941345214844,82.4375,35,57.142860412597656,23.809524536132813,19.047618865966797,9.523809432983398,9.523809432983398,9.523809432983398,4.545454502105713,0,0,17.749107360839844,25769803776,2147483648,15868903424,790495232
200,1790449682663,4,4,4,4,4,4,4,4,4,4,80.61145782470703,78.76897430419922,77.7112045288086,79.08800506591797,70.663330078125,80.78941345214844,82.4375,47.619049072265625,47.619049072265625,14.285715103149414,0,4.761904716491699,5,9.523809432983398,0,0,0,17.65793800354004,25769803776,2147483648,15869591552,790495232
209,1790449682864,4,4,4,4,4,4,4,4,4,4,80.61145782470703,78.76897430419922,77.7112045288086,79.08800506591797,70.663330078125,80.78941345214844,82.4375,50,36.842105865478516,20,23.809524536132813,10,19.047618865966797,5,0,0,0,17.65793800354004,25769803776,2147483648,15864889344,790495232
203,1790449683074,4,4,4,4,4,4,4,4,4,4,80.61145782470703,78.76897430419922,77.7112045288086,79.08800506591797,70.663330078125,80.78941345214844,82.4375,52.38095474243164,47.619049072265625,14.285715103149414,9.523809432983398,4.761904716491699,4.761904716491699,0,0,0,0,17.65793800354004,25769803776,2147483648,15864889344,790495232
201,1790449683277,4,4,4,4,4,4,4,4,4,4,80.59640502929688,78.79218292236328,77.77763366699219,79.09597778320313,70.7415542602539,80.77644348144531,82.5625,42.85714340209961,42.85714340209961,15.000000953674316,19.047618865966797,10,5,4.761904716491699,9.523809432983398,4.545454502105713,0,17.65793800354004,25769803776,2147483648,15864889344,790495232
209,1790449683479,4,4,4,4,4,4,4,4,4,4,80.59640502929688,78.79218292236328,77.77763366699219,79.09597778320313,70.7415542602539,80.77644348144531,82.5625,50,40,10.526315689086914,30.000001907348633,9.523809432983398,20,0,5.263157844543457,0,0,17.65793800354004,25769803776,2147483648,15869788160,790495232
203,1790449683689,4,4,4,4,4,4,4,4,4,4,80.59640502929688,78.79218292236328,77.77763366699219,79.09597778320313,70.7415542602539,80.77644348144531,82.5625,47.619049072265625,45,21.7391300201416,4.761904716491699,4.761904716491699,4.761904716491699,4.761904716491699,0,0,0,17.59292221069336,25769803776,2147483648,15870525440,790495232
209,1790449683892,4,4,4,4,4,4,4,4,4,4,80.59640502929688,78.79218292236328,77.77763366699219,79.09597778320313,70.7415542602539,80.77644348144531,82.5625,35,38.095237731933594,36.842105865478516,26.3157901763916,10,10,4.761904716491699,14.285715103149414,0,0,17.59292221069336,25769803776,2147483648,15870525440,790495232
209,1790449684102,4,4,4,4,4,4,4,4,4,4,80.59640502929688,78.79218292236328,77.77763366699219,79.09597778320313,70.7415542602539,80.77644348144531,82.5625,52.38095474243164,47.619049072265625,14.285715103149414,9.090909004211426,0,4.545454502105713,9.523809432983398,0,4.761904716491699,0,17.59292221069336,25769803776,2147483648,15870525440,790495232
209,1790449684312,4,4,4,4,4,4,4,4,4,4,80.61310577392578,78.70237731933594,77.80655670166016,79.09352111816406,70.83541870117188,80.7730484008789,82.5625,35,59.09090805053711,27.272727966308594,4.761904716491699,9.090909004211426,5,5,0,0,0,17.59292221069336,25769803776,2147483648,15870525440,790495232
209,1790449684523,4,4,4,4,4,4,4,4,4,4,80.61310577392578,78.70237731933594,77.80655670166016,79.09352111816406,70.83541870117188,80.7730484008789,82.5625,40.90909194946289,40,14.285715103149414,35,15.000000953674316,9.090909004211426,9.523809432983398,4.761904716491699,0,0,17.59292221069336,25769803776,2147483648,15873327104,790495232
209,1790449684733,4,4,4,4,4,4,4,4,4,4,80.61310577392578,78.70237731933594,77.80655670166016,79.09352111816406,70.83541870117188,80.7730484008789,82.5625,55,40,15.000000953674316,4.761904716491699,4.761904716491699,5,13.636363983154297,0,0,0,17.515390396118164,25769803776,2147483648,15872114688,790495232
209,1790449684943,4,4,4,4,4,4,4,4,4,4,80.61310577392578,78.70237731933594,77.80655670166016,79.09352111816406,70.83541870117188,80.7730484008789,82.5625,31.81818199157715,42.85714340209961,28.571430206298828,27.272727966308594,18.18181800842285,9.523809432983398,4.761904716491699,0,0,4.761904716491699,17.515390396118164,25769803776,2147483648,15867215872,790495232
209,1790449685153,4,4,4,4,4,4,4,4,4,4,80.57395935058594,78.84788513183594,77.71003723144531,79.10137176513672,70.66292572021484,80.73442840576172,84.328125,45,54.54545593261719,14.285715103149414,5,0,4.761904716491699,9.523809432983398,0,4.761904716491699,0,17.515390396118164,25769803776,2147483648,15871754240,790495232
209,1790449685363,4,4,4,4,4,4,4,4,4,4,80.57395935058594,78.84788513183594,77.71003723144531,79.10137176513672,70.66292572021484,80.73442840576172,84.328125,33.333335876464844,47.619049072265625,23.809524536132813,9.090909004211426,5,19.047618865966797,5,4.545454502105713,0,0,17.515390396118164,25769803776,2147483648,15870230528,790495232
209,1790449685573,4,4,4,4,4,4,4,4,4,4,80.57395935058594,78.84788513183594,77.71003723144531,79.10137176513672,70.66292572021484,80.73442840576172,84.328125,38.095237731933594,47.619049072265625,33.333335876464844,19.047618865966797,13.636363983154297,14.285715103149414,9.523809432983398,0,0,0,17.515390396118164,25769803776,2147483648,15872409600,790495232
209,1790449685783,4,4,4,4,4,4,4,4,4,4,80.57395935058594,78.84788513183594,77.71003723144531,79.10137176513672,70.66292572021484,80.73442840576172,84.328125,50,47.619049072265625,14.285715103149414,0,0,0,4.761904716491699,0,0,0,17.54022789001465,25769803776,2147483648,15874555904,790495232
209,1790449685993,4,4,4,4,4,4,4,4,4,4,80.57395935058594,78.84788513183594,77.71003723144531,79.10137176513672,70.66292572021484,80.73442840576172,84.328125,27.272727966308594,28.571430206298828,47.619049072265625,13.636363983154297,36.3636360168457,14.285715103149414,4.761904716491699,0,4.545454502105713,0,17.54022789001465,25769803776,2147483648,15867035648,790495232
209,1790449686203,4,4,4,4,4,4,4,4,4,4,80.59745788574219,78.780029296875,77.69963836669922,79.08811950683594,70.6601791381836,80.76378631591797,82.4375,52.38095474243164,50,9.523809432983398,4.761904716491699,4.545454502105713,4.545454502105713,9.523809432983398,4.545454502105713,0,0,17.54022789001465,25769803776,2147483648,15867068416,790495232
204,1790449686413,4,4,4,4,4,4,4,4,4,4,80.59745788574219,78.780029296875,77.69963836669922,79.08811950683594,70.6601791381836,80.76378631591797,82.4375,61.904762268066406,28.571430206298828,15.000000953674316,10,5.263157844543457,5,9.523809432983398,4.761904716491699,0,0,17.54022789001465,25769803776,2147483648,15867068416,790495232
209,1790449686617,4,4,4,4,4,4,4,4,4,4,80.59745788574219,78.780029296875,77.69963836669922,79.08811950683594,70.6601791381836,80.76378631591797,82.4375,47.619049072265625,47.619049072265625,38.095237731933594,15.000000953674316,13.636363983154297,10,9.523809432983398,0,0,0,17.54022789001465,25769803776,2147483648,15873638400,790495232
209,1790449686827,4,4,4,4,4,4,4,4,4,4,80.59745788574219,78.780029296875,77.69963836669922,79.08811950683594,70.6601791381836,80.76378631591797,82.4375,65,30.000001907348633,23.809524536132813,8.69565200805664,14.285715103149414,4.545454502105713,9.523809432983398,4.545454502105713,0,0,17.498750686645508,25769803776,2147483648,15874097152,790495232
202,1790449687037,4,4,4,4,4,4,4,4,4,4,80.59745788574219,78.780029296875,77.69963836669922,79.08811950683594,70.6601791381836,80.76378631591797,82.4375,61.904762268066406,42.85714340209961,22.72727394104004,19.047618865966797,5,10,9.523809432983398,0,4.545454502105713,0,17.498750686645508,25769803776,2147483648,15859908608,790495232
209,1790449687240,4,4,4,4,4,4,4,4,4,4,80.56085205078125,78.79911804199219,77.70039367675781,79.0874252319336,70.66692352294922,80.73975372314453,82.90625,60.000003814697266,42.85714340209961,5.263157844543457,0,9.523809432983398,4.761904716491699,10,0,0,0,17.498750686645508,25769803776,2147483648,15866019840,790495232
209,1790449687450,4,4,4,4,4,4,4,4,4,4,80.56085205078125,78.79911804199219,77.70039367675781,79.0874252319336,70.66692352294922,80.73975372314453,82.90625,61.904762268066406,42.85714340209961,13.636363983154297,4.761904716491699,4.761904716491699,4.761904716491699,9.523809432983398,0,0,0,17.498750686645508,25769803776,2147483648,15866019840,790495232
203,1790449687660,4,4,4,4,4,4,4,4,4,4,80.56085205078125,78.79911804199219,77.70039367675781,79.0874252319336,70.66692352294922,80.73975372314453,82.90625,47.619049072265625,45,15.000000953674316,30.000001907348633,9.523809432983398,10,9.523809432983398,0,0,0,17.457054138183594,25769803776,2147483648,15866806272,790495232
209,1790449687863,4,4,4,4,4,4,4,4,4,4,80.56085205078125,78.79911804199219,77.70039367675781,79.0874252319336,70.66692352294922,80.73975372314453,82.90625,66.66667175292969,35,14.285715103149414,9.090909004211426,5,4.761904716491699,10,0,0,0,17.457054138183594,25769803776,2147483648,15866855424,790495232
209,1790449688073,4,4,4,4,4,4,4,4,4,4,80.56085205078125,78.79911804199219,77.70039367675781,79.0874252319336,70.66692352294922,80.73975372314453,82.90625,47.619049072265625,31.81818199157715,35,25,13.636363983154297,13.636363983154297,9.090909004211426,9.090909004211426,0,0,17.457054138183594,25769803776,2147483648,15861121024,790495232
209,1790449688283,4,4,4,4,4,4,4,4,4,4,80.59938049316406,78.87528228759766,77.74301147460938,79.08812713623047,70.69636535644531,80.77386474609375,82.4375,55,42.85714340209961,18.18181800842285,4.545454502105713,0,0,0,0,0,0,17.457054138183594,25769803776,2147483648,15868362752,790495232
209,1790449688493,4,4,4,4,4,4,4,4,4,4,80.59938049316406,78.87528228759766,77.74301147460938,79.08812713623047,70.69636535644531,80.77386474609375,82.4375,28.571430206298828,38.095237731933594,10,15.000000953674316,5,33.333335876464844,9.523809432983398,0,0,0,17.457054138183594,25769803776,2147483648,15863988224,790495232
202,1790449688703,4,4,4,4,4,4,4,4,4,4,80.59938049316406,78.87528228759766,77.74301147460938,79.08812713623047,70.69636535644531,80.77386474609375,82.4375,47.619049072265625,66.66667175292969,14.285715103149414,9.523809432983398,13.636363983154297,9.523809432983398,0,10,4.545454502105713,0,17.44478988647461,25769803776,2147483648,15867969536,790495232
209,1790449688906,4,4,4,4,4,4,4,4,4,4,80.59938049316406,78.87528228759766,77.74301147460938,79.08812713623047,70.69636535644531,80.77386474609375,82.4375,47.619049072265625,50,15.000000953674316,5,4.761904716491699,5,9.523809432983398,0,4.761904716491699,0,17.44478988647461,25769803776,2147483648,15862775808,790495232
209,1790449689116,4,4,4,4,4,4,4,4,4,4,80.59938049316406,78.87528228759766,77.74301147460938,79.08812713623047,70.69636535644531,80.77386474609375,82.4375,23.809524536132813,38.095237731933594,14.285715103149414,38.095237731933594,30.000001907348633,18.18181800842285,9.523809432983398,4.545454502105713,0,0,17.44478988647461,25769803776,2147483648,15863070720,790495232
203,1790449689326,4,4,4,4,4,4,4,4,4,4,80.56192016601563,78.73258972167969,77.75492858886719,79.0843734741211,70.76011657714844,80.70796966552734,82.4375,50,50,9.523809432983398,4.545454502105713,4.761904716491699,0,9.523809432983398,0,0,0,17.44478988647461,25769803776,2147483648,15868968960,790495232
209,1790449689529,4,4,4,4,4,4,4,4,4,4,80.56192016601563,78.73258972167969,77.75492858886719,79.0843734741211,70.76011657714844,80.70796966552734,82.4375,45,40.90909194946289,28.571430206298828,5.263157844543457,15.000000953674316,9.523809432983398,5.263157844543457,0,0,0,17.44478988647461,25769803776,2147483648,15868968960,790495232
209,1790449689739,4,4,4,4,4,4,4,4,4,4,80.56192016601563,78.73258972167969,77.75492858886719,79.0843734741211,70.76011657714844,80.70796966552734,82.4375,50,40,33.333335876464844,14.285715103149414,13.636363983154297,9.523809432983398,13.636363983154297,0,0,0,17.389787673950195,25769803776,2147483648,15869804544,790495232
209,1790449689949,4,4,4,4,4,4,4,4,4,4,80.56192016601563,78.73258972167969,77.75492858886719,79.0843734741211,70.76011657714844,80.70796966552734,82.4375,57.142860412597656,47.619049072265625,14.285715103149414,4.761904716491699,0,4.761904716491699,5,4.761904716491699,0,0,17.389787673950195,25769803776,2147483648,15869575168,790495232
209,1790449690159,4,4,4,4,4,4,4,4,4,4,80.5475845336914,78.7944564819336,77.68133544921875,79.08425903320313,70.61878967285156,80.66407775878906,82.4375,45,38.095237731933594,19.047618865966797,22.72727394104004,18.18181800842285,9.523809432983398,9.523809432983398,0,8.69565200805664,0,17.389787673950195,25769803776,2147483648,15869575168,790495232
209,1790449690369,4,4,4,4,4,4,4,4,4,4,80.5475845336914,78.7944564819336,77.68133544921875,79.08425903320313,70.61878967285156,80.66407775878906,82.4375,40,61.904762268066406,9.523809432983398,4.761904716491699,0,0,13.636363983154297,0,0,0,17.389787673950195,25769803776,2147483648,15869575168,790495232
209,1790449690579,4,4,4,4,4,4,4,4,4,4,80.5475845336914,78.7944564819336,77.68133544921875,79.08425903320313,70.61878967285156,80.66407775878906,82.4375,54.54545593261719,40,20,9.523809432983398,5,9.523809432983398,4.761904716491699,4.545454502105713,0,4.545454502105713,17.389787673950195,25769803776,2147483648,15869575168,790495232
209,1790449690789,4,4,4,4,4,4,4,4,4,4,80.5475845336914,78.7944564819336,77.68133544921875,79.08425903320313,70.61878967285156,80.66407775878906,82.4375,38.095237731933594,36.3636360168457,40.90909194946289,23.809524536132813,13.636363983154297,14.285715103149414,9.523809432983398,0,0,0,17.363964080810547,25769803776,2147483648,15871115264,790495232
209,1790449690999,4,4,4,4,4,4,4,4,4,4,80.5475845336914,78.7944564819336,77.68133544921875,79.08425903320313,70.61878967285156,80.66407775878906,82.4375,59.09090805053711,38.095237731933594,14.285715103149414,0,0,0,5,4.545454502105713,0,0,17.363964080810547,25769803776,2147483648,15873589248,790495232
209,1790449691209,4,4,4,4,4,4,4,4,4,4,80.5256576538086,78.66067504882813,77.63152313232422,79.0819091796875,70.5684814453125,80.61577606201172,82.671875,25,65,19.047618865966797,33.333335876464844,13.636363983154297,14.285715103149414,0,0,0,4.761904716491699,17.363964080810547,25769803776,2147483648,15866101760,790495232
209,1790449691419,4,4,4,4,4,4,4,4,4,4,80.5256576538086,78.66067504882813,77.63152313232422,79.0819091796875,70.5684814453125,80.61577606201172,82.671875,45,57.142860412597656,4.761904716491699,4.761904716491699,0,0,13.636363983154297,0,0,0,17.363964080810547,25769803776,2147483648,15872016384,790495232
209,1790449691630,4,4,4,4,4,4,4,4,4,4,80.5256576538086,78.66067504882813,77.63152313232422,79.0819091796875,70.5684814453125,80.61577606201172,82.671875,54.54545593261719,28.571430206298828,25,22.72727394104004,13.636363983154297,9.523809432983398,9.523809432983398,0,4.545454502105713,0,17.363964080810547,25769803776,2147483648,15871918080,790495232
209,1790449691840,4,4,4,4,4,4,4,4,4,4,80.5256576538086,78.66067504882813,77.63152313232422,79.0819091796875,70.5684814453125,80.61577606201172,82.671875,40,65,14.285715103149414,14.285715103149414,15.000000953674316,9.523809432983398,5,0,4.545454502105713,0,17.260961532592773,25769803776,2147483648,15872933888,790495232
209,1790449692050,4,4,4,4,4,4,4,4,4,4,80.5256576538086,78.66067504882813,77.63152313232422,79.0819091796875,70.5684814453125,80.61577606201172,82.671875,59.09090805053711,40.90909194946289,14.285715103149414,0,4.545454502105713,4.545454502105713,13.636363983154297,4.545454502105713,0,0,17.260961532592773,25769803776,2147483648,15873196032,790495232
209,1790449692260,4,4,4,4,4,4,4,4,4,4,80.49497985839844,78.65174102783203,77.60269165039063,79.08214569091797,70.50761413574219,80.6204605102539,84.09375,52.38095474243164,19.047618865966797,38.095237731933594,22.72727394104004,20,10,4.761904716491699,0,0,0,17.260961532592773,25769803776,2147483648,15868510208,790495232
209,1790449692470,4,4,4,4,4,4,4,4,4,4,80.49497985839844,78.65174102783203,77.60269165039063,79.08214569091797,70.50761413574219,80.6204605102539,84.09375,57.142860412597656,38.095237731933594,14.285715103149414,10,4.761904716491699,4.761904716491699,9.523809432983398,0,0,0,17.260961532592773,25769803776,2147483648,15875817472,790495232
202,1790449692680,4,4,4,4,4,4,4,4,4,4,80.49497985839844,78.65174102783203,77.60269165039063,79.08214569091797,70.50761413574219,80.6204605102539,84.09375,45,52.38095474243164,10,13.636363983154297,4.761904716491699,4.761904716491699,9.523809432983398,0,0,0,17.205923080444336,25769803776,2147483648,15875817472,790495232
209,1790449692882,4,4,4,4,4,4,4,4,4,4,80.49497985839844,78.65174102783203,77.60269165039063,79.08214569091797,70.50761413574219,80.6204605102539,84.09375,42.85714340209961,38.095237731933594,19.047618865966797,15.000000953674316,35,10,10,0,4.761904716491699,0,17.205923080444336,25769803776,2147483648,15873966080,790495232
203,1790449693092,4,4,4,4,4,4,4,4,4,4,80.49497985839844,78.65174102783203,77.60269165039063,79.08214569091797,70.50761413574219,80.6204605102539,84.09375,52.38095474243164,45,18.18181800842285,4.761904716491699,4.761904716491699,4.761904716491699,9.523809432983398,0,4.545454502105713,0,17.205923080444336,25769803776,2147483648,15874621440,790495232
202,1790449693296,4,4,4,4,4,4,4,4,4,4,80.48751831054688,78.64337921142578,77.59800720214844,79.06948852539063,70.51614379882813,80.57980346679688,82.4375,45,40,30.000001907348633,15.000000953674316,15.000000953674316,14.285715103149414,5,9.523809432983398,0,0,17.205923080444336,25769803776,2147483648,15869870080,790495232
209,1790449693498,4,4,4,4,4,4,4,4,4,4,80.48751831054688,78.64337921142578,77.59800720214844,79.06948852539063,70.51614379882813,80.57980346679688,82.4375,42.85714340209961,61.904762268066406,14.285715103149414,0,4.761904716491699,5,10,0,0,0,17.205923080444336,25769803776,2147483648,15875014656,790495232
203,1790449693708,4,4,4,4,4,4,4,4,4,4,80.48751831054688,78.64337921142578,77.59800720214844,79.06948852539063,70.51614379882813,80.57980346679688,82.4375,50,57.142860412597656,10,9.523809432983398,9.523809432983398,4.761904716491699,4.545454502105713,0,0,0,17.2123966217041,25769803776,2147483648,15874473984,790495232
201,1790449693912,4,4,4,4,4,4,4,4,4,4,80.48751831054688,78.64337921142578,77.59800720214844,79.06948852539063,70.51614379882813,80.57980346679688,82.4375,60.000003814697266,31.57894515991211,15.000000953674316,10,5,25,10,4.761904716491699,0,0,17.2123966217041,25769803776,2147483648,15869509632,790495232
202,1790449694113,4,4,4,4,4,4,4,4,4,4,80.48751831054688,78.64337921142578,77.59800720214844,79.06948852539063,70.51614379882813,80.57980346679688,82.4375,42.85714340209961,52.38095474243164,10,0,5,4.761904716491699,5,0,0,0,17.2123966217041,25769803776,2147483648,15875686400,790495232
202,1790449694316,4,4,4,4,4,4,4,4,4,4,80.41934204101563,78.6208267211914,77.60704803466797,79.0591812133789,70.52079010009766,80.4833984375,82.671875,40,35,19.047618865966797,30.000001907348633,9.523809432983398,15.000000953674316,10,0,0,0,17.2123966217041,25769803776,2147483648,15874621440,790495232
202,1790449694519,4,4,4,4,4,4,4,4,4,4,80.41934204101563,78.6208267211914,77.60704803466797,79.0591812133789,70.52079010009766,80.4833984375,82.671875,42.105262756347656,66.66667175292969,15.789472579956055,14.285715103149414,10,10,10,0,0,0,17.2123966217041,25769803776,2147483648,15875915776,790495232
207,1790449694722,4,4,4,4,4,4,4,4,4,4,80.41934204101563,78.6208267211914,77.60704803466797,79.0591812133789,70.52079010009766,80.4833984375,82.671875,52.38095474243164,42.105262756347656,15.000000953674316,10,4.761904716491699,5,9.523809432983398,4.761904716491699,0,0,17.122779846191406,25769803776,2147483648,15875915776,790495232
209,1790449694930,4,4,4,4,4,4,4,4,4,4,80.41934204101563,78.6208267211914,77.60704803466797,79.0591812133789,70.52079010009766,80.4833984375,82.671875,19.047618865966797,47.619049072265625,38.095237731933594,20,15.000000953674316,9.523809432983398,9.523809432983398,4.545454502105713,4.761904716491699,0,17.122779846191406,25769803776,2147483648,15871295488,790495232
205,1790449695140,4,4,4,4,4,4,4,4,4,4,80.4149398803711,78.6422119140625,77.58440399169922,79.046875,70.5023193359375,80.49237823486328,82.203125,50,42.85714340209961,13.636363983154297,9.090909004211426,15.000000953674316,4.761904716491699,5,0,0,0,17.122779846191406,25769803776,2147483648,15876243456,790495232
202,1790449695346,4,4,4,4,4,4,4,4,4,4,80.4149398803711,78.6422119140625,77.58440399169922,79.046875,70.5023193359375,80.49237823486328,82.203125,54.54545593261719,38.095237731933594,14.285715103149414,5,4.761904716491699,23.809524536132813,14.285715103149414,0,0,0,17.122779846191406,25769803776,2147483648,15874441216,790495232
202,1790449695548,4,4,4,4,4,4,4,4,4,4,80.4149398803711,78.6422119140625,77.58440399169922,79.046875,70.5023193359375,80.49237823486328,82.203125,36.842105865478516,55,20,13.636363983154297,19.047618865966797,5.263157844543457,5,0,4.761904716491699,0,17.122779846191406,25769803776,2147483648,15870869504,790495232
202,1790449695751,4,4,4,4,4,4,4,4,4,4,80.4149398803711,78.6422119140625,77.58440399169922,79.046875,70.5023193359375,80.49237823486328,82.203125,52.38095474243164,45,10,0,5,9.090909004211426,9.523809432983398,5,0,0,17.12301254272461,25769803776,2147483648,15870869504,790495232
202,1790449695954,4,4,4,4,4,4,4,4,4,4,80.4149398803711,78.6422119140625,77.58440399169922,79.046875,70.5023193359375,80.49237823486328,82.203125,40,45,26.3157901763916,10,15.000000953674316,5.263157844543457,0,0,0,0,17.12301254272461,25769803776,2147483648,15874719744,790495232
202,1790449696157,4,4,4,4,4,4,4,4,4,4,80.37767791748047,78.51248931884766,77.57660675048828,79.01941680908203,70.53497314453125,80.47093963623047,82.203125,36.842105865478516,52.38095474243164,35,14.285715103149414,10,9.523809432983398,9.090909004211426,5.263157844543457,0,0,17.12301254272461,25769803776,2147483648,15877357568,790495232
202,1790449696360,4,4,4,4,4,4,4,4,4,4,80.37767791748047,78.51248931884766,77.57660675048828,79.01941680908203,70.53497314453125,80.47093963623047,82.203125,40,57.894737243652344,14.285715103149414,0,0,5,5.263157844543457,0,0,0,17.12301254272461,25769803776,2147483648,15877718016,790495232
209,1790449696563,4,4,4,4,4,4,4,4,4,4,80.37767791748047,78.51248931884766,77.57660675048828,79.01941680908203,70.53497314453125,80.47093963623047,82.203125,28.571430206298828,33.333335876464844,40,33.333335876464844,23.809524536132813,10,9.523809432983398,9.090909004211426,0,0,17.12301254272461,25769803776,2147483648,15877718016,790495232
203,1790449696773,4,4,4,4,4,4,4,4,4,4,80.37767791748047,78.51248931884766,77.57660675048828,79.01941680908203,70.53497314453125,80.47093963623047,82.203125,50,45,18.18181800842285,9.090909004211426,4.761904716491699,4.545454502105713,9.523809432983398,0,4.545454502105713,0,17.06218147277832,25769803776,2147483648,15877718016,790495232
209,1790449696976,4,4,4,4,4,4,4,4,4,4,80.37767791748047,78.51248931884766,77.57660675048828,79.01941680908203,70.53497314453125,80.47093963623047,82.203125,50,33.333335876464844,30.000001907348633,10.526315689086914,5,5,10,0,0,0,17.06218147277832,25769803776,2147483648,15876521984,790495232
209,1790449697186,4,4,4,4,4,4,4,4,4,4,80.31085205078125,78.54798126220703,77.49781036376953,78.94344329833984,70.42362213134766,80.44070434570313,82.203125,33.333335876464844,42.85714340209961,23.809524536132813,31.81818199157715,9.523809432983398,15.000000953674316,9.523809432983398,0,4.761904716491699,0,17.06218147277832,25769803776,2147483648,15872884736,790495232
203,1790449697396,4,4,4,4,4,4,4,4,4,4,80.31085205078125,78.54798126220703,77.49781036376953,78.94344329833984,70.42362213134766,80.44070434570313,82.203125,55,38.095237731933594,14.285715103149414,0,0,4.761904716491699,9.523809432983398,0,0,0,17.06218147277832,25769803776,2147483648,15880765440,790495232
200,1790449697600,4,4,4,4,4,4,4,4,4,4,80.31085205078125,78.54798126220703,77.49781036376953,78.94344329833984,70.42362213134766,80.44070434570313,82.203125,35,47.619049072265625,25,19.047618865966797,28.571430206298828,20,9.523809432983398,0,0,4.761904716491699,17.06218147277832,25769803776,2147483648,15873900544,790495232
208,1790449697800,4,4,4,4,4,4,4,4,4,4,80.31085205078125,78.54798126220703,77.49781036376953,78.94344329833984,70.42362213134766,80.44070434570313,82.203125,50,36.842105865478516,45,15.000000953674316,4.761904716491699,9.523809432983398,10,4.761904716491699,0,0,16.931537628173828,25769803776,2147483648,15873900544,790495232
209,1790449698008,4,4,4,4,4,4,4,4,4,4,80.31085205078125,78.54798126220703,77.49781036376953,78.94344329833984,70.42362213134766,80.44070434570313,82.203125,50,54.54545593261719,14.285715103149414,9.523809432983398,4.761904716491699,4.761904716491699,0,0,0,0,16.931537628173828,25769803776,2147483648,15865430016,790495232
209,1790449698218,4,4,4,4,4,4,4,4,4,4,80.2625732421875,78.45574951171875,77.4751968383789,78.89877319335938,70.39366912841797,80.41456604003906,82.203125,45,45,19.047618865966797,20,20,9.523809432983398,4.761904716491699,0,0,0,16.931537628173828,25769803776,2147483648,15865462784,790495232
209,1790449698428,4,4,4,4,4,4,4,4,4,4,80.2625732421875,78.45574951171875,77.4751968383789,78.89877319335938,70.39366912841797,80.41456604003906,82.203125,55,38.095237731933594,9.523809432983398,4.761904716491699,4.545454502105713,4.761904716491699,9.523809432983398,4.545454502105713,4.545454502105713,0,16.931537628173828,25769803776,2147483648,15871541248,790495232
209,1790449698638,4,4,4,4,4,4,4,4,4,4,80.2625732421875,78.45574951171875,77.4751968383789,78.89877319335938,70.39366912841797,80.41456604003906,82.203125,40.90909194946289,50,10,4.761904716491699,14.285715103149414,10,13.636363983154297,4.761904716491699,0,0,16.931537628173828,25769803776,2147483648,15870754816,790495232
209,1790449698848,4,4,4,4,4,4,4,4,4,4,80.2625732421875,78.45574951171875,77.4751968383789,78.89877319335938,70.39366912841797,80.41456604003906,82.203125,47.619049072265625,68.18181610107422,14.285715103149414,14.285715103149414,10,13.636363983154297,5,0,0,0,17.004770278930664,25769803776,2147483648,15872196608,790495232
209,1790449699058,4,4,4,4,4,4,4,4,4,4,80.2625732421875,78.45574951171875,77.4751968383789,78.89877319335938,70.39366912841797,80.41456604003906,82.203125,52.38095474243164,38.095237731933594,18.18181800842285,9.090909004211426,4.761904716491699,0,9.523809432983398,0,0,0,17.004770278930664,25769803776,2147483648,15872229376,790495232
209,1790449699268,4,4,4,4,4,4,4,4,4,4,80.22745513916016,78.41300964355469,77.40677642822266,78.84471893310547,70.3555679321289,80.40483093261719,82.4375,35,28.571430206298828,42.85714340209961,14.285715103149414,13.636363983154297,33.333335876464844,9.523809432983398,0,4.545454502105713,0,17.004770278930664,25769803776,2147483648,15867527168,790495232
209,1790449699478,4,4,4,4,4,4,4,4,4,4,80.22745513916016,78.41300964355469,77.40677642822266,78.84471893310547,70.3555679321289,80.40483093261719,82.4375,50,52.38095474243164,9.523809432983398,0,0,4.545454502105713,9.090909004211426,4.545454502105713,0,0,17.004770278930664,25769803776,2147483648,15872458752,790495232
209,1790449699688,4,4,4,4,4,4,4,4,4,4,80.22745513916016,78.41300964355469,77.40677642822266,78.84471893310547,70.3555679321289,80.40483093261719,82.4375,40,52.38095474243164,10,9.090909004211426,22.72727394104004,5,9.523809432983398,0,4.761904716491699,0,16.83978271484375,25769803776,2147483648,15871016960,790495232
209,1790449699898,4,4,4,4,4,4,4,4,4,4,80.22745513916016,78.41300964355469,77.40677642822266,78.84471893310547,70.3555679321289,80.40483093261719,82.4375,38.095237731933594,60.000003814697266,14.285715103149414,15.000000953674316,10,4.761904716491699,5,0,0,0,16.83978271484375,25769803776,2147483648,15872884736,790495232
209,1790449700108,4,4,4,4,4,4,4,4,4,4,80.22745513916016,78.41300964355469,77.40677642822266,78.84471893310547,70.3555679321289,80.40483093261719,82.4375,57.142860412597656,45.45454788208008,19.047618865966797,4.761904716491699,4.761904716491699,9.090909004211426,13.636363983154297,0,0,0,16.83978271484375,25769803776,2147483648,15873785856,790495232
209,1790449700318,4,4,4,4,4,4,4,4,4,4,80.16020965576172,78.44111633300781,77.369140625,78.78581237792969,70.32003021240234,80.39347076416016,82.203125,38.095237731933594,25,42.85714340209961,25,13.636363983154297,15.000000953674316,5,0,0,0,16.83978271484375,25769803776,2147483648,15871410176,790495232
206,1790449700528,4,4,4,4,4,4,4,4,4,4,80.16020965576172,78.44111633300781,77.369140625,78.78581237792969,70.32003021240234,80.39347076416016,82.203125,50,42.85714340209961,22.72727394104004,9.090909004211426,0,9.090909004211426,9.523809432983398,0,0,0,16.83978271484375,25769803776,2147483648,15871410176,790495232
209,1790449700735,4,4,4,4,4,4,4,4,4,4,80.16020965576172,78.44111633300781,77.369140625,78.78581237792969,70.32003021240234,80.39347076416016,82.203125,60.000003814697266,52.38095474243164,45,14.285715103149414,9.523809432983398,4.761904716491699,9.523809432983398,4.761904716491699,4.761904716491699,0,16.866262435913086,25769803776,2147483648,15871410176,790495232
209,1790449700945,4,4,4,4,4,4,4,4,4,4,80.16020965576172,78.44111633300781,77.369140625,78.78581237792969,70.32003021240234,80.39347076416016,82.203125,33.333335876464844,38.095237731933594,14.285715103149414,10,45,9.523809432983398,5,4.545454502105713,0,0,16.866262435913086,25769803776,2147483648,15871410176,790495232
209,1790449701155,4,4,4,4,4,4,4,4,4,4,80.05107116699219,78.36407470703125,77.3287124633789,78.70731353759766,70.30311584472656,80.31574249267578,82.203125,60.000003814697266,45,14.285715103149414,9.090909004211426,9.090909004211426,0,9.090909004211426,10,4.545454502105713,0,16.866262435913086,25769803776,2147483648,15889678336,790495232
209,1790449701365,4,4,4,4,4,4,4,4,4,4,80.05107116699219,78.36407470703125,77.3287124633789,78.70731353759766,70.30311584472656,80.31574249267578,82.203125,57.142860412597656,36.3636360168457,30.000001907348633,15.000000953674316,14.285715103149414,9.523809432983398,9.523809432983398,9.523809432983398,0,0,16.866262435913086,25769803776,2147483648,15887024128,790495232
209,1790449701575,4,4,4,4,4,4,4,4,4,4,80.05107116699219,78.36407470703125,77.3287124633789,78.70731353759766,70.30311584472656,80.31574249267578,82.203125,71.42857360839844,28.571430206298828,27.272727966308594,18.18181800842285,10,9.523809432983398,5,0,0,0,16.866262435913086,25769803776,2147483648,15887024128,790495232
209,1790449701785,4,4,4,4,4,4,4,4,4,4,80.05107116699219,78.36407470703125,77.3287124633789,78.70731353759766,70.30311584472656,80.31574249267578,82.203125,52.38095474243164,55,23.809524536132813,5,4.761904716491699,4.761904716491699,9.090909004211426,4.545454502105713,0,0,16.858964920043945,25769803776,2147483648,15887024128,790495232
209,1790449701995,4,4,4,4,4,4,4,4,4,4,80.05107116699219,78.36407470703125,77.3287124633789,78.70731353759766,70.30311584472656,80.31574249267578,82.203125,42.85714340209961,59.09090805053711,19.047618865966797,23.809524536132813,9.523809432983398,9.523809432983398,5,4.545454502105713,4.545454502105713,0,16.858964920043945,25769803776,2147483648,15887024128,790495232
209,1790449702205,4,4,4,4,4,4,4,4,4,4,79.45600891113281,78.31617736816406,77.34959411621094,78.38995361328125,70.36107635498047,79.84666442871094,82.4375,42.85714340209961,52.38095474243164,35,14.285715103149414,13.636363983154297,10,9.090909004211426,0,0,0,16.858964920043945,25769803776,2147483648,15890284544,790495232
209,1790449702415,4,4,4,4,4,4,4,4,4,4,79.45600891113281,78.31617736816406,77.34959411621094,78.38995361328125,70.36107635498047,79.84666442871094,82.4375,63.6363639831543,38.095237731933594,14.285715103149414,4.761904716491699,4.761904716491699,13.636363983154297,9.523809432983398,0,4.545454502105713,0,16.858964920043945,25769803776,2147483648,15890448384,790495232
209,1790449702625,4,4,4,4,4,4,4,4,4,4,79.45600891113281,78.31617736816406,77.34959411621094,78.38995361328125,70.36107635498047,79.84666442871094,82.4375,31.57894515991211,50,19.047618865966797,19.047618865966797,19.047618865966797,14.285715103149414,5,0,0,0,16.858964920043945,25769803776,2147483648,15890448384,790495232
209,1790449702835,4,4,4,4,4,4,4,4,4,4,79.45600891113281,78.31617736816406,77.34959411621094,78.38995361328125,70.36107635498047,79.84666442871094,82.4375,59.09090805053711,38.095237731933594,9.523809432983398,4.761904716491699,0,0,9.090909004211426,0,0,4.545454502105713,16.29314422607422,25769803776,2147483648,15890448384,790495232
208,1790449703045,4,4,4,4,4,4,4,4,4,4,79.45600891113281,78.31617736816406,77.34959411621094,78.38995361328125,70.36107635498047,79.84666442871094,82.4375,57.142860412597656,33.333335876464844,23.809524536132813,18.18181800842285,25,19.047618865966797,5,4.761904716491699,0,0,16.29314422607422,25769803776,2147483648,15890448384,790495232
209,1790449703254,4,4,4,4,4,4,4,4,4,4,79.87134552001953,78.25428771972656,77.12957000732422,78.61427307128906,70.08296966552734,80.11974334716797,82.203125,38.095237731933594,66.66667175292969,9.523809432983398,10,9.090909004211426,9.090909004211426,9.523809432983398,0,4.545454502105713,0,16.29314422607422,25769803776,2147483648,15864365056,790495232
206,1790449703464,4,4,4,4,4,4,4,4,4,4,79.87134552001953,78.25428771972656,77.12957000732422,78.61427307128906,70.08296966552734,80.11974334716797,82.203125,52.38095474243164,47.619049072265625,14.285715103149414,9.523809432983398,4.761904716491699,4.761904716491699,9.090909004211426,0,0,0,16.29314422607422,25769803776,2147483648,15862644736,790495232
209,1790449703671,4,4,4,4,4,4,4,4,4,4,79.87134552001953,78.25428771972656,77.12957000732422,78.61427307128906,70.08296966552734,80.11974334716797,82.203125,25,30.000001907348633,23.809524536132813,14.285715103149414,35,19.047618865966797,5,0,0,0,15.77963638305664,25769803776,2147483648,15861284864,790495232
209,1790449703881,4,4,4,4,4,4,4,4,4,4,79.87134552001953,78.25428771972656,77.12957000732422,78.61427307128906,70.08296966552734,80.11974334716797,82.203125,61.904762268066406,38.095237731933594,14.285715103149414,0,4.761904716491699,0,0,4.545454502105713,0,0,15.77963638305664,25769803776,2147483648,15861284864,790495232
209,1790449704091,4,4,4,4,4,4,4,4,4,4,79.87134552001953,78.25428771972656,77.12957000732422,78.61427307128906,70.08296966552734,80.11974334716797,82.203125,57.142860412597656,23.809524536132813,28.571430206298828,31.81818199157715,20,19.047618865966797,9.523809432983398,0,0,0,15.77963638305664,25769803776,2147483648,15861284864,790495232
209,1790449704301,4,4,4,4,4,4,4,4,4,4,80.59681701660156,78.7691879272461,77.62548828125,79.0938720703125,70.55506134033203,80.75921630859375,83.5,45.45454788208008,42.85714340209961,19.047618865966797,5,8.69565200805664,4.761904716491699,5,0,0,4.545454502105713,15.77963638305664,25769803776,2147483648,15866167296,790495232
209,1790449704511,4,4,4,4,4,4,4,4,4,4,80.59681701660156,78.7691879272461,77.62548828125,79.0938720703125,70.55506134033203,80.75921630859375,83.5,45,45.45454788208008,10,4.761904716491699,5,19.047618865966797,13.043478012084961,0,0,0,15.77963638305664,25769803776,2147483648,15864365056,790495232
209,1790449704721,4,4,4,4,4,4,4,4,4,4,80.59681701660156,78.7691879272461,77.62548828125,79.0938720703125,70.55506134033203,80.75921630859375,83.5,47.619049072265625,20,42.85714340209961,13.636363983154297,14.285715103149414,18.18181800842285,5,0,0,0,18.43836784362793,25769803776,2147483648,15865970688,790495232
209,1790449704931,4,4,4,4,4,4,4,4,4,4,80.59681701660156,78.7691879272461,77.62548828125,79.0938720703125,70.55506134033203,80.75921630859375,83.5,50,47.619049072265625,14.285715103149414,9.523809432983398,5,4.761904716491699,9.523809432983398,0,0,0,18.43836784362793,25769803776,2147483648,15865970688,790495232
209,1790449705141,4,4,4,4,4,4,4,4,4,4,80.11852264404297,78.51516723632813,77.46563720703125,78.79409790039063,70.37265014648438,80.32872772216797,82.328125,38.095237731933594,35,27.272727966308594,25,13.636363983154297,23.809524536132813,9.523809432983398,4.545454502105713,8.69565200805664,0,18.43836784362793,25769803776,2147483648,15865970688,790495232
209,1790449705351,4,4,4,4,4,4,4,4,4,4,80.11852264404297,78.51516723632813,77.46563720703125,78.79409790039063,70.37265014648438,80.32872772216797,82.328125,54.54545593261719,50,10,4.761904716491699,0,0,4.761904716491699,0,0,0,18.43836784362793,25769803776,2147483648,15867527168,790495232
209,1790449705561,4,4,4,4,4,4,4,4,4,4,80.11852264404297,78.51516723632813,77.46563720703125,78.79409790039063,70.37265014648438,80.32872772216797,82.328125,30.000001907348633,38.095237731933594,23.809524536132813,14.285715103149414,22.72727394104004,4.761904716491699,9.523809432983398,0,0,0,18.43836784362793,25769803776,2147483648,15865774080,790495232
202,1790449705771,4,4,4,4,4,4,4,4,4,4,80.11852264404297,78.51516723632813,77.46563720703125,78.79409790039063,70.37265014648438,80.32872772216797,82.328125,45.45454788208008,57.142860412597656,22.72727394104004,14.285715103149414,9.523809432983398,23.809524536132813,9.523809432983398,0,0,0,16.775217056274414,25769803776,2147483648,15868198912,790495232
209,1790449705973,4,4,4,4,4,4,4,4,4,4,80.11852264404297,78.51516723632813,77.46563720703125,78.79409790039063,70.37265014648438,80.32872772216797,82.328125,55,40,5.555555820465088,4.761904716491699,0,0,9.523809432983398,4.761904716491699,0,0,16.775217056274414,25769803776,2147483648,15868395520,790495232
204,1790449706183,4,4,4,4,4,4,4,4,4,4,79.87971496582031,78.41351318359375,77.32952117919922,78.62254333496094,70.26860809326172,80.17503356933594,81.96875,38.095237731933594,33.333335876464844,31.81818199157715,28.571430206298828,13.636363983154297,19.047618865966797,5,0,0,0,16.775217056274414,25769803776,2147483648,15865348096,790495232
209,1790449706387,4,4,4,4,4,4,4,4,4,4,79.87971496582031,78.41351318359375,77.32952117919922,78.62254333496094,70.26860809326172,80.17503356933594,81.96875,42.105262756347656,61.904762268066406,10,5.263157844543457,0,4.761904716491699,4.761904716491699,4.761904716491699,9.523809432983398,0,16.775217056274414,25769803776,2147483648,15868788736,790495232
202,1790449706598,4,4,4,4,4,4,4,4,4,4,79.87971496582031,78.41351318359375,77.32952117919922,78.62254333496094,70.26860809326172,80.17503356933594,81.96875,42.85714340209961,45,19.047618865966797,9.090909004211426,22.72727394104004,4.761904716491699,5,0,0,0,16.775217056274414,25769803776,2147483648,15867412480,790495232
202,1790449706800,4,4,4,4,4,4,4,4,4,4,79.87971496582031,78.41351318359375,77.32952117919922,78.62254333496094,70.26860809326172,80.17503356933594,81.96875,40.90909194946289,30.000001907348633,47.619049072265625,15.789472579956055,10,15.789472579956055,13.636363983154297,0,0,0,16.404146194458008,25769803776,2147483648,15867412480,790495232
209,1790449707003,4,4,4,4,4,4,4,4,4,4,79.87971496582031,78.41351318359375,77.32952117919922,78.62254333496094,70.26860809326172,80.17503356933594,81.96875,50,47.619049072265625,10,9.090909004211426,5,4.761904716491699,0,0,4.761904716491699,0,16.404146194458008,25769803776,2147483648,15867412480,790495232
209,1790449707213,4,4,4,4,4,4,4,4,4,4,79.87366485595703,78.24822998046875,77.22903442382813,78.62921905517578,70.18074035644531,80.1811294555664,82.203125,45.45454788208008,42.85714340209961,23.809524536132813,28.571430206298828,13.636363983154297,14.285715103149414,9.523809432983398,0,4.545454502105713,0,16.404146194458008,25769803776,2147483648,15867412480,790495232
209,1790449707423,4,4,4,4,4,4,4,4,4,4,79.87366485595703,78.24822998046875,77.22903442382813,78.62921905517578,70.18074035644531,80.1811294555664,82.203125,47.619049072265625,55,9.523809432983398,0,0,0,5,0,0,0,16.404146194458008,25769803776,2147483648,15869509632,790495232
209,1790449707633,4,4,4,4,4,4,4,4,4,4,79.87366485595703,78.24822998046875,77.22903442382813,78.62921905517578,70.18074035644531,80.1811294555664,82.203125,52.38095474243164,33.333335876464844,22.72727394104004,23.809524536132813,9.090909004211426,9.090909004211426,13.043478012084961,0,0,4.545454502105713,16.404146194458008,25769803776,2147483648,15868297216,790495232
209,1790449707843,4,4,4,4,4,4,4,4,4,4,79.87366485595703,78.24822998046875,77.22903442382813,78.62921905517578,70.18074035644531,80.1811294555664,82.203125,47.619049072265625,38.095237731933594,20,14.285715103149414,10,28.571430206298828,9.523809432983398,8.69565200805664,0,0,16.494491577148438,25769803776,2147483648,15870672896,790495232
209,1790449708053,4,4,4,4,4,4,4,4,4,4,79.87366485595703,78.24822998046875,77.22903442382813,78.62921905517578,70.18074035644531,80.1811294555664,82.203125,50,47.619049072265625,9.523809432983398,4.761904716491699,4.545454502105713,4.545454502105713,5,0,0,0,16.494491577148438,25769803776,2147483648,15871000576,790495232
209,1790449708263,4,4,4,4,4,4,4,4,4,4,79.75904083251953,78.21639251708984,77.17753601074219,78.60308074951172,70.13499450683594,80.05195617675781,81.96875,54.54545593261719,28.571430206298828,10,33.333335876464844,19.047618865966797,10,9.523809432983398,0,0,0,16.494491577148438,25769803776,2147483648,15869247488,790495232
209,1790449708473,4,4,4,4,4,4,4,4,4,4,79.75904083251953,78.21639251708984,77.17753601074219,78.60308074951172,70.13499450683594,80.05195617675781,81.96875,60.000003814697266,42.85714340209961,18.18181800842285,9.090909004211426,4.761904716491699,4.761904716491699,9.523809432983398,0,0,0,16.494491577148438,25769803776,2147483648,15871115264,790495232
209,1790449708683,4,4,4,4,4,4,4,4,4,4,79.75904083251953,78.21639251708984,77.17753601074219,78.60308074951172,70.13499450683594,80.05195617675781,81.96875,42.85714340209961,40,52.38095474243164,5,14.285715103149414,4.761904716491699,9.523809432983398,4.545454502105713,4.545454502105713,0,16.53961181640625,25769803776,2147483648,15861219328,790495232
209,1790449708893,4,4,4,4,4,4,4,4,4,4,79.75904083251953,78.21639251708984,77.17753601074219,78.60308074951172,70.13499450683594,80.05195617675781,81.96875,47.619049072265625,34.78260803222656,25,33.333335876464844,14.285715103149414,9.523809432983398,9.523809432983398,0,0,0,16.53961181640625,25769803776,2147483648,15863332864,790495232
209,1790449709103,4,4,4,4,4,4,4,4,4,4,79.75904083251953,78.21639251708984,77.17753601074219,78.60308074951172,70.13499450683594,80.05195617675781,81.96875,61.904762268066406,30.000001907348633,14.285715103149414,4.761904716491699,0,4.761904716491699,9.523809432983398,0,0,0,16.53961181640625,25769803776,2147483648,15863332864,790495232
209,1790449709313,4,4,4,4,4,4,4,4,4,4,79.6635513305664,78.28067016601563,77.18492126464844,78.57235717773438,70.10758972167969,79.98544311523438,82.203125,27.272727966308594,80,14.285715103149414,19.047618865966797,13.636363983154297,14.285715103149414,9.523809432983398,0,0,0,16.53961181640625,25769803776,2147483648,15863332864,790495232
209,1790449709523,4,4,4,4,4,4,4,4,4,4,79.6635513305664,78.28067016601563,77.18492126464844,78.57235717773438,70.10758972167969,79.98544311523438,82.203125,47.619049072265625,59.09090805053711,13.636363983154297,0,0,0,9.523809432983398,0,0,0,16.53961181640625,25769803776,2147483648,15864053760,790495232
204,1790449709733,4,4,4,4,4,4,4,4,4,4,79.6635513305664,78.28067016601563,77.18492126464844,78.57235717773438,70.10758972167969,79.98544311523438,82.203125,60.000003814697266,33.333335876464844,23.809524536132813,9.090909004211426,9.090909004211426,5,0,0,0,0,16.58289337158203,25769803776,2147483648,15864332288,790495232
209,1790449709937,4,4,4,4,4,4,4,4,4,4,79.6635513305664,78.28067016601563,77.18492126464844,78.57235717773438,70.10758972167969,79.98544311523438,82.203125,40,55,15.000000953674316,14.285715103149414,20,14.285715103149414,9.523809432983398,4.761904716491699,0,4.761904716491699,16.58289337158203,25769803776,2147483648,15866494976,790495232
203,1790449710147,4,4,4,4,4,4,4,4,4,4,79.5673599243164,78.14071655273438,77.10910034179688,78.54730224609375,70.0582504272461,79.9395980834961,82.203125,50,50,14.285715103149414,4.761904716491699,4.761904716491699,4.761904716491699,9.523809432983398,4.545454502105713,0,0,16.58289337158203,25769803776,2147483648,15864610816,790495232
202,1790449710350,4,4,4,4,4,4,4,4,4,4,79.5673599243164,78.14071655273438,77.10910034179688,78.54730224609375,70.0582504272461,79.9395980834961,82.203125,31.57894515991211,28.571430206298828,25,15.000000953674316,10,52.38095474243164,10,0,0,4.761904716491699,16.58289337158203,25769803776,2147483648,15862218752,790495232
209,1790449710553,4,4,4,4,4,4,4,4,4,4,79.5673599243164,78.14071655273438,77.10910034179688,78.54730224609375,70.0582504272461,79.9395980834961,82.203125,42.85714340209961,65,5,0,5,0,10,0,9.090909004211426,0,16.58289337158203,25769803776,2147483648,15864971264,790495232
209,1790449710763,4,4,4,4,4,4,4,4,4,4,79.5673599243164,78.14071655273438,77.10910034179688,78.54730224609375,70.0582504272461,79.9395980834961,82.203125,42.85714340209961,42.85714340209961,15.000000953674316,5,19.047618865966797,9.523809432983398,5,0,0,0,16.458967208862305,25769803776,2147483648,15862972416,790495232
203,1790449710973,4,4,4,4,4,4,4,4,4,4,79.5673599243164,78.14071655273438,77.10910034179688,78.54730224609375,70.0582504272461,79.9395980834961,82.203125,35,57.142860412597656,23.809524536132813,22.72727394104004,9.523809432983398,9.523809432983398,13.636363983154297,4.545454502105713,0,0,16.458967208862305,25769803776,2147483648,15859777536,790495232
202,1790449711177,4,4,4,4,4,4,4,4,4,4,79.4533920288086,78.1038818359375,77.04515075683594,78.4623794555664,70.00218963623047,79.84162902832031,81.734375,66.66667175292969,30.000001907348633,9.523809432983398,0,4.761904716491699,4.761904716491699,9.523809432983398,0,0,0,16.458967208862305,25769803776,2147483648,15865430016,790495232
209,1790449711380,4,4,4,4,4,4,4,4,4,4,79.4533920288086,78.1038818359375,77.04515075683594,78.4623794555664,70.00218963623047,79.84162902832031,81.734375,40,20,19.047618865966797,15.000000953674316,25,25,5.263157844543457,0,0,0,16.458967208862305,25769803776,2147483648,15865004032,790495232
209,1790449711590,4,4,4,4,4,4,4,4,4,4,79.4533920288086,78.1038818359375,77.04515075683594,78.4623794555664,70.00218963623047,79.84162902832031,81.734375,38.095237731933594,42.85714340209961,28.571430206298828,13.636363983154297,33.333335876464844,10,9.523809432983398,0,0,0,16.458967208862305,25769803776,2147483648,15866331136,790495232
208,1790449711800,4,4,4,4,4,4,4,4,4,4,79.4533920288086,78.1038818359375,77.04515075683594,78.4623794555664,70.00218963623047,79.84162902832031,81.734375,52.38095474243164,50,14.285715103149414,0,4.545454502105713,4.545454502105713,9.090909004211426,8.69565200805664,0,0,16.399890899658203,25769803776,2147483648,15866331136,790495232
209,1790449712008,4,4,4,4,4,4,4,4,4,4,79.4533920288086,78.1038818359375,77.04515075683594,78.4623794555664,70.00218963623047,79.84162902832031,81.734375,55,30.000001907348633,33.333335876464844,23.809524536132813,10,5.263157844543457,0,0,0,0,16.399890899658203,25769803776,2147483648,15866331136,790495232
203,1790449712218,4,4,4,4,4,4,4,4,4,4,79.39635467529297,77.94190979003906,76.92432403564453,78.4234390258789,69.88658905029297,79.79125213623047,82.203125,45.45454788208008,57.142860412597656,10,4.761904716491699,4.761904716491699,8.69565200805664,9.523809432983398,0,0,0,16.399890899658203,25769803776,2147483648,15866331136,790495232
203,1790449712422,4,4,4,4,4,4,4,4,4,4,79.39635467529297,77.94190979003906,76.92432403564453,78.4234390258789,69.88658905029297,79.79125213623047,82.203125,57.894737243652344,33.333335876464844,14.285715103149414,20,5,5,9.523809432983398,0,0,0,16.399890899658203,25769803776,2147483648,15866331136,790495232
209,1790449712625,4,4,4,4,4,4,4,4,4,4,79.39635467529297,77.94190979003906,76.92432403564453,78.4234390258789,69.88658905029297,79.79125213623047,82.203125,27.272727966308594,30.000001907348633,25,42.85714340209961,25,10,10,0,4.761904716491699,0,16.399890899658203,25769803776,2147483648,15853338624,790495232
200,1790449712835,4,4,4,4,4,4,4,4,4,4,79.39635467529297,77.94190979003906,76.92432403564453,78.4234390258789,69.88658905029297,79.79125213623047,82.203125,45,52.38095474243164,9.523809432983398,0,9.090909004211426,0,9.523809432983398,0,4.545454502105713,0,16.410465240478516,25769803776,2147483648,15859531776,790495232
209,1790449713036,4,4,4,4,4,4,4,4,4,4,79.39635467529297,77.94190979003906,76.92432403564453,78.4234390258789,69.88658905029297,79.79125213623047,82.203125,42.85714340209961,30.000001907348633,5.263157844543457,19.047618865966797,5,35,0,10,0,0,16.410465240478516,25769803776,2147483648,15859531776,790495232
209,1790449713246,4,4,4,4,4,4,4,4,4,4,79.31178283691406,77.86160278320313,76.85494995117188,78.35757446289063,69.88700103759766,79.75664520263672,81.734375,45,42.85714340209961,22.72727394104004,33.333335876464844,10,14.285715103149414,0,13.636363983154297,0,0,16.410465240478516,25769803776,2147483648,15859531776,790495232
203,1790449713456,4,4,4,4,4,4,4,4,4,4,79.31178283691406,77.86160278320313,76.85494995117188,78.35757446289063,69.88700103759766,79.75664520263672,81.734375,57.142860412597656,42.85714340209961,9.523809432983398,0,4.545454502105713,0,13.636363983154297,0,0,0,16.410465240478516,25769803776,2147483648,15859531776,790495232
201,1790449713659,4,4,4,4,4,4,4,4,4,4,79.31178283691406,77.86160278320313,76.85494995117188,78.35757446289063,69.88700103759766,79.75664520263672,81.734375,35,15.000000953674316,55,14.285715103149414,10.526315689086914,26.3157901763916,5.263157844543457,0,0,0,16.337547302246094,25769803776,2147483648,15855763456,790495232
209,1790449713861,4,4,4,4,4,4,4,4,4,4,79.31178283691406,77.86160278320313,76.85494995117188,78.35757446289063,69.88700103759766,79.75664520263672,81.734375,55,40,25,5,4.761904716491699,9.090909004211426,9.523809432983398,0,0,0,16.337547302246094,25769803776,2147483648,15861055488,790495232
209,1790449714071,4,4,4,4,4,4,4,4,4,4,79.31178283691406,77.86160278320313,76.85494995117188,78.35757446289063,69.88700103759766,79.75664520263672,81.734375,42.85714340209961,38.095237731933594,9.523809432983398,9.090909004211426,23.809524536132813,5,5,0,0,0,16.337547302246094,25769803776,2147483648,15861055488,790495232
203,1790449714281,4,4,4,4,4,4,4,4,4,4,79.28064727783203,77.91983032226563,76.87548828125,78.33399963378906,69.90535736083984,79.74087524414063,81.5,30.000001907348633,47.619049072265625,19.047618865966797,23.809524536132813,15.000000953674316,22.72727394104004,9.090909004211426,0,4.761904716491699,0,16.337547302246094,25769803776,2147483648,15861055488,790495232
209,1790449714485,4,4,4,4,4,4,4,4,4,4,79.28064727783203,77.91983032226563,76.87548828125,78.33399963378906,69.90535736083984,79.74087524414063,81.5,57.142860412597656,42.85714340209961,10,5,9.090909004211426,0,5,9.090909004211426,0,4.761904716491699,16.337547302246094,25769803776,2147483648,15861055488,790495232
207,1790449714695,4,4,4,4,4,4,4,4,4,4,79.28064727783203,77.91983032226563,76.87548828125,78.33399963378906,69.90535736083984,79.74087524414063,81.5,61.904762268066406,25,22.72727394104004,4.761904716491699,15.000000953674316,4.761904716491699,9.523809432983398,0,4.761904716491699,0,16.33424186706543,25769803776,2147483648,15855697920,790495232
209,1790449714902,4,4,4,4,4,4,4,4,4,4,79.28064727783203,77.91983032226563,76.87548828125,78.33399963378906,69.90535736083984,79.74087524414063,81.5,42.85714340209961,66.66667175292969,14.285715103149414,14.285715103149414,14.285715103149414,14.285715103149414,5,0,0,0,16.33424186706543,25769803776,2147483648,15861825536,790495232
205,1790449715112,4,4,4,4,4,4,4,4,4,4,79.28064727783203,77.91983032226563,76.87548828125,78.33399963378906,69.90535736083984,79.74087524414063,81.5,47.619049072265625,52.38095474243164,10,0,4.761904716491699,0,13.636363983154297,0,0,0,16.33424186706543,25769803776,2147483648,15862071296,790495232
200,1790449715318,4,4,4,4,4,4,4,4,4,4,79.2012939453125,77.87936401367188,76.71333312988281,78.23640441894531,69.76654815673828,79.67961883544922,81.5,55,36.842105865478516,19.047618865966797,14.285715103149414,19.047618865966797,23.809524536132813,10,0,0,0,16.33424186706543,25769803776,2147483648,15862071296,790495232
209,1790449715518,4,4,4,4,4,4,4,4,4,4,79.2012939453125,77.87936401367188,76.71333312988281,78.23640441894531,69.76654815673828,79.67961883544922,81.5,61.904762268066406,40.90909194946289,10,0,0,5,5.263157844543457,0,0,0,16.33424186706543,25769803776,2147483648,15862071296,790495232
205,1790449715728,4,4,4,4,4,4,4,4,4,4,79.2012939453125,77.87936401367188,76.71333312988281,78.23640441894531,69.76654815673828,79.67961883544922,81.5,45,60.000003814697266,10,4.761904716491699,9.090909004211426,4.761904716491699,13.636363983154297,0,0,0,16.204986572265625,25769803776,2147483648,15860989952,790495232
209,1790449715934,4,4,4,4,4,4,4,4,4,4,79.2012939453125,77.87936401367188,76.71333312988281,78.23640441894531,69.76654815673828,79.67961883544922,81.5,33.333335876464844,38.095237731933594,19.047618865966797,23.809524536132813,30.000001907348633,15.000000953674316,9.523809432983398,4.761904716491699,4.761904716491699,0,16.204986572265625,25769803776,2147483648,15857680384,790495232
209,1790449716144,4,4,4,4,4,4,4,4,4,4,79.16439056396484,77.89918518066406,76.67704010009766,78.20535278320313,69.7253189086914,79.67019653320313,81.5,61.904762268066406,38.095237731933594,10,4.761904716491699,4.761904716491699,4.761904716491699,5,0,0,0,16.204986572265625,25769803776,2147483648,15863578624,790495232
201,1790449716354,4,4,4,4,4,4,4,4,4,4,79.16439056396484,77.89918518066406,76.67704010009766,78.20535278320313,69.7253189086914,79.67019653320313,81.5,42.85714340209961,45,21.7391300201416,9.523809432983398,14.285715103149414,4.761904716491699,13.636363983154297,0,4.761904716491699,0,16.204986572265625,25769803776,2147483648,15858057216,790495232
209,1790449716556,4,4,4,4,4,4,4,4,4,4,79.16439056396484,77.89918518066406,76.67704010009766,78.20535278320313,69.7253189086914,79.67019653320313,81.5,45,61.904762268066406,21.052631378173828,15.000000953674316,14.285715103149414,15.000000953674316,0,4.761904716491699,0,0,16.204986572265625,25769803776,2147483648,15866216448,790495232
209,1790449716766,4,4,4,4,4,4,4,4,4,4,79.16439056396484,77.89918518066406,76.67704010009766,78.20535278320313,69.7253189086914,79.67019653320313,81.5,47.619049072265625,52.38095474243164,14.285715103149414,9.090909004211426,0,0,4.545454502105713,0,0,0,16.23354148864746,25769803776,2147483648,15865004032,790495232
209,1790449716976,4,4,4,4,4,4,4,4,4,4,79.16439056396484,77.89918518066406,76.67704010009766,78.20535278320313,69.7253189086914,79.67019653320313,81.5,30.000001907348633,19.047618865966797,27.272727966308594,28.571430206298828,38.095237731933594,14.285715103149414,9.523809432983398,4.545454502105713,0,0,16.23354148864746,25769803776,2147483648,15860219904,790495232
209,1790449717186,4,4,4,4,4,4,4,4,4,4,79.09290313720703,77.77545166015625,76.63636016845703,78.16596984863281,69.70301818847656,79.60041809082031,81.5,45.45454788208008,50,9.523809432983398,10,4.761904716491699,4.761904716491699,5,0,0,0,16.23354148864746,25769803776,2147483648,15865577472,790495232
209,1790449717396,4,4,4,4,4,4,4,4,4,4,79.09290313720703,77.77545166015625,76.63636016845703,78.16596984863281,69.70301818847656,79.60041809082031,81.5,71.42857360839844,28.571430206298828,15.000000953674316,4.761904716491699,4.761904716491699,4.761904716491699,13.636363983154297,0,0,0,16.23354148864746,25769803776,2147483648,15863496704,790495232
209,1790449717606,4,4,4,4,4,4,4,4,4,4,79.09290313720703,77.77545166015625,76.63636016845703,78.16596984863281,69.70301818847656,79.60041809082031,81.5,57.142860412597656,47.619049072265625,22.72727394104004,14.285715103149414,9.523809432983398,9.523809432983398,0,9.523809432983398,4.545454502105713,0,16.23354148864746,25769803776,2147483648,15860285440,790495232
209,1790449717816,4,4,4,4,4,4,4,4,4,4,79.09290313720703,77.77545166015625,76.63636016845703,78.16596984863281,69.70301818847656,79.60041809082031,81.5,60.000003814697266,38.095237731933594,10,9.090909004211426,4.761904716491699,4.761904716491699,5,0,0,0,16.211071014404297,25769803776,2147483648,15866085376,790495232
199,1790449718026,4,4,4,4,4,4,4,4,4,4,79.09290313720703,77.77545166015625,76.63636016845703,78.16596984863281,69.70301818847656,79.60041809082031,81.5,27.272727966308594,50,28.571430206298828,10.526315689086914,9.523809432983398,9.090909004211426,9.523809432983398,4.761904716491699,0,0,16.211071014404297,25769803776,2147483648,15866691584,790495232
209,1790449718226,4,4,4,4,4,4,4,4,4,4,79.0328369140625,77.67547607421875,76.63351440429688,78.12783813476563,69.73816680908203,79.55545806884766,81.265625,42.105262756347656,63.15789031982422,15.000000953674316,14.285715103149414,14.285715103149414,5.263157844543457,13.636363983154297,0,5,0,16.211071014404297,25769803776,2147483648,15866691584,790495232
209,1790449718436,4,4,4,4,4,4,4,4,4,4,79.0328369140625,77.67547607421875,76.63351440429688,78.12783813476563,69.73816680908203,79.55545806884766,81.265625,61.904762268066406,47.619049072265625,14.285715103149414,4.761904716491699,5,9.090909004211426,5,4.545454502105713,0,0,16.211071014404297,25769803776,2147483648,15866691584,790495232
209,1790449718646,4,4,4,4,4,4,4,4,4,4,79.0328369140625,77.67547607421875,76.63351440429688,78.12783813476563,69.73816680908203,79.55545806884766,81.265625,38.095237731933594,28.571430206298828,19.047618865966797,23.809524536132813,28.571430206298828,20,9.523809432983398,0,4.761904716491699,0,16.11739730834961,25769803776,2147483648,15866691584,790495232
209,1790449718856,4,4,4,4,4,4,4,4,4,4,79.0328369140625,77.67547607421875,76.63351440429688,78.12783813476563,69.73816680908203,79.55545806884766,81.265625,42.85714340209961,38.095237731933594,28.571430206298828,4.761904716491699,4.761904716491699,4.545454502105713,5,0,0,9.090909004211426,16.11739730834961,25769803776,2147483648,15867248640,790495232
209,1790449719066,4,4,4,4,4,4,4,4,4,4,79.0328369140625,77.67547607421875,76.63351440429688,78.12783813476563,69.73816680908203,79.55545806884766,81.265625,59.09090805053711,38.095237731933594,14.285715103149414,4.761904716491699,4.761904716491699,10,13.636363983154297,0,0,0,16.11739730834961,25769803776,2147483648,15865200640,790495232
209,1790449719276,4,4,4,4,4,4,4,4,4,4,78.99129486083984,77.68780517578125,76.53060150146484,78.10474395751953,69.56084442138672,79.51514434814453,81.734375,60.000003814697266,25,19.047618865966797,19.047618865966797,9.523809432983398,23.809524536132813,0,0,0,0,16.11739730834961,25769803776,2147483648,15865200640,790495232
209,1790449719486,4,4,4,4,4,4,4,4,4,4,78.99129486083984,77.68780517578125,76.53060150146484,78.10474395751953,69.56084442138672,79.51514434814453,81.734375,61.904762268066406,45.45454788208008,5,9.090909004211426,4.761904716491699,0,9.090909004211426,4.545454502105713,0,0,16.11739730834961,25769803776,2147483648,15865200640,790495232
209,1790449719696,4,4,4,4,4,4,4,4,4,4,78.99129486083984,77.68780517578125,76.53060150146484,78.10474395751953,69.56084442138672,79.51514434814453,81.734375,57.142860412597656,28.571430206298828,13.636363983154297,5,28.571430206298828,9.523809432983398,0,9.523809432983398,0,0,16.19430923461914,25769803776,2147483648,15865200640,790495232
209,1790449719906,4,4,4,4,4,4,4,4,4,4,78.99129486083984,77.68780517578125,76.53060150146484,78.10474395751953,69.56084442138672,79.51514434814453,81.734375,57.142860412597656,30.000001907348633,35,9.523809432983398,5,9.523809432983398,5,0,0,0,16.19430923461914,25769803776,2147483648,15868657664,790495232
209,1790449720116,4,4,4,4,4,4,4,4,4,4,78.99129486083984,77.68780517578125,76.53060150146484,78.10474395751953,69.56084442138672,79.51514434814453,81.734375,47.619049072265625,47.619049072265625,33.333335876464844,4.761904716491699,18.18181800842285,0,9.523809432983398,0,8.69565200805664,0,16.19430923461914,25769803776,2147483648,15860367360,790495232
209,1790449720326,4,4,4,4,4,4,4,4,4,4,78.9523696899414,77.539306640625,76.55144500732422,78.00580596923828,69.6081771850586,79.47509002685547,81.734375,80.95238494873047,31.81818199157715,14.285715103149414,14.285715103149414,9.523809432983398,13.636363983154297,9.090909004211426,0,0,0,16.19430923461914,25769803776,2147483648,15858466816,790495232
209,1790449720536,4,4,4,4,4,4,4,4,4,4,78.9523696899414,77.539306640625,76.55144500732422,78.00580596923828,69.6081771850586,79.47509002685547,81.734375,40,71.42857360839844,13.636363983154297,5,9.523809432983398,9.090909004211426,9.523809432983398,4.761904716491699,0,0,16.19430923461914,25769803776,2147483648,15855157248,790495232
200,1790449720746,4,4,4,4,4,4,4,4,4,4,78.9523696899414,77.539306640625,76.55144500732422,78.00580596923828,69.6081771850586,79.47509002685547,81.734375,50,45,14.285715103149414,13.636363983154297,0,0,9.523809432983398,0,0,0,16.05234146118164,25769803776,2147483648,15855157248,790495232
202,1790449720947,4,4,4,4,4,4,4,4,4,4,78.9523696899414,77.539306640625,76.55144500732422,78.00580596923828,69.6081771850586,79.47509002685547,81.734375,35,55,15.000000953674316,15.000000953674316,30.000001907348633,15.000000953674316,10,4.761904716491699,0,0,16.05234146118164,25769803776,2147483648,15856680960,790495232
209,1790449721149,4,4,4,4,4,4,4,4,4,4,78.90045166015625,77.62379455566406,76.48819732666016,77.9229507446289,69.50477600097656,79.4080810546875,81.265625,70,33.333335876464844,5.263157844543457,5,4.761904716491699,4.761904716491699,10,0,0,0,16.05234146118164,25769803776,2147483648,15862595584,790495232
201,1790449721359,4,4,4,4,4,4,4,4,4,4,78.90045166015625,77.62379455566406,76.48819732666016,77.9229507446289,69.50477600097656,79.4080810546875,81.265625,35,38.095237731933594,14.285715103149414,9.523809432983398,28.571430206298828,4.761904716491699,5,0,0,0,16.05234146118164,25769803776,2147483648,15860596736,790495232
209,1790449721561,4,4,4,4,4,4,4,4,4,4,78.90045166015625,77.62379455566406,76.48819732666016,77.9229507446289,69.50477600097656,79.4080810546875,81.265625,40,36.842105865478516,15.000000953674316,35,10.526315689086914,10,4.761904716491699,10,4.761904716491699,0,16.05234146118164,25769803776,2147483648,15860596736,790495232
209,1790449721771,4,4,4,4,4,4,4,4,4,4,78.90045166015625,77.62379455566406,76.48819732666016,77.9229507446289,69.50477600097656,79.4080810546875,81.265625,52.38095474243164,47.619049072265625,14.285715103149414,9.523809432983398,4.545454502105713,4.761904716491699,4.761904716491699,0,4.545454502105713,0,16.058555603027344,25769803776,2147483648,15860596736,790495232
203,1790449721981,4,4,4,4,4,4,4,4,4,4,78.90045166015625,77.62379455566406,76.48819732666016,77.9229507446289,69.50477600097656,79.4080810546875,81.265625,50,50,14.285715103149414,15.000000953674316,9.523809432983398,5,4.761904716491699,0,0,0,16.058555603027344,25769803776,2147483648,15860056064,790495232
209,1790449722185,4,4,4,4,4,4,4,4,4,4,78.892578125,77.43492126464844,76.55419921875,77.86344146728516,69.59442138671875,79.35650634765625,81.265625,45,65,14.285715103149414,14.285715103149414,14.285715103149414,14.285715103149414,0,9.523809432983398,0,0,16.058555603027344,25769803776,2147483648,15863578624,790495232
209,1790449722395,4,4,4,4,4,4,4,4,4,4,78.892578125,77.43492126464844,76.55419921875,77.86344146728516,69.59442138671875,79.35650634765625,81.265625,57.142860412597656,40,14.285715103149414,4.761904716491699,0,0,9.523809432983398,0,4.761904716491699,0,16.058555603027344,25769803776,2147483648,15863693312,790495232
7,1790449722605,4,4,4,4,4,4,4,4,4,4,78.892578125,77.43492126464844,76.55419921875,77.86344146728516,69.59442138671875,79.35650634765625,81.265625,71.42857360839844,33.333335876464844,20,27.272727966308594,14.285715103149414,14.285715103149414,23.809524536132813,20,25,0,16.058555603027344,25769803776,2147483648,15080554496,790495232
