Delta,Time,CPU_FREQUENCY_0,CPU_FREQUENCY_1,CPU_FREQUENCY_2,CPU_FREQUENCY_3,CPU_FREQUENCY_4,CPU_FREQUENCY_5,CPU_FREQUENCY_6,CPU_FREQUENCY_7,CPU_FREQUENCY_8,CPU_FREQUENCY_9,CPU_TEMP_0,CPU_TEMP_1,CPU_TEMP_2,CPU_TEMP_3,CPU_TEMP_4,CPU_TEMP_5,CPU_TEMP_6,CPU_USAGE_0,CPU_USAGE_1,CPU_USAGE_2,CPU_USAGE_3,CPU_USAGE_4,CPU_USAGE_5,CPU_USAGE_6,CPU_USAGE_7,CPU_USAGE_8,CPU_USAGE_9,SYSTEM_POWER (Watts),TOTAL_MEMORY,TOTAL_SWAP,USED_MEMORY,USED_SWAP
0,1790454918355,4,4,4,4,4,4,4,4,4,4,65.63826751708984,65.98243713378906,65.87081146240234,64.99174499511719,58.755306243896484,65.75990295410156,73.1875,50,NaN,NaN,0,0,0,0,0,0,NaN,2.7804346084594727,25769803776,2147483648,17645846528,765329408
203,1790454918355,4,4,4,4,4,4,4,4,4,4,65.63826751708984,65.98243713378906,65.87081146240234,64.99174499511719,58.755306243896484,65.75990295410156,73.1875,NaN,0,0,0,0,0,NaN,0,NaN,0,2.7804346084594727,25769803776,2147483648,17645715456,765329408
204,1790454918559,4,4,4,4,4,4,4,4,4,4,65.63826751708984,65.98243713378906,65.87081146240234,64.99174499511719,58.755306243896484,65.75990295410156,73.1875,10,9.523809432983398,9.090909004211426,0,0,0,10,15.789472579956055,57.142860412597656,14.285715103149414,2.7804346084594727,25769803776,2147483648,17745428480,765329408
204,1790454918764,4,4,4,4,4,4,4,4,4,4,65.63826751708984,65.98243713378906,65.87081146240234,64.99174499511719,58.755306243896484,65.75990295410156,73.1875,0,0,0,0,0,0,100,9.523809432983398,4.545454502105713,0,2.7804346084594727,25769803776,2147483648,17750147072,765329408
204,1790454918969,4,4,4,4,4,4,4,4,4,4,65.63826751708984,65.98243713378906,65.87081146240234,64.99174499511719,58.755306243896484,65.75990295410156,73.1875,4.761904716491699,0,0,0,0,0,61.904762268066406,0,5,38.095237731933594,2.788754940032959,25769803776,2147483648,17750147072,765329408
204,1790454919174,4,4,4,4,4,4,4,4,4,4,65.63826751708984,65.98243713378906,65.87081146240234,64.99174499511719,58.755306243896484,65.75990295410156,73.1875,4.761904716491699,0,4.761904716491699,0,0,0,20,5,0,0,2.788754940032959,25769803776,2147483648,18401951744,765329408
204,1790454919379,4,4,4,4,4,4,4,4,4,4,71.10305786132813,73.55021667480469,70.29169464111328,69.64861297607422,62.81017303466797,71.86082458496094,96.390625,5.263157844543457,5,0,0,0,0,9.523809432983398,0,0,0,2.788754940032959,25769803776,2147483648,18406080512,765329408
204,1790454919584,4,4,4,4,4,4,4,4,4,4,71.10305786132813,73.55021667480469,70.29169464111328,69.64861297607422,62.81017303466797,71.86082458496094,96.390625,14.285715103149414,5,0,4.761904716491699,0,0,5,4.761904716491699,0,0,2.788754940032959,25769803776,2147483648,18406080512,765329408
203,1790454919789,4,4,4,4,4,4,4,4,4,4,71.10305786132813,73.55021667480469,70.29169464111328,69.64861297607422,62.81017303466797,71.86082458496094,96.390625,0,0,0,4.761904716491699,0,0,0,0,0,0,2.788754940032959,25769803776,2147483648,18406080512,765329408
204,1790454919993,4,4,4,4,4,4,4,4,4,4,71.10305786132813,73.55021667480469,70.29169464111328,69.64861297607422,62.81017303466797,71.86082458496094,96.390625,13.636363983154297,0,0,0,0,0,4.761904716491699,0,0,0,6.519260883331299,25769803776,2147483648,18406080512,765329408
204,1790454920198,4,4,4,4,4,4,4,4,4,4,71.10305786132813,73.55021667480469,70.29169464111328,69.64861297607422,62.81017303466797,71.86082458496094,96.390625,5.263157844543457,4.761904716491699,4.761904716491699,0,0,0,0,0,0,0,6.519260883331299,25769803776,2147483648,18398101504,765329408
200,1790454920403,4,4,4,4,4,4,4,4,4,4,76.89857482910156,70.35018920898438,69.84841918945313,74.57685089111328,62.705909729003906,75.93827819824219,78.4375,14.285715103149414,4.761904716491699,0,0,0,0,4.545454502105713,4.761904716491699,0,0,6.519260883331299,25769803776,2147483648,18393595904,765329408
204,1790454920604,4,4,4,4,4,4,4,4,4,4,76.89857482910156,70.35018920898438,69.84841918945313,74.57685089111328,62.705909729003906,75.93827819824219,78.4375,15.000000953674316,0,0,0,0,0,5.263157844543457,0,0,0,6.519260883331299,25769803776,2147483648,18382815232,765329408
204,1790454920809,4,4,4,4,4,4,4,4,4,4,76.89857482910156,70.35018920898438,69.84841918945313,74.57685089111328,62.705909729003906,75.93827819824219,78.4375,10,0,4.761904716491699,0,0,0,4.761904716491699,0,0,0,6.519260883331299,25769803776,2147483648,18382880768,765329408
204,1790454921014,4,4,4,4,4,4,4,4,4,4,76.89857482910156,70.35018920898438,69.84841918945313,74.57685089111328,62.705909729003906,75.93827819824219,78.4375,14.285715103149414,9.090909004211426,0,0,0,0,5,0,0,0,21.98881721496582,25769803776,2147483648,18382880768,765329408
204,1790454921219,4,4,4,4,4,4,4,4,4,4,76.89857482910156,70.35018920898438,69.84841918945313,74.57685089111328,62.705909729003906,75.93827819824219,78.4375,10,0,0,0,0,0,9.090909004211426,0,0,0,21.98881721496582,25769803776,2147483648,18384748544,765329408
204,1790454921424,4,4,4,4,4,4,4,4,4,4,77.44505310058594,72.54901123046875,71.8174057006836,75.25206756591797,64.65007019042969,76.79049682617188,78.671875,5,0,0,0,0,0,0,0,0,0,21.98881721496582,25769803776,2147483648,18382880768,765329408
204,1790454921629,4,4,4,4,4,4,4,4,4,4,77.44505310058594,72.54901123046875,71.8174057006836,75.25206756591797,64.65007019042969,76.79049682617188,78.671875,13.636363983154297,0,4.761904716491699,0,0,0,5,0,0,0,21.98881721496582,25769803776,2147483648,18383077376,765329408
203,1790454921834,4,4,4,4,4,4,4,4,4,4,77.44505310058594,72.54901123046875,71.8174057006836,75.25206756591797,64.65007019042969,76.79049682617188,78.671875,10.526315689086914,9.090909004211426,4.761904716491699,4.761904716491699,4.545454502105713,0,9.523809432983398,0,0,0,21.573816299438477,25769803776,2147483648,18383077376,765329408
202,1790454922037,4,4,4,4,4,4,4,4,4,4,77.44505310058594,72.54901123046875,71.8174057006836,75.25206756591797,64.65007019042969,76.79049682617188,78.671875,23.809524536132813,10.526315689086914,5.263157844543457,0,0,0,10,13.636363983154297,0,0,21.573816299438477,25769803776,2147483648,18383077376,765329408
200,1790454922240,4,4,4,4,4,4,4,4,4,4,77.44505310058594,72.54901123046875,71.8174057006836,75.25206756591797,64.65007019042969,76.79049682617188,78.671875,20,15.000000953674316,9.523809432983398,0,0,0,5,0,0,0,21.573816299438477,25769803776,2147483648,18424381440,765329408
204,1790454922441,4,4,4,4,4,4,4,4,4,4,78.01029205322266,73.62935638427734,73.00898742675781,76.10689544677734,65.7848892211914,77.66815948486328,81.140625,15.000000953674316,14.285715103149414,10,0,0,0,9.523809432983398,0,0,0,21.573816299438477,25769803776,2147483648,18400690176,765329408
204,1790454922646,4,4,4,4,4,4,4,4,4,4,78.01029205322266,73.62935638427734,73.00898742675781,76.10689544677734,65.7848892211914,77.66815948486328,81.140625,20,0,14.285715103149414,0,0,0,0,5,0,0,21.573816299438477,25769803776,2147483648,18400690176,765329408
200,1790454922851,4,4,4,4,4,4,4,4,4,4,78.01029205322266,73.62935638427734,73.00898742675781,76.10689544677734,65.7848892211914,77.66815948486328,81.140625,10,9.523809432983398,10,4.761904716491699,0,0,0,0,0,0,22.791521072387695,25769803776,2147483648,18400690176,765329408
204,1790454923052,4,4,4,4,4,4,4,4,4,4,78.01029205322266,73.62935638427734,73.00898742675781,76.10689544677734,65.7848892211914,77.66815948486328,81.140625,5,5,5,5.263157844543457,0,0,5,4.761904716491699,0,0,22.791521072387695,25769803776,2147483648,18400690176,765329408
200,1790454923257,4,4,4,4,4,4,4,4,4,4,78.01029205322266,73.62935638427734,73.00898742675781,76.10689544677734,65.7848892211914,77.66815948486328,81.140625,9.523809432983398,4.761904716491699,0,4.545454502105713,0,0,5.263157844543457,0,0,0,22.791521072387695,25769803776,2147483648,18401017856,765329408
201,1790454923458,4,4,4,4,4,4,4,4,4,4,77.0949935913086,73.62652587890625,73.05883026123047,75.20355987548828,65.77685546875,76.57211303710938,78.90625,5,0,5,0,0,5,9.523809432983398,0,0,0,22.791521072387695,25769803776,2147483648,18401148928,765329408
204,1790454923659,4,4,4,4,4,4,4,4,4,4,77.0949935913086,73.62652587890625,73.05883026123047,75.20355987548828,65.77685546875,76.57211303710938,78.90625,15.000000953674316,4.761904716491699,4.761904716491699,0,0,0,5,0,0,0,22.791521072387695,25769803776,2147483648,18400641024,765329408
204,1790454923864,4,4,4,4,4,4,4,4,4,4,77.0949935913086,73.62652587890625,73.05883026123047,75.20355987548828,65.77685546875,76.57211303710938,78.90625,10,5,0,0,0,0,9.523809432983398,0,0,0,19.556236267089844,25769803776,2147483648,18400788480,765329408
204,1790454924069,4,4,4,4,4,4,4,4,4,4,77.0949935913086,73.62652587890625,73.05883026123047,75.20355987548828,65.77685546875,76.57211303710938,78.90625,19.047618865966797,4.761904716491699,4.761904716491699,0,0,0,4.761904716491699,0,0,0,19.556236267089844,25769803776,2147483648,18401116160,765329408
204,1790454924274,4,4,4,4,4,4,4,4,4,4,77.0949935913086,73.62652587890625,73.05883026123047,75.20355987548828,65.77685546875,76.57211303710938,78.90625,10.526315689086914,5,0,0,0,0,0,0,0,0,19.556236267089844,25769803776,2147483648,18402672640,765329408
203,1790454924479,4,4,4,4,4,4,4,4,4,4,76.3563003540039,73.28266906738281,72.77984619140625,74.42697143554688,65.46605682373047,75.66578674316406,77.953125,9.090909004211426,4.761904716491699,0,0,0,0,5,0,0,0,19.556236267089844,25769803776,2147483648,18373410816,765329408
200,1790454924683,4,4,4,4,4,4,4,4,4,4,76.3563003540039,73.28266906738281,72.77984619140625,74.42697143554688,65.46605682373047,75.66578674316406,77.953125,5,0,9.523809432983398,4.761904716491699,0,0,5,0,0,0,19.556236267089844,25769803776,2147483648,18373410816,765329408
199,1790454924885,4,4,4,4,4,4,4,4,4,4,76.3563003540039,73.28266906738281,72.77984619140625,74.42697143554688,65.46605682373047,75.66578674316406,77.953125,14.285715103149414,5,0,0,0,0,5,0,0,0,17.01264190673828,25769803776,2147483648,18373361664,765329408
203,1790454925085,4,4,4,4,4,4,4,4,4,4,76.3563003540039,73.28266906738281,72.77984619140625,74.42697143554688,65.46605682373047,75.66578674316406,77.953125,10.526315689086914,0,5,0,0,0,5,0,0,0,17.01264190673828,25769803776,2147483648,18373361664,765329408
201,1790454925289,4,4,4,4,4,4,4,4,4,4,76.3563003540039,73.28266906738281,72.77984619140625,74.42697143554688,65.46605682373047,75.66578674316406,77.953125,10,4.761904716491699,0,0,0,0,4.761904716491699,5,0,0,17.01264190673828,25769803776,2147483648,18373345280,765329408
204,1790454925491,4,4,4,4,4,4,4,4,4,4,76.34719848632813,73.20832824707031,72.80097961425781,74.39739990234375,65.49295043945313,75.64212799072266,77.71875,14.285715103149414,0,0,0,0,0,5,4.761904716491699,0,0,17.01264190673828,25769803776,2147483648,18373345280,765329408
204,1790454925696,4,4,4,4,4,4,4,4,4,4,76.34719848632813,73.20832824707031,72.80097961425781,74.39739990234375,65.49295043945313,75.64212799072266,77.71875,15.000000953674316,0,4.761904716491699,0,0,0,4.761904716491699,0,0,0,17.01264190673828,25769803776,2147483648,18373345280,765329408
203,1790454925901,4,4,4,4,4,4,4,4,4,4,76.34719848632813,73.20832824707031,72.80097961425781,74.39739990234375,65.49295043945313,75.64212799072266,77.71875,0,9.090909004211426,0,0,0,0,0,0,0,0,16.96148109436035,25769803776,2147483648,18373345280,765329408
203,1790454926104,4,4,4,4,4,4,4,4,4,4,76.34719848632813,73.20832824707031,72.80097961425781,74.39739990234375,65.49295043945313,75.64212799072266,77.71875,19.047618865966797,0,0,0,0,4.761904716491699,9.523809432983398,0,0,0,16.96148109436035,25769803776,2147483648,18373345280,765329408
204,1790454926308,4,4,4,4,4,4,4,4,4,4,76.34719848632813,73.20832824707031,72.80097961425781,74.39739990234375,65.49295043945313,75.64212799072266,77.71875,14.285715103149414,0,0,0,0,0,5,0,0,0,16.96148109436035,25769803776,2147483648,18373378048,765329408
203,1790454926513,4,4,4,4,4,4,4,4,4,4,76.62800598144531,73.44635772705078,72.89278411865234,74.70669555664063,65.55667877197266,75.95282745361328,78.203125,15.000000953674316,4.761904716491699,4.545454502105713,0,0,0,9.523809432983398,0,0,0,16.96148109436035,25769803776,2147483648,18373378048,765329408
203,1790454926717,4,4,4,4,4,4,4,4,4,4,76.62800598144531,73.44635772705078,72.89278411865234,74.70669555664063,65.55667877197266,75.95282745361328,78.203125,10,0,0,0,0,0,5,0,0,0,16.96148109436035,25769803776,2147483648,18373378048,765329408
204,1790454926920,4,4,4,4,4,4,4,4,4,4,76.62800598144531,73.44635772705078,72.89278411865234,74.70669555664063,65.55667877197266,75.95282745361328,78.203125,15.000000953674316,5,5,0,4.761904716491699,0,0,0,0,0,17.11608123779297,25769803776,2147483648,18373378048,765329408
204,1790454927125,4,4,4,4,4,4,4,4,4,4,76.62800598144531,73.44635772705078,72.89278411865234,74.70669555664063,65.55667877197266,75.95282745361328,78.203125,14.285715103149414,4.761904716491699,4.761904716491699,0,0,0,9.090909004211426,0,0,0,17.11608123779297,25769803776,2147483648,18373427200,765329408
204,1790454927330,4,4,4,4,4,4,4,4,4,4,77.0790023803711,73.69536590576172,73.17996215820313,75.26380920410156,65.87692260742188,76.4615249633789,78.4375,15.000000953674316,0,0,0,4.761904716491699,0,0,0,0,0,17.11608123779297,25769803776,2147483648,18368888832,765329408
204,1790454927535,4,4,4,4,4,4,4,4,4,4,77.0790023803711,73.69536590576172,73.17996215820313,75.26380920410156,65.87692260742188,76.4615249633789,78.4375,5,4.761904716491699,4.761904716491699,0,0,0,5,0,0,0,17.11608123779297,25769803776,2147483648,18367086592,765329408
204,1790454927740,4,4,4,4,4,4,4,4,4,4,77.0790023803711,73.69536590576172,73.17996215820313,75.26380920410156,65.87692260742188,76.4615249633789,78.4375,14.285715103149414,0,0,4.761904716491699,0,0,5,0,0,0,17.11608123779297,25769803776,2147483648,18367119360,765329408
204,1790454927945,4,4,4,4,4,4,4,4,4,4,77.0790023803711,73.69536590576172,73.17996215820313,75.26380920410156,65.87692260742188,76.4615249633789,78.4375,5,4.761904716491699,0,4.761904716491699,0,0,9.523809432983398,0,0,0,17.544187545776367,25769803776,2147483648,18367135744,765329408
202,1790454928150,4,4,4,4,4,4,4,4,4,4,77.0790023803711,73.69536590576172,73.17996215820313,75.26380920410156,65.87692260742188,76.4615249633789,78.4375,14.285715103149414,4.761904716491699,4.761904716491699,0,0,0,4.761904716491699,0,0,0,17.544187545776367,25769803776,2147483648,18366922752,765329408
200,1790454928353,4,4,4,4,4,4,4,4,4,4,77.36642456054688,74.00862121582031,73.54338073730469,75.54798889160156,66.24209594726563,76.92472839355469,78.90625,15.000000953674316,0,0,0,0,0,9.523809432983398,0,0,0,17.544187545776367,25769803776,2147483648,18360631296,765329408
204,1790454928554,4,4,4,4,4,4,4,4,4,4,77.36642456054688,74.00862121582031,73.54338073730469,75.54798889160156,66.24209594726563,76.92472839355469,78.90625,10.526315689086914,5,0,0,0,4.761904716491699,5,0,0,0,17.544187545776367,25769803776,2147483648,18359959552,765329408
204,1790454928759,4,4,4,4,4,4,4,4,4,4,77.36642456054688,74.00862121582031,73.54338073730469,75.54798889160156,66.24209594726563,76.92472839355469,78.90625,14.285715103149414,4.761904716491699,4.761904716491699,0,0,0,5,0,0,0,17.544187545776367,25769803776,2147483648,18359959552,765329408
199,1790454928964,4,4,4,4,4,4,4,4,4,4,77.36642456054688,74.00862121582031,73.54338073730469,75.54798889160156,66.24209594726563,76.92472839355469,78.90625,9.523809432983398,0,0,0,0,0,0,0,0,0,17.91069984436035,25769803776,2147483648,18361810944,765329408
201,1790454929164,4,4,4,4,4,4,4,4,4,4,77.36642456054688,74.00862121582031,73.54338073730469,75.54798889160156,66.24209594726563,76.92472839355469,78.90625,10.526315689086914,0,9.523809432983398,0,0,0,9.523809432983398,0,0,0,17.91069984436035,25769803776,2147483648,18373033984,765329408
204,1790454929366,4,4,4,4,4,4,4,4,4,4,77.51456451416016,74.20389556884766,73.74140167236328,75.8636245727539,66.41161346435547,77.11860656738281,79.140625,14.285715103149414,15.000000953674316,0,4.761904716491699,0,0,5,0,4.761904716491699,0,17.91069984436035,25769803776,2147483648,18373115904,765329408
203,1790454929571,4,4,4,4,4,4,4,4,4,4,77.51456451416016,74.20389556884766,73.74140167236328,75.8636245727539,66.41161346435547,77.11860656738281,79.140625,15.000000953674316,55,5,0,0,0,5,0,0,0,17.91069984436035,25769803776,2147483648,18373115904,765329408
200,1790454929775,4,4,4,4,4,4,4,4,4,4,77.51456451416016,74.20389556884766,73.74140167236328,75.8636245727539,66.41161346435547,77.11860656738281,79.140625,14.285715103149414,4.761904716491699,0,0,0,0,5,0,0,0,17.91069984436035,25769803776,2147483648,18373115904,765329408
204,1790454929975,4,4,4,4,4,4,4,4,4,4,77.51456451416016,74.20389556884766,73.74140167236328,75.8636245727539,66.41161346435547,77.11860656738281,79.140625,15.000000953674316,5,4.761904716491699,0,0,0,5,0,0,0,17.856246948242188,25769803776,2147483648,18373115904,765329408
204,1790454930180,4,4,4,4,4,4,4,4,4,4,77.51456451416016,74.20389556884766,73.74140167236328,75.8636245727539,66.41161346435547,77.11860656738281,79.140625,10,0,0,0,0,0,9.523809432983398,0,0,0,17.856246948242188,25769803776,2147483648,18372820992,765329408
204,1790454930385,4,4,4,4,4,4,4,4,4,4,77.73130798339844,74.50444793701172,73.82906341552734,76.09434509277344,66.63286590576172,77.40031433105469,79.375,14.285715103149414,9.090909004211426,0,0,0,0,0,0,0,0,17.856246948242188,25769803776,2147483648,18374590464,765329408
200,1790454930590,4,4,4,4,4,4,4,4,4,4,77.73130798339844,74.50444793701172,73.82906341552734,76.09434509277344,66.63286590576172,77.40031433105469,79.375,0,0,0,0,0,0,5,0,0,0,17.856246948242188,25769803776,2147483648,18360090624,765329408
203,1790454930791,4,4,4,4,4,4,4,4,4,4,77.73130798339844,74.50444793701172,73.82906341552734,76.09434509277344,66.63286590576172,77.40031433105469,79.375,10,0,4.761904716491699,0,0,0,5,0,0,0,17.856246948242188,25769803776,2147483648,18360057856,765329408
204,1790454930995,4,4,4,4,4,4,4,4,4,4,77.73130798339844,74.50444793701172,73.82906341552734,76.09434509277344,66.63286590576172,77.40031433105469,79.375,14.285715103149414,4.761904716491699,0,0,0,0,9.523809432983398,4.545454502105713,0,0,17.79212760925293,25769803776,2147483648,18359992320,765329408
200,1790454931200,4,4,4,4,4,4,4,4,4,4,77.73130798339844,74.50444793701172,73.82906341552734,76.09434509277344,66.63286590576172,77.40031433105469,79.375,10,5,0,0,0,0,5,0,0,0,17.79212760925293,25769803776,2147483648,18360041472,765329408
204,1790454931400,4,4,4,4,4,4,4,4,4,4,77.94783020019531,74.7406997680664,73.93270874023438,76.25531005859375,66.98221588134766,77.58147430419922,79.375,15.000000953674316,0,0,0,0,0,5,4.761904716491699,0,0,17.79212760925293,25769803776,2147483648,18360025088,765329408
204,1790454931605,4,4,4,4,4,4,4,4,4,4,77.94783020019531,74.7406997680664,73.93270874023438,76.25531005859375,66.98221588134766,77.58147430419922,79.375,14.285715103149414,5,9.090909004211426,4.545454502105713,0,0,9.523809432983398,0,0,0,17.79212760925293,25769803776,2147483648,18360025088,765329408
204,1790454931810,4,4,4,4,4,4,4,4,4,4,77.94783020019531,74.7406997680664,73.93270874023438,76.25531005859375,66.98221588134766,77.58147430419922,79.375,10,4.761904716491699,0,0,0,0,0,0,0,0,17.79212760925293,25769803776,2147483648,18360025088,765329408
199,1790454932015,4,4,4,4,4,4,4,4,4,4,77.94783020019531,74.7406997680664,73.93270874023438,76.25531005859375,66.98221588134766,77.58147430419922,79.375,4.761904716491699,0,0,0,0,0,0,0,0,0,17.923274993896484,25769803776,2147483648,18360205312,765329408
200,1790454932215,4,4,4,4,4,4,4,4,4,4,77.94783020019531,74.7406997680664,73.93270874023438,76.25531005859375,66.98221588134766,77.58147430419922,79.375,15.000000953674316,0,0,0,0,0,5,4.761904716491699,0,0,17.923274993896484,25769803776,2147483648,18360336384,765329408
200,1790454932416,4,4,4,4,4,4,4,4,4,4,78.00142669677734,74.92501068115234,74.1976089477539,76.29255676269531,67.24501037597656,77.79456329345703,79.609375,10,5,4.761904716491699,0,0,0,5,0,0,0,17.923274993896484,25769803776,2147483648,18360303616,765329408
202,1790454932617,4,4,4,4,4,4,4,4,4,4,78.00142669677734,74.92501068115234,74.1976089477539,76.29255676269531,67.24501037597656,77.79456329345703,79.609375,15.000000953674316,0,0,0,0,0,5.263157844543457,0,0,0,17.923274993896484,25769803776,2147483648,18360123392,765329408
200,1790454932820,4,4,4,4,4,4,4,4,4,4,78.00142669677734,74.92501068115234,74.1976089477539,76.29255676269531,67.24501037597656,77.79456329345703,79.609375,15.000000953674316,4.761904716491699,0,0,0,0,5,0,0,0,17.923274993896484,25769803776,2147483648,18360221696,765329408
204,1790454933021,4,4,4,4,4,4,4,4,4,4,78.00142669677734,74.92501068115234,74.1976089477539,76.29255676269531,67.24501037597656,77.79456329345703,79.609375,10,4.761904716491699,4.761904716491699,0,0,0,9.523809432983398,0,0,0,17.849239349365234,25769803776,2147483648,18360221696,765329408
204,1790454933226,4,4,4,4,4,4,4,4,4,4,78.00142669677734,74.92501068115234,74.1976089477539,76.29255676269531,67.24501037597656,77.79456329345703,79.609375,14.285715103149414,0,0,0,0,0,5,0,0,0,17.849239349365234,25769803776,2147483648,18358796288,765329408
200,1790454933431,4,4,4,4,4,4,4,4,4,4,78.066650390625,75.05668640136719,74.41500091552734,76.47679138183594,67.3126220703125,78.0186996459961,79.84375,5,0,0,0,0,0,0,0,0,0,17.849239349365234,25769803776,2147483648,18361008128,765329408
200,1790454933632,4,4,4,4,4,4,4,4,4,4,78.066650390625,75.05668640136719,74.41500091552734,76.47679138183594,67.3126220703125,78.0186996459961,79.84375,10,0,0,0,0,0,9.523809432983398,4.761904716491699,0,0,17.849239349365234,25769803776,2147483648,18358779904,765329408
204,1790454933833,4,4,4,4,4,4,4,4,4,4,78.066650390625,75.05668640136719,74.41500091552734,76.47679138183594,67.3126220703125,78.0186996459961,79.84375,15.000000953674316,9.523809432983398,9.523809432983398,0,0,0,5.263157844543457,0,0,0,17.773422241210938,25769803776,2147483648,18358517760,765329408
201,1790454934038,4,4,4,4,4,4,4,4,4,4,78.066650390625,75.05668640136719,74.41500091552734,76.47679138183594,67.3126220703125,78.0186996459961,79.84375,15.000000953674316,0,0,0,0,0,9.090909004211426,0,0,0,17.773422241210938,25769803776,2147483648,18358566912,765329408
204,1790454934239,4,4,4,4,4,4,4,4,4,4,78.066650390625,75.05668640136719,74.41500091552734,76.47679138183594,67.3126220703125,78.0186996459961,79.84375,14.285715103149414,4.761904716491699,0,0,0,0,0,0,0,0,17.773422241210938,25769803776,2147483648,18358566912,765329408
204,1790454934444,4,4,4,4,4,4,4,4,4,4,78.1788101196289,75.28307342529297,74.64891052246094,76.80199432373047,67.44530487060547,78.2125473022461,80.078125,10.526315689086914,0,4.761904716491699,0,0,0,9.090909004211426,0,0,0,17.773422241210938,25769803776,2147483648,18358943744,765329408
204,1790454934649,4,4,4,4,4,4,4,4,4,4,78.1788101196289,75.28307342529297,74.64891052246094,76.80199432373047,67.44530487060547,78.2125473022461,80.078125,18.18181800842285,0,0,4.761904716491699,0,0,5,0,0,0,17.773422241210938,25769803776,2147483648,18358992896,765329408
204,1790454934854,4,4,4,4,4,4,4,4,4,4,78.1788101196289,75.28307342529297,74.64891052246094,76.80199432373047,67.44530487060547,78.2125473022461,80.078125,5.263157844543457,5,0,0,0,0,0,0,0,0,17.993432998657227,25769803776,2147483648,18358992896,765329408
204,1790454935059,4,4,4,4,4,4,4,4,4,4,78.1788101196289,75.28307342529297,74.64891052246094,76.80199432373047,67.44530487060547,78.2125473022461,80.078125,9.523809432983398,4.761904716491699,0,4.545454502105713,0,0,5,0,0,0,17.993432998657227,25769803776,2147483648,18358992896,765329408
204,1790454935264,4,4,4,4,4,4,4,4,4,4,78.1788101196289,75.28307342529297,74.64891052246094,76.80199432373047,67.44530487060547,78.2125473022461,80.078125,14.285715103149414,4.761904716491699,4.761904716491699,0,0,0,9.090909004211426,0,0,0,17.993432998657227,25769803776,2147483648,18358992896,765329408
204,1790454935469,4,4,4,4,4,4,4,4,4,4,78.35846710205078,75.39820861816406,74.76811218261719,77.0794906616211,67.63871002197266,78.46434783935547,80.3125,10.526315689086914,0,0,0,4.761904716491699,0,5,0,0,0,17.993432998657227,25769803776,2147483648,18359222272,765329408
200,1790454935674,4,4,4,4,4,4,4,4,4,4,78.35846710205078,75.39820861816406,74.76811218261719,77.0794906616211,67.63871002197266,78.46434783935547,80.3125,14.285715103149414,0,0,0,0,0,5,0,0,0,17.993432998657227,25769803776,2147483648,18359123968,765329408
204,1790454935874,4,4,4,4,4,4,4,4,4,4,78.35846710205078,75.39820861816406,74.76811218261719,77.0794906616211,67.63871002197266,78.46434783935547,80.3125,14.285715103149414,4.761904716491699,5,0,0,0,9.523809432983398,0,0,0,18.067352294921875,25769803776,2147483648,18359123968,765329408
204,1790454936079,4,4,4,4,4,4,4,4,4,4,78.35846710205078,75.39820861816406,74.76811218261719,77.0794906616211,67.63871002197266,78.46434783935547,80.3125,10,4.761904716491699,4.545454502105713,0,0,0,0,0,4.761904716491699,4.545454502105713,18.067352294921875,25769803776,2147483648,18359140352,765329408
204,1790454936284,4,4,4,4,4,4,4,4,4,4,78.35846710205078,75.39820861816406,74.76811218261719,77.0794906616211,67.63871002197266,78.46434783935547,80.3125,9.523809432983398,5.263157844543457,0,0,0,0,5,0,0,0,18.067352294921875,25769803776,2147483648,18361401344,765329408
200,1790454936490,4,4,4,4,4,4,4,4,4,4,78.54857635498047,75.58395385742188,74.853515625,77.27242279052734,67.87407684326172,78.57347869873047,80.5625,5,0,0,0,0,0,0,0,0,0,18.067352294921875,25769803776,2147483648,18359320576,765329408
203,1790454936690,4,4,4,4,4,4,4,4,4,4,78.54857635498047,75.58395385742188,74.853515625,77.27242279052734,67.87407684326172,78.57347869873047,80.5625,10.526315689086914,4.761904716491699,0,0,0,0,9.523809432983398,0,0,0,18.067352294921875,25769803776,2147483648,18359336960,765329408
200,1790454936894,4,4,4,4,4,4,4,4,4,4,78.54857635498047,75.58395385742188,74.853515625,77.27242279052734,67.87407684326172,78.57347869873047,80.5625,14.285715103149414,4.761904716491699,4.761904716491699,0,0,0,5,0,0,0,18.300235748291016,25769803776,2147483648,18359304192,765329408
203,1790454937094,4,4,4,4,4,4,4,4,4,4,78.54857635498047,75.58395385742188,74.853515625,77.27242279052734,67.87407684326172,78.57347869873047,80.5625,10.526315689086914,5,0,0,4.761904716491699,0,5,0,0,0,18.300235748291016,25769803776,2147483648,18359320576,765329408
201,1790454937298,4,4,4,4,4,4,4,4,4,4,78.54857635498047,75.58395385742188,74.853515625,77.27242279052734,67.87407684326172,78.57347869873047,80.5625,14.285715103149414,0,0,0,0,0,9.523809432983398,0,0,0,18.300235748291016,25769803776,2147483648,18359435264,765329408
204,1790454937500,4,4,4,4,4,4,4,4,4,4,78.60554504394531,75.7897720336914,75.01304626464844,77.39495849609375,68.06187438964844,78.70169830322266,80.796875,19.047618865966797,0,9.523809432983398,0,0,0,5,0,0,0,18.300235748291016,25769803776,2147483648,18359484416,765329408
200,1790454937705,4,4,4,4,4,4,4,4,4,4,78.60554504394531,75.7897720336914,75.01304626464844,77.39495849609375,68.06187438964844,78.70169830322266,80.796875,10,9.090909004211426,0,0,0,0,9.523809432983398,0,0,0,18.300235748291016,25769803776,2147483648,18359484416,765329408
204,1790454937905,4,4,4,4,4,4,4,4,4,4,78.60554504394531,75.7897720336914,75.01304626464844,77.39495849609375,68.06187438964844,78.70169830322266,80.796875,5,0,0,0,0,0,0,0,0,0,18.06673812866211,25769803776,2147483648,18359287808,765329408
204,1790454938110,4,4,4,4,4,4,4,4,4,4,78.60554504394531,75.7897720336914,75.01304626464844,77.39495849609375,68.06187438964844,78.70169830322266,80.796875,14.285715103149414,0,0,0,0,0,5,0,0,0,18.06673812866211,25769803776,2147483648,18359386112,765329408
204,1790454938315,4,4,4,4,4,4,4,4,4,4,78.60554504394531,75.7897720336914,75.01304626464844,77.39495849609375,68.06187438964844,78.70169830322266,80.796875,0,9.523809432983398,4.761904716491699,0,0,0,5,0,0,0,18.06673812866211,25769803776,2147483648,18359386112,765329408
204,1790454938520,4,4,4,4,4,4,4,4,4,4,78.71513366699219,75.9414291381836,75.25572967529297,77.57537078857422,68.20178985595703,78.91315460205078,80.796875,18.18181800842285,4.761904716491699,0,0,0,0,0,9.523809432983398,0,0,18.06673812866211,25769803776,2147483648,18359402496,765329408
204,1790454938725,4,4,4,4,4,4,4,4,4,4,78.71513366699219,75.9414291381836,75.25572967529297,77.57537078857422,68.20178985595703,78.91315460205078,80.796875,10,5,0,0,0,0,5,0,0,0,18.06673812866211,25769803776,2147483648,18359402496,765329408
204,1790454938930,4,4,4,4,4,4,4,4,4,4,78.71513366699219,75.9414291381836,75.25572967529297,77.57537078857422,68.20178985595703,78.91315460205078,80.796875,15.000000953674316,0,4.761904716491699,4.545454502105713,0,0,5,0,0,0,18.105892181396484,25769803776,2147483648,18359402496,765329408
204,1790454939135,4,4,4,4,4,4,4,4,4,4,78.71513366699219,75.9414291381836,75.25572967529297,77.57537078857422,68.20178985595703,78.91315460205078,80.796875,5,4.761904716491699,0,0,0,0,9.090909004211426,0,0,0,18.105892181396484,25769803776,2147483648,18359402496,765329408
204,1790454939340,4,4,4,4,4,4,4,4,4,4,78.81680297851563,76.06163787841797,75.44441986083984,77.6677017211914,68.29531860351563,78.99531555175781,80.796875,14.285715103149414,0,4.761904716491699,0,0,0,5,0,0,0,18.105892181396484,25769803776,2147483648,18359402496,765329408
200,1790454939545,4,4,4,4,4,4,4,4,4,4,78.81680297851563,76.06163787841797,75.44441986083984,77.6677017211914,68.29531860351563,78.99531555175781,80.796875,5,9.090909004211426,4.761904716491699,0,0,0,0,0,0,0,18.105892181396484,25769803776,2147483648,18352799744,765329408
204,1790454939746,4,4,4,4,4,4,4,4,4,4,78.81680297851563,76.06163787841797,75.44441986083984,77.6677017211914,68.29531860351563,78.99531555175781,80.796875,15.000000953674316,0,0,0,0,0,5,0,0,0,18.105892181396484,25769803776,2147483648,18352799744,765329408
199,1790454939951,4,4,4,4,4,4,4,4,4,4,78.81680297851563,76.06163787841797,75.44441986083984,77.6677017211914,68.29531860351563,78.99531555175781,80.796875,10,0,0,0,0,0,9.523809432983398,0,0,0,18.20117950439453,25769803776,2147483648,18352799744,765329408
201,1790454940152,4,4,4,4,4,4,4,4,4,4,78.81680297851563,76.06163787841797,75.44441986083984,77.6677017211914,68.29531860351563,78.99531555175781,80.796875,14.285715103149414,0,4.761904716491699,0,0,0,5,0,0,0,18.20117950439453,25769803776,2147483648,18352799744,765329408
204,1790454940353,4,4,4,4,4,4,4,4,4,4,78.91800689697266,76.28903198242188,75.53356170654297,77.84527587890625,68.3312759399414,79.23116302490234,81.03125,10,5,0,0,0,0,5,0,0,0,18.20117950439453,25769803776,2147483648,18352799744,765329408
204,1790454940558,4,4,4,4,4,4,4,4,4,4,78.91800689697266,76.28903198242188,75.53356170654297,77.84527587890625,68.3312759399414,79.23116302490234,81.03125,15.000000953674316,0,0,4.761904716491699,0,0,5,0,0,0,18.20117950439453,25769803776,2147483648,18352816128,765329408
204,1790454940763,4,4,4,4,4,4,4,4,4,4,78.91800689697266,76.28903198242188,75.53356170654297,77.84527587890625,68.3312759399414,79.23116302490234,81.03125,14.285715103149414,4.761904716491699,0,0,0,0,4.761904716491699,4.761904716491699,0,0,18.20117950439453,25769803776,2147483648,18352963584,765329408
202,1790454940968,4,4,4,4,4,4,4,4,4,4,78.91800689697266,76.28903198242188,75.53356170654297,77.84527587890625,68.3312759399414,79.23116302490234,81.03125,5,4.761904716491699,4.545454502105713,0,0,0,0,0,0,0,18.32605743408203,25769803776,2147483648,18353274880,765329408
204,1790454941170,4,4,4,4,4,4,4,4,4,4,78.91800689697266,76.28903198242188,75.53356170654297,77.84527587890625,68.3312759399414,79.23116302490234,81.03125,10,0,0,0,0,0,9.523809432983398,0,0,0,18.32605743408203,25769803776,2147483648,18352947200,765329408
204,1790454941376,4,4,4,4,4,4,4,4,4,4,79.02407836914063,76.3753433227539,75.61363220214844,78.03995513916016,68.3988037109375,79.44401550292969,81.03125,10,4.761904716491699,0,0,0,0,5,0,0,0,18.32605743408203,25769803776,2147483648,18352963584,765329408
200,1790454941581,4,4,4,4,4,4,4,4,4,4,79.02407836914063,76.3753433227539,75.61363220214844,78.03995513916016,68.3988037109375,79.44401550292969,81.03125,19.047618865966797,0,5,0,0,0,9.523809432983398,0,0,0,18.32605743408203,25769803776,2147483648,18352963584,765329408
204,1790454941781,4,4,4,4,4,4,4,4,4,4,79.02407836914063,76.3753433227539,75.61363220214844,78.03995513916016,68.3988037109375,79.44401550292969,81.03125,14.285715103149414,0,4.761904716491699,0,0,0,5,0,0,0,18.32605743408203,25769803776,2147483648,18352898048,765329408
204,1790454941986,4,4,4,4,4,4,4,4,4,4,79.02407836914063,76.3753433227539,75.61363220214844,78.03995513916016,68.3988037109375,79.44401550292969,81.03125,10.526315689086914,0,0,0,0,0,5,0,0,0,18.34615135192871,25769803776,2147483648,18352930816,765329408
204,1790454942191,4,4,4,4,4,4,4,4,4,4,79.02407836914063,76.3753433227539,75.61363220214844,78.03995513916016,68.3988037109375,79.44401550292969,81.03125,9.523809432983398,4.761904716491699,0,5,0,0,9.523809432983398,0,0,0,18.34615135192871,25769803776,2147483648,18352930816,765329408
204,1790454942396,4,4,4,4,4,4,4,4,4,4,79.16915893554688,76.50537109375,75.78694915771484,78.13783264160156,68.56438446044922,79.55008697509766,81.265625,10,4.761904716491699,4.761904716491699,0,0,0,0,0,0,0,18.34615135192871,25769803776,2147483648,18352930816,765329408
200,1790454942601,4,4,4,4,4,4,4,4,4,4,79.16915893554688,76.50537109375,75.78694915771484,78.13783264160156,68.56438446044922,79.55008697509766,81.265625,9.523809432983398,0,0,0,0,0,5,4.545454502105713,0,0,18.34615135192871,25769803776,2147483648,18352898048,765329408
204,1790454942802,4,4,4,4,4,4,4,4,4,4,79.16915893554688,76.50537109375,75.78694915771484,78.13783264160156,68.56438446044922,79.55008697509766,81.265625,5,5.263157844543457,0,0,0,0,5,0,0,0,18.34615135192871,25769803776,2147483648,18353029120,765329408
204,1790454943007,4,4,4,4,4,4,4,4,4,4,79.16915893554688,76.50537109375,75.78694915771484,78.13783264160156,68.56438446044922,79.55008697509766,81.265625,20,9.523809432983398,5,4.761904716491699,4.761904716491699,0,9.523809432983398,0,0,0,18.276901245117188,25769803776,2147483648,18353078272,765329408
201,1790454943212,4,4,4,4,4,4,4,4,4,4,79.16915893554688,76.50537109375,75.78694915771484,78.13783264160156,68.56438446044922,79.55008697509766,81.265625,10,5,4.761904716491699,4.761904716491699,0,0,0,0,0,0,18.276901245117188,25769803776,2147483648,18353078272,765329408
201,1790454943414,4,4,4,4,4,4,4,4,4,4,79.29460144042969,76.70159149169922,75.94867706298828,78.23665618896484,68.72325897216797,79.65841674804688,81.5,19.047618865966797,4.761904716491699,0,0,0,0,5,0,0,0,18.276901245117188,25769803776,2147483648,18353078272,765329408
204,1790454943615,4,4,4,4,4,4,4,4,4,4,79.29460144042969,76.70159149169922,75.94867706298828,78.23665618896484,68.72325897216797,79.65841674804688,81.5,15.000000953674316,5,0,0,0,0,4.761904716491699,5,0,0,18.276901245117188,25769803776,2147483648,18367299584,765329408
204,1790454943820,4,4,4,4,4,4,4,4,4,4,79.29460144042969,76.70159149169922,75.94867706298828,78.23665618896484,68.72325897216797,79.65841674804688,81.5,10,0,4.761904716491699,0,0,0,4.761904716491699,0,0,0,18.276901245117188,25769803776,2147483648,18369576960,765329408
204,1790454944026,4,4,4,4,4,4,4,4,4,4,79.29460144042969,76.70159149169922,75.94867706298828,78.23665618896484,68.72325897216797,79.65841674804688,81.5,9.523809432983398,0,4.545454502105713,0,0,0,0,0,0,0,18.33877182006836,25769803776,2147483648,18367315968,765329408
200,1790454944231,4,4,4,4,4,4,4,4,4,4,79.29460144042969,76.70159149169922,75.94867706298828,78.23665618896484,68.72325897216797,79.65841674804688,81.5,14.285715103149414,4.761904716491699,0,0,0,0,5,0,0,0,18.33877182006836,25769803776,2147483648,18367168512,765329408
204,1790454944431,4,4,4,4,4,4,4,4,4,4,79.47439575195313,76.80128479003906,76.10227966308594,78.39190673828125,68.91834259033203,79.75044250488281,81.5,10.526315689086914,0,0,0,0,0,9.523809432983398,0,0,0,18.33877182006836,25769803776,2147483648,18367168512,765329408
199,1790454944636,4,4,4,4,4,4,4,4,4,4,79.47439575195313,76.80128479003906,76.10227966308594,78.39190673828125,68.91834259033203,79.75044250488281,81.5,15.000000953674316,9.523809432983398,0,0,0,0,5,0,0,0,18.33877182006836,25769803776,2147483648,18354520064,765329408
204,1790454944836,4,4,4,4,4,4,4,4,4,4,79.47439575195313,76.80128479003906,76.10227966308594,78.39190673828125,68.91834259033203,79.75044250488281,81.5,10,0,4.761904716491699,0,0,0,9.523809432983398,0,0,0,18.420076370239258,25769803776,2147483648,18354520064,765329408
204,1790454945041,4,4,4,4,4,4,4,4,4,4,79.47439575195313,76.80128479003906,76.10227966308594,78.39190673828125,68.91834259033203,79.75044250488281,81.5,18.18181800842285,0,0,0,0,0,5,0,0,0,18.420076370239258,25769803776,2147483648,18354569216,765329408
204,1790454945246,4,4,4,4,4,4,4,4,4,4,79.47439575195313,76.80128479003906,76.10227966308594,78.39190673828125,68.91834259033203,79.75044250488281,81.5,10,0,0,0,0,0,9.523809432983398,0,0,0,18.420076370239258,25769803776,2147483648,18354569216,765329408
204,1790454945451,4,4,4,4,4,4,4,4,4,4,79.65963745117188,76.85317993164063,76.16792297363281,78.50166320800781,69.01119232177734,79.84588623046875,81.734375,10.526315689086914,4.761904716491699,4.761904716491699,0,0,0,0,0,0,0,18.420076370239258,25769803776,2147483648,18354569216,765329408
201,1790454945656,4,4,4,4,4,4,4,4,4,4,79.65963745117188,76.85317993164063,76.16792297363281,78.50166320800781,69.01119232177734,79.84588623046875,81.734375,4.761904716491699,0,4.761904716491699,0,0,0,0,0,0,0,18.420076370239258,25769803776,2147483648,18354520064,765329408
201,1790454945858,4,4,4,4,4,4,4,4,4,4,79.65963745117188,76.85317993164063,76.16792297363281,78.50166320800781,69.01119232177734,79.84588623046875,81.734375,19.047618865966797,4.761904716491699,0,0,0,0,9.523809432983398,0,0,0,18.374801635742188,25769803776,2147483648,18354536448,765329408
201,1790454946059,4,4,4,4,4,4,4,4,4,4,79.65963745117188,76.85317993164063,76.16792297363281,78.50166320800781,69.01119232177734,79.84588623046875,81.734375,10.526315689086914,0,0,0,0,0,5,0,0,0,18.374801635742188,25769803776,2147483648,18354274304,765329408
201,1790454946261,4,4,4,4,4,4,4,4,4,4,79.65963745117188,76.85317993164063,76.16792297363281,78.50166320800781,69.01119232177734,79.84588623046875,81.734375,14.285715103149414,4.761904716491699,5,4.761904716491699,4.761904716491699,0,5,0,0,0,18.374801635742188,25769803776,2147483648,18354323456,765329408
201,1790454946463,4,4,4,4,4,4,4,4,4,4,79.94448852539063,76.90167236328125,76.21855926513672,78.61515808105469,69.15727996826172,80.02479553222656,81.96875,5.263157844543457,10,0,0,0,0,5,0,0,0,18.374801635742188,25769803776,2147483648,18354307072,765329408
204,1790454946665,4,4,4,4,4,4,4,4,4,4,79.94448852539063,76.90167236328125,76.21855926513672,78.61515808105469,69.15727996826172,80.02479553222656,81.96875,19.047618865966797,0,4.761904716491699,0,0,0,9.523809432983398,0,0,0,18.374801635742188,25769803776,2147483648,18354405376,765329408
204,1790454946870,4,4,4,4,4,4,4,4,4,4,79.94448852539063,76.90167236328125,76.21855926513672,78.61515808105469,69.15727996826172,80.02479553222656,81.96875,14.285715103149414,4.761904716491699,0,0,0,0,0,0,0,0,18.418193817138672,25769803776,2147483648,18356256768,765329408
200,1790454947075,4,4,4,4,4,4,4,4,4,4,79.94448852539063,76.90167236328125,76.21855926513672,78.61515808105469,69.15727996826172,80.02479553222656,81.96875,5,5,4.761904716491699,0,0,0,5,0,0,0,18.418193817138672,25769803776,2147483648,18354405376,765329408
201,1790454947276,4,4,4,4,4,4,4,4,4,4,79.94448852539063,76.90167236328125,76.21855926513672,78.61515808105469,69.15727996826172,80.02479553222656,81.96875,15.000000953674316,0,0,0,0,0,5,4.761904716491699,0,0,18.418193817138672,25769803776,2147483648,18354438144,765329408
203,1790454947478,4,4,4,4,4,4,4,4,4,4,80.14306640625,77.13780975341797,76.332275390625,78.70430755615234,69.350830078125,80.2391357421875,81.96875,10,5,4.761904716491699,0,0,0,5,0,0,0,18.418193817138672,25769803776,2147483648,18354438144,765329408
200,1790454947682,4,4,4,4,4,4,4,4,4,4,80.14306640625,77.13780975341797,76.332275390625,78.70430755615234,69.350830078125,80.2391357421875,81.96875,15.000000953674316,4.761904716491699,0,0,0,0,4.761904716491699,0,0,0,18.418193817138672,25769803776,2147483648,18354454528,765329408
203,1790454947883,4,4,4,4,4,4,4,4,4,4,80.14306640625,77.13780975341797,76.332275390625,78.70430755615234,69.350830078125,80.2391357421875,81.96875,19.047618865966797,0,9.523809432983398,0,0,0,5,0,0,0,18.613140106201172,25769803776,2147483648,18354569216,765329408
204,1790454948087,4,4,4,4,4,4,4,4,4,4,80.14306640625,77.13780975341797,76.332275390625,78.70430755615234,69.350830078125,80.2391357421875,81.96875,5.263157844543457,4.761904716491699,0,0,0,0,9.523809432983398,0,0,0,18.613140106201172,25769803776,2147483648,18354503680,765329408
204,1790454948292,4,4,4,4,4,4,4,4,4,4,80.14306640625,77.13780975341797,76.332275390625,78.70430755615234,69.350830078125,80.2391357421875,81.96875,14.285715103149414,4.761904716491699,0,0,0,0,5,0,0,0,18.613140106201172,25769803776,2147483648,18356666368,765329408
204,1790454948497,4,4,4,4,4,4,4,4,4,4,80.13021850585938,77.25856018066406,76.38907623291016,78.72900390625,69.44049072265625,80.25708770751953,81.96875,5,0,0,4.761904716491699,0,4.545454502105713,0,4.545454502105713,0,0,18.613140106201172,25769803776,2147483648,18354454528,765329408
203,1790454948702,4,4,4,4,4,4,4,4,4,4,80.13021850585938,77.25856018066406,76.38907623291016,78.72900390625,69.44049072265625,80.25708770751953,81.96875,14.285715103149414,5,4.761904716491699,0,0,0,9.523809432983398,0,0,0,18.613140106201172,25769803776,2147483648,18354372608,765329408
204,1790454948906,4,4,4,4,4,4,4,4,4,4,80.13021850585938,77.25856018066406,76.38907623291016,78.72900390625,69.44049072265625,80.25708770751953,81.96875,10,0,0,0,0,0,5,0,0,0,18.349651336669922,25769803776,2147483648,18354421760,765329408
202,1790454949111,4,4,4,4,4,4,4,4,4,4,80.13021850585938,77.25856018066406,76.38907623291016,78.72900390625,69.44049072265625,80.25708770751953,81.96875,14.285715103149414,4.761904716491699,0,0,0,0,9.090909004211426,0,0,0,18.349651336669922,25769803776,2147483648,18354421760,765329408
204,1790454949313,4,4,4,4,4,4,4,4,4,4,80.13021850585938,77.25856018066406,76.38907623291016,78.72900390625,69.44049072265625,80.25708770751953,81.96875,10.526315689086914,4.761904716491699,4.761904716491699,0,0,0,0,0,0,0,18.349651336669922,25769803776,2147483648,18354421760,765329408
204,1790454949517,4,4,4,4,4,4,4,4,4,4,80.28834533691406,77.31002044677734,76.41825103759766,78.86781311035156,69.53984069824219,80.35709381103516,81.96875,23.809524536132813,0,19.047618865966797,0,0,0,5,0,0,0,18.349651336669922,25769803776,2147483648,18354421760,765329408
204,1790454949722,4,4,4,4,4,4,4,4,4,4,80.28834533691406,77.31002044677734,76.41825103759766,78.86781311035156,69.53984069824219,80.35709381103516,81.96875,5,10,0,0,0,0,5,0,0,0,18.349651336669922,25769803776,2147483648,18351046656,765329408
204,1790454949927,4,4,4,4,4,4,4,4,4,4,80.28834533691406,77.31002044677734,76.41825103759766,78.86781311035156,69.53984069824219,80.35709381103516,81.96875,10,4.761904716491699,0,0,0,0,4.761904716491699,0,0,0,18.392677307128906,25769803776,2147483648,18351046656,765329408
204,1790454950133,4,4,4,4,4,4,4,4,4,4,80.28834533691406,77.31002044677734,76.41825103759766,78.86781311035156,69.53984069824219,80.35709381103516,81.96875,9.523809432983398,0,4.761904716491699,4.761904716491699,0,0,4.761904716491699,0,0,0,18.392677307128906,25769803776,2147483648,18351046656,765329408
202,1790454950338,4,4,4,4,4,4,4,4,4,4,80.39440155029297,77.35138702392578,76.46918487548828,78.98684692382813,69.66741943359375,80.38981628417969,82.203125,10,4.761904716491699,0,0,0,0,0,5,0,0,18.392677307128906,25769803776,2147483648,18351046656,765329408
203,1790454950540,4,4,4,4,4,4,4,4,4,4,80.39440155029297,77.35138702392578,76.46918487548828,78.98684692382813,69.66741943359375,80.38981628417969,82.203125,14.285715103149414,5,4.761904716491699,0,4.761904716491699,0,4.761904716491699,4.761904716491699,0,0,18.392677307128906,25769803776,2147483648,18351046656,765329408
200,1790454950744,4,4,4,4,4,4,4,4,4,4,80.39440155029297,77.35138702392578,76.46918487548828,78.98684692382813,69.66741943359375,80.38981628417969,82.203125,19.047618865966797,0,4.761904716491699,0,0,0,9.523809432983398,0,0,0,18.392677307128906,25769803776,2147483648,18351292416,765329408
204,1790454950945,4,4,4,4,4,4,4,4,4,4,80.39440155029297,77.35138702392578,76.46918487548828,78.98684692382813,69.66741943359375,80.38981628417969,82.203125,21.052631378173828,15.000000953674316,10,0,5,5,0,5,0,0,18.40557098388672,25769803776,2147483648,18352062464,765329408
204,1790454951150,4,4,4,4,4,4,4,4,4,4,80.39440155029297,77.35138702392578,76.46918487548828,78.98684692382813,69.66741943359375,80.38981628417969,82.203125,14.285715103149414,4.761904716491699,0,4.761904716491699,0,0,5,0,0,0,18.40557098388672,25769803776,2147483648,18352111616,765329408
204,1790454951355,4,4,4,4,4,4,4,4,4,4,80.48053741455078,77.45111846923828,76.51355743408203,79.04698944091797,69.72052764892578,80.39991760253906,82.203125,10,5,4.761904716491699,0,0,0,5,0,0,0,18.40557098388672,25769803776,2147483648,18352111616,765329408
202,1790454951559,4,4,4,4,4,4,4,4,4,4,80.48053741455078,77.45111846923828,76.51355743408203,79.04698944091797,69.72052764892578,80.39991760253906,82.203125,5,0,0,0,0,0,4.761904716491699,0,0,0,18.40557098388672,25769803776,2147483648,18352111616,765329408
203,1790454951762,4,4,4,4,4,4,4,4,4,4,80.48053741455078,77.45111846923828,76.51355743408203,79.04698944091797,69.72052764892578,80.39991760253906,82.203125,14.285715103149414,4.761904716491699,0,4.761904716491699,0,0,5,0,0,0,18.40557098388672,25769803776,2147483648,18352013312,765329408
204,1790454951966,4,4,4,4,4,4,4,4,4,4,80.48053741455078,77.45111846923828,76.51355743408203,79.04698944091797,69.72052764892578,80.39991760253906,82.203125,19.047618865966797,5,0,0,0,0,0,0,0,0,18.40733528137207,25769803776,2147483648,18352046080,765329408
203,1790454952171,4,4,4,4,4,4,4,4,4,4,80.48053741455078,77.45111846923828,76.51355743408203,79.04698944091797,69.72052764892578,80.39991760253906,82.203125,10.526315689086914,4.761904716491699,5,0,0,0,9.090909004211426,0,0,0,18.40733528137207,25769803776,2147483648,18352046080,765329408
204,1790454952375,4,4,4,4,4,4,4,4,4,4,80.49003601074219,77.56864929199219,76.54015350341797,79.06375122070313,69.70320129394531,80.41268920898438,82.203125,14.285715103149414,0,0,0,0,0,5,0,0,0,18.40733528137207,25769803776,2147483648,18352046080,765329408
204,1790454952580,4,4,4,4,4,4,4,4,4,4,80.49003601074219,77.56864929199219,76.54015350341797,79.06375122070313,69.70320129394531,80.41268920898438,82.203125,10.526315689086914,0,4.761904716491699,0,0,0,9.523809432983398,0,0,0,18.40733528137207,25769803776,2147483648,18352046080,765329408
204,1790454952785,4,4,4,4,4,4,4,4,4,4,80.49003601074219,77.56864929199219,76.54015350341797,79.06375122070313,69.70320129394531,80.41268920898438,82.203125,18.18181800842285,4.761904716491699,4.545454502105713,0,0,0,5,0,0,0,18.40733528137207,25769803776,2147483648,18351964160,765329408
204,1790454952990,4,4,4,4,4,4,4,4,4,4,80.49003601074219,77.56864929199219,76.54015350341797,79.06375122070313,69.70320129394531,80.41268920898438,82.203125,10,4.761904716491699,0,0,0,0,0,0,0,0,18.343090057373047,25769803776,2147483648,18353815552,765329408
204,1790454953195,4,4,4,4,4,4,4,4,4,4,80.49003601074219,77.56864929199219,76.54015350341797,79.06375122070313,69.70320129394531,80.41268920898438,82.203125,9.523809432983398,0,0,0,0,0,4.761904716491699,0,0,0,18.343090057373047,25769803776,2147483648,18352078848,765329408
199,1790454953400,4,4,4,4,4,4,4,4,4,4,80.54439544677734,77.6451187133789,76.64293670654297,79.08343505859375,69.75712585449219,80.5042724609375,82.203125,10,5,0,0,0,0,9.523809432983398,0,0,0,18.343090057373047,25769803776,2147483648,18345885696,765329408
199,1790454953600,4,4,4,4,4,4,4,4,4,4,80.54439544677734,77.6451187133789,76.64293670654297,79.08343505859375,69.75712585449219,80.5042724609375,82.203125,15.000000953674316,0,5,0,0,0,5,0,0,0,18.343090057373047,25769803776,2147483648,18345885696,765329408
201,1790454953801,4,4,4,4,4,4,4,4,4,4,80.54439544677734,77.6451187133789,76.64293670654297,79.08343505859375,69.75712585449219,80.5042724609375,82.203125,10,5,0,0,0,0,5,4.761904716491699,0,0,18.343090057373047,25769803776,2147483648,18345885696,765329408
200,1790454954002,4,4,4,4,4,4,4,4,4,4,80.54439544677734,77.6451187133789,76.64293670654297,79.08343505859375,69.75712585449219,80.5042724609375,82.203125,15.000000953674316,0,0,0,0,0,5,0,0,0,18.37255096435547,25769803776,2147483648,18345590784,765329408
204,1790454954202,4,4,4,4,4,4,4,4,4,4,80.54439544677734,77.6451187133789,76.64293670654297,79.08343505859375,69.75712585449219,80.5042724609375,82.203125,10,5,5,0,4.761904716491699,0,5.263157844543457,0,0,0,18.37255096435547,25769803776,2147483648,18345836544,765329408
204,1790454954407,4,4,4,4,4,4,4,4,4,4,80.59713745117188,77.69683074951172,76.75928497314453,79.09562683105469,69.81024932861328,80.6051025390625,82.4375,15.000000953674316,0,0,4.761904716491699,0,0,4.761904716491699,0,0,0,18.37255096435547,25769803776,2147483648,18348113920,765329408
201,1790454954613,4,4,4,4,4,4,4,4,4,4,80.59713745117188,77.69683074951172,76.75928497314453,79.09562683105469,69.81024932861328,80.6051025390625,82.4375,4.761904716491699,4.761904716491699,0,0,0,0,0,0,0,0,18.37255096435547,25769803776,2147483648,18345525248,765329408
201,1790454954815,4,4,4,4,4,4,4,4,4,4,80.59713745117188,77.69683074951172,76.75928497314453,79.09562683105469,69.81024932861328,80.6051025390625,82.4375,9.523809432983398,0,4.761904716491699,5,0,0,9.523809432983398,0,0,0,18.37255096435547,25769803776,2147483648,18345574400,765329408
200,1790454955017,4,4,4,4,4,4,4,4,4,4,80.59713745117188,77.69683074951172,76.75928497314453,79.09562683105469,69.81024932861328,80.6051025390625,82.4375,10.526315689086914,4.761904716491699,5,0,0,0,5,0,0,0,18.498929977416992,25769803776,2147483648,18345607168,765329408
200,1790454955218,4,4,4,4,4,4,4,4,4,4,80.59713745117188,77.69683074951172,76.75928497314453,79.09562683105469,69.81024932861328,80.6051025390625,82.4375,15.000000953674316,0,0,0,0,0,9.523809432983398,0,0,0,18.498929977416992,25769803776,2147483648,18345590784,765329408
204,1790454955418,4,4,4,4,4,4,4,4,4,4,80.71014404296875,77.74711608886719,76.87527465820313,79.1329345703125,69.91181945800781,80.7555923461914,82.4375,10.526315689086914,0,0,4.761904716491699,0,0,5.263157844543457,0,0,0,18.498929977416992,25769803776,2147483648,18345574400,765329408
204,1790454955623,4,4,4,4,4,4,4,4,4,4,80.71014404296875,77.74711608886719,76.87527465820313,79.1329345703125,69.91181945800781,80.7555923461914,82.4375,13.636363983154297,4.761904716491699,0,0,0,0,9.090909004211426,0,0,0,18.498929977416992,25769803776,2147483648,18345574400,765329408
204,1790454955828,4,4,4,4,4,4,4,4,4,4,80.71014404296875,77.74711608886719,76.87527465820313,79.1329345703125,69.91181945800781,80.7555923461914,82.4375,15.000000953674316,0,4.761904716491699,0,0,0,5,0,0,0,18.447891235351563,25769803776,2147483648,18345377792,765329408
204,1790454956033,4,4,4,4,4,4,4,4,4,4,80.71014404296875,77.74711608886719,76.87527465820313,79.1329345703125,69.91181945800781,80.7555923461914,82.4375,5,4.761904716491699,0,0,0,0,0,0,0,0,18.447891235351563,25769803776,2147483648,18347229184,765329408
204,1790454956239,4,4,4,4,4,4,4,4,4,4,80.71014404296875,77.74711608886719,76.87527465820313,79.1329345703125,69.91181945800781,80.7555923461914,82.4375,9.523809432983398,0,0,0,0,0,5,0,0,0,18.447891235351563,25769803776,2147483648,18347229184,765329408
201,1790454956444,4,4,4,4,4,4,4,4,4,4,80.8176498413086,77.7935562133789,76.96436309814453,79.2088851928711,70.02857971191406,80.85531616210938,82.671875,15.000000953674316,4.761904716491699,4.761904716491699,0,0,0,4.761904716491699,0,0,0,18.447891235351563,25769803776,2147483648,18347229184,765329408
204,1790454956645,4,4,4,4,4,4,4,4,4,4,80.8176498413086,77.7935562133789,76.96436309814453,79.2088851928711,70.02857971191406,80.85531616210938,82.671875,10,0,0,0,0,0,5,0,0,0,18.447891235351563,25769803776,2147483648,18347229184,765329408
204,1790454956850,4,4,4,4,4,4,4,4,4,4,80.8176498413086,77.7935562133789,76.96436309814453,79.2088851928711,70.02857971191406,80.85531616210938,82.671875,14.285715103149414,0,0,0,0,0,5,0,0,0,18.480731964111328,25769803776,2147483648,18345082880,765329408
199,1790454957055,4,4,4,4,4,4,4,4,4,4,80.8176498413086,77.7935562133789,76.96436309814453,79.2088851928711,70.02857971191406,80.85531616210938,82.671875,10,0,4.761904716491699,0,0,0,9.523809432983398,0,0,0,18.480731964111328,25769803776,2147483648,18345132032,765329408
204,1790454957255,4,4,4,4,4,4,4,4,4,4,80.8176498413086,77.7935562133789,76.96436309814453,79.2088851928711,70.02857971191406,80.85531616210938,82.671875,15.000000953674316,9.523809432983398,4.761904716491699,0,0,0,5,4.761904716491699,0,0,18.480731964111328,25769803776,2147483648,18345132032,765329408
204,1790454957460,4,4,4,4,4,4,4,4,4,4,80.93994903564453,77.79519653320313,77.06629180908203,79.27082061767578,70.10157775878906,80.9141616821289,82.671875,10,0,0,0,0,0,0,0,0,0,18.480731964111328,25769803776,2147483648,18345132032,765329408
200,1790454957665,4,4,4,4,4,4,4,4,4,4,80.93994903564453,77.79519653320313,77.06629180908203,79.27082061767578,70.10157775878906,80.9141616821289,82.671875,9.523809432983398,0,0,0,0,0,4.761904716491699,0,4.761904716491699,0,18.480731964111328,25769803776,2147483648,18345132032,765329408
201,1790454957865,4,4,4,4,4,4,4,4,4,4,80.93994903564453,77.79519653320313,77.06629180908203,79.27082061767578,70.10157775878906,80.9141616821289,82.671875,10,5,0,0,0,0,10,0,0,0,18.551376342773438,25769803776,2147483648,18344919040,765329408
200,1790454958067,4,4,4,4,4,4,4,4,4,4,80.93994903564453,77.79519653320313,77.06629180908203,79.27082061767578,70.10157775878906,80.9141616821289,82.671875,15.000000953674316,4.761904716491699,4.761904716491699,0,0,0,5,0,0,0,18.551376342773438,25769803776,2147483648,18344919040,765329408
202,1790454958268,4,4,4,4,4,4,4,4,4,4,80.93994903564453,77.79519653320313,77.06629180908203,79.27082061767578,70.10157775878906,80.9141616821289,82.671875,10,5,0,0,0,0,5,0,0,0,18.551376342773438,25769803776,2147483648,18344919040,765329408
204,1790454958471,4,4,4,4,4,4,4,4,4,4,80.93941497802734,77.81890106201172,77.11015319824219,79.26824188232422,70.138916015625,80.91287231445313,83.15625,10.526315689086914,0,0,0,0,0,5,0,0,0,18.551376342773438,25769803776,2147483648,18344919040,765329408
200,1790454958676,4,4,4,4,4,4,4,4,4,4,80.93941497802734,77.81890106201172,77.11015319824219,79.26824188232422,70.138916015625,80.91287231445313,83.15625,18.18181800842285,0,4.761904716491699,0,4.761904716491699,0,5,4.545454502105713,0,0,18.551376342773438,25769803776,2147483648,18344919040,765329408
204,1790454958876,4,4,4,4,4,4,4,4,4,4,80.93941497802734,77.81890106201172,77.11015319824219,79.26824188232422,70.138916015625,80.91287231445313,83.15625,10.526315689086914,4.761904716491699,0,0,0,0,9.523809432983398,0,0,0,18.333984375,25769803776,2147483648,18347261952,765329408
203,1790454959081,4,4,4,4,4,4,4,4,4,4,80.93941497802734,77.81890106201172,77.11015319824219,79.26824188232422,70.138916015625,80.91287231445313,83.15625,9.090909004211426,0,0,0,0,0,0,0,0,0,18.333984375,25769803776,2147483648,18345000960,765329408
200,1790454959284,4,4,4,4,4,4,4,4,4,4,80.93941497802734,77.81890106201172,77.11015319824219,79.26824188232422,70.138916015625,80.91287231445313,83.15625,10.526315689086914,5,0,4.761904716491699,0,0,4.761904716491699,0,0,0,18.333984375,25769803776,2147483648,18345050112,765329408
204,1790454959485,4,4,4,4,4,4,4,4,4,4,81.00113677978516,77.83878326416016,77.15528106689453,79.30126953125,70.17430877685547,80.95618438720703,82.671875,14.285715103149414,70,9.090909004211426,0,0,0,9.523809432983398,0,0,0,18.333984375,25769803776,2147483648,18345050112,765329408
202,1790454959690,4,4,4,4,4,4,4,4,4,4,81.00113677978516,77.83878326416016,77.15528106689453,79.30126953125,70.17430877685547,80.95618438720703,82.671875,15.000000953674316,4.761904716491699,0,0,0,0,5,0,0,0,18.333984375,25769803776,2147483648,18345050112,765329408
204,1790454959893,4,4,4,4,4,4,4,4,4,4,81.00113677978516,77.83878326416016,77.15528106689453,79.30126953125,70.17430877685547,80.95618438720703,82.671875,10,4.761904716491699,0,0,0,0,0,0,0,0,18.332672119140625,25769803776,2147483648,18345148416,765329408
204,1790454960098,4,4,4,4,4,4,4,4,4,4,81.00113677978516,77.83878326416016,77.15528106689453,79.30126953125,70.17430877685547,80.95618438720703,82.671875,15.000000953674316,0,5,0,0,0,0,4.761904716491699,4.761904716491699,0,18.332672119140625,25769803776,2147483648,18350325760,765329408
204,1790454960303,4,4,4,4,4,4,4,4,4,4,81.00113677978516,77.83878326416016,77.15528106689453,79.30126953125,70.17430877685547,80.95618438720703,82.671875,14.285715103149414,0,4.761904716491699,0,0,0,9.090909004211426,0,0,0,18.332672119140625,25769803776,2147483648,18350489600,765329408
201,1790454960508,4,4,4,4,4,4,4,4,4,4,81.1417465209961,77.94419860839844,77.26274871826172,79.3826675415039,70.28784942626953,81.04424285888672,82.90625,10,4.761904716491699,0,4.761904716491699,0,0,0,0,0,0,18.332672119140625,25769803776,2147483648,18352488448,765329408
204,1790454960710,4,4,4,4,4,4,4,4,4,4,81.1417465209961,77.94419860839844,77.26274871826172,79.3826675415039,70.28784942626953,81.04424285888672,82.90625,5,4.761904716491699,4.761904716491699,0,0,0,5,0,0,0,18.332672119140625,25769803776,2147483648,18352488448,765329408
200,1790454960915,4,4,4,4,4,4,4,4,4,4,81.1417465209961,77.94419860839844,77.26274871826172,79.3826675415039,70.28784942626953,81.04424285888672,82.90625,14.285715103149414,4.761904716491699,0,0,0,0,9.523809432983398,4.545454502105713,0,0,18.52423667907715,25769803776,2147483648,18350931968,765329408
201,1790454961115,4,4,4,4,4,4,4,4,4,4,81.1417465209961,77.94419860839844,77.26274871826172,79.3826675415039,70.28784942626953,81.04424285888672,82.90625,15.000000953674316,0,4.761904716491699,0,0,0,5,0,0,0,18.52423667907715,25769803776,2147483648,18350653440,765329408
200,1790454961317,4,4,4,4,4,4,4,4,4,4,81.1417465209961,77.94419860839844,77.26274871826172,79.3826675415039,70.28784942626953,81.04424285888672,82.90625,14.285715103149414,0,0,0,0,0,5,0,0,0,18.52423667907715,25769803776,2147483648,18350653440,765329408
204,1790454961518,4,4,4,4,4,4,4,4,4,4,81.23546600341797,78.02057647705078,77.28980255126953,79.4543685913086,70.292236328125,81.08151245117188,82.90625,0,4.761904716491699,0,0,0,0,10,0,0,0,18.52423667907715,25769803776,2147483648,18350669824,765329408
204,1790454961723,4,4,4,4,4,4,4,4,4,4,81.23546600341797,78.02057647705078,77.28980255126953,79.4543685913086,70.292236328125,81.08151245117188,82.90625,18.18181800842285,0,4.761904716491699,4.545454502105713,0,0,9.523809432983398,0,0,0,18.52423667907715,25769803776,2147483648,18349850624,765329408
204,1790454961928,4,4,4,4,4,4,4,4,4,4,81.23546600341797,78.02057647705078,77.28980255126953,79.4543685913086,70.292236328125,81.08151245117188,82.90625,5,9.523809432983398,5,0,0,0,5,0,0,0,18.432100296020508,25769803776,2147483648,18352259072,765329408
204,1790454962133,4,4,4,4,4,4,4,4,4,4,81.23546600341797,78.02057647705078,77.28980255126953,79.4543685913086,70.292236328125,81.08151245117188,82.90625,10,5,0,0,4.761904716491699,4.761904716491699,0,0,0,0,18.432100296020508,25769803776,2147483648,18349015040,765329408
204,1790454962338,4,4,4,4,4,4,4,4,4,4,81.34162139892578,78.16070556640625,77.38605499267578,79.54795837402344,70.36803436279297,81.10692596435547,82.90625,14.285715103149414,4.761904716491699,4.761904716491699,0,0,0,5,0,0,0,18.432100296020508,25769803776,2147483648,18349031424,765329408
200,1790454962544,4,4,4,4,4,4,4,4,4,4,81.34162139892578,78.16070556640625,77.38605499267578,79.54795837402344,70.36803436279297,81.10692596435547,82.90625,15.000000953674316,9.523809432983398,4.761904716491699,0,0,4.545454502105713,9.523809432983398,0,0,0,18.432100296020508,25769803776,2147483648,18349506560,765329408
204,1790454962744,4,4,4,4,4,4,4,4,4,4,81.34162139892578,78.16070556640625,77.38605499267578,79.54795837402344,70.36803436279297,81.10692596435547,82.90625,14.285715103149414,0,5,0,0,0,5,0,0,0,18.432100296020508,25769803776,2147483648,18349621248,765329408
201,1790454962949,4,4,4,4,4,4,4,4,4,4,81.34162139892578,78.16070556640625,77.38605499267578,79.54795837402344,70.36803436279297,81.10692596435547,82.90625,10.526315689086914,0,0,0,0,0,0,0,0,0,18.438365936279297,25769803776,2147483648,18349604864,765329408
204,1790454963151,4,4,4,4,4,4,4,4,4,4,81.34162139892578,78.16070556640625,77.38605499267578,79.54795837402344,70.36803436279297,81.10692596435547,82.90625,14.285715103149414,4.761904716491699,0,0,0,0,9.523809432983398,0,0,0,18.438365936279297,25769803776,2147483648,18349506560,765329408
204,1790454963356,4,4,4,4,4,4,4,4,4,4,81.22870635986328,78.1114273071289,77.38216400146484,79.44949340820313,70.36701965332031,81.08627319335938,82.90625,10,4.761904716491699,0,0,0,0,5,0,0,0,18.438365936279297,25769803776,2147483648,18349555712,765329408
204,1790454963561,4,4,4,4,4,4,4,4,4,4,81.22870635986328,78.1114273071289,77.38216400146484,79.44949340820313,70.36701965332031,81.08627319335938,82.90625,10,0,4.761904716491699,0,0,0,0,0,0,0,18.438365936279297,25769803776,2147483648,18351538176,765329408
204,1790454963766,4,4,4,4,4,4,4,4,4,4,81.22870635986328,78.1114273071289,77.38216400146484,79.44949340820313,70.36701965332031,81.08627319335938,82.90625,9.523809432983398,4.761904716491699,0,0,0,0,9.523809432983398,0,0,0,18.438365936279297,25769803776,2147483648,18349244416,765329408
204,1790454963971,4,4,4,4,4,4,4,4,4,4,81.22870635986328,78.1114273071289,77.38216400146484,79.44949340820313,70.36701965332031,81.08627319335938,82.90625,9.523809432983398,5,0,0,0,0,5,0,0,0,18.361766815185547,25769803776,2147483648,18349244416,765329408
204,1790454964176,4,4,4,4,4,4,4,4,4,4,81.22870635986328,78.1114273071289,77.38216400146484,79.44949340820313,70.36701965332031,81.08627319335938,82.90625,15.000000953674316,5,4.761904716491699,4.761904716491699,0,0,9.090909004211426,0,0,0,18.361766815185547,25769803776,2147483648,18349522944,765329408
202,1790454964381,4,4,4,4,4,4,4,4,4,4,81.19035339355469,78.13279724121094,77.39128875732422,79.4135513305664,70.359130859375,81.07025146484375,82.90625,10,4.761904716491699,0,0,0,0,5,0,0,0,18.361766815185547,25769803776,2147483648,18349572096,765329408
203,1790454964584,4,4,4,4,4,4,4,4,4,4,81.19035339355469,78.13279724121094,77.39128875732422,79.4135513305664,70.359130859375,81.07025146484375,82.90625,19.047618865966797,0,0,0,0,0,0,0,0,0,18.361766815185547,25769803776,2147483648,18349621248,765329408
204,1790454964788,4,4,4,4,4,4,4,4,4,4,81.19035339355469,78.13279724121094,77.39128875732422,79.4135513305664,70.359130859375,81.07025146484375,82.90625,10,0,4.761904716491699,0,0,0,9.523809432983398,0,0,0,18.361766815185547,25769803776,2147483648,18349621248,765329408
204,1790454964993,4,4,4,4,4,4,4,4,4,4,81.19035339355469,78.13279724121094,77.39128875732422,79.4135513305664,70.359130859375,81.07025146484375,82.90625,19.047618865966797,9.090909004211426,4.761904716491699,0,0,0,5,0,0,0,18.268798828125,25769803776,2147483648,18349572096,765329408
200,1790454965198,4,4,4,4,4,4,4,4,4,4,81.19035339355469,78.13279724121094,77.39128875732422,79.4135513305664,70.359130859375,81.07025146484375,82.90625,0,0,0,0,0,0,0,0,0,0,18.268798828125,25769803776,2147483648,18349572096,765329408
204,1790454965399,4,4,4,4,4,4,4,4,4,4,81.25335693359375,78.13214111328125,77.4076919555664,79.4539794921875,70.38396453857422,81.08195495605469,82.90625,18.18181800842285,0,0,4.761904716491699,4.761904716491699,0,5,0,0,0,18.268798828125,25769803776,2147483648,18349572096,765329408
204,1790454965604,4,4,4,4,4,4,4,4,4,4,81.25335693359375,78.13214111328125,77.4076919555664,79.4539794921875,70.38396453857422,81.08195495605469,82.90625,5.263157844543457,0,4.761904716491699,0,4.761904716491699,0,9.523809432983398,0,0,0,18.268798828125,25769803776,2147483648,18349572096,765329408
200,1790454965808,4,4,4,4,4,4,4,4,4,4,81.25335693359375,78.13214111328125,77.4076919555664,79.4539794921875,70.38396453857422,81.08195495605469,82.90625,14.285715103149414,4.761904716491699,0,0,0,0,5,4.761904716491699,0,0,18.268798828125,25769803776,2147483648,18349572096,765329408
201,1790454966009,4,4,4,4,4,4,4,4,4,4,81.25335693359375,78.13214111328125,77.4076919555664,79.4539794921875,70.38396453857422,81.08195495605469,82.90625,10.526315689086914,5,0,0,0,0,9.523809432983398,0,0,0,18.2530460357666,25769803776,2147483648,18346229760,765329408
204,1790454966211,4,4,4,4,4,4,4,4,4,4,81.25335693359375,78.13214111328125,77.4076919555664,79.4539794921875,70.38396453857422,81.08195495605469,82.90625,14.285715103149414,0,4.761904716491699,0,0,0,5,0,0,0,18.2530460357666,25769803776,2147483648,18346229760,765329408
204,1790454966416,4,4,4,4,4,4,4,4,4,4,81.2724609375,78.1520004272461,77.43019104003906,79.46617126464844,70.39893341064453,81.08710479736328,82.90625,10,4.761904716491699,0,0,0,0,0,0,0,0,18.2530460357666,25769803776,2147483648,18346229760,765329408
204,1790454966621,4,4,4,4,4,4,4,4,4,4,81.2724609375,78.1520004272461,77.43019104003906,79.46617126464844,70.39893341064453,81.08710479736328,82.90625,14.285715103149414,4.761904716491699,4.761904716491699,0,0,0,4.545454502105713,0,0,0,18.2530460357666,25769803776,2147483648,18348081152,765329408
204,1790454966826,4,4,4,4,4,4,4,4,4,4,81.2724609375,78.1520004272461,77.43019104003906,79.46617126464844,70.39893341064453,81.08710479736328,82.90625,5,0,0,0,0,0,5,0,0,0,18.2530460357666,25769803776,2147483648,18346229760,765329408
201,1790454967031,4,4,4,4,4,4,4,4,4,4,81.2724609375,78.1520004272461,77.43019104003906,79.46617126464844,70.39893341064453,81.08710479736328,82.90625,4.761904716491699,0,4.545454502105713,0,0,0,14.285715103149414,4.761904716491699,0,0,18.219539642333984,25769803776,2147483648,18346180608,765329408
204,1790454967233,4,4,4,4,4,4,4,4,4,4,81.2724609375,78.1520004272461,77.43019104003906,79.46617126464844,70.39893341064453,81.08710479736328,82.90625,15.789472579956055,5,0,0,0,0,5,0,0,0,18.219539642333984,25769803776,2147483648,18346590208,765329408
204,1790454967438,4,4,4,4,4,4,4,4,4,4,81.31353759765625,78.2177505493164,77.4734878540039,79.5085220336914,70.44119262695313,81.10480499267578,86.671875,14.285715103149414,4.761904716491699,0,0,0,0,5,0,0,0,18.219539642333984,25769803776,2147483648,18346606592,765329408
204,1790454967642,4,4,4,4,4,4,4,4,4,4,81.31353759765625,78.2177505493164,77.4734878540039,79.5085220336914,70.44119262695313,81.10480499267578,86.671875,14.285715103149414,0,4.761904716491699,0,0,0,4.761904716491699,0,0,0,18.219539642333984,25769803776,2147483648,18346180608,765329408
204,1790454967847,4,4,4,4,4,4,4,4,4,4,81.31353759765625,78.2177505493164,77.4734878540039,79.5085220336914,70.44119262695313,81.10480499267578,86.671875,10,0,0,0,0,0,5,0,0,0,18.13001251220703,25769803776,2147483648,18346213376,765329408
204,1790454968052,4,4,4,4,4,4,4,4,4,4,81.31353759765625,78.2177505493164,77.4734878540039,79.5085220336914,70.44119262695313,81.10480499267578,86.671875,14.285715103149414,9.090909004211426,0,0,0,0,5,0,0,0,18.13001251220703,25769803776,2147483648,18346770432,765329408
204,1790454968257,4,4,4,4,4,4,4,4,4,4,81.31353759765625,78.2177505493164,77.4734878540039,79.5085220336914,70.44119262695313,81.10480499267578,86.671875,10,0,4.761904716491699,0,0,0,0,0,0,0,18.13001251220703,25769803776,2147483648,18346770432,765329408
202,1790454968462,4,4,4,4,4,4,4,4,4,4,81.38250732421875,78.25210571289063,77.52397918701172,79.60208129882813,70.48889923095703,81.12271118164063,82.90625,5,0,0,0,0,0,9.523809432983398,0,0,0,18.13001251220703,25769803776,2147483648,18346770432,765329408
204,1790454968665,4,4,4,4,4,4,4,4,4,4,81.38250732421875,78.25210571289063,77.52397918701172,79.60208129882813,70.48889923095703,81.12271118164063,82.90625,14.285715103149414,0,0,4.761904716491699,0,0,5,0,0,0,18.13001251220703,25769803776,2147483648,18346770432,765329408
200,1790454968870,4,4,4,4,4,4,4,4,4,4,81.38250732421875,78.25210571289063,77.52397918701172,79.60208129882813,70.48889923095703,81.12271118164063,82.90625,10,4.761904716491699,4.761904716491699,0,0,0,9.523809432983398,0,0,0,18.335046768188477,25769803776,2147483648,18346770432,765329408
201,1790454969071,4,4,4,4,4,4,4,4,4,4,81.38250732421875,78.25210571289063,77.52397918701172,79.60208129882813,70.48889923095703,81.12271118164063,82.90625,15.000000953674316,0,4.761904716491699,0,4.761904716491699,0,5,0,0,0,18.335046768188477,25769803776,2147483648,18346377216,765329408
202,1790454969272,4,4,4,4,4,4,4,4,4,4,81.38250732421875,78.25210571289063,77.52397918701172,79.60208129882813,70.48889923095703,81.12271118164063,82.90625,10,4.761904716491699,0,0,0,0,5.263157844543457,0,0,0,18.335046768188477,25769803776,2147483648,18346377216,765329408
204,1790454969475,4,4,4,4,4,4,4,4,4,4,81.32372283935547,78.25110626220703,77.53254699707031,79.5787124633789,70.49581146240234,81.10446166992188,82.90625,20,5,0,5,0,0,9.523809432983398,0,0,0,18.335046768188477,25769803776,2147483648,18346377216,765329408
204,1790454969680,4,4,4,4,4,4,4,4,4,4,81.32372283935547,78.25110626220703,77.53254699707031,79.5787124633789,70.49581146240234,81.10446166992188,82.90625,10,0,4.761904716491699,0,0,0,0,0,0,0,18.335046768188477,25769803776,2147483648,18346377216,765329408
203,1790454969886,4,4,4,4,4,4,4,4,4,4,81.32372283935547,78.25110626220703,77.53254699707031,79.5787124633789,70.49581146240234,81.10446166992188,82.90625,9.090909004211426,0,0,0,0,0,4.761904716491699,0,0,0,18.179555892944336,25769803776,2147483648,18346377216,765329408
204,1790454970089,4,4,4,4,4,4,4,4,4,4,81.32372283935547,78.25110626220703,77.53254699707031,79.5787124633789,70.49581146240234,81.10446166992188,82.90625,5.263157844543457,10,0,0,0,0,5,0,0,0,18.179555892944336,25769803776,2147483648,18346573824,765329408
202,1790454970294,4,4,4,4,4,4,4,4,4,4,81.32372283935547,78.25110626220703,77.53254699707031,79.5787124633789,70.49581146240234,81.10446166992188,82.90625,14.285715103149414,4.761904716491699,0,0,0,0,5,0,0,0,18.179555892944336,25769803776,2147483648,18346967040,765329408
204,1790454970498,4,4,4,4,4,4,4,4,4,4,81.33277893066406,78.23727416992188,77.52397918701172,79.58484649658203,70.49008178710938,81.10772705078125,82.90625,15.000000953674316,5,4.761904716491699,0,0,0,4.761904716491699,0,0,0,18.179555892944336,25769803776,2147483648,18346688512,765329408
200,1790454970702,4,4,4,4,4,4,4,4,4,4,81.33277893066406,78.23727416992188,77.52397918701172,79.58484649658203,70.49008178710938,81.10772705078125,82.90625,10,4.761904716491699,0,0,0,0,0,4.545454502105713,5,0,18.179555892944336,25769803776,2147483648,18346688512,765329408
204,1790454970903,4,4,4,4,4,4,4,4,4,4,81.33277893066406,78.23727416992188,77.52397918701172,79.58484649658203,70.49008178710938,81.10772705078125,82.90625,15.000000953674316,0,5,4.761904716491699,0,0,9.523809432983398,0,0,0,18.117298126220703,25769803776,2147483648,18346688512,765329408
204,1790454971108,4,4,4,4,4,4,4,4,4,4,81.33277893066406,78.23727416992188,77.52397918701172,79.58484649658203,70.49008178710938,81.10772705078125,82.90625,14.285715103149414,0,0,0,0,0,5,0,0,0,18.117298126220703,25769803776,2147483648,18346688512,765329408
204,1790454971313,4,4,4,4,4,4,4,4,4,4,81.33277893066406,78.23727416992188,77.52397918701172,79.58484649658203,70.49008178710938,81.10772705078125,82.90625,10,0,4.761904716491699,0,0,0,0,0,0,0,18.117298126220703,25769803776,2147483648,18348507136,765329408
202,1790454971518,4,4,4,4,4,4,4,4,4,4,81.37605285644531,78.20732116699219,77.51792907714844,79.61447143554688,70.49967193603516,81.1553726196289,83.15625,4.761904716491699,4.761904716491699,0,0,0,5,5,0,0,0,18.117298126220703,25769803776,2147483648,18346655744,765329408
204,1790454971721,4,4,4,4,4,4,4,4,4,4,81.37605285644531,78.20732116699219,77.51792907714844,79.61447143554688,70.49967193603516,81.1553726196289,83.15625,15.000000953674316,0,4.761904716491699,4.761904716491699,0,0,9.523809432983398,0,0,0,18.117298126220703,25769803776,2147483648,18346688512,765329408
204,1790454971926,4,4,4,4,4,4,4,4,4,4,81.37605285644531,78.20732116699219,77.51792907714844,79.61447143554688,70.49967193603516,81.1553726196289,83.15625,15.000000953674316,9.090909004211426,0,0,0,0,0,0,0,0,18.14192008972168,25769803776,2147483648,18346737664,765329408
200,1790454972130,4,4,4,4,4,4,4,4,4,4,81.37605285644531,78.20732116699219,77.51792907714844,79.61447143554688,70.49967193603516,81.1553726196289,83.15625,10,0,0,0,0,0,9.523809432983398,0,0,0,18.14192008972168,25769803776,2147483648,18346688512,765329408
204,1790454972331,4,4,4,4,4,4,4,4,4,4,81.31626892089844,78.28033447265625,77.52433013916016,79.54644775390625,70.49462127685547,81.10152435302734,82.90625,19.047618865966797,0,5,0,0,0,5,0,0,0,18.14192008972168,25769803776,2147483648,18346622976,765329408
204,1790454972536,4,4,4,4,4,4,4,4,4,4,81.31626892089844,78.28033447265625,77.52433013916016,79.54644775390625,70.49462127685547,81.10152435302734,82.90625,14.285715103149414,4.761904716491699,0,0,0,0,9.523809432983398,0,0,0,18.14192008972168,25769803776,2147483648,18346688512,765329408
204,1790454972741,4,4,4,4,4,4,4,4,4,4,81.31626892089844,78.28033447265625,77.52433013916016,79.54644775390625,70.49462127685547,81.10152435302734,82.90625,10.526315689086914,5,0,0,0,0,4.761904716491699,0,0,0,18.14192008972168,25769803776,2147483648,18346688512,765329408
204,1790454972946,4,4,4,4,4,4,4,4,4,4,81.31626892089844,78.28033447265625,77.52433013916016,79.54644775390625,70.49462127685547,81.10152435302734,82.90625,4.761904716491699,0,0,0,0,0,0,0,0,0,18.047927856445313,25769803776,2147483648,18346688512,765329408
201,1790454973151,4,4,4,4,4,4,4,4,4,4,81.31626892089844,78.28033447265625,77.52433013916016,79.54644775390625,70.49462127685547,81.10152435302734,82.90625,14.285715103149414,0,4.761904716491699,0,0,0,5,0,0,0,18.047927856445313,25769803776,2147483648,18346278912,765329408
201,1790454973353,4,4,4,4,4,4,4,4,4,4,81.33222198486328,78.25147247314453,77.53694915771484,79.56813049316406,70.50798797607422,81.1063232421875,82.90625,15.000000953674316,4.761904716491699,0,0,0,0,9.523809432983398,0,0,0,18.047927856445313,25769803776,2147483648,18346328064,765329408
203,1790454973555,4,4,4,4,4,4,4,4,4,4,81.33222198486328,78.25147247314453,77.53694915771484,79.56813049316406,70.50798797607422,81.1063232421875,82.90625,10.526315689086914,5,0,0,4.761904716491699,0,5,0,0,0,18.047927856445313,25769803776,2147483648,18346475520,765329408
204,1790454973759,4,4,4,4,4,4,4,4,4,4,81.33222198486328,78.25147247314453,77.53694915771484,79.56813049316406,70.50798797607422,81.1063232421875,82.90625,14.285715103149414,0,9.090909004211426,0,0,0,0,0,0,0,18.047927856445313,25769803776,2147483648,18346475520,765329408
204,1790454973964,4,4,4,4,4,4,4,4,4,4,81.33222198486328,78.25147247314453,77.53694915771484,79.56813049316406,70.50798797607422,81.1063232421875,82.90625,14.285715103149414,4.761904716491699,0,4.761904716491699,0,0,9.090909004211426,0,0,0,18.01596450805664,25769803776,2147483648,18346508288,765329408
204,1790454974169,4,4,4,4,4,4,4,4,4,4,81.33222198486328,78.25147247314453,77.53694915771484,79.56813049316406,70.50798797607422,81.1063232421875,82.90625,15.000000953674316,4.761904716491699,4.761904716491699,0,0,0,5,0,0,0,18.01596450805664,25769803776,2147483648,18346508288,765329408
203,1790454974374,4,4,4,4,4,4,4,4,4,4,81.3082046508789,78.23741912841797,77.54794311523438,79.54691314697266,70.52761840820313,81.0946044921875,82.90625,5,0,0,0,0,0,0,4.761904716491699,0,0,18.01596450805664,25769803776,2147483648,18347425792,765329408
204,1790454974577,4,4,4,4,4,4,4,4,4,4,81.3082046508789,78.23741912841797,77.54794311523438,79.54691314697266,70.52761840820313,81.0946044921875,82.90625,15.000000953674316,5,0,0,0,0,4.761904716491699,0,0,0,18.01596450805664,25769803776,2147483648,18346573824,765329408
201,1790454974782,4,4,4,4,4,4,4,4,4,4,81.3082046508789,78.23741912841797,77.54794311523438,79.54691314697266,70.52761840820313,81.0946044921875,82.90625,14.285715103149414,4.761904716491699,4.761904716491699,0,0,0,9.523809432983398,0,0,0,18.01596450805664,25769803776,2147483648,18346524672,765329408
201,1790454974985,4,4,4,4,4,4,4,4,4,4,81.3082046508789,78.23741912841797,77.54794311523438,79.54691314697266,70.52761840820313,81.0946044921875,82.90625,10.526315689086914,0,0,0,0,0,5,0,0,0,18.046127319335938,25769803776,2147483648,18346524672,765329408
200,1790454975186,4,4,4,4,4,4,4,4,4,4,81.3082046508789,78.23741912841797,77.54794311523438,79.54691314697266,70.52761840820313,81.0946044921875,82.90625,14.285715103149414,0,0,0,0,0,5.263157844543457,0,0,0,18.046127319335938,25769803776,2147483648,18346672128,765329408
200,1790454975387,4,4,4,4,4,4,4,4,4,4,81.20712280273438,78.2199478149414,77.50862121582031,79.4659194946289,70.48128509521484,81.0711441040039,82.90625,15.000000953674316,4.761904716491699,0,0,0,0,5,4.761904716491699,0,0,18.046127319335938,25769803776,2147483648,18346721280,765329408
204,1790454975587,4,4,4,4,4,4,4,4,4,4,81.20712280273438,78.2199478149414,77.50862121582031,79.4659194946289,70.48128509521484,81.0711441040039,82.90625,9.523809432983398,0,4.761904716491699,10,0,0,5,0,0,0,18.046127319335938,25769803776,2147483648,18346721280,765329408
201,1790454975792,4,4,4,4,4,4,4,4,4,4,81.20712280273438,78.2199478149414,77.50862121582031,79.4659194946289,70.48128509521484,81.0711441040039,82.90625,5,5,4.761904716491699,0,0,4.545454502105713,4.545454502105713,0,0,0,18.046127319335938,25769803776,2147483648,18346721280,765329408
204,1790454975994,4,4,4,4,4,4,4,4,4,4,81.20712280273438,78.2199478149414,77.50862121582031,79.4659194946289,70.48128509521484,81.0711441040039,82.90625,10,4.761904716491699,0,0,0,0,5,0,0,0,17.84561538696289,25769803776,2147483648,18346721280,765329408
204,1790454976199,4,4,4,4,4,4,4,4,4,4,81.20712280273438,78.2199478149414,77.50862121582031,79.4659194946289,70.48128509521484,81.0711441040039,82.90625,5,0,4.761904716491699,0,4.761904716491699,0,5.263157844543457,0,0,0,17.84561538696289,25769803776,2147483648,18346770432,765329408
204,1790454976404,4,4,4,4,4,4,4,4,4,4,81.2530288696289,78.29350280761719,77.54820251464844,79.50943756103516,70.52433013916016,81.08711242675781,86.90625,14.285715103149414,0,0,0,0,0,9.523809432983398,0,0,0,17.84561538696289,25769803776,2147483648,18346852352,765329408
201,1790454976609,4,4,4,4,4,4,4,4,4,4,81.2530288696289,78.29350280761719,77.54820251464844,79.50943756103516,70.52433013916016,81.08711242675781,86.90625,15.000000953674316,0,0,0,0,0,5,0,0,0,17.84561538696289,25769803776,2147483648,18346901504,765329408
204,1790454976811,4,4,4,4,4,4,4,4,4,4,81.2530288696289,78.29350280761719,77.54820251464844,79.50943756103516,70.52433013916016,81.08711242675781,86.90625,10,4.761904716491699,0,0,0,0,9.523809432983398,0,0,0,17.84561538696289,25769803776,2147483648,18346901504,765329408
204,1790454977016,4,4,4,4,4,4,4,4,4,4,81.2530288696289,78.29350280761719,77.54820251464844,79.50943756103516,70.52433013916016,81.08711242675781,86.90625,15.000000953674316,0,4.761904716491699,0,0,0,4.761904716491699,0,0,0,17.999116897583008,25769803776,2147483648,18346901504,765329408
204,1790454977221,4,4,4,4,4,4,4,4,4,4,81.2530288696289,78.29350280761719,77.54820251464844,79.50943756103516,70.52433013916016,81.08711242675781,86.90625,14.285715103149414,4.761904716491699,0,0,0,0,9.523809432983398,0,0,0,17.999116897583008,25769803776,2147483648,18346934272,765329408
204,1790454977426,4,4,4,4,4,4,4,4,4,4,81.17596435546875,78.22822570800781,77.51933288574219,79.4417953491211,70.48516082763672,81.05521392822266,82.90625,9.523809432983398,4.761904716491699,0,4.761904716491699,0,0,0,0,0,0,17.999116897583008,25769803776,2147483648,18346934272,765329408
204,1790454977631,4,4,4,4,4,4,4,4,4,4,81.17596435546875,78.22822570800781,77.51933288574219,79.4417953491211,70.48516082763672,81.05521392822266,82.90625,0,5,0,0,0,0,5,0,0,0,17.999116897583008,25769803776,2147483648,18346934272,765329408
202,1790454977836,4,4,4,4,4,4,4,4,4,4,81.17596435546875,78.22822570800781,77.51933288574219,79.4417953491211,70.48516082763672,81.05521392822266,82.90625,9.090909004211426,9.523809432983398,4.761904716491699,0,0,0,4.761904716491699,0,0,0,17.846271514892578,25769803776,2147483648,18346934272,765329408
204,1790454978038,4,4,4,4,4,4,4,4,4,4,81.17596435546875,78.22822570800781,77.51933288574219,79.4417953491211,70.48516082763672,81.05521392822266,82.90625,10.526315689086914,0,0,0,0,0,9.523809432983398,0,0,0,17.846271514892578,25769803776,2147483648,18346934272,765329408
202,1790454978243,4,4,4,4,4,4,4,4,4,4,81.17596435546875,78.22822570800781,77.51933288574219,79.4417953491211,70.48516082763672,81.05521392822266,82.90625,14.285715103149414,0,4.761904716491699,0,0,0,0,0,9.090909004211426,0,17.846271514892578,25769803776,2147483648,18346737664,765329408
204,1790454978446,4,4,4,4,4,4,4,4,4,4,81.1443099975586,78.15699005126953,77.4886703491211,79.4183578491211,70.43901062011719,81.06208038330078,82.90625,10,9.090909004211426,4.761904716491699,0,0,0,0,0,0,0,17.846271514892578,25769803776,2147483648,18346737664,765329408
204,1790454978651,4,4,4,4,4,4,4,4,4,4,81.1443099975586,78.15699005126953,77.4886703491211,79.4183578491211,70.43901062011719,81.06208038330078,82.90625,23.809524536132813,0,0,0,0,0,4.761904716491699,0,0,0,17.846271514892578,25769803776,2147483648,18346901504,765329408
204,1790454978856,4,4,4,4,4,4,4,4,4,4,81.1443099975586,78.15699005126953,77.4886703491211,79.4183578491211,70.43901062011719,81.06208038330078,82.90625,14.285715103149414,4.761904716491699,0,0,0,0,9.523809432983398,0,0,0,17.738222122192383,25769803776,2147483648,18348818432,765329408
203,1790454979062,4,4,4,4,4,4,4,4,4,4,81.1443099975586,78.15699005126953,77.4886703491211,79.4183578491211,70.43901062011719,81.06208038330078,82.90625,5.263157844543457,4.761904716491699,0,0,0,0,0,0,0,0,17.738222122192383,25769803776,2147483648,18346868736,765329408
202,1790454979265,4,4,4,4,4,4,4,4,4,4,81.1443099975586,78.15699005126953,77.4886703491211,79.4183578491211,70.43901062011719,81.06208038330078,82.90625,9.523809432983398,0,4.761904716491699,0,0,0,5,0,0,0,17.738222122192383,25769803776,2147483648,18346868736,765329408
202,1790454979468,4,4,4,4,4,4,4,4,4,4,81.07514953613281,78.19010162353516,77.48908233642578,79.37928009033203,70.42289733886719,81.0008773803711,82.90625,10.526315689086914,0,0,0,0,4.761904716491699,9.523809432983398,4.761904716491699,0,0,17.738222122192383,25769803776,2147483648,18347032576,765329408
201,1790454979671,4,4,4,4,4,4,4,4,4,4,81.07514953613281,78.19010162353516,77.48908233642578,79.37928009033203,70.42289733886719,81.0008773803711,82.90625,14.285715103149414,4.761904716491699,0,0,4.761904716491699,0,5,0,0,0,17.738222122192383,25769803776,2147483648,18346917888,765329408
203,1790454979873,4,4,4,4,4,4,4,4,4,4,81.07514953613281,78.19010162353516,77.48908233642578,79.37928009033203,70.42289733886719,81.0008773803711,82.90625,14.285715103149414,0,5,0,0,0,5,0,0,0,17.777816772460938,25769803776,2147483648,18346917888,765329408
204,1790454980077,4,4,4,4,4,4,4,4,4,4,81.07514953613281,78.19010162353516,77.48908233642578,79.37928009033203,70.42289733886719,81.0008773803711,82.90625,10,9.090909004211426,0,0,0,0,9.523809432983398,0,0,0,17.777816772460938,25769803776,2147483648,18346917888,765329408
204,1790454980282,4,4,4,4,4,4,4,4,4,4,81.07514953613281,78.19010162353516,77.48908233642578,79.37928009033203,70.42289733886719,81.0008773803711,82.90625,14.285715103149414,0,0,0,0,0,4.761904716491699,0,0,0,17.777816772460938,25769803776,2147483648,18346885120,765329408
201,1790454980487,4,4,4,4,4,4,4,4,4,4,81.00657653808594,78.1827392578125,77.46910095214844,79.35131072998047,70.40461730957031,80.9513168334961,82.671875,10,0,9.090909004211426,0,0,0,0,0,0,0,17.777816772460938,25769803776,2147483648,18346885120,765329408
204,1790454980688,4,4,4,4,4,4,4,4,4,4,81.00657653808594,78.1827392578125,77.46910095214844,79.35131072998047,70.40461730957031,80.9513168334961,82.671875,5,0,0,0,0,0,5,0,0,0,17.777816772460938,25769803776,2147483648,18346885120,765329408
204,1790454980893,4,4,4,4,4,4,4,4,4,4,81.00657653808594,78.1827392578125,77.46910095214844,79.35131072998047,70.40461730957031,80.9513168334961,82.671875,10,4.761904716491699,0,0,0,0,5,0,0,0,17.80620002746582,25769803776,2147483648,18346885120,765329408
202,1790454981098,4,4,4,4,4,4,4,4,4,4,81.00657653808594,78.1827392578125,77.46910095214844,79.35131072998047,70.40461730957031,80.9513168334961,82.671875,10.526315689086914,4.761904716491699,0,4.545454502105713,0,0,5,0,0,0,17.80620002746582,25769803776,2147483648,18346885120,765329408
202,1790454981301,4,4,4,4,4,4,4,4,4,4,81.00657653808594,78.1827392578125,77.46910095214844,79.35131072998047,70.40461730957031,80.9513168334961,82.671875,14.285715103149414,0,4.761904716491699,0,0,0,9.523809432983398,0,0,0,17.80620002746582,25769803776,2147483648,18346672128,765329408
204,1790454981503,4,4,4,4,4,4,4,4,4,4,81.01019287109375,78.13543701171875,77.46012115478516,79.33997344970703,70.40389251708984,80.95550537109375,82.90625,18.18181800842285,4.761904716491699,0,0,0,0,5,0,0,0,17.80620002746582,25769803776,2147483648,18346672128,765329408
204,1790454981708,4,4,4,4,4,4,4,4,4,4,81.01019287109375,78.13543701171875,77.46012115478516,79.33997344970703,70.40389251708984,80.95550537109375,82.90625,10.526315689086914,0,0,0,0,0,4.761904716491699,0,0,0,17.80620002746582,25769803776,2147483648,18346672128,765329408
204,1790454981913,4,4,4,4,4,4,4,4,4,4,81.01019287109375,78.13543701171875,77.46012115478516,79.33997344970703,70.40389251708984,80.95550537109375,82.90625,14.285715103149414,0,0,0,0,0,5,0,0,0,17.76814842224121,25769803776,2147483648,18346672128,765329408
204,1790454982119,4,4,4,4,4,4,4,4,4,4,81.01019287109375,78.13543701171875,77.46012115478516,79.33997344970703,70.40389251708984,80.95550537109375,82.90625,5,0,0,0,0,0,4.761904716491699,0,0,0,17.76814842224121,25769803776,2147483648,18346672128,765329408
201,1790454982323,4,4,4,4,4,4,4,4,4,4,80.93103790283203,78.1152572631836,77.4367904663086,79.30221557617188,70.3765869140625,80.90935516357422,82.671875,9.523809432983398,14.285715103149414,9.090909004211426,0,0,0,5,0,0,0,17.76814842224121,25769803776,2147483648,18346557440,765329408
200,1790454982526,4,4,4,4,4,4,4,4,4,4,80.93103790283203,78.1152572631836,77.4367904663086,79.30221557617188,70.3765869140625,80.90935516357422,82.671875,10.526315689086914,0,0,4.761904716491699,0,0,9.523809432983398,0,0,0,17.76814842224121,25769803776,2147483648,18346606592,765329408
202,1790454982726,4,4,4,4,4,4,4,4,4,4,80.93103790283203,78.1152572631836,77.4367904663086,79.30221557617188,70.3765869140625,80.90935516357422,82.671875,10,5,0,0,0,0,0,0,0,0,17.76814842224121,25769803776,2147483648,18346606592,765329408
204,1790454982929,4,4,4,4,4,4,4,4,4,4,80.93103790283203,78.1152572631836,77.4367904663086,79.30221557617188,70.3765869140625,80.90935516357422,82.671875,10,4.761904716491699,4.761904716491699,0,0,0,5,0,0,0,17.624109268188477,25769803776,2147483648,18346606592,765329408
204,1790454983134,4,4,4,4,4,4,4,4,4,4,80.93103790283203,78.1152572631836,77.4367904663086,79.30221557617188,70.3765869140625,80.90935516357422,82.671875,14.285715103149414,0,0,0,0,0,9.523809432983398,0,0,0,17.624109268188477,25769803776,2147483648,18346606592,765329408
204,1790454983339,4,4,4,4,4,4,4,4,4,4,80.88394927978516,78.0825424194336,77.4178237915039,79.28590393066406,70.35665130615234,80.88732147216797,82.671875,10,0,0,0,0,0,4.761904716491699,0,0,0,17.624109268188477,25769803776,2147483648,18346639360,765329408
201,1790454983544,4,4,4,4,4,4,4,4,4,4,80.88394927978516,78.0825424194336,77.4178237915039,79.28590393066406,70.35665130615234,80.88732147216797,82.671875,14.285715103149414,9.090909004211426,4.545454502105713,0,0,0,0,4.761904716491699,0,0,17.624109268188477,25769803776,2147483648,18348507136,765329408
200,1790454983745,4,4,4,4,4,4,4,4,4,4,80.88394927978516,78.0825424194336,77.4178237915039,79.28590393066406,70.35665130615234,80.88732147216797,82.671875,5,0,0,0,4.761904716491699,0,9.523809432983398,0,0,0,17.624109268188477,25769803776,2147483648,18346639360,765329408
201,1790454983947,4,4,4,4,4,4,4,4,4,4,80.88394927978516,78.0825424194336,77.4178237915039,79.28590393066406,70.35665130615234,80.88732147216797,82.671875,15.000000953674316,0,0,0,0,0,5,0,0,0,17.64371681213379,25769803776,2147483648,18346000384,765329408
204,1790454984148,4,4,4,4,4,4,4,4,4,4,80.88394927978516,78.0825424194336,77.4178237915039,79.28590393066406,70.35665130615234,80.88732147216797,82.671875,10,5,0,0,0,0,5,0,0,0,17.64371681213379,25769803776,2147483648,18346016768,765329408
200,1790454984353,4,4,4,4,4,4,4,4,4,4,80.7826156616211,78.04396057128906,77.36796569824219,79.2290267944336,70.31513214111328,80.83866882324219,82.90625,14.285715103149414,0,4.761904716491699,4.545454502105713,0,0,9.523809432983398,0,0,0,17.64371681213379,25769803776,2147483648,18346295296,765329408
204,1790454984554,4,4,4,4,4,4,4,4,4,4,80.7826156616211,78.04396057128906,77.36796569824219,79.2290267944336,70.31513214111328,80.83866882324219,82.90625,15.000000953674316,5,0,0,0,0,0,0,0,0,17.64371681213379,25769803776,2147483648,18346246144,765329408
204,1790454984759,4,4,4,4,4,4,4,4,4,4,80.7826156616211,78.04396057128906,77.36796569824219,79.2290267944336,70.31513214111328,80.83866882324219,82.90625,14.285715103149414,4.761904716491699,4.545454502105713,0,0,0,9.523809432983398,4.761904716491699,0,0,17.64371681213379,25769803776,2147483648,18346246144,765329408
204,1790454984964,4,4,4,4,4,4,4,4,4,4,80.7826156616211,78.04396057128906,77.36796569824219,79.2290267944336,70.31513214111328,80.83866882324219,82.90625,5.263157844543457,0,4.761904716491699,0,0,0,0,0,0,0,17.53472900390625,25769803776,2147483648,18346246144,765329408
204,1790454985169,4,4,4,4,4,4,4,4,4,4,80.7826156616211,78.04396057128906,77.36796569824219,79.2290267944336,70.31513214111328,80.83866882324219,82.90625,4.761904716491699,4.761904716491699,0,0,0,0,5,0,0,0,17.53472900390625,25769803776,2147483648,18346246144,765329408
200,1790454985374,4,4,4,4,4,4,4,4,4,4,80.84752655029297,78.030517578125,77.36831665039063,79.24718475341797,70.32025146484375,80.87124633789063,82.671875,14.285715103149414,0,0,0,0,0,5,0,0,0,17.53472900390625,25769803776,2147483648,18346246144,765329408
204,1790454985575,4,4,4,4,4,4,4,4,4,4,80.84752655029297,78.030517578125,77.36831665039063,79.24718475341797,70.32025146484375,80.87124633789063,82.671875,10.526315689086914,4.761904716491699,0,0,0,0,9.523809432983398,0,0,0,17.53472900390625,25769803776,2147483648,18346180608,765329408
203,1790454985780,4,4,4,4,4,4,4,4,4,4,80.84752655029297,78.030517578125,77.36831665039063,79.24718475341797,70.32025146484375,80.87124633789063,82.671875,14.285715103149414,0,4.761904716491699,0,0,0,5,0,0,0,17.53472900390625,25769803776,2147483648,18346180608,765329408
204,1790454985983,4,4,4,4,4,4,4,4,4,4,80.84752655029297,78.030517578125,77.36831665039063,79.24718475341797,70.32025146484375,80.87124633789063,82.671875,25,10,0,5,0,0,5,0,0,0,17.627939224243164,25769803776,2147483648,18346180608,765329408
204,1790454986188,4,4,4,4,4,4,4,4,4,4,80.84752655029297,78.030517578125,77.36831665039063,79.24718475341797,70.32025146484375,80.87124633789063,82.671875,15.000000953674316,14.285715103149414,5,5,0,0,15.000000953674316,9.523809432983398,4.761904716491699,0,17.627939224243164,25769803776,2147483648,18346180608,765329408
204,1790454986393,4,4,4,4,4,4,4,4,4,4,80.82774353027344,78.15290069580078,77.48685455322266,79.24594116210938,70.4886245727539,80.8667984008789,82.90625,14.285715103149414,5.263157844543457,4.761904716491699,0,4.761904716491699,0,9.523809432983398,0,0,0,17.627939224243164,25769803776,2147483648,18390663168,765329408
204,1790454986598,4,4,4,4,4,4,4,4,4,4,80.82774353027344,78.15290069580078,77.48685455322266,79.24594116210938,70.4886245727539,80.8667984008789,82.90625,10,9.523809432983398,10,0,0,0,0,0,0,0,17.627939224243164,25769803776,2147483648,18390990848,765329408
204,1790454986803,4,4,4,4,4,4,4,4,4,4,80.82774353027344,78.15290069580078,77.48685455322266,79.24594116210938,70.4886245727539,80.8667984008789,82.90625,14.285715103149414,14.285715103149414,9.523809432983398,0,0,0,5,0,0,0,17.627939224243164,25769803776,2147483648,18390630400,765329408
202,1790454987008,4,4,4,4,4,4,4,4,4,4,80.82774353027344,78.15290069580078,77.48685455322266,79.24594116210938,70.4886245727539,80.8667984008789,82.90625,14.285715103149414,10,5,4.761904716491699,0,0,5,0,0,0,17.464311599731445,25769803776,2147483648,18390695936,765329408
204,1790454987211,4,4,4,4,4,4,4,4,4,4,80.82774353027344,78.15290069580078,77.48685455322266,79.24594116210938,70.4886245727539,80.8667984008789,82.90625,15.789472579956055,14.285715103149414,10,4.761904716491699,0,0,9.090909004211426,0,0,0,17.464311599731445,25769803776,2147483648,18396348416,765329408
202,1790454987416,4,4,4,4,4,4,4,4,4,4,80.34195709228516,77.8805923461914,77.19200897216797,79.01998138427734,70.15849304199219,80.44378662109375,82.4375,14.285715103149414,15.000000953674316,0,0,4.761904716491699,0,5,0,0,0,17.464311599731445,25769803776,2147483648,18397528064,765329408
204,1790454987619,4,4,4,4,4,4,4,4,4,4,80.34195709228516,77.8805923461914,77.19200897216797,79.01998138427734,70.15849304199219,80.44378662109375,82.4375,10.526315689086914,0,4.761904716491699,0,0,0,5,4.761904716491699,0,0,17.464311599731445,25769803776,2147483648,18397544448,765329408
204,1790454987824,4,4,4,4,4,4,4,4,4,4,80.34195709228516,77.8805923461914,77.19200897216797,79.01998138427734,70.15849304199219,80.44378662109375,82.4375,18.18181800842285,4.761904716491699,0,0,0,0,5,0,0,0,17.464311599731445,25769803776,2147483648,18397495296,765329408
204,1790454988029,4,4,4,4,4,4,4,4,4,4,80.34195709228516,77.8805923461914,77.19200897216797,79.01998138427734,70.15849304199219,80.44378662109375,82.4375,10,0,0,0,0,0,4.761904716491699,0,0,0,16.87533950805664,25769803776,2147483648,18399330304,765329408
201,1790454988234,4,4,4,4,4,4,4,4,4,4,80.34195709228516,77.8805923461914,77.19200897216797,79.01998138427734,70.15849304199219,80.44378662109375,82.4375,9.523809432983398,5,0,0,0,0,0,0,0,0,16.87533950805664,25769803776,2147483648,18397167616,765329408
204,1790454988436,4,4,4,4,4,4,4,4,4,4,80.5729751586914,77.84294891357422,77.14287567138672,79.11029815673828,70.1538314819336,80.59420013427734,82.4375,10.526315689086914,9.090909004211426,5,0,0,0,9.523809432983398,0,0,0,16.87533950805664,25769803776,2147483648,18397167616,765329408
200,1790454988641,4,4,4,4,4,4,4,4,4,4,80.5729751586914,77.84294891357422,77.14287567138672,79.11029815673828,70.1538314819336,80.59420013427734,82.4375,9.523809432983398,5.263157844543457,4.761904716491699,0,0,0,5,0,0,0,16.87533950805664,25769803776,2147483648,18370101248,765329408
202,1790454988842,4,4,4,4,4,4,4,4,4,4,80.5729751586914,77.84294891357422,77.14287567138672,79.11029815673828,70.1538314819336,80.59420013427734,82.4375,5.263157844543457,10,4.761904716491699,0,0,0,5,0,0,0,17.275407791137695,25769803776,2147483648,18370101248,765329408
203,1790454989044,4,4,4,4,4,4,4,4,4,4,80.5729751586914,77.84294891357422,77.14287567138672,79.11029815673828,70.1538314819336,80.59420013427734,82.4375,14.285715103149414,0,0,0,0,0,9.523809432983398,0,0,0,17.275407791137695,25769803776,2147483648,18370117632,765329408
204,1790454989248,4,4,4,4,4,4,4,4,4,4,80.5729751586914,77.84294891357422,77.14287567138672,79.11029815673828,70.1538314819336,80.59420013427734,82.4375,15.000000953674316,4.761904716491699,0,4.761904716491699,0,0,5,0,0,0,17.275407791137695,25769803776,2147483648,18370117632,765329408
204,1790454989453,4,4,4,4,4,4,4,4,4,4,80.8423843383789,77.9157943725586,77.26631927490234,79.22905731201172,70.25614166259766,80.8537826538086,82.671875,50,10,4.761904716491699,0,0,0,9.523809432983398,4.761904716491699,0,0,17.275407791137695,25769803776,2147483648,18370150400,765329408
200,1790454989658,4,4,4,4,4,4,4,4,4,4,80.8423843383789,77.9157943725586,77.26631927490234,79.22905731201172,70.25614166259766,80.8537826538086,82.671875,19.047618865966797,9.523809432983398,0,0,0,0,0,0,0,0,17.275407791137695,25769803776,2147483648,18370134016,765329408
204,1790454989860,4,4,4,4,4,4,4,4,4,4,80.8423843383789,77.9157943725586,77.26631927490234,79.22905731201172,70.25614166259766,80.8537826538086,82.671875,15.000000953674316,0,0,0,0,0,5,0,0,0,17.894996643066406,25769803776,2147483648,18370215936,765329408
200,1790454990065,4,4,4,4,4,4,4,4,4,4,80.8423843383789,77.9157943725586,77.26631927490234,79.22905731201172,70.25614166259766,80.8537826538086,82.671875,14.285715103149414,0,4.761904716491699,0,0,0,0,0,0,0,17.894996643066406,25769803776,2147483648,18370199552,765329408
202,1790454990265,4,4,4,4,4,4,4,4,4,4,80.8423843383789,77.9157943725586,77.26631927490234,79.22905731201172,70.25614166259766,80.8537826538086,82.671875,10.526315689086914,4.761904716491699,0,0,0,0,10,0,0,0,17.894996643066406,25769803776,2147483648,18370248704,765329408
202,1790454990468,4,4,4,4,4,4,4,4,4,4,80.76476287841797,77.98442077636719,77.31476593017578,79.19429779052734,70.29536437988281,80.82564544677734,82.671875,9.523809432983398,5,0,0,0,0,14.285715103149414,0,0,0,17.894996643066406,25769803776,2147483648,18370265088,765329408
204,1790454990671,4,4,4,4,4,4,4,4,4,4,80.76476287841797,77.98442077636719,77.31476593017578,79.19429779052734,70.29536437988281,80.82564544677734,82.671875,15.000000953674316,0,9.090909004211426,0,0,0,0,0,0,0,17.894996643066406,25769803776,2147483648,18370281472,765329408
204,1790454990876,4,4,4,4,4,4,4,4,4,4,80.76476287841797,77.98442077636719,77.31476593017578,79.19429779052734,70.29536437988281,80.82564544677734,82.671875,5,9.523809432983398,0,0,0,0,5,0,0,0,17.761432647705078,25769803776,2147483648,18370281472,765329408
204,1790454991081,4,4,4,4,4,4,4,4,4,4,80.76476287841797,77.98442077636719,77.31476593017578,79.19429779052734,70.29536437988281,80.82564544677734,82.671875,10,4.761904716491699,0,0,0,0,0,0,0,0,17.761432647705078,25769803776,2147483648,18370281472,765329408
204,1790454991286,4,4,4,4,4,4,4,4,4,4,80.76476287841797,77.98442077636719,77.31476593017578,79.19429779052734,70.29536437988281,80.82564544677734,82.671875,9.090909004211426,0,0,0,0,0,0,9.523809432983398,0,0,17.761432647705078,25769803776,2147483648,18370281472,765329408
200,1790454991491,4,4,4,4,4,4,4,4,4,4,80.57209014892578,77.89164733886719,77.25279998779297,79.10982513427734,70.27233123779297,80.60636901855469,82.671875,10.526315689086914,4.761904716491699,0,0,0,0,9.523809432983398,0,0,0,17.761432647705078,25769803776,2147483648,18369953792,765329408
204,1790454991692,4,4,4,4,4,4,4,4,4,4,80.57209014892578,77.89164733886719,77.25279998779297,79.10982513427734,70.27233123779297,80.60636901855469,82.671875,14.285715103149414,0,5,0,0,0,5,0,0,0,17.761432647705078,25769803776,2147483648,18369953792,765329408
204,1790454991897,4,4,4,4,4,4,4,4,4,4,80.57209014892578,77.89164733886719,77.25279998779297,79.10982513427734,70.27233123779297,80.60636901855469,82.671875,14.285715103149414,4.761904716491699,0,0,0,0,9.523809432983398,0,0,0,17.35010528564453,25769803776,2147483648,18369953792,765329408
203,1790454992102,4,4,4,4,4,4,4,4,4,4,80.57209014892578,77.89164733886719,77.25279998779297,79.10982513427734,70.27233123779297,80.60636901855469,82.671875,15.000000953674316,4.761904716491699,4.761904716491699,4.761904716491699,0,0,5,0,0,0,17.35010528564453,25769803776,2147483648,18369953792,765329408
204,1790454992305,4,4,4,4,4,4,4,4,4,4,80.57209014892578,77.89164733886719,77.25279998779297,79.10982513427734,70.27233123779297,80.60636901855469,82.671875,15.000000953674316,0,4.761904716491699,4.761904716491699,0,0,5,0,0,0,17.35010528564453,25769803776,2147483648,18369953792,765329408
200,1790454992510,4,4,4,4,4,4,4,4,4,4,80.48649597167969,77.83782196044922,77.1412124633789,79.08296966552734,70.16676330566406,80.44510650634766,82.4375,9.523809432983398,10,0,0,4.761904716491699,0,9.523809432983398,0,0,0,17.35010528564453,25769803776,2147483648,18369380352,765329408
202,1790454992711,4,4,4,4,4,4,4,4,4,4,80.48649597167969,77.83782196044922,77.1412124633789,79.08296966552734,70.16676330566406,80.44510650634766,82.4375,0,4.761904716491699,0,0,0,0,0,0,0,0,17.35010528564453,25769803776,2147483648,18369347584,765329408
204,1790454992914,4,4,4,4,4,4,4,4,4,4,80.48649597167969,77.83782196044922,77.1412124633789,79.08296966552734,70.16676330566406,80.44510650634766,82.4375,10.526315689086914,0,0,0,4.545454502105713,0,5,0,0,0,17.24142074584961,25769803776,2147483648,18369413120,765329408
202,1790454993119,4,4,4,4,4,4,4,4,4,4,80.48649597167969,77.83782196044922,77.1412124633789,79.08296966552734,70.16676330566406,80.44510650634766,82.4375,9.523809432983398,0,4.761904716491699,0,0,0,9.523809432983398,0,0,0,17.24142074584961,25769803776,2147483648,18369413120,765329408
204,1790454993322,4,4,4,4,4,4,4,4,4,4,80.48649597167969,77.79720306396484,77.05609130859375,79.08296966552734,70.08766174316406,80.44510650634766,82.4375,14.285715103149414,0,0,0,0,0,5,0,0,0,17.24142074584961,25769803776,2147483648,18369413120,765329408
204,1790454993527,4,4,4,4,4,4,4,4,4,4,80.39495849609375,77.79720306396484,77.05609130859375,79.06436157226563,70.08766174316406,80.4024887084961,82.4375,10.526315689086914,4.761904716491699,0,0,0,0,9.523809432983398,0,0,0,17.24142074584961,25769803776,2147483648,18368823296,765329408
204,1790454993732,4,4,4,4,4,4,4,4,4,4,80.39495849609375,77.79720306396484,77.05609130859375,79.06436157226563,70.08766174316406,80.4024887084961,82.4375,14.285715103149414,0,4.761904716491699,0,0,0,0,0,0,0,17.24142074584961,25769803776,2147483648,18368888832,765329408
204,1790454993937,4,4,4,4,4,4,4,4,4,4,80.39495849609375,77.79720306396484,77.05609130859375,79.06436157226563,70.08766174316406,80.4024887084961,82.4375,19.047618865966797,4.761904716491699,0,0,0,0,4.761904716491699,0,0,0,17.113323211669922,25769803776,2147483648,18368888832,765329408
204,1790454994142,4,4,4,4,4,4,4,4,4,4,80.39495849609375,77.79720306396484,77.05609130859375,79.06436157226563,70.08766174316406,80.4024887084961,82.4375,10,5,0,0,0,0,4.761904716491699,0,0,0,17.113323211669922,25769803776,2147483648,18368888832,765329408
200,1790454994347,4,4,4,4,4,4,4,4,4,4,80.37648010253906,77.74723815917969,76.97948455810547,79.0516128540039,70.00382995605469,80.39793395996094,82.203125,9.523809432983398,0,4.761904716491699,4.761904716491699,0,0,5,0,0,0,17.113323211669922,25769803776,2147483648,18368888832,765329408
204,1790454994548,4,4,4,4,4,4,4,4,4,4,80.37648010253906,77.74723815917969,76.97948455810547,79.0516128540039,70.00382995605469,80.39793395996094,82.203125,10,4.761904716491699,4.761904716491699,0,0,0,5,0,0,0,17.113323211669922,25769803776,2147483648,18368872448,765329408
204,1790454994752,4,4,4,4,4,4,4,4,4,4,80.37648010253906,77.74723815917969,76.97948455810547,79.0516128540039,70.00382995605469,80.39793395996094,82.203125,10,0,0,0,0,0,9.523809432983398,0,0,0,17.113323211669922,25769803776,2147483648,18368872448,765329408
200,1790454994957,4,4,4,4,4,4,4,4,4,4,80.37648010253906,77.74723815917969,76.97948455810547,79.0516128540039,70.00382995605469,80.39793395996094,82.203125,15.000000953674316,0,0,0,0,0,4.761904716491699,0,0,0,17.08430290222168,25769803776,2147483648,18368872448,765329408
204,1790454995157,4,4,4,4,4,4,4,4,4,4,80.37648010253906,77.74723815917969,76.97948455810547,79.0516128540039,70.00382995605469,80.39793395996094,82.203125,15.000000953674316,9.523809432983398,5,0,0,0,5.263157844543457,0,0,0,17.08430290222168,25769803776,2147483648,18368987136,765329408
204,1790454995362,4,4,4,4,4,4,4,4,4,4,80.36824035644531,77.75202178955078,76.97284698486328,79.03850555419922,70.00955200195313,80.39451599121094,84.203125,14.285715103149414,0,0,0,0,0,4.545454502105713,9.090909004211426,0,0,17.08430290222168,25769803776,2147483648,18368954368,765329408
204,1790454995567,4,4,4,4,4,4,4,4,4,4,80.36824035644531,77.75202178955078,76.97284698486328,79.03850555419922,70.00955200195313,80.39451599121094,84.203125,15.000000953674316,0,0,0,0,0,5,0,0,0,17.08430290222168,25769803776,2147483648,18368888832,765329408
202,1790454995772,4,4,4,4,4,4,4,4,4,4,80.36824035644531,77.75202178955078,76.97284698486328,79.03850555419922,70.00955200195313,80.39451599121094,84.203125,0,4.761904716491699,4.761904716491699,0,0,0,0,0,0,0,17.08430290222168,25769803776,2147483648,18370904064,765329408
204,1790454995975,4,4,4,4,4,4,4,4,4,4,80.36824035644531,77.75202178955078,76.97284698486328,79.03850555419922,70.00955200195313,80.39451599121094,84.203125,9.523809432983398,10,0,0,0,0,5,0,0,0,17.285106658935547,25769803776,2147483648,18368839680,765329408
200,1790454996180,4,4,4,4,4,4,4,4,4,4,80.36824035644531,77.75202178955078,76.97284698486328,79.03850555419922,70.00955200195313,80.39451599121094,84.203125,5,0,0,0,0,0,4.761904716491699,5,0,0,17.285106658935547,25769803776,2147483648,18368888832,765329408
200,1790454996380,4,4,4,4,4,4,4,4,4,4,80.31575775146484,77.72738647460938,76.97423553466797,79.02665710449219,70.0284652709961,80.38445281982422,82.203125,10,5,5,0,5,0,5,0,0,0,17.285106658935547,25769803776,2147483648,18368888832,765329408
200,1790454996581,4,4,4,4,4,4,4,4,4,4,80.31575775146484,77.72738647460938,76.97423553466797,79.02665710449219,70.0284652709961,80.38445281982422,82.203125,10,0,4.761904716491699,0,0,0,0,0,0,0,17.285106658935547,25769803776,2147483648,18368577536,765329408
204,1790454996782,4,4,4,4,4,4,4,4,4,4,80.31575775146484,77.72738647460938,76.97423553466797,79.02665710449219,70.0284652709961,80.38445281982422,82.203125,15.000000953674316,4.761904716491699,0,0,0,0,9.523809432983398,0,0,0,17.285106658935547,25769803776,2147483648,18368577536,765329408
204,1790454996987,4,4,4,4,4,4,4,4,4,4,80.31575775146484,77.72738647460938,76.97423553466797,79.02665710449219,70.0284652709961,80.38445281982422,82.203125,14.285715103149414,4.761904716491699,0,0,0,0,5,0,0,0,17.076894760131836,25769803776,2147483648,18368577536,765329408
204,1790454997192,4,4,4,4,4,4,4,4,4,4,80.31575775146484,77.72738647460938,76.97423553466797,79.02665710449219,70.0284652709961,80.38445281982422,82.203125,10,0,4.761904716491699,0,0,0,0,0,0,0,17.076894760131836,25769803776,2147483648,18368577536,765329408
204,1790454997397,4,4,4,4,4,4,4,4,4,4,80.17235565185547,77.72185516357422,76.85881042480469,78.90730285644531,69.88097381591797,80.33984375,82.203125,9.523809432983398,0,0,0,0,0,9.090909004211426,0,0,0,17.076894760131836,25769803776,2147483648,18368577536,765329408
204,1790454997602,4,4,4,4,4,4,4,4,4,4,80.17235565185547,77.72185516357422,76.85881042480469,78.90730285644531,69.88097381591797,80.33984375,82.203125,15.000000953674316,0,0,4.761904716491699,0,0,5,0,0,0,17.076894760131836,25769803776,2147483648,18360860672,765329408
202,1790454997807,4,4,4,4,4,4,4,4,4,4,80.17235565185547,77.72185516357422,76.85881042480469,78.90730285644531,69.88097381591797,80.33984375,82.203125,10,4.761904716491699,0,0,0,0,5,4.761904716491699,0,0,17.076894760131836,25769803776,2147483648,18360877056,765329408
199,1790454998010,4,4,4,4,4,4,4,4,4,4,80.17235565185547,77.72185516357422,76.85881042480469,78.90730285644531,69.88097381591797,80.33984375,82.203125,14.285715103149414,5,4.761904716491699,0,0,0,9.523809432983398,0,0,0,16.959293365478516,25769803776,2147483648,18360877056,765329408
204,1790454998210,4,4,4,4,4,4,4,4,4,4,80.17235565185547,77.72185516357422,76.85881042480469,78.90730285644531,69.88097381591797,80.33984375,82.203125,10.526315689086914,0,0,4.761904716491699,0,0,5,0,0,0,16.959293365478516,25769803776,2147483648,18360877056,765329408
202,1790454998415,4,4,4,4,4,4,4,4,4,4,80.1665267944336,77.70255279541016,76.82621765136719,78.8921890258789,69.81964874267578,80.3351058959961,82.203125,14.285715103149414,4.761904716491699,0,0,0,0,9.523809432983398,0,0,0,16.959293365478516,25769803776,2147483648,18360877056,765329408
204,1790454998618,4,4,4,4,4,4,4,4,4,4,80.1665267944336,77.70255279541016,76.82621765136719,78.8921890258789,69.81964874267578,80.3351058959961,82.203125,15.789472579956055,0,4.761904716491699,0,9.090909004211426,0,0,0,0,0,16.959293365478516,25769803776,2147483648,18363023360,765329408
200,1790454998823,4,4,4,4,4,4,4,4,4,4,80.1665267944336,77.70255279541016,76.82621765136719,78.8921890258789,69.81964874267578,80.3351058959961,82.203125,9.090909004211426,0,0,0,0,0,0,0,0,0,16.959293365478516,25769803776,2147483648,18360745984,765329408
204,1790454999024,4,4,4,4,4,4,4,4,4,4,80.1665267944336,77.70255279541016,76.82621765136719,78.8921890258789,69.81964874267578,80.3351058959961,82.203125,10,9.523809432983398,0,0,0,0,5,0,0,0,17.06765365600586,25769803776,2147483648,18360745984,765329408
204,1790454999229,4,4,4,4,4,4,4,4,4,4,80.1665267944336,77.70255279541016,76.82621765136719,78.8921890258789,69.81964874267578,80.3351058959961,82.203125,10,0,4.761904716491699,0,0,0,9.090909004211426,0,0,0,17.06765365600586,25769803776,2147483648,18360745984,765329408
203,1790454999434,4,4,4,4,4,4,4,4,4,4,80.01898956298828,77.65880584716797,76.77072143554688,78.7488784790039,69.80359649658203,80.18865966796875,82.203125,15.000000953674316,0,4.761904716491699,0,0,0,5,4.761904716491699,0,0,17.06765365600586,25769803776,2147483648,18360745984,765329408
204,1790454999639,4,4,4,4,4,4,4,4,4,4,80.01898956298828,77.65880584716797,76.77072143554688,78.7488784790039,69.80359649658203,80.18865966796875,82.203125,19.047618865966797,0,0,0,0,0,9.523809432983398,0,0,0,17.06765365600586,25769803776,2147483648,18360827904,765329408
204,1790454999843,4,4,4,4,4,4,4,4,4,4,80.01898956298828,77.65880584716797,76.77072143554688,78.7488784790039,69.80359649658203,80.18865966796875,82.203125,10,4.761904716491699,0,0,0,0,5,0,0,0,16.919878005981445,25769803776,2147483648,18360827904,765329408
204,1790455000048,4,4,4,4,4,4,4,4,4,4,80.01898956298828,77.65880584716797,76.77072143554688,78.7488784790039,69.80359649658203,80.18865966796875,82.203125,14.285715103149414,4.761904716491699,0,0,0,0,9.523809432983398,0,0,0,16.919878005981445,25769803776,2147483648,18360827904,765329408
204,1790455000253,4,4,4,4,4,4,4,4,4,4,80.01898956298828,77.65880584716797,76.77072143554688,78.7488784790039,69.80359649658203,80.18865966796875,82.203125,10,5,4.761904716491699,0,0,0,0,0,0,0,16.919878005981445,25769803776,2147483648,18362712064,765329408
200,1790455000459,4,4,4,4,4,4,4,4,4,4,79.90144348144531,77.59461975097656,76.7188720703125,78.66739654541016,69.78064727783203,80.066162109375,82.203125,5,0,0,0,0,0,0,0,0,0,16.919878005981445,25769803776,2147483648,18362712064,765329408
204,1790455000660,4,4,4,4,4,4,4,4,4,4,79.90144348144531,77.59461975097656,76.7188720703125,78.66739654541016,69.78064727783203,80.066162109375,82.203125,14.285715103149414,0,0,0,0,0,5,0,0,0,16.919878005981445,25769803776,2147483648,18360614912,765329408
199,1790455000865,4,4,4,4,4,4,4,4,4,4,79.90144348144531,77.59461975097656,76.7188720703125,78.66739654541016,69.78064727783203,80.066162109375,82.203125,10,4.761904716491699,0,0,0,0,9.523809432983398,4.545454502105713,0,0,16.837955474853516,25769803776,2147483648,18360614912,765329408
204,1790455001065,4,4,4,4,4,4,4,4,4,4,79.90144348144531,77.59461975097656,76.7188720703125,78.66739654541016,69.78064727783203,80.066162109375,82.203125,15.000000953674316,0,5,0,0,0,5,0,0,0,16.837955474853516,25769803776,2147483648,18360565760,765329408
201,1790455001270,4,4,4,4,4,4,4,4,4,4,79.90144348144531,77.59461975097656,76.7188720703125,78.66739654541016,69.78064727783203,80.066162109375,82.203125,9.523809432983398,0,0,0,0,0,5,4.761904716491699,4.761904716491699,0,16.837955474853516,25769803776,2147483648,18360582144,765329408
204,1790455001471,4,4,4,4,4,4,4,4,4,4,79.95335388183594,77.57141876220703,76.6455078125,78.67887878417969,69.73433685302734,80.0899429321289,81.96875,15.000000953674316,5,0,0,0,0,5,0,0,0,16.837955474853516,25769803776,2147483648,18360565760,765329408
204,1790455001676,4,4,4,4,4,4,4,4,4,4,79.95335388183594,77.57141876220703,76.6455078125,78.67887878417969,69.73433685302734,80.0899429321289,81.96875,10,4.761904716491699,0,0,0,4.545454502105713,5,0,0,0,16.837955474853516,25769803776,2147483648,18361335808,765329408
200,1790455001881,4,4,4,4,4,4,4,4,4,4,79.95335388183594,77.57141876220703,76.6455078125,78.67887878417969,69.73433685302734,80.0899429321289,81.96875,5,0,4.761904716491699,4.761904716491699,0,0,0,0,0,0,16.92820167541504,25769803776,2147483648,18361253888,765329408
203,1790455002082,4,4,4,4,4,4,4,4,4,4,79.95335388183594,77.57141876220703,76.6455078125,78.67887878417969,69.73433685302734,80.0899429321289,81.96875,14.285715103149414,4.761904716491699,4.761904716491699,0,0,0,4.761904716491699,0,0,0,16.92820167541504,25769803776,2147483648,18361303040,765329408
204,1790455002286,4,4,4,4,4,4,4,4,4,4,79.95335388183594,77.57141876220703,76.6455078125,78.67887878417969,69.73433685302734,80.0899429321289,81.96875,10.526315689086914,0,0,0,0,0,5,4.761904716491699,0,0,16.92820167541504,25769803776,2147483648,18361303040,765329408
200,1790455002491,4,4,4,4,4,4,4,4,4,4,79.95081329345703,77.5625,76.6716079711914,78.6958999633789,69.76898956298828,80.10736846923828,81.96875,14.285715103149414,4.761904716491699,0,0,0,0,5,0,0,0,16.92820167541504,25769803776,2147483648,18361434112,765329408
204,1790455002692,4,4,4,4,4,4,4,4,4,4,79.95081329345703,77.5625,76.6716079711914,78.6958999633789,69.76898956298828,80.10736846923828,81.96875,10,4.761904716491699,4.761904716491699,0,0,0,9.523809432983398,0,0,0,16.92820167541504,25769803776,2147483648,18361516032,765329408
204,1790455002896,4,4,4,4,4,4,4,4,4,4,79.95081329345703,77.5625,76.6716079711914,78.6958999633789,69.76898956298828,80.10736846923828,81.96875,15.000000953674316,0,0,0,0,0,5,0,0,0,17.087574005126953,25769803776,2147483648,18361434112,765329408
204,1790455003101,4,4,4,4,4,4,4,4,4,4,79.95081329345703,77.5625,76.6716079711914,78.6958999633789,69.76898956298828,80.10736846923828,81.96875,10,4.761904716491699,0,0,0,0,9.523809432983398,0,4.545454502105713,0,17.087574005126953,25769803776,2147483648,18361286656,765329408
204,1790455003306,4,4,4,4,4,4,4,4,4,4,79.95081329345703,77.5625,76.6716079711914,78.6958999633789,69.76898956298828,80.10736846923828,81.96875,9.090909004211426,0,4.761904716491699,0,9.523809432983398,4.545454502105713,23.809524536132813,5,0,0,17.087574005126953,25769803776,2147483648,18301435904,765329408
8,1790455003512,4,4,4,4,4,4,4,4,4,4,79.7673110961914,77.69515991210938,76.70674133300781,78.60753631591797,69.88607025146484,80.02765655517578,83.96875,15.000000953674316,0,4.761904716491699,0,0,0,10,5,15.000000953674316,0,17.087574005126953,25769803776,2147483648,17563041792,765329408
