Delta,Time,CPU_FREQUENCY_0,CPU_FREQUENCY_1,CPU_FREQUENCY_2,CPU_FREQUENCY_3,CPU_FREQUENCY_4,CPU_FREQUENCY_5,CPU_FREQUENCY_6,CPU_FREQUENCY_7,CPU_FREQUENCY_8,CPU_FREQUENCY_9,CPU_TEMP_0,CPU_TEMP_1,CPU_TEMP_2,CPU_TEMP_3,CPU_TEMP_4,CPU_TEMP_5,CPU_TEMP_6,CPU_USAGE_0,CPU_USAGE_1,CPU_USAGE_2,CPU_USAGE_3,CPU_USAGE_4,CPU_USAGE_5,CPU_USAGE_6,CPU_USAGE_7,CPU_USAGE_8,CPU_USAGE_9,SYSTEM_POWER (Watts),TOTAL_MEMORY,TOTAL_SWAP,USED_MEMORY,USED_SWAP
0,1790937434707,4,4,4,4,4,4,4,4,4,4,64.15567016601563,64.1781997680664,64.03538513183594,63.62656021118164,57.24331283569336,64.2523422241211,71.53125,0,0,0,0,0,0,0,0,0,0,2.035275459289551,25769803776,0,18359336960,0
200,1790937434707,4,4,4,4,4,4,4,4,4,4,64.15567016601563,64.1781997680664,64.03538513183594,63.62656021118164,57.24331283569336,64.2523422241211,71.53125,100,50,0,0,0,0,NaN,0,NaN,0,2.035275459289551,25769803776,0,18360647680,0
200,1790937434908,4,4,4,4,4,4,4,4,4,4,64.15567016601563,64.1781997680664,64.03538513183594,63.62656021118164,57.24331283569336,64.2523422241211,71.53125,5,0,4.761904716491699,0,0,0,19.047618865966797,25,4.761904716491699,0,2.035275459289551,25769803776,0,18358157312,0
204,1790937435108,4,4,4,4,4,4,4,4,4,4,65.33956146240234,65.01896667480469,64.81562805175781,64.4178695678711,57.98401641845703,65.28055572509766,72.75,0,4.761904716491699,0,0,0,0,9.523809432983398,0,0,0,2.035275459289551,25769803776,0,18357075968,0
202,1790937435313,4,4,4,4,4,4,4,4,4,4,65.33956146240234,65.01896667480469,64.81562805175781,64.4178695678711,57.98401641845703,65.28055572509766,72.75,9.090909004211426,0,0,0,0,0,0,0,4.761904716491699,0,2.035275459289551,25769803776,0,18357075968,0
204,1790937435516,4,4,4,4,4,4,4,4,4,4,65.33956146240234,65.01896667480469,64.81562805175781,64.4178695678711,57.98401641845703,65.28055572509766,72.75,0,0,0,0,0,0,5,0,0,0,2.035275459289551,25769803776,0,18346541056,0
204,1790937435721,4,4,4,4,4,4,4,4,4,4,65.33956146240234,65.01896667480469,64.81562805175781,64.4178695678711,57.98401641845703,65.28055572509766,72.75,10,5,0,0,0,0,9.523809432983398,4.761904716491699,0,0,2.507478952407837,25769803776,0,18346000384,0
204,1790937435926,4,4,4,4,4,4,4,4,4,4,65.33956146240234,65.01896667480469,64.81562805175781,64.4178695678711,57.98401641845703,65.28055572509766,72.75,15.000000953674316,18.18181800842285,5,0,0,0,4.761904716491699,0,0,0,2.507478952407837,25769803776,0,18346246144,0
204,1790937436130,4,4,4,4,4,4,4,4,4,4,75.30816650390625,69.41048431396484,68.58777618408203,72.83969116210938,61.481163024902344,74.28063201904297,76.0625,5,0,0,15.000000953674316,0,0,25,19.047618865966797,5,0,2.507478952407837,25769803776,0,18349359104,0
202,1790937436335,4,4,4,4,4,4,4,4,4,4,75.30816650390625,69.41048431396484,68.58777618408203,72.83969116210938,61.481163024902344,74.28063201904297,76.0625,9.523809432983398,0,9.090909004211426,0,0,4.545454502105713,0,5,0,0,2.507478952407837,25769803776,0,18349752320,0
202,1790937436538,4,4,4,4,4,4,4,4,4,4,75.30816650390625,69.41048431396484,68.58777618408203,72.83969116210938,61.481163024902344,74.28063201904297,76.0625,35,19.047618865966797,0,4.761904716491699,0,20,20,5.263157844543457,5,0,23.22444725036621,25769803776,0,18338938880,0
204,1790937436740,4,4,4,4,4,4,4,4,4,4,75.30816650390625,69.41048431396484,68.58777618408203,72.83969116210938,61.481163024902344,74.28063201904297,76.0625,5,5,0,0,0,0,9.523809432983398,4.761904716491699,0,4.761904716491699,23.22444725036621,25769803776,0,18338938880,0
204,1790937436945,4,4,4,4,4,4,4,4,4,4,75.30816650390625,69.41048431396484,68.58777618408203,72.83969116210938,61.481163024902344,74.28063201904297,76.0625,4.761904716491699,0,0,0,0,0,0,9.523809432983398,4.761904716491699,0,23.22444725036621,25769803776,0,18338938880,0
204,1790937437150,4,4,4,4,4,4,4,4,4,4,75.34534454345703,72.04876708984375,71.57866668701172,73.1692123413086,64.67352294921875,74.75308227539063,83.03125,0,0,0,0,0,0,4.761904716491699,0,4.761904716491699,0,23.22444725036621,25769803776,0,18338938880,0
204,1790937437355,4,4,4,4,4,4,4,4,4,4,75.34534454345703,72.04876708984375,71.57866668701172,73.1692123413086,64.67352294921875,74.75308227539063,83.03125,0,4.761904716491699,0,0,0,0,5,0,0,0,23.22444725036621,25769803776,0,18338938880,0
204,1790937437560,4,4,4,4,4,4,4,4,4,4,75.34534454345703,72.04876708984375,71.57866668701172,73.1692123413086,64.67352294921875,74.75308227539063,83.03125,4.761904716491699,0,0,0,0,0,4.761904716491699,0,0,0,17.340673446655273,25769803776,0,18325291008,0
204,1790937437765,4,4,4,4,4,4,4,4,4,4,75.34534454345703,72.04876708984375,71.57866668701172,73.1692123413086,64.67352294921875,74.75308227539063,83.03125,31.57894515991211,38.095237731933594,33.333335876464844,30.000001907348633,31.81818199157715,31.57894515991211,0,5,0,0,17.340673446655273,25769803776,0,18325291008,0
204,1790937437970,4,4,4,4,4,4,4,4,4,4,75.34534454345703,72.04876708984375,71.57866668701172,73.1692123413086,64.67352294921875,74.75308227539063,83.03125,9.523809432983398,5,5,9.523809432983398,5,9.090909004211426,9.523809432983398,0,0,0,17.340673446655273,25769803776,0,18325291008,0
204,1790937438175,4,4,4,4,4,4,4,4,4,4,75.13427734375,71.37757110595703,70.82673645019531,73.12651062011719,63.60735321044922,74.34489440917969,76.0625,9.523809432983398,15.000000953674316,4.761904716491699,0,0,0,4.761904716491699,0,0,0,17.340673446655273,25769803776,0,18325291008,0
204,1790937438380,4,4,4,4,4,4,4,4,4,4,75.13427734375,71.37757110595703,70.82673645019531,73.12651062011719,63.60735321044922,74.34489440917969,76.0625,14.285715103149414,10,5,0,4.545454502105713,0,5,0,4.761904716491699,0,17.340673446655273,25769803776,0,18325291008,0
204,1790937438585,4,4,4,4,4,4,4,4,4,4,75.13427734375,71.37757110595703,70.82673645019531,73.12651062011719,63.60735321044922,74.34489440917969,76.0625,5,19.047618865966797,0,0,0,0,25,23.809524536132813,0,0,15.785788536071777,25769803776,0,18362433536,0
203,1790937438790,4,4,4,4,4,4,4,4,4,4,75.13427734375,71.37757110595703,70.82673645019531,73.12651062011719,63.60735321044922,74.34489440917969,76.0625,0,4.761904716491699,4.761904716491699,0,0,0,9.523809432983398,0,0,0,15.785788536071777,25769803776,0,18362482688,0
204,1790937438994,4,4,4,4,4,4,4,4,4,4,75.13427734375,71.37757110595703,70.82673645019531,73.12651062011719,63.60735321044922,74.34489440917969,76.0625,5,0,0,0,0,0,0,4.761904716491699,0,0,15.785788536071777,25769803776,0,18358829056,0
204,1790937439199,4,4,4,4,4,4,4,4,4,4,75.07549285888672,72.55187225341797,71.86007690429688,73.1376724243164,64.7066879272461,74.40187072753906,80.78125,0,0,0,0,0,0,9.523809432983398,0,0,0,15.785788536071777,25769803776,0,18358796288,0
204,1790937439404,4,4,4,4,4,4,4,4,4,4,75.07549285888672,72.55187225341797,71.86007690429688,73.1376724243164,64.7066879272461,74.40187072753906,80.78125,4.761904716491699,0,0,0,0,0,5,0,0,0,15.785788536071777,25769803776,0,18352128000,0
204,1790937439609,4,4,4,4,4,4,4,4,4,4,75.07549285888672,72.55187225341797,71.86007690429688,73.1376724243164,64.7066879272461,74.40187072753906,80.78125,0,0,0,0,0,0,4.761904716491699,0,0,0,15.040247917175293,25769803776,0,18352078848,0
204,1790937439814,4,4,4,4,4,4,4,4,4,4,75.07549285888672,72.55187225341797,71.86007690429688,73.1376724243164,64.7066879272461,74.40187072753906,80.78125,9.523809432983398,9.523809432983398,5,4.761904716491699,0,0,0,5,0,0,15.040247917175293,25769803776,0,18352668672,0
204,1790937440019,4,4,4,4,4,4,4,4,4,4,75.07549285888672,72.55187225341797,71.86007690429688,73.1376724243164,64.7066879272461,74.40187072753906,80.78125,0,0,0,0,0,0,9.523809432983398,4.761904716491699,4.545454502105713,0,15.040247917175293,25769803776,0,18351947776,0
204,1790937440224,4,4,4,4,4,4,4,4,4,4,75.08682250976563,71.89691162109375,71.31665802001953,73.16806030273438,63.96122741699219,74.32166290283203,76.546875,4.761904716491699,0,0,0,0,0,5,0,0,0,15.040247917175293,25769803776,0,18351947776,0
204,1790937440429,4,4,4,4,4,4,4,4,4,4,75.08682250976563,71.89691162109375,71.31665802001953,73.16806030273438,63.96122741699219,74.32166290283203,76.546875,0,0,0,0,0,0,4.761904716491699,0,0,0,15.040247917175293,25769803776,0,18351947776,0
201,1790937440634,4,4,4,4,4,4,4,4,4,4,75.08682250976563,71.89691162109375,71.31665802001953,73.16806030273438,63.96122741699219,74.32166290283203,76.546875,0,0,0,0,0,0,0,0,0,0,13.752727508544922,25769803776,0,18353405952,0
204,1790937440835,4,4,4,4,4,4,4,4,4,4,75.08682250976563,71.89691162109375,71.31665802001953,73.16806030273438,63.96122741699219,74.32166290283203,76.546875,4.761904716491699,0,0,4.761904716491699,0,0,5,0,0,0,13.752727508544922,25769803776,0,18351964160,0
204,1790937441040,4,4,4,4,4,4,4,4,4,4,75.40718841552734,72.25494384765625,71.52074432373047,73.52915954589844,64.08345794677734,74.70746612548828,76.546875,10,18.18181800842285,5,0,0,0,4.761904716491699,0,0,0,13.752727508544922,25769803776,0,18351964160,0
204,1790937441245,4,4,4,4,4,4,4,4,4,4,75.40718841552734,72.25494384765625,71.52074432373047,73.52915954589844,64.08345794677734,74.70746612548828,76.546875,5,5,9.090909004211426,0,0,0,5,0,0,0,13.752727508544922,25769803776,0,18351964160,0
204,1790937441450,4,4,4,4,4,4,4,4,4,4,75.40718841552734,72.25494384765625,71.52074432373047,73.52915954589844,64.08345794677734,74.70746612548828,76.546875,4.761904716491699,0,0,0,0,0,9.523809432983398,0,0,0,13.752727508544922,25769803776,0,18351964160,0
204,1790937441655,4,4,4,4,4,4,4,4,4,4,75.40718841552734,72.25494384765625,71.52074432373047,73.52915954589844,64.08345794677734,74.70746612548828,76.546875,0,0,0,0,0,0,4.761904716491699,0,0,0,14.407014846801758,25769803776,0,18351996928,0
204,1790937441860,4,4,4,4,4,4,4,4,4,4,75.40718841552734,72.25494384765625,71.52074432373047,73.52915954589844,64.08345794677734,74.70746612548828,76.546875,4.761904716491699,0,0,0,0,0,0,4.761904716491699,0,0,14.407014846801758,25769803776,0,18352095232,0
204,1790937442064,4,4,4,4,4,4,4,4,4,4,75.7348403930664,72.77239990234375,71.88223266601563,73.81903839111328,64.60163116455078,75.17745971679688,77.015625,0,4.761904716491699,0,0,0,0,9.523809432983398,0,0,0,14.407014846801758,25769803776,0,18351980544,0
204,1790937442269,4,4,4,4,4,4,4,4,4,4,75.7348403930664,72.77239990234375,71.88223266601563,73.81903839111328,64.60163116455078,75.17745971679688,77.015625,0,0,0,0,0,0,4.761904716491699,0,0,0,14.407014846801758,25769803776,0,18351980544,0
204,1790937442474,4,4,4,4,4,4,4,4,4,4,75.7348403930664,72.77239990234375,71.88223266601563,73.81903839111328,64.60163116455078,75.17745971679688,77.015625,4.761904716491699,0,0,0,0,0,5,0,0,0,14.407014846801758,25769803776,0,18351980544,0
204,1790937442679,4,4,4,4,4,4,4,4,4,4,75.7348403930664,72.77239990234375,71.88223266601563,73.81903839111328,64.60163116455078,75.17745971679688,77.015625,5,4.761904716491699,0,0,4.761904716491699,0,9.523809432983398,0,4.761904716491699,0,14.774855613708496,25769803776,0,18352095232,0
201,1790937442884,4,4,4,4,4,4,4,4,4,4,75.7348403930664,72.77239990234375,71.88223266601563,73.81903839111328,64.60163116455078,75.17745971679688,77.015625,4.761904716491699,0,0,0,0,0,0,0,0,0,14.774855613708496,25769803776,0,18352062464,0
204,1790937443086,4,4,4,4,4,4,4,4,4,4,76.12730407714844,72.99458312988281,72.0986328125,74.0930404663086,64.91216278076172,75.33677673339844,77.484375,0,4.761904716491699,4.761904716491699,0,0,0,5,0,0,0,14.774855613708496,25769803776,0,18351243264,0
204,1790937443291,4,4,4,4,4,4,4,4,4,4,76.12730407714844,72.99458312988281,72.0986328125,74.0930404663086,64.91216278076172,75.33677673339844,77.484375,0,0,0,0,0,0,9.523809432983398,0,0,0,14.774855613708496,25769803776,0,18351243264,0
204,1790937443496,4,4,4,4,4,4,4,4,4,4,76.12730407714844,72.99458312988281,72.0986328125,74.0930404663086,64.91216278076172,75.33677673339844,77.484375,4.761904716491699,0,0,0,0,0,5,0,0,0,14.774855613708496,25769803776,0,18351243264,0
204,1790937443701,4,4,4,4,4,4,4,4,4,4,76.12730407714844,72.99458312988281,72.0986328125,74.0930404663086,64.91216278076172,75.33677673339844,77.484375,5,0,0,0,0,0,4.761904716491699,4.545454502105713,0,0,14.883044242858887,25769803776,0,18351325184,0
204,1790937443906,4,4,4,4,4,4,4,4,4,4,76.12730407714844,72.99458312988281,72.0986328125,74.0930404663086,64.91216278076172,75.33677673339844,77.484375,5,9.523809432983398,14.285715103149414,0,0,0,9.523809432983398,0,0,0,14.883044242858887,25769803776,0,18351357952,0
204,1790937444111,4,4,4,4,4,4,4,4,4,4,76.48499298095703,73.28820037841797,72.46575164794922,74.44053649902344,65.26690673828125,75.7212142944336,79.609375,14.285715103149414,5.263157844543457,9.523809432983398,4.545454502105713,0,0,0,0,0,0,14.883044242858887,25769803776,0,18351357952,0
204,1790937444316,4,4,4,4,4,4,4,4,4,4,76.48499298095703,73.28820037841797,72.46575164794922,74.44053649902344,65.26690673828125,75.7212142944336,79.609375,25,19.047618865966797,9.523809432983398,4.761904716491699,0,0,4.761904716491699,0,0,0,14.883044242858887,25769803776,0,18351357952,0
200,1790937444521,4,4,4,4,4,4,4,4,4,4,76.48499298095703,73.28820037841797,72.46575164794922,74.44053649902344,65.26690673828125,75.7212142944336,79.609375,5,0,0,0,4.761904716491699,0,30.000001907348633,20,0,0,14.883044242858887,25769803776,0,18351357952,0
204,1790937444722,4,4,4,4,4,4,4,4,4,4,76.48499298095703,73.28820037841797,72.46575164794922,74.44053649902344,65.26690673828125,75.7212142944336,79.609375,4.761904716491699,0,0,0,0,0,20,20,9.523809432983398,4.761904716491699,14.901276588439941,25769803776,0,18345558016,0
204,1790937444927,4,4,4,4,4,4,4,4,4,4,76.48499298095703,73.28820037841797,72.46575164794922,74.44053649902344,65.26690673828125,75.7212142944336,79.609375,0,9.523809432983398,0,0,0,0,9.523809432983398,0,4.761904716491699,0,14.901276588439941,25769803776,0,18336169984,0
204,1790937445132,4,4,4,4,4,4,4,4,4,4,76.8176498413086,75.19108581542969,74.408447265625,74.82978057861328,67.5497817993164,76.3793716430664,83.5,9.090909004211426,0,0,0,0,0,5,0,0,0,14.901276588439941,25769803776,0,18336169984,0
204,1790937445337,4,4,4,4,4,4,4,4,4,4,76.8176498413086,75.19108581542969,74.408447265625,74.82978057861328,67.5497817993164,76.3793716430664,83.5,0,0,0,0,0,0,9.090909004211426,0,0,0,14.901276588439941,25769803776,0,18336169984,0
204,1790937445542,4,4,4,4,4,4,4,4,4,4,76.8176498413086,75.19108581542969,74.408447265625,74.82978057861328,67.5497817993164,76.3793716430664,83.5,0,4.761904716491699,0,0,0,0,0,4.761904716491699,0,0,15.002721786499023,25769803776,0,18336186368,0
204,1790937445747,4,4,4,4,4,4,4,4,4,4,76.8176498413086,75.19108581542969,74.408447265625,74.82978057861328,67.5497817993164,76.3793716430664,83.5,5,0,4.761904716491699,0,4.761904716491699,4.761904716491699,4.761904716491699,4.545454502105713,0,0,15.002721786499023,25769803776,0,18336284672,0
204,1790937445952,4,4,4,4,4,4,4,4,4,4,76.8176498413086,75.19108581542969,74.408447265625,74.82978057861328,67.5497817993164,76.3793716430664,83.5,23.809524536132813,10,5,9.523809432983398,0,4.761904716491699,5,0,0,0,15.002721786499023,25769803776,0,18314608640,0
204,1790937446157,4,4,4,4,4,4,4,4,4,4,77.01768493652344,73.69204711914063,72.97560119628906,75.08605194091797,65.6753921508789,76.30986785888672,82.90625,4.761904716491699,0,0,0,0,0,9.523809432983398,0,0,0,15.002721786499023,25769803776,0,18314608640,0
204,1790937446362,4,4,4,4,4,4,4,4,4,4,77.01768493652344,73.69204711914063,72.97560119628906,75.08605194091797,65.6753921508789,76.30986785888672,82.90625,10,9.523809432983398,9.090909004211426,0,0,0,0,0,0,0,15.002721786499023,25769803776,0,18314608640,0
204,1790937446567,4,4,4,4,4,4,4,4,4,4,77.01768493652344,73.69204711914063,72.97560119628906,75.08605194091797,65.6753921508789,76.30986785888672,82.90625,25,36.842105865478516,5,0,0,0,5,0,0,0,14.532430648803711,25769803776,0,18314608640,0
204,1790937446772,4,4,4,4,4,4,4,4,4,4,77.01768493652344,73.69204711914063,72.97560119628906,75.08605194091797,65.6753921508789,76.30986785888672,82.90625,4.761904716491699,59.09090805053711,4.761904716491699,0,0,0,0,4.761904716491699,0,0,14.532430648803711,25769803776,0,18315722752,0
204,1790937446977,4,4,4,4,4,4,4,4,4,4,77.01768493652344,73.69204711914063,72.97560119628906,75.08605194091797,65.6753921508789,76.30986785888672,82.90625,0,4.761904716491699,0,0,0,0,9.523809432983398,0,0,0,14.532430648803711,25769803776,0,18315722752,0
204,1790937447182,4,4,4,4,4,4,4,4,4,4,77.44132232666016,74.13590240478516,73.4944076538086,75.6136474609375,66.24822235107422,76.9499740600586,78.90625,4.761904716491699,0,0,4.761904716491699,0,0,5,0,4.545454502105713,0,14.532430648803711,25769803776,0,18315673600,0
204,1790937447387,4,4,4,4,4,4,4,4,4,4,77.44132232666016,74.13590240478516,73.4944076538086,75.6136474609375,66.24822235107422,76.9499740600586,78.90625,4.761904716491699,0,0,0,0,0,4.761904716491699,0,0,0,14.532430648803711,25769803776,0,18315362304,0
204,1790937447592,4,4,4,4,4,4,4,4,4,4,77.44132232666016,74.13590240478516,73.4944076538086,75.6136474609375,66.24822235107422,76.9499740600586,78.90625,31.57894515991211,9.523809432983398,9.523809432983398,5,0,0,14.285715103149414,10,0,4.761904716491699,15.561914443969727,25769803776,0,18325012480,0
204,1790937447797,4,4,4,4,4,4,4,4,4,4,77.44132232666016,74.13590240478516,73.4944076538086,75.6136474609375,66.24822235107422,76.9499740600586,78.90625,9.090909004211426,4.761904716491699,0,0,4.545454502105713,0,5.263157844543457,4.761904716491699,4.761904716491699,0,15.561914443969727,25769803776,0,18331615232,0
204,1790937448002,4,4,4,4,4,4,4,4,4,4,77.44132232666016,74.13590240478516,73.4944076538086,75.6136474609375,66.24822235107422,76.9499740600586,78.90625,0,0,0,4.761904716491699,0,0,9.090909004211426,0,0,0,15.561914443969727,25769803776,0,18331615232,0
204,1790937448207,4,4,4,4,4,4,4,4,4,4,77.44374084472656,74.52185821533203,73.76771545410156,75.7178726196289,66.5235366821289,77.02836608886719,86.09375,4.761904716491699,0,0,0,0,0,0,0,0,0,15.561914443969727,25769803776,0,18331975680,0
204,1790937448412,4,4,4,4,4,4,4,4,4,4,77.44374084472656,74.52185821533203,73.76771545410156,75.7178726196289,66.5235366821289,77.02836608886719,86.09375,0,0,0,0,0,0,4.761904716491699,0,0,0,15.561914443969727,25769803776,0,18331975680,0
204,1790937448617,4,4,4,4,4,4,4,4,4,4,77.44374084472656,74.52185821533203,73.76771545410156,75.7178726196289,66.5235366821289,77.02836608886719,86.09375,0,0,0,0,0,0,0,4.761904716491699,0,0,15.071490287780762,25769803776,0,18331975680,0
204,1790937448822,4,4,4,4,4,4,4,4,4,4,77.44374084472656,74.52185821533203,73.76771545410156,75.7178726196289,66.5235366821289,77.02836608886719,86.09375,9.523809432983398,4.761904716491699,0,0,4.761904716491699,0,9.090909004211426,0,4.545454502105713,0,15.071490287780762,25769803776,0,18332631040,0
204,1790937449027,4,4,4,4,4,4,4,4,4,4,77.49031829833984,74.25548553466797,73.58149719238281,75.72211456298828,66.28172302246094,76.9859848022461,79.140625,0,4.761904716491699,0,0,0,0,5,0,0,0,15.071490287780762,25769803776,0,18332385280,0
204,1790937449232,4,4,4,4,4,4,4,4,4,4,77.49031829833984,74.25548553466797,73.58149719238281,75.72211456298828,66.28172302246094,76.9859848022461,79.140625,5,0,4.761904716491699,0,0,0,0,0,0,0,15.071490287780762,25769803776,0,18332385280,0
204,1790937449437,4,4,4,4,4,4,4,4,4,4,77.49031829833984,74.25548553466797,73.58149719238281,75.72211456298828,66.28172302246094,76.9859848022461,79.140625,0,0,0,0,0,0,9.090909004211426,0,0,0,15.071490287780762,25769803776,0,18332385280,0
204,1790937449642,4,4,4,4,4,4,4,4,4,4,77.49031829833984,74.25548553466797,73.58149719238281,75.72211456298828,66.28172302246094,76.9859848022461,79.140625,4.761904716491699,0,4.761904716491699,0,0,0,0,5,0,4.545454502105713,14.572824478149414,25769803776,0,18332385280,0
204,1790937449847,4,4,4,4,4,4,4,4,4,4,77.49031829833984,74.25548553466797,73.58149719238281,75.72211456298828,66.28172302246094,76.9859848022461,79.140625,0,0,0,0,0,0,4.761904716491699,0,0,0,14.572824478149414,25769803776,0,18332172288,0
204,1790937450052,4,4,4,4,4,4,4,4,4,4,77.81249237060547,74.5132064819336,73.93116760253906,76.12506866455078,66.71747589111328,77.34285736083984,83.625,9.523809432983398,9.523809432983398,0,0,0,0,5,0,0,4.761904716491699,14.572824478149414,25769803776,0,18332123136,0
204,1790937450257,4,4,4,4,4,4,4,4,4,4,77.81249237060547,74.5132064819336,73.93116760253906,76.12506866455078,66.71747589111328,77.34285736083984,83.625,0,0,0,0,0,0,9.523809432983398,4.761904716491699,0,0,14.572824478149414,25769803776,0,18332155904,0
201,1790937450462,4,4,4,4,4,4,4,4,4,4,77.81249237060547,74.5132064819336,73.93116760253906,76.12506866455078,66.71747589111328,77.34285736083984,83.625,4.761904716491699,0,0,0,0,0,0,0,4.761904716491699,0,14.572824478149414,25769803776,0,18332155904,0
204,1790937450664,4,4,4,4,4,4,4,4,4,4,77.81249237060547,74.5132064819336,73.93116760253906,76.12506866455078,66.71747589111328,77.34285736083984,83.625,0,0,0,0,0,0,0,5,0,0,15.2739896774292,25769803776,0,18332155904,0
204,1790937450869,4,4,4,4,4,4,4,4,4,4,77.81249237060547,74.5132064819336,73.93116760253906,76.12506866455078,66.71747589111328,77.34285736083984,83.625,9.090909004211426,9.090909004211426,0,0,0,0,9.523809432983398,0,0,0,15.2739896774292,25769803776,0,18332205056,0
204,1790937451074,4,4,4,4,4,4,4,4,4,4,77.91902923583984,74.96907043457031,74.23253631591797,76.22437286376953,67.22820281982422,77.75869750976563,79.609375,0,0,0,0,0,0,4.761904716491699,9.523809432983398,0,0,15.2739896774292,25769803776,0,18331992064,0
204,1790937451279,4,4,4,4,4,4,4,4,4,4,77.91902923583984,74.96907043457031,74.23253631591797,76.22437286376953,67.22820281982422,77.75869750976563,79.609375,5,0,4.545454502105713,4.761904716491699,0,0,9.523809432983398,0,0,0,15.2739896774292,25769803776,0,18331992064,0
204,1790937451484,4,4,4,4,4,4,4,4,4,4,77.91902923583984,74.96907043457031,74.23253631591797,76.22437286376953,67.22820281982422,77.75869750976563,79.609375,0,0,0,0,0,0,0,0,0,0,15.2739896774292,25769803776,0,18331549696,0
204,1790937451689,4,4,4,4,4,4,4,4,4,4,77.91902923583984,74.96907043457031,74.23253631591797,76.22437286376953,67.22820281982422,77.75869750976563,79.609375,0,0,0,0,0,0,5,0,0,0,17.448444366455078,25769803776,0,18331566080,0
204,1790937451894,4,4,4,4,4,4,4,4,4,4,77.91902923583984,74.96907043457031,74.23253631591797,76.22437286376953,67.22820281982422,77.75869750976563,79.609375,9.090909004211426,4.761904716491699,4.545454502105713,0,0,0,4.761904716491699,0,0,0,17.448444366455078,25769803776,0,18333417472,0
204,1790937452099,4,4,4,4,4,4,4,4,4,4,78.20867919921875,75.69648742675781,74.79374694824219,76.73460388183594,67.7375259399414,78.34432220458984,81.84375,10,5,0,4.545454502105713,0,0,10.526315689086914,0,0,0,17.448444366455078,25769803776,0,18331598848,0
204,1790937452304,4,4,4,4,4,4,4,4,4,4,78.20867919921875,75.69648742675781,74.79374694824219,76.73460388183594,67.7375259399414,78.34432220458984,81.84375,0,0,0,0,0,0,100,9.523809432983398,0,0,17.448444366455078,25769803776,0,18331648000,0
204,1790937452509,4,4,4,4,4,4,4,4,4,4,78.20867919921875,75.69648742675781,74.79374694824219,76.73460388183594,67.7375259399414,78.34432220458984,81.84375,0,4.545454502105713,0,0,0,0,100,5,4.761904716491699,0,17.448444366455078,25769803776,0,18331648000,0
204,1790937452714,4,4,4,4,4,4,4,4,4,4,78.20867919921875,75.69648742675781,74.79374694824219,76.73460388183594,67.7375259399414,78.34432220458984,81.84375,4.761904716491699,4.761904716491699,0,0,0,0,100,5,0,4.761904716491699,18.911130905151367,25769803776,0,18331648000,0
204,1790937452919,4,4,4,4,4,4,4,4,4,4,78.20867919921875,75.69648742675781,74.79374694824219,76.73460388183594,67.7375259399414,78.34432220458984,81.84375,0,0,0,0,0,0,100,9.523809432983398,0,0,18.911130905151367,25769803776,0,18330730496,0
204,1790937453124,4,4,4,4,4,4,4,4,4,4,79.12857055664063,89.48390197753906,81.4367904663086,77.64207458496094,73.53701782226563,80.03661346435547,88.328125,5,0,0,0,0,0,19.047618865966797,5,0,0,18.911130905151367,25769803776,0,18330730496,0
204,1790937453329,4,4,4,4,4,4,4,4,4,4,79.12857055664063,89.48390197753906,81.4367904663086,77.64207458496094,73.53701782226563,80.03661346435547,88.328125,5,4.761904716491699,0,0,0,0,5,4.545454502105713,4.761904716491699,0,18.911130905151367,25769803776,0,18330484736,0
204,1790937453534,4,4,4,4,4,4,4,4,4,4,79.12857055664063,89.48390197753906,81.4367904663086,77.64207458496094,73.53701782226563,80.03661346435547,88.328125,4.761904716491699,4.761904716491699,4.545454502105713,0,0,0,9.523809432983398,4.761904716491699,0,0,17.935043334960938,25769803776,0,18330484736,0
200,1790937453739,4,4,4,4,4,4,4,4,4,4,79.12857055664063,89.48390197753906,81.4367904663086,77.64207458496094,73.53701782226563,80.03661346435547,88.328125,0,0,0,0,4.545454502105713,0,5,0,0,0,17.935043334960938,25769803776,0,18330419200,0
204,1790937453939,4,4,4,4,4,4,4,4,4,4,79.12857055664063,89.48390197753906,81.4367904663086,77.64207458496094,73.53701782226563,80.03661346435547,88.328125,9.523809432983398,0,0,0,0,0,5,0,0,0,17.935043334960938,25769803776,0,18330419200,0
204,1790937454144,4,4,4,4,4,4,4,4,4,4,76.22533416748047,75.11093139648438,74.45408630371094,74.69098663330078,67.20822143554688,75.76246643066406,80.078125,0,0,0,0,0,0,9.523809432983398,0,0,0,17.935043334960938,25769803776,0,18330419200,0
204,1790937454349,4,4,4,4,4,4,4,4,4,4,76.22533416748047,75.11093139648438,74.45408630371094,74.69098663330078,67.20822143554688,75.76246643066406,80.078125,4.761904716491699,4.761904716491699,4.545454502105713,0,0,0,9.523809432983398,4.761904716491699,0,0,17.935043334960938,25769803776,0,18330238976,0
204,1790937454554,4,4,4,4,4,4,4,4,4,4,76.22533416748047,75.11093139648438,74.45408630371094,74.69098663330078,67.20822143554688,75.76246643066406,80.078125,0,0,0,0,0,0,5,0,0,0,10.310397148132324,25769803776,0,18330255360,0
204,1790937454759,4,4,4,4,4,4,4,4,4,4,76.22533416748047,75.11093139648438,74.45408630371094,74.69098663330078,67.20822143554688,75.76246643066406,80.078125,0,0,0,0,0,0,5,0,0,0,10.310397148132324,25769803776,0,18330255360,0
204,1790937454964,4,4,4,4,4,4,4,4,4,4,76.22533416748047,75.11093139648438,74.45408630371094,74.69098663330078,67.20822143554688,75.76246643066406,80.078125,4.761904716491699,0,0,0,0,0,5,0,0,0,10.310397148132324,25769803776,0,18330271744,0
204,1790937455169,4,4,4,4,4,4,4,4,4,4,76.64977264404297,74.61840057373047,73.85528564453125,74.9363784790039,66.51729583740234,76.16002655029297,78.4375,35,0,0,0,0,0,5,0,4.761904716491699,0,10.310397148132324,25769803776,0,18332516352,0
204,1790937455374,4,4,4,4,4,4,4,4,4,4,76.64977264404297,74.61840057373047,73.85528564453125,74.9363784790039,66.51729583740234,76.16002655029297,78.4375,21.052631378173828,4.761904716491699,0,0,0,0,4.761904716491699,4.761904716491699,0,0,10.310397148132324,25769803776,0,18330648576,0
204,1790937455579,4,4,4,4,4,4,4,4,4,4,76.64977264404297,74.61840057373047,73.85528564453125,74.9363784790039,66.51729583740234,76.16002655029297,78.4375,9.090909004211426,4.761904716491699,0,0,4.761904716491699,0,9.523809432983398,0,0,0,14.965017318725586,25769803776,0,18330648576,0
202,1790937455784,4,4,4,4,4,4,4,4,4,4,76.64977264404297,74.61840057373047,73.85528564453125,74.9363784790039,66.51729583740234,76.16002655029297,78.4375,0,0,0,0,0,0,0,0,0,0,14.965017318725586,25769803776,0,18330648576,0
204,1790937455987,4,4,4,4,4,4,4,4,4,4,76.64977264404297,74.61840057373047,73.85528564453125,74.9363784790039,66.51729583740234,76.16002655029297,78.4375,5,0,0,0,0,0,9.523809432983398,4.761904716491699,4.761904716491699,0,14.965017318725586,25769803776,0,18325225472,0
204,1790937456192,4,4,4,4,4,4,4,4,4,4,77.10968780517578,74.78229522705078,73.99246215820313,75.30851745605469,66.74832916259766,76.70083618164063,78.671875,0,4.761904716491699,0,0,0,0,5,0,0,0,14.965017318725586,25769803776,0,18325241856,0
204,1790937456397,4,4,4,4,4,4,4,4,4,4,77.10968780517578,74.78229522705078,73.99246215820313,75.30851745605469,66.74832916259766,76.70083618164063,78.671875,4.761904716491699,0,4.761904716491699,0,0,0,9.523809432983398,0,0,0,14.965017318725586,25769803776,0,18325127168,0
204,1790937456601,4,4,4,4,4,4,4,4,4,4,77.10968780517578,74.78229522705078,73.99246215820313,75.30851745605469,66.74832916259766,76.70083618164063,78.671875,0,0,0,0,0,0,5,0,0,0,15.817666053771973,25769803776,0,18325127168,0
204,1790937456806,4,4,4,4,4,4,4,4,4,4,77.10968780517578,74.78229522705078,73.99246215820313,75.30851745605469,66.74832916259766,76.70083618164063,78.671875,4.761904716491699,0,0,9.090909004211426,0,0,9.523809432983398,0,0,0,15.817666053771973,25769803776,0,18325127168,0
204,1790937457011,4,4,4,4,4,4,4,4,4,4,77.10968780517578,74.78229522705078,73.99246215820313,75.30851745605469,66.74832916259766,76.70083618164063,78.671875,5,0,0,0,0,0,5,0,0,0,15.817666053771973,25769803776,0,18325241856,0
204,1790937457216,4,4,4,4,4,4,4,4,4,4,77.0143051147461,75.03118896484375,74.03630065917969,75.302734375,66.78765869140625,76.59081268310547,82.4375,0,0,0,0,0,0,0,0,0,0,15.817666053771973,25769803776,0,18325241856,0
204,1790937457421,4,4,4,4,4,4,4,4,4,4,77.0143051147461,75.03118896484375,74.03630065917969,75.302734375,66.78765869140625,76.59081268310547,82.4375,4.761904716491699,9.090909004211426,0,0,0,0,9.090909004211426,9.090909004211426,4.761904716491699,0,15.817666053771973,25769803776,0,18324815872,0
204,1790937457626,4,4,4,4,4,4,4,4,4,4,77.0143051147461,75.03118896484375,74.03630065917969,75.302734375,66.78765869140625,76.59081268310547,82.4375,0,0,0,0,0,0,5,0,0,0,15.102736473083496,25769803776,0,18325143552,0
204,1790937457831,4,4,4,4,4,4,4,4,4,4,77.0143051147461,75.03118896484375,74.03630065917969,75.302734375,66.78765869140625,76.59081268310547,82.4375,4.761904716491699,0,0,0,0,0,9.523809432983398,0,0,0,15.102736473083496,25769803776,0,18325159936,0
204,1790937458036,4,4,4,4,4,4,4,4,4,4,76.91159057617188,74.83763122558594,74.07881927490234,75.2824935913086,66.86817169189453,76.49388122558594,78.671875,10,9.523809432983398,0,0,5,9.090909004211426,4.761904716491699,0,0,0,15.102736473083496,25769803776,0,18325815296,0
204,1790937458241,4,4,4,4,4,4,4,4,4,4,76.91159057617188,74.83763122558594,74.07881927490234,75.2824935913086,66.86817169189453,76.49388122558594,78.671875,23.809524536132813,20,27.272727966308594,14.285715103149414,9.523809432983398,5,0,0,0,0,15.102736473083496,25769803776,0,18326716416,0
204,1790937458446,4,4,4,4,4,4,4,4,4,4,76.91159057617188,74.83763122558594,74.07881927490234,75.2824935913086,66.86817169189453,76.49388122558594,78.671875,0,0,0,0,0,0,9.523809432983398,0,0,0,15.102736473083496,25769803776,0,18326634496,0
204,1790937458651,4,4,4,4,4,4,4,4,4,4,76.91159057617188,74.83763122558594,74.07881927490234,75.2824935913086,66.86817169189453,76.49388122558594,78.671875,5.263157844543457,0,0,0,0,4.761904716491699,5,4.761904716491699,0,0,14.643583297729492,25769803776,0,18326634496,0
200,1790937458856,4,4,4,4,4,4,4,4,4,4,76.91159057617188,74.83763122558594,74.07881927490234,75.2824935913086,66.86817169189453,76.49388122558594,78.671875,9.090909004211426,0,5,4.761904716491699,0,0,9.523809432983398,0,0,0,14.643583297729492,25769803776,0,18326634496,0
204,1790937459057,4,4,4,4,4,4,4,4,4,4,77.004150390625,74.8895034790039,74.01068115234375,75.29959106445313,66.76299285888672,76.57853698730469,78.671875,0,4.761904716491699,0,0,0,0,0,0,4.761904716491699,0,14.643583297729492,25769803776,0,18347802624,0
202,1790937459262,4,4,4,4,4,4,4,4,4,4,77.004150390625,74.8895034790039,74.01068115234375,75.29959106445313,66.76299285888672,76.57853698730469,78.671875,5,10,0,0,0,0,5,0,0,0,14.643583297729492,25769803776,0,18346213376,0
204,1790937459464,4,4,4,4,4,4,4,4,4,4,77.004150390625,74.8895034790039,74.01068115234375,75.29959106445313,66.76299285888672,76.57853698730469,78.671875,9.090909004211426,4.761904716491699,0,0,4.761904716491699,0,0,4.761904716491699,5,0,14.643583297729492,25769803776,0,18346213376,0
204,1790937459669,4,4,4,4,4,4,4,4,4,4,77.004150390625,74.8895034790039,74.01068115234375,75.29959106445313,66.76299285888672,76.57853698730469,78.671875,0,4.761904716491699,4.545454502105713,0,0,0,9.523809432983398,0,4.761904716491699,0,15.025359153747559,25769803776,0,18346213376,0
204,1790937459874,4,4,4,4,4,4,4,4,4,4,77.004150390625,74.8895034790039,74.01068115234375,75.29959106445313,66.76299285888672,76.57853698730469,78.671875,4.761904716491699,0,0,0,0,0,0,5,0,0,15.025359153747559,25769803776,0,18346213376,0
204,1790937460079,4,4,4,4,4,4,4,4,4,4,77.20651245117188,74.72042083740234,74.2449951171875,75.36746978759766,67.22888946533203,76.8636245727539,79.375,0,0,0,0,0,0,0,9.523809432983398,0,0,15.025359153747559,25769803776,0,18345771008,0
200,1790937460284,4,4,4,4,4,4,4,4,4,4,77.20651245117188,74.72042083740234,74.2449951171875,75.36746978759766,67.22888946533203,76.8636245727539,79.375,5,0,4.545454502105713,0,0,0,0,4.761904716491699,0,0,15.025359153747559,25769803776,0,18345771008,0
204,1790937460485,4,4,4,4,4,4,4,4,4,4,77.20651245117188,74.72042083740234,74.2449951171875,75.36746978759766,67.22888946533203,76.8636245727539,79.375,4.761904716491699,5,0,0,0,0,4.761904716491699,5.263157844543457,0,0,15.025359153747559,25769803776,0,18333122560,0
201,1790937460690,4,4,4,4,4,4,4,4,4,4,77.20651245117188,74.72042083740234,74.2449951171875,75.36746978759766,67.22888946533203,76.8636245727539,79.375,5,0,0,0,0,0,0,9.090909004211426,0,0,14.928035736083984,25769803776,0,18333106176,0
204,1790937460891,4,4,4,4,4,4,4,4,4,4,77.20651245117188,74.72042083740234,74.2449951171875,75.36746978759766,67.22888946533203,76.8636245727539,79.375,5,4.761904716491699,0,0,0,0,4.761904716491699,0,0,0,14.928035736083984,25769803776,0,18333220864,0
204,1790937461096,4,4,4,4,4,4,4,4,4,4,77.0909194946289,74.61952209472656,74.54017639160156,75.33544921875,67.79519653320313,76.66718292236328,80.796875,4.761904716491699,0,0,0,0,0,0,9.523809432983398,0,0,14.928035736083984,25769803776,0,18333220864,0
204,1790937461301,4,4,4,4,4,4,4,4,4,4,77.0909194946289,74.61952209472656,74.54017639160156,75.33544921875,67.79519653320313,76.66718292236328,80.796875,5,4.761904716491699,9.090909004211426,9.090909004211426,0,0,4.761904716491699,0,0,0,14.928035736083984,25769803776,0,18333237248,0
204,1790937461506,4,4,4,4,4,4,4,4,4,4,77.0909194946289,74.61952209472656,74.54017639160156,75.33544921875,67.79519653320313,76.66718292236328,80.796875,0,0,0,0,0,0,0,5,0,0,14.928035736083984,25769803776,0,18333253632,0
204,1790937461711,4,4,4,4,4,4,4,4,4,4,77.0909194946289,74.61952209472656,74.54017639160156,75.33544921875,67.79519653320313,76.66718292236328,80.796875,4.761904716491699,0,0,0,0,0,0,9.523809432983398,4.761904716491699,0,14.730671882629395,25769803776,0,18333253632,0
204,1790937461916,4,4,4,4,4,4,4,4,4,4,77.0909194946289,74.61952209472656,74.54017639160156,75.33544921875,67.79519653320313,76.66718292236328,80.796875,4.761904716491699,4.761904716491699,0,0,0,0,0,5,0,0,14.730671882629395,25769803776,0,18333253632,0
204,1790937462121,4,4,4,4,4,4,4,4,4,4,77.1749496459961,74.70489501953125,74.41287231445313,75.37825775146484,67.5230484008789,76.76712036132813,79.734375,0,0,0,0,0,0,0,9.523809432983398,0,0,14.730671882629395,25769803776,0,18333286400,0
204,1790937462326,4,4,4,4,4,4,4,4,4,4,77.1749496459961,74.70489501953125,74.41287231445313,75.37825775146484,67.5230484008789,76.76712036132813,79.734375,4.761904716491699,0,0,0,4.761904716491699,0,0,4.761904716491699,0,0,14.730671882629395,25769803776,0,18333286400,0
204,1790937462531,4,4,4,4,4,4,4,4,4,4,77.1749496459961,74.70489501953125,74.41287231445313,75.37825775146484,67.5230484008789,76.76712036132813,79.734375,0,4.761904716491699,0,0,0,0,4.761904716491699,5,0,0,14.751640319824219,25769803776,0,18333286400,0
204,1790937462736,4,4,4,4,4,4,4,4,4,4,77.1749496459961,74.70489501953125,74.41287231445313,75.37825775146484,67.5230484008789,76.76712036132813,79.734375,0,0,4.761904716491699,0,0,0,0,4.761904716491699,0,0,14.751640319824219,25769803776,0,18333286400,0
200,1790937462941,4,4,4,4,4,4,4,4,4,4,77.1749496459961,74.70489501953125,74.41287231445313,75.37825775146484,67.5230484008789,76.76712036132813,79.734375,9.523809432983398,4.761904716491699,0,0,0,0,4.545454502105713,0,0,0,14.751640319824219,25769803776,0,18333286400,0
204,1790937463141,4,4,4,4,4,4,4,4,4,4,77.17422485351563,74.719970703125,74.70173645019531,75.3863754272461,68.00032806396484,76.77574157714844,81.140625,10,15.000000953674316,4.761904716491699,0,0,0,0,19.047618865966797,4.761904716491699,0,14.751640319824219,25769803776,0,18350538752,0
202,1790937463347,4,4,4,4,4,4,4,4,4,4,77.17422485351563,74.719970703125,74.70173645019531,75.3863754272461,68.00032806396484,76.77574157714844,81.140625,10,5,5,4.761904716491699,0,0,0,5,4.761904716491699,0,14.751640319824219,25769803776,0,18350587904,0
204,1790937463549,4,4,4,4,4,4,4,4,4,4,77.17422485351563,74.719970703125,74.70173645019531,75.3863754272461,68.00032806396484,76.77574157714844,81.140625,10,5,0,4.761904716491699,0,0,4.761904716491699,9.523809432983398,0,0,14.629368782043457,25769803776,0,18349850624,0
204,1790937463754,4,4,4,4,4,4,4,4,4,4,77.17422485351563,74.719970703125,74.70173645019531,75.3863754272461,68.00032806396484,76.77574157714844,81.140625,4.761904716491699,4.761904716491699,0,0,0,0,0,5,0,0,14.629368782043457,25769803776,0,18349850624,0
204,1790937463959,4,4,4,4,4,4,4,4,4,4,77.17422485351563,74.719970703125,74.70173645019531,75.3863754272461,68.00032806396484,76.77574157714844,81.140625,5,0,0,0,0,0,0,9.523809432983398,0,0,14.629368782043457,25769803776,0,18349850624,0
204,1790937464164,4,4,4,4,4,4,4,4,4,4,77.17896270751953,74.72807312011719,74.59351348876953,75.42092895507813,67.86831665039063,76.7801742553711,81.140625,5,5,4.761904716491699,0,0,0,0,5,0,0,14.629368782043457,25769803776,0,18349801472,0
204,1790937464369,4,4,4,4,4,4,4,4,4,4,77.17896270751953,74.72807312011719,74.59351348876953,75.42092895507813,67.86831665039063,76.7801742553711,81.140625,4.761904716491699,0,0,0,4.545454502105713,0,4.761904716491699,9.523809432983398,0,0,14.629368782043457,25769803776,0,18349850624,0
203,1790937464574,4,4,4,4,4,4,4,4,4,4,77.17896270751953,74.72807312011719,74.59351348876953,75.42092895507813,67.86831665039063,76.7801742553711,81.140625,0,0,4.761904716491699,0,0,0,0,4.761904716491699,0,0,14.558639526367188,25769803776,0,18349047808,0
204,1790937464778,4,4,4,4,4,4,4,4,4,4,77.17896270751953,74.72807312011719,74.59351348876953,75.42092895507813,67.86831665039063,76.7801742553711,81.140625,4.761904716491699,0,0,0,0,0,5,0,0,0,14.558639526367188,25769803776,0,18349162496,0
204,1790937464983,4,4,4,4,4,4,4,4,4,4,77.17896270751953,74.72807312011719,74.59351348876953,75.42092895507813,67.86831665039063,76.7801742553711,81.140625,0,4.761904716491699,0,0,0,0,0,9.523809432983398,0,0,14.558639526367188,25769803776,0,18349162496,0
204,1790937465188,4,4,4,4,4,4,4,4,4,4,77.23926544189453,74.85356903076172,74.59408569335938,75.48345947265625,67.82450103759766,76.83386993408203,79.140625,4.761904716491699,4.761904716491699,0,0,0,0,0,0,4.545454502105713,0,14.558639526367188,25769803776,0,18349047808,0
204,1790937465393,4,4,4,4,4,4,4,4,4,4,77.23926544189453,74.85356903076172,74.59408569335938,75.48345947265625,67.82450103759766,76.83386993408203,79.140625,0,0,0,0,0,0,0,5,0,0,14.558639526367188,25769803776,0,18334400512,0
204,1790937465598,4,4,4,4,4,4,4,4,4,4,77.23926544189453,74.85356903076172,74.59408569335938,75.48345947265625,67.82450103759766,76.83386993408203,79.140625,4.761904716491699,0,5,10,0,0,0,9.523809432983398,0,0,14.796086311340332,25769803776,0,18334351360,0
204,1790937465803,4,4,4,4,4,4,4,4,4,4,77.23926544189453,74.85356903076172,74.59408569335938,75.48345947265625,67.82450103759766,76.83386993408203,79.140625,4.761904716491699,4.761904716491699,9.523809432983398,0,0,0,0,5,0,0,14.796086311340332,25769803776,0,18334351360,0
204,1790937466008,4,4,4,4,4,4,4,4,4,4,77.23926544189453,74.85356903076172,74.59408569335938,75.48345947265625,67.82450103759766,76.83386993408203,79.140625,4.761904716491699,0,0,0,0,0,0,9.523809432983398,0,0,14.796086311340332,25769803776,0,18334351360,0
204,1790937466213,4,4,4,4,4,4,4,4,4,4,77.40928649902344,74.82998657226563,74.77628326416016,75.73493194580078,68.13079833984375,77.05307006835938,81.859375,0,0,0,0,0,0,9.090909004211426,4.761904716491699,0,0,14.796086311340332,25769803776,0,17878663168,0
204,1790937466418,4,4,4,4,4,4,4,4,4,4,77.40928649902344,74.82998657226563,74.77628326416016,75.73493194580078,68.13079833984375,77.05307006835938,81.859375,0,0,0,0,0,0,0,4.761904716491699,0,0,14.796086311340332,25769803776,0,17880449024,0
204,1790937466623,4,4,4,4,4,4,4,4,4,4,77.40928649902344,74.82998657226563,74.77628326416016,75.73493194580078,68.13079833984375,77.05307006835938,81.859375,5,0,0,0,0,0,0,5,4.545454502105713,0,14.960417747497559,25769803776,0,17878614016,0
203,1790937466828,4,4,4,4,4,4,4,4,4,4,77.40928649902344,74.82998657226563,74.77628326416016,75.73493194580078,68.13079833984375,77.05307006835938,81.859375,0,0,0,0,0,0,4.761904716491699,0,0,0,14.960417747497559,25769803776,0,17878564864,0
204,1790937467031,4,4,4,4,4,4,4,4,4,4,77.35261535644531,74.93085479736328,74.54721069335938,75.65023040771484,67.74312591552734,76.98757934570313,79.140625,4.761904716491699,4.761904716491699,0,0,0,0,0,4.761904716491699,0,0,14.960417747497559,25769803776,0,17878564864,0
202,1790937467236,4,4,4,4,4,4,4,4,4,4,77.35261535644531,74.93085479736328,74.54721069335938,75.65023040771484,67.74312591552734,76.98757934570313,79.140625,0,5,4.545454502105713,0,4.545454502105713,0,0,0,9.523809432983398,0,14.960417747497559,25769803776,0,17878286336,0
200,1790937467439,4,4,4,4,4,4,4,4,4,4,77.35261535644531,74.93085479736328,74.54721069335938,75.65023040771484,67.74312591552734,76.98757934570313,79.140625,5,0,0,0,0,0,0,9.523809432983398,0,0,14.960417747497559,25769803776,0,17878286336,0
204,1790937467639,4,4,4,4,4,4,4,4,4,4,77.35261535644531,74.93085479736328,74.54721069335938,75.65023040771484,67.74312591552734,76.98757934570313,79.140625,0,0,0,0,0,0,4.761904716491699,5,0,0,14.58037281036377,25769803776,0,17878532096,0
204,1790937467844,4,4,4,4,4,4,4,4,4,4,77.35261535644531,74.93085479736328,74.54721069335938,75.65023040771484,67.74312591552734,76.98757934570313,79.140625,5,0,5,0,0,0,4.761904716491699,5,0,0,14.58037281036377,25769803776,0,17878532096,0
204,1790937468050,4,4,4,4,4,4,4,4,4,4,77.43879699707031,74.86763000488281,74.6577377319336,75.70165252685547,67.95826721191406,77.16364288330078,79.84375,4.761904716491699,4.761904716491699,0,0,0,0,0,5,0,0,14.58037281036377,25769803776,0,17878532096,0
204,1790937468255,4,4,4,4,4,4,4,4,4,4,77.43879699707031,74.86763000488281,74.6577377319336,75.70165252685547,67.95826721191406,77.16364288330078,79.84375,0,0,0,0,0,0,0,9.523809432983398,0,0,14.58037281036377,25769803776,0,17878220800,0
200,1790937468460,4,4,4,4,4,4,4,4,4,4,77.43879699707031,74.86763000488281,74.6577377319336,75.70165252685547,67.95826721191406,77.16364288330078,79.84375,4.761904716491699,0,0,0,0,0,0,5,0,0,14.58037281036377,25769803776,0,17877958656,0
204,1790937468660,4,4,4,4,4,4,4,4,4,4,77.43879699707031,74.86763000488281,74.6577377319336,75.70165252685547,67.95826721191406,77.16364288330078,79.84375,0,0,0,4.761904716491699,0,0,0,5,0,0,14.591229438781738,25769803776,0,17877958656,0
202,1790937468865,4,4,4,4,4,4,4,4,4,4,77.43879699707031,74.86763000488281,74.6577377319336,75.70165252685547,67.95826721191406,77.16364288330078,79.84375,0,4.761904716491699,0,0,0,0,0,9.523809432983398,0,0,14.591229438781738,25769803776,0,17877958656,0
204,1790937469068,4,4,4,4,4,4,4,4,4,4,77.3463134765625,74.90618133544922,74.74015808105469,75.69874572753906,68.0619888305664,76.99848937988281,79.140625,9.090909004211426,0,0,0,0,0,0,5,0,0,14.591229438781738,25769803776,0,17877958656,0
204,1790937469273,4,4,4,4,4,4,4,4,4,4,77.3463134765625,74.90618133544922,74.74015808105469,75.69874572753906,68.0619888305664,76.99848937988281,79.140625,0,4.761904716491699,0,0,0,0,0,9.523809432983398,4.761904716491699,0,14.591229438781738,25769803776,0,17877991424,0
204,1790937469478,4,4,4,4,4,4,4,4,4,4,77.3463134765625,74.90618133544922,74.74015808105469,75.69874572753906,68.0619888305664,76.99848937988281,79.140625,4.761904716491699,0,0,0,0,0,0,5,4.545454502105713,0,14.591229438781738,25769803776,0,17877581824,0
204,1790937469683,4,4,4,4,4,4,4,4,4,4,77.3463134765625,74.90618133544922,74.74015808105469,75.69874572753906,68.0619888305664,76.99848937988281,79.140625,0,0,0,0,0,0,4.545454502105713,5,0,0,14.548641204833984,25769803776,0,17871290368,0
204,1790937469888,4,4,4,4,4,4,4,4,4,4,77.3463134765625,74.90618133544922,74.74015808105469,75.69874572753906,68.0619888305664,76.99848937988281,79.140625,0,0,0,0,0,0,5,4.545454502105713,0,0,14.548641204833984,25769803776,0,17873141760,0
202,1790937470093,4,4,4,4,4,4,4,4,4,4,77.37957763671875,75.03889465332031,74.76577758789063,75.7598648071289,67.99364471435547,77.08389282226563,79.140625,4.761904716491699,0,4.545454502105713,0,0,0,0,0,0,0,14.548641204833984,25769803776,0,17871306752,0
204,1790937470295,4,4,4,4,4,4,4,4,4,4,77.37957763671875,75.03889465332031,74.76577758789063,75.7598648071289,67.99364471435547,77.08389282226563,79.140625,0,0,4.761904716491699,0,0,0,4.761904716491699,5,0,0,14.548641204833984,25769803776,0,17871601664,0
204,1790937470500,4,4,4,4,4,4,4,4,4,4,77.37957763671875,75.03889465332031,74.76577758789063,75.7598648071289,67.99364471435547,77.08389282226563,79.140625,5,4.761904716491699,0,0,0,0,0,9.523809432983398,0,0,14.548641204833984,25769803776,0,17871585280,0
204,1790937470705,4,4,4,4,4,4,4,4,4,4,77.37957763671875,75.03889465332031,74.76577758789063,75.7598648071289,67.99364471435547,77.08389282226563,79.140625,0,0,0,0,0,0,0,0,0,0,14.69366455078125,25769803776,0,17871585280,0
204,1790937470910,4,4,4,4,4,4,4,4,4,4,77.37957763671875,75.03889465332031,74.76577758789063,75.7598648071289,67.99364471435547,77.08389282226563,79.140625,0,0,0,0,0,0,0,9.523809432983398,0,0,14.69366455078125,25769803776,0,17870995456,0
204,1790937471116,4,4,4,4,4,4,4,4,4,4,77.38077545166016,75.10205841064453,74.83306121826172,75.7919921875,68.09562683105469,77.08536529541016,79.140625,4.761904716491699,0,0,0,0,0,9.523809432983398,4.545454502105713,4.761904716491699,0,14.69366455078125,25769803776,0,17871044608,0
204,1790937471321,4,4,4,4,4,4,4,4,4,4,77.38077545166016,75.10205841064453,74.83306121826172,75.7919921875,68.09562683105469,77.08536529541016,79.140625,4.761904716491699,4.761904716491699,0,4.545454502105713,0,0,0,0,0,0,14.69366455078125,25769803776,0,17871224832,0
204,1790937471526,4,4,4,4,4,4,4,4,4,4,77.38077545166016,75.10205841064453,74.83306121826172,75.7919921875,68.09562683105469,77.08536529541016,79.140625,5,4.761904716491699,0,0,0,0,0,5,0,0,14.69366455078125,25769803776,0,17865605120,0
204,1790937471731,4,4,4,4,4,4,4,4,4,4,77.38077545166016,75.10205841064453,74.83306121826172,75.7919921875,68.09562683105469,77.08536529541016,79.140625,0,0,0,0,0,0,0,9.523809432983398,0,0,14.636857032775879,25769803776,0,17865605120,0
201,1790937471936,4,4,4,4,4,4,4,4,4,4,77.38077545166016,75.10205841064453,74.83306121826172,75.7919921875,68.09562683105469,77.08536529541016,79.140625,4.761904716491699,0,0,0,0,0,0,5,0,0,14.636857032775879,25769803776,0,17865605120,0
204,1790937472137,4,4,4,4,4,4,4,4,4,4,77.4054183959961,75.01034545898438,74.83350372314453,75.8369369506836,68.08834838867188,77.13924407958984,79.375,5,0,0,0,4.761904716491699,0,0,9.523809432983398,0,0,14.636857032775879,25769803776,0,17865605120,0
204,1790937472342,4,4,4,4,4,4,4,4,4,4,77.4054183959961,75.01034545898438,74.83350372314453,75.8369369506836,68.08834838867188,77.13924407958984,79.375,0,0,0,0,0,0,4.761904716491699,5,0,0,14.636857032775879,25769803776,0,17865736192,0
204,1790937472547,4,4,4,4,4,4,4,4,4,4,77.4054183959961,75.01034545898438,74.83350372314453,75.8369369506836,68.08834838867188,77.13924407958984,79.375,4.761904716491699,4.761904716491699,4.761904716491699,0,4.545454502105713,0,0,4.761904716491699,0,0,14.61292552947998,25769803776,0,17865736192,0
204,1790937472752,4,4,4,4,4,4,4,4,4,4,77.4054183959961,75.01034545898438,74.83350372314453,75.8369369506836,68.08834838867188,77.13924407958984,79.375,0,4.761904716491699,0,0,0,0,4.761904716491699,5,4.761904716491699,0,14.61292552947998,25769803776,0,17865703424,0
204,1790937472957,4,4,4,4,4,4,4,4,4,4,77.4054183959961,75.01034545898438,74.83350372314453,75.8369369506836,68.08834838867188,77.13924407958984,79.375,9.090909004211426,0,0,0,0,0,0,5,0,0,14.61292552947998,25769803776,0,17865703424,0
204,1790937473162,4,4,4,4,4,4,4,4,4,4,77.43463897705078,75.04145050048828,75.00083923339844,75.89302825927734,68.31629943847656,77.18629455566406,79.375,0,0,0,4.545454502105713,0,4.761904716491699,0,9.523809432983398,0,0,14.61292552947998,25769803776,0,17865752576,0
204,1790937473367,4,4,4,4,4,4,4,4,4,4,77.43463897705078,75.04145050048828,75.00083923339844,75.89302825927734,68.31629943847656,77.18629455566406,79.375,4.761904716491699,0,0,0,0,0,0,5,0,0,14.61292552947998,25769803776,0,17865752576,0
204,1790937473572,4,4,4,4,4,4,4,4,4,4,77.43463897705078,75.04145050048828,75.00083923339844,75.89302825927734,68.31629943847656,77.18629455566406,79.375,0,4.761904716491699,4.761904716491699,0,0,0,0,9.523809432983398,0,0,14.611814498901367,25769803776,0,17867669504,0
204,1790937473777,4,4,4,4,4,4,4,4,4,4,77.43463897705078,75.04145050048828,75.00083923339844,75.89302825927734,68.31629943847656,77.18629455566406,79.375,5,5,0,0,0,0,0,0,4.761904716491699,0,14.611814498901367,25769803776,0,17865605120,0
204,1790937473982,4,4,4,4,4,4,4,4,4,4,77.43463897705078,75.04145050048828,75.00083923339844,75.89302825927734,68.31629943847656,77.18629455566406,79.375,5,0,0,0,0,0,0,5,0,4.545454502105713,14.611814498901367,25769803776,0,17865637888,0
204,1790937474187,4,4,4,4,4,4,4,4,4,4,77.45573425292969,75.02318572998047,74.94100189208984,75.9111099243164,68.24659729003906,77.1867904663086,82.09375,4.761904716491699,0,0,0,0,0,0,9.523809432983398,4.545454502105713,0,14.611814498901367,25769803776,0,17865621504,0
200,1790937474392,4,4,4,4,4,4,4,4,4,4,77.45573425292969,75.02318572998047,74.94100189208984,75.9111099243164,68.24659729003906,77.1867904663086,82.09375,5,9.523809432983398,5,0,0,0,0,4.761904716491699,0,0,14.611814498901367,25769803776,0,17865375744,0
204,1790937474592,4,4,4,4,4,4,4,4,4,4,77.45573425292969,75.02318572998047,74.94100189208984,75.9111099243164,68.24659729003906,77.1867904663086,82.09375,4.761904716491699,0,0,0,0,0,0,0,0,0,14.47768783569336,25769803776,0,17864015872,0
204,1790937474797,4,4,4,4,4,4,4,4,4,4,77.45573425292969,75.02318572998047,74.94100189208984,75.9111099243164,68.24659729003906,77.1867904663086,82.09375,0,0,0,0,0,0,4.761904716491699,9.090909004211426,0,0,14.47768783569336,25769803776,0,17864015872,0
204,1790937475002,4,4,4,4,4,4,4,4,4,4,77.45573425292969,75.02318572998047,74.94100189208984,75.9111099243164,68.24659729003906,77.1867904663086,82.09375,4.761904716491699,0,4.545454502105713,0,0,0,0,5,0,0,14.47768783569336,25769803776,0,17863999488,0
204,1790937475207,4,4,4,4,4,4,4,4,4,4,77.52730560302734,75.03658294677734,74.95276641845703,75.94937896728516,68.16535949707031,77.28604125976563,82.796875,0,4.761904716491699,0,0,0,0,0,9.523809432983398,0,0,14.47768783569336,25769803776,0,17863999488,0
204,1790937475412,4,4,4,4,4,4,4,4,4,4,77.52730560302734,75.03658294677734,74.95276641845703,75.94937896728516,68.16535949707031,77.28604125976563,82.796875,0,0,0,0,0,0,0,5,0,0,14.47768783569336,25769803776,0,17863852032,0
204,1790937475617,4,4,4,4,4,4,4,4,4,4,77.52730560302734,75.03658294677734,74.95276641845703,75.94937896728516,68.16535949707031,77.28604125976563,82.796875,4.761904716491699,0,0,0,0,0,0,5,0,0,14.641324043273926,25769803776,0,17863852032,0
204,1790937475823,4,4,4,4,4,4,4,4,4,4,77.52730560302734,75.03658294677734,74.95276641845703,75.94937896728516,68.16535949707031,77.28604125976563,82.796875,4.761904716491699,0,0,0,0,0,4.545454502105713,9.523809432983398,4.761904716491699,0,14.641324043273926,25769803776,0,17863852032,0
204,1790937476027,4,4,4,4,4,4,4,4,4,4,77.48309326171875,75.1366195678711,75.10272216796875,75.91466522216797,68.37240600585938,77.24034881591797,79.375,0,0,0,0,0,0,0,0,4.761904716491699,0,14.641324043273926,25769803776,0,17863852032,0
204,1790937476232,4,4,4,4,4,4,4,4,4,4,77.48309326171875,75.1366195678711,75.10272216796875,75.91466522216797,68.37240600585938,77.24034881591797,79.375,4.761904716491699,0,0,0,0,0,0,9.523809432983398,0,0,14.641324043273926,25769803776,0,17863852032,0
204,1790937476437,4,4,4,4,4,4,4,4,4,4,77.48309326171875,75.1366195678711,75.10272216796875,75.91466522216797,68.37240600585938,77.24034881591797,79.375,0,0,0,0,0,0,0,5,0,0,14.641324043273926,25769803776,0,17863852032,0
204,1790937476642,4,4,4,4,4,4,4,4,4,4,77.48309326171875,75.1366195678711,75.10272216796875,75.91466522216797,68.37240600585938,77.24034881591797,79.375,50,9.090909004211426,0,4.545454502105713,0,0,0,9.523809432983398,0,0,14.633495330810547,25769803776,0,17863622656,0
204,1790937476847,4,4,4,4,4,4,4,4,4,4,77.48309326171875,75.1366195678711,75.10272216796875,75.91466522216797,68.37240600585938,77.24034881591797,79.375,35,25,20,5.263157844543457,9.523809432983398,4.761904716491699,5,0,0,0,14.633495330810547,25769803776,0,17864179712,0
204,1790937477052,4,4,4,4,4,4,4,4,4,4,77.51402282714844,75.24149322509766,74.91539001464844,75.92021179199219,68.04369354248047,77.2923355102539,79.375,9.523809432983398,4.761904716491699,0,0,0,0,0,4.761904716491699,4.761904716491699,0,14.633495330810547,25769803776,0,17863868416,0
204,1790937477257,4,4,4,4,4,4,4,4,4,4,77.51402282714844,75.24149322509766,74.91539001464844,75.92021179199219,68.04369354248047,77.2923355102539,79.375,0,0,0,0,0,0,4.761904716491699,0,0,0,14.633495330810547,25769803776,0,17863868416,0
204,1790937477462,4,4,4,4,4,4,4,4,4,4,77.51402282714844,75.24149322509766,74.91539001464844,75.92021179199219,68.04369354248047,77.2923355102539,79.375,4.761904716491699,0,0,0,0,0,4.761904716491699,0,4.761904716491699,0,14.633495330810547,25769803776,0,17865719808,0
201,1790937477667,4,4,4,4,4,4,4,4,4,4,77.51402282714844,75.24149322509766,74.91539001464844,75.92021179199219,68.04369354248047,77.2923355102539,79.375,0,0,4.545454502105713,9.090909004211426,0,0,0,0,0,0,14.510493278503418,25769803776,0,17864294400,0
200,1790937477869,4,4,4,4,4,4,4,4,4,4,77.51402282714844,75.24149322509766,74.91539001464844,75.92021179199219,68.04369354248047,77.2923355102539,79.375,4.761904716491699,4.761904716491699,0,0,0,0,4.761904716491699,10,0,0,14.510493278503418,25769803776,0,17864097792,0
204,1790937478069,4,4,4,4,4,4,4,4,4,4,77.66109466552734,75.30322265625,74.9683609008789,75.9727554321289,68.06004333496094,77.48075103759766,80.078125,15.000000953674316,5,0,0,0,0,0,5,0,0,14.510493278503418,25769803776,0,17864097792,0
204,1790937478274,4,4,4,4,4,4,4,4,4,4,77.66109466552734,75.30322265625,74.9683609008789,75.9727554321289,68.06004333496094,77.48075103759766,80.078125,4.761904716491699,4.761904716491699,4.761904716491699,0,0,0,0,9.523809432983398,0,0,14.510493278503418,25769803776,0,17864097792,0
204,1790937478479,4,4,4,4,4,4,4,4,4,4,77.66109466552734,75.30322265625,74.9683609008789,75.9727554321289,68.06004333496094,77.48075103759766,80.078125,5,10.526315689086914,4.761904716491699,0,4.761904716491699,0,4.761904716491699,5,0,0,14.510493278503418,25769803776,0,17849597952,0
204,1790937478684,4,4,4,4,4,4,4,4,4,4,77.66109466552734,75.30322265625,74.9683609008789,75.9727554321289,68.06004333496094,77.48075103759766,80.078125,0,4.545454502105713,0,0,0,0,0,9.090909004211426,4.761904716491699,0,15.041180610656738,25769803776,0,17849581568,0
204,1790937478889,4,4,4,4,4,4,4,4,4,4,77.66109466552734,75.30322265625,74.9683609008789,75.9727554321289,68.06004333496094,77.48075103759766,80.078125,4.761904716491699,0,0,4.545454502105713,0,0,0,0,0,0,15.041180610656738,25769803776,0,17849581568,0
204,1790937479094,4,4,4,4,4,4,4,4,4,4,77.5287857055664,75.23085021972656,75.23607635498047,75.92748260498047,68.4822006225586,77.25178527832031,79.375,0,0,0,0,0,0,0,9.523809432983398,4.761904716491699,0,15.041180610656738,25769803776,0,17849581568,0
204,1790937479299,4,4,4,4,4,4,4,4,4,4,77.5287857055664,75.23085021972656,75.23607635498047,75.92748260498047,68.4822006225586,77.25178527832031,79.375,14.285715103149414,14.285715103149414,10,4.761904716491699,0,4.761904716491699,0,5,0,0,15.041180610656738,25769803776,0,17849581568,0
201,1790937479504,4,4,4,4,4,4,4,4,4,4,77.5287857055664,75.23085021972656,75.23607635498047,75.92748260498047,68.4822006225586,77.25178527832031,79.375,0,0,0,0,0,0,4.545454502105713,5,0,0,15.041180610656738,25769803776,0,17849778176,0
204,1790937479706,4,4,4,4,4,4,4,4,4,4,77.5287857055664,75.23085021972656,75.23607635498047,75.92748260498047,68.4822006225586,77.25178527832031,79.375,5,0,4.761904716491699,0,0,0,0,9.523809432983398,0,0,14.688050270080566,25769803776,0,17850056704,0
204,1790937479911,4,4,4,4,4,4,4,4,4,4,77.5287857055664,75.23085021972656,75.23607635498047,75.92748260498047,68.4822006225586,77.25178527832031,79.375,10,9.523809432983398,0,0,0,0,0,4.761904716491699,0,0,14.688050270080566,25769803776,0,17850056704,0
203,1790937480116,4,4,4,4,4,4,4,4,4,4,77.52686309814453,75.24765014648438,75.11461639404297,75.9980239868164,68.27288055419922,77.27513885498047,79.375,19.047618865966797,5,0,0,4.761904716491699,5,10,20,0,0,14.688050270080566,25769803776,0,17850056704,0
204,1790937480320,4,4,4,4,4,4,4,4,4,4,77.52686309814453,75.24765014648438,75.11461639404297,75.9980239868164,68.27288055419922,77.27513885498047,79.375,5,9.523809432983398,0,0,0,0,10,19.047618865966797,4.761904716491699,0,14.688050270080566,25769803776,0,17850056704,0
202,1790937480525,4,4,4,4,4,4,4,4,4,4,77.52686309814453,75.24765014648438,75.11461639404297,75.9980239868164,68.27288055419922,77.27513885498047,79.375,23.809524536132813,15.000000953674316,9.523809432983398,0,0,0,9.523809432983398,15.000000953674316,0,0,14.688050270080566,25769803776,0,17856757760,0
204,1790937480727,4,4,4,4,4,4,4,4,4,4,77.52686309814453,75.24765014648438,75.11461639404297,75.9980239868164,68.27288055419922,77.27513885498047,79.375,15.789472579956055,15.789472579956055,4.761904716491699,0,0,0,5,15.000000953674316,0,5,14.702255249023438,25769803776,0,17856872448,0
204,1790937480932,4,4,4,4,4,4,4,4,4,4,77.52686309814453,75.24765014648438,75.11461639404297,75.9980239868164,68.27288055419922,77.27513885498047,79.375,9.090909004211426,4.545454502105713,0,0,0,0,0,9.523809432983398,0,0,14.702255249023438,25769803776,0,17856872448,0
204,1790937481137,4,4,4,4,4,4,4,4,4,4,77.69119262695313,76.32538604736328,76.3762435913086,76.16657257080078,69.87358856201172,77.60587310791016,84.796875,0,0,0,0,0,0,0,5,0,0,14.702255249023438,25769803776,0,17856888832,0
204,1790937481342,4,4,4,4,4,4,4,4,4,4,77.69119262695313,76.32538604736328,76.3762435913086,76.16657257080078,69.87358856201172,77.60587310791016,84.796875,0,4.761904716491699,4.761904716491699,4.545454502105713,0,0,4.761904716491699,0,0,0,14.702255249023438,25769803776,0,17857347584,0
204,1790937481547,4,4,4,4,4,4,4,4,4,4,77.69119262695313,76.32538604736328,76.3762435913086,76.16657257080078,69.87358856201172,77.60587310791016,84.796875,4.761904716491699,0,0,4.761904716491699,0,0,0,9.523809432983398,0,0,14.692547798156738,25769803776,0,17857396736,0
204,1790937481752,4,4,4,4,4,4,4,4,4,4,77.69119262695313,76.32538604736328,76.3762435913086,76.16657257080078,69.87358856201172,77.60587310791016,84.796875,5,4.761904716491699,0,0,0,0,0,5,4.545454502105713,0,14.692547798156738,25769803776,0,17857511424,0
204,1790937481957,4,4,4,4,4,4,4,4,4,4,77.69119262695313,76.32538604736328,76.3762435913086,76.16657257080078,69.87358856201172,77.60587310791016,84.796875,0,0,0,0,0,0,4.761904716491699,5,0,0,14.692547798156738,25769803776,0,17857511424,0
204,1790937482162,4,4,4,4,4,4,4,4,4,4,77.59732818603516,75.2553939819336,75.19193267822266,76.08618927001953,68.42560577392578,77.35021209716797,79.375,4.761904716491699,0,0,0,0,0,0,9.090909004211426,0,0,14.692547798156738,25769803776,0,17857511424,0
204,1790937482367,4,4,4,4,4,4,4,4,4,4,77.59732818603516,75.2553939819336,75.19193267822266,76.08618927001953,68.42560577392578,77.35021209716797,79.375,4.761904716491699,4.761904716491699,0,4.545454502105713,0,0,0,5,4.545454502105713,0,14.692547798156738,25769803776,0,17857511424,0
204,1790937482572,4,4,4,4,4,4,4,4,4,4,77.59732818603516,75.2553939819336,75.19193267822266,76.08618927001953,68.42560577392578,77.35021209716797,79.375,0,0,0,0,0,0,0,5,0,0,14.612592697143555,25769803776,0,17857413120,0
204,1790937482777,4,4,4,4,4,4,4,4,4,4,77.59732818603516,75.2553939819336,75.19193267822266,76.08618927001953,68.42560577392578,77.35021209716797,79.375,4.761904716491699,0,0,0,0,0,0,9.523809432983398,0,0,14.612592697143555,25769803776,0,17857413120,0
204,1790937482982,4,4,4,4,4,4,4,4,4,4,77.59732818603516,75.2553939819336,75.19193267822266,76.08618927001953,68.42560577392578,77.35021209716797,79.375,0,0,4.545454502105713,0,0,0,0,5,0,0,14.612592697143555,25769803776,0,17857413120,0
204,1790937483187,4,4,4,4,4,4,4,4,4,4,77.7379150390625,75.41593170166016,75.29334259033203,76.2264175415039,68.49089813232422,77.5855941772461,79.84375,5,0,0,0,0,0,0,9.523809432983398,0,0,14.612592697143555,25769803776,0,17857478656,0
204,1790937483392,4,4,4,4,4,4,4,4,4,4,77.7379150390625,75.41593170166016,75.29334259033203,76.2264175415039,68.49089813232422,77.5855941772461,79.84375,0,4.761904716491699,0,0,0,0,0,4.761904716491699,0,0,14.612592697143555,25769803776,0,17857478656,0
204,1790937483597,4,4,4,4,4,4,4,4,4,4,77.7379150390625,75.41593170166016,75.29334259033203,76.2264175415039,68.49089813232422,77.5855941772461,79.84375,9.090909004211426,0,0,0,0,0,0,9.523809432983398,4.545454502105713,0,15.104254722595215,25769803776,0,17857314816,0
201,1790937483802,4,4,4,4,4,4,4,4,4,4,77.7379150390625,75.41593170166016,75.29334259033203,76.2264175415039,68.49089813232422,77.5855941772461,79.84375,0,4.545454502105713,0,0,0,0,8.69565200805664,5,0,0,15.104254722595215,25769803776,0,17856299008,0
204,1790937484004,4,4,4,4,4,4,4,4,4,4,77.7379150390625,75.41593170166016,75.29334259033203,76.2264175415039,68.49089813232422,77.5855941772461,79.84375,5,0,0,0,0,0,0,0,0,0,15.104254722595215,25769803776,0,17856282624,0
204,1790937484208,4,4,4,4,4,4,4,4,4,4,77.61772918701172,75.37435150146484,75.33577728271484,76.14601135253906,68.58250427246094,77.41263580322266,81.859375,5,0,0,0,0,0,0,9.523809432983398,0,0,15.104254722595215,25769803776,0,17856299008,0
204,1790937484413,4,4,4,4,4,4,4,4,4,4,77.61772918701172,75.37435150146484,75.33577728271484,76.14601135253906,68.58250427246094,77.41263580322266,81.859375,4.761904716491699,9.090909004211426,4.545454502105713,0,0,0,0,5,0,0,15.104254722595215,25769803776,0,17856036864,0
204,1790937484618,4,4,4,4,4,4,4,4,4,4,77.61772918701172,75.37435150146484,75.33577728271484,76.14601135253906,68.58250427246094,77.41263580322266,81.859375,0,0,0,0,0,0,0,9.523809432983398,0,0,14.53110408782959,25769803776,0,17856266240,0
204,1790937484823,4,4,4,4,4,4,4,4,4,4,77.61772918701172,75.37435150146484,75.33577728271484,76.14601135253906,68.58250427246094,77.41263580322266,81.859375,9.523809432983398,0,0,0,9.090909004211426,0,0,5,0,0,14.53110408782959,25769803776,0,17858494464,0
201,1790937485028,4,4,4,4,4,4,4,4,4,4,77.56729888916016,75.32329559326172,75.20512390136719,76.0942153930664,68.36155700683594,77.31856536865234,79.375,0,0,0,0,0,0,0,0,0,0,14.53110408782959,25769803776,0,17856266240,0
204,1790937485230,4,4,4,4,4,4,4,4,4,4,77.56729888916016,75.32329559326172,75.20512390136719,76.0942153930664,68.36155700683594,77.31856536865234,79.375,0,9.523809432983398,0,0,0,0,10,0,4.761904716491699,0,14.53110408782959,25769803776,0,17856266240,0
204,1790937485435,4,4,4,4,4,4,4,4,4,4,77.56729888916016,75.32329559326172,75.20512390136719,76.0942153930664,68.36155700683594,77.31856536865234,79.375,9.523809432983398,0,0,0,0,0,0,9.090909004211426,0,0,14.53110408782959,25769803776,0,17855954944,0
204,1790937485640,4,4,4,4,4,4,4,4,4,4,77.56729888916016,75.32329559326172,75.20512390136719,76.0942153930664,68.36155700683594,77.31856536865234,79.375,0,0,0,0,0,0,0,5,0,0,14.425378799438477,25769803776,0,17856004096,0
204,1790937485845,4,4,4,4,4,4,4,4,4,4,77.56729888916016,75.32329559326172,75.20512390136719,76.0942153930664,68.36155700683594,77.31856536865234,79.375,5,4.761904716491699,4.761904716491699,9.090909004211426,0,4.545454502105713,0,9.523809432983398,0,0,14.425378799438477,25769803776,0,17855954944,0
204,1790937486050,4,4,4,4,4,4,4,4,4,4,77.62513732910156,75.57579803466797,75.19755554199219,76.10810852050781,68.28340911865234,77.40338134765625,79.609375,4.761904716491699,0,0,0,0,0,4.761904716491699,0,0,0,14.425378799438477,25769803776,0,17855873024,0
204,1790937486255,4,4,4,4,4,4,4,4,4,4,77.62513732910156,75.57579803466797,75.19755554199219,76.10810852050781,68.28340911865234,77.40338134765625,79.609375,4.761904716491699,0,0,0,0,0,0,5,0,0,14.425378799438477,25769803776,0,17855873024,0
204,1790937486460,4,4,4,4,4,4,4,4,4,4,77.62513732910156,75.57579803466797,75.19755554199219,76.10810852050781,68.28340911865234,77.40338134765625,79.609375,0,5,0,0,0,0,0,9.523809432983398,0,0,14.425378799438477,25769803776,0,17855873024,0
201,1790937486665,4,4,4,4,4,4,4,4,4,4,77.62513732910156,75.57579803466797,75.19755554199219,76.10810852050781,68.28340911865234,77.40338134765625,79.609375,4.761904716491699,0,0,0,0,0,0,5,4.545454502105713,0,14.63572883605957,25769803776,0,17855709184,0
204,1790937486866,4,4,4,4,4,4,4,4,4,4,77.62513732910156,75.57579803466797,75.19755554199219,76.10810852050781,68.28340911865234,77.40338134765625,79.609375,0,5,0,0,0,0,0,9.523809432983398,5,0,14.63572883605957,25769803776,0,17855709184,0
204,1790937487071,4,4,4,4,4,4,4,4,4,4,77.6619644165039,75.34786224365234,75.35731506347656,76.15190887451172,68.6234359741211,77.4875717163086,79.609375,4.761904716491699,0,0,0,0,0,4.761904716491699,0,0,0,14.63572883605957,25769803776,0,17855348736,0
204,1790937487276,4,4,4,4,4,4,4,4,4,4,77.6619644165039,75.34786224365234,75.35731506347656,76.15190887451172,68.6234359741211,77.4875717163086,79.609375,4.761904716491699,0,0,0,0,0,0,9.523809432983398,0,0,14.63572883605957,25769803776,0,17855348736,0
204,1790937487481,4,4,4,4,4,4,4,4,4,4,77.6619644165039,75.34786224365234,75.35731506347656,76.15190887451172,68.6234359741211,77.4875717163086,79.609375,0,0,4.761904716491699,0,0,0,4.545454502105713,4.761904716491699,0,0,14.63572883605957,25769803776,0,17855348736,0
204,1790937487686,4,4,4,4,4,4,4,4,4,4,77.6619644165039,75.34786224365234,75.35731506347656,76.15190887451172,68.6234359741211,77.4875717163086,79.609375,5,8.69565200805664,0,0,0,0,0,9.523809432983398,0,0,14.562541007995605,25769803776,0,17855561728,0
204,1790937487891,4,4,4,4,4,4,4,4,4,4,77.6619644165039,75.34786224365234,75.35731506347656,76.15190887451172,68.6234359741211,77.4875717163086,79.609375,9.523809432983398,0,5,0,0,5,0,5,0,0,14.562541007995605,25769803776,0,17800937472,0
204,1790937488096,4,4,4,4,4,4,4,4,4,4,77.63216400146484,75.36444854736328,75.22318267822266,76.1545181274414,68.40340423583984,77.42581939697266,79.375,0,0,0,0,0,0,0,0,0,0,14.562541007995605,25769803776,0,17800937472,0
204,1790937488301,4,4,4,4,4,4,4,4,4,4,77.63216400146484,75.36444854736328,75.22318267822266,76.1545181274414,68.40340423583984,77.42581939697266,79.375,4.761904716491699,4.761904716491699,0,0,0,0,4.545454502105713,9.090909004211426,4.761904716491699,0,14.562541007995605,25769803776,0,17800937472,0
204,1790937488506,4,4,4,4,4,4,4,4,4,4,77.63216400146484,75.36444854736328,75.22318267822266,76.1545181274414,68.40340423583984,77.42581939697266,79.375,0,0,0,0,0,0,0,5,0,0,14.562541007995605,25769803776,0,17800937472,0
204,1790937488711,4,4,4,4,4,4,4,4,4,4,77.63216400146484,75.36444854736328,75.22318267822266,76.1545181274414,68.40340423583984,77.42581939697266,79.375,0,0,0,0,0,0,0,0,0,0,14.410079956054688,25769803776,0,17800740864,0
204,1790937488916,4,4,4,4,4,4,4,4,4,4,77.63216400146484,75.36444854736328,75.22318267822266,76.1545181274414,68.40340423583984,77.42581939697266,79.375,4.761904716491699,0,0,0,0,0,0,9.523809432983398,0,0,14.410079956054688,25769803776,0,17800740864,0
204,1790937489121,4,4,4,4,4,4,4,4,4,4,77.61180877685547,75.37368774414063,75.3322525024414,76.13768005371094,68.56901550292969,77.41376495361328,79.609375,0,0,0,0,0,0,0,4.761904716491699,0,0,14.410079956054688,25769803776,0,17800740864,0
204,1790937489326,4,4,4,4,4,4,4,4,4,4,77.61180877685547,75.37368774414063,75.3322525024414,76.13768005371094,68.56901550292969,77.41376495361328,79.609375,9.090909004211426,0,0,4.545454502105713,4.545454502105713,0,0,9.523809432983398,0,0,14.410079956054688,25769803776,0,17800740864,0
204,1790937489531,4,4,4,4,4,4,4,4,4,4,77.61180877685547,75.37368774414063,75.3322525024414,76.13768005371094,68.56901550292969,77.41376495361328,79.609375,0,4.761904716491699,0,0,0,0,0,5,0,0,14.44064998626709,25769803776,0,17800740864,0
200,1790937489736,4,4,4,4,4,4,4,4,4,4,77.61180877685547,75.37368774414063,75.3322525024414,76.13768005371094,68.56901550292969,77.41376495361328,79.609375,0,4.761904716491699,0,0,0,0,9.090909004211426,0,0,0,14.44064998626709,25769803776,0,17800544256,0
204,1790937489937,4,4,4,4,4,4,4,4,4,4,77.61180877685547,75.37368774414063,75.3322525024414,76.13768005371094,68.56901550292969,77.41376495361328,79.609375,5,0,0,0,0,0,0,9.523809432983398,0,0,14.44064998626709,25769803776,0,17800577024,0
204,1790937490142,4,4,4,4,4,4,4,4,4,4,77.58290100097656,75.37193298339844,75.23921966552734,76.13411712646484,68.41020202636719,77.34465789794922,79.375,0,0,4.761904716491699,0,0,0,5,0,4.761904716491699,0,14.44064998626709,25769803776,0,17800577024,0
204,1790937490347,4,4,4,4,4,4,4,4,4,4,77.58290100097656,75.37193298339844,75.23921966552734,76.13411712646484,68.41020202636719,77.34465789794922,79.375,4.761904716491699,0,0,0,0,0,0,0,0,0,14.44064998626709,25769803776,0,17800609792,0
204,1790937490552,4,4,4,4,4,4,4,4,4,4,77.58290100097656,75.37193298339844,75.23921966552734,76.13411712646484,68.41020202636719,77.34465789794922,79.375,4.761904716491699,0,0,0,0,0,9.523809432983398,4.545454502105713,0,0,14.31855583190918,25769803776,0,17800642560,0
204,1790937490757,4,4,4,4,4,4,4,4,4,4,77.58290100097656,75.37193298339844,75.23921966552734,76.13411712646484,68.41020202636719,77.34465789794922,79.375,5,5,0,0,4.761904716491699,0,5,0,0,0,14.31855583190918,25769803776,0,17800757248,0
204,1790937490962,4,4,4,4,4,4,4,4,4,4,77.58290100097656,75.37193298339844,75.23921966552734,76.13411712646484,68.41020202636719,77.34465789794922,79.375,0,0,0,0,0,0,4.761904716491699,9.523809432983398,0,0,14.31855583190918,25769803776,0,17800478720,0
204,1790937491167,4,4,4,4,4,4,4,4,4,4,77.5882568359375,75.7778091430664,75.00509643554688,76.12236785888672,67.93547058105469,77.3732681274414,80.203125,4.761904716491699,0,0,0,0,0,4.761904716491699,0,4.761904716491699,0,14.31855583190918,25769803776,0,17800478720,0
204,1790937491372,4,4,4,4,4,4,4,4,4,4,77.5882568359375,75.7778091430664,75.00509643554688,76.12236785888672,67.93547058105469,77.3732681274414,80.203125,0,0,0,0,0,0,5,0,0,0,14.31855583190918,25769803776,0,17800478720,0
204,1790937491577,4,4,4,4,4,4,4,4,4,4,77.5882568359375,75.7778091430664,75.00509643554688,76.12236785888672,67.93547058105469,77.3732681274414,80.203125,5,4.761904716491699,0,0,0,0,9.523809432983398,0,0,0,14.414493560791016,25769803776,0,17800478720,0
204,1790937491782,4,4,4,4,4,4,4,4,4,4,77.5882568359375,75.7778091430664,75.00509643554688,76.12236785888672,67.93547058105469,77.3732681274414,80.203125,4.761904716491699,0,0,4.545454502105713,0,0,0,0,4.545454502105713,0,14.414493560791016,25769803776,0,17800609792,0
204,1790937491987,4,4,4,4,4,4,4,4,4,4,77.5882568359375,75.7778091430664,75.00509643554688,76.12236785888672,67.93547058105469,77.3732681274414,80.203125,0,4.761904716491699,4.761904716491699,0,0,0,9.090909004211426,0,0,0,14.414493560791016,25769803776,0,17800642560,0
204,1790937492192,4,4,4,4,4,4,4,4,4,4,77.60413360595703,75.8097152709961,74.8705062866211,76.09552764892578,67.69911193847656,77.40583038330078,80.3125,4.761904716491699,0,0,0,0,0,4.761904716491699,9.090909004211426,0,0,14.414493560791016,25769803776,0,17802477568,0
204,1790937492397,4,4,4,4,4,4,4,4,4,4,77.60413360595703,75.8097152709961,74.8705062866211,76.09552764892578,67.69911193847656,77.40583038330078,80.3125,0,0,0,0,0,0,0,0,0,0,14.414493560791016,25769803776,0,17800953856,0
204,1790937492602,4,4,4,4,4,4,4,4,4,4,77.60413360595703,75.8097152709961,74.8705062866211,76.09552764892578,67.69911193847656,77.40583038330078,80.3125,5,4.761904716491699,4.761904716491699,0,0,0,0,0,0,0,14.399211883544922,25769803776,0,17801052160,0
204,1790937492807,4,4,4,4,4,4,4,4,4,4,77.60413360595703,75.8097152709961,74.8705062866211,76.09552764892578,67.69911193847656,77.40583038330078,80.3125,4.761904716491699,0,0,0,4.761904716491699,0,4.761904716491699,4.761904716491699,0,0,14.399211883544922,25769803776,0,17800839168,0
200,1790937493012,4,4,4,4,4,4,4,4,4,4,77.60413360595703,75.8097152709961,74.8705062866211,76.09552764892578,67.69911193847656,77.40583038330078,80.3125,0,0,0,0,0,0,0,5,0,0,14.399211883544922,25769803776,0,17800839168,0
204,1790937493213,4,4,4,4,4,4,4,4,4,4,77.54757690429688,75.52393341064453,75.0660400390625,76.08989715576172,68.08866119384766,77.31415557861328,79.375,5,0,0,0,0,0,9.523809432983398,4.761904716491699,0,0,14.399211883544922,25769803776,0,17800839168,0
204,1790937493418,4,4,4,4,4,4,4,4,4,4,77.54757690429688,75.52393341064453,75.0660400390625,76.08989715576172,68.08866119384766,77.31415557861328,79.375,0,4.761904716491699,0,0,0,0,5,0,0,0,14.399211883544922,25769803776,0,17800839168,0
204,1790937493623,4,4,4,4,4,4,4,4,4,4,77.54757690429688,75.52393341064453,75.0660400390625,76.08989715576172,68.08866119384766,77.31415557861328,79.375,4.761904716491699,0,0,0,0,0,9.523809432983398,0,4.761904716491699,0,14.253177642822266,25769803776,0,17800839168,0
204,1790937493828,4,4,4,4,4,4,4,4,4,4,77.54757690429688,75.52393341064453,75.0660400390625,76.08989715576172,68.08866119384766,77.31415557861328,79.375,4.761904716491699,4.761904716491699,0,0,0,0,5,0,0,0,14.253177642822266,25769803776,0,17800396800,0
204,1790937494033,4,4,4,4,4,4,4,4,4,4,77.5702133178711,75.86819458007813,74.88642883300781,76.05636596679688,67.70474243164063,77.32051849365234,79.375,5,0,0,0,0,0,9.523809432983398,0,0,0,14.253177642822266,25769803776,0,17800429568,0
202,1790937494238,4,4,4,4,4,4,4,4,4,4,77.5702133178711,75.86819458007813,74.88642883300781,76.05636596679688,67.70474243164063,77.32051849365234,79.375,0,0,0,0,0,0,4.761904716491699,0,0,0,14.253177642822266,25769803776,0,17800495104,0
200,1790937494440,4,4,4,4,4,4,4,4,4,4,77.5702133178711,75.86819458007813,74.88642883300781,76.05636596679688,67.70474243164063,77.32051849365234,79.375,4.761904716491699,4.761904716491699,0,0,0,0,10,0,0,0,14.253177642822266,25769803776,0,17800495104,0
204,1790937494641,4,4,4,4,4,4,4,4,4,4,77.5702133178711,75.86819458007813,74.88642883300781,76.05636596679688,67.70474243164063,77.32051849365234,79.375,0,0,0,0,0,0,0,0,0,0,14.388333320617676,25769803776,0,17800495104,0
201,1790937494846,4,4,4,4,4,4,4,4,4,4,77.5702133178711,75.86819458007813,74.88642883300781,76.05636596679688,67.70474243164063,77.32051849365234,79.375,4.761904716491699,0,0,0,0,0,5,4.545454502105713,0,0,14.388333320617676,25769803776,0,17800429568,0
204,1790937495048,4,4,4,4,4,4,4,4,4,4,77.55482482910156,75.79426574707031,74.85680389404297,76.03045654296875,67.68461608886719,77.3228759765625,79.375,5,0,0,0,0,0,9.523809432983398,4.761904716491699,0,0,14.388333320617676,25769803776,0,17800380416,0
204,1790937495253,4,4,4,4,4,4,4,4,4,4,77.55482482910156,75.79426574707031,74.85680389404297,76.03045654296875,67.68461608886719,77.3228759765625,79.375,0,0,0,0,0,0,5,0,4.761904716491699,0,14.388333320617676,25769803776,0,17800396800,0
204,1790937495458,4,4,4,4,4,4,4,4,4,4,77.55482482910156,75.79426574707031,74.85680389404297,76.03045654296875,67.68461608886719,77.3228759765625,79.375,4.761904716491699,0,4.761904716491699,0,0,0,9.090909004211426,0,4.761904716491699,0,14.388333320617676,25769803776,0,17800445952,0
204,1790937495663,4,4,4,4,4,4,4,4,4,4,77.55482482910156,75.79426574707031,74.85680389404297,76.03045654296875,67.68461608886719,77.3228759765625,79.375,0,0,0,0,0,0,5,0,0,0,14.24337387084961,25769803776,0,17800445952,0
204,1790937495868,4,4,4,4,4,4,4,4,4,4,77.55482482910156,75.79426574707031,74.85680389404297,76.03045654296875,67.68461608886719,77.3228759765625,79.375,4.761904716491699,4.545454502105713,0,0,0,0,0,0,0,0,14.24337387084961,25769803776,0,17802199040,0
204,1790937496073,4,4,4,4,4,4,4,4,4,4,77.54447174072266,75.72467041015625,74.84825134277344,76.05565643310547,67.67872619628906,77.31148529052734,82.328125,0,4.761904716491699,0,0,0,0,9.090909004211426,0,0,0,14.24337387084961,25769803776,0,17800675328,0
204,1790937496278,4,4,4,4,4,4,4,4,4,4,77.54447174072266,75.72467041015625,74.84825134277344,76.05565643310547,67.67872619628906,77.31148529052734,82.328125,0,0,0,4.545454502105713,0,0,0,9.523809432983398,0,0,14.24337387084961,25769803776,0,17800675328,0
204,1790937496483,4,4,4,4,4,4,4,4,4,4,77.54447174072266,75.72467041015625,74.84825134277344,76.05565643310547,67.67872619628906,77.31148529052734,82.328125,9.090909004211426,0,0,0,0,0,5,0,0,0,14.24337387084961,25769803776,0,17800675328,0
204,1790937496688,4,4,4,4,4,4,4,4,4,4,77.54447174072266,75.72467041015625,74.84825134277344,76.05565643310547,67.67872619628906,77.31148529052734,82.328125,0,0,0,0,0,0,9.523809432983398,0,0,0,14.197617530822754,25769803776,0,17800675328,0
204,1790937496893,4,4,4,4,4,4,4,4,4,4,77.54447174072266,75.72467041015625,74.84825134277344,76.05565643310547,67.67872619628906,77.31148529052734,82.328125,5,4.761904716491699,0,4.761904716491699,0,0,0,0,0,0,14.197617530822754,25769803776,0,17800560640,0
204,1790937497098,4,4,4,4,4,4,4,4,4,4,77.5835189819336,75.73628234863281,74.9262924194336,76.04978942871094,67.82964324951172,77.34088897705078,79.375,0,0,0,0,0,0,9.523809432983398,0,4.761904716491699,0,14.197617530822754,25769803776,0,17800478720,0
204,1790937497303,4,4,4,4,4,4,4,4,4,4,77.5835189819336,75.73628234863281,74.9262924194336,76.04978942871094,67.82964324951172,77.34088897705078,79.375,4.761904716491699,0,0,0,0,0,5,4.761904716491699,0,0,14.197617530822754,25769803776,0,17800134656,0
204,1790937497508,4,4,4,4,4,4,4,4,4,4,77.5835189819336,75.73628234863281,74.9262924194336,76.04978942871094,67.82964324951172,77.34088897705078,79.375,5,0,0,0,0,0,4.761904716491699,0,0,0,14.197617530822754,25769803776,0,17800347648,0
204,1790937497713,4,4,4,4,4,4,4,4,4,4,77.5835189819336,75.73628234863281,74.9262924194336,76.04978942871094,67.82964324951172,77.34088897705078,79.375,0,0,0,0,0,0,9.523809432983398,0,0,0,14.230284690856934,25769803776,0,17800183808,0
204,1790937497918,4,4,4,4,4,4,4,4,4,4,77.5835189819336,75.73628234863281,74.9262924194336,76.04978942871094,67.82964324951172,77.34088897705078,79.375,5,0,0,0,0,0,5,0,0,0,14.230284690856934,25769803776,0,17800200192,0
204,1790937498123,4,4,4,4,4,4,4,4,4,4,77.53936004638672,75.6909408569336,74.80742645263672,76.04835510253906,67.61640167236328,77.24211120605469,83.390625,0,5,4.545454502105713,0,4.761904716491699,0,0,5,0,0,14.230284690856934,25769803776,0,17800167424,0
201,1790937498328,4,4,4,4,4,4,4,4,4,4,77.53936004638672,75.6909408569336,74.80742645263672,76.04835510253906,67.61640167236328,77.24211120605469,83.390625,0,0,0,0,0,0,9.523809432983398,4.761904716491699,0,0,14.230284690856934,25769803776,0,17800167424,0
204,1790937498530,4,4,4,4,4,4,4,4,4,4,77.53936004638672,75.6909408569336,74.80742645263672,76.04835510253906,67.61640167236328,77.24211120605469,83.390625,4.761904716491699,0,0,0,0,0,5,0,0,0,14.25100040435791,25769803776,0,17800167424,0
204,1790937498735,4,4,4,4,4,4,4,4,4,4,77.53936004638672,75.6909408569336,74.80742645263672,76.04835510253906,67.61640167236328,77.24211120605469,83.390625,0,4.761904716491699,0,0,0,4.761904716491699,4.761904716491699,0,0,0,14.25100040435791,25769803776,0,17800101888,0
204,1790937498940,4,4,4,4,4,4,4,4,4,4,77.53936004638672,75.6909408569336,74.80742645263672,76.04835510253906,67.61640167236328,77.24211120605469,83.390625,0,0,0,0,0,0,5,0,9.090909004211426,0,14.25100040435791,25769803776,0,17800052736,0
204,1790937499145,4,4,4,4,4,4,4,4,4,4,77.5837631225586,75.68281555175781,74.94007873535156,76.06629943847656,67.8565902709961,77.3721923828125,81.859375,9.523809432983398,0,0,0,0,0,5,0,0,0,14.25100040435791,25769803776,0,17799954432,0
204,1790937499350,4,4,4,4,4,4,4,4,4,4,77.5837631225586,75.68281555175781,74.94007873535156,76.06629943847656,67.8565902709961,77.3721923828125,81.859375,0,0,0,0,0,0,4.761904716491699,0,0,0,14.25100040435791,25769803776,0,17799970816,0
204,1790937499555,4,4,4,4,4,4,4,4,4,4,77.5837631225586,75.68281555175781,74.94007873535156,76.06629943847656,67.8565902709961,77.3721923828125,81.859375,4.761904716491699,4.761904716491699,0,0,0,0,9.523809432983398,4.545454502105713,0,0,14.121332168579102,25769803776,0,17799970816,0
204,1790937499760,4,4,4,4,4,4,4,4,4,4,77.5837631225586,75.68281555175781,74.94007873535156,76.06629943847656,67.8565902709961,77.3721923828125,81.859375,0,0,0,0,0,0,0,0,0,0,14.121332168579102,25769803776,0,17800216576,0
204,1790937499965,4,4,4,4,4,4,4,4,4,4,77.5837631225586,75.68281555175781,74.94007873535156,76.06629943847656,67.8565902709961,77.3721923828125,81.859375,0,0,0,0,0,0,4.761904716491699,0,0,0,14.121332168579102,25769803776,0,17799856128,0
204,1790937500170,4,4,4,4,4,4,4,4,4,4,77.55859375,75.74800109863281,74.80846405029297,76.04657745361328,67.64423370361328,77.30697631835938,79.375,4.761904716491699,0,4.545454502105713,0,0,0,5,4.761904716491699,4.761904716491699,0,14.121332168579102,25769803776,0,17799921664,0
204,1790937500375,4,4,4,4,4,4,4,4,4,4,77.55859375,75.74800109863281,74.80846405029297,76.04657745361328,67.64423370361328,77.30697631835938,79.375,0,0,0,0,0,0,5,0,0,0,14.121332168579102,25769803776,0,17799921664,0
204,1790937500580,4,4,4,4,4,4,4,4,4,4,77.55859375,75.74800109863281,74.80846405029297,76.04657745361328,67.64423370361328,77.30697631835938,79.375,9.523809432983398,4.761904716491699,0,0,4.761904716491699,0,9.523809432983398,0,0,4.761904716491699,14.18996524810791,25769803776,0,17799921664,0
204,1790937500785,4,4,4,4,4,4,4,4,4,4,77.55859375,75.74800109863281,74.80846405029297,76.04657745361328,67.64423370361328,77.30697631835938,79.375,0,4.761904716491699,0,0,0,0,4.761904716491699,0,0,0,14.18996524810791,25769803776,0,17799921664,0
203,1790937500990,4,4,4,4,4,4,4,4,4,4,77.55859375,75.74800109863281,74.80846405029297,76.04657745361328,67.64423370361328,77.30697631835938,79.375,4.761904716491699,0,0,0,0,0,9.523809432983398,0,0,0,14.18996524810791,25769803776,0,17799774208,0
204,1790937501194,4,4,4,4,4,4,4,4,4,4,77.51294708251953,75.66963195800781,74.81024932861328,76.01319122314453,67.6435317993164,77.22428131103516,79.375,0,0,0,0,0,0,0,0,0,0,14.18996524810791,25769803776,0,17799774208,0
204,1790937501399,4,4,4,4,4,4,4,4,4,4,77.51294708251953,75.66963195800781,74.81024932861328,76.01319122314453,67.6435317993164,77.22428131103516,79.375,9.090909004211426,9.523809432983398,0,0,0,0,5,4.761904716491699,0,0,14.18996524810791,25769803776,0,17799774208,0
204,1790937501604,4,4,4,4,4,4,4,4,4,4,77.51294708251953,75.66963195800781,74.81024932861328,76.01319122314453,67.6435317993164,77.22428131103516,79.375,0,0,0,0,0,0,9.523809432983398,0,0,0,14.134406089782715,25769803776,0,17799774208,0
204,1790937501809,4,4,4,4,4,4,4,4,4,4,77.51294708251953,75.66963195800781,74.81024932861328,76.01319122314453,67.6435317993164,77.22428131103516,79.375,4.761904716491699,0,0,0,0,0,4.761904716491699,0,4.545454502105713,0,14.134406089782715,25769803776,0,17799774208,0
204,1790937502014,4,4,4,4,4,4,4,4,4,4,77.51294708251953,75.66963195800781,74.81024932861328,76.01319122314453,67.6435317993164,77.22428131103516,79.375,0,0,0,0,0,0,9.523809432983398,0,0,0,14.134406089782715,25769803776,0,17799856128,0
204,1790937502219,4,4,4,4,4,4,4,4,4,4,77.54203033447266,75.79815673828125,74.84182739257813,75.98426055908203,67.65738677978516,77.28593444824219,79.375,0,0,4.761904716491699,0,0,0,5,4.761904716491699,0,0,14.134406089782715,25769803776,0,17799856128,0
204,1790937502424,4,4,4,4,4,4,4,4,4,4,77.54203033447266,75.79815673828125,74.84182739257813,75.98426055908203,67.65738677978516,77.28593444824219,79.375,0,0,0,0,0,0,5,0,0,0,14.134406089782715,25769803776,0,17799856128,0
204,1790937502629,4,4,4,4,4,4,4,4,4,4,77.54203033447266,75.79815673828125,74.84182739257813,75.98426055908203,67.65738677978516,77.28593444824219,79.375,9.090909004211426,4.545454502105713,0,4.545454502105713,0,0,4.761904716491699,0,0,0,14.189961433410645,25769803776,0,17799856128,0
204,1790937502834,4,4,4,4,4,4,4,4,4,4,77.54203033447266,75.79815673828125,74.84182739257813,75.98426055908203,67.65738677978516,77.28593444824219,79.375,0,0,0,0,0,0,9.523809432983398,0,4.761904716491699,0,14.189961433410645,25769803776,0,17799856128,0
204,1790937503039,4,4,4,4,4,4,4,4,4,4,77.50386810302734,75.73881530761719,74.80941009521484,75.980224609375,67.61310577392578,77.26447296142578,79.375,0,4.761904716491699,0,0,0,0,5,4.761904716491699,0,0,14.189961433410645,25769803776,0,17799970816,0
204,1790937503244,4,4,4,4,4,4,4,4,4,4,77.50386810302734,75.73881530761719,74.80941009521484,75.980224609375,67.61310577392578,77.26447296142578,79.375,5,0,4.545454502105713,4.761904716491699,0,0,5,0,0,0,14.189961433410645,25769803776,0,17800003584,0
204,1790937503449,4,4,4,4,4,4,4,4,4,4,77.50386810302734,75.73881530761719,74.80941009521484,75.980224609375,67.61310577392578,77.26447296142578,79.375,0,0,0,0,0,0,5,0,0,0,14.189961433410645,25769803776,0,17800003584,0
204,1790937503654,4,4,4,4,4,4,4,4,4,4,77.50386810302734,75.73881530761719,74.80941009521484,75.980224609375,67.61310577392578,77.26447296142578,79.375,9.090909004211426,0,0,0,0,0,4.545454502105713,0,0,0,14.13765811920166,25769803776,0,17801789440,0
204,1790937503859,4,4,4,4,4,4,4,4,4,4,77.50386810302734,75.73881530761719,74.80941009521484,75.980224609375,67.61310577392578,77.26447296142578,79.375,0,0,0,0,0,0,0,0,0,0,14.13765811920166,25769803776,0,17800003584,0
204,1790937504064,4,4,4,4,4,4,4,4,4,4,77.47883605957031,75.67446899414063,74.81116485595703,75.9883041381836,67.6292495727539,77.24747467041016,79.375,0,0,0,0,0,0,9.523809432983398,0,4.545454502105713,0,14.13765811920166,25769803776,0,17799643136,0
204,1790937504269,4,4,4,4,4,4,4,4,4,4,77.47883605957031,75.67446899414063,74.81116485595703,75.9883041381836,67.6292495727539,77.24747467041016,79.375,5,4.761904716491699,0,0,0,0,5,0,0,0,14.13765811920166,25769803776,0,17799643136,0
204,1790937504474,4,4,4,4,4,4,4,4,4,4,77.47883605957031,75.67446899414063,74.81116485595703,75.9883041381836,67.6292495727539,77.24747467041016,79.375,0,0,0,0,0,0,0,9.523809432983398,4.761904716491699,0,14.13765811920166,25769803776,0,17799643136,0
204,1790937504679,4,4,4,4,4,4,4,4,4,4,77.47883605957031,75.67446899414063,74.81116485595703,75.9883041381836,67.6292495727539,77.24747467041016,79.375,0,0,0,0,0,0,9.523809432983398,0,0,0,14.052735328674316,25769803776,0,17799593984,0
204,1790937504884,4,4,4,4,4,4,4,4,4,4,77.47883605957031,75.67446899414063,74.81116485595703,75.9883041381836,67.6292495727539,77.24747467041016,79.375,0,0,0,0,0,0,5,0,0,0,14.052735328674316,25769803776,0,17799610368,0
204,1790937505089,4,4,4,4,4,4,4,4,4,4,77.50262451171875,75.62349700927734,74.85124969482422,76.02493286132813,67.7232894897461,77.32130432128906,84.09375,9.523809432983398,4.761904716491699,4.761904716491699,0,0,0,9.523809432983398,0,4.545454502105713,4.761904716491699,14.052735328674316,25769803776,0,17799708672,0
204,1790937505294,4,4,4,4,4,4,4,4,4,4,77.50262451171875,75.62349700927734,74.85124969482422,76.02493286132813,67.7232894897461,77.32130432128906,84.09375,0,0,0,4.545454502105713,0,0,0,0,0,0,14.052735328674316,25769803776,0,17799774208,0
204,1790937505499,4,4,4,4,4,4,4,4,4,4,77.50262451171875,75.62349700927734,74.85124969482422,76.02493286132813,67.7232894897461,77.32130432128906,84.09375,4.761904716491699,0,0,0,0,0,9.523809432983398,0,0,0,14.052735328674316,25769803776,0,17799725056,0
204,1790937505704,4,4,4,4,4,4,4,4,4,4,77.50262451171875,75.62349700927734,74.85124969482422,76.02493286132813,67.7232894897461,77.32130432128906,84.09375,0,0,0,0,0,0,5,0,0,0,14.112579345703125,25769803776,0,17799741440,0
204,1790937505909,4,4,4,4,4,4,4,4,4,4,77.50262451171875,75.62349700927734,74.85124969482422,76.02493286132813,67.7232894897461,77.32130432128906,84.09375,5,4.761904716491699,0,0,9.090909004211426,0,4.761904716491699,0,0,0,14.112579345703125,25769803776,0,17799725056,0
203,1790937506114,4,4,4,4,4,4,4,4,4,4,77.44670867919922,75.60081481933594,74.76433563232422,75.94541931152344,67.5881576538086,77.23963928222656,79.375,4.761904716491699,4.761904716491699,0,0,0,0,0,9.523809432983398,0,0,14.112579345703125,25769803776,0,17799413760,0
204,1790937506318,4,4,4,4,4,4,4,4,4,4,77.44670867919922,75.60081481933594,74.76433563232422,75.94541931152344,67.5881576538086,77.23963928222656,79.375,0,0,0,0,0,0,9.523809432983398,0,4.761904716491699,0,14.112579345703125,25769803776,0,17799446528,0
202,1790937506523,4,4,4,4,4,4,4,4,4,4,77.44670867919922,75.60081481933594,74.76433563232422,75.94541931152344,67.5881576538086,77.23963928222656,79.375,4.761904716491699,0,0,0,0,0,5,0,0,0,14.112579345703125,25769803776,0,17799446528,0
204,1790937506725,4,4,4,4,4,4,4,4,4,4,77.44670867919922,75.60081481933594,74.76433563232422,75.94541931152344,67.5881576538086,77.23963928222656,79.375,75,5,4.761904716491699,0,0,0,0,5,0,0,14.084264755249023,25769803776,0,17799217152,0
204,1790937506930,4,4,4,4,4,4,4,4,4,4,77.44670867919922,75.60081481933594,74.76433563232422,75.94541931152344,67.5881576538086,77.23963928222656,79.375,5,0,0,0,0,0,9.523809432983398,4.761904716491699,0,0,14.084264755249023,25769803776,0,17799331840,0
204,1790937507135,4,4,4,4,4,4,4,4,4,4,77.45085906982422,75.58533477783203,75.01626586914063,75.94297790527344,68.01034545898438,77.22384643554688,79.375,4.761904716491699,0,0,0,0,0,5,0,0,0,14.084264755249023,25769803776,0,17799331840,0
204,1790937507340,4,4,4,4,4,4,4,4,4,4,77.45085906982422,75.58533477783203,75.01626586914063,75.94297790527344,68.01034545898438,77.22384643554688,79.375,0,0,0,0,0,0,0,4.761904716491699,0,0,14.084264755249023,25769803776,0,17801035776,0
204,1790937507545,4,4,4,4,4,4,4,4,4,4,77.45085906982422,75.58533477783203,75.01626586914063,75.94297790527344,68.01034545898438,77.22384643554688,79.375,0,4.761904716491699,4.761904716491699,0,0,4.761904716491699,9.523809432983398,0,0,0,14.070112228393555,25769803776,0,17801035776,0
204,1790937507750,4,4,4,4,4,4,4,4,4,4,77.45085906982422,75.58533477783203,75.01626586914063,75.94297790527344,68.01034545898438,77.22384643554688,79.375,4.761904716491699,0,0,0,0,0,0,0,0,0,14.070112228393555,25769803776,0,17801035776,0
204,1790937507955,4,4,4,4,4,4,4,4,4,4,77.45085906982422,75.58533477783203,75.01626586914063,75.94297790527344,68.01034545898438,77.22384643554688,79.375,4.761904716491699,4.761904716491699,0,0,0,0,9.523809432983398,0,0,0,14.070112228393555,25769803776,0,17801035776,0
204,1790937508160,4,4,4,4,4,4,4,4,4,4,77.44164276123047,75.70220184326172,74.77508544921875,75.95592498779297,67.59721374511719,77.19218444824219,82.796875,4.761904716491699,0,0,0,0,0,4.761904716491699,0,4.761904716491699,0,14.070112228393555,25769803776,0,17799643136,0
200,1790937508365,4,4,4,4,4,4,4,4,4,4,77.44164276123047,75.70220184326172,74.77508544921875,75.95592498779297,67.59721374511719,77.19218444824219,82.796875,0,0,4.761904716491699,0,0,0,5,0,4.761904716491699,0,14.070112228393555,25769803776,0,17799659520,0
204,1790937508566,4,4,4,4,4,4,4,4,4,4,77.44164276123047,75.70220184326172,74.77508544921875,75.95592498779297,67.59721374511719,77.19218444824219,82.796875,9.090909004211426,0,0,0,0,0,9.523809432983398,0,0,0,14.031953811645508,25769803776,0,17799675904,0
201,1790937508771,4,4,4,4,4,4,4,4,4,4,77.44164276123047,75.70220184326172,74.77508544921875,75.95592498779297,67.59721374511719,77.19218444824219,82.796875,0,0,0,0,0,0,5,4.761904716491699,0,0,14.031953811645508,25769803776,0,17799675904,0
204,1790937508973,4,4,4,4,4,4,4,4,4,4,77.44164276123047,75.70220184326172,74.77508544921875,75.95592498779297,67.59721374511719,77.19218444824219,82.796875,0,4.761904716491699,0,0,0,0,5,0,0,0,14.031953811645508,25769803776,0,17799675904,0
204,1790937509178,4,4,4,4,4,4,4,4,4,4,77.4493408203125,75.63346099853516,74.77100372314453,75.901611328125,67.5976333618164,77.18805694580078,79.140625,4.761904716491699,0,4.545454502105713,0,0,0,5,0,0,0,14.031953811645508,25769803776,0,17799839744,0
204,1790937509383,4,4,4,4,4,4,4,4,4,4,77.4493408203125,75.63346099853516,74.77100372314453,75.901611328125,67.5976333618164,77.18805694580078,79.140625,5,4.761904716491699,0,5,0,0,9.523809432983398,4.545454502105713,0,0,14.031953811645508,25769803776,0,17799888896,0
204,1790937509588,4,4,4,4,4,4,4,4,4,4,77.4493408203125,75.63346099853516,74.77100372314453,75.901611328125,67.5976333618164,77.18805694580078,79.140625,0,0,0,0,0,0,5,0,0,0,14.077797889709473,25769803776,0,17799888896,0
204,1790937509793,4,4,4,4,4,4,4,4,4,4,77.4493408203125,75.63346099853516,74.77100372314453,75.901611328125,67.5976333618164,77.18805694580078,79.140625,4.761904716491699,0,0,0,0,0,9.523809432983398,0,0,0,14.077797889709473,25769803776,0,17799888896,0
202,1790937509998,4,4,4,4,4,4,4,4,4,4,77.4493408203125,75.63346099853516,74.77100372314453,75.901611328125,67.5976333618164,77.18805694580078,79.140625,4.761904716491699,4.761904716491699,0,0,0,0,4.761904716491699,0,0,0,14.077797889709473,25769803776,0,17799954432,0
204,1790937510201,4,4,4,4,4,4,4,4,4,4,77.43939971923828,75.7381820678711,74.77628326416016,75.8789291381836,67.59193420410156,77.15923309326172,79.375,0,0,0,0,0,0,5,0,4.761904716491699,0,14.077797889709473,25769803776,0,17799954432,0
204,1790937510406,4,4,4,4,4,4,4,4,4,4,77.43939971923828,75.7381820678711,74.77628326416016,75.8789291381836,67.59193420410156,77.15923309326172,79.375,5,0,0,4.761904716491699,0,0,9.523809432983398,4.545454502105713,0,0,14.077797889709473,25769803776,0,17799938048,0
204,1790937510611,4,4,4,4,4,4,4,4,4,4,77.43939971923828,75.7381820678711,74.77628326416016,75.8789291381836,67.59193420410156,77.15923309326172,79.375,0,0,0,0,0,0,5,0,0,0,13.977514266967773,25769803776,0,17799888896,0
204,1790937510816,4,4,4,4,4,4,4,4,4,4,77.43939971923828,75.7381820678711,74.77628326416016,75.8789291381836,67.59193420410156,77.15923309326172,79.375,4.761904716491699,4.761904716491699,0,0,0,0,5,0,0,0,13.977514266967773,25769803776,0,17799888896,0
204,1790937511021,4,4,4,4,4,4,4,4,4,4,77.43939971923828,75.7381820678711,74.77628326416016,75.8789291381836,67.59193420410156,77.15923309326172,79.375,0,0,0,0,0,0,4.761904716491699,0,0,0,13.977514266967773,25769803776,0,17801707520,0
204,1790937511226,4,4,4,4,4,4,4,4,4,4,77.45106506347656,75.5959243774414,74.71631622314453,75.9052505493164,67.54525756835938,77.17826080322266,79.140625,4.761904716491699,0,0,0,0,0,0,0,0,0,13.977514266967773,25769803776,0,17799872512,0
204,1790937511431,4,4,4,4,4,4,4,4,4,4,77.45106506347656,75.5959243774414,74.71631622314453,75.9052505493164,67.54525756835938,77.17826080322266,79.140625,4.761904716491699,4.761904716491699,4.761904716491699,0,0,0,9.090909004211426,0,0,0,13.977514266967773,25769803776,0,17799872512,0
204,1790937511636,4,4,4,4,4,4,4,4,4,4,77.45106506347656,75.5959243774414,74.71631622314453,75.9052505493164,67.54525756835938,77.17826080322266,79.140625,0,0,0,0,0,4.761904716491699,5,4.545454502105713,0,0,14.046107292175293,25769803776,0,17799888896,0
204,1790937511841,4,4,4,4,4,4,4,4,4,4,77.45106506347656,75.5959243774414,74.71631622314453,75.9052505493164,67.54525756835938,77.17826080322266,79.140625,4.761904716491699,0,0,0,0,0,9.523809432983398,0,0,0,14.046107292175293,25769803776,0,17799888896,0
204,1790937512046,4,4,4,4,4,4,4,4,4,4,77.45248413085938,75.68364715576172,74.7320785522461,75.91976928710938,67.54913330078125,77.1704330444336,80.4375,4.761904716491699,0,0,4.545454502105713,0,0,5,0,4.545454502105713,0,14.046107292175293,25769803776,0,17799888896,0
204,1790937512251,4,4,4,4,4,4,4,4,4,4,77.45248413085938,75.68364715576172,74.7320785522461,75.91976928710938,67.54913330078125,77.1704330444336,80.4375,19.047618865966797,28.571430206298828,14.285715103149414,10,9.523809432983398,5,5,4.761904716491699,0,0,14.046107292175293,25769803776,0,17800626176,0
204,1790937512456,4,4,4,4,4,4,4,4,4,4,77.45248413085938,75.68364715576172,74.7320785522461,75.91976928710938,67.54913330078125,77.1704330444336,80.4375,0,0,0,0,0,4.545454502105713,4.761904716491699,0,0,0,14.046107292175293,25769803776,0,17800626176,0
204,1790937512661,4,4,4,4,4,4,4,4,4,4,77.45248413085938,75.68364715576172,74.7320785522461,75.91976928710938,67.54913330078125,77.1704330444336,80.4375,4.761904716491699,5,0,0,0,0,4.761904716491699,4.761904716491699,0,0,14.082106590270996,25769803776,0,17800626176,0
202,1790937512866,4,4,4,4,4,4,4,4,4,4,77.45248413085938,75.68364715576172,74.7320785522461,75.91976928710938,67.54913330078125,77.1704330444336,80.4375,0,0,0,0,0,0,5,4.761904716491699,0,0,14.082106590270996,25769803776,0,17800626176,0
204,1790937513068,4,4,4,4,4,4,4,4,4,4,77.43133544921875,75.61734771728516,74.87604522705078,75.88927459716797,67.798583984375,77.16056060791016,79.375,0,9.523809432983398,4.761904716491699,0,0,0,5,0,0,0,14.082106590270996,25769803776,0,17800626176,0
204,1790937513273,4,4,4,4,4,4,4,4,4,4,77.43133544921875,75.61734771728516,74.87604522705078,75.88927459716797,67.798583984375,77.16056060791016,79.375,14.285715103149414,0,0,0,4.545454502105713,0,5,0,0,0,14.082106590270996,25769803776,0,17800658944,0
204,1790937513479,4,4,4,4,4,4,4,4,4,4,77.43133544921875,75.61734771728516,74.87604522705078,75.88927459716797,67.798583984375,77.16056060791016,79.375,0,0,0,0,0,0,0,5,0,0,14.082106590270996,25769803776,0,17800626176,0
204,1790937513683,4,4,4,4,4,4,4,4,4,4,77.43133544921875,75.61734771728516,74.87604522705078,75.88927459716797,67.798583984375,77.16056060791016,79.375,0,0,0,0,0,0,9.090909004211426,0,0,0,14.0058012008667,25769803776,0,17800626176,0
204,1790937513888,4,4,4,4,4,4,4,4,4,4,77.43133544921875,75.61734771728516,74.87604522705078,75.88927459716797,67.798583984375,77.16056060791016,79.375,9.523809432983398,9.523809432983398,0,0,0,0,5,0,8.69565200805664,0,14.0058012008667,25769803776,0,17800609792,0
204,1790937514093,4,4,4,4,4,4,4,4,4,4,77.40473937988281,75.471435546875,74.79376983642578,75.88349151611328,67.71607971191406,77.13555908203125,79.375,4.761904716491699,0,0,0,0,0,5,0,0,0,14.0058012008667,25769803776,0,17800609792,0
204,1790937514298,4,4,4,4,4,4,4,4,4,4,77.40473937988281,75.471435546875,74.79376983642578,75.88349151611328,67.71607971191406,77.13555908203125,79.375,0,0,0,28.571430206298828,0,0,9.523809432983398,4.761904716491699,0,0,14.0058012008667,25769803776,0,17801101312,0
204,1790937514503,4,4,4,4,4,4,4,4,4,4,77.40473937988281,75.471435546875,74.79376983642578,75.88349151611328,67.71607971191406,77.13555908203125,79.375,40,20,0,4.761904716491699,0,0,10,9.090909004211426,4.761904716491699,0,14.0058012008667,25769803776,0,17800577024,0
204,1790937514708,4,4,4,4,4,4,4,4,4,4,77.40473937988281,75.471435546875,74.79376983642578,75.88349151611328,67.71607971191406,77.13555908203125,79.375,9.523809432983398,0,0,0,0,0,30.000001907348633,21.052631378173828,5,4.761904716491699,13.875033378601074,25769803776,0,17806868480,0
204,1790937514913,4,4,4,4,4,4,4,4,4,4,77.40473937988281,75.471435546875,74.79376983642578,75.88349151611328,67.71607971191406,77.13555908203125,79.375,35,10,4.761904716491699,0,0,0,14.285715103149414,5,0,0,13.875033378601074,25769803776,0,17824088064,0
204,1790937515118,4,4,4,4,4,4,4,4,4,4,78.05491638183594,78.02442932128906,76.98326110839844,76.43299865722656,70.18204498291016,78.30990600585938,83.15625,20,80,4.761904716491699,4.545454502105713,0,0,5,4.545454502105713,0,0,13.875033378601074,25769803776,0,17824137216,0
204,1790937515323,4,4,4,4,4,4,4,4,4,4,78.05491638183594,78.02442932128906,76.98326110839844,76.43299865722656,70.18204498291016,78.30990600585938,83.15625,70,38.095237731933594,0,0,0,0,4.761904716491699,0,4.761904716491699,0,13.875033378601074,25769803776,0,17824202752,0
202,1790937515528,4,4,4,4,4,4,4,4,4,4,78.05491638183594,78.02442932128906,76.98326110839844,76.43299865722656,70.18204498291016,78.30990600585938,83.15625,71.42857360839844,9.523809432983398,4.761904716491699,0,0,0,9.523809432983398,0,0,0,14.594705581665039,25769803776,0,17823055872,0
204,1790937515730,4,4,4,4,4,4,4,4,4,4,78.05491638183594,78.02442932128906,76.98326110839844,76.43299865722656,70.18204498291016,78.30990600585938,83.15625,5,4.761904716491699,0,0,4.761904716491699,0,5,0,0,0,14.594705581665039,25769803776,0,17823039488,0
204,1790937515935,4,4,4,4,4,4,4,4,4,4,78.05491638183594,78.02442932128906,76.98326110839844,76.43299865722656,70.18204498291016,78.30990600585938,83.15625,4.761904716491699,0,0,0,0,0,5,0,0,0,14.594705581665039,25769803776,0,17823039488,0
204,1790937516140,4,4,4,4,4,4,4,4,4,4,77.5097885131836,75.93505859375,75.00972747802734,76.02857208251953,67.8475112915039,77.34965515136719,79.5,0,0,0,0,0,0,5,0,0,0,14.594705581665039,25769803776,0,17822990336,0
204,1790937516345,4,4,4,4,4,4,4,4,4,4,77.5097885131836,75.93505859375,75.00972747802734,76.02857208251953,67.8475112915039,77.34965515136719,79.5,4.761904716491699,0,0,0,0,0,4.761904716491699,4.761904716491699,4.761904716491699,0,14.594705581665039,25769803776,0,17822990336,0
200,1790937516550,4,4,4,4,4,4,4,4,4,4,77.5097885131836,75.93505859375,75.00972747802734,76.02857208251953,67.8475112915039,77.34965515136719,79.5,0,0,0,0,0,0,9.523809432983398,0,4.761904716491699,0,13.635480880737305,25769803776,0,17823088640,0
204,1790937516751,4,4,4,4,4,4,4,4,4,4,77.5097885131836,75.93505859375,75.00972747802734,76.02857208251953,67.8475112915039,77.34965515136719,79.5,4.761904716491699,0,0,0,0,0,5,4.761904716491699,0,0,13.635480880737305,25769803776,0,17823088640,0
204,1790937516956,4,4,4,4,4,4,4,4,4,4,77.5097885131836,75.93505859375,75.00972747802734,76.02857208251953,67.8475112915039,77.34965515136719,79.5,0,0,0,0,0,0,5,0,0,0,13.635480880737305,25769803776,0,17823088640,0
204,1790937517161,4,4,4,4,4,4,4,4,4,4,77.44784545898438,75.67356872558594,74.82078552246094,75.95304870605469,67.6454086303711,77.23493957519531,79.375,0,0,0,0,0,0,4.761904716491699,0,0,0,13.635480880737305,25769803776,0,17823088640,0
204,1790937517366,4,4,4,4,4,4,4,4,4,4,77.44784545898438,75.67356872558594,74.82078552246094,75.95304870605469,67.6454086303711,77.23493957519531,79.375,5,4.545454502105713,0,0,0,0,5,4.761904716491699,0,0,13.635480880737305,25769803776,0,17822187520,0
204,1790937517571,4,4,4,4,4,4,4,4,4,4,77.44784545898438,75.67356872558594,74.82078552246094,75.95304870605469,67.6454086303711,77.23493957519531,79.375,0,0,0,0,0,0,9.523809432983398,4.545454502105713,0,0,13.980714797973633,25769803776,0,17822547968,0
204,1790937517776,4,4,4,4,4,4,4,4,4,4,77.44784545898438,75.67356872558594,74.82078552246094,75.95304870605469,67.6454086303711,77.23493957519531,79.375,9.090909004211426,5,0,0,0,0,0,0,0,0,13.980714797973633,25769803776,0,17822613504,0
204,1790937517981,4,4,4,4,4,4,4,4,4,4,77.44784545898438,75.67356872558594,74.82078552246094,75.95304870605469,67.6454086303711,77.23493957519531,79.375,0,0,0,0,0,0,5,0,0,0,13.980714797973633,25769803776,0,17822613504,0
204,1790937518186,4,4,4,4,4,4,4,4,4,4,77.3646240234375,75.59901428222656,74.84297943115234,75.84332275390625,67.76133728027344,77.07401275634766,79.375,5.263157844543457,5,4.761904716491699,0,0,4.761904716491699,9.523809432983398,0,4.761904716491699,0,13.980714797973633,25769803776,0,17822613504,0
200,1790937518391,4,4,4,4,4,4,4,4,4,4,77.3646240234375,75.59901428222656,74.84297943115234,75.84332275390625,67.76133728027344,77.07401275634766,79.375,0,0,0,0,0,0,4.761904716491699,0,0,0,13.980714797973633,25769803776,0,17824710656,0
200,1790937518592,4,4,4,4,4,4,4,4,4,4,77.3646240234375,75.59901428222656,74.84297943115234,75.84332275390625,67.76133728027344,77.07401275634766,79.375,5,0,4.761904716491699,4.545454502105713,0,0,0,0,0,0,13.62136173248291,25769803776,0,17822531584,0
200,1790937518792,4,4,4,4,4,4,4,4,4,4,77.3646240234375,75.59901428222656,74.84297943115234,75.84332275390625,67.76133728027344,77.07401275634766,79.375,0,0,0,0,0,0,9.523809432983398,0,0,0,13.62136173248291,25769803776,0,17822531584,0
204,1790937518993,4,4,4,4,4,4,4,4,4,4,77.3646240234375,75.59901428222656,74.84297943115234,75.84332275390625,67.76133728027344,77.07401275634766,79.375,0,0,0,0,0,0,5,4.761904716491699,0,0,13.62136173248291,25769803776,0,17822531584,0
204,1790937519198,4,4,4,4,4,4,4,4,4,4,77.35196685791016,75.49127960205078,74.63088989257813,75.7748031616211,67.51974487304688,77.04438781738281,79.140625,4.761904716491699,9.090909004211426,0,0,0,0,9.523809432983398,0,0,0,13.62136173248291,25769803776,0,17822531584,0
204,1790937519403,4,4,4,4,4,4,4,4,4,4,77.35196685791016,75.49127960205078,74.63088989257813,75.7748031616211,67.51974487304688,77.04438781738281,79.140625,4.761904716491699,0,0,0,0,0,5,0,0,0,13.62136173248291,25769803776,0,17822711808,0
204,1790937519608,4,4,4,4,4,4,4,4,4,4,77.35196685791016,75.49127960205078,74.63088989257813,75.7748031616211,67.51974487304688,77.04438781738281,79.140625,4.761904716491699,0,0,0,0,0,9.523809432983398,0,0,0,13.690906524658203,25769803776,0,17822662656,0
204,1790937519813,4,4,4,4,4,4,4,4,4,4,77.35196685791016,75.49127960205078,74.63088989257813,75.7748031616211,67.51974487304688,77.04438781738281,79.140625,0,0,0,0,0,0,0,4.761904716491699,0,0,13.690906524658203,25769803776,0,17822695424,0
204,1790937520018,4,4,4,4,4,4,4,4,4,4,77.35196685791016,75.49127960205078,74.63088989257813,75.7748031616211,67.51974487304688,77.04438781738281,79.140625,0,0,0,0,0,0,4.761904716491699,4.761904716491699,0,0,13.690906524658203,25769803776,0,17822695424,0
204,1790937520223,4,4,4,4,4,4,4,4,4,4,77.34626007080078,75.53411865234375,74.72402954101563,75.7652359008789,67.6517562866211,77.0363540649414,79.140625,4.761904716491699,0,0,0,4.761904716491699,0,0,5,4.761904716491699,0,13.690906524658203,25769803776,0,17822613504,0
204,1790937520428,4,4,4,4,4,4,4,4,4,4,77.34626007080078,75.53411865234375,74.72402954101563,75.7652359008789,67.6517562866211,77.0363540649414,79.140625,30.000001907348633,10,4.761904716491699,0,0,0,0,9.523809432983398,0,0,13.690906524658203,25769803776,0,17825906688,0
200,1790937520633,4,4,4,4,4,4,4,4,4,4,77.34626007080078,75.53411865234375,74.72402954101563,75.7652359008789,67.6517562866211,77.0363540649414,79.140625,30.000001907348633,15.000000953674316,0,0,0,0,5,10,0,0,13.725937843322754,25769803776,0,17826971648,0
204,1790937520834,4,4,4,4,4,4,4,4,4,4,77.34626007080078,75.53411865234375,74.72402954101563,75.7652359008789,67.6517562866211,77.0363540649414,79.140625,0,4.761904716491699,0,0,0,0,0,9.523809432983398,0,0,13.725937843322754,25769803776,0,17826971648,0
204,1790937521039,4,4,4,4,4,4,4,4,4,4,77.37321472167969,75.22371673583984,75.22222137451172,75.7967529296875,68.49179077148438,77.07691955566406,81.140625,4.761904716491699,0,0,0,0,0,9.090909004211426,0,0,0,13.725937843322754,25769803776,0,17826971648,0
204,1790937521244,4,4,4,4,4,4,4,4,4,4,77.37321472167969,75.22371673583984,75.22222137451172,75.7967529296875,68.49179077148438,77.07691955566406,81.140625,5,0,0,4.761904716491699,0,0,0,5,0,0,13.725937843322754,25769803776,0,17827151872,0
204,1790937521449,4,4,4,4,4,4,4,4,4,4,77.37321472167969,75.22371673583984,75.22222137451172,75.7967529296875,68.49179077148438,77.07691955566406,81.140625,4.761904716491699,0,4.761904716491699,0,0,0,0,9.523809432983398,4.761904716491699,0,13.725937843322754,25769803776,0,17827151872,0
204,1790937521654,4,4,4,4,4,4,4,4,4,4,77.37321472167969,75.22371673583984,75.22222137451172,75.7967529296875,68.49179077148438,77.07691955566406,81.140625,0,0,0,0,0,0,0,5,4.545454502105713,0,13.701886177062988,25769803776,0,17827184640,0
204,1790937521859,4,4,4,4,4,4,4,4,4,4,77.37321472167969,75.22371673583984,75.22222137451172,75.7967529296875,68.49179077148438,77.07691955566406,81.140625,10,9.523809432983398,4.761904716491699,0,0,4.545454502105713,0,9.090909004211426,0,0,13.701886177062988,25769803776,0,17827561472,0
204,1790937522064,4,4,4,4,4,4,4,4,4,4,77.32978057861328,75.05198669433594,74.95574188232422,75.76853942871094,68.18534088134766,76.98326110839844,79.140625,0,4.761904716491699,0,0,0,0,0,0,0,0,13.701886177062988,25769803776,0,17830346752,0
204,1790937522269,4,4,4,4,4,4,4,4,4,4,77.32978057861328,75.05198669433594,74.95574188232422,75.76853942871094,68.18534088134766,76.98326110839844,79.140625,4.761904716491699,0,0,0,0,0,0,5,0,0,13.701886177062988,25769803776,0,17827561472,0
204,1790937522474,4,4,4,4,4,4,4,4,4,4,77.32978057861328,75.05198669433594,74.95574188232422,75.76853942871094,68.18534088134766,76.98326110839844,79.140625,0,0,0,0,4.761904716491699,0,0,9.523809432983398,0,0,13.701886177062988,25769803776,0,17827905536,0
204,1790937522679,4,4,4,4,4,4,4,4,4,4,77.32978057861328,75.05198669433594,74.95574188232422,75.76853942871094,68.18534088134766,76.98326110839844,79.140625,0,0,0,0,0,0,0,0,0,0,13.66684627532959,25769803776,0,17827905536,0
204,1790937522884,4,4,4,4,4,4,4,4,4,4,77.32978057861328,75.05198669433594,74.95574188232422,75.76853942871094,68.18534088134766,76.98326110839844,79.140625,4.761904716491699,0,0,0,0,0,0,9.523809432983398,4.761904716491699,0,13.66684627532959,25769803776,0,17827905536,0
204,1790937523089,4,4,4,4,4,4,4,4,4,4,77.30854797363281,75.07637023925781,74.99992370605469,75.7587661743164,68.29720306396484,76.96250915527344,79.140625,0,0,0,0,0,0,4.761904716491699,5,0,0,13.66684627532959,25769803776,0,17827905536,0
204,1790937523294,4,4,4,4,4,4,4,4,4,4,77.30854797363281,75.07637023925781,74.99992370605469,75.7587661743164,68.29720306396484,76.96250915527344,79.140625,0,4.761904716491699,0,0,0,0,0,4.761904716491699,0,0,13.66684627532959,25769803776,0,17825153024,0
204,1790937523499,4,4,4,4,4,4,4,4,4,4,77.30854797363281,75.07637023925781,74.99992370605469,75.7587661743164,68.29720306396484,76.96250915527344,79.140625,5,0,0,4.761904716491699,0,0,0,9.523809432983398,0,0,13.66684627532959,25769803776,0,17811095552,0
204,1790937523704,4,4,4,4,4,4,4,4,4,4,77.30854797363281,75.07637023925781,74.99992370605469,75.7587661743164,68.29720306396484,76.96250915527344,79.140625,4.761904716491699,4.761904716491699,0,0,0,0,0,0,0,0,13.597294807434082,25769803776,0,17811095552,0
204,1790937523909,4,4,4,4,4,4,4,4,4,4,77.30854797363281,75.07637023925781,74.99992370605469,75.7587661743164,68.29720306396484,76.96250915527344,79.140625,4.761904716491699,4.761904716491699,0,0,0,0,0,9.090909004211426,4.761904716491699,0,13.597294807434082,25769803776,0,17811095552,0
204,1790937524114,4,4,4,4,4,4,4,4,4,4,77.30839538574219,74.97792053222656,74.82274627685547,75.70645141601563,68.06024169921875,76.98967742919922,79.140625,0,0,0,0,0,0,4.545454502105713,5,0,0,13.597294807434082,25769803776,0,17811095552,0
204,1790937524319,4,4,4,4,4,4,4,4,4,4,77.30839538574219,74.97792053222656,74.82274627685547,75.70645141601563,68.06024169921875,76.98967742919922,79.140625,0,0,0,0,0,0,0,5,0,0,13.597294807434082,25769803776,0,17811095552,0
204,1790937524524,4,4,4,4,4,4,4,4,4,4,77.30839538574219,74.97792053222656,74.82274627685547,75.70645141601563,68.06024169921875,76.98967742919922,79.140625,4.761904716491699,0,0,0,0,0,0,4.761904716491699,0,0,13.597294807434082,25769803776,0,17811062784,0
204,1790937524729,4,4,4,4,4,4,4,4,4,4,77.30839538574219,74.97792053222656,74.82274627685547,75.70645141601563,68.06024169921875,76.98967742919922,79.140625,0,0,0,0,0,0,4.545454502105713,5,0,0,13.627618789672852,25769803776,0,17811062784,0
204,1790937524934,4,4,4,4,4,4,4,4,4,4,77.30839538574219,74.97792053222656,74.82274627685547,75.70645141601563,68.06024169921875,76.98967742919922,79.140625,4.761904716491699,0,0,0,0,0,0,9.523809432983398,4.761904716491699,0,13.627618789672852,25769803776,0,17810997248,0
200,1790937525139,4,4,4,4,4,4,4,4,4,4,77.30001831054688,75.00324249267578,74.93462371826172,75.69356536865234,68.23960876464844,76.93894958496094,82.09375,0,0,4.761904716491699,0,0,0,0,5,0,0,13.627618789672852,25769803776,0,17811013632,0
204,1790937525340,4,4,4,4,4,4,4,4,4,4,77.30001831054688,75.00324249267578,74.93462371826172,75.69356536865234,68.23960876464844,76.93894958496094,82.09375,9.523809432983398,0,0,0,0,0,0,5,4.761904716491699,0,13.627618789672852,25769803776,0,17811013632,0
202,1790937525545,4,4,4,4,4,4,4,4,4,4,77.30001831054688,75.00324249267578,74.93462371826172,75.69356536865234,68.23960876464844,76.93894958496094,82.09375,0,0,0,0,0,0,0,5,0,0,13.636520385742188,25769803776,0,17812979712,0
204,1790937525747,4,4,4,4,4,4,4,4,4,4,77.30001831054688,75.00324249267578,74.93462371826172,75.69356536865234,68.23960876464844,76.93894958496094,82.09375,0,9.523809432983398,0,0,0,0,0,4.761904716491699,0,0,13.636520385742188,25769803776,0,17810915328,0
204,1790937525952,4,4,4,4,4,4,4,4,4,4,77.30001831054688,75.00324249267578,74.93462371826172,75.69356536865234,68.23960876464844,76.93894958496094,82.09375,4.761904716491699,0,4.545454502105713,0,0,0,0,0,0,0,13.636520385742188,25769803776,0,17810915328,0
204,1790937526157,4,4,4,4,4,4,4,4,4,4,77.23445892333984,74.99601745605469,74.92466735839844,75.56537628173828,68.2431640625,76.86581420898438,79.140625,0,0,0,0,4.545454502105713,0,4.545454502105713,9.523809432983398,0,0,13.636520385742188,25769803776,0,17810915328,0
204,1790937526362,4,4,4,4,4,4,4,4,4,4,77.23445892333984,74.99601745605469,74.92466735839844,75.56537628173828,68.2431640625,76.86581420898438,79.140625,4.761904716491699,0,0,0,0,0,0,5,0,0,13.636520385742188,25769803776,0,17810915328,0
204,1790937526567,4,4,4,4,4,4,4,4,4,4,77.23445892333984,74.99601745605469,74.92466735839844,75.56537628173828,68.2431640625,76.86581420898438,79.140625,0,4.545454502105713,0,0,0,0,0,9.523809432983398,4.761904716491699,0,13.572183609008789,25769803776,0,17810243584,0
204,1790937526772,4,4,4,4,4,4,4,4,4,4,77.23445892333984,74.99601745605469,74.92466735839844,75.56537628173828,68.2431640625,76.86581420898438,79.140625,0,0,0,0,0,0,0,5,0,0,13.572183609008789,25769803776,0,17810243584,0
204,1790937526977,4,4,4,4,4,4,4,4,4,4,77.23445892333984,74.99601745605469,74.92466735839844,75.56537628173828,68.2431640625,76.86581420898438,79.140625,9.523809432983398,5,0,0,0,0,4.761904716491699,9.523809432983398,0,0,13.572183609008789,25769803776,0,17809932288,0
204,1790937527182,4,4,4,4,4,4,4,4,4,4,77.25701141357422,75.06449127197266,74.86837768554688,75.57827758789063,68.14007568359375,76.8996353149414,79.375,14.285715103149414,9.523809432983398,4.761904716491699,4.761904716491699,0,0,5,9.523809432983398,0,4.545454502105713,13.572183609008789,25769803776,0,17827577856,0
204,1790937527387,4,4,4,4,4,4,4,4,4,4,77.25701141357422,75.06449127197266,74.86837768554688,75.57827758789063,68.14007568359375,76.8996353149414,79.375,9.523809432983398,0,0,0,0,0,0,5,4.761904716491699,0,13.572183609008789,25769803776,0,17827627008,0
204,1790937527592,4,4,4,4,4,4,4,4,4,4,77.25701141357422,75.06449127197266,74.86837768554688,75.57827758789063,68.14007568359375,76.8996353149414,79.375,0,9.090909004211426,0,0,0,0,4.761904716491699,5,0,0,13.66475772857666,25769803776,0,17827938304,0
200,1790937527797,4,4,4,4,4,4,4,4,4,4,77.25701141357422,75.06449127197266,74.86837768554688,75.57827758789063,68.14007568359375,76.8996353149414,79.375,9.523809432983398,0,9.090909004211426,4.761904716491699,0,0,0,5,0,0,13.66475772857666,25769803776,0,17827708928,0
204,1790937527997,4,4,4,4,4,4,4,4,4,4,77.25701141357422,75.06449127197266,74.86837768554688,75.57827758789063,68.14007568359375,76.8996353149414,79.375,5,0,0,0,0,0,0,9.523809432983398,0,0,13.66475772857666,25769803776,0,17827692544,0
204,1790937528202,4,4,4,4,4,4,4,4,4,4,77.19329071044922,75.04703521728516,75.00231170654297,75.47144317626953,68.3006820678711,76.82112121582031,79.140625,5,4.761904716491699,0,0,0,0,0,4.761904716491699,0,0,13.66475772857666,25769803776,0,17827840000,0
204,1790937528407,4,4,4,4,4,4,4,4,4,4,77.19329071044922,75.04703521728516,75.00231170654297,75.47144317626953,68.3006820678711,76.82112121582031,79.140625,4.761904716491699,0,4.761904716491699,0,4.761904716491699,0,4.761904716491699,9.523809432983398,4.545454502105713,0,13.66475772857666,25769803776,0,17827840000,0
204,1790937528612,4,4,4,4,4,4,4,4,4,4,77.19329071044922,75.04703521728516,75.00231170654297,75.47144317626953,68.3006820678711,76.82112121582031,79.140625,30.000001907348633,10,0,0,0,0,0,0,0,0,13.379141807556152,25769803776,0,17834606592,0
204,1790937528818,4,4,4,4,4,4,4,4,4,4,77.19329071044922,75.04703521728516,75.00231170654297,75.47144317626953,68.3006820678711,76.82112121582031,79.140625,0,0,0,0,0,0,0,9.523809432983398,0,0,13.379141807556152,25769803776,0,17834491904,0
204,1790937529023,4,4,4,4,4,4,4,4,4,4,77.19329071044922,74.94802856445313,74.91120910644531,75.47144317626953,68.25740814208984,76.82112121582031,79.140625,0,4.761904716491699,0,0,0,0,0,5,0,0,13.379141807556152,25769803776,0,17834491904,0
204,1790937529228,4,4,4,4,4,4,4,4,4,4,77.25137329101563,74.94802856445313,74.91120910644531,75.57978057861328,68.25740814208984,76.87882995605469,79.140625,4.761904716491699,0,0,0,0,0,0,9.523809432983398,0,0,13.379141807556152,25769803776,0,17834491904,0
204,1790937529433,4,4,4,4,4,4,4,4,4,4,77.25137329101563,74.94802856445313,74.91120910644531,75.57978057861328,68.25740814208984,76.87882995605469,79.140625,0,0,4.761904716491699,0,0,0,0,0,4.761904716491699,0,13.379141807556152,25769803776,0,17834491904,0
204,1790937529638,4,4,4,4,4,4,4,4,4,4,77.25137329101563,74.94802856445313,74.91120910644531,75.57978057861328,68.25740814208984,76.87882995605469,79.140625,0,0,0,0,0,0,5,0,0,0,13.864418983459473,25769803776,0,17819467776,0
204,1790937529843,4,4,4,4,4,4,4,4,4,4,77.25137329101563,74.94802856445313,74.91120910644531,75.57978057861328,68.25740814208984,76.87882995605469,79.140625,4.761904716491699,0,0,0,0,0,0,4.761904716491699,0,0,13.864418983459473,25769803776,0,17819566080,0
204,1790937530048,4,4,4,4,4,4,4,4,4,4,77.2281265258789,75.02556610107422,74.70406341552734,75.51750946044922,67.89979553222656,76.85102844238281,79.140625,0,0,0,0,0,0,0,9.523809432983398,0,0,13.864418983459473,25769803776,0,17819566080,0
204,1790937530253,4,4,4,4,4,4,4,4,4,4,77.2281265258789,75.02556610107422,74.70406341552734,75.51750946044922,67.89979553222656,76.85102844238281,79.140625,4.761904716491699,0,0,0,0,0,0,5,4.545454502105713,0,13.864418983459473,25769803776,0,17819566080,0
204,1790937530458,4,4,4,4,4,4,4,4,4,4,77.2281265258789,75.02556610107422,74.70406341552734,75.51750946044922,67.89979553222656,76.85102844238281,79.140625,5,0,4.761904716491699,0,4.545454502105713,0,9.523809432983398,0,0,0,13.864418983459473,25769803776,0,17819566080,0
204,1790937530663,4,4,4,4,4,4,4,4,4,4,77.2281265258789,75.02556610107422,74.70406341552734,75.51750946044922,67.89979553222656,76.85102844238281,79.140625,4.761904716491699,4.761904716491699,0,0,0,0,0,9.523809432983398,0,0,13.664758682250977,25769803776,0,17819598848,0
204,1790937530868,4,4,4,4,4,4,4,4,4,4,77.2281265258789,75.02556610107422,74.70406341552734,75.51750946044922,67.89979553222656,76.85102844238281,79.140625,0,0,0,0,0,0,4.545454502105713,5,0,0,13.664758682250977,25769803776,0,17819598848,0
204,1790937531073,4,4,4,4,4,4,4,4,4,4,77.17411804199219,75.11300659179688,74.70447540283203,75.42034149169922,67.88248443603516,76.7796630859375,79.140625,0,0,0,0,0,0,0,0,0,0,13.664758682250977,25769803776,0,17819549696,0
201,1790937531278,4,4,4,4,4,4,4,4,4,4,77.17411804199219,75.11300659179688,74.70447540283203,75.42034149169922,67.88248443603516,76.7796630859375,79.140625,4.761904716491699,0,0,0,0,0,4.761904716491699,9.523809432983398,0,0,13.664758682250977,25769803776,0,17819566080,0
204,1790937531480,4,4,4,4,4,4,4,4,4,4,77.17411804199219,75.11300659179688,74.70447540283203,75.42034149169922,67.88248443603516,76.7796630859375,79.140625,0,0,0,0,0,0,4.761904716491699,5,0,0,13.664758682250977,25769803776,0,17819566080,0
202,1790937531685,4,4,4,4,4,4,4,4,4,4,77.17411804199219,75.11300659179688,74.70447540283203,75.42034149169922,67.88248443603516,76.7796630859375,79.140625,0,0,0,0,0,0,0,5,0,0,13.596257209777832,25769803776,0,17819566080,0
204,1790937531887,4,4,4,4,4,4,4,4,4,4,77.17411804199219,75.11300659179688,74.70447540283203,75.42034149169922,67.88248443603516,76.7796630859375,79.140625,5,4.761904716491699,0,0,0,0,0,9.523809432983398,0,0,13.596257209777832,25769803776,0,17819566080,0
204,1790937532092,4,4,4,4,4,4,4,4,4,4,77.14954376220703,74.87664794921875,74.6899185180664,75.40409851074219,67.96112823486328,76.74930572509766,79.140625,0,4.761904716491699,0,0,0,0,0,5,4.761904716491699,0,13.596257209777832,25769803776,0,17819549696,0
204,1790937532297,4,4,4,4,4,4,4,4,4,4,77.14954376220703,74.87664794921875,74.6899185180664,75.40409851074219,67.96112823486328,76.74930572509766,79.140625,0,0,0,0,0,0,0,5,0,0,13.596257209777832,25769803776,0,17819631616,0
204,1790937532502,4,4,4,4,4,4,4,4,4,4,77.14954376220703,74.87664794921875,74.6899185180664,75.40409851074219,67.96112823486328,76.74930572509766,79.140625,4.761904716491699,0,0,0,0,0,4.761904716491699,5,0,0,13.596257209777832,25769803776,0,17819435008,0
204,1790937532707,4,4,4,4,4,4,4,4,4,4,77.14954376220703,74.87664794921875,74.6899185180664,75.40409851074219,67.96112823486328,76.74930572509766,79.140625,0,0,0,0,0,0,0,9.523809432983398,4.761904716491699,0,13.5350341796875,25769803776,0,17819435008,0
202,1790937532912,4,4,4,4,4,4,4,4,4,4,77.14954376220703,74.87664794921875,74.6899185180664,75.40409851074219,67.96112823486328,76.74930572509766,79.140625,4.761904716491699,0,0,0,0,0,0,4.761904716491699,0,0,13.5350341796875,25769803776,0,17821089792,0
204,1790937533115,4,4,4,4,4,4,4,4,4,4,77.16605377197266,74.88157653808594,74.83601379394531,75.42084503173828,68.16893005371094,76.76983642578125,79.140625,4.761904716491699,4.761904716491699,4.761904716491699,4.761904716491699,0,0,0,0,0,0,13.5350341796875,25769803776,0,17819271168,0
204,1790937533320,4,4,4,4,4,4,4,4,4,4,77.16605377197266,74.88157653808594,74.83601379394531,75.42084503173828,68.16893005371094,76.76983642578125,79.140625,0,4.761904716491699,4.761904716491699,4.545454502105713,0,4.761904716491699,0,9.523809432983398,0,0,13.5350341796875,25769803776,0,17819336704,0
204,1790937533525,4,4,4,4,4,4,4,4,4,4,77.16605377197266,74.88157653808594,74.83601379394531,75.42084503173828,68.16893005371094,76.76983642578125,79.140625,4.761904716491699,0,0,0,0,0,0,5,0,0,13.5350341796875,25769803776,0,17818959872,0
204,1790937533729,4,4,4,4,4,4,4,4,4,4,77.16605377197266,74.88157653808594,74.83601379394531,75.42084503173828,68.16893005371094,76.76983642578125,79.140625,0,0,0,0,0,0,0,9.523809432983398,4.761904716491699,0,13.623443603515625,25769803776,0,17818959872,0
202,1790937533934,4,4,4,4,4,4,4,4,4,4,77.16605377197266,74.88157653808594,74.83601379394531,75.42084503173828,68.16893005371094,76.76983642578125,79.140625,9.523809432983398,0,0,0,0,0,4.761904716491699,5,0,0,13.623443603515625,25769803776,0,17818959872,0
200,1790937534137,4,4,4,4,4,4,4,4,4,4,77.17156219482422,74.8333511352539,74.77684020996094,75.42838287353516,68.12187194824219,76.79596710205078,79.140625,0,0,0,0,0,0,0,5,0,0,13.623443603515625,25769803776,0,17818959872,0
204,1790937534337,4,4,4,4,4,4,4,4,4,4,77.17156219482422,74.8333511352539,74.77684020996094,75.42838287353516,68.12187194824219,76.79596710205078,79.140625,5,0,0,0,0,0,0,5,0,0,13.623443603515625,25769803776,0,17818959872,0
204,1790937534542,4,4,4,4,4,4,4,4,4,4,77.17156219482422,74.8333511352539,74.77684020996094,75.42838287353516,68.12187194824219,76.79596710205078,79.140625,0,5,0,0,0,0,0,5,0,0,13.551855087280273,25769803776,0,17818959872,0
204,1790937534747,4,4,4,4,4,4,4,4,4,4,77.17156219482422,74.8333511352539,74.77684020996094,75.42838287353516,68.12187194824219,76.79596710205078,79.140625,4.761904716491699,4.761904716491699,0,0,0,0,4.761904716491699,4.761904716491699,0,0,13.551855087280273,25769803776,0,17818959872,0
204,1790937534952,4,4,4,4,4,4,4,4,4,4,77.17156219482422,74.8333511352539,74.77684020996094,75.42838287353516,68.12187194824219,76.79596710205078,79.140625,0,0,0,0,0,0,0,9.523809432983398,4.761904716491699,0,13.551855087280273,25769803776,0,17818959872,0
200,1790937535157,4,4,4,4,4,4,4,4,4,4,77.17906188964844,74.80683898925781,74.6613540649414,75.41622924804688,67.91972351074219,76.82891082763672,79.140625,4.761904716491699,0,0,0,0,0,0,5,0,0,13.551855087280273,25769803776,0,17818959872,0
200,1790937535358,4,4,4,4,4,4,4,4,4,4,77.17906188964844,74.80683898925781,74.6613540649414,75.41622924804688,67.91972351074219,76.82891082763672,79.140625,0,5,0,0,0,4.761904716491699,0,9.523809432983398,0,0,13.551855087280273,25769803776,0,17818959872,0
204,1790937535558,4,4,4,4,4,4,4,4,4,4,77.17906188964844,74.80683898925781,74.6613540649414,75.41622924804688,67.91972351074219,76.82891082763672,79.140625,4.761904716491699,0,0,0,0,0,0,5,4.761904716491699,0,13.612449645996094,25769803776,0,17818959872,0
204,1790937535763,4,4,4,4,4,4,4,4,4,4,77.17906188964844,74.80683898925781,74.6613540649414,75.41622924804688,67.91972351074219,76.82891082763672,79.140625,4.761904716491699,0,0,0,0,0,0,0,0,0,13.612449645996094,25769803776,0,17819320320,0
204,1790937535968,4,4,4,4,4,4,4,4,4,4,77.17906188964844,74.80683898925781,74.6613540649414,75.41622924804688,67.91972351074219,76.82891082763672,79.140625,0,0,0,0,4.761904716491699,0,4.761904716491699,9.523809432983398,0,0,13.612449645996094,25769803776,0,17819189248,0
204,1790937536173,4,4,4,4,4,4,4,4,4,4,77.14628601074219,74.83589935302734,74.78543090820313,75.3857421875,68.11104583740234,76.74982452392578,79.140625,0,0,0,0,0,0,0,5,0,0,13.612449645996094,25769803776,0,17819189248,0
204,1790937536378,4,4,4,4,4,4,4,4,4,4,77.14628601074219,74.83589935302734,74.78543090820313,75.3857421875,68.11104583740234,76.74982452392578,79.140625,0,0,0,0,0,0,0,9.090909004211426,0,0,13.612449645996094,25769803776,0,17820975104,0
204,1790937536583,4,4,4,4,4,4,4,4,4,4,77.14628601074219,74.83589935302734,74.78543090820313,75.3857421875,68.11104583740234,76.74982452392578,79.140625,23.809524536132813,0,4.761904716491699,0,0,0,0,0,0,0,13.620326042175293,25769803776,0,17819172864,0
204,1790937536788,4,4,4,4,4,4,4,4,4,4,77.14628601074219,74.83589935302734,74.78543090820313,75.3857421875,68.11104583740234,76.74982452392578,79.140625,55,9.090909004211426,0,0,0,0,9.523809432983398,0,0,0,13.620326042175293,25769803776,0,17819090944,0
200,1790937536993,4,4,4,4,4,4,4,4,4,4,77.14628601074219,74.83589935302734,74.78543090820313,75.3857421875,68.11104583740234,76.74982452392578,79.140625,0,0,0,0,0,0,0,4.761904716491699,0,0,13.620326042175293,25769803776,0,17818714112,0
204,1790937537194,4,4,4,4,4,4,4,4,4,4,77.0871353149414,74.99051666259766,74.46756744384766,75.34982299804688,67.59835815429688,76.68755340576172,79.140625,5,0,0,0,0,0,0,5,5,0,13.620326042175293,25769803776,0,17818730496,0
202,1790937537400,4,4,4,4,4,4,4,4,4,4,77.0871353149414,74.99051666259766,74.46756744384766,75.34982299804688,67.59835815429688,76.68755340576172,79.140625,4.761904716491699,0,0,0,0,0,0,5,0,0,13.620326042175293,25769803776,0,17818222592,0
204,1790937537602,4,4,4,4,4,4,4,4,4,4,77.0871353149414,74.99051666259766,74.46756744384766,75.34982299804688,67.59835815429688,76.68755340576172,79.140625,4.761904716491699,0,0,0,0,0,0,9.523809432983398,0,0,13.546036720275879,25769803776,0,17818222592,0
202,1790937537807,4,4,4,4,4,4,4,4,4,4,77.0871353149414,74.99051666259766,74.46756744384766,75.34982299804688,67.59835815429688,76.68755340576172,79.140625,0,9.090909004211426,4.761904716491699,0,0,0,9.090909004211426,5,0,0,13.546036720275879,25769803776,0,17818255360,0
204,1790937538009,4,4,4,4,4,4,4,4,4,4,77.0871353149414,74.99051666259766,74.46756744384766,75.34982299804688,67.59835815429688,76.68755340576172,79.140625,0,0,0,0,0,0,0,5,0,0,13.546036720275879,25769803776,0,17817747456,0
204,1790937538214,4,4,4,4,4,4,4,4,4,4,77.13806915283203,74.87073516845703,74.78608703613281,75.37603759765625,68.11243438720703,76.73995971679688,79.140625,4.761904716491699,0,0,0,0,0,0,9.523809432983398,0,0,13.546036720275879,25769803776,0,17816223744,0
204,1790937538419,4,4,4,4,4,4,4,4,4,4,77.13806915283203,74.87073516845703,74.78608703613281,75.37603759765625,68.11243438720703,76.73995971679688,79.140625,0,0,0,0,0,0,0,4.761904716491699,0,0,13.546036720275879,25769803776,0,17816158208,0
204,1790937538625,4,4,4,4,4,4,4,4,4,4,77.13806915283203,74.87073516845703,74.78608703613281,75.37603759765625,68.11243438720703,76.73995971679688,79.140625,0,0,4.761904716491699,0,0,0,0,5,0,0,13.651680946350098,25769803776,0,17816322048,0
204,1790937538830,4,4,4,4,4,4,4,4,4,4,77.13806915283203,74.87073516845703,74.78608703613281,75.37603759765625,68.11243438720703,76.73995971679688,79.140625,4.761904716491699,0,0,0,4.761904716491699,0,4.761904716491699,5,4.761904716491699,0,13.651680946350098,25769803776,0,17816354816,0
204,1790937539035,4,4,4,4,4,4,4,4,4,4,77.10295867919922,74.81378936767578,74.76190948486328,75.34992218017578,68.08444213867188,76.69107055664063,79.140625,4.761904716491699,0,0,0,0,0,0,5,0,0,13.651680946350098,25769803776,0,17816354816,0
204,1790937539240,4,4,4,4,4,4,4,4,4,4,77.10295867919922,74.81378936767578,74.76190948486328,75.34992218017578,68.08444213867188,76.69107055664063,79.140625,0,4.761904716491699,0,0,0,0,0,9.523809432983398,0,0,13.651680946350098,25769803776,0,17816387584,0
204,1790937539445,4,4,4,4,4,4,4,4,4,4,77.10295867919922,74.81378936767578,74.76190948486328,75.34992218017578,68.08444213867188,76.69107055664063,79.140625,4.761904716491699,0,0,0,0,0,0,5,4.761904716491699,0,13.651680946350098,25769803776,0,17816387584,0
204,1790937539650,4,4,4,4,4,4,4,4,4,4,77.10295867919922,74.81378936767578,74.76190948486328,75.34992218017578,68.08444213867188,76.69107055664063,79.140625,0,0,4.761904716491699,0,0,0,0,9.090909004211426,0,0,13.486515045166016,25769803776,0,17816387584,0
204,1790937539855,4,4,4,4,4,4,4,4,4,4,77.10295867919922,74.81378936767578,74.76190948486328,75.34992218017578,68.08444213867188,76.69107055664063,79.140625,4.761904716491699,0,0,0,0,0,4.545454502105713,5,0,0,13.486515045166016,25769803776,0,17816387584,0
204,1790937540060,4,4,4,4,4,4,4,4,4,4,77.07015991210938,74.75726318359375,74.60525512695313,75.33431243896484,67.86993408203125,76.66655731201172,79.140625,0,4.761904716491699,0,0,0,0,0,9.523809432983398,0,0,13.486515045166016,25769803776,0,17816387584,0
204,1790937540265,4,4,4,4,4,4,4,4,4,4,77.07015991210938,74.75726318359375,74.60525512695313,75.33431243896484,67.86993408203125,76.66655731201172,79.140625,0,0,0,0,0,0,0,0,4.761904716491699,0,13.486515045166016,25769803776,0,17818238976,0
203,1790937540470,4,4,4,4,4,4,4,4,4,4,77.07015991210938,74.75726318359375,74.60525512695313,75.33431243896484,67.86993408203125,76.66655731201172,79.140625,5,0,0,0,0,0,0,5,0,0,13.486515045166016,25769803776,0,17816387584,0
204,1790937540673,4,4,4,4,4,4,4,4,4,4,77.07015991210938,74.75726318359375,74.60525512695313,75.33431243896484,67.86993408203125,76.66655731201172,79.140625,0,0,0,0,0,0,0,5,0,0,13.584226608276367,25769803776,0,17816387584,0
204,1790937540878,4,4,4,4,4,4,4,4,4,4,77.07015991210938,74.75726318359375,74.60525512695313,75.33431243896484,67.86993408203125,76.66655731201172,79.140625,4.761904716491699,4.761904716491699,5,0,0,0,0,5,0,0,13.584226608276367,25769803776,0,17816158208,0
204,1790937541083,4,4,4,4,4,4,4,4,4,4,77.07705688476563,74.78549194335938,74.76886749267578,75.34402465820313,68.10880279541016,76.68052673339844,79.140625,4.761904716491699,0,0,0,0,0,4.761904716491699,9.090909004211426,0,0,13.584226608276367,25769803776,0,17816174592,0
204,1790937541287,4,4,4,4,4,4,4,4,4,4,77.07705688476563,74.78549194335938,74.76886749267578,75.34402465820313,68.10880279541016,76.68052673339844,79.140625,0,0,0,0,4.761904716491699,0,0,5,0,0,13.584226608276367,25769803776,0,17816174592,0
204,1790937541492,4,4,4,4,4,4,4,4,4,4,77.07705688476563,74.78549194335938,74.76886749267578,75.34402465820313,68.10880279541016,76.68052673339844,79.140625,0,0,0,4.545454502105713,0,0,0,5,0,0,13.584226608276367,25769803776,0,17816174592,0
204,1790937541697,4,4,4,4,4,4,4,4,4,4,77.07705688476563,74.78549194335938,74.76886749267578,75.34402465820313,68.10880279541016,76.68052673339844,79.140625,4.761904716491699,0,0,4.761904716491699,0,0,0,9.523809432983398,0,0,13.558073043823242,25769803776,0,17816174592,0
204,1790937541902,4,4,4,4,4,4,4,4,4,4,77.07705688476563,74.78549194335938,74.76886749267578,75.34402465820313,68.10880279541016,76.68052673339844,79.140625,5,4.761904716491699,0,0,0,0,0,0,4.761904716491699,0,13.558073043823242,25769803776,0,17816387584,0
204,1790937542107,4,4,4,4,4,4,4,4,4,4,77.05056762695313,74.78681182861328,74.68873596191406,75.3207015991211,68.02338409423828,76.66295623779297,79.140625,4.761904716491699,4.761904716491699,0,0,0,0,4.761904716491699,9.523809432983398,0,0,13.558073043823242,25769803776,0,17816436736,0
204,1790937542312,4,4,4,4,4,4,4,4,4,4,77.05056762695313,74.78681182861328,74.68873596191406,75.3207015991211,68.02338409423828,76.66295623779297,79.140625,0,0,0,0,0,0,4.545454502105713,5,0,0,13.558073043823242,25769803776,0,17816289280,0
204,1790937542517,4,4,4,4,4,4,4,4,4,4,77.05056762695313,74.78681182861328,74.68873596191406,75.3207015991211,68.02338409423828,76.66295623779297,79.140625,4.761904716491699,0,0,0,0,0,0,5,0,0,13.558073043823242,25769803776,0,17816223744,0
204,1790937542722,4,4,4,4,4,4,4,4,4,4,77.05056762695313,74.78681182861328,74.68873596191406,75.3207015991211,68.02338409423828,76.66295623779297,79.140625,0,0,0,0,0,0,0,9.090909004211426,0,0,13.512643814086914,25769803776,0,17816223744,0
204,1790937542928,4,4,4,4,4,4,4,4,4,4,77.05056762695313,74.78681182861328,74.68873596191406,75.3207015991211,68.02338409423828,76.66295623779297,79.140625,0,0,0,0,0,0,0,0,0,0,13.512643814086914,25769803776,0,17816256512,0
203,1790937543133,4,4,4,4,4,4,4,4,4,4,77.0564193725586,74.72494506835938,74.57424926757813,75.32328033447266,67.83116912841797,76.67593383789063,78.90625,4.761904716491699,0,0,0,0,0,0,9.523809432983398,4.761904716491699,0,13.512643814086914,25769803776,0,17816256512,0
204,1790937543336,4,4,4,4,4,4,4,4,4,4,77.0564193725586,74.72494506835938,74.57424926757813,75.32328033447266,67.83116912841797,76.67593383789063,78.90625,5,4.761904716491699,0,0,0,0,0,5,0,0,13.512643814086914,25769803776,0,17816256512,0
204,1790937543541,4,4,4,4,4,4,4,4,4,4,77.0564193725586,74.72494506835938,74.57424926757813,75.32328033447266,67.83116912841797,76.67593383789063,78.90625,4.761904716491699,0,0,0,0,0,0,4.761904716491699,0,0,13.492706298828125,25769803776,0,17816256512,0
204,1790937543746,4,4,4,4,4,4,4,4,4,4,77.0564193725586,74.72494506835938,74.57424926757813,75.32328033447266,67.83116912841797,76.67593383789063,78.90625,0,0,0,0,0,0,0,9.523809432983398,0,0,13.492706298828125,25769803776,0,17816256512,0
204,1790937543951,4,4,4,4,4,4,4,4,4,4,77.0564193725586,74.72494506835938,74.57424926757813,75.32328033447266,67.83116912841797,76.67593383789063,78.90625,0,0,4.761904716491699,0,0,0,0,5,0,0,13.492706298828125,25769803776,0,17818255360,0
204,1790937544156,4,4,4,4,4,4,4,4,4,4,77.01123046875,74.74479675292969,74.6935806274414,75.31414031982422,67.98829650878906,76.61380004882813,78.90625,4.761904716491699,4.761904716491699,0,0,0,0,4.761904716491699,0,4.761904716491699,0,13.492706298828125,25769803776,0,17816174592,0
204,1790937544361,4,4,4,4,4,4,4,4,4,4,77.01123046875,74.74479675292969,74.6935806274414,75.31414031982422,67.98829650878906,76.61380004882813,78.90625,0,0,0,0,0,0,0,9.523809432983398,0,0,13.492706298828125,25769803776,0,17816174592,0
204,1790937544566,4,4,4,4,4,4,4,4,4,4,77.01123046875,74.74479675292969,74.6935806274414,75.31414031982422,67.98829650878906,76.61380004882813,78.90625,0,4.761904716491699,0,0,0,0,4.545454502105713,0,4.545454502105713,0,13.570111274719238,25769803776,0,17816174592,0
201,1790937544771,4,4,4,4,4,4,4,4,4,4,77.01123046875,74.74479675292969,74.6935806274414,75.31414031982422,67.98829650878906,76.61380004882813,78.90625,4.761904716491699,0,0,0,0,0,0,9.523809432983398,0,0,13.570111274719238,25769803776,0,17816174592,0
200,1790937544972,4,4,4,4,4,4,4,4,4,4,77.01123046875,74.74479675292969,74.6935806274414,75.31414031982422,67.98829650878906,76.61380004882813,78.90625,0,0,0,0,0,0,0,5,0,0,13.570111274719238,25769803776,0,17815814144,0
204,1790937545173,4,4,4,4,4,4,4,4,4,4,76.99867248535156,74.67609405517578,74.5287857055664,75.31602478027344,67.78069305419922,76.60005950927734,79.140625,0,0,0,0,0,0,0,10,0,0,13.570111274719238,25769803776,0,17815814144,0
203,1790937545378,4,4,4,4,4,4,4,4,4,4,76.99867248535156,74.67609405517578,74.5287857055664,75.31602478027344,67.78069305419922,76.60005950927734,79.140625,9.090909004211426,0,0,0,0,0,0,4.761904716491699,0,0,13.570111274719238,25769803776,0,17815879680,0
204,1790937545582,4,4,4,4,4,4,4,4,4,4,76.99867248535156,74.67609405517578,74.5287857055664,75.31602478027344,67.78069305419922,76.60005950927734,79.140625,0,0,0,0,4.761904716491699,0,5,0,0,0,13.511618614196777,25769803776,0,17815879680,0
204,1790937545787,4,4,4,4,4,4,4,4,4,4,76.99867248535156,74.67609405517578,74.5287857055664,75.31602478027344,67.78069305419922,76.60005950927734,79.140625,4.761904716491699,4.545454502105713,4.545454502105713,0,0,0,4.545454502105713,9.523809432983398,4.761904716491699,0,13.511618614196777,25769803776,0,17815830528,0
204,1790937545992,4,4,4,4,4,4,4,4,4,4,76.99867248535156,74.67609405517578,74.5287857055664,75.31602478027344,67.78069305419922,76.60005950927734,79.140625,0,0,0,0,0,0,0,5,0,0,13.511618614196777,25769803776,0,17815863296,0
204,1790937546197,4,4,4,4,4,4,4,4,4,4,76.99369049072266,74.8165283203125,74.58295440673828,75.30441284179688,67.82523345947266,76.59251403808594,78.90625,0,0,0,0,0,0,0,5,0,0,13.511618614196777,25769803776,0,17815896064,0
204,1790937546402,4,4,4,4,4,4,4,4,4,4,76.99369049072266,74.8165283203125,74.58295440673828,75.30441284179688,67.82523345947266,76.59251403808594,78.90625,4.761904716491699,4.761904716491699,0,0,0,0,0,4.761904716491699,0,0,13.511618614196777,25769803776,0,17815912448,0
201,1790937546607,4,4,4,4,4,4,4,4,4,4,76.99369049072266,74.8165283203125,74.58295440673828,75.30441284179688,67.82523345947266,76.59251403808594,78.90625,0,0,0,0,0,0,0,5,4.761904716491699,0,13.557034492492676,25769803776,0,17816043520,0
204,1790937546809,4,4,4,4,4,4,4,4,4,4,76.99369049072266,74.8165283203125,74.58295440673828,75.30441284179688,67.82523345947266,76.59251403808594,78.90625,9.090909004211426,4.761904716491699,4.761904716491699,0,0,0,4.761904716491699,9.523809432983398,0,0,13.557034492492676,25769803776,0,17816043520,0
204,1790937547014,4,4,4,4,4,4,4,4,4,4,76.99369049072266,74.8165283203125,74.58295440673828,75.30441284179688,67.82523345947266,76.59251403808594,78.90625,0,0,0,0,0,0,0,5,0,0,13.557034492492676,25769803776,0,17815814144,0
204,1790937547219,4,4,4,4,4,4,4,4,4,4,76.99383544921875,74.68797302246094,74.62399291992188,75.3060531616211,67.92657470703125,76.59139251708984,78.90625,0,4.761904716491699,0,0,0,0,0,9.523809432983398,0,0,13.557034492492676,25769803776,0,17815535616,0
204,1790937547423,4,4,4,4,4,4,4,4,4,4,76.99383544921875,74.68797302246094,74.62399291992188,75.3060531616211,67.92657470703125,76.59139251708984,78.90625,4.761904716491699,0,0,0,0,0,0,5,0,0,13.557034492492676,25769803776,0,17815502848,0
204,1790937547628,4,4,4,4,4,4,4,4,4,4,76.99383544921875,74.68797302246094,74.62399291992188,75.3060531616211,67.92657470703125,76.59139251708984,78.90625,4.761904716491699,0,0,4.761904716491699,0,0,0,0,0,0,13.497517585754395,25769803776,0,17817616384,0
204,1790937547833,4,4,4,4,4,4,4,4,4,4,76.99383544921875,74.68797302246094,74.62399291992188,75.3060531616211,67.92657470703125,76.59139251708984,78.90625,0,0,0,0,0,0,0,0,4.761904716491699,0,13.497517585754395,25769803776,0,17817616384,0
204,1790937548038,4,4,4,4,4,4,4,4,4,4,76.98622131347656,74.61752319335938,74.47415924072266,75.30359649658203,67.67721557617188,76.5911636352539,78.90625,4.761904716491699,0,0,0,0,0,0,9.523809432983398,0,0,13.497517585754395,25769803776,0,17815699456,0
204,1790937548243,4,4,4,4,4,4,4,4,4,4,76.98622131347656,74.61752319335938,74.47415924072266,75.30359649658203,67.67721557617188,76.5911636352539,78.90625,0,4.761904716491699,0,0,0,0,9.523809432983398,0,4.545454502105713,0,13.497517585754395,25769803776,0,17815846912,0
204,1790937548448,4,4,4,4,4,4,4,4,4,4,76.98622131347656,74.61752319335938,74.47415924072266,75.30359649658203,67.67721557617188,76.5911636352539,78.90625,0,0,4.761904716491699,0,0,0,0,5,0,0,13.497517585754395,25769803776,0,17816092672,0
204,1790937548653,4,4,4,4,4,4,4,4,4,4,76.98622131347656,74.61752319335938,74.47415924072266,75.30359649658203,67.67721557617188,76.5911636352539,78.90625,4.761904716491699,0,0,4.545454502105713,0,0,0,9.523809432983398,0,0,13.43835163116455,25769803776,0,17816027136,0
204,1790937548858,4,4,4,4,4,4,4,4,4,4,76.98622131347656,74.61752319335938,74.47415924072266,75.30359649658203,67.67721557617188,76.5911636352539,78.90625,0,0,4.761904716491699,0,4.761904716491699,0,0,5,0,0,13.43835163116455,25769803776,0,17816027136,0
204,1790937549063,4,4,4,4,4,4,4,4,4,4,76.96066284179688,74.78409576416016,74.5440444946289,75.30089569091797,67.75305938720703,76.52101135253906,78.90625,0,0,0,0,0,0,4.545454502105713,9.090909004211426,0,0,13.43835163116455,25769803776,0,17815928832,0
204,1790937549268,4,4,4,4,4,4,4,4,4,4,76.96066284179688,74.78409576416016,74.5440444946289,75.30089569091797,67.75305938720703,76.52101135253906,78.90625,4.761904716491699,0,0,0,0,0,0,5,0,0,13.43835163116455,25769803776,0,17815879680,0
204,1790937549473,4,4,4,4,4,4,4,4,4,4,76.96066284179688,74.78409576416016,74.5440444946289,75.30089569091797,67.75305938720703,76.52101135253906,78.90625,5,9.090909004211426,0,0,0,0,0,0,4.761904716491699,0,13.43835163116455,25769803776,0,17815912448,0
204,1790937549678,4,4,4,4,4,4,4,4,4,4,76.96066284179688,74.78409576416016,74.5440444946289,75.30089569091797,67.75305938720703,76.52101135253906,78.90625,4.761904716491699,0,0,0,0,0,4.761904716491699,9.523809432983398,0,0,13.490642547607422,25769803776,0,17815683072,0
204,1790937549883,4,4,4,4,4,4,4,4,4,4,76.96066284179688,74.78409576416016,74.5440444946289,75.30089569091797,67.75305938720703,76.52101135253906,78.90625,0,0,0,0,0,0,4.761904716491699,0,0,0,13.490642547607422,25769803776,0,17815699456,0
204,1790937550087,4,4,4,4,4,4,4,4,4,4,76.94339752197266,74.79813385009766,74.41249084472656,75.29679107666016,67.55587768554688,76.4938735961914,78.90625,5,0,0,0,0,0,5,0,0,0,13.490642547607422,25769803776,0,17815666688,0
204,1790937550292,4,4,4,4,4,4,4,4,4,4,76.94339752197266,74.79813385009766,74.41249084472656,75.29679107666016,67.55587768554688,76.4938735961914,78.90625,4.761904716491699,0,0,0,0,0,9.523809432983398,4.761904716491699,0,0,13.490642547607422,25769803776,0,17815666688,0
204,1790937550497,4,4,4,4,4,4,4,4,4,4,76.94339752197266,74.79813385009766,74.41249084472656,75.29679107666016,67.55587768554688,76.4938735961914,78.90625,4.761904716491699,0,4.545454502105713,0,0,0,0,0,0,0,13.490642547607422,25769803776,0,17815568384,0
204,1790937550702,4,4,4,4,4,4,4,4,4,4,76.94339752197266,74.79813385009766,74.41249084472656,75.29679107666016,67.55587768554688,76.4938735961914,78.90625,0,9.090909004211426,0,0,0,0,4.761904716491699,4.761904716491699,0,0,13.516786575317383,25769803776,0,17815568384,0
204,1790937550907,4,4,4,4,4,4,4,4,4,4,76.94339752197266,74.79813385009766,74.41249084472656,75.29679107666016,67.55587768554688,76.4938735961914,78.90625,0,0,0,0,0,0,9.523809432983398,0,0,0,13.516786575317383,25769803776,0,17815568384,0
203,1790937551112,4,4,4,4,4,4,4,4,4,4,76.8702163696289,75.0582275390625,74.14765930175781,75.28858947753906,67.04278564453125,76.44609832763672,78.671875,4.761904716491699,0,0,0,0,0,5,0,4.761904716491699,0,13.516786575317383,25769803776,0,17815568384,0
204,1790937551316,4,4,4,4,4,4,4,4,4,4,76.8702163696289,75.0582275390625,74.14765930175781,75.28858947753906,67.04278564453125,76.44609832763672,78.671875,0,0,0,0,0,0,0,5,0,0,13.516786575317383,25769803776,0,17815552000,0
204,1790937551521,4,4,4,4,4,4,4,4,4,4,76.8702163696289,75.0582275390625,74.14765930175781,75.28858947753906,67.04278564453125,76.44609832763672,78.671875,4.761904716491699,0,0,0,4.545454502105713,0,9.090909004211426,0,0,0,13.516786575317383,25769803776,0,17815552000,0
204,1790937551726,4,4,4,4,4,4,4,4,4,4,76.8702163696289,75.0582275390625,74.14765930175781,75.28858947753906,67.04278564453125,76.44609832763672,78.671875,4.761904716491699,4.761904716491699,0,0,0,0,0,4.761904716491699,0,0,13.490638732910156,25769803776,0,17815552000,0
204,1790937551931,4,4,4,4,4,4,4,4,4,4,76.8702163696289,75.0582275390625,74.14765930175781,75.28858947753906,67.04278564453125,76.44609832763672,78.671875,0,0,0,0,0,0,4.761904716491699,0,0,0,13.490638732910156,25769803776,0,17815552000,0
204,1790937552136,4,4,4,4,4,4,4,4,4,4,76.85096740722656,75.01548767089844,74.24695587158203,75.27732849121094,67.18619537353516,76.41123962402344,78.671875,9.523809432983398,23.809524536132813,0,0,0,0,10,0,0,0,13.490638732910156,25769803776,0,17880694784,0
204,1790937552341,4,4,4,4,4,4,4,4,4,4,76.85096740722656,75.01548767089844,74.24695587158203,75.27732849121094,67.18619537353516,76.41123962402344,78.671875,52.38095474243164,14.285715103149414,0,0,0,0,9.523809432983398,0,4.761904716491699,0,13.490638732910156,25769803776,0,17858314240,0
204,1790937552546,4,4,4,4,4,4,4,4,4,4,76.85096740722656,75.01548767089844,74.24695587158203,75.27732849121094,67.18619537353516,76.41123962402344,78.671875,0,0,0,0,0,0,5,4.761904716491699,0,0,13.464498519897461,25769803776,0,17858314240,0
204,1790937552751,4,4,4,4,4,4,4,4,4,4,76.85096740722656,75.01548767089844,74.24695587158203,75.27732849121094,67.18619537353516,76.41123962402344,78.671875,4.761904716491699,0,0,0,0,0,4.761904716491699,0,0,0,13.464498519897461,25769803776,0,17858314240,0
201,1790937552956,4,4,4,4,4,4,4,4,4,4,76.85096740722656,75.01548767089844,74.24695587158203,75.27732849121094,67.18619537353516,76.41123962402344,78.671875,0,0,4.545454502105713,0,0,0,9.523809432983398,0,4.545454502105713,0,13.464498519897461,25769803776,0,17858314240,0
204,1790937553157,4,4,4,4,4,4,4,4,4,4,76.90929412841797,75.13215637207031,74.10951232910156,75.2828369140625,66.99134826660156,76.47267150878906,78.671875,0,0,0,0,0,0,5,0,0,0,13.464498519897461,25769803776,0,17858330624,0
204,1790937553362,4,4,4,4,4,4,4,4,4,4,76.90929412841797,75.13215637207031,74.10951232910156,75.2828369140625,66.99134826660156,76.47267150878906,78.671875,9.523809432983398,9.090909004211426,4.761904716491699,0,0,0,5,0,0,0,13.464498519897461,25769803776,0,17857839104,0
204,1790937553567,4,4,4,4,4,4,4,4,4,4,76.90929412841797,75.13215637207031,74.10951232910156,75.2828369140625,66.99134826660156,76.47267150878906,78.671875,4.761904716491699,0,0,0,0,0,5,4.761904716491699,0,0,13.44318675994873,25769803776,0,17857839104,0
204,1790937553772,4,4,4,4,4,4,4,4,4,4,76.90929412841797,75.13215637207031,74.10951232910156,75.2828369140625,66.99134826660156,76.47267150878906,78.671875,0,0,0,0,0,0,9.523809432983398,0,0,0,13.44318675994873,25769803776,0,17857839104,0
204,1790937553977,4,4,4,4,4,4,4,4,4,4,76.90929412841797,75.13215637207031,74.10951232910156,75.2828369140625,66.99134826660156,76.47267150878906,78.671875,5,0,0,0,0,0,5,0,0,0,13.44318675994873,25769803776,0,17857839104,0
204,1790937554182,4,4,4,4,4,4,4,4,4,4,76.89147186279297,75.1098403930664,74.10231018066406,75.27651977539063,66.93954467773438,76.43133544921875,78.671875,0,4.761904716491699,0,0,0,0,5,0,0,0,13.44318675994873,25769803776,0,17845125120,0
204,1790937554387,4,4,4,4,4,4,4,4,4,4,76.89147186279297,75.1098403930664,74.10231018066406,75.27651977539063,66.93954467773438,76.43133544921875,78.671875,9.090909004211426,0,0,0,0,0,9.090909004211426,0,4.761904716491699,0,13.44318675994873,25769803776,0,17845239808,0
204,1790937554592,4,4,4,4,4,4,4,4,4,4,76.89147186279297,75.1098403930664,74.10231018066406,75.27651977539063,66.93954467773438,76.43133544921875,78.671875,5,0,0,0,0,0,5,0,0,0,13.386065483093262,25769803776,0,17845239808,0
204,1790937554798,4,4,4,4,4,4,4,4,4,4,76.89147186279297,75.1098403930664,74.10231018066406,75.27651977539063,66.93954467773438,76.43133544921875,78.671875,0,0,0,0,0,0,9.523809432983398,0,0,0,13.386065483093262,25769803776,0,17845239808,0
204,1790937555003,4,4,4,4,4,4,4,4,4,4,76.89147186279297,75.1098403930664,74.10231018066406,75.27651977539063,66.93954467773438,76.43133544921875,78.671875,0,4.761904716491699,0,0,0,0,5,0,0,0,13.386065483093262,25769803776,0,17845239808,0
204,1790937555207,4,4,4,4,4,4,4,4,4,4,76.89398193359375,75.09512329101563,74.05231475830078,75.26480102539063,66.83423614501953,76.44230651855469,78.671875,4.761904716491699,4.761904716491699,0,0,0,0,9.523809432983398,0,4.761904716491699,0,13.386065483093262,25769803776,0,17845223424,0
204,1790937555412,4,4,4,4,4,4,4,4,4,4,76.89398193359375,75.09512329101563,74.05231475830078,75.26480102539063,66.83423614501953,76.44230651855469,78.671875,9.523809432983398,0,4.761904716491699,4.761904716491699,0,0,0,4.761904716491699,0,0,13.386065483093262,25769803776,0,17847238656,0
204,1790937555617,4,4,4,4,4,4,4,4,4,4,76.89398193359375,75.09512329101563,74.05231475830078,75.26480102539063,66.83423614501953,76.44230651855469,78.671875,0,0,0,0,0,0,4.761904716491699,0,0,0,13.46347713470459,25769803776,0,17845534720,0
200,1790937555822,4,4,4,4,4,4,4,4,4,4,76.89398193359375,75.09512329101563,74.05231475830078,75.26480102539063,66.83423614501953,76.44230651855469,78.671875,0,0,0,0,0,0,4.761904716491699,0,0,0,13.46347713470459,25769803776,0,17845174272,0
204,1790937556022,4,4,4,4,4,4,4,4,4,4,76.89398193359375,74.86792755126953,74.16495513916016,75.26480102539063,67.05963897705078,76.44230651855469,78.671875,4.761904716491699,0,0,0,0,0,5,9.523809432983398,4.761904716491699,0,13.46347713470459,25769803776,0,17845174272,0
204,1790937556227,4,4,4,4,4,4,4,4,4,4,76.83300018310547,74.86792755126953,74.16495513916016,75.24288940429688,67.05963897705078,76.36153411865234,78.671875,0,0,0,0,0,0,5,0,0,0,13.46347713470459,25769803776,0,17845207040,0
204,1790937556432,4,4,4,4,4,4,4,4,4,4,76.83300018310547,74.86792755126953,74.16495513916016,75.24288940429688,67.05963897705078,76.36153411865234,78.671875,4.761904716491699,4.761904716491699,0,0,0,0,4.761904716491699,0,0,0,13.46347713470459,25769803776,0,17845207040,0
204,1790937556637,4,4,4,4,4,4,4,4,4,4,76.83300018310547,74.86792755126953,74.16495513916016,75.24288940429688,67.05963897705078,76.36153411865234,78.671875,0,4.761904716491699,0,0,0,0,5,0,0,0,13.394007682800293,25769803776,0,17845223424,0
200,1790937556842,4,4,4,4,4,4,4,4,4,4,76.83300018310547,74.86792755126953,74.16495513916016,75.24288940429688,67.05963897705078,76.36153411865234,78.671875,4.761904716491699,0,0,0,0,0,5,0,0,0,13.394007682800293,25769803776,0,17845223424,0
204,1790937557043,4,4,4,4,4,4,4,4,4,4,76.82556915283203,75.0523910522461,74.0880126953125,75.23835754394531,66.91187286376953,76.37620544433594,78.671875,4.761904716491699,0,4.761904716491699,4.761904716491699,0,0,9.523809432983398,4.761904716491699,0,0,13.394007682800293,25769803776,0,17844813824,0
204,1790937557248,4,4,4,4,4,4,4,4,4,4,76.82556915283203,75.0523910522461,74.0880126953125,75.23835754394531,66.91187286376953,76.37620544433594,78.671875,4.761904716491699,0,0,0,0,0,5,0,0,0,13.394007682800293,25769803776,0,17844813824,0
204,1790937557453,4,4,4,4,4,4,4,4,4,4,76.82556915283203,75.0523910522461,74.0880126953125,75.23835754394531,66.91187286376953,76.37620544433594,78.671875,0,0,0,0,0,0,5,0,0,0,13.394007682800293,25769803776,0,17844649984,0
204,1790937557658,4,4,4,4,4,4,4,4,4,4,76.82556915283203,75.0523910522461,74.0880126953125,75.23835754394531,66.91187286376953,76.37620544433594,78.671875,0,0,0,0,0,0,4.545454502105713,9.523809432983398,0,0,13.435276985168457,25769803776,0,17844961280,0
200,1790937557863,4,4,4,4,4,4,4,4,4,4,76.82556915283203,75.0523910522461,74.0880126953125,75.23835754394531,66.91187286376953,76.37620544433594,78.671875,4.761904716491699,0,0,0,0,0,0,0,4.545454502105713,0,13.435276985168457,25769803776,0,17844961280,0
200,1790937558064,4,4,4,4,4,4,4,4,4,4,76.80361938476563,74.93234252929688,74.16728973388672,75.2449722290039,67.08204650878906,76.32872009277344,78.671875,5,0,0,4.761904716491699,0,0,9.523809432983398,0,0,0,13.435276985168457,25769803776,0,17844961280,0
204,1790937558264,4,4,4,4,4,4,4,4,4,4,76.80361938476563,74.93234252929688,74.16728973388672,75.2449722290039,67.08204650878906,76.32872009277344,78.671875,4.761904716491699,4.761904716491699,0,0,0,0,5,0,0,0,13.435276985168457,25769803776,0,17845075968,0
204,1790937558469,4,4,4,4,4,4,4,4,4,4,76.80361938476563,74.93234252929688,74.16728973388672,75.2449722290039,67.08204650878906,76.32872009277344,78.671875,0,4.761904716491699,5,0,4.545454502105713,0,5,0,0,0,13.435276985168457,25769803776,0,17845141504,0
204,1790937558674,4,4,4,4,4,4,4,4,4,4,76.80361938476563,74.93234252929688,74.16728973388672,75.2449722290039,67.08204650878906,76.32872009277344,78.671875,4.761904716491699,0,0,0,0,0,9.523809432983398,0,0,0,13.44936466217041,25769803776,0,17845141504,0
204,1790937558879,4,4,4,4,4,4,4,4,4,4,76.80361938476563,74.93234252929688,74.16728973388672,75.2449722290039,67.08204650878906,76.32872009277344,78.671875,4.761904716491699,0,0,0,0,0,0,4.761904716491699,0,0,13.44936466217041,25769803776,0,17846992896,0
200,1790937559084,4,4,4,4,4,4,4,4,4,4,76.75009155273438,74.9381103515625,74.08795928955078,75.2110824584961,66.89038848876953,76.33747100830078,78.671875,0,0,0,0,4.545454502105713,0,4.761904716491699,0,0,0,13.44936466217041,25769803776,0,17845075968,0
204,1790937559285,4,4,4,4,4,4,4,4,4,4,76.75009155273438,74.9381103515625,74.08795928955078,75.2110824584961,66.89038848876953,76.33747100830078,78.671875,5,0,0,0,0,0,0,9.523809432983398,0,0,13.44936466217041,25769803776,0,17845092352,0
204,1790937559490,4,4,4,4,4,4,4,4,4,4,76.75009155273438,74.9381103515625,74.08795928955078,75.2110824584961,66.89038848876953,76.33747100830078,78.671875,5,4.761904716491699,4.761904716491699,0,0,0,9.523809432983398,0,0,0,13.44936466217041,25769803776,0,17844977664,0
204,1790937559695,4,4,4,4,4,4,4,4,4,4,76.75009155273438,74.9381103515625,74.08795928955078,75.2110824584961,66.89038848876953,76.33747100830078,78.671875,4.761904716491699,0,0,0,0,0,4.761904716491699,0,0,0,13.326638221740723,25769803776,0,17844977664,0
204,1790937559900,4,4,4,4,4,4,4,4,4,4,76.75009155273438,74.9381103515625,74.08795928955078,75.2110824584961,66.89038848876953,76.33747100830078,78.671875,0,0,0,0,0,0,9.523809432983398,0,9.090909004211426,0,13.326638221740723,25769803776,0,17844977664,0
200,1790937560105,4,4,4,4,4,4,4,4,4,4,76.7421646118164,74.94306182861328,74.1788101196289,75.1928482055664,67.04376220703125,76.30467987060547,78.671875,4.761904716491699,0,0,0,0,0,5,0,0,0,13.326638221740723,25769803776,0,17844977664,0
200,1790937560306,4,4,4,4,4,4,4,4,4,4,76.7421646118164,74.94306182861328,74.1788101196289,75.1928482055664,67.04376220703125,76.30467987060547,78.671875,0,4.761904716491699,0,0,0,0,5,0,0,0,13.326638221740723,25769803776,0,17845026816,0
204,1790937560506,4,4,4,4,4,4,4,4,4,4,76.7421646118164,74.94306182861328,74.1788101196289,75.1928482055664,67.04376220703125,76.30467987060547,78.671875,4.761904716491699,0,0,0,0,0,5.263157844543457,0,0,0,13.326638221740723,25769803776,0,17845092352,0
202,1790937560711,4,4,4,4,4,4,4,4,4,4,76.7421646118164,74.94306182861328,74.1788101196289,75.1928482055664,67.04376220703125,76.30467987060547,78.671875,0,4.761904716491699,4.761904716491699,0,0,0,4.761904716491699,4.761904716491699,0,0,13.424256324768066,25769803776,0,17845092352,0
204,1790937560914,4,4,4,4,4,4,4,4,4,4,76.7421646118164,74.94306182861328,74.1788101196289,75.1928482055664,67.04376220703125,76.30467987060547,78.671875,0,0,0,0,0,0,9.523809432983398,4.761904716491699,0,0,13.424256324768066,25769803776,0,17845092352,0
204,1790937561119,4,4,4,4,4,4,4,4,4,4,76.70768737792969,74.88477325439453,74.04486083984375,75.1730728149414,66.82996368408203,76.2524185180664,79.5,5,0,0,0,0,0,5,0,0,0,13.424256324768066,25769803776,0,17845043200,0
204,1790937561324,4,4,4,4,4,4,4,4,4,4,76.70768737792969,74.88477325439453,74.04486083984375,75.1730728149414,66.82996368408203,76.2524185180664,79.5,0,0,0,0,0,0,9.523809432983398,0,0,0,13.424256324768066,25769803776,0,17845043200,0
204,1790937561529,4,4,4,4,4,4,4,4,4,4,76.70768737792969,74.88477325439453,74.04486083984375,75.1730728149414,66.82996368408203,76.2524185180664,79.5,4.761904716491699,0,0,4.761904716491699,0,0,5,0,0,0,13.394014358520508,25769803776,0,17845256192,0
204,1790937561734,4,4,4,4,4,4,4,4,4,4,76.70768737792969,74.88477325439453,74.04486083984375,75.1730728149414,66.82996368408203,76.2524185180664,79.5,0,4.761904716491699,4.761904716491699,0,0,0,0,0,0,0,13.394014358520508,25769803776,0,17845272576,0
204,1790937561939,4,4,4,4,4,4,4,4,4,4,76.70768737792969,74.88477325439453,74.04486083984375,75.1730728149414,66.82996368408203,76.2524185180664,79.5,4.761904716491699,4.761904716491699,0,0,0,0,9.090909004211426,0,0,0,13.394014358520508,25769803776,0,17845387264,0
204,1790937562144,4,4,4,4,4,4,4,4,4,4,76.69805908203125,75.0151596069336,74.0773696899414,75.15902709960938,66.8789291381836,76.26842498779297,78.796875,0,0,0,0,0,0,5,0,4.761904716491699,0,13.394014358520508,25769803776,0,17845387264,0
200,1790937562349,4,4,4,4,4,4,4,4,4,4,76.69805908203125,75.0151596069336,74.0773696899414,75.15902709960938,66.8789291381836,76.26842498779297,78.796875,4.761904716491699,0,0,0,0,0,9.523809432983398,0,0,0,13.394014358520508,25769803776,0,17847484416,0
200,1790937562550,4,4,4,4,4,4,4,4,4,4,76.69805908203125,75.0151596069336,74.0773696899414,75.15902709960938,66.8789291381836,76.26842498779297,78.796875,4.761904716491699,0,0,0,0,4.761904716491699,0,9.523809432983398,0,0,13.31968879699707,25769803776,0,17839128576,0
204,1790937562750,4,4,4,4,4,4,4,4,4,4,76.69805908203125,75.0151596069336,74.0773696899414,75.15902709960938,66.8789291381836,76.26842498779297,78.796875,4.761904716491699,0,0,0,0,0,0,0,0,0,13.31968879699707,25769803776,0,17839128576,0
202,1790937562955,4,4,4,4,4,4,4,4,4,4,76.69805908203125,75.0151596069336,74.0773696899414,75.15902709960938,66.8789291381836,76.26842498779297,78.796875,0,10,0,0,0,0,0,5,0,0,13.31968879699707,25769803776,0,17839472640,0
200,1790937563158,4,4,4,4,4,4,4,4,4,4,76.68143463134766,74.77706909179688,74.2340316772461,75.1410903930664,67.15441131591797,76.29478454589844,78.671875,13.636363983154297,5,9.523809432983398,4.761904716491699,4.761904716491699,4.545454502105713,9.523809432983398,0,0,0,13.31968879699707,25769803776,0,17839472640,0
200,1790937563358,4,4,4,4,4,4,4,4,4,4,76.68143463134766,74.77706909179688,74.2340316772461,75.1410903930664,67.15441131591797,76.29478454589844,78.671875,0,4.761904716491699,0,0,0,0,5.263157844543457,4.761904716491699,0,0,13.31968879699707,25769803776,0,17839538176,0
200,1790937563559,4,4,4,4,4,4,4,4,4,4,76.68143463134766,74.77706909179688,74.2340316772461,75.1410903930664,67.15441131591797,76.29478454589844,78.671875,5,0,0,0,0,0,5,4.761904716491699,0,0,13.39708423614502,25769803776,0,17839538176,0
204,1790937563760,4,4,4,4,4,4,4,4,4,4,76.68143463134766,74.77706909179688,74.2340316772461,75.1410903930664,67.15441131591797,76.29478454589844,78.671875,0,0,0,0,0,0,9.523809432983398,0,0,0,13.39708423614502,25769803776,0,17839538176,0
204,1790937563965,4,4,4,4,4,4,4,4,4,4,76.68143463134766,74.77706909179688,74.2340316772461,75.1410903930664,67.15441131591797,76.29478454589844,78.671875,0,0,0,0,0,0,5,0,0,0,13.39708423614502,25769803776,0,17839538176,0
204,1790937564170,4,4,4,4,4,4,4,4,4,4,76.68071746826172,74.87130737304688,74.01554107666016,75.15222930908203,66.8183822631836,76.27839660644531,78.4375,9.090909004211426,0,0,0,0,0,5,0,4.761904716491699,0,13.39708423614502,25769803776,0,17839538176,0
204,1790937564375,4,4,4,4,4,4,4,4,4,4,76.68071746826172,74.87130737304688,74.01554107666016,75.15222930908203,66.8183822631836,76.27839660644531,78.4375,0,0,0,0,0,0,4.761904716491699,0,0,0,13.39708423614502,25769803776,0,17839472640,0
204,1790937564580,4,4,4,4,4,4,4,4,4,4,76.68071746826172,74.87130737304688,74.01554107666016,75.15222930908203,66.8183822631836,76.27839660644531,78.4375,4.761904716491699,4.761904716491699,0,0,0,0,5,4.761904716491699,0,0,13.350716590881348,25769803776,0,17839505408,0
201,1790937564785,4,4,4,4,4,4,4,4,4,4,76.68071746826172,74.87130737304688,74.01554107666016,75.15222930908203,66.8183822631836,76.27839660644531,78.4375,0,4.761904716491699,0,0,0,0,9.523809432983398,0,0,0,13.350716590881348,25769803776,0,17839505408,0
200,1790937564986,4,4,4,4,4,4,4,4,4,4,76.68071746826172,74.87130737304688,74.01554107666016,75.15222930908203,66.8183822631836,76.27839660644531,78.4375,0,0,0,0,0,0,0,0,0,0,13.350716590881348,25769803776,0,17839505408,0
204,1790937565187,4,4,4,4,4,4,4,4,4,4,76.70526885986328,74.85429382324219,74.12149047851563,75.12995147705078,66.96143341064453,76.28287506103516,78.671875,4.761904716491699,0,0,0,0,0,10,9.090909004211426,0,0,13.350716590881348,25769803776,0,17839505408,0
204,1790937565392,4,4,4,4,4,4,4,4,4,4,76.70526885986328,74.85429382324219,74.12149047851563,75.12995147705078,66.96143341064453,76.28287506103516,78.671875,0,0,0,0,0,0,4.761904716491699,0,4.545454502105713,0,13.350716590881348,25769803776,0,17839505408,0
204,1790937565597,4,4,4,4,4,4,4,4,4,4,76.70526885986328,74.85429382324219,74.12149047851563,75.12995147705078,66.96143341064453,76.28287506103516,78.671875,4.761904716491699,0,0,0,0,0,5,0,0,0,13.38401985168457,25769803776,0,17841340416,0
200,1790937565801,4,4,4,4,4,4,4,4,4,4,76.70526885986328,74.85429382324219,74.12149047851563,75.12995147705078,66.96143341064453,76.28287506103516,78.671875,0,0,4.545454502105713,0,0,0,0,0,0,0,13.38401985168457,25769803776,0,17839472640,0
204,1790937566002,4,4,4,4,4,4,4,4,4,4,76.70526885986328,74.85429382324219,74.12149047851563,75.12995147705078,66.96143341064453,76.28287506103516,78.671875,0,0,0,0,0,0,9.523809432983398,0,4.761904716491699,0,13.38401985168457,25769803776,0,17839472640,0
204,1790937566207,4,4,4,4,4,4,4,4,4,4,76.61627197265625,74.7525405883789,74.00430297851563,75.0963134765625,66.75960540771484,76.26018524169922,78.671875,4.761904716491699,0,0,0,4.545454502105713,0,5,0,0,0,13.38401985168457,25769803776,0,17839472640,0
204,1790937566412,4,4,4,4,4,4,4,4,4,4,76.61627197265625,74.7525405883789,74.00430297851563,75.0963134765625,66.75960540771484,76.26018524169922,78.671875,0,4.545454502105713,0,0,0,0,9.523809432983398,0,0,0,13.38401985168457,25769803776,0,17839276032,0
204,1790937566617,4,4,4,4,4,4,4,4,4,4,76.61627197265625,74.7525405883789,74.00430297851563,75.0963134765625,66.75960540771484,76.26018524169922,78.671875,40,0,0,4.545454502105713,0,0,0,0,0,0,13.368901252746582,25769803776,0,17839341568,0
200,1790937566822,4,4,4,4,4,4,4,4,4,4,76.61627197265625,74.7525405883789,74.00430297851563,75.0963134765625,66.75960540771484,76.26018524169922,78.671875,35,0,0,0,0,0,9.523809432983398,0,0,0,13.368901252746582,25769803776,0,17839341568,0
204,1790937567023,4,4,4,4,4,4,4,4,4,4,76.61627197265625,74.93476104736328,74.01628112792969,75.0963134765625,66.76038360595703,76.26018524169922,78.671875,4.761904716491699,4.761904716491699,0,0,0,0,5,5,0,0,13.368901252746582,25769803776,0,17839341568,0
201,1790937567228,4,4,4,4,4,4,4,4,4,4,76.67871856689453,74.93476104736328,74.01628112792969,75.10699462890625,66.76038360595703,76.29765319824219,78.4375,0,0,0,0,0,0,0,4.761904716491699,0,0,13.368901252746582,25769803776,0,17839341568,0
200,1790937567429,4,4,4,4,4,4,4,4,4,4,76.67871856689453,74.93476104736328,74.01628112792969,75.10699462890625,66.76038360595703,76.29765319824219,78.4375,4.761904716491699,0,0,0,0,0,5,4.761904716491699,0,0,13.368901252746582,25769803776,0,17838276608,0
200,1790937567630,4,4,4,4,4,4,4,4,4,4,76.67871856689453,74.93476104736328,74.01628112792969,75.10699462890625,66.76038360595703,76.29765319824219,78.4375,5,0,4.761904716491699,0,4.761904716491699,0,9.523809432983398,0,4.761904716491699,0,13.355826377868652,25769803776,0,17838505984,0
204,1790937567830,4,4,4,4,4,4,4,4,4,4,76.67871856689453,74.93476104736328,74.01628112792969,75.10699462890625,66.76038360595703,76.29765319824219,78.4375,0,4.761904716491699,0,0,0,0,5.263157844543457,0,0,0,13.355826377868652,25769803776,0,17838669824,0
204,1790937568035,4,4,4,4,4,4,4,4,4,4,76.65907287597656,74.77566528320313,74.098388671875,75.06228637695313,66.92084503173828,76.2662124633789,78.4375,4.761904716491699,0,0,4.761904716491699,0,0,5,0,4.761904716491699,0,13.355826377868652,25769803776,0,17838669824,0
204,1790937568240,4,4,4,4,4,4,4,4,4,4,76.65907287597656,74.77566528320313,74.098388671875,75.06228637695313,66.92084503173828,76.2662124633789,78.4375,0,4.761904716491699,0,0,0,0,9.090909004211426,0,0,0,13.355826377868652,25769803776,0,17838669824,0
204,1790937568445,4,4,4,4,4,4,4,4,4,4,76.65907287597656,74.77566528320313,74.098388671875,75.06228637695313,66.92084503173828,76.2662124633789,78.4375,42.85714340209961,14.285715103149414,9.523809432983398,5,0,0,5,0,0,0,13.355826377868652,25769803776,0,17847418880,0
204,1790937568650,4,4,4,4,4,4,4,4,4,4,76.65907287597656,74.77566528320313,74.098388671875,75.06228637695313,66.92084503173828,76.2662124633789,78.4375,70,55,42.105262756347656,42.105262756347656,30.000001907348633,28.571430206298828,9.523809432983398,0,0,0,13.317649841308594,25769803776,0,17860493312,0
204,1790937568855,4,4,4,4,4,4,4,4,4,4,76.65907287597656,74.77566528320313,74.098388671875,75.06228637695313,66.92084503173828,76.2662124633789,78.4375,19.047618865966797,20,19.047618865966797,9.523809432983398,0,0,5.263157844543457,0,0,0,13.317649841308594,25769803776,0,17861689344,0
204,1790937569060,4,4,4,4,4,4,4,4,4,4,76.69203186035156,74.91059112548828,73.9985122680664,75.0877456665039,66.77381134033203,76.28067016601563,78.4375,5.263157844543457,10,4.761904716491699,0,4.761904716491699,0,9.523809432983398,4.761904716491699,4.545454502105713,0,13.317649841308594,25769803776,0,17862377472,0
204,1790937569265,4,4,4,4,4,4,4,4,4,4,76.69203186035156,74.91059112548828,73.9985122680664,75.0877456665039,66.77381134033203,76.28067016601563,78.4375,9.523809432983398,14.285715103149414,0,0,0,0,0,0,0,0,13.317649841308594,25769803776,0,17862361088,0
204,1790937569470,4,4,4,4,4,4,4,4,4,4,76.69203186035156,74.91059112548828,73.9985122680664,75.0877456665039,66.77381134033203,76.28067016601563,78.4375,4.761904716491699,0,0,0,0,0,0,5,0,0,13.317649841308594,25769803776,0,17862557696,0
204,1790937569675,4,4,4,4,4,4,4,4,4,4,76.69203186035156,74.91059112548828,73.9985122680664,75.0877456665039,66.77381134033203,76.28067016601563,78.4375,5,4.761904716491699,0,0,4.545454502105713,0,5,0,0,0,13.816752433776855,25769803776,0,17862574080,0
204,1790937569881,4,4,4,4,4,4,4,4,4,4,76.69203186035156,74.91059112548828,73.9985122680664,75.0877456665039,66.77381134033203,76.28067016601563,78.4375,0,0,4.545454502105713,0,0,0,9.523809432983398,0,0,0,13.816752433776855,25769803776,0,17862606848,0
204,1790937570086,4,4,4,4,4,4,4,4,4,4,76.51806640625,74.66636657714844,74.03390502929688,74.87857818603516,66.82533264160156,76.0938949584961,78.4375,5,0,4.761904716491699,0,0,4.761904716491699,5,0,0,0,13.816752433776855,25769803776,0,17862606848,0
200,1790937570291,4,4,4,4,4,4,4,4,4,4,76.51806640625,74.66636657714844,74.03390502929688,74.87857818603516,66.82533264160156,76.0938949584961,78.4375,19.047618865966797,10,5,23.809524536132813,0,4.545454502105713,9.523809432983398,8.69565200805664,0,0,13.816752433776855,25769803776,0,17870602240,0
204,1790937570491,4,4,4,4,4,4,4,4,4,4,76.51806640625,74.66636657714844,74.03390502929688,74.87857818603516,66.82533264160156,76.0938949584961,78.4375,23.809524536132813,19.047618865966797,10,5,0,5.263157844543457,5,0,0,0,13.816752433776855,25769803776,0,17870979072,0
204,1790937570696,4,4,4,4,4,4,4,4,4,4,76.51806640625,74.66636657714844,74.03390502929688,74.87857818603516,66.82533264160156,76.0938949584961,78.4375,21.052631378173828,10,5,9.523809432983398,0,0,9.523809432983398,0,0,0,13.159810066223145,25769803776,0,17871699968,0
204,1790937570901,4,4,4,4,4,4,4,4,4,4,76.51806640625,74.66636657714844,74.03390502929688,74.87857818603516,66.82533264160156,76.0938949584961,78.4375,4.761904716491699,0,0,0,0,0,5,0,4.761904716491699,0,13.159810066223145,25769803776,0,17871912960,0
204,1790937571106,4,4,4,4,4,4,4,4,4,4,76.50045776367188,74.6340103149414,73.9036636352539,74.81021881103516,66.57068634033203,76.07166290283203,78.4375,25,15.000000953674316,9.523809432983398,4.761904716491699,4.761904716491699,0,9.523809432983398,0,0,0,13.159810066223145,25769803776,0,17872076800,0
200,1790937571311,4,4,4,4,4,4,4,4,4,4,76.50045776367188,74.6340103149414,73.9036636352539,74.81021881103516,66.57068634033203,76.07166290283203,78.4375,4.761904716491699,4.761904716491699,4.761904716491699,0,4.761904716491699,0,5,4.761904716491699,0,0,13.159810066223145,25769803776,0,17872125952,0
200,1790937571512,4,4,4,4,4,4,4,4,4,4,76.50045776367188,74.6340103149414,73.9036636352539,74.81021881103516,66.57068634033203,76.07166290283203,78.4375,0,0,0,0,0,0,5,0,0,0,13.159810066223145,25769803776,0,17872125952,0
204,1790937571712,4,4,4,4,4,4,4,4,4,4,76.50045776367188,74.6340103149414,73.9036636352539,74.81021881103516,66.57068634033203,76.07166290283203,78.4375,9.523809432983398,9.523809432983398,0,0,0,0,5,0,0,0,13.328680992126465,25769803776,0,17872125952,0
204,1790937571917,4,4,4,4,4,4,4,4,4,4,76.50045776367188,74.6340103149414,73.9036636352539,74.81021881103516,66.57068634033203,76.07166290283203,78.4375,0,0,0,0,0,0,9.523809432983398,0,4.761904716491699,0,13.328680992126465,25769803776,0,17872207872,0
204,1790937572122,4,4,4,4,4,4,4,4,4,4,76.55220794677734,74.6939697265625,73.93891906738281,74.89176940917969,66.64871978759766,76.11840057373047,78.4375,9.090909004211426,5,4.761904716491699,0,0,0,5,0,0,0,13.328680992126465,25769803776,0,17872371712,0
204,1790937572327,4,4,4,4,4,4,4,4,4,4,76.55220794677734,74.6939697265625,73.93891906738281,74.89176940917969,66.64871978759766,76.11840057373047,78.4375,5.263157844543457,4.761904716491699,0,0,0,0,5,0,0,0,13.328680992126465,25769803776,0,17872371712,0
200,1790937572532,4,4,4,4,4,4,4,4,4,4,76.55220794677734,74.6939697265625,73.93891906738281,74.89176940917969,66.64871978759766,76.11840057373047,78.4375,9.090909004211426,0,0,4.761904716491699,0,0,9.090909004211426,0,0,0,13.482379913330078,25769803776,0,17874239488,0
200,1790937572733,4,4,4,4,4,4,4,4,4,4,76.55220794677734,74.6939697265625,73.93891906738281,74.89176940917969,66.64871978759766,76.11840057373047,78.4375,0,0,0,0,0,0,0,0,0,0,13.482379913330078,25769803776,0,17872404480,0
200,1790937572934,4,4,4,4,4,4,4,4,4,4,76.55220794677734,74.6939697265625,73.93891906738281,74.89176940917969,66.64871978759766,76.11840057373047,78.4375,0,0,0,0,0,0,5,4.761904716491699,4.761904716491699,0,13.482379913330078,25769803776,0,17872371712,0
200,1790937573134,4,4,4,4,4,4,4,4,4,4,76.56851959228516,74.82361602783203,74.00650024414063,74.92436981201172,66.7170181274414,76.19056701660156,78.4375,5,0,0,0,0,0,9.523809432983398,4.761904716491699,0,0,13.482379913330078,25769803776,0,17872371712,0
204,1790937573335,4,4,4,4,4,4,4,4,4,4,76.56851959228516,74.82361602783203,74.00650024414063,74.92436981201172,66.7170181274414,76.19056701660156,78.4375,5,9.090909004211426,4.761904716491699,0,0,4.761904716491699,5.263157844543457,0,0,0,13.482379913330078,25769803776,0,17872371712,0
201,1790937573540,4,4,4,4,4,4,4,4,4,4,76.56851959228516,74.82361602783203,74.00650024414063,74.92436981201172,66.7170181274414,76.19056701660156,78.4375,4.761904716491699,0,0,0,0,0,9.090909004211426,0,0,0,13.447311401367188,25769803776,0,17872338944,0
204,1790937573741,4,4,4,4,4,4,4,4,4,4,76.56851959228516,74.82361602783203,74.00650024414063,74.92436981201172,66.7170181274414,76.19056701660156,78.4375,5,0,0,0,4.761904716491699,0,0,0,0,0,13.447311401367188,25769803776,0,17871749120,0
202,1790937573946,4,4,4,4,4,4,4,4,4,4,76.56851959228516,74.82361602783203,74.00650024414063,74.92436981201172,66.7170181274414,76.19056701660156,78.4375,0,0,4.545454502105713,0,0,0,4.761904716491699,0,0,0,13.447311401367188,25769803776,0,17871831040,0
204,1790937574149,4,4,4,4,4,4,4,4,4,4,76.56734466552734,74.72325897216797,73.9603042602539,74.91148376464844,66.65670013427734,76.1655044555664,78.4375,9.523809432983398,10,0,0,0,0,9.523809432983398,0,0,0,13.447311401367188,25769803776,0,17870946304,0
204,1790937574354,4,4,4,4,4,4,4,4,4,4,76.56734466552734,74.72325897216797,73.9603042602539,74.91148376464844,66.65670013427734,76.1655044555664,78.4375,4.761904716491699,4.761904716491699,0,0,0,0,5,0,4.761904716491699,0,13.447311401367188,25769803776,0,17870946304,0
204,1790937574559,4,4,4,4,4,4,4,4,4,4,76.56734466552734,74.72325897216797,73.9603042602539,74.91148376464844,66.65670013427734,76.1655044555664,78.4375,0,4.761904716491699,0,0,0,0,9.523809432983398,0,0,0,13.343785285949707,25769803776,0,17870831616,0
204,1790937574764,4,4,4,4,4,4,4,4,4,4,76.56734466552734,74.72325897216797,73.9603042602539,74.91148376464844,66.65670013427734,76.1655044555664,78.4375,9.090909004211426,0,0,0,0,0,5,4.761904716491699,0,0,13.343785285949707,25769803776,0,17870651392,0
200,1790937574969,4,4,4,4,4,4,4,4,4,4,76.56734466552734,74.72325897216797,73.9603042602539,74.91148376464844,66.65670013427734,76.1655044555664,78.4375,0,0,0,9.090909004211426,0,0,0,5,0,0,13.343785285949707,25769803776,0,17870651392,0
200,1790937575170,4,4,4,4,4,4,4,4,4,4,76.59140014648438,74.72357177734375,74.07219696044922,74.92289733886719,66.87975311279297,76.16815948486328,78.4375,5,0,0,0,0,0,10,4.761904716491699,0,0,13.343785285949707,25769803776,0,17870651392,0
200,1790937575370,4,4,4,4,4,4,4,4,4,4,76.59140014648438,74.72357177734375,74.07219696044922,74.92289733886719,66.87975311279297,76.16815948486328,78.4375,0,0,0,0,4.761904716491699,0,0,0,0,0,13.343785285949707,25769803776,0,17870651392,0
204,1790937575571,4,4,4,4,4,4,4,4,4,4,76.59140014648438,74.72357177734375,74.07219696044922,74.92289733886719,66.87975311279297,76.16815948486328,78.4375,5,0,4.761904716491699,0,0,0,0,4.761904716491699,0,0,13.277422904968262,25769803776,0,17872470016,0
204,1790937575776,4,4,4,4,4,4,4,4,4,4,76.59140014648438,74.72357177734375,74.07219696044922,74.92289733886719,66.87975311279297,76.16815948486328,78.4375,0,0,0,0,0,0,4.761904716491699,0,4.761904716491699,0,13.277422904968262,25769803776,0,17869930496,0
204,1790937575981,4,4,4,4,4,4,4,4,4,4,76.59140014648438,74.72357177734375,74.07219696044922,74.92289733886719,66.87975311279297,76.16815948486328,78.4375,0,0,4.761904716491699,0,0,0,9.523809432983398,0,4.545454502105713,0,13.277422904968262,25769803776,0,17869930496,0
204,1790937576186,4,4,4,4,4,4,4,4,4,4,76.5761489868164,74.65785217285156,74.04720306396484,74.8789291381836,66.81884765625,76.12169647216797,78.4375,4.761904716491699,4.545454502105713,0,0,0,0,5,4.761904716491699,0,0,13.277422904968262,25769803776,0,17869930496,0
204,1790937576391,4,4,4,4,4,4,4,4,4,4,76.5761489868164,74.65785217285156,74.04720306396484,74.8789291381836,66.81884765625,76.12169647216797,78.4375,5,4.761904716491699,0,0,0,0,4.761904716491699,0,0,0,13.277422904968262,25769803776,0,17869930496,0
204,1790937576596,4,4,4,4,4,4,4,4,4,4,76.5761489868164,74.65785217285156,74.04720306396484,74.8789291381836,66.81884765625,76.12169647216797,78.4375,4.761904716491699,0,0,0,0,0,5,0,0,0,13.290487289428711,25769803776,0,17869586432,0
204,1790937576801,4,4,4,4,4,4,4,4,4,4,76.5761489868164,74.65785217285156,74.04720306396484,74.8789291381836,66.81884765625,76.12169647216797,78.4375,5,4.761904716491699,0,0,0,0,9.523809432983398,0,0,0,13.290487289428711,25769803776,0,17869602816,0
204,1790937577006,4,4,4,4,4,4,4,4,4,4,76.5761489868164,74.65785217285156,74.04720306396484,74.8789291381836,66.81884765625,76.12169647216797,78.4375,0,0,0,0,0,0,5,0,0,0,13.290487289428711,25769803776,0,17869602816,0
202,1790937577211,4,4,4,4,4,4,4,4,4,4,76.59434509277344,74.6850814819336,73.95268249511719,74.87199401855469,66.6364517211914,76.13765716552734,78.4375,4.761904716491699,4.761904716491699,0,0,0,0,4.761904716491699,0,4.761904716491699,0,13.290487289428711,25769803776,0,17869602816,0
204,1790937577413,4,4,4,4,4,4,4,4,4,4,76.59434509277344,74.6850814819336,73.95268249511719,74.87199401855469,66.6364517211914,76.13765716552734,78.4375,5,0,0,0,0,0,5,4.761904716491699,0,0,13.290487289428711,25769803776,0,17869602816,0
204,1790937577619,4,4,4,4,4,4,4,4,4,4,76.59434509277344,74.6850814819336,73.95268249511719,74.87199401855469,66.6364517211914,76.13765716552734,78.4375,4.761904716491699,0,0,0,0,0,5,0,0,0,13.444218635559082,25769803776,0,17869176832,0
203,1790937577824,4,4,4,4,4,4,4,4,4,4,76.59434509277344,74.6850814819336,73.95268249511719,74.87199401855469,66.6364517211914,76.13765716552734,78.4375,0,0,0,0,0,0,9.523809432983398,0,0,0,13.444218635559082,25769803776,0,17869176832,0
204,1790937578027,4,4,4,4,4,4,4,4,4,4,76.59434509277344,74.74980163574219,73.94861602783203,74.87199401855469,66.65960693359375,76.13765716552734,78.4375,9.523809432983398,4.761904716491699,4.545454502105713,0,0,0,5,0,0,0,13.444218635559082,25769803776,0,17869176832,0
204,1790937578232,4,4,4,4,4,4,4,4,4,4,76.56671142578125,74.74980163574219,73.94861602783203,74.87254333496094,66.65960693359375,76.1644287109375,78.4375,4.761904716491699,5,5,4.761904716491699,4.545454502105713,4.761904716491699,5,0,0,0,13.444218635559082,25769803776,0,17869176832,0
204,1790937578437,4,4,4,4,4,4,4,4,4,4,76.56671142578125,74.74980163574219,73.94861602783203,74.87254333496094,66.65960693359375,76.1644287109375,78.4375,5,0,0,0,0,0,9.090909004211426,0,0,0,13.444218635559082,25769803776,0,17869176832,0
204,1790937578642,4,4,4,4,4,4,4,4,4,4,76.56671142578125,74.74980163574219,73.94861602783203,74.87254333496094,66.65960693359375,76.1644287109375,78.4375,5,9.090909004211426,4.761904716491699,4.545454502105713,0,0,0,4.761904716491699,4.545454502105713,0,13.282358169555664,25769803776,0,17869586432,0
204,1790937578847,4,4,4,4,4,4,4,4,4,4,76.56671142578125,74.74980163574219,73.94861602783203,74.87254333496094,66.65960693359375,76.1644287109375,78.4375,0,0,0,0,0,0,4.761904716491699,0,9.523809432983398,0,13.282358169555664,25769803776,0,17869586432,0
204,1790937579052,4,4,4,4,4,4,4,4,4,4,76.62179565429688,74.48734283447266,73.89716339111328,74.86663818359375,66.59639739990234,76.26962280273438,79.140625,9.090909004211426,0,0,0,0,0,5,0,0,0,13.282358169555664,25769803776,0,17869586432,0
204,1790937579257,4,4,4,4,4,4,4,4,4,4,76.62179565429688,74.48734283447266,73.89716339111328,74.86663818359375,66.59639739990234,76.26962280273438,79.140625,5.263157844543457,23.809524536132813,4.761904716491699,0,0,0,4.761904716491699,4.761904716491699,0,0,13.282358169555664,25769803776,0,17869586432,0
204,1790937579462,4,4,4,4,4,4,4,4,4,4,76.62179565429688,74.48734283447266,73.89716339111328,74.86663818359375,66.59639739990234,76.26962280273438,79.140625,14.285715103149414,15.000000953674316,0,0,0,0,0,0,0,0,13.282358169555664,25769803776,0,17869586432,0
204,1790937579667,4,4,4,4,4,4,4,4,4,4,76.62179565429688,74.48734283447266,73.89716339111328,74.86663818359375,66.59639739990234,76.26962280273438,79.140625,0,0,0,0,0,0,9.523809432983398,0,0,0,13.302544593811035,25769803776,0,17869438976,0
204,1790937579872,4,4,4,4,4,4,4,4,4,4,76.62179565429688,74.48734283447266,73.89716339111328,74.86663818359375,66.59639739990234,76.26962280273438,79.140625,0,9.090909004211426,0,0,0,0,5,0,0,0,13.302544593811035,25769803776,0,17869176832,0
204,1790937580077,4,4,4,4,4,4,4,4,4,4,76.55148315429688,74.70561981201172,74.07130432128906,74.86357116699219,66.86453247070313,76.11250305175781,78.4375,4.761904716491699,0,0,0,0,0,0,9.523809432983398,0,0,13.302544593811035,25769803776,0,17869176832,0
204,1790937580282,4,4,4,4,4,4,4,4,4,4,76.55148315429688,74.70561981201172,74.07130432128906,74.86357116699219,66.86453247070313,76.11250305175781,78.4375,0,0,0,0,0,0,0,5,4.761904716491699,4.761904716491699,13.302544593811035,25769803776,0,17869176832,0
204,1790937580487,4,4,4,4,4,4,4,4,4,4,76.55148315429688,74.70561981201172,74.07130432128906,74.86357116699219,66.86453247070313,76.11250305175781,78.4375,4.761904716491699,0,0,0,4.761904716491699,0,0,4.761904716491699,0,0,13.302544593811035,25769803776,0,17869078528,0
204,1790937580692,4,4,4,4,4,4,4,4,4,4,76.55148315429688,74.70561981201172,74.07130432128906,74.86357116699219,66.86453247070313,76.11250305175781,78.4375,5,0,0,0,0,0,4.545454502105713,9.523809432983398,0,0,13.322550773620605,25769803776,0,17869045760,0
204,1790937580897,4,4,4,4,4,4,4,4,4,4,76.55148315429688,74.70561981201172,74.07130432128906,74.86357116699219,66.86453247070313,76.11250305175781,78.4375,4.761904716491699,4.761904716491699,0,0,0,0,0,0,0,0,13.322550773620605,25769803776,0,17869045760,0
204,1790937581102,4,4,4,4,4,4,4,4,4,4,76.59912872314453,74.2336196899414,74.382080078125,74.93168640136719,67.48282623291016,76.1457290649414,78.4375,0,0,0,0,0,0,4.761904716491699,9.523809432983398,0,0,13.322550773620605,25769803776,0,17869045760,0
204,1790937581307,4,4,4,4,4,4,4,4,4,4,76.59912872314453,74.2336196899414,74.382080078125,74.93168640136719,67.48282623291016,76.1457290649414,78.4375,5,4.761904716491699,4.545454502105713,0,0,0,0,4.761904716491699,0,0,13.322550773620605,25769803776,0,17869045760,0
204,1790937581512,4,4,4,4,4,4,4,4,4,4,76.59912872314453,74.2336196899414,74.382080078125,74.93168640136719,67.48282623291016,76.1457290649414,78.4375,4.761904716491699,0,0,0,0,0,0,5,4.545454502105713,0,13.322550773620605,25769803776,0,17869045760,0
204,1790937581717,4,4,4,4,4,4,4,4,4,4,76.59912872314453,74.2336196899414,74.382080078125,74.93168640136719,67.48282623291016,76.1457290649414,78.4375,0,0,0,0,0,0,5,0,0,0,13.261310577392578,25769803776,0,17868832768,0
204,1790937581922,4,4,4,4,4,4,4,4,4,4,76.59912872314453,74.2336196899414,74.382080078125,74.93168640136719,67.48282623291016,76.1457290649414,78.4375,4.761904716491699,0,4.761904716491699,0,0,0,4.761904716491699,9.523809432983398,0,0,13.261310577392578,25769803776,0,17868750848,0
204,1790937582127,4,4,4,4,4,4,4,4,4,4,76.54808044433594,74.35955047607422,74.20072174072266,74.86392211914063,67.20195007324219,76.03807830810547,78.4375,4.761904716491699,4.545454502105713,0,0,0,0,0,5,4.761904716491699,4.545454502105713,13.261310577392578,25769803776,0,17868734464,0
204,1790937582332,4,4,4,4,4,4,4,4,4,4,76.54808044433594,74.35955047607422,74.20072174072266,74.86392211914063,67.20195007324219,76.03807830810547,78.4375,4.761904716491699,0,0,0,0,0,5,0,0,0,13.261310577392578,25769803776,0,17868767232,0
204,1790937582537,4,4,4,4,4,4,4,4,4,4,76.54808044433594,74.35955047607422,74.20072174072266,74.86392211914063,67.20195007324219,76.03807830810547,78.4375,0,0,0,0,0,0,0,9.523809432983398,0,0,13.277420043945313,25769803776,0,17868718080,0
204,1790937582742,4,4,4,4,4,4,4,4,4,4,76.54808044433594,74.35955047607422,74.20072174072266,74.86392211914063,67.20195007324219,76.03807830810547,78.4375,4.761904716491699,0,0,4.545454502105713,0,0,0,5,0,0,13.277420043945313,25769803776,0,17868783616,0
204,1790937582947,4,4,4,4,4,4,4,4,4,4,76.54808044433594,74.35955047607422,74.20072174072266,74.86392211914063,67.20195007324219,76.03807830810547,78.4375,0,0,0,0,0,0,0,4.761904716491699,0,0,13.277420043945313,25769803776,0,17870635008,0
200,1790937583152,4,4,4,4,4,4,4,4,4,4,76.5240478515625,74.3418960571289,74.29790496826172,74.8473892211914,67.32770538330078,75.98503112792969,79.375,0,0,0,0,0,0,0,4.761904716491699,0,0,13.277420043945313,25769803776,0,17868800000,0
204,1790937583353,4,4,4,4,4,4,4,4,4,4,76.5240478515625,74.3418960571289,74.29790496826172,74.8473892211914,67.32770538330078,75.98503112792969,79.375,5,4.761904716491699,0,0,0,0,4.761904716491699,0,5,0,13.277420043945313,25769803776,0,17867309056,0
204,1790937583558,4,4,4,4,4,4,4,4,4,4,76.5240478515625,74.3418960571289,74.29790496826172,74.8473892211914,67.32770538330078,75.98503112792969,79.375,5,5,5,0,0,0,5,0,0,0,13.153763771057129,25769803776,0,17867374592,0
204,1790937583763,4,4,4,4,4,4,4,4,4,4,76.5240478515625,74.3418960571289,74.29790496826172,74.8473892211914,67.32770538330078,75.98503112792969,79.375,4.761904716491699,0,0,0,0,0,0,5,0,0,13.153763771057129,25769803776,0,17867374592,0
204,1790937583968,4,4,4,4,4,4,4,4,4,4,76.5240478515625,74.3418960571289,74.29790496826172,74.8473892211914,67.32770538330078,75.98503112792969,79.375,0,0,0,0,0,0,0,5,0,0,13.153763771057129,25769803776,0,17867390976,0
204,1790937584173,4,4,4,4,4,4,4,4,4,4,76.62056732177734,74.22203063964844,74.04959869384766,74.91018676757813,66.90628051757813,76.20308685302734,80.203125,0,4.761904716491699,0,0,0,0,0,4.761904716491699,0,0,13.153763771057129,25769803776,0,17867440128,0
204,1790937584378,4,4,4,4,4,4,4,4,4,4,76.62056732177734,74.22203063964844,74.04959869384766,74.91018676757813,66.90628051757813,76.20308685302734,80.203125,4.761904716491699,0,4.545454502105713,0,0,0,4.761904716491699,5,0,0,13.153763771057129,25769803776,0,17867538432,0
204,1790937584583,4,4,4,4,4,4,4,4,4,4,76.62056732177734,74.22203063964844,74.04959869384766,74.91018676757813,66.90628051757813,76.20308685302734,80.203125,4.761904716491699,4.761904716491699,0,0,0,0,0,9.523809432983398,0,0,13.264357566833496,25769803776,0,17867538432,0
204,1790937584788,4,4,4,4,4,4,4,4,4,4,76.62056732177734,74.22203063964844,74.04959869384766,74.91018676757813,66.90628051757813,76.20308685302734,80.203125,0,0,0,0,0,0,0,5,4.761904716491699,4.545454502105713,13.264357566833496,25769803776,0,17867292672,0
204,1790937584993,4,4,4,4,4,4,4,4,4,4,76.62056732177734,74.22203063964844,74.04959869384766,74.91018676757813,66.90628051757813,76.20308685302734,80.203125,4.761904716491699,0,0,0,0,0,4.761904716491699,4.761904716491699,0,0,13.264357566833496,25769803776,0,17867292672,0
204,1790937585198,4,4,4,4,4,4,4,4,4,4,76.48332214355469,74.22848510742188,74.3689193725586,74.84257507324219,67.4518051147461,76.01270294189453,78.90625,0,4.761904716491699,0,0,0,0,0,5,0,0,13.264357566833496,25769803776,0,17867243520,0
204,1790937585403,4,4,4,4,4,4,4,4,4,4,76.48332214355469,74.22848510742188,74.3689193725586,74.84257507324219,67.4518051147461,76.01270294189453,78.90625,0,0,0,0,0,0,0,9.523809432983398,0,0,13.264357566833496,25769803776,0,17867243520,0
204,1790937585608,4,4,4,4,4,4,4,4,4,4,76.48332214355469,74.22848510742188,74.3689193725586,74.84257507324219,67.4518051147461,76.01270294189453,78.90625,4.761904716491699,0,0,0,0,0,0,4.761904716491699,0,0,13.250274658203125,25769803776,0,17867243520,0
204,1790937585813,4,4,4,4,4,4,4,4,4,4,76.48332214355469,74.22848510742188,74.3689193725586,74.84257507324219,67.4518051147461,76.01270294189453,78.90625,0,0,0,0,0,0,0,9.523809432983398,0,0,13.250274658203125,25769803776,0,17867243520,0
204,1790937586018,4,4,4,4,4,4,4,4,4,4,76.48332214355469,74.22848510742188,74.3689193725586,74.84257507324219,67.4518051147461,76.01270294189453,78.90625,4.761904716491699,0,0,0,0,0,0,0,4.761904716491699,0,13.250274658203125,25769803776,0,17867243520,0
204,1790937586223,4,4,4,4,4,4,4,4,4,4,76.46395874023438,74.20370483398438,74.34347534179688,74.80886840820313,67.43914031982422,76.006591796875,78.4375,0,0,0,4.545454502105713,0,0,4.545454502105713,5,0,0,13.250274658203125,25769803776,0,17867194368,0
204,1790937586428,4,4,4,4,4,4,4,4,4,4,76.46395874023438,74.20370483398438,74.34347534179688,74.80886840820313,67.43914031982422,76.006591796875,78.4375,0,0,0,0,0,0,0,0,0,0,13.250274658203125,25769803776,0,17867194368,0
204,1790937586633,4,4,4,4,4,4,4,4,4,4,76.46395874023438,74.20370483398438,74.34347534179688,74.80886840820313,67.43914031982422,76.006591796875,78.4375,9.090909004211426,0,0,0,4.761904716491699,0,0,9.523809432983398,4.761904716491699,0,13.156785011291504,25769803776,0,17867194368,0
204,1790937586838,4,4,4,4,4,4,4,4,4,4,76.46395874023438,74.20370483398438,74.34347534179688,74.80886840820313,67.43914031982422,76.006591796875,78.4375,0,4.545454502105713,0,0,0,0,8.69565200805664,4.761904716491699,0,0,13.156785011291504,25769803776,0,17868931072,0
200,1790937587043,4,4,4,4,4,4,4,4,4,4,76.4364242553711,74.2347183227539,74.13429260253906,74.77146911621094,67.0676040649414,75.94188690185547,78.671875,4.761904716491699,0,0,0,0,0,0,0,0,0,13.156785011291504,25769803776,0,17867030528,0
200,1790937587244,4,4,4,4,4,4,4,4,4,4,76.4364242553711,74.2347183227539,74.13429260253906,74.77146911621094,67.0676040649414,75.94188690185547,78.671875,0,4.761904716491699,4.761904716491699,0,4.761904716491699,0,0,9.523809432983398,0,0,13.156785011291504,25769803776,0,17867161600,0
204,1790937587445,4,4,4,4,4,4,4,4,4,4,76.4364242553711,74.2347183227539,74.13429260253906,74.77146911621094,67.0676040649414,75.94188690185547,78.671875,0,0,0,0,0,0,0,5,0,0,13.156785011291504,25769803776,0,17867079680,0
204,1790937587650,4,4,4,4,4,4,4,4,4,4,76.4364242553711,74.2347183227539,74.13429260253906,74.77146911621094,67.0676040649414,75.94188690185547,78.671875,4.761904716491699,0,0,0,0,0,0,0,5,0,13.236190795898438,25769803776,0,17867079680,0
204,1790937587855,4,4,4,4,4,4,4,4,4,4,76.4364242553711,74.2347183227539,74.13429260253906,74.77146911621094,67.0676040649414,75.94188690185547,78.671875,0,0,0,0,0,0,5,4.761904716491699,0,0,13.236190795898438,25769803776,0,17867096064,0
204,1790937588060,4,4,4,4,4,4,4,4,4,4,76.57878112792969,74.26033782958984,74.14214324951172,74.77983093261719,67.09712219238281,76.1334228515625,79.140625,0,0,0,0,0,0,0,4.761904716491699,0,0,13.236190795898438,25769803776,0,17867096064,0
204,1790937588264,4,4,4,4,4,4,4,4,4,4,76.57878112792969,74.26033782958984,74.14214324951172,74.77983093261719,67.09712219238281,76.1334228515625,79.140625,4.761904716491699,0,0,0,0,0,9.090909004211426,5,0,0,13.236190795898438,25769803776,0,17867096064,0
204,1790937588469,4,4,4,4,4,4,4,4,4,4,76.57878112792969,74.26033782958984,74.14214324951172,74.77983093261719,67.09712219238281,76.1334228515625,79.140625,0,4.761904716491699,4.761904716491699,0,0,0,0,5,0,0,13.236190795898438,25769803776,0,17867096064,0
204,1790937588674,4,4,4,4,4,4,4,4,4,4,76.57878112792969,74.26033782958984,74.14214324951172,74.77983093261719,67.09712219238281,76.1334228515625,79.140625,4.761904716491699,0,0,0,0,0,0,5,0,0,13.259279251098633,25769803776,0,17867096064,0
204,1790937588879,4,4,4,4,4,4,4,4,4,4,76.57878112792969,74.26033782958984,74.14214324951172,74.77983093261719,67.09712219238281,76.1334228515625,79.140625,0,0,0,0,0,0,0,9.090909004211426,0,0,13.259279251098633,25769803776,0,17866686464,0
201,1790937589084,4,4,4,4,4,4,4,4,4,4,76.41676330566406,74.17191314697266,74.33228302001953,74.70001220703125,67.44720458984375,75.9194107055664,78.4375,9.523809432983398,0,0,0,0,0,0,5,4.545454502105713,0,13.259279251098633,25769803776,0,17866686464,0
204,1790937589286,4,4,4,4,4,4,4,4,4,4,76.41676330566406,74.17191314697266,74.33228302001953,74.70001220703125,67.44720458984375,75.9194107055664,78.4375,0,0,0,0,0,0,0,9.523809432983398,4.761904716491699,0,13.259279251098633,25769803776,0,17866686464,0
204,1790937589491,4,4,4,4,4,4,4,4,4,4,76.41676330566406,74.17191314697266,74.33228302001953,74.70001220703125,67.44720458984375,75.9194107055664,78.4375,0,0,0,0,0,0,9.523809432983398,0,0,0,13.259279251098633,25769803776,0,17866686464,0
203,1790937589696,4,4,4,4,4,4,4,4,4,4,76.41676330566406,74.17191314697266,74.33228302001953,74.70001220703125,67.44720458984375,75.9194107055664,78.4375,4.761904716491699,4.761904716491699,0,0,0,0,0,5,0,0,13.191943168640137,25769803776,0,17866686464,0
204,1790937589900,4,4,4,4,4,4,4,4,4,4,76.41676330566406,74.17191314697266,74.33228302001953,74.70001220703125,67.44720458984375,75.9194107055664,78.4375,0,0,0,0,0,0,0,5,0,0,13.191943168640137,25769803776,0,17866604544,0
204,1790937590105,4,4,4,4,4,4,4,4,4,4,76.42179870605469,74.2685546875,74.14805603027344,74.6820297241211,67.11131286621094,75.9098892211914,78.203125,0,0,0,0,0,0,0,9.523809432983398,0,0,13.191943168640137,25769803776,0,17866604544,0
204,1790937590310,4,4,4,4,4,4,4,4,4,4,76.42179870605469,74.2685546875,74.14805603027344,74.6820297241211,67.11131286621094,75.9098892211914,78.203125,4.761904716491699,0,0,0,0,0,4.761904716491699,0,0,0,13.191943168640137,25769803776,0,17868390400,0
204,1790937590515,4,4,4,4,4,4,4,4,4,4,76.42179870605469,74.2685546875,74.14805603027344,74.6820297241211,67.11131286621094,75.9098892211914,78.203125,0,0,0,0,0,0,0,0,0,0,13.191943168640137,25769803776,0,17866555392,0
200,1790937590720,4,4,4,4,4,4,4,4,4,4,76.42179870605469,74.2685546875,74.14805603027344,74.6820297241211,67.11131286621094,75.9098892211914,78.203125,9.523809432983398,4.761904716491699,0,4.761904716491699,0,0,0,5,4.761904716491699,0,13.249259948730469,25769803776,0,17866555392,0
204,1790937590920,4,4,4,4,4,4,4,4,4,4,76.42179870605469,74.2685546875,74.14805603027344,74.6820297241211,67.11131286621094,75.9098892211914,78.203125,0,0,0,0,0,0,9.523809432983398,0,0,0,13.249259948730469,25769803776,0,17866637312,0
200,1790937591125,4,4,4,4,4,4,4,4,4,4,76.5218734741211,74.394287109375,74.25972747802734,74.74050903320313,67.2634048461914,76.10850524902344,80.3125,15.000000953674316,15.000000953674316,9.523809432983398,4.761904716491699,0,0,10,57.142860412597656,10,4.761904716491699,13.249259948730469,25769803776,0,17885511680,0
200,1790937591327,4,4,4,4,4,4,4,4,4,4,76.5218734741211,74.394287109375,74.25972747802734,74.74050903320313,67.2634048461914,76.10850524902344,80.3125,10,9.523809432983398,0,0,0,0,0,10,0,0,13.249259948730469,25769803776,0,17885609984,0
200,1790937591527,4,4,4,4,4,4,4,4,4,4,76.5218734741211,74.394287109375,74.25972747802734,74.74050903320313,67.2634048461914,76.10850524902344,80.3125,9.523809432983398,5,9.523809432983398,0,0,0,0,5,0,4.761904716491699,13.249259948730469,25769803776,0,17885609984,0
200,1790937591728,4,4,4,4,4,4,4,4,4,4,76.5218734741211,74.394287109375,74.25972747802734,74.74050903320313,67.2634048461914,76.10850524902344,80.3125,0,5,0,0,4.761904716491699,0,5,0,0,0,13.154784202575684,25769803776,0,17885609984,0
200,1790937591928,4,4,4,4,4,4,4,4,4,4,76.5218734741211,74.394287109375,74.25972747802734,74.74050903320313,67.2634048461914,76.10850524902344,80.3125,9.523809432983398,0,0,0,0,4.761904716491699,4.761904716491699,10,4.761904716491699,0,13.154784202575684,25769803776,0,17885642752,0
204,1790937592129,4,4,4,4,4,4,4,4,4,4,76.44552612304688,74.63097381591797,74.87509155273438,74.78297424316406,68.06524658203125,75.99139404296875,86.09375,0,9.523809432983398,0,4.761904716491699,0,0,0,5,0,0,13.154784202575684,25769803776,0,17885855744,0
204,1790937592334,4,4,4,4,4,4,4,4,4,4,76.44552612304688,74.63097381591797,74.87509155273438,74.78297424316406,68.06524658203125,75.99139404296875,86.09375,9.523809432983398,0,4.761904716491699,0,0,0,4.545454502105713,9.523809432983398,0,0,13.154784202575684,25769803776,0,17886298112,0
202,1790937592539,4,4,4,4,4,4,4,4,4,4,76.44552612304688,74.63097381591797,74.87509155273438,74.78297424316406,68.06524658203125,75.99139404296875,86.09375,0,0,0,0,0,0,0,5,4.761904716491699,0,12.839004516601563,25769803776,0,17886298112,0
200,1790937592741,4,4,4,4,4,4,4,4,4,4,76.44552612304688,74.63097381591797,74.87509155273438,74.78297424316406,68.06524658203125,75.99139404296875,86.09375,4.761904716491699,4.761904716491699,0,0,0,0,0,9.523809432983398,0,0,12.839004516601563,25769803776,0,17886298112,0
204,1790937592942,4,4,4,4,4,4,4,4,4,4,76.44552612304688,74.63097381591797,74.87509155273438,74.78297424316406,68.06524658203125,75.99139404296875,86.09375,5,0,4.761904716491699,0,0,0,5.263157844543457,0,0,0,12.839004516601563,25769803776,0,17886019584,0
202,1790937593147,4,4,4,4,4,4,4,4,4,4,76.39510345458984,74.19156646728516,74.13687133789063,74.6480484008789,67.15542602539063,75.87507629394531,78.4375,4.761904716491699,0,0,0,4.761904716491699,0,4.545454502105713,0,0,0,12.839004516601563,25769803776,0,17887789056,0
204,1790937593349,4,4,4,4,4,4,4,4,4,4,76.39510345458984,74.19156646728516,74.13687133789063,74.6480484008789,67.15542602539063,75.87507629394531,78.4375,0,4.761904716491699,0,4.761904716491699,0,0,0,9.523809432983398,0,0,12.839004516601563,25769803776,0,17885757440,0
204,1790937593554,4,4,4,4,4,4,4,4,4,4,76.39510345458984,74.19156646728516,74.13687133789063,74.6480484008789,67.15542602539063,75.87507629394531,78.4375,0,0,0,0,0,0,0,4.761904716491699,0,0,13.55660629272461,25769803776,0,17885757440,0
204,1790937593759,4,4,4,4,4,4,4,4,4,4,76.39510345458984,74.19156646728516,74.13687133789063,74.6480484008789,67.15542602539063,75.87507629394531,78.4375,4.761904716491699,4.761904716491699,4.761904716491699,0,0,0,0,9.523809432983398,4.761904716491699,0,13.55660629272461,25769803776,0,17885757440,0
204,1790937593964,4,4,4,4,4,4,4,4,4,4,76.39510345458984,74.19156646728516,74.13687133789063,74.6480484008789,67.15542602539063,75.87507629394531,78.4375,5,0,0,0,0,0,0,0,0,0,13.55660629272461,25769803776,0,17871224832,0
204,1790937594169,4,4,4,4,4,4,4,4,4,4,76.3687973022461,74.09262084960938,74.21290588378906,74.64466857910156,67.26689910888672,75.884765625,78.4375,4.761904716491699,0,0,0,0,0,4.545454502105713,9.523809432983398,0,0,13.55660629272461,25769803776,0,17871273984,0
204,1790937594374,4,4,4,4,4,4,4,4,4,4,76.3687973022461,74.09262084960938,74.21290588378906,74.64466857910156,67.26689910888672,75.884765625,78.4375,5,5,4.545454502105713,0,0,0,0,5,0,0,13.55660629272461,25769803776,0,17871290368,0
204,1790937594579,4,4,4,4,4,4,4,4,4,4,76.3687973022461,74.09262084960938,74.21290588378906,74.64466857910156,67.26689910888672,75.884765625,78.4375,4.761904716491699,4.545454502105713,0,0,0,0,0,9.523809432983398,0,0,13.246213912963867,25769803776,0,17870946304,0
204,1790937594784,4,4,4,4,4,4,4,4,4,4,76.3687973022461,74.09262084960938,74.21290588378906,74.64466857910156,67.26689910888672,75.884765625,78.4375,0,0,0,0,0,0,5,0,4.761904716491699,0,13.246213912963867,25769803776,0,17870946304,0
204,1790937594989,4,4,4,4,4,4,4,4,4,4,76.3687973022461,74.09262084960938,74.21290588378906,74.64466857910156,67.26689910888672,75.884765625,78.4375,4.761904716491699,0,0,0,0,0,0,4.761904716491699,0,0,13.246213912963867,25769803776,0,17870946304,0
204,1790937595194,4,4,4,4,4,4,4,4,4,4,76.39379119873047,74.21058654785156,74.15176391601563,74.62625885009766,67.11141967773438,75.88921356201172,78.4375,0,0,0,0,0,0,4.761904716491699,5,0,0,13.246213912963867,25769803776,0,17870962688,0
204,1790937595399,4,4,4,4,4,4,4,4,4,4,76.39379119873047,74.21058654785156,74.15176391601563,74.62625885009766,67.11141967773438,75.88921356201172,78.4375,0,0,0,0,0,0,0,9.523809432983398,0,0,13.246213912963867,25769803776,0,17870962688,0
204,1790937595604,4,4,4,4,4,4,4,4,4,4,76.39379119873047,74.21058654785156,74.15176391601563,74.62625885009766,67.11141967773438,75.88921356201172,78.4375,4.761904716491699,0,0,0,0,0,0,5,0,0,13.156785011291504,25769803776,0,17871011840,0
204,1790937595809,4,4,4,4,4,4,4,4,4,4,76.39379119873047,74.21058654785156,74.15176391601563,74.62625885009766,67.11141967773438,75.88921356201172,78.4375,0,9.090909004211426,0,0,0,0,0,9.090909004211426,0,0,13.156785011291504,25769803776,0,17871011840,0
204,1790937596014,4,4,4,4,4,4,4,4,4,4,76.39379119873047,74.21058654785156,74.15176391601563,74.62625885009766,67.11141967773438,75.88921356201172,78.4375,5,0,0,0,0,0,0,5,0,0,13.156785011291504,25769803776,0,17870897152,0
200,1790937596219,4,4,4,4,4,4,4,4,4,4,76.37510681152344,74.13801574707031,74.26628112792969,74.60433197021484,67.36316680908203,75.83546447753906,79.140625,0,0,0,0,0,0,0,0,0,0,13.156785011291504,25769803776,0,17870897152,0
204,1790937596420,4,4,4,4,4,4,4,4,4,4,76.37510681152344,74.13801574707031,74.26628112792969,74.60433197021484,67.36316680908203,75.83546447753906,79.140625,9.090909004211426,0,0,0,0,0,0,10,4.761904716491699,0,13.156785011291504,25769803776,0,17870897152,0
202,1790937596625,4,4,4,4,4,4,4,4,4,4,76.37510681152344,74.13801574707031,74.26628112792969,74.60433197021484,67.36316680908203,75.83546447753906,79.140625,0,40,0,0,0,0,4.761904716491699,4.761904716491699,0,0,13.215028762817383,25769803776,0,17870897152,0
204,1790937596827,4,4,4,4,4,4,4,4,4,4,76.37510681152344,74.13801574707031,74.26628112792969,74.60433197021484,67.36316680908203,75.83546447753906,79.140625,5,33.333335876464844,0,0,0,0,0,9.523809432983398,0,0,13.215028762817383,25769803776,0,17870897152,0
201,1790937597032,4,4,4,4,4,4,4,4,4,4,76.34619903564453,74.10020446777344,74.18751525878906,74.59120178222656,67.2229232788086,75.84707641601563,78.4375,4.761904716491699,0,4.545454502105713,0,0,0,0,0,0,0,13.215028762817383,25769803776,0,17869914112,0
200,1790937597234,4,4,4,4,4,4,4,4,4,4,76.34619903564453,74.10020446777344,74.18751525878906,74.59120178222656,67.2229232788086,75.84707641601563,78.4375,0,4.761904716491699,0,0,0,0,4.761904716491699,5,5,0,13.215028762817383,25769803776,0,17869914112,0
200,1790937597434,4,4,4,4,4,4,4,4,4,4,76.34619903564453,74.10020446777344,74.18751525878906,74.59120178222656,67.2229232788086,75.84707641601563,78.4375,5,0,0,0,0,0,0,10,0,0,13.215028762817383,25769803776,0,17869979648,0
204,1790937597635,4,4,4,4,4,4,4,4,4,4,76.34619903564453,74.10020446777344,74.18751525878906,74.59120178222656,67.2229232788086,75.84707641601563,78.4375,0,0,4.761904716491699,0,0,0,0,5,0,0,13.194977760314941,25769803776,0,17869733888,0
204,1790937597840,4,4,4,4,4,4,4,4,4,4,76.34619903564453,74.10020446777344,74.18751525878906,74.59120178222656,67.2229232788086,75.84707641601563,78.4375,4.761904716491699,4.761904716491699,0,4.545454502105713,0,0,0,4.761904716491699,4.761904716491699,0,13.194977760314941,25769803776,0,17869733888,0
204,1790937598045,4,4,4,4,4,4,4,4,4,4,76.3241195678711,74.13826751708984,74.2909927368164,74.5802993774414,67.37905883789063,75.83055114746094,78.203125,0,0,0,0,0,0,0,5,0,0,13.194977760314941,25769803776,0,17869553664,0
204,1790937598250,4,4,4,4,4,4,4,4,4,4,76.3241195678711,74.13826751708984,74.2909927368164,74.5802993774414,67.37905883789063,75.83055114746094,78.203125,9.090909004211426,0,0,0,0,0,0,9.523809432983398,0,0,13.194977760314941,25769803776,0,17869471744,0
200,1790937598455,4,4,4,4,4,4,4,4,4,4,76.3241195678711,74.13826751708984,74.2909927368164,74.5802993774414,67.37905883789063,75.83055114746094,78.203125,0,4.761904716491699,0,0,0,0,0,5,0,0,13.194977760314941,25769803776,0,17869455360,0
204,1790937598656,4,4,4,4,4,4,4,4,4,4,76.3241195678711,74.13826751708984,74.2909927368164,74.5802993774414,67.37905883789063,75.83055114746094,78.203125,4.761904716491699,0,0,0,0,0,0,5,0,0,13.169856071472168,25769803776,0,17869406208,0
202,1790937598861,4,4,4,4,4,4,4,4,4,4,76.3241195678711,74.13826751708984,74.2909927368164,74.5802993774414,67.37905883789063,75.83055114746094,78.203125,0,0,0,0,0,0,0,9.523809432983398,0,0,13.169856071472168,25769803776,0,17869406208,0
204,1790937599063,4,4,4,4,4,4,4,4,4,4,76.28884887695313,74.09906005859375,74.26945495605469,74.55699157714844,67.38233947753906,75.78973388671875,78.203125,0,0,0,0,0,0,9.090909004211426,5,0,0,13.169856071472168,25769803776,0,17869275136,0
204,1790937599268,4,4,4,4,4,4,4,4,4,4,76.28884887695313,74.09906005859375,74.26945495605469,74.55699157714844,67.38233947753906,75.78973388671875,78.203125,4.761904716491699,0,0,0,0,0,0,9.523809432983398,4.761904716491699,0,13.169856071472168,25769803776,0,17869340672,0
204,1790937599473,4,4,4,4,4,4,4,4,4,4,76.28884887695313,74.09906005859375,74.26945495605469,74.55699157714844,67.38233947753906,75.78973388671875,78.203125,4.761904716491699,4.761904716491699,0,0,0,0,0,5,0,0,13.169856071472168,25769803776,0,17869078528,0
204,1790937599678,4,4,4,4,4,4,4,4,4,4,76.28884887695313,74.09906005859375,74.26945495605469,74.55699157714844,67.38233947753906,75.78973388671875,78.203125,4.761904716491699,4.761904716491699,0,0,4.545454502105713,0,0,5,0,0,13.127646446228027,25769803776,0,17869078528,0
204,1790937599883,4,4,4,4,4,4,4,4,4,4,76.28884887695313,74.09906005859375,74.26945495605469,74.55699157714844,67.38233947753906,75.78973388671875,78.203125,0,0,4.545454502105713,0,0,0,0,5,0,0,13.127646446228027,25769803776,0,17869193216,0
202,1790937600088,4,4,4,4,4,4,4,4,4,4,76.31874084472656,74.06666564941406,74.17337799072266,74.56541442871094,67.22235870361328,75.81303405761719,78.203125,4.761904716491699,0,0,0,4.545454502105713,0,0,9.090909004211426,0,0,13.127646446228027,25769803776,0,17869373440,0
200,1790937600290,4,4,4,4,4,4,4,4,4,4,76.31874084472656,74.06666564941406,74.17337799072266,74.56541442871094,67.22235870361328,75.81303405761719,78.203125,0,4.761904716491699,0,0,0,0,0,5,0,0,13.127646446228027,25769803776,0,17871454208,0
200,1790937600491,4,4,4,4,4,4,4,4,4,4,76.31874084472656,74.06666564941406,74.17337799072266,74.56541442871094,67.22235870361328,75.81303405761719,78.203125,0,0,0,0,0,0,4.761904716491699,0,0,0,13.127646446228027,25769803776,0,17869553664,0
203,1790937600692,4,4,4,4,4,4,4,4,4,4,76.31874084472656,74.06666564941406,74.17337799072266,74.56541442871094,67.22235870361328,75.81303405761719,78.203125,4.761904716491699,5,0,0,0,0,0,5.263157844543457,0,0,13.247227668762207,25769803776,0,17869570048,0
204,1790937600896,4,4,4,4,4,4,4,4,4,4,76.31874084472656,74.06666564941406,74.17337799072266,74.56541442871094,67.22235870361328,75.81303405761719,78.203125,5,0,0,0,0,0,0,9.523809432983398,4.761904716491699,0,13.247227668762207,25769803776,0,17869570048,0
204,1790937601101,4,4,4,4,4,4,4,4,4,4,76.34283447265625,74.09550476074219,74.24163055419922,74.55567932128906,67.31402587890625,75.85313415527344,78.4375,4.761904716491699,0,4.545454502105713,0,0,0,0,4.761904716491699,0,0,13.247227668762207,25769803776,0,17869520896,0
204,1790937601306,4,4,4,4,4,4,4,4,4,4,76.34283447265625,74.09550476074219,74.24163055419922,74.55567932128906,67.31402587890625,75.85313415527344,78.4375,0,0,0,4.761904716491699,0,0,0,5,0,0,13.247227668762207,25769803776,0,17869520896,0
204,1790937601511,4,4,4,4,4,4,4,4,4,4,76.34283447265625,74.09550476074219,74.24163055419922,74.55567932128906,67.31402587890625,75.85313415527344,78.4375,0,0,0,0,0,0,0,5,0,0,13.247227668762207,25769803776,0,17869012992,0
204,1790937601716,4,4,4,4,4,4,4,4,4,4,76.34283447265625,74.09550476074219,74.24163055419922,74.55567932128906,67.31402587890625,75.85313415527344,78.4375,4.761904716491699,0,0,0,0,0,0,9.523809432983398,4.761904716491699,0,13.19093132019043,25769803776,0,17869012992,0
204,1790937601921,4,4,4,4,4,4,4,4,4,4,76.34283447265625,74.09550476074219,74.24163055419922,74.55567932128906,67.31402587890625,75.85313415527344,78.4375,0,4.761904716491699,0,0,0,4.761904716491699,0,5,0,0,13.19093132019043,25769803776,0,17869012992,0
9,1790937602126,4,4,4,4,4,4,4,4,4,4,76.31424713134766,74.0394515991211,74.21692657470703,74.53035736083984,67.30064392089844,75.79419708251953,78.203125,9.523809432983398,4.761904716491699,0,0,0,0,4.761904716491699,4.761904716491699,4.761904716491699,0,13.19093132019043,25769803776,0,17848205312,0
