Delta,Time,CPU_FREQUENCY_0,CPU_FREQUENCY_1,CPU_FREQUENCY_2,CPU_FREQUENCY_3,CPU_FREQUENCY_4,CPU_FREQUENCY_5,CPU_FREQUENCY_6,CPU_FREQUENCY_7,CPU_FREQUENCY_8,CPU_FREQUENCY_9,CPU_TEMP_0,CPU_TEMP_1,CPU_TEMP_2,CPU_TEMP_3,CPU_TEMP_4,CPU_TEMP_5,CPU_TEMP_6,CPU_USAGE_0,CPU_USAGE_1,CPU_USAGE_2,CPU_USAGE_3,CPU_USAGE_4,CPU_USAGE_5,CPU_USAGE_6,CPU_USAGE_7,CPU_USAGE_8,CPU_USAGE_9,SYSTEM_POWER (Watts),TOTAL_MEMORY,TOTAL_SWAP,USED_MEMORY,USED_SWAP
0,1790934296259,4,4,4,4,4,4,4,4,4,4,63.660728454589844,63.643489837646484,63.442169189453125,62.923526763916016,56.59054183959961,63.599754333496094,71.0625,0,0,0,0,0,0,0,0,0,0,3.399059295654297,25769803776,0,18234277888,0
204,1790934296259,4,4,4,4,4,4,4,4,4,4,63.660728454589844,63.643489837646484,63.442169189453125,62.923526763916016,56.59054183959961,63.599754333496094,71.0625,100,50,0,0,0,0,0,0,NaN,0,3.399059295654297,25769803776,0,18234277888,0
204,1790934296464,4,4,4,4,4,4,4,4,4,4,63.660728454589844,63.643489837646484,63.442169189453125,62.923526763916016,56.59054183959961,63.599754333496094,71.0625,5,4.761904716491699,0,0,0,0,30.000001907348633,10,4.761904716491699,0,3.399059295654297,25769803776,0,18234277888,0
204,1790934296669,4,4,4,4,4,4,4,4,4,4,63.660728454589844,63.643489837646484,63.442169189453125,62.923526763916016,56.59054183959961,63.599754333496094,71.0625,4.761904716491699,0,0,0,0,0,4.761904716491699,5,0,0,3.405202865600586,25769803776,0,18234277888,0
201,1790934296874,4,4,4,4,4,4,4,4,4,4,63.660728454589844,63.643489837646484,63.442169189453125,62.923526763916016,56.59054183959961,63.599754333496094,71.0625,0,0,0,0,0,0,0,9.090909004211426,0,0,3.405202865600586,25769803776,0,18234277888,0
204,1790934297076,4,4,4,4,4,4,4,4,4,4,69.35263061523438,65.92024230957031,65.76866149902344,67.52937316894531,59.093570709228516,68.72464752197266,74.890625,0,0,0,0,0,0,0,0,0,0,3.405202865600586,25769803776,0,18256232448,0
202,1790934297281,4,4,4,4,4,4,4,4,4,4,69.35263061523438,65.92024230957031,65.76866149902344,67.52937316894531,59.093570709228516,68.72464752197266,74.890625,5,4.761904716491699,0,0,0,0,0,5,0,0,3.405202865600586,25769803776,0,18256134144,0
204,1790934297483,4,4,4,4,4,4,4,4,4,4,69.35263061523438,65.92024230957031,65.76866149902344,67.52937316894531,59.093570709228516,68.72464752197266,74.890625,4.761904716491699,0,0,0,0,0,0,9.523809432983398,0,0,3.405202865600586,25769803776,0,18256527360,0
204,1790934297688,4,4,4,4,4,4,4,4,4,4,69.35263061523438,65.92024230957031,65.76866149902344,67.52937316894531,59.093570709228516,68.72464752197266,74.890625,0,0,0,0,0,0,0,5,0,0,12.850349426269531,25769803776,0,18256510976,0
204,1790934297893,4,4,4,4,4,4,4,4,4,4,69.35263061523438,65.92024230957031,65.76866149902344,67.52937316894531,59.093570709228516,68.72464752197266,74.890625,0,0,0,0,0,0,4.545454502105713,4.761904716491699,0,0,12.850349426269531,25769803776,0,18256510976,0
204,1790934298098,4,4,4,4,4,4,4,4,4,4,74.28849792480469,69.2975845336914,69.37162780761719,71.96846771240234,62.544769287109375,73.38013458251953,74.890625,0,0,4.545454502105713,0,0,0,0,9.523809432983398,0,0,12.850349426269531,25769803776,0,18243895296,0
200,1790934298303,4,4,4,4,4,4,4,4,4,4,74.28849792480469,69.2975845336914,69.37162780761719,71.96846771240234,62.544769287109375,73.38013458251953,74.890625,4.761904716491699,4.761904716491699,0,0,0,0,4.761904716491699,0,4.761904716491699,0,12.850349426269531,25769803776,0,18245435392,0
204,1790934298504,4,4,4,4,4,4,4,4,4,4,74.28849792480469,69.2975845336914,69.37162780761719,71.96846771240234,62.544769287109375,73.38013458251953,74.890625,0,5,0,0,0,0,0,0,0,0,20.148855209350586,25769803776,0,18245435392,0
204,1790934298709,4,4,4,4,4,4,4,4,4,4,74.28849792480469,69.2975845336914,69.37162780761719,71.96846771240234,62.544769287109375,73.38013458251953,74.890625,0,0,0,0,0,0,0,4.761904716491699,0,0,20.148855209350586,25769803776,0,18245435392,0
204,1790934298914,4,4,4,4,4,4,4,4,4,4,74.28849792480469,69.2975845336914,69.37162780761719,71.96846771240234,62.544769287109375,73.38013458251953,74.890625,4.761904716491699,0,0,0,0,0,0,9.523809432983398,0,0,20.148855209350586,25769803776,0,18245435392,0
201,1790934299119,4,4,4,4,4,4,4,4,4,4,73.71317291259766,69.81501007080078,69.97406768798828,71.73831176757813,63.07823181152344,73.00631713867188,74.890625,4.761904716491699,4.761904716491699,0,0,0,0,0,5,0,0,20.148855209350586,25769803776,0,18230689792,0
204,1790934299321,4,4,4,4,4,4,4,4,4,4,73.71317291259766,69.81501007080078,69.97406768798828,71.73831176757813,63.07823181152344,73.00631713867188,74.890625,0,0,0,0,0,0,0,5,0,0,20.148855209350586,25769803776,0,18230738944,0
204,1790934299526,4,4,4,4,4,4,4,4,4,4,73.71317291259766,69.81501007080078,69.97406768798828,71.73831176757813,63.07823181152344,73.00631713867188,74.890625,4.761904716491699,0,4.545454502105713,0,0,0,0,9.090909004211426,0,0,16.598535537719727,25769803776,0,18230738944,0
204,1790934299731,4,4,4,4,4,4,4,4,4,4,73.71317291259766,69.81501007080078,69.97406768798828,71.73831176757813,63.07823181152344,73.00631713867188,74.890625,0,0,0,0,0,0,0,0,0,0,16.598535537719727,25769803776,0,18230738944,0
204,1790934299936,4,4,4,4,4,4,4,4,4,4,73.71317291259766,69.81501007080078,69.97406768798828,71.73831176757813,63.07823181152344,73.00631713867188,74.890625,4.761904716491699,0,0,0,0,0,0,5,4.761904716491699,0,16.598535537719727,25769803776,0,18230542336,0
204,1790934300141,4,4,4,4,4,4,4,4,4,4,73.269775390625,69.92387390136719,70.07783508300781,71.43873596191406,63.22205352783203,72.6849594116211,74.640625,5,9.090909004211426,0,0,0,0,0,9.090909004211426,4.761904716491699,0,16.598535537719727,25769803776,0,18231017472,0
204,1790934300346,4,4,4,4,4,4,4,4,4,4,73.269775390625,69.92387390136719,70.07783508300781,71.43873596191406,63.22205352783203,72.6849594116211,74.640625,4.761904716491699,0,0,0,0,0,0,5,0,0,16.598535537719727,25769803776,0,18231050240,0
204,1790934300551,4,4,4,4,4,4,4,4,4,4,73.269775390625,69.92387390136719,70.07783508300781,71.43873596191406,63.22205352783203,72.6849594116211,74.640625,0,0,0,0,0,0,0,5,0,0,14.949243545532227,25769803776,0,18231115776,0
204,1790934300756,4,4,4,4,4,4,4,4,4,4,73.269775390625,69.92387390136719,70.07783508300781,71.43873596191406,63.22205352783203,72.6849594116211,74.640625,0,0,0,0,0,0,4.761904716491699,0,0,0,14.949243545532227,25769803776,0,18231148544,0
204,1790934300961,4,4,4,4,4,4,4,4,4,4,73.269775390625,69.92387390136719,70.07783508300781,71.43873596191406,63.22205352783203,72.6849594116211,74.640625,9.090909004211426,0,4.545454502105713,0,0,0,0,9.090909004211426,0,0,14.949243545532227,25769803776,0,18231148544,0
204,1790934301166,4,4,4,4,4,4,4,4,4,4,73.2661361694336,70.22113800048828,70.2085952758789,71.47394561767578,63.40308380126953,72.69096374511719,74.890625,0,8.69565200805664,0,0,0,0,0,5,0,0,14.949243545532227,25769803776,0,18231050240,0
204,1790934301371,4,4,4,4,4,4,4,4,4,4,73.2661361694336,70.22113800048828,70.2085952758789,71.47394561767578,63.40308380126953,72.69096374511719,74.890625,0,0,0,4.761904716491699,0,0,0,5,0,0,14.949243545532227,25769803776,0,18231050240,0
204,1790934301576,4,4,4,4,4,4,4,4,4,4,73.2661361694336,70.22113800048828,70.2085952758789,71.47394561767578,63.40308380126953,72.69096374511719,74.890625,4.761904716491699,0,0,0,4.761904716491699,0,0,4.761904716491699,0,0,14.45156478881836,25769803776,0,18231050240,0
203,1790934301781,4,4,4,4,4,4,4,4,4,4,73.2661361694336,70.22113800048828,70.2085952758789,71.47394561767578,63.40308380126953,72.69096374511719,74.890625,0,5,4.761904716491699,0,0,0,0,5,0,0,14.45156478881836,25769803776,0,18230853632,0
200,1790934301985,4,4,4,4,4,4,4,4,4,4,73.6270751953125,70.421630859375,70.35877227783203,71.79728698730469,63.550537109375,72.9866714477539,75.125,9.523809432983398,0,30.000001907348633,4.761904716491699,4.761904716491699,0,5,4.761904716491699,0,0,14.45156478881836,25769803776,0,18231230464,0
204,1790934302185,4,4,4,4,4,4,4,4,4,4,73.6270751953125,70.421630859375,70.35877227783203,71.79728698730469,63.550537109375,72.9866714477539,75.125,0,4.761904716491699,0,0,0,0,0,0,4.761904716491699,0,14.45156478881836,25769803776,0,18231230464,0
204,1790934302390,4,4,4,4,4,4,4,4,4,4,73.6270751953125,70.421630859375,70.35877227783203,71.79728698730469,63.550537109375,72.9866714477539,75.125,4.761904716491699,4.761904716491699,0,0,0,0,0,0,0,0,14.45156478881836,25769803776,0,18231230464,0
204,1790934302595,4,4,4,4,4,4,4,4,4,4,73.6270751953125,70.421630859375,70.35877227783203,71.79728698730469,63.550537109375,72.9866714477539,75.125,0,0,0,0,0,0,4.761904716491699,4.545454502105713,0,0,14.616584777832031,25769803776,0,18231230464,0
200,1790934302800,4,4,4,4,4,4,4,4,4,4,73.6270751953125,70.421630859375,70.35877227783203,71.79728698730469,63.550537109375,72.9866714477539,75.125,0,0,0,0,0,0,4.545454502105713,5,0,0,14.616584777832031,25769803776,0,18231230464,0
204,1790934303000,4,4,4,4,4,4,4,4,4,4,74.21408081054688,70.64446258544922,70.59758758544922,72.26571655273438,63.64837646484375,73.53167724609375,76.0625,4.761904716491699,0,0,0,0,0,0,5,4.761904716491699,0,14.616584777832031,25769803776,0,18231230464,0
204,1790934303205,4,4,4,4,4,4,4,4,4,4,74.21408081054688,70.64446258544922,70.59758758544922,72.26571655273438,63.64837646484375,73.53167724609375,76.0625,0,0,0,0,0,0,0,5,0,0,14.616584777832031,25769803776,0,18230525952,0
204,1790934303410,4,4,4,4,4,4,4,4,4,4,74.21408081054688,70.64446258544922,70.59758758544922,72.26571655273438,63.64837646484375,73.53167724609375,76.0625,10,25,4.761904716491699,0,0,0,0,9.523809432983398,0,0,14.616584777832031,25769803776,0,18231164928,0
200,1790934303615,4,4,4,4,4,4,4,4,4,4,74.21408081054688,70.64446258544922,70.59758758544922,72.26571655273438,63.64837646484375,73.53167724609375,76.0625,9.523809432983398,10,0,0,0,0,0,0,0,0,14.927892684936523,25769803776,0,18231296000,0
204,1790934303815,4,4,4,4,4,4,4,4,4,4,74.21408081054688,70.64446258544922,70.59758758544922,72.26571655273438,63.64837646484375,73.53167724609375,76.0625,5,5,9.523809432983398,4.761904716491699,0,0,0,9.523809432983398,0,0,14.927892684936523,25769803776,0,18231377920,0
200,1790934304020,4,4,4,4,4,4,4,4,4,4,74.5448989868164,71.07334899902344,71.18221282958984,72.5687255859375,64.32260131835938,73.7385025024414,76.0625,15.000000953674316,9.523809432983398,5,0,4.761904716491699,0,0,5,0,0,14.927892684936523,25769803776,0,18231787520,0
204,1790934304221,4,4,4,4,4,4,4,4,4,4,74.5448989868164,71.07334899902344,71.18221282958984,72.5687255859375,64.32260131835938,73.7385025024414,76.0625,5,5,4.761904716491699,5,0,0,5,5,0,0,14.927892684936523,25769803776,0,18232049664,0
204,1790934304426,4,4,4,4,4,4,4,4,4,4,74.5448989868164,71.07334899902344,71.18221282958984,72.5687255859375,64.32260131835938,73.7385025024414,76.0625,0,4.761904716491699,0,0,0,0,0,0,0,0,14.927892684936523,25769803776,0,18232016896,0
204,1790934304631,4,4,4,4,4,4,4,4,4,4,74.5448989868164,71.07334899902344,71.18221282958984,72.5687255859375,64.32260131835938,73.7385025024414,76.0625,0,0,0,0,0,0,0,9.090909004211426,0,0,15.271053314208984,25769803776,0,18232033280,0
204,1790934304836,4,4,4,4,4,4,4,4,4,4,74.5448989868164,71.07334899902344,71.18221282958984,72.5687255859375,64.32260131835938,73.7385025024414,76.0625,9.090909004211426,0,0,0,0,0,4.545454502105713,5,0,0,15.271053314208984,25769803776,0,18232033280,0
204,1790934305041,4,4,4,4,4,4,4,4,4,4,74.77535247802734,71.32689666748047,71.2109603881836,72.89456176757813,64.15972137451172,74.00463104248047,76.0625,0,0,0,0,0,0,0,0,0,0,15.271053314208984,25769803776,0,18232033280,0
200,1790934305246,4,4,4,4,4,4,4,4,4,4,74.77535247802734,71.32689666748047,71.2109603881836,72.89456176757813,64.15972137451172,74.00463104248047,76.0625,4.761904716491699,0,4.761904716491699,0,0,0,0,9.090909004211426,0,0,15.271053314208984,25769803776,0,18225709056,0
204,1790934305447,4,4,4,4,4,4,4,4,4,4,74.77535247802734,71.32689666748047,71.2109603881836,72.89456176757813,64.15972137451172,74.00463104248047,76.0625,0,5,0,0,0,0,0,5,0,0,15.271053314208984,25769803776,0,18226102272,0
204,1790934305652,4,4,4,4,4,4,4,4,4,4,74.77535247802734,71.32689666748047,71.2109603881836,72.89456176757813,64.15972137451172,74.00463104248047,76.0625,0,0,0,0,0,0,0,5,4.761904716491699,0,15.270889282226563,25769803776,0,18226102272,0
204,1790934305857,4,4,4,4,4,4,4,4,4,4,74.77535247802734,71.32689666748047,71.2109603881836,72.89456176757813,64.15972137451172,74.00463104248047,76.0625,4.761904716491699,4.545454502105713,0,0,0,0,0,9.523809432983398,0,0,15.270889282226563,25769803776,0,18226102272,0
204,1790934306062,4,4,4,4,4,4,4,4,4,4,75.03611755371094,71.5687255859375,71.73719787597656,73.16874694824219,64.76025390625,74.27961730957031,76.296875,0,0,0,0,0,0,0,0,0,0,15.270889282226563,25769803776,0,18226102272,0
204,1790934306267,4,4,4,4,4,4,4,4,4,4,75.03611755371094,71.5687255859375,71.73719787597656,73.16874694824219,64.76025390625,74.27961730957031,76.296875,0,0,0,0,0,0,0,0,4.761904716491699,0,15.270889282226563,25769803776,0,18219646976,0
204,1790934306472,4,4,4,4,4,4,4,4,4,4,75.03611755371094,71.5687255859375,71.73719787597656,73.16874694824219,64.76025390625,74.27961730957031,76.296875,4.761904716491699,0,0,0,0,0,4.545454502105713,5,0,0,15.270889282226563,25769803776,0,18219646976,0
199,1790934306677,4,4,4,4,4,4,4,4,4,4,75.03611755371094,71.5687255859375,71.73719787597656,73.16874694824219,64.76025390625,74.27961730957031,76.296875,0,0,0,0,0,0,0,0,4.545454502105713,0,15.29002571105957,25769803776,0,18219646976,0
204,1790934306877,4,4,4,4,4,4,4,4,4,4,75.03611755371094,71.5687255859375,71.73719787597656,73.16874694824219,64.76025390625,74.27961730957031,76.296875,4.761904716491699,0,0,0,4.761904716491699,0,0,9.523809432983398,0,0,15.29002571105957,25769803776,0,18219646976,0
204,1790934307082,4,4,4,4,4,4,4,4,4,4,75.3399887084961,71.76753997802734,71.795654296875,73.39850616455078,64.71399688720703,74.66449737548828,77.015625,9.523809432983398,4.761904716491699,0,0,0,0,0,5,0,0,15.29002571105957,25769803776,0,18219646976,0
204,1790934307287,4,4,4,4,4,4,4,4,4,4,75.3399887084961,71.76753997802734,71.795654296875,73.39850616455078,64.71399688720703,74.66449737548828,77.015625,0,0,0,0,0,0,0,5,0,0,15.29002571105957,25769803776,0,18210488320,0
204,1790934307492,4,4,4,4,4,4,4,4,4,4,75.3399887084961,71.76753997802734,71.795654296875,73.39850616455078,64.71399688720703,74.66449737548828,77.015625,0,0,0,4.761904716491699,0,0,0,9.523809432983398,0,0,15.257402420043945,25769803776,0,18210717696,0
204,1790934307697,4,4,4,4,4,4,4,4,4,4,75.3399887084961,71.76753997802734,71.795654296875,73.39850616455078,64.71399688720703,74.66449737548828,77.015625,5,4.761904716491699,0,0,4.545454502105713,0,0,0,0,9.090909004211426,15.257402420043945,25769803776,0,18210947072,0
204,1790934307902,4,4,4,4,4,4,4,4,4,4,75.3399887084961,71.76753997802734,71.795654296875,73.39850616455078,64.71399688720703,74.66449737548828,77.015625,0,0,0,0,0,0,4.545454502105713,5,0,0,15.257402420043945,25769803776,0,18210947072,0
204,1790934308107,4,4,4,4,4,4,4,4,4,4,75.4367446899414,71.96733856201172,71.8817138671875,73.72779083251953,64.8121337890625,74.7066421508789,90.078125,38.095237731933594,40,35,33.333335876464844,25,36.3636360168457,0,0,0,0,15.257402420043945,25769803776,0,18210947072,0
204,1790934308312,4,4,4,4,4,4,4,4,4,4,75.4367446899414,71.96733856201172,71.8817138671875,73.72779083251953,64.8121337890625,74.7066421508789,90.078125,75,65,52.38095474243164,40,19.047618865966797,10.526315689086914,0,9.090909004211426,0,0,15.257402420043945,25769803776,0,18235080704,0
204,1790934308517,4,4,4,4,4,4,4,4,4,4,75.4367446899414,71.96733856201172,71.8817138671875,73.72779083251953,64.8121337890625,74.7066421508789,90.078125,65,42.85714340209961,20,10,5.263157844543457,9.090909004211426,0,5,0,0,15.256975173950195,25769803776,0,18236555264,0
204,1790934308722,4,4,4,4,4,4,4,4,4,4,75.4367446899414,71.96733856201172,71.8817138671875,73.72779083251953,64.8121337890625,74.7066421508789,90.078125,61.904762268066406,35,23.809524536132813,9.523809432983398,4.761904716491699,0,0,5,0,0,15.256975173950195,25769803776,0,18236915712,0
204,1790934308926,4,4,4,4,4,4,4,4,4,4,75.4367446899414,71.96733856201172,71.8817138671875,73.72779083251953,64.8121337890625,74.7066421508789,90.078125,0,4.761904716491699,4.761904716491699,5,0,0,0,9.090909004211426,4.761904716491699,0,15.256975173950195,25769803776,0,18236850176,0
202,1790934309131,4,4,4,4,4,4,4,4,4,4,74.71732330322266,72.07813262939453,72.10969543457031,72.94489288330078,65.13825225830078,74.06690979003906,77.140625,9.523809432983398,0,0,0,0,0,0,0,0,0,15.256975173950195,25769803776,0,18236735488,0
204,1790934309334,4,4,4,4,4,4,4,4,4,4,74.71732330322266,72.07813262939453,72.10969543457031,72.94489288330078,65.13825225830078,74.06690979003906,77.140625,5,0,0,0,4.761904716491699,0,9.090909004211426,5,0,0,15.256975173950195,25769803776,0,18236473344,0
204,1790934309539,4,4,4,4,4,4,4,4,4,4,74.71732330322266,72.07813262939453,72.10969543457031,72.94489288330078,65.13825225830078,74.06690979003906,77.140625,5,0,4.761904716491699,0,0,0,0,9.090909004211426,0,0,14.443414688110352,25769803776,0,18236456960,0
204,1790934309744,4,4,4,4,4,4,4,4,4,4,74.71732330322266,72.07813262939453,72.10969543457031,72.94489288330078,65.13825225830078,74.06690979003906,77.140625,9.523809432983398,9.523809432983398,9.523809432983398,4.761904716491699,0,0,0,0,0,0,14.443414688110352,25769803776,0,18225610752,0
204,1790934309949,4,4,4,4,4,4,4,4,4,4,74.71732330322266,72.07813262939453,72.10969543457031,72.94489288330078,65.13825225830078,74.06690979003906,77.140625,0,0,0,0,0,0,0,4.761904716491699,0,0,14.443414688110352,25769803776,0,18225610752,0
204,1790934310154,4,4,4,4,4,4,4,4,4,4,75.69166564941406,72.04010772705078,72.1075210571289,73.6962890625,65.19189453125,74.91509246826172,77.484375,0,0,0,0,0,0,0,4.761904716491699,0,0,14.443414688110352,25769803776,0,18225610752,0
204,1790934310359,4,4,4,4,4,4,4,4,4,4,75.69166564941406,72.04010772705078,72.1075210571289,73.6962890625,65.19189453125,74.91509246826172,77.484375,9.090909004211426,0,0,0,0,0,0,5,0,0,14.443414688110352,25769803776,0,18223742976,0
204,1790934310564,4,4,4,4,4,4,4,4,4,4,75.69166564941406,72.04010772705078,72.1075210571289,73.6962890625,65.19189453125,74.91509246826172,77.484375,0,0,0,0,0,0,0,4.761904716491699,0,0,14.79825210571289,25769803776,0,18223759360,0
204,1790934310769,4,4,4,4,4,4,4,4,4,4,75.69166564941406,72.04010772705078,72.1075210571289,73.6962890625,65.19189453125,74.91509246826172,77.484375,4.761904716491699,4.761904716491699,0,0,0,0,0,5,0,0,14.79825210571289,25769803776,0,18209030144,0
204,1790934310974,4,4,4,4,4,4,4,4,4,4,75.69166564941406,72.04010772705078,72.1075210571289,73.6962890625,65.19189453125,74.91509246826172,77.484375,0,0,0,0,0,0,0,9.523809432983398,4.761904716491699,0,14.79825210571289,25769803776,0,18208849920,0
204,1790934311179,4,4,4,4,4,4,4,4,4,4,76.71070861816406,72.81089782714844,72.73612976074219,74.65657043457031,65.9110107421875,75.90524291992188,77.953125,0,4.545454502105713,0,0,0,0,4.545454502105713,0,0,0,14.79825210571289,25769803776,0,18208849920,0
204,1790934311384,4,4,4,4,4,4,4,4,4,4,76.71070861816406,72.81089782714844,72.73612976074219,74.65657043457031,65.9110107421875,75.90524291992188,77.953125,4.761904716491699,0,0,0,0,0,0,5,0,0,14.79825210571289,25769803776,0,18208931840,0
204,1790934311589,4,4,4,4,4,4,4,4,4,4,76.71070861816406,72.81089782714844,72.73612976074219,74.65657043457031,65.9110107421875,75.90524291992188,77.953125,50,10,0,0,0,0,0,9.090909004211426,0,0,17.285633087158203,25769803776,0,18221760512,0
204,1790934311794,4,4,4,4,4,4,4,4,4,4,76.71070861816406,72.81089782714844,72.73612976074219,74.65657043457031,65.9110107421875,75.90524291992188,77.953125,23.809524536132813,10,4.761904716491699,0,0,0,0,5,4.545454502105713,0,17.285633087158203,25769803776,0,18221760512,0
204,1790934311999,4,4,4,4,4,4,4,4,4,4,76.5466537475586,73.07447052001953,73.08312225341797,74.5426254272461,66.28934478759766,75.76618194580078,77.953125,0,4.545454502105713,0,0,0,0,0,0,0,0,17.285633087158203,25769803776,0,18221760512,0
200,1790934312204,4,4,4,4,4,4,4,4,4,4,76.5466537475586,73.07447052001953,73.08312225341797,74.5426254272461,66.28934478759766,75.76618194580078,77.953125,4.761904716491699,0,0,4.761904716491699,0,0,0,9.090909004211426,0,4.761904716491699,17.285633087158203,25769803776,0,18221760512,0
204,1790934312404,4,4,4,4,4,4,4,4,4,4,76.5466537475586,73.07447052001953,73.08312225341797,74.5426254272461,66.28934478759766,75.76618194580078,77.953125,0,0,0,0,0,0,0,5.263157844543457,0,0,17.285633087158203,25769803776,0,18244501504,0
204,1790934312609,4,4,4,4,4,4,4,4,4,4,76.5466537475586,73.07447052001953,73.08312225341797,74.5426254272461,66.28934478759766,75.76618194580078,77.953125,0,0,0,0,0,0,0,9.090909004211426,4.545454502105713,0,16.18842887878418,25769803776,0,18244550656,0
204,1790934312814,4,4,4,4,4,4,4,4,4,4,76.5466537475586,73.07447052001953,73.08312225341797,74.5426254272461,66.28934478759766,75.76618194580078,77.953125,9.090909004211426,5,4.761904716491699,0,0,0,4.761904716491699,5,0,0,16.18842887878418,25769803776,0,18231443456,0
204,1790934313019,4,4,4,4,4,4,4,4,4,4,76.58753204345703,73.18937683105469,73.27466583251953,74.64370727539063,66.46629333496094,75.88856506347656,78.203125,0,0,0,0,0,0,0,5,0,0,16.18842887878418,25769803776,0,18231345152,0
204,1790934313224,4,4,4,4,4,4,4,4,4,4,76.58753204345703,73.18937683105469,73.27466583251953,74.64370727539063,66.46629333496094,75.88856506347656,78.203125,4.761904716491699,0,0,0,0,4.761904716491699,4.761904716491699,5,0,0,16.18842887878418,25769803776,0,18230099968,0
204,1790934313429,4,4,4,4,4,4,4,4,4,4,76.58753204345703,73.18937683105469,73.27466583251953,74.64370727539063,66.46629333496094,75.88856506347656,78.203125,0,4.761904716491699,0,0,0,0,0,9.090909004211426,0,0,16.18842887878418,25769803776,0,18230067200,0
204,1790934313634,4,4,4,4,4,4,4,4,4,4,76.58753204345703,73.18937683105469,73.27466583251953,74.64370727539063,66.46629333496094,75.88856506347656,78.203125,4.761904716491699,0,0,0,4.761904716491699,0,0,5,0,0,16.55419921875,25769803776,0,18229936128,0
204,1790934313839,4,4,4,4,4,4,4,4,4,4,76.58753204345703,73.18937683105469,73.27466583251953,74.64370727539063,66.46629333496094,75.88856506347656,78.203125,0,0,0,0,0,0,0,0,0,0,16.55419921875,25769803776,0,18231771136,0
204,1790934314044,4,4,4,4,4,4,4,4,4,4,77.21765899658203,73.85383605957031,73.83036041259766,75.32674407958984,66.91280364990234,76.73495483398438,79.375,4.761904716491699,0,0,0,0,0,0,9.523809432983398,0,0,16.55419921875,25769803776,0,18231771136,0
204,1790934314249,4,4,4,4,4,4,4,4,4,4,77.21765899658203,73.85383605957031,73.83036041259766,75.32674407958984,66.91280364990234,76.73495483398438,79.375,4.761904716491699,0,4.761904716491699,4.545454502105713,0,0,0,0,0,0,16.55419921875,25769803776,0,18231771136,0
202,1790934314454,4,4,4,4,4,4,4,4,4,4,77.21765899658203,73.85383605957031,73.83036041259766,75.32674407958984,66.91280364990234,76.73495483398438,79.375,0,4.761904716491699,0,0,0,0,5,4.761904716491699,0,0,16.55419921875,25769803776,0,18229854208,0
204,1790934314657,4,4,4,4,4,4,4,4,4,4,77.21765899658203,73.85383605957031,73.83036041259766,75.32674407958984,66.91280364990234,76.73495483398438,79.375,0,4.761904716491699,0,0,4.761904716491699,0,0,9.523809432983398,4.761904716491699,0,19.80534553527832,25769803776,0,18229968896,0
204,1790934314862,4,4,4,4,4,4,4,4,4,4,77.21765899658203,73.85383605957031,73.83036041259766,75.32674407958984,66.91280364990234,76.73495483398438,79.375,4.761904716491699,0,0,0,0,0,0,5,0,0,19.80534553527832,25769803776,0,18229575680,0
204,1790934315067,4,4,4,4,4,4,4,4,4,4,76.11746978759766,73.68538665771484,73.60733795166016,74.34133911132813,66.63287353515625,75.65412139892578,80.796875,0,0,0,0,0,0,4.761904716491699,0,0,0,19.80534553527832,25769803776,0,18229575680,0
204,1790934315272,4,4,4,4,4,4,4,4,4,4,76.11746978759766,73.68538665771484,73.60733795166016,74.34133911132813,66.63287353515625,75.65412139892578,80.796875,0,0,0,0,0,0,0,9.523809432983398,0,0,19.80534553527832,25769803776,0,18229575680,0
204,1790934315477,4,4,4,4,4,4,4,4,4,4,76.11746978759766,73.68538665771484,73.60733795166016,74.34133911132813,66.63287353515625,75.65412139892578,80.796875,4.761904716491699,0,4.545454502105713,0,0,0,0,5,0,0,19.80534553527832,25769803776,0,18229493760,0
203,1790934315682,4,4,4,4,4,4,4,4,4,4,76.11746978759766,73.68538665771484,73.60733795166016,74.34133911132813,66.63287353515625,75.65412139892578,80.796875,0,0,0,0,0,0,0,9.523809432983398,0,0,17.13514518737793,25769803776,0,18229411840,0
204,1790934315885,4,4,4,4,4,4,4,4,4,4,76.11746978759766,73.68538665771484,73.60733795166016,74.34133911132813,66.63287353515625,75.65412139892578,80.796875,5,0,0,0,0,0,0,5,4.761904716491699,0,17.13514518737793,25769803776,0,18229411840,0
204,1790934316090,4,4,4,4,4,4,4,4,4,4,74.97205352783203,72.7434310913086,72.80953216552734,73.26905822753906,65.94154357910156,74.36990356445313,77.015625,0,4.761904716491699,0,0,0,0,4.761904716491699,9.523809432983398,0,0,17.13514518737793,25769803776,0,18229248000,0
204,1790934316295,4,4,4,4,4,4,4,4,4,4,74.97205352783203,72.7434310913086,72.80953216552734,73.26905822753906,65.94154357910156,74.36990356445313,77.015625,0,0,0,0,0,0,0,4.761904716491699,4.761904716491699,0,17.13514518737793,25769803776,0,18229592064,0
204,1790934316500,4,4,4,4,4,4,4,4,4,4,74.97205352783203,72.7434310913086,72.80953216552734,73.26905822753906,65.94154357910156,74.36990356445313,77.015625,9.090909004211426,0,0,0,0,0,0,9.523809432983398,0,0,13.215494155883789,25769803776,0,18229592064,0
204,1790934316705,4,4,4,4,4,4,4,4,4,4,74.97205352783203,72.7434310913086,72.80953216552734,73.26905822753906,65.94154357910156,74.36990356445313,77.015625,0,0,0,0,0,0,0,5,0,0,13.215494155883789,25769803776,0,18229460992,0
204,1790934316910,4,4,4,4,4,4,4,4,4,4,74.97205352783203,72.7434310913086,72.80953216552734,73.26905822753906,65.94154357910156,74.36990356445313,77.015625,0,0,0,0,0,0,0,5,0,0,13.215494155883789,25769803776,0,18229493760,0
204,1790934317115,4,4,4,4,4,4,4,4,4,4,75.25094604492188,72.84667205810547,72.9173812866211,73.55120086669922,66.10308837890625,74.69444274902344,77.015625,4.761904716491699,0,0,0,0,0,0,5,0,0,13.215494155883789,25769803776,0,18229444608,0
204,1790934317320,4,4,4,4,4,4,4,4,4,4,75.25094604492188,72.84667205810547,72.9173812866211,73.55120086669922,66.10308837890625,74.69444274902344,77.015625,0,0,0,0,0,0,4.761904716491699,5,0,0,13.215494155883789,25769803776,0,18229444608,0
204,1790934317525,4,4,4,4,4,4,4,4,4,4,75.25094604492188,72.84667205810547,72.9173812866211,73.55120086669922,66.10308837890625,74.69444274902344,77.015625,0,4.545454502105713,0,0,0,0,4.545454502105713,9.090909004211426,0,0,15.210321426391602,25769803776,0,18229493760,0
204,1790934317730,4,4,4,4,4,4,4,4,4,4,75.25094604492188,72.84667205810547,72.9173812866211,73.55120086669922,66.10308837890625,74.69444274902344,77.015625,4.761904716491699,4.761904716491699,0,0,0,0,0,5,4.761904716491699,0,15.210321426391602,25769803776,0,18231345152,0
204,1790934317935,4,4,4,4,4,4,4,4,4,4,75.25094604492188,72.84667205810547,72.9173812866211,73.55120086669922,66.10308837890625,74.69444274902344,77.015625,0,0,0,0,0,0,0,0,0,0,15.210321426391602,25769803776,0,18229559296,0
202,1790934318140,4,4,4,4,4,4,4,4,4,4,75.3669204711914,72.90423583984375,72.97146606445313,73.66480255126953,66.17256164550781,74.89720153808594,77.25,0,0,0,0,0,0,0,9.523809432983398,0,0,15.210321426391602,25769803776,0,18229460992,0
200,1790934318343,4,4,4,4,4,4,4,4,4,4,75.3669204711914,72.90423583984375,72.97146606445313,73.66480255126953,66.17256164550781,74.89720153808594,77.25,4.761904716491699,0,0,0,0,0,0,5,0,0,15.210321426391602,25769803776,0,18229460992,0
204,1790934318543,4,4,4,4,4,4,4,4,4,4,75.3669204711914,72.90423583984375,72.97146606445313,73.66480255126953,66.17256164550781,74.89720153808594,77.25,0,0,4.761904716491699,4.761904716491699,0,0,0,9.523809432983398,0,4.761904716491699,15.822818756103516,25769803776,0,18229460992,0
204,1790934318748,4,4,4,4,4,4,4,4,4,4,75.3669204711914,72.90423583984375,72.97146606445313,73.66480255126953,66.17256164550781,74.89720153808594,77.25,4.761904716491699,0,0,0,0,0,0,0,0,0,15.822818756103516,25769803776,0,18229477376,0
204,1790934318953,4,4,4,4,4,4,4,4,4,4,75.3669204711914,72.90423583984375,72.97146606445313,73.66480255126953,66.17256164550781,74.89720153808594,77.25,0,4.761904716491699,0,0,0,0,0,9.523809432983398,0,0,15.822818756103516,25769803776,0,18229395456,0
204,1790934319158,4,4,4,4,4,4,4,4,4,4,75.32991027832031,72.91004943847656,72.91226959228516,73.65666961669922,66.0598373413086,74.78233337402344,78.4375,0,0,0,0,0,0,4.761904716491699,5,0,0,15.822818756103516,25769803776,0,18229395456,0
204,1790934319363,4,4,4,4,4,4,4,4,4,4,75.32991027832031,72.91004943847656,72.91226959228516,73.65666961669922,66.0598373413086,74.78233337402344,78.4375,5,0,4.761904716491699,0,0,0,0,9.090909004211426,0,0,15.822818756103516,25769803776,0,18229395456,0
204,1790934319568,4,4,4,4,4,4,4,4,4,4,75.32991027832031,72.91004943847656,72.91226959228516,73.65666961669922,66.0598373413086,74.78233337402344,78.4375,4.761904716491699,0,0,0,0,0,0,5,4.545454502105713,0,15.447284698486328,25769803776,0,18227150848,0
204,1790934319773,4,4,4,4,4,4,4,4,4,4,75.32991027832031,72.91004943847656,72.91226959228516,73.65666961669922,66.0598373413086,74.78233337402344,78.4375,0,0,0,0,0,0,0,5,0,0,15.447284698486328,25769803776,0,18227150848,0
204,1790934319978,4,4,4,4,4,4,4,4,4,4,75.32991027832031,72.91004943847656,72.91226959228516,73.65666961669922,66.0598373413086,74.78233337402344,78.4375,4.761904716491699,0,0,0,0,0,0,4.761904716491699,0,0,15.447284698486328,25769803776,0,18227281920,0
204,1790934320183,4,4,4,4,4,4,4,4,4,4,75.376708984375,72.95939636230469,73.01199340820313,73.66793823242188,66.20968627929688,74.89046478271484,77.015625,0,4.545454502105713,0,0,0,0,0,5,4.761904716491699,0,15.447284698486328,25769803776,0,18227576832,0
204,1790934320388,4,4,4,4,4,4,4,4,4,4,75.376708984375,72.95939636230469,73.01199340820313,73.66793823242188,66.20968627929688,74.89046478271484,77.015625,4.761904716491699,0,0,0,0,0,4.761904716491699,9.523809432983398,0,0,15.447284698486328,25769803776,0,18227757056,0
204,1790934320593,4,4,4,4,4,4,4,4,4,4,75.376708984375,72.95939636230469,73.01199340820313,73.66793823242188,66.20968627929688,74.89046478271484,77.015625,0,5,0,0,0,0,0,5,0,0,15.445632934570313,25769803776,0,18227773440,0
204,1790934320798,4,4,4,4,4,4,4,4,4,4,75.376708984375,72.95939636230469,73.01199340820313,73.66793823242188,66.20968627929688,74.89046478271484,77.015625,4.761904716491699,0,0,0,0,0,4.761904716491699,4.761904716491699,4.761904716491699,0,15.445632934570313,25769803776,0,18227773440,0
204,1790934321003,4,4,4,4,4,4,4,4,4,4,75.41150665283203,72.96293640136719,72.91516876220703,73.6911849975586,66.07907104492188,74.9541244506836,77.015625,4.761904716491699,0,0,0,0,0,0,5,0,0,15.445632934570313,25769803776,0,18227773440,0
204,1790934321208,4,4,4,4,4,4,4,4,4,4,75.41150665283203,72.96293640136719,72.91516876220703,73.6911849975586,66.07907104492188,74.9541244506836,77.015625,0,0,0,0,9.090909004211426,0,0,5,0,0,15.445632934570313,25769803776,0,18227773440,0
200,1790934321413,4,4,4,4,4,4,4,4,4,4,75.41150665283203,72.96293640136719,72.91516876220703,73.6911849975586,66.07907104492188,74.9541244506836,77.015625,4.761904716491699,0,0,0,0,0,0,4.761904716491699,0,0,15.445632934570313,25769803776,0,18229985280,0
204,1790934321614,4,4,4,4,4,4,4,4,4,4,75.41150665283203,72.96293640136719,72.91516876220703,73.6911849975586,66.07907104492188,74.9541244506836,77.015625,0,0,0,0,0,0,0,5,0,0,15.512544631958008,25769803776,0,18227707904,0
204,1790934321819,4,4,4,4,4,4,4,4,4,4,75.41150665283203,72.96293640136719,72.91516876220703,73.6911849975586,66.07907104492188,74.9541244506836,77.015625,0,9.090909004211426,4.761904716491699,0,0,0,9.523809432983398,4.761904716491699,0,0,15.512544631958008,25769803776,0,18227724288,0
204,1790934322024,4,4,4,4,4,4,4,4,4,4,75.4207763671875,73.1539077758789,73.0566177368164,73.7232437133789,66.17845153808594,74.97599792480469,77.25,4.761904716491699,0,0,0,0,0,0,5,0,0,15.512544631958008,25769803776,0,18227740672,0
204,1790934322229,4,4,4,4,4,4,4,4,4,4,75.4207763671875,73.1539077758789,73.0566177368164,73.7232437133789,66.17845153808594,74.97599792480469,77.25,9.090909004211426,75,4.761904716491699,4.761904716491699,0,0,0,5,4.545454502105713,0,15.512544631958008,25769803776,0,18227642368,0
204,1790934322434,4,4,4,4,4,4,4,4,4,4,75.4207763671875,73.1539077758789,73.0566177368164,73.7232437133789,66.17845153808594,74.97599792480469,77.25,0,0,0,0,0,0,0,9.523809432983398,0,0,15.512544631958008,25769803776,0,18227642368,0
204,1790934322639,4,4,4,4,4,4,4,4,4,4,75.4207763671875,73.1539077758789,73.0566177368164,73.7232437133789,66.17845153808594,74.97599792480469,77.25,15.000000953674316,9.523809432983398,4.761904716491699,4.761904716491699,0,0,9.523809432983398,5,0,0,15.45768928527832,25769803776,0,18234671104,0
204,1790934322844,4,4,4,4,4,4,4,4,4,4,75.4207763671875,73.1539077758789,73.0566177368164,73.7232437133789,66.17845153808594,74.97599792480469,77.25,5.263157844543457,5,4.761904716491699,0,0,4.761904716491699,5,0,0,0,15.45768928527832,25769803776,0,18234900480,0
200,1790934323049,4,4,4,4,4,4,4,4,4,4,75.51543426513672,73.4932632446289,73.19257354736328,73.79640197753906,66.20138549804688,75.1426010131836,78.671875,9.523809432983398,0,0,0,0,0,5,0,0,0,15.45768928527832,25769803776,0,18234900480,0
201,1790934323250,4,4,4,4,4,4,4,4,4,4,75.51543426513672,73.4932632446289,73.19257354736328,73.79640197753906,66.20138549804688,75.1426010131836,78.671875,9.523809432983398,5,0,0,0,0,9.523809432983398,4.761904716491699,4.761904716491699,0,15.45768928527832,25769803776,0,18234900480,0
204,1790934323452,4,4,4,4,4,4,4,4,4,4,75.51543426513672,73.4932632446289,73.19257354736328,73.79640197753906,66.20138549804688,75.1426010131836,78.671875,0,4.761904716491699,0,4.761904716491699,0,0,5,5,0,0,15.45768928527832,25769803776,0,18234900480,0
204,1790934323657,4,4,4,4,4,4,4,4,4,4,75.51543426513672,73.4932632446289,73.19257354736328,73.79640197753906,66.20138549804688,75.1426010131836,78.671875,4.761904716491699,0,0,0,0,0,9.523809432983398,0,4.761904716491699,0,15.643577575683594,25769803776,0,18234867712,0
202,1790934323862,4,4,4,4,4,4,4,4,4,4,75.51543426513672,73.4932632446289,73.19257354736328,73.79640197753906,66.20138549804688,75.1426010131836,78.671875,5,4.761904716491699,0,0,0,0,0,0,0,0,15.643577575683594,25769803776,0,18235129856,0
204,1790934324065,4,4,4,4,4,4,4,4,4,4,75.5294189453125,73.48812103271484,72.74610137939453,73.77848052978516,65.50005340576172,75.1511001586914,77.25,0,0,0,0,0,0,5,0,0,0,15.643577575683594,25769803776,0,18235129856,0
204,1790934324270,4,4,4,4,4,4,4,4,4,4,75.5294189453125,73.48812103271484,72.74610137939453,73.77848052978516,65.50005340576172,75.1511001586914,77.25,4.761904716491699,0,0,0,0,0,9.090909004211426,4.761904716491699,0,0,15.643577575683594,25769803776,0,18235129856,0
203,1790934324475,4,4,4,4,4,4,4,4,4,4,75.5294189453125,73.48812103271484,72.74610137939453,73.77848052978516,65.50005340576172,75.1511001586914,77.25,4.761904716491699,4.761904716491699,9.090909004211426,0,0,0,0,0,4.761904716491699,0,15.643577575683594,25769803776,0,18235129856,0
204,1790934324678,4,4,4,4,4,4,4,4,4,4,75.5294189453125,73.48812103271484,72.74610137939453,73.77848052978516,65.50005340576172,75.1511001586914,77.25,0,0,0,4.545454502105713,0,0,5,0,0,0,15.340721130371094,25769803776,0,18236735488,0
204,1790934324883,4,4,4,4,4,4,4,4,4,4,75.5294189453125,73.48812103271484,72.74610137939453,73.77848052978516,65.50005340576172,75.1511001586914,77.25,4.761904716491699,0,0,0,0,0,0,0,0,0,15.340721130371094,25769803776,0,18222219264,0
204,1790934325088,4,4,4,4,4,4,4,4,4,4,75.61965942382813,73.4703598022461,72.91291046142578,74.012451171875,65.75630187988281,75.2207260131836,90.3125,0,4.761904716491699,0,0,0,0,4.545454502105713,4.545454502105713,0,4.761904716491699,15.340721130371094,25769803776,0,18222219264,0
204,1790934325293,4,4,4,4,4,4,4,4,4,4,75.61965942382813,73.4703598022461,72.91291046142578,74.012451171875,65.75630187988281,75.2207260131836,90.3125,9.523809432983398,4.761904716491699,0,4.545454502105713,0,0,5,0,0,0,15.340721130371094,25769803776,0,18222219264,0
204,1790934325498,4,4,4,4,4,4,4,4,4,4,75.61965942382813,73.4703598022461,72.91291046142578,74.012451171875,65.75630187988281,75.2207260131836,90.3125,0,0,0,0,0,0,5,0,0,0,15.673347473144531,25769803776,0,18222219264,0
204,1790934325703,4,4,4,4,4,4,4,4,4,4,75.61965942382813,73.4703598022461,72.91291046142578,74.012451171875,65.75630187988281,75.2207260131836,90.3125,4.761904716491699,0,0,0,0,0,9.523809432983398,0,0,0,15.673347473144531,25769803776,0,18221989888,0
204,1790934325908,4,4,4,4,4,4,4,4,4,4,75.61965942382813,73.4703598022461,72.91291046142578,74.012451171875,65.75630187988281,75.2207260131836,90.3125,0,0,0,0,0,0,5,0,0,0,15.673347473144531,25769803776,0,18221842432,0
204,1790934326113,4,4,4,4,4,4,4,4,4,4,75.56381225585938,73.65055084228516,72.88117218017578,73.87061309814453,65.60232543945313,75.19612884521484,78.90625,0,0,0,0,0,0,9.523809432983398,0,4.545454502105713,0,15.673347473144531,25769803776,0,18221858816,0
204,1790934326318,4,4,4,4,4,4,4,4,4,4,75.56381225585938,73.65055084228516,72.88117218017578,73.87061309814453,65.60232543945313,75.19612884521484,78.90625,4.761904716491699,4.761904716491699,0,0,0,0,5,4.545454502105713,0,0,15.673347473144531,25769803776,0,18221858816,0
204,1790934326523,4,4,4,4,4,4,4,4,4,4,75.56381225585938,73.65055084228516,72.88117218017578,73.87061309814453,65.60232543945313,75.19612884521484,78.90625,0,0,0,0,0,0,9.090909004211426,0,0,0,15.59765625,25769803776,0,18221891584,0
204,1790934326728,4,4,4,4,4,4,4,4,4,4,75.56381225585938,73.65055084228516,72.88117218017578,73.87061309814453,65.60232543945313,75.19612884521484,78.90625,9.090909004211426,4.761904716491699,0,0,0,0,0,0,0,0,15.59765625,25769803776,0,18221891584,0
204,1790934326933,4,4,4,4,4,4,4,4,4,4,75.56381225585938,73.65055084228516,72.88117218017578,73.87061309814453,65.60232543945313,75.19612884521484,78.90625,0,0,0,0,0,0,5,0,4.761904716491699,0,15.59765625,25769803776,0,18221891584,0
204,1790934327138,4,4,4,4,4,4,4,4,4,4,75.67784881591797,73.72593688964844,72.96085357666016,73.87655639648438,65.630859375,75.26556396484375,77.484375,0,0,0,0,0,0,9.090909004211426,0,0,0,15.59765625,25769803776,0,18221907968,0
204,1790934327343,4,4,4,4,4,4,4,4,4,4,75.67784881591797,73.72593688964844,72.96085357666016,73.87655639648438,65.630859375,75.26556396484375,77.484375,25,0,4.761904716491699,0,4.761904716491699,0,5,4.761904716491699,4.761904716491699,0,15.59765625,25769803776,0,18221907968,0
204,1790934327548,4,4,4,4,4,4,4,4,4,4,75.67784881591797,73.72593688964844,72.96085357666016,73.87655639648438,65.630859375,75.26556396484375,77.484375,4.761904716491699,0,0,0,0,0,9.523809432983398,0,0,0,15.508636474609375,25769803776,0,18221907968,0
203,1790934327753,4,4,4,4,4,4,4,4,4,4,75.67784881591797,73.72593688964844,72.96085357666016,73.87655639648438,65.630859375,75.26556396484375,77.484375,0,0,4.545454502105713,0,0,0,0,0,0,0,15.508636474609375,25769803776,0,17758863360,0
204,1790934327956,4,4,4,4,4,4,4,4,4,4,75.67784881591797,73.72593688964844,72.96085357666016,73.87655639648438,65.630859375,75.26556396484375,77.484375,0,0,0,0,0,0,9.523809432983398,0,0,0,15.508636474609375,25769803776,0,17758912512,0
204,1790934328161,4,4,4,4,4,4,4,4,4,4,75.73660278320313,73.77859497070313,72.97931671142578,73.88754272460938,65.6531982421875,75.30941772460938,77.484375,5,4.761904716491699,0,0,0,0,4.545454502105713,0,9.523809432983398,0,15.508636474609375,25769803776,0,17759092736,0
204,1790934328366,4,4,4,4,4,4,4,4,4,4,75.73660278320313,73.77859497070313,72.97931671142578,73.88754272460938,65.6531982421875,75.30941772460938,77.484375,0,4.761904716491699,0,0,0,0,0,4.545454502105713,0,0,15.508636474609375,25769803776,0,17759043584,0
204,1790934328571,4,4,4,4,4,4,4,4,4,4,75.73660278320313,73.77859497070313,72.97931671142578,73.88754272460938,65.6531982421875,75.30941772460938,77.484375,4.761904716491699,0,0,0,0,0,5,0,0,0,15.585994720458984,25769803776,0,17760878592,0
204,1790934328776,4,4,4,4,4,4,4,4,4,4,75.73660278320313,73.77859497070313,72.97931671142578,73.88754272460938,65.6531982421875,75.30941772460938,77.484375,4.761904716491699,0,0,0,0,0,4.761904716491699,0,0,0,15.585994720458984,25769803776,0,17758797824,0
204,1790934328981,4,4,4,4,4,4,4,4,4,4,75.73660278320313,73.50599670410156,72.97931671142578,73.88754272460938,65.6531982421875,75.30941772460938,77.484375,0,0,0,4.761904716491699,0,0,4.761904716491699,5,0,0,15.585994720458984,25769803776,0,17758797824,0
204,1790934329187,4,4,4,4,4,4,4,4,4,4,75.84020233154297,73.50599670410156,73.07013702392578,73.9614028930664,65.85140228271484,75.45865631103516,77.953125,4.761904716491699,0,0,0,0,0,0,4.761904716491699,0,0,15.585994720458984,25769803776,0,17758797824,0
204,1790934329392,4,4,4,4,4,4,4,4,4,4,75.84020233154297,73.50599670410156,73.07013702392578,73.9614028930664,65.85140228271484,75.45865631103516,77.953125,0,4.761904716491699,0,0,4.761904716491699,0,9.523809432983398,0,4.761904716491699,0,15.585994720458984,25769803776,0,17758846976,0
204,1790934329597,4,4,4,4,4,4,4,4,4,4,75.84020233154297,73.50599670410156,73.07013702392578,73.9614028930664,65.85140228271484,75.45865631103516,77.953125,9.523809432983398,0,0,0,0,0,5,0,0,0,15.544710159301758,25769803776,0,17758846976,0
204,1790934329802,4,4,4,4,4,4,4,4,4,4,75.84020233154297,73.50599670410156,73.07013702392578,73.9614028930664,65.85140228271484,75.45865631103516,77.953125,0,0,0,0,0,0,4.761904716491699,0,0,0,15.544710159301758,25769803776,0,17758781440,0
204,1790934330007,4,4,4,4,4,4,4,4,4,4,75.83052062988281,73.906982421875,73.09010314941406,73.92351531982422,65.74214935302734,75.32986450195313,77.484375,5,4.761904716491699,0,4.761904716491699,0,0,9.523809432983398,0,0,0,15.544710159301758,25769803776,0,17758814208,0
204,1790934330212,4,4,4,4,4,4,4,4,4,4,75.83052062988281,73.906982421875,73.09010314941406,73.92351531982422,65.74214935302734,75.32986450195313,77.484375,0,0,9.090909004211426,0,0,0,0,0,0,0,15.544710159301758,25769803776,0,17758814208,0
204,1790934330417,4,4,4,4,4,4,4,4,4,4,75.83052062988281,73.906982421875,73.09010314941406,73.92351531982422,65.74214935302734,75.32986450195313,77.484375,0,0,0,0,0,0,9.523809432983398,0,4.761904716491699,0,15.544710159301758,25769803776,0,17758814208,0
204,1790934330622,4,4,4,4,4,4,4,4,4,4,75.83052062988281,73.906982421875,73.09010314941406,73.92351531982422,65.74214935302734,75.32986450195313,77.484375,9.090909004211426,4.761904716491699,0,0,0,0,4.761904716491699,4.545454502105713,0,4.761904716491699,15.519014358520508,25769803776,0,17758814208,0
204,1790934330827,4,4,4,4,4,4,4,4,4,4,75.83052062988281,73.906982421875,73.09010314941406,73.92351531982422,65.74214935302734,75.32986450195313,77.484375,0,0,0,0,0,0,5,0,0,0,15.519014358520508,25769803776,0,17758781440,0
204,1790934331032,4,4,4,4,4,4,4,4,4,4,75.82334899902344,73.92475891113281,73.09980773925781,74.00245666503906,65.75950622558594,75.29145812988281,80.90625,4.761904716491699,0,0,0,0,0,9.523809432983398,0,0,0,15.519014358520508,25769803776,0,17758683136,0
204,1790934331237,4,4,4,4,4,4,4,4,4,4,75.82334899902344,73.92475891113281,73.09980773925781,74.00245666503906,65.75950622558594,75.29145812988281,80.90625,10.526315689086914,30.000001907348633,10.526315689086914,0,0,0,0,0,0,0,15.519014358520508,25769803776,0,17758683136,0
204,1790934331442,4,4,4,4,4,4,4,4,4,4,75.82334899902344,73.92475891113281,73.09980773925781,74.00245666503906,65.75950622558594,75.29145812988281,80.90625,0,0,0,0,0,0,5,0,4.761904716491699,0,15.519014358520508,25769803776,0,17758683136,0
204,1790934331647,4,4,4,4,4,4,4,4,4,4,75.82334899902344,73.92475891113281,73.09980773925781,74.00245666503906,65.75950622558594,75.29145812988281,80.90625,9.523809432983398,4.761904716491699,0,4.761904716491699,4.545454502105713,0,9.523809432983398,0,4.761904716491699,0,15.560644149780273,25769803776,0,17758683136,0
204,1790934331852,4,4,4,4,4,4,4,4,4,4,75.82334899902344,73.92475891113281,73.09980773925781,74.00245666503906,65.75950622558594,75.29145812988281,80.90625,5.263157844543457,15.000000953674316,9.090909004211426,0,0,0,5,4.761904716491699,0,0,15.560644149780273,25769803776,0,17760108544,0
203,1790934332057,4,4,4,4,4,4,4,4,4,4,75.90458679199219,73.95347595214844,73.17242431640625,74.03636932373047,65.85836029052734,75.36914825439453,77.484375,4.761904716491699,9.090909004211426,0,4.761904716491699,0,4.761904716491699,9.090909004211426,0,0,0,15.560644149780273,25769803776,0,17760043008,0
204,1790934332261,4,4,4,4,4,4,4,4,4,4,75.90458679199219,73.95347595214844,73.17242431640625,74.03636932373047,65.85836029052734,75.36914825439453,77.484375,0,0,0,0,0,0,5,4.761904716491699,0,0,15.560644149780273,25769803776,0,17760075776,0
204,1790934332466,4,4,4,4,4,4,4,4,4,4,75.90458679199219,73.95347595214844,73.17242431640625,74.03636932373047,65.85836029052734,75.36914825439453,77.484375,9.523809432983398,0,0,0,0,0,5,0,0,0,15.560644149780273,25769803776,0,17760075776,0
203,1790934332671,4,4,4,4,4,4,4,4,4,4,75.90458679199219,73.95347595214844,73.17242431640625,74.03636932373047,65.85836029052734,75.36914825439453,77.484375,0,0,0,0,0,0,4.761904716491699,0,0,0,15.66851806640625,25769803776,0,17760075776,0
204,1790934332875,4,4,4,4,4,4,4,4,4,4,75.90458679199219,73.95347595214844,73.17242431640625,74.03636932373047,65.85836029052734,75.36914825439453,77.484375,0,0,0,0,0,0,0,0,0,0,15.66851806640625,25769803776,0,17759125504,0
202,1790934333080,4,4,4,4,4,4,4,4,4,4,75.89359283447266,74.11204528808594,73.195068359375,74.03839874267578,65.84831237792969,75.35650634765625,77.484375,9.523809432983398,4.761904716491699,0,4.761904716491699,0,0,9.523809432983398,0,0,0,15.66851806640625,25769803776,0,17759125504,0
200,1790934333282,4,4,4,4,4,4,4,4,4,4,75.89359283447266,74.11204528808594,73.195068359375,74.03839874267578,65.84831237792969,75.35650634765625,77.484375,4.761904716491699,4.761904716491699,9.090909004211426,0,0,0,5,0,4.761904716491699,0,15.66851806640625,25769803776,0,17759125504,0
204,1790934333483,4,4,4,4,4,4,4,4,4,4,75.89359283447266,74.11204528808594,73.195068359375,74.03839874267578,65.84831237792969,75.35650634765625,77.484375,0,0,0,0,0,0,9.523809432983398,0,0,0,15.66851806640625,25769803776,0,17759125504,0
204,1790934333688,4,4,4,4,4,4,4,4,4,4,75.89359283447266,74.11204528808594,73.195068359375,74.03839874267578,65.84831237792969,75.35650634765625,77.484375,0,0,0,0,0,0,5,0,0,0,15.651023864746094,25769803776,0,17759125504,0
204,1790934333893,4,4,4,4,4,4,4,4,4,4,75.89359283447266,74.11204528808594,73.195068359375,74.03839874267578,65.84831237792969,75.35650634765625,77.484375,4.761904716491699,0,0,0,0,0,5,0,0,0,15.651023864746094,25769803776,0,17759338496,0
204,1790934334098,4,4,4,4,4,4,4,4,4,4,75.92882537841797,74.05828094482422,73.21359252929688,74.0833969116211,65.91144561767578,75.33708190917969,77.484375,0,0,0,0,0,0,9.090909004211426,4.545454502105713,0,0,15.651023864746094,25769803776,0,17759207424,0
204,1790934334303,4,4,4,4,4,4,4,4,4,4,75.92882537841797,74.05828094482422,73.21359252929688,74.0833969116211,65.91144561767578,75.33708190917969,77.484375,0,0,0,0,0,0,5,4.761904716491699,0,0,15.651023864746094,25769803776,0,17757765632,0
203,1790934334508,4,4,4,4,4,4,4,4,4,4,75.92882537841797,74.05828094482422,73.21359252929688,74.0833969116211,65.91144561767578,75.33708190917969,77.484375,4.761904716491699,0,0,0,0,0,5,0,0,0,15.533761978149414,25769803776,0,17757765632,0
200,1790934334711,4,4,4,4,4,4,4,4,4,4,75.92882537841797,74.05828094482422,73.21359252929688,74.0833969116211,65.91144561767578,75.33708190917969,77.484375,0,4.761904716491699,0,0,0,0,5,0,0,0,15.533761978149414,25769803776,0,17757765632,0
204,1790934334912,4,4,4,4,4,4,4,4,4,4,75.92882537841797,74.05828094482422,73.21359252929688,74.0833969116211,65.91144561767578,75.33708190917969,77.484375,9.523809432983398,4.761904716491699,0,0,0,0,5,0,4.761904716491699,0,15.533761978149414,25769803776,0,17757618176,0
204,1790934335117,4,4,4,4,4,4,4,4,4,4,75.98605346679688,74.05388641357422,73.27729797363281,74.18641662597656,65.975830078125,75.36753845214844,83.15625,0,0,0,0,0,0,9.523809432983398,0,0,0,15.533761978149414,25769803776,0,17757650944,0
204,1790934335322,4,4,4,4,4,4,4,4,4,4,75.98605346679688,74.05388641357422,73.27729797363281,74.18641662597656,65.975830078125,75.36753845214844,83.15625,5,0,0,0,4.761904716491699,0,5,0,0,0,15.533761978149414,25769803776,0,17757356032,0
204,1790934335527,4,4,4,4,4,4,4,4,4,4,75.98605346679688,74.05388641357422,73.27729797363281,74.18641662597656,65.975830078125,75.36753845214844,83.15625,0,0,0,0,0,0,9.523809432983398,0,0,0,15.538692474365234,25769803776,0,17757356032,0
204,1790934335732,4,4,4,4,4,4,4,4,4,4,75.98605346679688,74.05388641357422,73.27729797363281,74.18641662597656,65.975830078125,75.36753845214844,83.15625,4.761904716491699,0,0,0,0,0,0,5,0,0,15.538692474365234,25769803776,0,17757356032,0
204,1790934335937,4,4,4,4,4,4,4,4,4,4,75.98605346679688,74.05388641357422,73.27729797363281,74.18641662597656,65.975830078125,75.36753845214844,83.15625,0,4.545454502105713,0,0,0,0,9.523809432983398,0,4.761904716491699,0,15.538692474365234,25769803776,0,17757274112,0
204,1790934336142,4,4,4,4,4,4,4,4,4,4,76.01858520507813,74.08370971679688,73.3606185913086,74.20189666748047,66.12517547607422,75.41336059570313,77.484375,9.090909004211426,5,0,0,0,0,0,0,4.545454502105713,0,15.538692474365234,25769803776,0,17759191040,0
204,1790934336347,4,4,4,4,4,4,4,4,4,4,76.01858520507813,74.08370971679688,73.3606185913086,74.20189666748047,66.12517547607422,75.41336059570313,77.484375,0,0,4.761904716491699,0,0,0,4.761904716491699,4.761904716491699,0,0,15.538692474365234,25769803776,0,17757175808,0
204,1790934336552,4,4,4,4,4,4,4,4,4,4,76.01858520507813,74.08370971679688,73.3606185913086,74.20189666748047,66.12517547607422,75.41336059570313,77.484375,0,0,0,0,0,0,0,5,0,0,15.447015762329102,25769803776,0,17757175808,0
204,1790934336757,4,4,4,4,4,4,4,4,4,4,76.01858520507813,74.08370971679688,73.3606185913086,74.20189666748047,66.12517547607422,75.41336059570313,77.484375,4.761904716491699,0,0,0,0,0,4.761904716491699,0,0,0,15.447015762329102,25769803776,0,17757077504,0
204,1790934336962,4,4,4,4,4,4,4,4,4,4,76.01858520507813,74.08370971679688,73.3606185913086,74.20189666748047,66.12517547607422,75.41336059570313,77.484375,0,0,4.545454502105713,0,0,0,5,4.761904716491699,0,0,15.447015762329102,25769803776,0,17757028352,0
200,1790934337167,4,4,4,4,4,4,4,4,4,4,76.0744857788086,73.94305419921875,73.40348052978516,74.25440979003906,66.19559478759766,75.43330383300781,77.71875,4.761904716491699,0,0,4.761904716491699,0,0,5,0,0,0,15.447015762329102,25769803776,0,17757011968,0
200,1790934337367,4,4,4,4,4,4,4,4,4,4,76.0744857788086,73.94305419921875,73.40348052978516,74.25440979003906,66.19559478759766,75.43330383300781,77.71875,5,0,0,4.761904716491699,4.761904716491699,0,9.523809432983398,0,0,0,15.447015762329102,25769803776,0,17756880896,0
204,1790934337568,4,4,4,4,4,4,4,4,4,4,76.0744857788086,73.94305419921875,73.40348052978516,74.25440979003906,66.19559478759766,75.43330383300781,77.71875,9.523809432983398,4.761904716491699,0,0,0,4.761904716491699,5,0,0,0,15.551153182983398,25769803776,0,17757011968,0
204,1790934337773,4,4,4,4,4,4,4,4,4,4,76.0744857788086,73.94305419921875,73.40348052978516,74.25440979003906,66.19559478759766,75.43330383300781,77.71875,0,0,0,0,0,0,9.523809432983398,0,4.761904716491699,0,15.551153182983398,25769803776,0,17757011968,0
204,1790934337978,4,4,4,4,4,4,4,4,4,4,76.0744857788086,73.94305419921875,73.40348052978516,74.25440979003906,66.19559478759766,75.43330383300781,77.71875,0,0,0,0,0,0,5,4.761904716491699,0,0,15.551153182983398,25769803776,0,17757061120,0
204,1790934338183,4,4,4,4,4,4,4,4,4,4,76.06226348876953,74.2018814086914,73.39277648925781,74.28716278076172,66.0801010131836,75.45918273925781,80.4375,4.761904716491699,4.761904716491699,0,0,0,0,5,0,0,0,15.551153182983398,25769803776,0,17757061120,0
200,1790934338388,4,4,4,4,4,4,4,4,4,4,76.06226348876953,74.2018814086914,73.39277648925781,74.28716278076172,66.0801010131836,75.45918273925781,80.4375,0,0,0,0,0,0,4.761904716491699,4.761904716491699,0,0,15.551153182983398,25769803776,0,17757061120,0
204,1790934338589,4,4,4,4,4,4,4,4,4,4,76.06226348876953,74.2018814086914,73.39277648925781,74.28716278076172,66.0801010131836,75.45918273925781,80.4375,25,26.3157901763916,19.047618865966797,0,0,0,5.263157844543457,0,0,0,15.439754486083984,25769803776,0,17757061120,0
204,1790934338794,4,4,4,4,4,4,4,4,4,4,76.06226348876953,74.2018814086914,73.39277648925781,74.28716278076172,66.0801010131836,75.45918273925781,80.4375,4.761904716491699,0,0,0,0,0,9.090909004211426,0,0,0,15.439754486083984,25769803776,0,17757061120,0
204,1790934338999,4,4,4,4,4,4,4,4,4,4,76.04602813720703,74.19368743896484,73.3992691040039,74.28909301757813,66.10549926757813,75.44420623779297,77.71875,0,0,0,0,0,0,5,0,0,0,15.439754486083984,25769803776,0,17756979200,0
204,1790934339203,4,4,4,4,4,4,4,4,4,4,76.04602813720703,74.19368743896484,73.3992691040039,74.28909301757813,66.10549926757813,75.44420623779297,77.71875,0,0,0,0,0,0,9.523809432983398,0,0,0,15.439754486083984,25769803776,0,17756848128,0
204,1790934339408,4,4,4,4,4,4,4,4,4,4,76.04602813720703,74.19368743896484,73.3992691040039,74.28909301757813,66.10549926757813,75.44420623779297,77.71875,9.523809432983398,5,0,0,0,0,5,0,0,0,15.439754486083984,25769803776,0,17756913664,0
204,1790934339613,4,4,4,4,4,4,4,4,4,4,76.04602813720703,74.19368743896484,73.3992691040039,74.28909301757813,66.10549926757813,75.44420623779297,77.71875,4.761904716491699,0,0,0,0,0,0,0,0,0,15.40498161315918,25769803776,0,17738268672,0
204,1790934339818,4,4,4,4,4,4,4,4,4,4,76.04602813720703,74.19368743896484,73.3992691040039,74.28909301757813,66.10549926757813,75.44420623779297,77.71875,0,4.761904716491699,0,0,0,0,9.090909004211426,0,4.761904716491699,0,15.40498161315918,25769803776,0,17740103680,0
201,1790934340023,4,4,4,4,4,4,4,4,4,4,76.08802032470703,74.12055206298828,73.3766098022461,74.33049011230469,66.05366516113281,75.505859375,80.203125,5,4.761904716491699,0,0,0,0,0,0,4.761904716491699,0,15.40498161315918,25769803776,0,17738268672,0
204,1790934340225,4,4,4,4,4,4,4,4,4,4,76.08802032470703,74.12055206298828,73.3766098022461,74.33049011230469,66.05366516113281,75.505859375,80.203125,0,0,0,0,0,0,5,9.090909004211426,0,0,15.40498161315918,25769803776,0,17738252288,0
204,1790934340430,4,4,4,4,4,4,4,4,4,4,76.08802032470703,74.12055206298828,73.3766098022461,74.33049011230469,66.05366516113281,75.505859375,80.203125,4.761904716491699,0,0,0,0,0,9.523809432983398,0,0,0,15.40498161315918,25769803776,0,17738252288,0
204,1790934340635,4,4,4,4,4,4,4,4,4,4,76.08802032470703,74.12055206298828,73.3766098022461,74.33049011230469,66.05366516113281,75.505859375,80.203125,4.761904716491699,0,0,0,0,0,5,0,0,0,15.443613052368164,25769803776,0,17738252288,0
204,1790934340840,4,4,4,4,4,4,4,4,4,4,76.08802032470703,74.12055206298828,73.3766098022461,74.33049011230469,66.05366516113281,75.505859375,80.203125,0,0,0,0,0,0,9.523809432983398,0,0,0,15.443613052368164,25769803776,0,17738252288,0
201,1790934341045,4,4,4,4,4,4,4,4,4,4,76.13662719726563,74.2672119140625,73.4273452758789,74.33189392089844,66.11119079589844,75.53666687011719,77.71875,0,0,4.761904716491699,0,0,0,5,0,0,0,15.443613052368164,25769803776,0,17737908224,0
200,1790934341247,4,4,4,4,4,4,4,4,4,4,76.13662719726563,74.2672119140625,73.4273452758789,74.33189392089844,66.11119079589844,75.53666687011719,77.71875,4.761904716491699,4.761904716491699,0,0,0,0,5,0,0,0,15.443613052368164,25769803776,0,17737924608,0
204,1790934341447,4,4,4,4,4,4,4,4,4,4,76.13662719726563,74.2672119140625,73.4273452758789,74.33189392089844,66.11119079589844,75.53666687011719,77.71875,0,0,4.761904716491699,4.761904716491699,0,0,5,0,5,0,15.443613052368164,25769803776,0,17737728000,0
204,1790934341652,4,4,4,4,4,4,4,4,4,4,76.13662719726563,74.2672119140625,73.4273452758789,74.33189392089844,66.11119079589844,75.53666687011719,77.71875,0,0,0,0,0,0,5,0,0,0,15.370269775390625,25769803776,0,17737728000,0
203,1790934341857,4,4,4,4,4,4,4,4,4,4,76.13662719726563,74.2672119140625,73.4273452758789,74.33189392089844,66.11119079589844,75.53666687011719,77.71875,4.761904716491699,0,0,0,0,0,9.090909004211426,0,0,0,15.370269775390625,25769803776,0,17737728000,0
200,1790934342061,4,4,4,4,4,4,4,4,4,4,76.17691040039063,74.1440658569336,73.4269027709961,74.35679626464844,66.11902618408203,75.56692504882813,77.71875,0,0,0,0,0,0,5,4.761904716491699,0,0,15.370269775390625,25769803776,0,17737728000,0
204,1790934342262,4,4,4,4,4,4,4,4,4,4,76.17691040039063,74.1440658569336,73.4269027709961,74.35679626464844,66.11902618408203,75.56692504882813,77.71875,5,0,0,0,0,0,0,5,0,0,15.370269775390625,25769803776,0,17737744384,0
200,1790934342467,4,4,4,4,4,4,4,4,4,4,76.17691040039063,74.1440658569336,73.4269027709961,74.35679626464844,66.11902618408203,75.56692504882813,77.71875,0,4.761904716491699,0,0,4.761904716491699,0,9.523809432983398,0,0,0,15.370269775390625,25769803776,0,17737482240,0
204,1790934342668,4,4,4,4,4,4,4,4,4,4,76.17691040039063,74.1440658569336,73.4269027709961,74.35679626464844,66.11902618408203,75.56692504882813,77.71875,0,4.761904716491699,0,0,0,0,5,4.761904716491699,0,0,15.388343811035156,25769803776,0,17737482240,0
204,1790934342873,4,4,4,4,4,4,4,4,4,4,76.17691040039063,74.1440658569336,73.4269027709961,74.35679626464844,66.11902618408203,75.56692504882813,77.71875,9.523809432983398,0,0,5,4.761904716491699,0,5,0,0,0,15.388343811035156,25769803776,0,17737482240,0
204,1790934343078,4,4,4,4,4,4,4,4,4,4,76.14350891113281,74.2101821899414,73.591064453125,74.35540771484375,66.37234497070313,75.5213851928711,77.953125,0,0,0,0,0,0,9.090909004211426,0,0,0,15.388343811035156,25769803776,0,17737416704,0
204,1790934343282,4,4,4,4,4,4,4,4,4,4,76.14350891113281,74.2101821899414,73.591064453125,74.35540771484375,66.37234497070313,75.5213851928711,77.953125,4.761904716491699,0,0,0,0,0,0,0,9.090909004211426,0,15.388343811035156,25769803776,0,17739268096,0
204,1790934343487,4,4,4,4,4,4,4,4,4,4,76.14350891113281,74.2101821899414,73.591064453125,74.35540771484375,66.37234497070313,75.5213851928711,77.953125,0,0,0,0,0,0,5,0,0,0,15.388343811035156,25769803776,0,17737416704,0
203,1790934343692,4,4,4,4,4,4,4,4,4,4,76.14350891113281,74.2101821899414,73.591064453125,74.35540771484375,66.37234497070313,75.5213851928711,77.953125,4.761904716491699,0,0,4.545454502105713,0,0,5,0,0,0,15.372018814086914,25769803776,0,17737416704,0
200,1790934343896,4,4,4,4,4,4,4,4,4,4,76.14350891113281,74.2101821899414,73.591064453125,74.35540771484375,66.37234497070313,75.5213851928711,77.953125,4.761904716491699,4.761904716491699,0,0,0,0,5,0,0,0,15.372018814086914,25769803776,0,17737416704,0
204,1790934344096,4,4,4,4,4,4,4,4,4,4,76.14806365966797,74.26588439941406,73.48975372314453,74.37016296386719,66.19853973388672,75.59431457519531,77.953125,0,0,0,0,0,0,9.523809432983398,9.523809432983398,0,0,15.372018814086914,25769803776,0,17737400320,0
204,1790934344301,4,4,4,4,4,4,4,4,4,4,76.14806365966797,74.26588439941406,73.48975372314453,74.37016296386719,66.19853973388672,75.59431457519531,77.953125,0,0,0,0,0,0,5,0,0,0,15.372018814086914,25769803776,0,17737367552,0
204,1790934344506,4,4,4,4,4,4,4,4,4,4,76.14806365966797,74.26588439941406,73.48975372314453,74.37016296386719,66.19853973388672,75.59431457519531,77.953125,4.761904716491699,4.761904716491699,0,0,0,0,9.090909004211426,0,0,0,15.31302261352539,25769803776,0,17737269248,0
204,1790934344711,4,4,4,4,4,4,4,4,4,4,76.14806365966797,74.26588439941406,73.48975372314453,74.37016296386719,66.19853973388672,75.59431457519531,77.953125,0,0,4.761904716491699,0,0,0,5,0,0,0,15.31302261352539,25769803776,0,17737269248,0
204,1790934344916,4,4,4,4,4,4,4,4,4,4,76.14806365966797,74.26588439941406,73.48975372314453,74.37016296386719,66.19853973388672,75.59431457519531,77.953125,0,0,0,0,0,0,9.523809432983398,0,4.761904716491699,0,15.31302261352539,25769803776,0,17737269248,0
204,1790934345121,4,4,4,4,4,4,4,4,4,4,76.14686584472656,74.20524597167969,73.478271484375,74.37300872802734,66.16761016845703,75.58946228027344,77.953125,4.761904716491699,4.761904716491699,0,0,0,0,5,0,0,0,15.31302261352539,25769803776,0,17737154560,0
204,1790934345326,4,4,4,4,4,4,4,4,4,4,76.14686584472656,74.20524597167969,73.478271484375,74.37300872802734,66.16761016845703,75.58946228027344,77.953125,0,0,0,0,0,0,0,0,0,0,15.31302261352539,25769803776,0,17737138176,0
204,1790934345531,4,4,4,4,4,4,4,4,4,4,76.14686584472656,74.20524597167969,73.478271484375,74.37300872802734,66.16761016845703,75.58946228027344,77.953125,0,0,0,0,0,0,9.523809432983398,0,0,0,15.333826065063477,25769803776,0,17737138176,0
204,1790934345736,4,4,4,4,4,4,4,4,4,4,76.14686584472656,74.20524597167969,73.478271484375,74.37300872802734,66.16761016845703,75.58946228027344,77.953125,9.523809432983398,0,0,0,0,0,4.761904716491699,0,0,0,15.333826065063477,25769803776,0,17737138176,0
204,1790934345941,4,4,4,4,4,4,4,4,4,4,76.14686584472656,74.20524597167969,73.478271484375,74.37300872802734,66.16761016845703,75.58946228027344,77.953125,0,4.545454502105713,0,0,0,0,9.523809432983398,4.761904716491699,0,0,15.333826065063477,25769803776,0,17737138176,0
204,1790934346146,4,4,4,4,4,4,4,4,4,4,76.1805648803711,74.31587219238281,73.52716064453125,74.40349578857422,66.23688507080078,75.63468170166016,77.953125,4.761904716491699,0,4.761904716491699,4.761904716491699,0,0,5,0,0,0,15.333826065063477,25769803776,0,17737236480,0
204,1790934346351,4,4,4,4,4,4,4,4,4,4,76.1805648803711,74.31587219238281,73.52716064453125,74.40349578857422,66.23688507080078,75.63468170166016,77.953125,0,0,0,0,0,0,0,0,9.090909004211426,0,15.333826065063477,25769803776,0,17737449472,0
204,1790934346556,4,4,4,4,4,4,4,4,4,4,76.1805648803711,74.31587219238281,73.52716064453125,74.40349578857422,66.23688507080078,75.63468170166016,77.953125,4.761904716491699,0,0,0,0,0,9.090909004211426,0,0,0,15.370922088623047,25769803776,0,17737449472,0
204,1790934346761,4,4,4,4,4,4,4,4,4,4,76.1805648803711,74.31587219238281,73.52716064453125,74.40349578857422,66.23688507080078,75.63468170166016,77.953125,0,0,0,0,0,0,5,0,0,0,15.370922088623047,25769803776,0,17737449472,0
204,1790934346966,4,4,4,4,4,4,4,4,4,4,76.1805648803711,74.31587219238281,73.52716064453125,74.40349578857422,66.23688507080078,75.63468170166016,77.953125,4.761904716491699,4.761904716491699,4.761904716491699,0,0,0,9.090909004211426,0,0,0,15.370922088623047,25769803776,0,17738940416,0
204,1790934347171,4,4,4,4,4,4,4,4,4,4,76.19713592529297,74.25269317626953,73.50421142578125,74.42996978759766,66.20658874511719,75.6667709350586,78.4375,4.761904716491699,0,0,0,0,0,0,4.761904716491699,0,0,15.370922088623047,25769803776,0,17737121792,0
204,1790934347376,4,4,4,4,4,4,4,4,4,4,76.19713592529297,74.25269317626953,73.50421142578125,74.42996978759766,66.20658874511719,75.6667709350586,78.4375,0,0,0,0,0,4.761904716491699,4.761904716491699,0,0,0,15.370922088623047,25769803776,0,17737351168,0
204,1790934347580,4,4,4,4,4,4,4,4,4,4,76.19713592529297,74.25269317626953,73.50421142578125,74.42996978759766,66.20658874511719,75.6667709350586,78.4375,4.761904716491699,4.545454502105713,0,0,0,0,9.523809432983398,4.761904716491699,0,0,15.27828598022461,25769803776,0,17737351168,0
204,1790934347785,4,4,4,4,4,4,4,4,4,4,76.19713592529297,74.25269317626953,73.50421142578125,74.42996978759766,66.20658874511719,75.6667709350586,78.4375,0,0,0,0,0,0,5,0,0,0,15.27828598022461,25769803776,0,17737383936,0
203,1790934347990,4,4,4,4,4,4,4,4,4,4,76.1588363647461,74.26312255859375,73.552490234375,74.40863037109375,66.26850128173828,75.58718872070313,77.953125,0,0,0,0,0,0,9.523809432983398,0,4.545454502105713,0,15.27828598022461,25769803776,0,17737285632,0
204,1790934348194,4,4,4,4,4,4,4,4,4,4,76.1588363647461,74.26312255859375,73.552490234375,74.40863037109375,66.26850128173828,75.58718872070313,77.953125,4.761904716491699,0,0,0,0,0,0,0,0,0,15.27828598022461,25769803776,0,17737318400,0
204,1790934348399,4,4,4,4,4,4,4,4,4,4,76.1588363647461,74.26312255859375,73.552490234375,74.40863037109375,66.26850128173828,75.58718872070313,77.953125,0,0,0,0,0,0,9.523809432983398,0,0,0,15.27828598022461,25769803776,0,17737170944,0
204,1790934348604,4,4,4,4,4,4,4,4,4,4,76.1588363647461,74.26312255859375,73.552490234375,74.40863037109375,66.26850128173828,75.58718872070313,77.953125,0,0,0,0,0,0,5,0,0,0,15.308464050292969,25769803776,0,17737170944,0
204,1790934348809,4,4,4,4,4,4,4,4,4,4,76.1588363647461,74.26312255859375,73.552490234375,74.40863037109375,66.26850128173828,75.58718872070313,77.953125,9.090909004211426,4.761904716491699,0,0,0,0,9.523809432983398,0,0,0,15.308464050292969,25769803776,0,17737170944,0
204,1790934349014,4,4,4,4,4,4,4,4,4,4,76.18704223632813,74.38146209716797,73.58092498779297,74.40079498291016,66.28888702392578,75.60198974609375,77.953125,0,0,0,0,0,0,4.761904716491699,0,0,0,15.308464050292969,25769803776,0,17737170944,0
204,1790934349219,4,4,4,4,4,4,4,4,4,4,76.18704223632813,74.38146209716797,73.58092498779297,74.40079498291016,66.28888702392578,75.60198974609375,77.953125,4.761904716491699,0,0,0,0,0,5,0,0,0,15.308464050292969,25769803776,0,17737105408,0
204,1790934349424,4,4,4,4,4,4,4,4,4,4,76.18704223632813,74.38146209716797,73.58092498779297,74.40079498291016,66.28888702392578,75.60198974609375,77.953125,0,5,0,0,0,0,4.761904716491699,9.523809432983398,0,0,15.308464050292969,25769803776,0,17737121792,0
204,1790934349629,4,4,4,4,4,4,4,4,4,4,76.18704223632813,74.38146209716797,73.58092498779297,74.40079498291016,66.28888702392578,75.60198974609375,77.953125,4.761904716491699,0,0,4.761904716491699,0,0,5,0,4.761904716491699,0,15.311635971069336,25769803776,0,17737138176,0
204,1790934349834,4,4,4,4,4,4,4,4,4,4,76.18704223632813,74.38146209716797,73.58092498779297,74.40079498291016,66.28888702392578,75.60198974609375,77.953125,0,0,4.545454502105713,0,0,0,4.761904716491699,0,0,0,15.311635971069336,25769803776,0,17737138176,0
204,1790934350039,4,4,4,4,4,4,4,4,4,4,76.24681854248047,74.14424133300781,73.64967346191406,74.45726776123047,66.43338775634766,75.6985092163086,77.953125,9.523809432983398,4.761904716491699,0,0,4.761904716491699,0,5,4.761904716491699,0,0,15.311635971069336,25769803776,0,17737138176,0
204,1790934350244,4,4,4,4,4,4,4,4,4,4,76.24681854248047,74.14424133300781,73.64967346191406,74.45726776123047,66.43338775634766,75.6985092163086,77.953125,0,0,0,0,0,0,5,0,0,0,15.311635971069336,25769803776,0,17737220096,0
204,1790934350449,4,4,4,4,4,4,4,4,4,4,76.24681854248047,74.14424133300781,73.64967346191406,74.45726776123047,66.43338775634766,75.6985092163086,77.953125,4.761904716491699,0,0,0,0,0,9.523809432983398,0,0,0,15.311635971069336,25769803776,0,17737220096,0
204,1790934350654,4,4,4,4,4,4,4,4,4,4,76.24681854248047,74.14424133300781,73.64967346191406,74.45726776123047,66.43338775634766,75.6985092163086,77.953125,0,0,0,0,0,0,4.761904716491699,0,4.761904716491699,0,15.23985481262207,25769803776,0,17737220096,0
204,1790934350859,4,4,4,4,4,4,4,4,4,4,76.24681854248047,74.14424133300781,73.64967346191406,74.45726776123047,66.43338775634766,75.6985092163086,77.953125,0,0,0,0,0,0,0,4.761904716491699,0,0,15.23985481262207,25769803776,0,17737220096,0
204,1790934351064,4,4,4,4,4,4,4,4,4,4,76.18961334228516,74.3438720703125,73.59371948242188,74.42118835449219,66.30573272705078,75.62553405761719,77.953125,4.761904716491699,0,0,0,0,0,9.523809432983398,0,0,0,15.23985481262207,25769803776,0,17737220096,0
202,1790934351269,4,4,4,4,4,4,4,4,4,4,76.18961334228516,74.3438720703125,73.59371948242188,74.42118835449219,66.30573272705078,75.62553405761719,77.953125,5,5,4.761904716491699,0,0,0,0,0,0,0,15.23985481262207,25769803776,0,17737236480,0
200,1790934351471,4,4,4,4,4,4,4,4,4,4,76.18961334228516,74.3438720703125,73.59371948242188,74.42118835449219,66.30573272705078,75.62553405761719,77.953125,0,4.761904716491699,0,0,0,0,5.263157844543457,0,0,0,15.23985481262207,25769803776,0,17737236480,0
200,1790934351672,4,4,4,4,4,4,4,4,4,4,76.18961334228516,74.3438720703125,73.59371948242188,74.42118835449219,66.30573272705078,75.62553405761719,77.953125,4.761904716491699,0,0,0,0,0,9.523809432983398,4.761904716491699,0,0,15.218669891357422,25769803776,0,17737236480,0
204,1790934351873,4,4,4,4,4,4,4,4,4,4,76.18961334228516,74.3438720703125,73.59371948242188,74.42118835449219,66.30573272705078,75.62553405761719,77.953125,0,0,0,0,0,0,5,0,0,0,15.218669891357422,25769803776,0,17737236480,0
204,1790934352078,4,4,4,4,4,4,4,4,4,4,76.19375610351563,74.36112976074219,73.5798110961914,74.4224853515625,66.29370880126953,75.63385009765625,77.953125,15.000000953674316,0,0,0,0,0,9.523809432983398,0,0,0,15.218669891357422,25769803776,0,17737236480,0
204,1790934352283,4,4,4,4,4,4,4,4,4,4,76.19375610351563,74.36112976074219,73.5798110961914,74.4224853515625,66.29370880126953,75.63385009765625,77.953125,61.904762268066406,4.761904716491699,0,0,0,0,0,9.523809432983398,8.69565200805664,0,15.218669891357422,25769803776,0,17736843264,0
204,1790934352487,4,4,4,4,4,4,4,4,4,4,76.19375610351563,74.36112976074219,73.5798110961914,74.4224853515625,66.29370880126953,75.63385009765625,77.953125,0,0,0,0,0,0,0,0,0,0,15.218669891357422,25769803776,0,17736843264,0
204,1790934352692,4,4,4,4,4,4,4,4,4,4,76.19375610351563,74.36112976074219,73.5798110961914,74.4224853515625,66.29370880126953,75.63385009765625,77.953125,4.761904716491699,0,0,0,0,0,5,4.761904716491699,0,0,15.186452865600586,25769803776,0,17736515584,0
204,1790934352897,4,4,4,4,4,4,4,4,4,4,76.19375610351563,74.36112976074219,73.5798110961914,74.4224853515625,66.29370880126953,75.63385009765625,77.953125,5,0,0,0,4.545454502105713,0,0,9.523809432983398,0,0,15.186452865600586,25769803776,0,17736859648,0
204,1790934353102,4,4,4,4,4,4,4,4,4,4,76.25453186035156,74.0056381225586,73.90882873535156,74.47196197509766,66.90591430664063,75.68126678466797,78.203125,4.761904716491699,4.761904716491699,0,0,0,0,4.761904716491699,0,0,0,15.186452865600586,25769803776,0,17737187328,0
204,1790934353307,4,4,4,4,4,4,4,4,4,4,76.25453186035156,74.0056381225586,73.90882873535156,74.47196197509766,66.90591430664063,75.68126678466797,78.203125,0,0,0,0,0,0,0,9.523809432983398,0,0,15.186452865600586,25769803776,0,17737105408,0
204,1790934353512,4,4,4,4,4,4,4,4,4,4,76.25453186035156,74.0056381225586,73.90882873535156,74.47196197509766,66.90591430664063,75.68126678466797,78.203125,0,0,4.545454502105713,0,0,0,4.761904716491699,5,0,0,15.331119537353516,25769803776,0,17737105408,0
203,1790934353717,4,4,4,4,4,4,4,4,4,4,76.25453186035156,74.0056381225586,73.90882873535156,74.47196197509766,66.90591430664063,75.68126678466797,78.203125,4.761904716491699,4.761904716491699,4.761904716491699,0,0,0,0,4.761904716491699,0,0,15.331119537353516,25769803776,0,17737089024,0
204,1790934353921,4,4,4,4,4,4,4,4,4,4,76.25453186035156,74.0056381225586,73.90882873535156,74.47196197509766,66.90591430664063,75.68126678466797,78.203125,0,0,0,0,0,0,0,5,4.761904716491699,0,15.331119537353516,25769803776,0,17737105408,0
201,1790934354126,4,4,4,4,4,4,4,4,4,4,76.22321319580078,73.9808349609375,73.98966979980469,74.45714569091797,67.06358337402344,75.65912628173828,77.953125,4.761904716491699,0,0,0,0,0,4.761904716491699,5,0,0,15.331119537353516,25769803776,0,17739022336,0
204,1790934354327,4,4,4,4,4,4,4,4,4,4,76.22321319580078,73.9808349609375,73.98966979980469,74.45714569091797,67.06358337402344,75.65912628173828,77.953125,0,0,0,0,0,0,0,4.761904716491699,0,0,15.331119537353516,25769803776,0,17736957952,0
202,1790934354532,4,4,4,4,4,4,4,4,4,4,76.22321319580078,73.9808349609375,73.98966979980469,74.45714569091797,67.06358337402344,75.65912628173828,77.953125,5,4.761904716491699,0,0,0,0,0,0,5,0,15.165813446044922,25769803776,0,17736941568,0
200,1790934354735,4,4,4,4,4,4,4,4,4,4,76.22321319580078,73.9808349609375,73.98966979980469,74.45714569091797,67.06358337402344,75.65912628173828,77.953125,4.761904716491699,0,0,0,0,0,5,4.761904716491699,0,0,15.165813446044922,25769803776,0,17736990720,0
204,1790934354935,4,4,4,4,4,4,4,4,4,4,76.22321319580078,73.9808349609375,73.98966979980469,74.45714569091797,67.06358337402344,75.65912628173828,77.953125,0,0,0,0,0,0,0,0,0,0,15.165813446044922,25769803776,0,17737023488,0
204,1790934355140,4,4,4,4,4,4,4,4,4,4,76.3320083618164,73.89901733398438,73.72193908691406,74.52303314208984,66.65546417236328,75.81816101074219,80.4375,0,0,0,0,0,0,4.761904716491699,9.523809432983398,0,0,15.165813446044922,25769803776,0,17737056256,0
204,1790934355345,4,4,4,4,4,4,4,4,4,4,76.3320083618164,73.89901733398438,73.72193908691406,74.52303314208984,66.65546417236328,75.81816101074219,80.4375,5,0,4.761904716491699,0,0,0,0,5,0,0,15.165813446044922,25769803776,0,17737039872,0
204,1790934355550,4,4,4,4,4,4,4,4,4,4,76.3320083618164,73.89901733398438,73.72193908691406,74.52303314208984,66.65546417236328,75.81816101074219,80.4375,4.761904716491699,4.761904716491699,0,0,0,0,0,4.761904716491699,4.761904716491699,0,15.091102600097656,25769803776,0,17737334784,0
200,1790934355755,4,4,4,4,4,4,4,4,4,4,76.3320083618164,73.89901733398438,73.72193908691406,74.52303314208984,66.65546417236328,75.81816101074219,80.4375,0,4.761904716491699,0,4.545454502105713,0,0,4.761904716491699,5,0,0,15.091102600097656,25769803776,0,17737285632,0
204,1790934355956,4,4,4,4,4,4,4,4,4,4,76.3320083618164,73.89901733398438,73.72193908691406,74.52303314208984,66.65546417236328,75.81816101074219,80.4375,4.761904716491699,0,0,0,0,0,0,5,0,0,15.091102600097656,25769803776,0,17737285632,0
204,1790934356161,4,4,4,4,4,4,4,4,4,4,76.27287292480469,73.91344451904297,74.0303955078125,74.48784637451172,67.13118743896484,75.72965240478516,78.203125,0,0,0,0,0,0,0,9.523809432983398,0,0,15.091102600097656,25769803776,0,17737285632,0
204,1790934356366,4,4,4,4,4,4,4,4,4,4,76.27287292480469,73.91344451904297,74.0303955078125,74.48784637451172,67.13118743896484,75.72965240478516,78.203125,0,0,0,0,0,0,0,5,4.545454502105713,0,15.091102600097656,25769803776,0,17737252864,0
204,1790934356571,4,4,4,4,4,4,4,4,4,4,76.27287292480469,73.91344451904297,74.0303955078125,74.48784637451172,67.13118743896484,75.72965240478516,78.203125,4.761904716491699,0,0,0,0,0,0,9.523809432983398,0,0,15.159948348999023,25769803776,0,17737252864,0
200,1790934356776,4,4,4,4,4,4,4,4,4,4,76.27287292480469,73.91344451904297,74.0303955078125,74.48784637451172,67.13118743896484,75.72965240478516,78.203125,0,0,4.545454502105713,0,0,0,0,4.761904716491699,0,0,15.159948348999023,25769803776,0,17737252864,0
204,1790934356976,4,4,4,4,4,4,4,4,4,4,76.27287292480469,73.91344451904297,74.0303955078125,74.48784637451172,67.13118743896484,75.72965240478516,78.203125,5,0,0,0,0,0,5,0,0,0,15.159948348999023,25769803776,0,17737252864,0
204,1790934357181,4,4,4,4,4,4,4,4,4,4,76.22673034667969,73.90522003173828,74.04944610595703,74.46009826660156,67.18041229248047,75.64674377441406,78.203125,0,0,0,0,0,0,0,9.090909004211426,0,4.761904716491699,15.159948348999023,25769803776,0,17737252864,0
203,1790934357386,4,4,4,4,4,4,4,4,4,4,76.22673034667969,73.90522003173828,74.04944610595703,74.46009826660156,67.18041229248047,75.64674377441406,78.203125,0,4.545454502105713,0,0,0,0,0,5,0,0,15.159948348999023,25769803776,0,17737285632,0
204,1790934357590,4,4,4,4,4,4,4,4,4,4,76.22673034667969,73.90522003173828,74.04944610595703,74.46009826660156,67.18041229248047,75.64674377441406,78.203125,9.523809432983398,0,0,0,0,0,0,9.523809432983398,0,0,15.170896530151367,25769803776,0,17739153408,0
204,1790934357795,4,4,4,4,4,4,4,4,4,4,76.22673034667969,73.90522003173828,74.04944610595703,74.46009826660156,67.18041229248047,75.64674377441406,78.203125,0,4.761904716491699,0,0,0,0,0,0,0,0,15.170896530151367,25769803776,0,17737383936,0
204,1790934358000,4,4,4,4,4,4,4,4,4,4,76.18058776855469,73.96329498291016,73.85873413085938,74.4346694946289,66.83771514892578,75.59231567382813,77.953125,0,0,0,0,0,0,9.090909004211426,0,0,0,15.170896530151367,25769803776,0,17737400320,0
204,1790934358205,4,4,4,4,4,4,4,4,4,4,76.18058776855469,73.96329498291016,73.85873413085938,74.4346694946289,66.83771514892578,75.59231567382813,77.953125,4.761904716491699,0,0,0,0,0,0,4.761904716491699,4.761904716491699,0,15.170896530151367,25769803776,0,17737400320,0
204,1790934358410,4,4,4,4,4,4,4,4,4,4,76.18058776855469,73.96329498291016,73.85873413085938,74.4346694946289,66.83771514892578,75.59231567382813,77.953125,0,0,0,0,4.545454502105713,0,0,9.523809432983398,0,0,15.170896530151367,25769803776,0,17737154560,0
204,1790934358615,4,4,4,4,4,4,4,4,4,4,76.18058776855469,73.96329498291016,73.85873413085938,74.4346694946289,66.83771514892578,75.59231567382813,77.953125,4.761904716491699,0,0,0,0,0,0,5,0,0,15.080301284790039,25769803776,0,17737089024,0
204,1790934358820,4,4,4,4,4,4,4,4,4,4,76.18058776855469,73.96329498291016,73.85873413085938,74.4346694946289,66.83771514892578,75.59231567382813,77.953125,0,0,0,0,0,0,0,9.523809432983398,0,0,15.080301284790039,25769803776,0,17737105408,0
204,1790934359025,4,4,4,4,4,4,4,4,4,4,76.25220489501953,73.9025650024414,74.07157135009766,74.46129608154297,67.20881652832031,75.69661712646484,78.203125,4.761904716491699,4.761904716491699,0,4.545454502105713,0,0,4.761904716491699,0,0,0,15.080301284790039,25769803776,0,17737383936,0
204,1790934359230,4,4,4,4,4,4,4,4,4,4,76.25220489501953,73.9025650024414,74.07157135009766,74.46129608154297,67.20881652832031,75.69661712646484,78.203125,0,0,0,0,0,0,0,9.090909004211426,4.761904716491699,0,15.080301284790039,25769803776,0,17737383936,0
203,1790934359435,4,4,4,4,4,4,4,4,4,4,76.25220489501953,73.9025650024414,74.07157135009766,74.46129608154297,67.20881652832031,75.69661712646484,78.203125,9.523809432983398,0,0,0,0,0,0,5,4.545454502105713,0,15.080301284790039,25769803776,0,17737465856,0
200,1790934359638,4,4,4,4,4,4,4,4,4,4,76.25220489501953,73.9025650024414,74.07157135009766,74.46129608154297,67.20881652832031,75.69661712646484,78.203125,0,4.761904716491699,4.761904716491699,0,0,0,0,5,0,0,15.089014053344727,25769803776,0,17737465856,0
204,1790934359839,4,4,4,4,4,4,4,4,4,4,76.25220489501953,73.9025650024414,74.07157135009766,74.46129608154297,67.20881652832031,75.69661712646484,78.203125,0,0,0,0,0,4.761904716491699,0,9.523809432983398,0,0,15.089014053344727,25769803776,0,17737465856,0
204,1790934360044,4,4,4,4,4,4,4,4,4,4,76.24053955078125,73.86783599853516,74.00318908691406,74.4681625366211,67.11660766601563,75.68392181396484,79.140625,4.761904716491699,4.761904716491699,0,0,0,0,0,0,0,0,15.089014053344727,25769803776,0,17737465856,0
203,1790934360249,4,4,4,4,4,4,4,4,4,4,76.24053955078125,73.86783599853516,74.00318908691406,74.4681625366211,67.11660766601563,75.68392181396484,79.140625,0,0,4.545454502105713,0,0,0,4.761904716491699,9.523809432983398,0,0,15.089014053344727,25769803776,0,17737465856,0
204,1790934360452,4,4,4,4,4,4,4,4,4,4,76.24053955078125,73.86783599853516,74.00318908691406,74.4681625366211,67.11660766601563,75.68392181396484,79.140625,0,0,0,0,0,0,5,0,0,0,15.089014053344727,25769803776,0,17737695232,0
202,1790934360657,4,4,4,4,4,4,4,4,4,4,76.24053955078125,73.86783599853516,74.00318908691406,74.4681625366211,67.11660766601563,75.68392181396484,79.140625,4.761904716491699,0,0,0,0,0,0,5,0,0,15.051279067993164,25769803776,0,17737760768,0
200,1790934360859,4,4,4,4,4,4,4,4,4,4,76.24053955078125,73.86783599853516,74.00318908691406,74.4681625366211,67.11660766601563,75.68392181396484,79.140625,4.761904716491699,0,0,0,0,0,0,9.523809432983398,4.761904716491699,0,15.051279067993164,25769803776,0,17737760768,0
200,1790934361060,4,4,4,4,4,4,4,4,4,4,76.16510772705078,73.97610473632813,73.88383483886719,74.43511199951172,66.86934661865234,75.57828521728516,78.3125,5,0,0,0,0,0,0,5,0,0,15.051279067993164,25769803776,0,17737760768,0
204,1790934361261,4,4,4,4,4,4,4,4,4,4,76.16510772705078,73.97610473632813,73.88383483886719,74.43511199951172,66.86934661865234,75.57828521728516,78.3125,0,0,0,0,0,0,5,0,0,0,15.051279067993164,25769803776,0,17737760768,0
204,1790934361466,4,4,4,4,4,4,4,4,4,4,76.16510772705078,73.97610473632813,73.88383483886719,74.43511199951172,66.86934661865234,75.57828521728516,78.3125,0,0,0,0,0,0,0,9.523809432983398,0,0,15.051279067993164,25769803776,0,17737695232,0
204,1790934361671,4,4,4,4,4,4,4,4,4,4,76.16510772705078,73.97610473632813,73.88383483886719,74.43511199951172,66.86934661865234,75.57828521728516,78.3125,4.761904716491699,4.761904716491699,0,0,0,0,0,5,0,0,15.057262420654297,25769803776,0,17738006528,0
204,1790934361876,4,4,4,4,4,4,4,4,4,4,76.16510772705078,73.97610473632813,73.88383483886719,74.43511199951172,66.86934661865234,75.57828521728516,78.3125,0,0,0,0,0,0,0,5,0,0,15.057262420654297,25769803776,0,17738006528,0
204,1790934362081,4,4,4,4,4,4,4,4,4,4,76.1991958618164,73.86727905273438,74.02555084228516,74.4594955444336,67.14358520507813,75.6041259765625,80.671875,0,0,0,0,0,0,4.545454502105713,9.090909004211426,0,0,15.057262420654297,25769803776,0,17738006528,0
204,1790934362286,4,4,4,4,4,4,4,4,4,4,76.1991958618164,73.86727905273438,74.02555084228516,74.4594955444336,67.14358520507813,75.6041259765625,80.671875,4.761904716491699,4.761904716491699,0,0,0,0,0,0,0,0,15.057262420654297,25769803776,0,17738006528,0
204,1790934362491,4,4,4,4,4,4,4,4,4,4,76.1991958618164,73.86727905273438,74.02555084228516,74.4594955444336,67.14358520507813,75.6041259765625,80.671875,0,0,0,0,4.761904716491699,0,0,9.523809432983398,0,0,15.039384841918945,25769803776,0,17738055680,0
204,1790934362696,4,4,4,4,4,4,4,4,4,4,76.1991958618164,73.86727905273438,74.02555084228516,74.4594955444336,67.14358520507813,75.6041259765625,80.671875,4.761904716491699,0,0,0,0,0,0,4.761904716491699,9.090909004211426,0,15.039384841918945,25769803776,0,17738055680,0
201,1790934362901,4,4,4,4,4,4,4,4,4,4,76.1991958618164,73.86727905273438,74.02555084228516,74.4594955444336,67.14358520507813,75.6041259765625,80.671875,4.761904716491699,4.761904716491699,4.761904716491699,0,0,0,4.761904716491699,0,0,0,15.039384841918945,25769803776,0,17737924608,0
204,1790934363102,4,4,4,4,4,4,4,4,4,4,76.17296600341797,73.93169403076172,73.81482696533203,74.41626739501953,66.78697967529297,75.61869049072266,77.953125,5,0,0,0,0,0,0,9.523809432983398,0,0,15.039384841918945,25769803776,0,17738006528,0
204,1790934363307,4,4,4,4,4,4,4,4,4,4,76.17296600341797,73.93169403076172,73.81482696533203,74.41626739501953,66.78697967529297,75.61869049072266,77.953125,0,0,0,0,0,0,0,5,0,0,15.039384841918945,25769803776,0,17738006528,0
204,1790934363512,4,4,4,4,4,4,4,4,4,4,76.17296600341797,73.93169403076172,73.81482696533203,74.41626739501953,66.78697967529297,75.61869049072266,77.953125,0,0,0,4.545454502105713,0,0,4.761904716491699,9.523809432983398,0,0,14.989376068115234,25769803776,0,17738088448,0
204,1790934363717,4,4,4,4,4,4,4,4,4,4,76.17296600341797,73.93169403076172,73.81482696533203,74.41626739501953,66.78697967529297,75.61869049072266,77.953125,4.761904716491699,5,4.761904716491699,4.761904716491699,0,0,0,5,4.761904716491699,0,14.989376068115234,25769803776,0,17738104832,0
204,1790934363922,4,4,4,4,4,4,4,4,4,4,76.17296600341797,73.93169403076172,73.81482696533203,74.41626739501953,66.78697967529297,75.61869049072266,77.953125,0,0,0,0,0,0,4.545454502105713,0,0,0,14.989376068115234,25769803776,0,17738104832,0
203,1790934364127,4,4,4,4,4,4,4,4,4,4,76.17035675048828,73.8999252319336,74.04131317138672,74.41845703125,67.16018676757813,75.59358978271484,77.953125,4.761904716491699,4.761904716491699,0,0,0,0,0,9.523809432983398,0,0,14.989376068115234,25769803776,0,17738104832,0
204,1790934364331,4,4,4,4,4,4,4,4,4,4,76.17035675048828,73.8999252319336,74.04131317138672,74.41845703125,67.16018676757813,75.59358978271484,77.953125,0,0,0,0,0,0,0,5,0,0,14.989376068115234,25769803776,0,17738104832,0
204,1790934364536,4,4,4,4,4,4,4,4,4,4,76.17035675048828,73.8999252319336,74.04131317138672,74.41845703125,67.16018676757813,75.59358978271484,77.953125,5,0,0,0,4.761904716491699,0,5,0,0,0,15.038930892944336,25769803776,0,17738022912,0
204,1790934364741,4,4,4,4,4,4,4,4,4,4,76.17035675048828,73.8999252319336,74.04131317138672,74.41845703125,67.16018676757813,75.59358978271484,77.953125,4.761904716491699,0,0,0,0,0,0,9.090909004211426,0,4.761904716491699,15.038930892944336,25769803776,0,17739677696,0
200,1790934364945,4,4,4,4,4,4,4,4,4,4,76.17035675048828,73.8999252319336,74.04131317138672,74.41845703125,67.16018676757813,75.59358978271484,77.953125,0,0,0,0,0,0,0,0,0,0,15.038930892944336,25769803776,0,17737842688,0
204,1790934365146,4,4,4,4,4,4,4,4,4,4,76.17090606689453,73.92546081542969,73.91011810302734,74.39749145507813,66.9664535522461,75.52543640136719,80.90625,0,0,0,0,0,0,4.761904716491699,5.263157844543457,4.761904716491699,0,15.038930892944336,25769803776,0,17737842688,0
202,1790934365351,4,4,4,4,4,4,4,4,4,4,76.17090606689453,73.92546081542969,73.91011810302734,74.39749145507813,66.9664535522461,75.52543640136719,80.90625,5,5,0,0,0,4.761904716491699,0,9.523809432983398,0,0,15.038930892944336,25769803776,0,17738366976,0
204,1790934365553,4,4,4,4,4,4,4,4,4,4,76.17090606689453,73.92546081542969,73.91011810302734,74.39749145507813,66.9664535522461,75.52543640136719,80.90625,0,0,0,0,0,0,0,5,0,0,14.961469650268555,25769803776,0,17738203136,0
204,1790934365758,4,4,4,4,4,4,4,4,4,4,76.17090606689453,73.92546081542969,73.91011810302734,74.39749145507813,66.9664535522461,75.52543640136719,80.90625,9.523809432983398,9.090909004211426,0,0,0,0,0,9.090909004211426,0,0,14.961469650268555,25769803776,0,17738252288,0
204,1790934365963,4,4,4,4,4,4,4,4,4,4,76.17090606689453,73.92546081542969,73.91011810302734,74.39749145507813,66.9664535522461,75.52543640136719,80.90625,0,0,0,0,0,0,4.545454502105713,0,0,0,14.961469650268555,25769803776,0,17738219520,0
204,1790934366169,4,4,4,4,4,4,4,4,4,4,76.11074829101563,73.85639953613281,73.94055938720703,74.37614440917969,66.9998779296875,75.48255920410156,77.953125,4.761904716491699,0,4.761904716491699,0,0,0,0,5,0,0,14.961469650268555,25769803776,0,17738170368,0
204,1790934366374,4,4,4,4,4,4,4,4,4,4,76.11074829101563,73.85639953613281,73.94055938720703,74.37614440917969,66.9998779296875,75.48255920410156,77.953125,0,0,0,0,0,0,0,9.523809432983398,0,0,14.961469650268555,25769803776,0,17738219520,0
204,1790934366579,4,4,4,4,4,4,4,4,4,4,76.11074829101563,73.85639953613281,73.94055938720703,74.37614440917969,66.9998779296875,75.48255920410156,77.953125,0,0,0,0,0,0,0,5,0,0,14.950996398925781,25769803776,0,17738219520,0
203,1790934366784,4,4,4,4,4,4,4,4,4,4,76.11074829101563,73.85639953613281,73.94055938720703,74.37614440917969,66.9998779296875,75.48255920410156,77.953125,4.761904716491699,0,4.761904716491699,0,0,0,0,9.523809432983398,4.761904716491699,0,14.950996398925781,25769803776,0,17737957376,0
204,1790934366987,4,4,4,4,4,4,4,4,4,4,76.10550689697266,73.8536148071289,74.0169448852539,74.3604736328125,67.1367416381836,75.50202178955078,77.953125,0,0,0,0,0,0,0,4.761904716491699,0,0,14.950996398925781,25769803776,0,17737957376,0
204,1790934367192,4,4,4,4,4,4,4,4,4,4,76.10550689697266,73.8536148071289,74.0169448852539,74.3604736328125,67.1367416381836,75.50202178955078,77.953125,4.761904716491699,4.545454502105713,0,0,0,0,0,9.523809432983398,0,0,14.950996398925781,25769803776,0,17737957376,0
204,1790934367398,4,4,4,4,4,4,4,4,4,4,76.10550689697266,73.8536148071289,74.0169448852539,74.3604736328125,67.1367416381836,75.50202178955078,77.953125,4.761904716491699,0,0,0,0,0,4.761904716491699,0,0,0,14.950996398925781,25769803776,0,17737957376,0
204,1790934367603,4,4,4,4,4,4,4,4,4,4,76.10550689697266,73.8536148071289,74.0169448852539,74.3604736328125,67.1367416381836,75.50202178955078,77.953125,0,0,0,0,0,0,0,9.523809432983398,4.761904716491699,0,14.914005279541016,25769803776,0,17737908224,0
204,1790934367808,4,4,4,4,4,4,4,4,4,4,76.10550689697266,73.8536148071289,74.0169448852539,74.3604736328125,67.1367416381836,75.50202178955078,77.953125,4.761904716491699,0,0,0,0,0,9.523809432983398,4.761904716491699,0,0,14.914005279541016,25769803776,0,17737957376,0
204,1790934368013,4,4,4,4,4,4,4,4,4,4,76.0386734008789,73.83612060546875,73.7697525024414,74.31671142578125,66.73857879638672,75.45687103271484,77.953125,0,0,0,0,0,0,0,5,0,0,14.914005279541016,25769803776,0,17737957376,0
204,1790934368218,4,4,4,4,4,4,4,4,4,4,76.0386734008789,73.83612060546875,73.7697525024414,74.31671142578125,66.73857879638672,75.45687103271484,77.953125,9.523809432983398,9.523809432983398,0,0,4.761904716491699,4.761904716491699,0,4.761904716491699,4.761904716491699,0,14.914005279541016,25769803776,0,17737957376,0
200,1790934368423,4,4,4,4,4,4,4,4,4,4,76.0386734008789,73.83612060546875,73.7697525024414,74.31671142578125,66.73857879638672,75.45687103271484,77.953125,5,0,0,9.090909004211426,0,0,0,4.761904716491699,0,0,14.914005279541016,25769803776,0,17737957376,0
204,1790934368623,4,4,4,4,4,4,4,4,4,4,76.0386734008789,73.83612060546875,73.7697525024414,74.31671142578125,66.73857879638672,75.45687103271484,77.953125,0,0,0,0,0,0,0,5.263157844543457,0,0,14.815155029296875,25769803776,0,17738547200,0
204,1790934368828,4,4,4,4,4,4,4,4,4,4,76.0386734008789,73.83612060546875,73.7697525024414,74.31671142578125,66.73857879638672,75.45687103271484,77.953125,0,4.761904716491699,0,0,0,0,0,4.761904716491699,0,0,14.815155029296875,25769803776,0,17738547200,0
204,1790934369033,4,4,4,4,4,4,4,4,4,4,76.0508804321289,73.826171875,74.00238037109375,74.31988525390625,67.10851287841797,75.4723129272461,77.953125,28.571430206298828,5,9.090909004211426,0,0,0,0,5,0,0,14.815155029296875,25769803776,0,17743052800,0
204,1790934369238,4,4,4,4,4,4,4,4,4,4,76.0508804321289,73.826171875,74.00238037109375,74.31988525390625,67.10851287841797,75.4723129272461,77.953125,0,0,0,0,0,0,0,5,0,0,14.815155029296875,25769803776,0,17743052800,0
201,1790934369443,4,4,4,4,4,4,4,4,4,4,76.0508804321289,73.826171875,74.00238037109375,74.31988525390625,67.10851287841797,75.4723129272461,77.953125,9.523809432983398,4.761904716491699,0,0,4.761904716491699,0,0,9.523809432983398,0,0,14.815155029296875,25769803776,0,17743052800,0
204,1790934369644,4,4,4,4,4,4,4,4,4,4,76.0508804321289,73.826171875,74.00238037109375,74.31988525390625,67.10851287841797,75.4723129272461,77.953125,0,4.761904716491699,0,0,0,0,4.761904716491699,5,0,0,14.834259033203125,25769803776,0,17743003648,0
204,1790934369849,4,4,4,4,4,4,4,4,4,4,76.0508804321289,73.826171875,74.00238037109375,74.31988525390625,67.10851287841797,75.4723129272461,77.953125,0,0,0,0,0,0,4.761904716491699,9.523809432983398,0,0,14.834259033203125,25769803776,0,17743003648,0
204,1790934370054,4,4,4,4,4,4,4,4,4,4,76.0358657836914,73.7920913696289,73.9956283569336,74.32200622558594,67.11204528808594,75.44384002685547,77.953125,4.761904716491699,0,4.761904716491699,0,0,0,0,0,4.761904716491699,0,14.834259033203125,25769803776,0,17742987264,0
204,1790934370259,4,4,4,4,4,4,4,4,4,4,76.0358657836914,73.7920913696289,73.9956283569336,74.32200622558594,67.11204528808594,75.44384002685547,77.953125,4.761904716491699,0,0,0,0,0,4.761904716491699,4.761904716491699,0,0,14.834259033203125,25769803776,0,17742905344,0
204,1790934370464,4,4,4,4,4,4,4,4,4,4,76.0358657836914,73.7920913696289,73.9956283569336,74.32200622558594,67.11204528808594,75.44384002685547,77.953125,0,0,0,0,0,0,0,9.090909004211426,0,0,14.834259033203125,25769803776,0,17742905344,0
204,1790934370669,4,4,4,4,4,4,4,4,4,4,76.0358657836914,73.7920913696289,73.9956283569336,74.32200622558594,67.11204528808594,75.44384002685547,77.953125,5,5,4.761904716491699,0,0,0,0,0,0,0,14.922138214111328,25769803776,0,17742987264,0
204,1790934370874,4,4,4,4,4,4,4,4,4,4,76.0358657836914,73.7920913696289,73.9956283569336,74.32200622558594,67.11204528808594,75.44384002685547,77.953125,9.090909004211426,4.761904716491699,0,0,0,0,0,9.523809432983398,0,0,14.922138214111328,25769803776,0,17742987264,0
204,1790934371079,4,4,4,4,4,4,4,4,4,4,76.01901245117188,73.86199188232422,73.7596206665039,74.29371643066406,66.70269012451172,75.43267059326172,77.953125,0,4.761904716491699,0,0,0,0,0,5,0,0,14.922138214111328,25769803776,0,17742954496,0
204,1790934371284,4,4,4,4,4,4,4,4,4,4,76.01901245117188,73.86199188232422,73.7596206665039,74.29371643066406,66.70269012451172,75.43267059326172,77.953125,0,0,0,0,0,0,4.761904716491699,9.090909004211426,4.761904716491699,0,14.922138214111328,25769803776,0,17742872576,0
203,1790934371489,4,4,4,4,4,4,4,4,4,4,76.01901245117188,73.86199188232422,73.7596206665039,74.29371643066406,66.70269012451172,75.43267059326172,77.953125,4.761904716491699,0,0,0,0,0,0,5,0,0,14.75721549987793,25769803776,0,17742872576,0
202,1790934371693,4,4,4,4,4,4,4,4,4,4,76.01901245117188,73.86199188232422,73.7596206665039,74.29371643066406,66.70269012451172,75.43267059326172,77.953125,0,0,0,4.761904716491699,0,0,0,0,0,0,14.75721549987793,25769803776,0,17742872576,0
204,1790934371896,4,4,4,4,4,4,4,4,4,4,76.01901245117188,73.86199188232422,73.7596206665039,74.29371643066406,66.70269012451172,75.43267059326172,77.953125,0,0,4.761904716491699,0,0,0,0,4.761904716491699,4.761904716491699,0,14.75721549987793,25769803776,0,17742774272,0
204,1790934372101,4,4,4,4,4,4,4,4,4,4,76.00384521484375,73.85830688476563,73.8420181274414,74.2651596069336,66.8487548828125,75.43970489501953,77.71875,4.761904716491699,0,0,0,0,0,5,4.761904716491699,0,0,14.75721549987793,25769803776,0,17743036416,0
204,1790934372306,4,4,4,4,4,4,4,4,4,4,76.00384521484375,73.85830688476563,73.8420181274414,74.2651596069336,66.8487548828125,75.43970489501953,77.71875,0,0,0,0,0,0,0,4.761904716491699,0,0,14.75721549987793,25769803776,0,17743216640,0
204,1790934372511,4,4,4,4,4,4,4,4,4,4,76.00384521484375,73.85830688476563,73.8420181274414,74.2651596069336,66.8487548828125,75.43970489501953,77.71875,0,4.761904716491699,0,0,0,4.545454502105713,0,0,4.761904716491699,0,14.827571868896484,25769803776,0,17743216640,0
204,1790934372716,4,4,4,4,4,4,4,4,4,4,76.00384521484375,73.85830688476563,73.8420181274414,74.2651596069336,66.8487548828125,75.43970489501953,77.71875,4.761904716491699,0,0,0,0,0,4.761904716491699,9.523809432983398,0,0,14.827571868896484,25769803776,0,17743216640,0
204,1790934372921,4,4,4,4,4,4,4,4,4,4,76.00384521484375,73.85830688476563,73.8420181274414,74.2651596069336,66.8487548828125,75.43970489501953,77.71875,4.761904716491699,0,4.761904716491699,0,0,0,0,5,0,0,14.827571868896484,25769803776,0,17742905344,0
204,1790934373126,4,4,4,4,4,4,4,4,4,4,75.9610366821289,73.70497131347656,73.7828140258789,74.22411346435547,66.8238754272461,75.40617370605469,77.71875,5,0,0,0,4.761904716491699,0,4.761904716491699,9.090909004211426,0,0,14.827571868896484,25769803776,0,17743085568,0
204,1790934373331,4,4,4,4,4,4,4,4,4,4,75.9610366821289,73.70497131347656,73.7828140258789,74.22411346435547,66.8238754272461,75.40617370605469,77.71875,0,0,0,0,0,0,0,0,0,0,14.827571868896484,25769803776,0,17743085568,0
204,1790934373536,4,4,4,4,4,4,4,4,4,4,75.9610366821289,73.70497131347656,73.7828140258789,74.22411346435547,66.8238754272461,75.40617370605469,77.71875,0,0,0,0,0,0,0,9.523809432983398,4.545454502105713,0,14.708755493164063,25769803776,0,17743085568,0
204,1790934373741,4,4,4,4,4,4,4,4,4,4,75.9610366821289,73.70497131347656,73.7828140258789,74.22411346435547,66.8238754272461,75.40617370605469,77.71875,4.761904716491699,4.761904716491699,0,0,0,0,0,5,0,0,14.708755493164063,25769803776,0,17742544896,0
204,1790934373946,4,4,4,4,4,4,4,4,4,4,75.9610366821289,73.70497131347656,73.7828140258789,74.22411346435547,66.8238754272461,75.40617370605469,77.71875,0,4.761904716491699,0,0,0,0,0,4.761904716491699,0,0,14.708755493164063,25769803776,0,17742479360,0
204,1790934374151,4,4,4,4,4,4,4,4,4,4,75.97650146484375,73.74992370605469,73.90990447998047,74.25061798095703,67.0018081665039,75.38976287841797,77.71875,0,0,0,0,0,0,0,9.523809432983398,0,0,14.708755493164063,25769803776,0,17742184448,0
204,1790934374356,4,4,4,4,4,4,4,4,4,4,75.97650146484375,73.74992370605469,73.90990447998047,74.25061798095703,67.0018081665039,75.38976287841797,77.71875,4.761904716491699,0,0,0,0,0,0,0,0,0,14.708755493164063,25769803776,0,17742184448,0
204,1790934374561,4,4,4,4,4,4,4,4,4,4,75.97650146484375,73.74992370605469,73.90990447998047,74.25061798095703,67.0018081665039,75.38976287841797,77.71875,4.761904716491699,0,0,0,0,0,4.761904716491699,9.523809432983398,4.761904716491699,0,14.843120574951172,25769803776,0,17742184448,0
204,1790934374766,4,4,4,4,4,4,4,4,4,4,75.97650146484375,73.74992370605469,73.90990447998047,74.25061798095703,67.0018081665039,75.38976287841797,77.71875,0,0,0,4.545454502105713,0,0,0,0,0,0,14.843120574951172,25769803776,0,17741971456,0
204,1790934374971,4,4,4,4,4,4,4,4,4,4,75.97650146484375,73.74992370605469,73.90990447998047,74.25061798095703,67.0018081665039,75.38976287841797,77.71875,4.761904716491699,4.545454502105713,0,0,0,0,4.761904716491699,5,9.090909004211426,0,14.843120574951172,25769803776,0,17741971456,0
204,1790934375176,4,4,4,4,4,4,4,4,4,4,76.09978485107422,73.6728286743164,73.72909545898438,74.25504302978516,66.76310729980469,75.59732818603516,78.4375,0,0,4.761904716491699,0,4.761904716491699,0,0,9.523809432983398,0,0,14.843120574951172,25769803776,0,17728061440,0
204,1790934375381,4,4,4,4,4,4,4,4,4,4,76.09978485107422,73.6728286743164,73.72909545898438,74.25504302978516,66.76310729980469,75.59732818603516,78.4375,0,0,0,0,0,0,0,4.761904716491699,0,0,14.843120574951172,25769803776,0,17727913984,0
204,1790934375586,4,4,4,4,4,4,4,4,4,4,76.09978485107422,73.6728286743164,73.72909545898438,74.25504302978516,66.76310729980469,75.59732818603516,78.4375,4.761904716491699,0,0,0,0,0,0,0,0,0,14.761253356933594,25769803776,0,17727913984,0
204,1790934375791,4,4,4,4,4,4,4,4,4,4,76.09978485107422,73.6728286743164,73.72909545898438,74.25504302978516,66.76310729980469,75.59732818603516,78.4375,0,0,0,0,0,0,0,9.523809432983398,0,0,14.761253356933594,25769803776,0,17727913984,0
204,1790934375996,4,4,4,4,4,4,4,4,4,4,75.90701293945313,73.69261169433594,73.7490005493164,74.17412567138672,66.7711410522461,75.35720825195313,77.71875,0,0,0,0,0,0,0,0,0,0,14.761253356933594,25769803776,0,17727897600,0
200,1790934376201,4,4,4,4,4,4,4,4,4,4,75.90701293945313,73.69261169433594,73.7490005493164,74.17412567138672,66.7711410522461,75.35720825195313,77.71875,4.761904716491699,0,0,0,0,0,4.761904716491699,4.761904716491699,0,0,14.761253356933594,25769803776,0,17727897600,0
200,1790934376402,4,4,4,4,4,4,4,4,4,4,75.90701293945313,73.69261169433594,73.7490005493164,74.17412567138672,66.7711410522461,75.35720825195313,77.71875,0,0,0,0,0,0,0,10,4.761904716491699,0,14.761253356933594,25769803776,0,17727963136,0
204,1790934376602,4,4,4,4,4,4,4,4,4,4,75.90701293945313,73.69261169433594,73.7490005493164,74.17412567138672,66.7711410522461,75.35720825195313,77.71875,4.761904716491699,4.761904716491699,0,0,0,0,0,5,0,0,14.691875457763672,25769803776,0,17728143360,0
202,1790934376807,4,4,4,4,4,4,4,4,4,4,75.90701293945313,73.69261169433594,73.7490005493164,74.17412567138672,66.7711410522461,75.35720825195313,77.71875,0,0,0,0,0,0,0,9.523809432983398,0,0,14.691875457763672,25769803776,0,17728143360,0
204,1790934377010,4,4,4,4,4,4,4,4,4,4,75.8800277709961,73.692138671875,73.87799835205078,74.14034271240234,67.00081634521484,75.31314849853516,77.71875,5,0,0,0,0,0,0,5,0,0,14.691875457763672,25769803776,0,17728143360,0
201,1790934377215,4,4,4,4,4,4,4,4,4,4,75.8800277709961,73.692138671875,73.87799835205078,74.14034271240234,67.00081634521484,75.31314849853516,77.71875,4.761904716491699,4.761904716491699,0,0,0,0,0,9.523809432983398,0,0,14.691875457763672,25769803776,0,17728126976,0
199,1790934377416,4,4,4,4,4,4,4,4,4,4,75.8800277709961,73.692138671875,73.87799835205078,74.14034271240234,67.00081634521484,75.31314849853516,77.71875,0,0,0,0,0,0,4.761904716491699,0,0,0,14.691875457763672,25769803776,0,17728126976,0
204,1790934377616,4,4,4,4,4,4,4,4,4,4,75.8800277709961,73.692138671875,73.87799835205078,74.14034271240234,67.00081634521484,75.31314849853516,77.71875,4.761904716491699,0,4.761904716491699,0,0,0,4.761904716491699,5,0,0,14.732625961303711,25769803776,0,17728126976,0
204,1790934377821,4,4,4,4,4,4,4,4,4,4,75.8800277709961,73.692138671875,73.87799835205078,74.14034271240234,67.00081634521484,75.31314849853516,77.71875,0,0,4.761904716491699,0,0,0,0,9.523809432983398,0,0,14.732625961303711,25769803776,0,17727963136,0
204,1790934378026,4,4,4,4,4,4,4,4,4,4,75.85843658447266,73.6448974609375,73.7389907836914,74.10795593261719,66.83431243896484,75.32711791992188,77.71875,0,4.761904716491699,0,0,0,0,0,5,0,0,14.732625961303711,25769803776,0,17727963136,0
204,1790934378231,4,4,4,4,4,4,4,4,4,4,75.85843658447266,73.6448974609375,73.7389907836914,74.10795593261719,66.83431243896484,75.32711791992188,77.71875,4.761904716491699,0,0,0,0,0,0,9.090909004211426,4.545454502105713,0,14.732625961303711,25769803776,0,17727963136,0
204,1790934378436,4,4,4,4,4,4,4,4,4,4,75.85843658447266,73.6448974609375,73.7389907836914,74.10795593261719,66.83431243896484,75.32711791992188,77.71875,4.761904716491699,4.761904716491699,0,0,0,0,0,5,0,0,14.732625961303711,25769803776,0,17727963136,0
204,1790934378642,4,4,4,4,4,4,4,4,4,4,75.85843658447266,73.6448974609375,73.7389907836914,74.10795593261719,66.83431243896484,75.32711791992188,77.71875,0,0,0,0,0,0,0,9.523809432983398,0,0,14.677913665771484,25769803776,0,17727963136,0
204,1790934378846,4,4,4,4,4,4,4,4,4,4,75.85843658447266,73.6448974609375,73.7389907836914,74.10795593261719,66.83431243896484,75.32711791992188,77.71875,4.761904716491699,0,0,0,0,0,0,0,0,0,14.677913665771484,25769803776,0,17729880064,0
204,1790934379052,4,4,4,4,4,4,4,4,4,4,75.80494689941406,73.67570495605469,73.77685546875,74.0849380493164,66.84896087646484,75.2754135131836,77.484375,0,0,0,0,0,0,4.761904716491699,0,0,0,14.677913665771484,25769803776,0,17727881216,0
204,1790934379257,4,4,4,4,4,4,4,4,4,4,75.80494689941406,73.67570495605469,73.77685546875,74.0849380493164,66.84896087646484,75.2754135131836,77.484375,0,0,0,0,0,0,0,9.523809432983398,0,0,14.677913665771484,25769803776,0,17727881216,0
204,1790934379462,4,4,4,4,4,4,4,4,4,4,75.80494689941406,73.67570495605469,73.77685546875,74.0849380493164,66.84896087646484,75.2754135131836,77.484375,4.761904716491699,0,0,0,0,0,0,4.761904716491699,0,0,14.677913665771484,25769803776,0,17727881216,0
204,1790934379667,4,4,4,4,4,4,4,4,4,4,75.80494689941406,73.67570495605469,73.77685546875,74.0849380493164,66.84896087646484,75.2754135131836,77.484375,0,4.761904716491699,0,0,0,0,0,9.523809432983398,0,0,14.64553451538086,25769803776,0,17727881216,0
200,1790934379872,4,4,4,4,4,4,4,4,4,4,75.80494689941406,73.67570495605469,73.77685546875,74.0849380493164,66.84896087646484,75.2754135131836,77.484375,4.761904716491699,0,0,0,0,0,0,5,9.090909004211426,0,14.64553451538086,25769803776,0,17727668224,0
204,1790934380072,4,4,4,4,4,4,4,4,4,4,75.80389404296875,73.62210845947266,73.75619506835938,74.0432357788086,66.87579345703125,75.32799530029297,77.484375,0,0,0,0,0,0,0,9.523809432983398,0,0,14.64553451538086,25769803776,0,17727635456,0
201,1790934380277,4,4,4,4,4,4,4,4,4,4,75.80389404296875,73.62210845947266,73.75619506835938,74.0432357788086,66.87579345703125,75.32799530029297,77.484375,4.761904716491699,4.761904716491699,0,0,0,0,4.545454502105713,5,0,0,14.64553451538086,25769803776,0,17727750144,0
204,1790934380479,4,4,4,4,4,4,4,4,4,4,75.80389404296875,73.62210845947266,73.75619506835938,74.0432357788086,66.87579345703125,75.32799530029297,77.484375,5,0,0,0,0,0,0,5,0,0,14.64553451538086,25769803776,0,17727750144,0
204,1790934380684,4,4,4,4,4,4,4,4,4,4,75.80389404296875,73.62210845947266,73.75619506835938,74.0432357788086,66.87579345703125,75.32799530029297,77.484375,0,0,0,0,0,0,4.545454502105713,5,0,0,14.585264205932617,25769803776,0,17727750144,0
203,1790934380889,4,4,4,4,4,4,4,4,4,4,75.80389404296875,73.62210845947266,73.75619506835938,74.0432357788086,66.87579345703125,75.32799530029297,77.484375,4.761904716491699,0,0,4.761904716491699,0,0,0,9.523809432983398,0,0,14.585264205932617,25769803776,0,17727586304,0
204,1790934381092,4,4,4,4,4,4,4,4,4,4,75.73995971679688,73.60105895996094,73.67473602294922,73.99015808105469,66.74545288085938,75.24830627441406,77.484375,0,0,0,0,0,0,0,5,0,0,14.585264205932617,25769803776,0,17727586304,0
202,1790934381297,4,4,4,4,4,4,4,4,4,4,75.73995971679688,73.60105895996094,73.67473602294922,73.99015808105469,66.74545288085938,75.24830627441406,77.484375,0,4.761904716491699,0,0,0,0,0,0,0,4.761904716491699,14.585264205932617,25769803776,0,17727586304,0
204,1790934381500,4,4,4,4,4,4,4,4,4,4,75.73995971679688,73.60105895996094,73.67473602294922,73.99015808105469,66.74545288085938,75.24830627441406,77.484375,5,0,0,0,0,0,5,0,4.545454502105713,0,14.655344009399414,25769803776,0,17727586304,0
204,1790934381705,4,4,4,4,4,4,4,4,4,4,75.73995971679688,73.60105895996094,73.67473602294922,73.99015808105469,66.74545288085938,75.24830627441406,77.484375,0,0,0,0,0,0,0,9.090909004211426,0,0,14.655344009399414,25769803776,0,17727586304,0
204,1790934381910,4,4,4,4,4,4,4,4,4,4,75.73995971679688,73.60105895996094,73.67473602294922,73.99015808105469,66.74545288085938,75.24830627441406,77.484375,4.761904716491699,4.545454502105713,0,0,0,0,0,5,0,0,14.655344009399414,25769803776,0,17727553536,0
204,1790934382115,4,4,4,4,4,4,4,4,4,4,75.82088470458984,73.6999740600586,73.5484848022461,74.15963745117188,66.50091552734375,75.28778076171875,90.546875,33.333335876464844,0,4.545454502105713,4.545454502105713,0,0,4.761904716491699,5,0,0,14.655344009399414,25769803776,0,17727668224,0
200,1790934382320,4,4,4,4,4,4,4,4,4,4,75.82088470458984,73.6999740600586,73.5484848022461,74.15963745117188,66.50091552734375,75.28778076171875,90.546875,42.85714340209961,5,0,0,0,0,0,9.523809432983398,0,0,14.655344009399414,25769803776,0,17727668224,0
204,1790934382521,4,4,4,4,4,4,4,4,4,4,75.82088470458984,73.6999740600586,73.5484848022461,74.15963745117188,66.50091552734375,75.28778076171875,90.546875,0,0,0,0,0,0,5,0,0,0,14.555547714233398,25769803776,0,17727668224,0
202,1790934382726,4,4,4,4,4,4,4,4,4,4,75.82088470458984,73.6999740600586,73.5484848022461,74.15963745117188,66.50091552734375,75.28778076171875,90.546875,4.761904716491699,0,0,0,4.545454502105713,0,0,0,0,0,14.555547714233398,25769803776,0,17727668224,0
204,1790934382928,4,4,4,4,4,4,4,4,4,4,75.82088470458984,73.6999740600586,73.5484848022461,74.15963745117188,66.50091552734375,75.28778076171875,90.546875,0,0,0,0,0,0,9.523809432983398,0,0,0,14.555547714233398,25769803776,0,17727635456,0
204,1790934383133,4,4,4,4,4,4,4,4,4,4,75.7315673828125,73.92122650146484,73.48347473144531,73.95177459716797,66.34822082519531,75.25588989257813,77.484375,0,0,4.761904716491699,0,0,4.545454502105713,4.761904716491699,0,0,0,14.555547714233398,25769803776,0,17727635456,0
204,1790934383338,4,4,4,4,4,4,4,4,4,4,75.7315673828125,73.92122650146484,73.48347473144531,73.95177459716797,66.34822082519531,75.25588989257813,77.484375,5,9.090909004211426,4.761904716491699,0,0,0,5,0,0,0,14.555547714233398,25769803776,0,17727635456,0
204,1790934383543,4,4,4,4,4,4,4,4,4,4,75.7315673828125,73.92122650146484,73.48347473144531,73.95177459716797,66.34822082519531,75.25588989257813,77.484375,4.761904716491699,0,0,0,0,0,9.523809432983398,8.69565200805664,4.545454502105713,0,14.639707565307617,25769803776,0,17727635456,0
204,1790934383748,4,4,4,4,4,4,4,4,4,4,75.7315673828125,73.92122650146484,73.48347473144531,73.95177459716797,66.34822082519531,75.25588989257813,77.484375,4.761904716491699,0,0,0,0,0,5,0,0,0,14.639707565307617,25769803776,0,17727635456,0
202,1790934383953,4,4,4,4,4,4,4,4,4,4,75.7315673828125,73.92122650146484,73.48347473144531,73.95177459716797,66.34822082519531,75.25588989257813,77.484375,0,0,0,0,4.761904716491699,0,5,0,0,0,14.639707565307617,25769803776,0,17727602688,0
204,1790934384155,4,4,4,4,4,4,4,4,4,4,75.66436004638672,73.97309112548828,73.25776672363281,73.89911651611328,65.94084167480469,75.22650146484375,77.484375,0,0,0,0,0,0,5,0,0,0,14.639707565307617,25769803776,0,17727602688,0
204,1790934384360,4,4,4,4,4,4,4,4,4,4,75.66436004638672,73.97309112548828,73.25776672363281,73.89911651611328,65.94084167480469,75.22650146484375,77.484375,4.761904716491699,0,0,0,0,0,9.523809432983398,0,0,0,14.639707565307617,25769803776,0,17727520768,0
204,1790934384565,4,4,4,4,4,4,4,4,4,4,75.66436004638672,73.97309112548828,73.25776672363281,73.89911651611328,65.94084167480469,75.22650146484375,77.484375,0,4.761904716491699,0,0,0,0,4.761904716491699,0,0,0,14.566680908203125,25769803776,0,17727520768,0
204,1790934384770,4,4,4,4,4,4,4,4,4,4,75.66436004638672,73.97309112548828,73.25776672363281,73.89911651611328,65.94084167480469,75.22650146484375,77.484375,4.761904716491699,5,0,0,0,0,0,9.523809432983398,0,0,14.566680908203125,25769803776,0,17727520768,0
201,1790934384975,4,4,4,4,4,4,4,4,4,4,75.66436004638672,73.97309112548828,73.25776672363281,73.89911651611328,65.94084167480469,75.22650146484375,77.484375,0,0,0,0,0,0,5,0,0,0,14.566680908203125,25769803776,0,17728045056,0
204,1790934385176,4,4,4,4,4,4,4,4,4,4,75.70110321044922,73.9686050415039,73.31949615478516,73.90416717529297,66.07695007324219,75.25764465332031,77.484375,9.523809432983398,0,0,4.761904716491699,0,0,0,5,0,0,14.566680908203125,25769803776,0,17728045056,0
201,1790934385381,4,4,4,4,4,4,4,4,4,4,75.70110321044922,73.9686050415039,73.31949615478516,73.90416717529297,66.07695007324219,75.25764465332031,77.484375,0,0,0,0,0,0,9.523809432983398,0,9.090909004211426,0,14.566680908203125,25769803776,0,17728192512,0
200,1790934385583,4,4,4,4,4,4,4,4,4,4,75.70110321044922,73.9686050415039,73.31949615478516,73.90416717529297,66.07695007324219,75.25764465332031,77.484375,0,0,0,0,0,0,0,5,0,0,14.55455207824707,25769803776,0,17728012288,0
204,1790934385784,4,4,4,4,4,4,4,4,4,4,75.70110321044922,73.9686050415039,73.31949615478516,73.90416717529297,66.07695007324219,75.25764465332031,77.484375,4.761904716491699,0,0,0,0,0,5,4.761904716491699,0,0,14.55455207824707,25769803776,0,17728061440,0
204,1790934385989,4,4,4,4,4,4,4,4,4,4,75.66802978515625,73.83721160888672,73.34367370605469,73.90071105957031,66.16802215576172,75.26432037353516,77.484375,0,4.761904716491699,0,0,0,0,9.523809432983398,0,0,0,14.55455207824707,25769803776,0,17727733760,0
204,1790934386194,4,4,4,4,4,4,4,4,4,4,75.66802978515625,73.83721160888672,73.34367370605469,73.90071105957031,66.16802215576172,75.26432037353516,77.484375,0,0,0,0,0,0,5,0,0,0,14.55455207824707,25769803776,0,17727733760,0
201,1790934386399,4,4,4,4,4,4,4,4,4,4,75.66802978515625,73.83721160888672,73.34367370605469,73.90071105957031,66.16802215576172,75.26432037353516,77.484375,4.761904716491699,0,0,0,0,0,0,0,0,0,14.55455207824707,25769803776,0,17729159168,0
204,1790934386601,4,4,4,4,4,4,4,4,4,4,75.66802978515625,73.83721160888672,73.34367370605469,73.90071105957031,66.16802215576172,75.26432037353516,77.484375,10.526315689086914,9.523809432983398,0,0,0,0,20,5,0,0,14.524517059326172,25769803776,0,17749803008,0
204,1790934386805,4,4,4,4,4,4,4,4,4,4,75.66802978515625,73.83721160888672,73.34367370605469,73.90071105957031,66.16802215576172,75.26432037353516,77.484375,10,10,9.090909004211426,4.761904716491699,0,0,9.090909004211426,0,0,0,14.524517059326172,25769803776,0,17749819392,0
204,1790934387010,4,4,4,4,4,4,4,4,4,4,75.6738052368164,74.08768463134766,73.27932739257813,73.91456604003906,65.95527648925781,75.28749084472656,78.671875,9.523809432983398,5,0,0,0,0,5,0,0,0,14.524517059326172,25769803776,0,17749819392,0
204,1790934387215,4,4,4,4,4,4,4,4,4,4,75.6738052368164,74.08768463134766,73.27932739257813,73.91456604003906,65.95527648925781,75.28749084472656,78.671875,9.523809432983398,4.761904716491699,0,0,0,0,9.523809432983398,0,4.761904716491699,0,14.524517059326172,25769803776,0,17749852160,0
204,1790934387420,4,4,4,4,4,4,4,4,4,4,75.6738052368164,74.08768463134766,73.27932739257813,73.91456604003906,65.95527648925781,75.28749084472656,78.671875,0,5,0,0,0,0,5,0,4.545454502105713,0,14.524517059326172,25769803776,0,17749852160,0
204,1790934387625,4,4,4,4,4,4,4,4,4,4,75.6738052368164,74.08768463134766,73.27932739257813,73.91456604003906,65.95527648925781,75.28749084472656,78.671875,5,0,0,0,0,0,5,4.545454502105713,0,0,14.487930297851563,25769803776,0,17749852160,0
204,1790934387830,4,4,4,4,4,4,4,4,4,4,75.6738052368164,74.08768463134766,73.27932739257813,73.91456604003906,65.95527648925781,75.28749084472656,78.671875,9.523809432983398,10,9.523809432983398,20,0,0,9.523809432983398,4.761904716491699,0,0,14.487930297851563,25769803776,0,17749852160,0
204,1790934388035,4,4,4,4,4,4,4,4,4,4,75.5950927734375,73.98777770996094,73.13600158691406,73.87751007080078,65.7952651977539,75.24633026123047,77.484375,0,0,0,0,0,0,0,0,0,0,14.487930297851563,25769803776,0,17756782592,0
204,1790934388240,4,4,4,4,4,4,4,4,4,4,75.5950927734375,73.98777770996094,73.13600158691406,73.87751007080078,65.7952651977539,75.24633026123047,77.484375,0,9.090909004211426,0,0,0,0,4.761904716491699,4.761904716491699,0,0,14.487930297851563,25769803776,0,17756733440,0
200,1790934388445,4,4,4,4,4,4,4,4,4,4,75.5950927734375,73.98777770996094,73.13600158691406,73.87751007080078,65.7952651977539,75.24633026123047,77.484375,4.761904716491699,0,0,0,0,0,9.523809432983398,0,0,0,14.487930297851563,25769803776,0,17756733440,0
204,1790934388646,4,4,4,4,4,4,4,4,4,4,75.5950927734375,73.98777770996094,73.13600158691406,73.87751007080078,65.7952651977539,75.24633026123047,77.484375,0,0,0,0,0,0,0,0,0,0,14.274890899658203,25769803776,0,17756733440,0
204,1790934388851,4,4,4,4,4,4,4,4,4,4,75.5950927734375,73.98777770996094,73.13600158691406,73.87751007080078,65.7952651977539,75.24633026123047,77.484375,4.761904716491699,0,0,0,0,0,9.523809432983398,0,4.761904716491699,0,14.274890899658203,25769803776,0,17756733440,0
204,1790934389056,4,4,4,4,4,4,4,4,4,4,75.60453796386719,73.78031921386719,73.2361068725586,73.88897705078125,65.98929595947266,75.22569274902344,77.484375,0,0,0,4.761904716491699,0,0,5,0,0,0,14.274890899658203,25769803776,0,17741824000,0
204,1790934389261,4,4,4,4,4,4,4,4,4,4,75.60453796386719,73.78031921386719,73.2361068725586,73.88897705078125,65.98929595947266,75.22569274902344,77.484375,0,0,0,0,0,0,5,0,0,0,14.274890899658203,25769803776,0,17741824000,0
204,1790934389466,4,4,4,4,4,4,4,4,4,4,75.60453796386719,73.78031921386719,73.2361068725586,73.88897705078125,65.98929595947266,75.22569274902344,77.484375,9.090909004211426,0,0,0,0,0,9.523809432983398,4.761904716491699,0,0,14.274890899658203,25769803776,0,17741824000,0
204,1790934389671,4,4,4,4,4,4,4,4,4,4,75.60453796386719,73.78031921386719,73.2361068725586,73.88897705078125,65.98929595947266,75.22569274902344,77.484375,9.523809432983398,4.761904716491699,5,0,4.761904716491699,0,4.761904716491699,0,0,0,14.712051391601563,25769803776,0,17741824000,0
204,1790934389876,4,4,4,4,4,4,4,4,4,4,75.60453796386719,73.78031921386719,73.2361068725586,73.88897705078125,65.98929595947266,75.22569274902344,77.484375,0,4.761904716491699,0,0,0,0,4.761904716491699,4.761904716491699,0,0,14.712051391601563,25769803776,0,17741824000,0
204,1790934390081,4,4,4,4,4,4,4,4,4,4,75.53238677978516,73.98490905761719,73.17269134521484,73.86746215820313,65.82966613769531,75.18241882324219,77.484375,0,0,4.761904716491699,0,0,0,5,0,0,0,14.712051391601563,25769803776,0,17741742080,0
204,1790934390286,4,4,4,4,4,4,4,4,4,4,75.53238677978516,73.98490905761719,73.17269134521484,73.86746215820313,65.82966613769531,75.18241882324219,77.484375,4.761904716491699,0,0,0,0,0,5,0,0,0,14.712051391601563,25769803776,0,17741725696,0
204,1790934390491,4,4,4,4,4,4,4,4,4,4,75.53238677978516,73.98490905761719,73.17269134521484,73.86746215820313,65.82966613769531,75.18241882324219,77.484375,0,0,0,0,0,0,9.523809432983398,0,0,0,14.416915893554688,25769803776,0,17741725696,0
204,1790934390696,4,4,4,4,4,4,4,4,4,4,75.53238677978516,73.98490905761719,73.17269134521484,73.86746215820313,65.82966613769531,75.18241882324219,77.484375,5,4.761904716491699,0,0,0,0,0,4.761904716491699,4.545454502105713,0,14.416915893554688,25769803776,0,17741774848,0
204,1790934390901,4,4,4,4,4,4,4,4,4,4,75.53238677978516,73.98490905761719,73.17269134521484,73.86746215820313,65.82966613769531,75.18241882324219,77.484375,0,0,0,0,0,0,5,0,0,0,14.416915893554688,25769803776,0,17741578240,0
204,1790934391106,4,4,4,4,4,4,4,4,4,4,75.52662658691406,73.8154296875,73.17652130126953,73.8734130859375,65.89581298828125,75.15886688232422,80.203125,0,0,0,0,4.761904716491699,0,4.761904716491699,0,0,0,14.416915893554688,25769803776,0,17741578240,0
204,1790934391311,4,4,4,4,4,4,4,4,4,4,75.52662658691406,73.8154296875,73.17652130126953,73.8734130859375,65.89581298828125,75.15886688232422,80.203125,4.761904716491699,0,0,0,0,0,4.761904716491699,9.523809432983398,0,0,14.416915893554688,25769803776,0,17741578240,0
204,1790934391516,4,4,4,4,4,4,4,4,4,4,75.52662658691406,73.8154296875,73.17652130126953,73.8734130859375,65.89581298828125,75.15886688232422,80.203125,0,0,0,0,0,0,0,0,0,0,14.422922134399414,25769803776,0,17741611008,0
200,1790934391721,4,4,4,4,4,4,4,4,4,4,75.52662658691406,73.8154296875,73.17652130126953,73.8734130859375,65.89581298828125,75.15886688232422,80.203125,0,0,0,0,0,0,9.523809432983398,0,0,0,14.422922134399414,25769803776,0,17741611008,0
200,1790934391922,4,4,4,4,4,4,4,4,4,4,75.52662658691406,73.8154296875,73.17652130126953,73.8734130859375,65.89581298828125,75.15886688232422,80.203125,4.761904716491699,0,0,0,0,0,5,0,4.761904716491699,0,14.422922134399414,25769803776,0,17741611008,0
204,1790934392122,4,4,4,4,4,4,4,4,4,4,75.53498840332031,73.71441650390625,73.18878173828125,73.86487579345703,65.92646789550781,75.19598388671875,77.484375,5,0,0,0,0,0,9.523809432983398,0,4.761904716491699,0,14.422922134399414,25769803776,0,17741398016,0
204,1790934392327,4,4,4,4,4,4,4,4,4,4,75.53498840332031,73.71441650390625,73.18878173828125,73.86487579345703,65.92646789550781,75.19598388671875,77.484375,4.761904716491699,9.090909004211426,0,0,0,0,5,0,0,0,14.422922134399414,25769803776,0,17741414400,0
204,1790934392532,4,4,4,4,4,4,4,4,4,4,75.53498840332031,73.71441650390625,73.18878173828125,73.86487579345703,65.92646789550781,75.19598388671875,77.484375,5,0,0,4.761904716491699,0,0,9.523809432983398,0,0,0,14.407295227050781,25769803776,0,17741021184,0
204,1790934392737,4,4,4,4,4,4,4,4,4,4,75.53498840332031,73.71441650390625,73.18878173828125,73.86487579345703,65.92646789550781,75.19598388671875,77.484375,0,0,0,0,0,0,5,4.761904716491699,0,0,14.407295227050781,25769803776,0,17741021184,0
200,1790934392942,4,4,4,4,4,4,4,4,4,4,75.53498840332031,73.71441650390625,73.18878173828125,73.86487579345703,65.92646789550781,75.19598388671875,77.484375,4.761904716491699,0,0,0,0,0,4.761904716491699,0,0,0,14.407295227050781,25769803776,0,17741021184,0
204,1790934393143,4,4,4,4,4,4,4,4,4,4,75.49404907226563,73.87008666992188,73.10546875,73.84504699707031,65.74678039550781,75.14655303955078,77.484375,0,0,0,0,0,0,5.263157844543457,4.761904716491699,0,0,14.407295227050781,25769803776,0,17740693504,0
201,1790934393348,4,4,4,4,4,4,4,4,4,4,75.49404907226563,73.87008666992188,73.10546875,73.84504699707031,65.74678039550781,75.14655303955078,77.484375,4.761904716491699,0,0,0,0,0,4.761904716491699,0,0,0,14.407295227050781,25769803776,0,17742757888,0
204,1790934393549,4,4,4,4,4,4,4,4,4,4,75.49404907226563,73.87008666992188,73.10546875,73.84504699707031,65.74678039550781,75.14655303955078,77.484375,0,0,0,0,0,0,0,0,0,0,14.394960403442383,25769803776,0,17740627968,0
201,1790934393754,4,4,4,4,4,4,4,4,4,4,75.49404907226563,73.87008666992188,73.10546875,73.84504699707031,65.74678039550781,75.14655303955078,77.484375,0,4.761904716491699,0,0,0,0,9.523809432983398,0,0,0,14.394960403442383,25769803776,0,17740644352,0
204,1790934393956,4,4,4,4,4,4,4,4,4,4,75.49404907226563,73.87008666992188,73.10546875,73.84504699707031,65.74678039550781,75.14655303955078,77.484375,4.761904716491699,0,0,0,0,0,5,0,4.761904716491699,0,14.394960403442383,25769803776,0,17740644352,0
204,1790934394161,4,4,4,4,4,4,4,4,4,4,75.49356079101563,73.70355987548828,73.01398468017578,73.82612609863281,65.65882110595703,75.10445404052734,77.484375,0,0,4.761904716491699,0,0,0,9.523809432983398,0,0,0,14.394960403442383,25769803776,0,17740644352,0
203,1790934394366,4,4,4,4,4,4,4,4,4,4,75.49356079101563,73.70355987548828,73.01398468017578,73.82612609863281,65.65882110595703,75.10445404052734,77.484375,0,0,0,0,0,0,5,4.545454502105713,0,0,14.394960403442383,25769803776,0,17740644352,0
204,1790934394570,4,4,4,4,4,4,4,4,4,4,75.49356079101563,73.70355987548828,73.01398468017578,73.82612609863281,65.65882110595703,75.10445404052734,77.484375,9.523809432983398,5,0,0,0,0,9.523809432983398,0,0,0,14.409645080566406,25769803776,0,17740644352,0
202,1790934394775,4,4,4,4,4,4,4,4,4,4,75.49356079101563,73.70355987548828,73.01398468017578,73.82612609863281,65.65882110595703,75.10445404052734,77.484375,0,0,4.761904716491699,0,0,0,5,0,0,0,14.409645080566406,25769803776,0,17740644352,0
204,1790934394978,4,4,4,4,4,4,4,4,4,4,75.49356079101563,73.70355987548828,73.01398468017578,73.82612609863281,65.65882110595703,75.10445404052734,77.484375,4.761904716491699,0,0,0,0,0,5,0,0,0,14.409645080566406,25769803776,0,17740644352,0
202,1790934395183,4,4,4,4,4,4,4,4,4,4,75.45450592041016,73.85031127929688,73.0755844116211,73.81660461425781,65.72154998779297,75.07579040527344,77.25,0,4.761904716491699,0,4.545454502105713,0,0,5,0,0,0,14.409645080566406,25769803776,0,17740398592,0
204,1790934395385,4,4,4,4,4,4,4,4,4,4,75.45450592041016,73.85031127929688,73.0755844116211,73.81660461425781,65.72154998779297,75.07579040527344,77.25,5,0,0,0,0,4.761904716491699,9.523809432983398,0,0,0,14.409645080566406,25769803776,0,17740726272,0
204,1790934395590,4,4,4,4,4,4,4,4,4,4,75.45450592041016,73.85031127929688,73.0755844116211,73.81660461425781,65.72154998779297,75.07579040527344,77.25,0,0,0,0,0,0,5,0,4.545454502105713,0,14.343053817749023,25769803776,0,17740693504,0
204,1790934395795,4,4,4,4,4,4,4,4,4,4,75.45450592041016,73.85031127929688,73.0755844116211,73.81660461425781,65.72154998779297,75.07579040527344,77.25,4.761904716491699,0,0,0,0,0,5,0,0,0,14.343053817749023,25769803776,0,17740611584,0
204,1790934396000,4,4,4,4,4,4,4,4,4,4,75.46127319335938,73.8012924194336,73.04549407958984,73.78437805175781,65.68474578857422,75.04923248291016,77.25,4.761904716491699,4.761904716491699,0,0,0,0,9.523809432983398,4.761904716491699,4.761904716491699,0,14.343053817749023,25769803776,0,17740611584,0
204,1790934396205,4,4,4,4,4,4,4,4,4,4,75.46127319335938,73.8012924194336,73.04549407958984,73.78437805175781,65.68474578857422,75.04923248291016,77.25,0,0,0,0,0,0,4.761904716491699,4.545454502105713,0,0,14.343053817749023,25769803776,0,17740595200,0
204,1790934396410,4,4,4,4,4,4,4,4,4,4,75.46127319335938,73.8012924194336,73.04549407958984,73.78437805175781,65.68474578857422,75.04923248291016,77.25,4.761904716491699,4.545454502105713,0,0,0,0,9.523809432983398,0,0,0,14.343053817749023,25769803776,0,17740644352,0
202,1790934396615,4,4,4,4,4,4,4,4,4,4,75.46127319335938,73.8012924194336,73.04549407958984,73.78437805175781,65.68474578857422,75.04923248291016,77.25,0,0,0,0,0,0,0,0,0,0,14.34676742553711,25769803776,0,17740644352,0
204,1790934396817,4,4,4,4,4,4,4,4,4,4,75.46127319335938,73.8012924194336,73.04549407958984,73.78437805175781,65.68474578857422,75.04923248291016,77.25,0,0,0,0,0,0,9.523809432983398,0,0,0,14.34676742553711,25769803776,0,17738514432,0
202,1790934397022,4,4,4,4,4,4,4,4,4,4,75.45523071289063,73.65758514404297,72.96855926513672,73.7667007446289,65.62726593017578,75.02865600585938,77.25,4.761904716491699,0,0,0,0,0,4.761904716491699,0,0,0,14.34676742553711,25769803776,0,17738514432,0
204,1790934397225,4,4,4,4,4,4,4,4,4,4,75.45523071289063,73.65758514404297,72.96855926513672,73.7667007446289,65.62726593017578,75.02865600585938,77.25,0,0,0,0,0,0,0,0,0,0,14.34676742553711,25769803776,0,17738498048,0
204,1790934397430,4,4,4,4,4,4,4,4,4,4,75.45523071289063,73.65758514404297,72.96855926513672,73.7667007446289,65.62726593017578,75.02865600585938,77.25,0,0,4.761904716491699,0,0,0,9.523809432983398,0,0,0,14.34676742553711,25769803776,0,17738645504,0
204,1790934397635,4,4,4,4,4,4,4,4,4,4,75.45523071289063,73.65758514404297,72.96855926513672,73.7667007446289,65.62726593017578,75.02865600585938,77.25,4.761904716491699,0,0,0,0,0,5,4.545454502105713,4.761904716491699,0,14.361406326293945,25769803776,0,17738137600,0
204,1790934397840,4,4,4,4,4,4,4,4,4,4,75.45523071289063,73.65758514404297,72.96855926513672,73.7667007446289,65.62726593017578,75.02865600585938,77.25,0,4.761904716491699,0,0,0,0,4.761904716491699,0,0,0,14.361406326293945,25769803776,0,17736597504,0
204,1790934398045,4,4,4,4,4,4,4,4,4,4,75.44386291503906,73.74632263183594,72.9771728515625,73.76652526855469,65.61485290527344,75.02201080322266,77.25,4.761904716491699,0,0,4.545454502105713,0,0,9.523809432983398,0,4.545454502105713,0,14.361406326293945,25769803776,0,17736810496,0
201,1790934398250,4,4,4,4,4,4,4,4,4,4,75.44386291503906,73.74632263183594,72.9771728515625,73.76652526855469,65.61485290527344,75.02201080322266,77.25,0,0,0,0,0,0,5,0,0,0,14.361406326293945,25769803776,0,17736810496,0
204,1790934398452,4,4,4,4,4,4,4,4,4,4,75.44386291503906,73.74632263183594,72.9771728515625,73.76652526855469,65.61485290527344,75.02201080322266,77.25,4.761904716491699,0,4.761904716491699,0,0,0,5,0,0,0,14.361406326293945,25769803776,0,17736810496,0
204,1790934398657,4,4,4,4,4,4,4,4,4,4,75.44386291503906,73.74632263183594,72.9771728515625,73.76652526855469,65.61485290527344,75.02201080322266,77.25,5,0,0,0,4.761904716491699,0,5,0,0,0,14.329484939575195,25769803776,0,17736810496,0
204,1790934398862,4,4,4,4,4,4,4,4,4,4,75.44386291503906,73.74632263183594,72.9771728515625,73.76652526855469,65.61485290527344,75.02201080322266,77.25,0,4.761904716491699,0,0,4.545454502105713,0,5,0,0,0,14.329484939575195,25769803776,0,17736810496,0
204,1790934399067,4,4,4,4,4,4,4,4,4,4,75.39828491210938,73.65660095214844,72.95829772949219,73.73492431640625,65.64079284667969,74.95008850097656,77.25,4.761904716491699,0,0,0,0,0,9.090909004211426,0,0,0,14.329484939575195,25769803776,0,17736810496,0
200,1790934399272,4,4,4,4,4,4,4,4,4,4,75.39828491210938,73.65660095214844,72.95829772949219,73.73492431640625,65.64079284667969,74.95008850097656,77.25,0,4.545454502105713,0,0,0,0,5,4.761904716491699,0,0,14.329484939575195,25769803776,0,17737039872,0
204,1790934399473,4,4,4,4,4,4,4,4,4,4,75.39828491210938,73.65660095214844,72.95829772949219,73.73492431640625,65.64079284667969,74.95008850097656,77.25,9.523809432983398,0,0,0,0,0,9.523809432983398,4.761904716491699,4.761904716491699,0,14.329484939575195,25769803776,0,17737269248,0
204,1790934399678,4,4,4,4,4,4,4,4,4,4,75.39828491210938,73.65660095214844,72.95829772949219,73.73492431640625,65.64079284667969,74.95008850097656,77.25,0,0,4.761904716491699,0,0,0,5,0,0,0,14.284244537353516,25769803776,0,17737400320,0
204,1790934399883,4,4,4,4,4,4,4,4,4,4,75.39828491210938,73.65660095214844,72.95829772949219,73.73492431640625,65.64079284667969,74.95008850097656,77.25,0,0,0,0,0,0,5,0,0,0,14.284244537353516,25769803776,0,17737400320,0
204,1790934400088,4,4,4,4,4,4,4,4,4,4,75.35295104980469,73.68074035644531,72.96144104003906,73.71070861816406,65.6413803100586,74.92137145996094,77.25,4.761904716491699,0,0,0,0,0,5,0,0,0,14.284244537353516,25769803776,0,17737400320,0
204,1790934400293,4,4,4,4,4,4,4,4,4,4,75.35295104980469,73.68074035644531,72.96144104003906,73.71070861816406,65.6413803100586,74.92137145996094,77.25,4.761904716491699,4.545454502105713,0,0,0,0,5,0,0,0,14.284244537353516,25769803776,0,17737498624,0
204,1790934400498,4,4,4,4,4,4,4,4,4,4,75.35295104980469,73.68074035644531,72.96144104003906,73.71070861816406,65.6413803100586,74.92137145996094,77.25,0,0,0,0,0,0,9.090909004211426,0,0,0,14.312973022460938,25769803776,0,17739579392,0
204,1790934400703,4,4,4,4,4,4,4,4,4,4,75.35295104980469,73.68074035644531,72.96144104003906,73.71070861816406,65.6413803100586,74.92137145996094,77.25,4.761904716491699,4.761904716491699,0,0,0,0,0,4.545454502105713,0,0,14.312973022460938,25769803776,0,17737547776,0
200,1790934400908,4,4,4,4,4,4,4,4,4,4,75.35295104980469,73.68074035644531,72.96144104003906,73.71070861816406,65.6413803100586,74.92137145996094,77.25,0,0,0,0,0,0,5,0,0,0,14.312973022460938,25769803776,0,17737564160,0
204,1790934401108,4,4,4,4,4,4,4,4,4,4,75.35163116455078,73.70001220703125,72.93531799316406,73.6949462890625,65.63655853271484,74.88384246826172,77.25,4.761904716491699,0,0,0,0,0,9.523809432983398,0,4.761904716491699,0,14.312973022460938,25769803776,0,17737564160,0
202,1790934401313,4,4,4,4,4,4,4,4,4,4,75.35163116455078,73.70001220703125,72.93531799316406,73.6949462890625,65.63655853271484,74.88384246826172,77.25,4.761904716491699,0,0,0,0,0,5,4.761904716491699,0,0,14.312973022460938,25769803776,0,17737449472,0
204,1790934401516,4,4,4,4,4,4,4,4,4,4,75.35163116455078,73.70001220703125,72.93531799316406,73.6949462890625,65.63655853271484,74.88384246826172,77.25,0,8.69565200805664,0,0,0,0,5,0,0,0,14.306772232055664,25769803776,0,17737449472,0
200,1790934401721,4,4,4,4,4,4,4,4,4,4,75.35163116455078,73.70001220703125,72.93531799316406,73.6949462890625,65.63655853271484,74.88384246826172,77.25,4.761904716491699,0,0,0,0,0,5,0,0,0,14.306772232055664,25769803776,0,17737449472,0
204,1790934401921,4,4,4,4,4,4,4,4,4,4,75.35163116455078,73.70001220703125,72.93531799316406,73.6949462890625,65.63655853271484,74.88384246826172,77.25,0,0,0,0,0,0,5,4.761904716491699,0,0,14.306772232055664,25769803776,0,17737449472,0
204,1790934402126,4,4,4,4,4,4,4,4,4,4,75.3403549194336,73.53755950927734,72.91582489013672,73.6775894165039,65.6139144897461,74.8532485961914,77.015625,0,0,0,0,0,0,9.523809432983398,0,0,0,14.306772232055664,25769803776,0,17737449472,0
204,1790934402331,4,4,4,4,4,4,4,4,4,4,75.3403549194336,73.53755950927734,72.91582489013672,73.6775894165039,65.6139144897461,74.8532485961914,77.015625,4.761904716491699,0,0,4.545454502105713,0,0,4.761904716491699,0,0,0,14.306772232055664,25769803776,0,17737433088,0
204,1790934402536,4,4,4,4,4,4,4,4,4,4,75.3403549194336,73.53755950927734,72.91582489013672,73.6775894165039,65.6139144897461,74.8532485961914,77.015625,0,0,0,0,0,0,5,0,4.761904716491699,0,14.266778945922852,25769803776,0,17737433088,0
204,1790934402741,4,4,4,4,4,4,4,4,4,4,75.3403549194336,73.53755950927734,72.91582489013672,73.6775894165039,65.6139144897461,74.8532485961914,77.015625,0,0,8.69565200805664,4.545454502105713,0,0,5,0,0,0,14.266778945922852,25769803776,0,17736892416,0
204,1790934402946,4,4,4,4,4,4,4,4,4,4,75.3403549194336,73.53755950927734,72.91582489013672,73.6775894165039,65.6139144897461,74.8532485961914,77.015625,4.761904716491699,4.761904716491699,0,0,0,0,4.761904716491699,0,4.761904716491699,0,14.266778945922852,25769803776,0,17736990720,0
204,1790934403151,4,4,4,4,4,4,4,4,4,4,75.38341522216797,73.62830352783203,72.90743255615234,73.70104217529297,65.60882568359375,74.9809799194336,77.015625,5,5,0,0,0,0,9.523809432983398,0,0,0,14.266778945922852,25769803776,0,17737203712,0
204,1790934403356,4,4,4,4,4,4,4,4,4,4,75.38341522216797,73.62830352783203,72.90743255615234,73.70104217529297,65.60882568359375,74.9809799194336,77.015625,4.761904716491699,0,0,0,0,0,5,4.761904716491699,0,0,14.266778945922852,25769803776,0,17737203712,0
204,1790934403561,4,4,4,4,4,4,4,4,4,4,75.38341522216797,73.62830352783203,72.90743255615234,73.70104217529297,65.60882568359375,74.9809799194336,77.015625,0,0,0,0,0,0,5,0,4.761904716491699,0,14.309324264526367,25769803776,0,17737203712,0
204,1790934403766,4,4,4,4,4,4,4,4,4,4,75.38341522216797,73.62830352783203,72.90743255615234,73.70104217529297,65.60882568359375,74.9809799194336,77.015625,4.761904716491699,4.545454502105713,0,0,0,0,4.761904716491699,4.761904716491699,0,0,14.309324264526367,25769803776,0,17737203712,0
204,1790934403971,4,4,4,4,4,4,4,4,4,4,75.38341522216797,73.62830352783203,72.90743255615234,73.70104217529297,65.60882568359375,74.9809799194336,77.015625,0,0,0,0,0,0,9.523809432983398,0,0,0,14.309324264526367,25769803776,0,17737203712,0
204,1790934404176,4,4,4,4,4,4,4,4,4,4,75.34147644042969,73.63652801513672,72.8365707397461,73.68343353271484,65.53878784179688,74.8853988647461,77.25,0,0,0,0,0,0,4.761904716491699,0,0,0,14.309324264526367,25769803776,0,17737203712,0
204,1790934404381,4,4,4,4,4,4,4,4,4,4,75.34147644042969,73.63652801513672,72.8365707397461,73.68343353271484,65.53878784179688,74.8853988647461,77.25,9.523809432983398,9.523809432983398,0,0,0,4.761904716491699,0,0,0,0,14.309324264526367,25769803776,0,17737138176,0
204,1790934404586,4,4,4,4,4,4,4,4,4,4,75.34147644042969,73.63652801513672,72.8365707397461,73.68343353271484,65.53878784179688,74.8853988647461,77.25,5,0,4.761904716491699,0,0,0,5,0,4.761904716491699,0,14.258018493652344,25769803776,0,17737138176,0
201,1790934404791,4,4,4,4,4,4,4,4,4,4,75.34147644042969,73.63652801513672,72.8365707397461,73.68343353271484,65.53878784179688,74.8853988647461,77.25,5,4.761904716491699,4.761904716491699,0,0,0,9.523809432983398,0,0,0,14.258018493652344,25769803776,0,17737138176,0
204,1790934404993,4,4,4,4,4,4,4,4,4,4,75.32180786132813,73.54104614257813,72.85601806640625,73.6651611328125,65.5832748413086,74.82003021240234,77.015625,5,0,0,0,4.761904716491699,0,0,0,0,0,14.258018493652344,25769803776,0,17737138176,0
204,1790934405198,4,4,4,4,4,4,4,4,4,4,75.32180786132813,73.54104614257813,72.85601806640625,73.6651611328125,65.5832748413086,74.82003021240234,77.015625,0,4.761904716491699,0,0,0,0,9.523809432983398,0,0,0,14.258018493652344,25769803776,0,17737138176,0
204,1790934405403,4,4,4,4,4,4,4,4,4,4,75.32180786132813,73.54104614257813,72.85601806640625,73.6651611328125,65.5832748413086,74.82003021240234,77.015625,4.761904716491699,0,0,8.69565200805664,0,0,5,4.761904716491699,0,0,14.258018493652344,25769803776,0,17736990720,0
204,1790934405607,4,4,4,4,4,4,4,4,4,4,75.32180786132813,73.54104614257813,72.85601806640625,73.6651611328125,65.5832748413086,74.82003021240234,77.015625,4.761904716491699,0,0,0,0,0,9.523809432983398,4.761904716491699,0,0,14.280952453613281,25769803776,0,17737154560,0
202,1790934405812,4,4,4,4,4,4,4,4,4,4,75.32180786132813,73.54104614257813,72.85601806640625,73.6651611328125,65.5832748413086,74.82003021240234,77.015625,0,0,4.761904716491699,0,0,0,5,0,0,0,14.280952453613281,25769803776,0,17737154560,0
204,1790934406014,4,4,4,4,4,4,4,4,4,4,75.31236267089844,73.6527099609375,72.87561798095703,73.65367126464844,65.58522033691406,74.79974365234375,77.015625,4.761904716491699,0,0,0,0,0,9.523809432983398,0,0,0,14.280952453613281,25769803776,0,17737138176,0
202,1790934406219,4,4,4,4,4,4,4,4,4,4,75.31236267089844,73.6527099609375,72.87561798095703,73.65367126464844,65.58522033691406,74.79974365234375,77.015625,0,4.761904716491699,0,0,0,0,4.761904716491699,0,0,0,14.280952453613281,25769803776,0,17737138176,0
204,1790934406422,4,4,4,4,4,4,4,4,4,4,75.31236267089844,73.6527099609375,72.87561798095703,73.65367126464844,65.58522033691406,74.79974365234375,77.015625,0,0,0,0,0,0,0,0,4.545454502105713,0,14.280952453613281,25769803776,0,17737056256,0
204,1790934406627,4,4,4,4,4,4,4,4,4,4,75.31236267089844,73.6527099609375,72.87561798095703,73.65367126464844,65.58522033691406,74.79974365234375,77.015625,4.761904716491699,0,0,0,0,0,9.523809432983398,0,0,0,14.296003341674805,25769803776,0,17737056256,0
203,1790934406832,4,4,4,4,4,4,4,4,4,4,75.31236267089844,73.6527099609375,72.87561798095703,73.65367126464844,65.58522033691406,74.79974365234375,77.015625,0,4.761904716491699,0,0,0,0,5,0,0,0,14.296003341674805,25769803776,0,17737007104,0
204,1790934407035,4,4,4,4,4,4,4,4,4,4,75.29663848876953,73.5129165649414,72.78837585449219,73.65473175048828,65.51074981689453,74.7938003540039,77.015625,0,0,0,0,0,0,9.523809432983398,4.761904716491699,0,0,14.296003341674805,25769803776,0,17737007104,0
204,1790934407240,4,4,4,4,4,4,4,4,4,4,75.29663848876953,73.5129165649414,72.78837585449219,73.65473175048828,65.51074981689453,74.7938003540039,77.015625,4.761904716491699,0,0,0,0,0,5,0,0,0,14.296003341674805,25769803776,0,17737007104,0
204,1790934407445,4,4,4,4,4,4,4,4,4,4,75.29663848876953,73.5129165649414,72.78837585449219,73.65473175048828,65.51074981689453,74.7938003540039,77.015625,0,0,0,0,0,0,9.523809432983398,0,0,0,14.296003341674805,25769803776,0,17736957952,0
204,1790934407650,4,4,4,4,4,4,4,4,4,4,75.29663848876953,73.5129165649414,72.78837585449219,73.65473175048828,65.51074981689453,74.7938003540039,77.015625,5,0,0,0,4.761904716491699,0,5,0,0,0,14.277381896972656,25769803776,0,17736957952,0
201,1790934407855,4,4,4,4,4,4,4,4,4,4,75.29663848876953,73.5129165649414,72.78837585449219,73.65473175048828,65.51074981689453,74.7938003540039,77.015625,4.761904716491699,0,0,0,0,0,0,0,0,0,14.277381896972656,25769803776,0,17738858496,0
204,1790934408057,4,4,4,4,4,4,4,4,4,4,75.27227020263672,73.60602569580078,72.8159408569336,73.65079498291016,65.53752136230469,74.7660903930664,77.953125,0,4.761904716491699,0,0,0,0,4.761904716491699,0,4.761904716491699,0,14.277381896972656,25769803776,0,17737007104,0
204,1790934408262,4,4,4,4,4,4,4,4,4,4,75.27227020263672,73.60602569580078,72.8159408569336,73.65079498291016,65.53752136230469,74.7660903930664,77.953125,0,0,0,0,0,0,9.523809432983398,4.545454502105713,0,0,14.277381896972656,25769803776,0,17737007104,0
203,1790934408467,4,4,4,4,4,4,4,4,4,4,75.27227020263672,73.60602569580078,72.8159408569336,73.65079498291016,65.53752136230469,74.7660903930664,77.953125,4.761904716491699,0,0,0,0,0,0,0,4.761904716491699,0,14.277381896972656,25769803776,0,17736941568,0
204,1790934408670,4,4,4,4,4,4,4,4,4,4,75.27227020263672,73.60602569580078,72.8159408569336,73.65079498291016,65.53752136230469,74.7660903930664,77.953125,0,0,0,0,0,0,9.523809432983398,4.761904716491699,0,0,14.29239273071289,25769803776,0,17736957952,0
202,1790934408875,4,4,4,4,4,4,4,4,4,4,75.27227020263672,73.60602569580078,72.8159408569336,73.65079498291016,65.53752136230469,74.7660903930664,77.953125,0,0,4.761904716491699,0,0,0,0,5,0,0,14.29239273071289,25769803776,0,17736941568,0
204,1790934409078,4,4,4,4,4,4,4,4,4,4,75.27804565429688,73.43574523925781,72.85672760009766,73.64464569091797,65.70020294189453,74.76048278808594,77.015625,4.761904716491699,0,0,4.545454502105713,0,0,5,0,0,0,14.29239273071289,25769803776,0,17736941568,0
204,1790934409283,4,4,4,4,4,4,4,4,4,4,75.27804565429688,73.43574523925781,72.85672760009766,73.64464569091797,65.70020294189453,74.76048278808594,77.015625,0,0,0,0,0,0,5,0,0,0,14.29239273071289,25769803776,0,17736957952,0
204,1790934409488,4,4,4,4,4,4,4,4,4,4,75.27804565429688,73.43574523925781,72.85672760009766,73.64464569091797,65.70020294189453,74.76048278808594,77.015625,9.523809432983398,4.545454502105713,0,0,0,0,9.523809432983398,0,0,0,14.129497528076172,25769803776,0,17736646656,0
204,1790934409693,4,4,4,4,4,4,4,4,4,4,75.27804565429688,73.43574523925781,72.85672760009766,73.64464569091797,65.70020294189453,74.76048278808594,77.015625,0,4.761904716491699,0,0,0,4.545454502105713,5,0,0,0,14.129497528076172,25769803776,0,17736663040,0
201,1790934409898,4,4,4,4,4,4,4,4,4,4,75.27804565429688,73.43574523925781,72.85672760009766,73.64464569091797,65.70020294189453,74.76048278808594,77.015625,0,0,0,0,4.761904716491699,0,9.523809432983398,0,0,0,14.129497528076172,25769803776,0,17736663040,0
204,1790934410099,4,4,4,4,4,4,4,4,4,4,75.24566650390625,73.47048950195313,72.73958587646484,73.62999725341797,65.46818542480469,74.68215942382813,77.015625,9.090909004211426,0,0,4.761904716491699,0,0,5,0,0,0,14.129497528076172,25769803776,0,17736663040,0
202,1790934410304,4,4,4,4,4,4,4,4,4,4,75.24566650390625,73.47048950195313,72.73958587646484,73.62999725341797,65.46818542480469,74.68215942382813,77.015625,0,0,0,0,0,0,9.523809432983398,4.545454502105713,0,0,14.129497528076172,25769803776,0,17736663040,0
204,1790934410507,4,4,4,4,4,4,4,4,4,4,75.24566650390625,73.47048950195313,72.73958587646484,73.62999725341797,65.46818542480469,74.68215942382813,77.015625,5,0,0,0,0,0,0,5,0,0,14.204509735107422,25769803776,0,17736925184,0
204,1790934410712,4,4,4,4,4,4,4,4,4,4,75.24566650390625,73.47048950195313,72.73958587646484,73.62999725341797,65.46818542480469,74.68215942382813,77.015625,0,4.761904716491699,0,0,0,0,5,0,4.761904716491699,0,14.204509735107422,25769803776,0,17736515584,0
204,1790934410917,4,4,4,4,4,4,4,4,4,4,75.24566650390625,73.47048950195313,72.73958587646484,73.62999725341797,65.46818542480469,74.68215942382813,77.015625,4.761904716491699,0,0,0,0,0,9.523809432983398,0,0,0,14.204509735107422,25769803776,0,17736515584,0
204,1790934411122,4,4,4,4,4,4,4,4,4,4,75.2230224609375,73.5478286743164,72.75731658935547,73.61474609375,65.4930419921875,74.68450927734375,77.015625,0,0,0,0,0,0,4.761904716491699,0,0,0,14.204509735107422,25769803776,0,17736695808,0
204,1790934411327,4,4,4,4,4,4,4,4,4,4,75.2230224609375,73.5478286743164,72.75731658935547,73.61474609375,65.4930419921875,74.68450927734375,77.015625,0,0,0,0,0,0,9.523809432983398,0,0,0,14.204509735107422,25769803776,0,17736695808,0
204,1790934411532,4,4,4,4,4,4,4,4,4,4,75.2230224609375,73.5478286743164,72.75731658935547,73.61474609375,65.4930419921875,74.68450927734375,77.015625,4.761904716491699,0,0,0,0,0,0,0,0,0,14.236028671264648,25769803776,0,17736957952,0
204,1790934411737,4,4,4,4,4,4,4,4,4,4,75.2230224609375,73.5478286743164,72.75731658935547,73.61474609375,65.4930419921875,74.68450927734375,77.015625,0,4.545454502105713,0,0,0,0,5,0,0,0,14.236028671264648,25769803776,0,17736957952,0
204,1790934411942,4,4,4,4,4,4,4,4,4,4,75.2230224609375,73.5478286743164,72.75731658935547,73.61474609375,65.4930419921875,74.68450927734375,77.015625,4.761904716491699,0,0,0,0,0,0,9.523809432983398,0,0,14.236028671264648,25769803776,0,17736957952,0
204,1790934412147,4,4,4,4,4,4,4,4,4,4,75.20000457763672,73.36647033691406,72.75337982177734,73.60021209716797,65.58570098876953,74.6396255493164,77.015625,45,4.761904716491699,0,0,0,0,9.523809432983398,0,0,4.761904716491699,14.236028671264648,25769803776,0,17736957952,0
204,1790934412352,4,4,4,4,4,4,4,4,4,4,75.20000457763672,73.36647033691406,72.75337982177734,73.60021209716797,65.58570098876953,74.6396255493164,77.015625,30.000001907348633,0,4.761904716491699,0,0,0,0,5,4.761904716491699,0,14.236028671264648,25769803776,0,17736957952,0
204,1790934412557,4,4,4,4,4,4,4,4,4,4,75.20000457763672,73.36647033691406,72.75337982177734,73.60021209716797,65.58570098876953,74.6396255493164,77.015625,0,0,0,0,0,0,0,9.523809432983398,4.761904716491699,0,14.11712646484375,25769803776,0,17736646656,0
204,1790934412762,4,4,4,4,4,4,4,4,4,4,75.20000457763672,73.36647033691406,72.75337982177734,73.60021209716797,65.58570098876953,74.6396255493164,77.015625,9.090909004211426,0,4.545454502105713,0,0,0,0,5,0,0,14.11712646484375,25769803776,0,17736695808,0
204,1790934412967,4,4,4,4,4,4,4,4,4,4,75.20000457763672,73.36647033691406,72.75337982177734,73.60021209716797,65.58570098876953,74.6396255493164,77.015625,0,4.761904716491699,0,0,0,0,0,4.761904716491699,0,0,14.11712646484375,25769803776,0,17736892416,0
204,1790934413172,4,4,4,4,4,4,4,4,4,4,75.21220397949219,73.0682373046875,73.08220672607422,73.63233184814453,66.14341735839844,74.6491928100586,77.015625,0,0,0,0,0,0,0,5,0,0,14.11712646484375,25769803776,0,17736892416,0
201,1790934413377,4,4,4,4,4,4,4,4,4,4,75.21220397949219,73.0682373046875,73.08220672607422,73.63233184814453,66.14341735839844,74.6491928100586,77.015625,9.090909004211426,4.761904716491699,0,0,0,0,4.761904716491699,9.523809432983398,0,0,14.11712646484375,25769803776,0,17736892416,0
200,1790934413578,4,4,4,4,4,4,4,4,4,4,75.21220397949219,73.0682373046875,73.08220672607422,73.63233184814453,66.14341735839844,74.6491928100586,77.015625,0,0,0,0,0,0,0,5,0,0,14.208908081054688,25769803776,0,17737089024,0
204,1790934413779,4,4,4,4,4,4,4,4,4,4,75.21220397949219,73.0682373046875,73.08220672607422,73.63233184814453,66.14341735839844,74.6491928100586,77.015625,5,0,0,0,0,0,0,5,0,0,14.208908081054688,25769803776,0,17737105408,0
204,1790934413984,4,4,4,4,4,4,4,4,4,4,75.18183898925781,73.00604248046875,73.14117431640625,73.60093688964844,66.28292083740234,74.6263198852539,77.015625,0,0,0,0,0,0,4.761904716491699,5,0,0,14.208908081054688,25769803776,0,17737056256,0
204,1790934414189,4,4,4,4,4,4,4,4,4,4,75.18183898925781,73.00604248046875,73.14117431640625,73.60093688964844,66.28292083740234,74.6263198852539,77.015625,0,4.545454502105713,0,0,0,0,0,5,4.761904716491699,0,14.208908081054688,25769803776,0,17737056256,0
204,1790934414394,4,4,4,4,4,4,4,4,4,4,75.18183898925781,73.00604248046875,73.14117431640625,73.60093688964844,66.28292083740234,74.6263198852539,77.015625,4.761904716491699,0,0,0,0,0,0,9.523809432983398,0,0,14.208908081054688,25769803776,0,17737056256,0
204,1790934414599,4,4,4,4,4,4,4,4,4,4,75.18183898925781,73.00604248046875,73.14117431640625,73.60093688964844,66.28292083740234,74.6263198852539,77.015625,0,0,0,0,0,0,0,5,0,0,14.082704544067383,25769803776,0,17736974336,0
204,1790934414804,4,4,4,4,4,4,4,4,4,4,75.18183898925781,73.00604248046875,73.14117431640625,73.60093688964844,66.28292083740234,74.6263198852539,77.015625,4.761904716491699,0,0,0,0,0,0,4.761904716491699,0,0,14.082704544067383,25769803776,0,17736974336,0
204,1790934415009,4,4,4,4,4,4,4,4,4,4,75.18721008300781,72.96365356445313,72.99974822998047,73.57379150390625,66.09275817871094,74.59626007080078,77.015625,0,0,0,0,0,0,0,4.761904716491699,0,0,14.082704544067383,25769803776,0,17736974336,0
204,1790934415214,4,4,4,4,4,4,4,4,4,4,75.18721008300781,72.96365356445313,72.99974822998047,73.57379150390625,66.09275817871094,74.59626007080078,77.015625,4.761904716491699,4.761904716491699,4.761904716491699,0,0,0,4.761904716491699,5,0,0,14.082704544067383,25769803776,0,17736974336,0
204,1790934415419,4,4,4,4,4,4,4,4,4,4,75.18721008300781,72.96365356445313,72.99974822998047,73.57379150390625,66.09275817871094,74.59626007080078,77.015625,5,0,4.761904716491699,0,0,0,0,4.761904716491699,0,0,14.082704544067383,25769803776,0,17736974336,0
203,1790934415624,4,4,4,4,4,4,4,4,4,4,75.18721008300781,72.96365356445313,72.99974822998047,73.57379150390625,66.09275817871094,74.59626007080078,77.015625,0,4.761904716491699,0,0,0,0,0,9.523809432983398,0,0,14.138103485107422,25769803776,0,17736744960,0
200,1790934415828,4,4,4,4,4,4,4,4,4,4,75.18721008300781,72.96365356445313,72.99974822998047,73.57379150390625,66.09275817871094,74.59626007080078,77.015625,4.761904716491699,0,0,0,0,0,4.545454502105713,0,4.761904716491699,0,14.138103485107422,25769803776,0,17736744960,0
204,1790934416028,4,4,4,4,4,4,4,4,4,4,75.31012725830078,72.9382553100586,72.91810607910156,73.58905029296875,65.9960708618164,74.81493377685547,77.484375,0,0,0,0,0,0,0,4.761904716491699,5.263157844543457,0,14.138103485107422,25769803776,0,17736744960,0
202,1790934416233,4,4,4,4,4,4,4,4,4,4,75.31012725830078,72.9382553100586,72.91810607910156,73.58905029296875,65.9960708618164,74.81493377685547,77.484375,0,0,0,0,0,0,4.761904716491699,0,4.545454502105713,0,14.138103485107422,25769803776,0,17736744960,0
204,1790934416436,4,4,4,4,4,4,4,4,4,4,75.31012725830078,72.9382553100586,72.91810607910156,73.58905029296875,65.9960708618164,74.81493377685547,77.484375,9.523809432983398,5,0,0,0,0,0,9.523809432983398,0,0,14.138103485107422,25769803776,0,17736744960,0
204,1790934416641,4,4,4,4,4,4,4,4,4,4,75.31012725830078,72.9382553100586,72.91810607910156,73.58905029296875,65.9960708618164,74.81493377685547,77.484375,0,4.761904716491699,0,0,0,0,0,0,0,0,14.103857040405273,25769803776,0,17736761344,0
204,1790934416846,4,4,4,4,4,4,4,4,4,4,75.31012725830078,72.9382553100586,72.91810607910156,73.58905029296875,65.9960708618164,74.81493377685547,77.484375,4.761904716491699,0,0,0,4.761904716491699,0,4.761904716491699,9.523809432983398,0,0,14.103857040405273,25769803776,0,17736613888,0
204,1790934417051,4,4,4,4,4,4,4,4,4,4,75.1741943359375,73.04943084716797,72.96304321289063,73.5542984008789,66.03337860107422,74.575927734375,77.015625,0,0,0,0,0,0,0,4.761904716491699,0,0,14.103857040405273,25769803776,0,17736613888,0
204,1790934417256,4,4,4,4,4,4,4,4,4,4,75.1741943359375,73.04943084716797,72.96304321289063,73.5542984008789,66.03337860107422,74.575927734375,77.015625,0,0,0,4.761904716491699,0,0,0,9.523809432983398,0,0,14.103857040405273,25769803776,0,17736613888,0
202,1790934417461,4,4,4,4,4,4,4,4,4,4,75.1741943359375,73.04943084716797,72.96304321289063,73.5542984008789,66.03337860107422,74.575927734375,77.015625,4.761904716491699,0,0,0,0,0,4.761904716491699,5,0,0,14.103857040405273,25769803776,0,17736613888,0
200,1790934417664,4,4,4,4,4,4,4,4,4,4,75.1741943359375,73.04943084716797,72.96304321289063,73.5542984008789,66.03337860107422,74.575927734375,77.015625,4.761904716491699,4.761904716491699,4.761904716491699,0,0,0,0,5,4.545454502105713,0,14.169677734375,25769803776,0,17736728576,0
204,1790934417865,4,4,4,4,4,4,4,4,4,4,75.1741943359375,73.04943084716797,72.96304321289063,73.5542984008789,66.03337860107422,74.575927734375,77.015625,0,4.761904716491699,4.761904716491699,0,0,0,0,5,0,0,14.169677734375,25769803776,0,17736744960,0
204,1790934418070,4,4,4,4,4,4,4,4,4,4,75.14144897460938,72.93980407714844,72.97554779052734,73.52739715576172,66.05024719238281,74.55288696289063,77.015625,4.761904716491699,0,0,0,0,0,0,5,0,0,14.169677734375,25769803776,0,17736744960,0
204,1790934418275,4,4,4,4,4,4,4,4,4,4,75.14144897460938,72.93980407714844,72.97554779052734,73.52739715576172,66.05024719238281,74.55288696289063,77.015625,0,0,0,0,0,0,0,9.523809432983398,0,0,14.169677734375,25769803776,0,17736744960,0
204,1790934418480,4,4,4,4,4,4,4,4,4,4,75.14144897460938,72.93980407714844,72.97554779052734,73.52739715576172,66.05024719238281,74.55288696289063,77.015625,0,0,0,0,0,0,0,0,5,0,14.169677734375,25769803776,0,17736744960,0
204,1790934418685,4,4,4,4,4,4,4,4,4,4,75.14144897460938,72.93980407714844,72.97554779052734,73.52739715576172,66.05024719238281,74.55288696289063,77.015625,4.761904716491699,0,0,0,0,0,4.761904716491699,4.761904716491699,0,0,14.104354858398438,25769803776,0,17738334208,0
204,1790934418890,4,4,4,4,4,4,4,4,4,4,75.14144897460938,72.93980407714844,72.97554779052734,73.52739715576172,66.05024719238281,74.55288696289063,77.015625,0,0,0,0,0,0,0,0,0,0,14.104354858398438,25769803776,0,17736499200,0
204,1790934419095,4,4,4,4,4,4,4,4,4,4,75.24073028564453,73.00035858154297,72.8021469116211,73.51614379882813,65.8211669921875,74.7242202758789,77.484375,9.090909004211426,0,0,0,0,0,9.523809432983398,0,4.545454502105713,0,14.104354858398438,25769803776,0,17736499200,0
204,1790934419300,4,4,4,4,4,4,4,4,4,4,75.24073028564453,73.00035858154297,72.8021469116211,73.51614379882813,65.8211669921875,74.7242202758789,77.484375,0,9.090909004211426,0,0,0,0,0,4.545454502105713,0,0,14.104354858398438,25769803776,0,17736499200,0
204,1790934419505,4,4,4,4,4,4,4,4,4,4,75.24073028564453,73.00035858154297,72.8021469116211,73.51614379882813,65.8211669921875,74.7242202758789,77.484375,0,0,0,0,0,0,0,5,0,0,14.167795181274414,25769803776,0,17736499200,0
204,1790934419710,4,4,4,4,4,4,4,4,4,4,75.24073028564453,73.00035858154297,72.8021469116211,73.51614379882813,65.8211669921875,74.7242202758789,77.484375,9.090909004211426,0,0,4.545454502105713,4.761904716491699,0,4.761904716491699,5,0,0,14.167795181274414,25769803776,0,17736417280,0
204,1790934419915,4,4,4,4,4,4,4,4,4,4,75.24073028564453,73.00035858154297,72.8021469116211,73.51614379882813,65.8211669921875,74.7242202758789,77.484375,0,0,0,0,0,0,0,9.523809432983398,0,0,14.167795181274414,25769803776,0,17736368128,0
204,1790934420120,4,4,4,4,4,4,4,4,4,4,75.142333984375,72.91690826416016,72.73319244384766,73.49867248535156,65.76216888427734,74.54872131347656,77.25,5,0,0,0,0,0,0,4.761904716491699,0,4.761904716491699,14.167795181274414,25769803776,0,17736597504,0
200,1790934420325,4,4,4,4,4,4,4,4,4,4,75.142333984375,72.91690826416016,72.73319244384766,73.49867248535156,65.76216888427734,74.54872131347656,77.25,0,9.090909004211426,4.761904716491699,0,0,0,0,5,4.545454502105713,0,14.167795181274414,25769803776,0,17736712192,0
204,1790934420525,4,4,4,4,4,4,4,4,4,4,75.142333984375,72.91690826416016,72.73319244384766,73.49867248535156,65.76216888427734,74.54872131347656,77.25,0,0,0,0,0,0,4.761904716491699,5,0,0,14.019960403442383,25769803776,0,17736712192,0
202,1790934420730,4,4,4,4,4,4,4,4,4,4,75.142333984375,72.91690826416016,72.73319244384766,73.49867248535156,65.76216888427734,74.54872131347656,77.25,4.761904716491699,0,0,0,0,0,0,5,0,0,14.019960403442383,25769803776,0,17736728576,0
204,1790934420933,4,4,4,4,4,4,4,4,4,4,75.142333984375,72.91690826416016,72.73319244384766,73.49867248535156,65.76216888427734,74.54872131347656,77.25,0,0,5,0,0,0,0,9.523809432983398,0,0,14.019960403442383,25769803776,0,17736728576,0
202,1790934421138,4,4,4,4,4,4,4,4,4,4,75.10678100585938,72.9143295288086,73.02420043945313,73.44462585449219,66.19104766845703,74.4964828491211,77.015625,0,0,0,0,0,0,4.761904716491699,5,0,0,14.019960403442383,25769803776,0,17736728576,0
204,1790934421340,4,4,4,4,4,4,4,4,4,4,75.10678100585938,72.9143295288086,73.02420043945313,73.44462585449219,66.19104766845703,74.4964828491211,77.015625,4.761904716491699,0,0,0,0,0,0,9.523809432983398,0,0,14.019960403442383,25769803776,0,17736728576,0
204,1790934421545,4,4,4,4,4,4,4,4,4,4,75.10678100585938,72.9143295288086,73.02420043945313,73.44462585449219,66.19104766845703,74.4964828491211,77.015625,5,0,0,0,0,0,0,5,0,0,14.112997055053711,25769803776,0,17736728576,0
204,1790934421750,4,4,4,4,4,4,4,4,4,4,75.10678100585938,72.9143295288086,73.02420043945313,73.44462585449219,66.19104766845703,74.4964828491211,77.015625,0,4.761904716491699,0,0,0,0,0,9.523809432983398,0,0,14.112997055053711,25769803776,0,17736761344,0
204,1790934421955,4,4,4,4,4,4,4,4,4,4,75.10678100585938,72.9143295288086,73.02420043945313,73.44462585449219,66.19104766845703,74.4964828491211,77.015625,4.761904716491699,0,0,0,0,0,0,5,0,0,14.112997055053711,25769803776,0,17736761344,0
201,1790934422160,4,4,4,4,4,4,4,4,4,4,75.08432006835938,72.87496185302734,72.99381256103516,73.39691162109375,66.16427612304688,74.47222137451172,77.015625,0,0,0,0,0,0,9.523809432983398,0,4.761904716491699,0,14.112997055053711,25769803776,0,17736761344,0
204,1790934422362,4,4,4,4,4,4,4,4,4,4,75.08432006835938,72.87496185302734,72.99381256103516,73.39691162109375,66.16427612304688,74.47222137451172,77.015625,0,0,0,0,0,0,0,0,0,0,14.112997055053711,25769803776,0,17736695808,0
204,1790934422567,4,4,4,4,4,4,4,4,4,4,75.08432006835938,72.87496185302734,72.99381256103516,73.39691162109375,66.16427612304688,74.47222137451172,77.015625,4.761904716491699,0,0,0,0,0,0,9.523809432983398,0,0,14.094415664672852,25769803776,0,17736695808,0
204,1790934422772,4,4,4,4,4,4,4,4,4,4,75.08432006835938,72.87496185302734,72.99381256103516,73.39691162109375,66.16427612304688,74.47222137451172,77.015625,0,0,0,0,0,0,5,0,0,0,14.094415664672852,25769803776,0,17736335360,0
204,1790934422977,4,4,4,4,4,4,4,4,4,4,75.08432006835938,72.87496185302734,72.99381256103516,73.39691162109375,66.16427612304688,74.47222137451172,77.015625,0,0,0,0,0,0,5,0,0,0,14.094415664672852,25769803776,0,17736597504,0
204,1790934423182,4,4,4,4,4,4,4,4,4,4,75.06644439697266,73.09137725830078,72.57566833496094,73.36943817138672,65.43434143066406,74.46382141113281,76.78125,4.761904716491699,0,4.761904716491699,0,0,0,4.545454502105713,5,0,0,14.094415664672852,25769803776,0,17736597504,0
204,1790934423387,4,4,4,4,4,4,4,4,4,4,75.06644439697266,73.09137725830078,72.57566833496094,73.36943817138672,65.43434143066406,74.46382141113281,76.78125,0,4.545454502105713,0,0,0,0,0,9.523809432983398,0,0,14.094415664672852,25769803776,0,17736597504,0
204,1790934423592,4,4,4,4,4,4,4,4,4,4,75.06644439697266,73.09137725830078,72.57566833496094,73.36943817138672,65.43434143066406,74.46382141113281,76.78125,0,4.761904716491699,0,0,0,0,0,0,0,0,14.051069259643555,25769803776,0,17736597504,0
204,1790934423797,4,4,4,4,4,4,4,4,4,4,75.06644439697266,73.09137725830078,72.57566833496094,73.36943817138672,65.43434143066406,74.46382141113281,76.78125,4.761904716491699,0,0,0,0,0,0,9.523809432983398,0,0,14.051069259643555,25769803776,0,17736581120,0
204,1790934424002,4,4,4,4,4,4,4,4,4,4,75.07520294189453,72.83733367919922,72.94384002685547,73.40956115722656,66.12389373779297,74.47108459472656,77.015625,4.761904716491699,0,4.761904716491699,0,0,4.761904716491699,4.545454502105713,5,4.545454502105713,0,14.051069259643555,25769803776,0,17736695808,0
204,1790934424207,4,4,4,4,4,4,4,4,4,4,75.07520294189453,72.83733367919922,72.94384002685547,73.40956115722656,66.12389373779297,74.47108459472656,77.015625,0,0,0,4.761904716491699,0,0,0,9.090909004211426,0,0,14.051069259643555,25769803776,0,17736695808,0
204,1790934424412,4,4,4,4,4,4,4,4,4,4,75.07520294189453,72.83733367919922,72.94384002685547,73.40956115722656,66.12389373779297,74.47108459472656,77.015625,4.761904716491699,0,0,0,0,0,0,0,4.761904716491699,0,14.051069259643555,25769803776,0,17736695808,0
204,1790934424617,4,4,4,4,4,4,4,4,4,4,75.07520294189453,72.83733367919922,72.94384002685547,73.40956115722656,66.12389373779297,74.47108459472656,77.015625,0,4.545454502105713,0,0,0,0,0,5,0,0,14.109210968017578,25769803776,0,17736695808,0
201,1790934424822,4,4,4,4,4,4,4,4,4,4,75.07520294189453,72.83733367919922,72.94384002685547,73.40956115722656,66.12389373779297,74.47108459472656,77.015625,9.523809432983398,5,0,0,0,0,0,9.523809432983398,0,0,14.109210968017578,25769803776,0,17737121792,0
204,1790934425024,4,4,4,4,4,4,4,4,4,4,75.0575942993164,72.79796600341797,72.75860595703125,73.38868713378906,65.8853530883789,74.46034240722656,77.25,0,0,0,0,0,0,0,5,0,0,14.109210968017578,25769803776,0,17737121792,0
204,1790934425229,4,4,4,4,4,4,4,4,4,4,75.0575942993164,72.79796600341797,72.75860595703125,73.38868713378906,65.8853530883789,74.46034240722656,77.25,0,0,4.761904716491699,4.761904716491699,0,0,4.545454502105713,9.090909004211426,0,0,14.109210968017578,25769803776,0,17737105408,0
204,1790934425434,4,4,4,4,4,4,4,4,4,4,75.0575942993164,72.79796600341797,72.75860595703125,73.38868713378906,65.8853530883789,74.46034240722656,77.25,4.545454502105713,4.761904716491699,0,0,0,0,0,0,0,0,14.109210968017578,25769803776,0,17737105408,0
204,1790934425639,4,4,4,4,4,4,4,4,4,4,75.0575942993164,72.79796600341797,72.75860595703125,73.38868713378906,65.8853530883789,74.46034240722656,77.25,0,0,0,0,4.545454502105713,0,9.523809432983398,4.761904716491699,0,0,14.050378799438477,25769803776,0,17739137024,0
204,1790934425844,4,4,4,4,4,4,4,4,4,4,75.0575942993164,72.79796600341797,72.75860595703125,73.38868713378906,65.8853530883789,74.46034240722656,77.25,0,0,4.545454502105713,0,0,0,0,0,0,0,14.050378799438477,25769803776,0,17736925184,0
204,1790934426049,4,4,4,4,4,4,4,4,4,4,75.04354858398438,72.89854431152344,72.81982421875,73.35674285888672,65.88097381591797,74.43486022949219,77.015625,4.761904716491699,0,0,0,0,0,0,9.523809432983398,4.761904716491699,0,14.050378799438477,25769803776,0,17736941568,0
204,1790934426254,4,4,4,4,4,4,4,4,4,4,75.04354858398438,72.89854431152344,72.81982421875,73.35674285888672,65.88097381591797,74.43486022949219,77.015625,0,0,0,0,0,0,0,0,0,0,14.050378799438477,25769803776,0,17736941568,0
204,1790934426459,4,4,4,4,4,4,4,4,4,4,75.04354858398438,72.89854431152344,72.81982421875,73.35674285888672,65.88097381591797,74.43486022949219,77.015625,0,0,0,0,0,0,0,9.523809432983398,0,0,14.050378799438477,25769803776,0,17736941568,0
204,1790934426664,4,4,4,4,4,4,4,4,4,4,75.04354858398438,72.89854431152344,72.81982421875,73.35674285888672,65.88097381591797,74.43486022949219,77.015625,4.761904716491699,0,0,0,0,0,0,5,0,0,14.101247787475586,25769803776,0,17736941568,0
204,1790934426869,4,4,4,4,4,4,4,4,4,4,75.04354858398438,72.89854431152344,72.81982421875,73.35674285888672,65.88097381591797,74.43486022949219,77.015625,0,4.761904716491699,0,0,0,0,0,9.523809432983398,0,0,14.101247787475586,25769803776,0,17736941568,0
204,1790934427074,4,4,4,4,4,4,4,4,4,4,75.03910827636719,72.87528991699219,72.8107681274414,73.34288787841797,65.90242767333984,74.43616485595703,77.015625,0,0,0,0,0,0,9.523809432983398,0,0,0,14.101247787475586,25769803776,0,17736941568,0
204,1790934427279,4,4,4,4,4,4,4,4,4,4,75.03910827636719,72.87528991699219,72.8107681274414,73.34288787841797,65.90242767333984,74.43616485595703,77.015625,4.761904716491699,4.761904716491699,0,0,0,0,0,4.761904716491699,0,0,14.101247787475586,25769803776,0,17736941568,0
204,1790934427484,4,4,4,4,4,4,4,4,4,4,75.03910827636719,72.87528991699219,72.8107681274414,73.34288787841797,65.90242767333984,74.43616485595703,77.015625,5,0,0,0,0,0,0,9.523809432983398,0,0,14.101247787475586,25769803776,0,17736941568,0
204,1790934427689,4,4,4,4,4,4,4,4,4,4,75.03910827636719,72.87528991699219,72.8107681274414,73.34288787841797,65.90242767333984,74.43616485595703,77.015625,4.761904716491699,0,0,0,0,0,0,5,4.545454502105713,8.69565200805664,14.120512008666992,25769803776,0,17736941568,0
204,1790934427894,4,4,4,4,4,4,4,4,4,4,75.03910827636719,72.87528991699219,72.8107681274414,73.34288787841797,65.90242767333984,74.43616485595703,77.015625,0,0,0,0,0,0,4.761904716491699,5,0,0,14.120512008666992,25769803776,0,17736990720,0
204,1790934428099,4,4,4,4,4,4,4,4,4,4,75.04141998291016,72.75077056884766,72.77444458007813,73.32984161376953,65.88434600830078,74.4550552368164,77.015625,10,10,10,9.523809432983398,10,4.761904716491699,0,9.523809432983398,0,0,14.120512008666992,25769803776,0,17755340800,0
204,1790934428304,4,4,4,4,4,4,4,4,4,4,75.04141998291016,72.75077056884766,72.77444458007813,73.32984161376953,65.88434600830078,74.4550552368164,77.015625,14.285715103149414,5,4.761904716491699,10,0,0,0,0,4.761904716491699,0,14.120512008666992,25769803776,0,17755389952,0
199,1790934428509,4,4,4,4,4,4,4,4,4,4,75.04141998291016,72.75077056884766,72.77444458007813,73.32984161376953,65.88434600830078,74.4550552368164,77.015625,9.523809432983398,4.761904716491699,9.523809432983398,4.761904716491699,0,0,0,5,0,0,14.076160430908203,25769803776,0,17755389952,0
200,1790934428709,4,4,4,4,4,4,4,4,4,4,75.04141998291016,72.75077056884766,72.77444458007813,73.32984161376953,65.88434600830078,74.4550552368164,77.015625,5.555555820465088,5,0,5,0,0,0,9.523809432983398,0,0,14.076160430908203,25769803776,0,17755389952,0
204,1790934428910,4,4,4,4,4,4,4,4,4,4,75.04141998291016,72.75077056884766,72.77444458007813,73.32984161376953,65.88434600830078,74.4550552368164,77.015625,14.285715103149414,5,9.523809432983398,0,5,0,0,5,0,0,14.076160430908203,25769803776,0,17755635712,0
204,1790934429115,4,4,4,4,4,4,4,4,4,4,74.85905456542969,72.71639251708984,72.78457641601563,73.1911392211914,65.9407730102539,74.29253387451172,76.78125,4.761904716491699,0,0,0,0,0,0,9.523809432983398,0,0,14.076160430908203,25769803776,0,17755635712,0
204,1790934429320,4,4,4,4,4,4,4,4,4,4,74.85905456542969,72.71639251708984,72.78457641601563,73.1911392211914,65.9407730102539,74.29253387451172,76.78125,0,0,0,0,0,0,4.761904716491699,0,4.545454502105713,0,14.076160430908203,25769803776,0,17757339648,0
204,1790934429524,4,4,4,4,4,4,4,4,4,4,74.85905456542969,72.71639251708984,72.78457641601563,73.1911392211914,65.9407730102539,74.29253387451172,76.78125,10,4.761904716491699,0,4.761904716491699,0,0,0,5,0,0,13.603202819824219,25769803776,0,17755537408,0
204,1790934429729,4,4,4,4,4,4,4,4,4,4,74.85905456542969,72.71639251708984,72.78457641601563,73.1911392211914,65.9407730102539,74.29253387451172,76.78125,10,15.000000953674316,10,5.263157844543457,9.523809432983398,4.761904716491699,0,9.523809432983398,0,0,13.603202819824219,25769803776,0,17750900736,0
204,1790934429934,4,4,4,4,4,4,4,4,4,4,74.85905456542969,72.71639251708984,72.78457641601563,73.1911392211914,65.9407730102539,74.29253387451172,76.78125,4.761904716491699,0,0,4.545454502105713,0,0,0,0,0,0,13.603202819824219,25769803776,0,17750802432,0
204,1790934430139,4,4,4,4,4,4,4,4,4,4,75.11978912353516,72.75907897949219,72.80825805664063,73.48699951171875,65.99181365966797,74.52181243896484,81.734375,4.761904716491699,4.761904716491699,0,0,0,0,0,5,0,0,13.603202819824219,25769803776,0,17750802432,0
204,1790934430344,4,4,4,4,4,4,4,4,4,4,75.11978912353516,72.75907897949219,72.80825805664063,73.48699951171875,65.99181365966797,74.52181243896484,81.734375,4.761904716491699,4.545454502105713,0,0,0,0,4.761904716491699,9.523809432983398,0,0,13.603202819824219,25769803776,0,17750802432,0
204,1790934430549,4,4,4,4,4,4,4,4,4,4,75.11978912353516,72.75907897949219,72.80825805664063,73.48699951171875,65.99181365966797,74.52181243896484,81.734375,0,0,0,0,0,0,0,5,0,0,14.349281311035156,25769803776,0,17750802432,0
204,1790934430754,4,4,4,4,4,4,4,4,4,4,75.11978912353516,72.75907897949219,72.80825805664063,73.48699951171875,65.99181365966797,74.52181243896484,81.734375,5,0,0,0,0,0,0,9.523809432983398,0,0,14.349281311035156,25769803776,0,17750802432,0
204,1790934430959,4,4,4,4,4,4,4,4,4,4,75.11978912353516,72.75907897949219,72.80825805664063,73.48699951171875,65.99181365966797,74.52181243896484,81.734375,19.047618865966797,20,19.047618865966797,4.761904716491699,0,4.545454502105713,5,9.523809432983398,4.545454502105713,0,14.349281311035156,25769803776,0,17736695808,0
201,1790934431164,4,4,4,4,4,4,4,4,4,4,75.17760467529297,72.8857650756836,72.94261932373047,73.44456481933594,66.05364990234375,74.66681671142578,77.484375,0,0,0,0,0,0,0,5,35,0,14.349281311035156,25769803776,0,17736843264,0
200,1790934431366,4,4,4,4,4,4,4,4,4,4,75.17760467529297,72.8857650756836,72.94261932373047,73.44456481933594,66.05364990234375,74.66681671142578,77.484375,10,0,4.761904716491699,0,0,0,4.761904716491699,5,0,0,14.349281311035156,25769803776,0,17736843264,0
204,1790934431566,4,4,4,4,4,4,4,4,4,4,75.17760467529297,72.8857650756836,72.94261932373047,73.44456481933594,66.05364990234375,74.66681671142578,77.484375,9.523809432983398,9.523809432983398,0,0,0,0,0,9.523809432983398,0,0,14.511993408203125,25769803776,0,17736843264,0
204,1790934431771,4,4,4,4,4,4,4,4,4,4,75.17760467529297,72.8857650756836,72.94261932373047,73.44456481933594,66.05364990234375,74.66681671142578,77.484375,0,5,4.761904716491699,0,0,0,0,5,0,0,14.511993408203125,25769803776,0,17736843264,0
204,1790934431976,4,4,4,4,4,4,4,4,4,4,75.17760467529297,72.8857650756836,72.94261932373047,73.44456481933594,66.05364990234375,74.66681671142578,77.484375,4.761904716491699,0,0,0,0,0,0,0,0,0,14.511993408203125,25769803776,0,17736925184,0
200,1790934432180,4,4,4,4,4,4,4,4,4,4,75.54898071289063,72.97404479980469,73.07698059082031,73.61186981201172,66.25054931640625,75.22598266601563,90.796875,0,5,0,0,0,0,4.761904716491699,9.090909004211426,0,0,14.511993408203125,25769803776,0,17736974336,0
204,1790934432381,4,4,4,4,4,4,4,4,4,4,75.54898071289063,72.97404479980469,73.07698059082031,73.61186981201172,66.25054931640625,75.22598266601563,90.796875,0,4.761904716491699,0,0,0,0,0,0,4.761904716491699,0,14.511993408203125,25769803776,0,17736974336,0
204,1790934432586,4,4,4,4,4,4,4,4,4,4,75.54898071289063,72.97404479980469,73.07698059082031,73.61186981201172,66.25054931640625,75.22598266601563,90.796875,9.090909004211426,0,0,0,0,0,4.545454502105713,9.523809432983398,0,0,13.52119255065918,25769803776,0,17736974336,0
202,1790934432791,4,4,4,4,4,4,4,4,4,4,75.54898071289063,72.97404479980469,73.07698059082031,73.61186981201172,66.25054931640625,75.22598266601563,90.796875,0,0,0,0,0,0,4.761904716491699,5,0,0,13.52119255065918,25769803776,0,17738448896,0
204,1790934432994,4,4,4,4,4,4,4,4,4,4,75.07893371582031,72.86824035644531,72.70967102050781,73.3588638305664,65.75672912597656,74.48800659179688,76.78125,26.3157901763916,5.263157844543457,5.263157844543457,0,0,0,0,0,0,0,13.52119255065918,25769803776,0,17743773696,0
204,1790934433199,4,4,4,4,4,4,4,4,4,4,75.07893371582031,72.86824035644531,72.70967102050781,73.3588638305664,65.75672912597656,74.48800659179688,76.78125,4.761904716491699,0,0,4.761904716491699,0,0,0,9.090909004211426,0,0,13.52119255065918,25769803776,0,17743265792,0
204,1790934433404,4,4,4,4,4,4,4,4,4,4,75.07893371582031,72.86824035644531,72.70967102050781,73.3588638305664,65.75672912597656,74.48800659179688,76.78125,0,0,0,0,0,0,0,5,4.761904716491699,0,13.52119255065918,25769803776,0,17743265792,0
204,1790934433609,4,4,4,4,4,4,4,4,4,4,75.07893371582031,72.86824035644531,72.70967102050781,73.3588638305664,65.75672912597656,74.48800659179688,76.78125,0,4.761904716491699,0,0,4.761904716491699,0,0,5,0,0,14.459810256958008,25769803776,0,17743265792,0
204,1790934433814,4,4,4,4,4,4,4,4,4,4,75.07893371582031,72.86824035644531,72.70967102050781,73.3588638305664,65.75672912597656,74.48800659179688,76.78125,5,0,0,0,0,0,0,4.761904716491699,0,0,14.459810256958008,25769803776,0,17743265792,0
204,1790934434019,4,4,4,4,4,4,4,4,4,4,75.0419921875,72.8167953491211,72.87773132324219,73.3575439453125,66.0678482055664,74.4723129272461,78.3125,0,4.761904716491699,0,0,0,0,0,5,0,0,14.459810256958008,25769803776,0,17742987264,0
204,1790934434224,4,4,4,4,4,4,4,4,4,4,75.0419921875,72.8167953491211,72.87773132324219,73.3575439453125,66.0678482055664,74.4723129272461,78.3125,0,0,0,0,0,0,4.545454502105713,9.523809432983398,0,0,14.459810256958008,25769803776,0,17742987264,0
204,1790934434429,4,4,4,4,4,4,4,4,4,4,75.0419921875,72.8167953491211,72.87773132324219,73.3575439453125,66.0678482055664,74.4723129272461,78.3125,4.761904716491699,0,4.761904716491699,0,0,0,9.523809432983398,0,0,0,14.459810256958008,25769803776,0,17742987264,0
204,1790934434634,4,4,4,4,4,4,4,4,4,4,75.0419921875,72.8167953491211,72.87773132324219,73.3575439453125,66.0678482055664,74.4723129272461,78.3125,4.761904716491699,0,4.761904716491699,0,0,0,0,4.761904716491699,4.761904716491699,0,14.221670150756836,25769803776,0,17742692352,0
202,1790934434839,4,4,4,4,4,4,4,4,4,4,75.0419921875,72.8167953491211,72.87773132324219,73.3575439453125,66.0678482055664,74.4723129272461,78.3125,4.761904716491699,0,0,0,0,0,0,5,0,0,14.221670150756836,25769803776,0,17742692352,0
200,1790934435042,4,4,4,4,4,4,4,4,4,4,74.92757415771484,72.85740661621094,72.68988800048828,73.21703338623047,65.79351806640625,74.33805084228516,76.78125,0,4.761904716491699,0,0,0,0,0,9.523809432983398,0,0,14.221670150756836,25769803776,0,17742086144,0
204,1790934435242,4,4,4,4,4,4,4,4,4,4,74.92757415771484,72.85740661621094,72.68988800048828,73.21703338623047,65.79351806640625,74.33805084228516,76.78125,0,0,0,0,0,0,0,5,0,0,14.221670150756836,25769803776,0,17742069760,0
204,1790934435447,4,4,4,4,4,4,4,4,4,4,74.92757415771484,72.85740661621094,72.68988800048828,73.21703338623047,65.79351806640625,74.33805084228516,76.78125,4.761904716491699,4.761904716491699,0,0,0,0,0,9.523809432983398,0,0,14.221670150756836,25769803776,0,17742004224,0
204,1790934435653,4,4,4,4,4,4,4,4,4,4,74.92757415771484,72.85740661621094,72.68988800048828,73.21703338623047,65.79351806640625,74.33805084228516,76.78125,0,0,0,0,0,0,0,0,0,0,13.910564422607422,25769803776,0,17742004224,0
204,1790934435858,4,4,4,4,4,4,4,4,4,4,74.92757415771484,72.85740661621094,72.68988800048828,73.21703338623047,65.79351806640625,74.33805084228516,76.78125,4.761904716491699,0,0,0,0,0,0,9.523809432983398,0,0,13.910564422607422,25769803776,0,17742004224,0
204,1790934436063,4,4,4,4,4,4,4,4,4,4,74.92528533935547,72.7183609008789,72.73469543457031,73.2232666015625,65.85498809814453,74.32550811767578,76.78125,0,0,0,0,0,0,9.090909004211426,5,4.545454502105713,0,13.910564422607422,25769803776,0,17741905920,0
203,1790934436268,4,4,4,4,4,4,4,4,4,4,74.92528533935547,72.7183609008789,72.73469543457031,73.2232666015625,65.85498809814453,74.32550811767578,76.78125,0,0,0,0,0,0,0,4.761904716491699,0,0,13.910564422607422,25769803776,0,17741873152,0
204,1790934436471,4,4,4,4,4,4,4,4,4,4,74.92528533935547,72.7183609008789,72.73469543457031,73.2232666015625,65.85498809814453,74.32550811767578,76.78125,4.761904716491699,0,0,0,0,0,0,0,0,0,13.910564422607422,25769803776,0,17743675392,0
202,1790934436676,4,4,4,4,4,4,4,4,4,4,74.92528533935547,72.7183609008789,72.73469543457031,73.2232666015625,65.85498809814453,74.32550811767578,76.78125,0,4.761904716491699,0,0,0,0,4.761904716491699,4.761904716491699,0,0,14.003421783447266,25769803776,0,17741824000,0
204,1790934436878,4,4,4,4,4,4,4,4,4,4,74.92528533935547,72.7183609008789,72.73469543457031,73.2232666015625,65.85498809814453,74.32550811767578,76.78125,0,0,0,0,4.545454502105713,0,0,5,0,0,14.003421783447266,25769803776,0,17741824000,0
204,1790934437083,4,4,4,4,4,4,4,4,4,4,74.91844940185547,72.89801788330078,72.60370635986328,73.21704864501953,65.62734985351563,74.36214447021484,76.78125,4.761904716491699,0,0,0,0,0,5,0,0,0,14.003421783447266,25769803776,0,17741692928,0
204,1790934437288,4,4,4,4,4,4,4,4,4,4,74.91844940185547,72.89801788330078,72.60370635986328,73.21704864501953,65.62734985351563,74.36214447021484,76.78125,4.761904716491699,0,0,0,0,0,0,9.523809432983398,0,0,14.003421783447266,25769803776,0,17741692928,0
200,1790934437493,4,4,4,4,4,4,4,4,4,4,74.91844940185547,72.89801788330078,72.60370635986328,73.21704864501953,65.62734985351563,74.36214447021484,76.78125,4.761904716491699,0,0,4.761904716491699,0,0,4.761904716491699,5,0,0,14.09024429321289,25769803776,0,17741742080,0
200,1790934437693,4,4,4,4,4,4,4,4,4,4,74.91844940185547,72.89801788330078,72.60370635986328,73.21704864501953,65.62734985351563,74.36214447021484,76.78125,0,0,0,0,0,0,0,5,0,0,14.09024429321289,25769803776,0,17741971456,0
204,1790934437894,4,4,4,4,4,4,4,4,4,4,74.91844940185547,72.89801788330078,72.60370635986328,73.21704864501953,65.62734985351563,74.36214447021484,76.78125,0,9.523809432983398,0,0,0,0,0,9.523809432983398,4.761904716491699,0,14.09024429321289,25769803776,0,17742004224,0
201,1790934438099,4,4,4,4,4,4,4,4,4,4,74.87220764160156,72.6728286743164,72.6452865600586,73.19688415527344,65.78276062011719,74.30061340332031,76.78125,4.761904716491699,0,0,0,0,0,0,5,0,0,14.09024429321289,25769803776,0,17742004224,0
200,1790934438300,4,4,4,4,4,4,4,4,4,4,74.87220764160156,72.6728286743164,72.6452865600586,73.19688415527344,65.78276062011719,74.30061340332031,76.78125,0,0,4.761904716491699,0,0,0,4.761904716491699,5,0,0,14.09024429321289,25769803776,0,17741660160,0
200,1790934438501,4,4,4,4,4,4,4,4,4,4,74.87220764160156,72.6728286743164,72.6452865600586,73.19688415527344,65.78276062011719,74.30061340332031,76.78125,5,0,0,0,0,0,0,5,0,0,13.9371337890625,25769803776,0,17741660160,0
204,1790934438702,4,4,4,4,4,4,4,4,4,4,74.87220764160156,72.6728286743164,72.6452865600586,73.19688415527344,65.78276062011719,74.30061340332031,76.78125,15.000000953674316,15.000000953674316,5,5,5,4.761904716491699,0,10,4.761904716491699,0,13.9371337890625,25769803776,0,17741660160,0
204,1790934438907,4,4,4,4,4,4,4,4,4,4,74.87220764160156,72.6728286743164,72.6452865600586,73.19688415527344,65.78276062011719,74.30061340332031,76.78125,0,0,0,0,0,0,0,4.761904716491699,0,0,13.9371337890625,25769803776,0,17741660160,0
204,1790934439112,4,4,4,4,4,4,4,4,4,4,74.91068267822266,72.73074340820313,72.79998016357422,73.20730590820313,65.98526000976563,74.34703063964844,76.78125,4.761904716491699,0,0,0,0,0,0,9.523809432983398,0,0,13.9371337890625,25769803776,0,17742004224,0
204,1790934439317,4,4,4,4,4,4,4,4,4,4,74.91068267822266,72.73074340820313,72.79998016357422,73.20730590820313,65.98526000976563,74.34703063964844,76.78125,0,4.761904716491699,0,0,0,0,0,5,0,0,13.9371337890625,25769803776,0,17742004224,0
204,1790934439522,4,4,4,4,4,4,4,4,4,4,74.91068267822266,72.73074340820313,72.79998016357422,73.20730590820313,65.98526000976563,74.34703063964844,76.78125,4.761904716491699,4.761904716491699,0,0,0,0,4.545454502105713,5,4.761904716491699,0,14.049654006958008,25769803776,0,17741201408,0
204,1790934439727,4,4,4,4,4,4,4,4,4,4,74.91068267822266,72.73074340820313,72.79998016357422,73.20730590820313,65.98526000976563,74.34703063964844,76.78125,4.761904716491699,0,0,0,0,0,0,4.761904716491699,0,0,14.049654006958008,25769803776,0,17741643776,0
204,1790934439932,4,4,4,4,4,4,4,4,4,4,74.91068267822266,72.73074340820313,72.79998016357422,73.20730590820313,65.98526000976563,74.34703063964844,76.78125,0,0,4.761904716491699,4.761904716491699,0,0,4.761904716491699,0,0,0,14.049654006958008,25769803776,0,17739808768,0
204,1790934440137,4,4,4,4,4,4,4,4,4,4,74.91476440429688,72.69243621826172,72.71993255615234,73.20413970947266,65.8721923828125,74.36009216308594,76.78125,5,0,0,0,0,0,0,5,0,0,14.049654006958008,25769803776,0,17739857920,0
204,1790934440342,4,4,4,4,4,4,4,4,4,4,74.91476440429688,72.69243621826172,72.71993255615234,73.20413970947266,65.8721923828125,74.36009216308594,76.78125,0,0,0,0,0,0,0,9.523809432983398,0,0,14.049654006958008,25769803776,0,17739857920,0
204,1790934440547,4,4,4,4,4,4,4,4,4,4,74.91476440429688,72.69243621826172,72.71993255615234,73.20413970947266,65.8721923828125,74.36009216308594,76.78125,0,0,0,0,0,0,0,5,0,0,14.05560302734375,25769803776,0,17739857920,0
204,1790934440752,4,4,4,4,4,4,4,4,4,4,74.91476440429688,72.69243621826172,72.71993255615234,73.20413970947266,65.8721923828125,74.36009216308594,76.78125,4.761904716491699,4.761904716491699,0,0,4.545454502105713,0,0,9.523809432983398,0,0,14.05560302734375,25769803776,0,17739857920,0
200,1790934440956,4,4,4,4,4,4,4,4,4,4,74.91476440429688,72.69243621826172,72.71993255615234,73.20413970947266,65.8721923828125,74.36009216308594,76.78125,0,0,0,0,0,0,0,4.761904716491699,4.761904716491699,0,14.05560302734375,25769803776,0,17739857920,0
204,1790934441157,4,4,4,4,4,4,4,4,4,4,74.88235473632813,72.62751770019531,72.61156463623047,73.19618225097656,65.74391174316406,74.33209228515625,76.546875,0,0,0,0,0,0,0,5.263157844543457,0,0,14.05560302734375,25769803776,0,17739956224,0
204,1790934441362,4,4,4,4,4,4,4,4,4,4,74.88235473632813,72.62751770019531,72.61156463623047,73.19618225097656,65.74391174316406,74.33209228515625,76.546875,9.090909004211426,4.761904716491699,4.761904716491699,0,0,0,0,9.090909004211426,4.545454502105713,0,14.05560302734375,25769803776,0,17739890688,0
204,1790934441567,4,4,4,4,4,4,4,4,4,4,74.88235473632813,72.62751770019531,72.61156463623047,73.19618225097656,65.74391174316406,74.33209228515625,76.546875,0,0,0,0,0,0,0,0,0,0,13.93263053894043,25769803776,0,17739890688,0
204,1790934441772,4,4,4,4,4,4,4,4,4,4,74.88235473632813,72.62751770019531,72.61156463623047,73.19618225097656,65.74391174316406,74.33209228515625,76.546875,0,0,0,0,0,0,0,9.523809432983398,0,0,13.93263053894043,25769803776,0,17739890688,0
201,1790934441977,4,4,4,4,4,4,4,4,4,4,74.88235473632813,72.62751770019531,72.61156463623047,73.19618225097656,65.74391174316406,74.33209228515625,76.546875,4.761904716491699,0,0,0,0,0,4.761904716491699,5,0,0,13.93263053894043,25769803776,0,17739890688,0
200,1790934442178,4,4,4,4,4,4,4,4,4,4,74.8901596069336,72.68354034423828,72.74674987792969,73.19309997558594,65.93347930908203,74.32725524902344,76.78125,5,61.904762268066406,0,4.761904716491699,0,0,0,9.523809432983398,0,0,13.93263053894043,25769803776,0,17739988992,0
204,1790934442379,4,4,4,4,4,4,4,4,4,4,74.8901596069336,72.68354034423828,72.74674987792969,73.19309997558594,65.93347930908203,74.32725524902344,76.78125,0,15.000000953674316,0,0,0,0,9.523809432983398,0,0,0,13.93263053894043,25769803776,0,17739988992,0
204,1790934442584,4,4,4,4,4,4,4,4,4,4,74.8901596069336,72.68354034423828,72.74674987792969,73.19309997558594,65.93347930908203,74.32725524902344,76.78125,0,0,0,0,0,0,0,0,4.545454502105713,0,14.092613220214844,25769803776,0,17739644928,0
204,1790934442789,4,4,4,4,4,4,4,4,4,4,74.8901596069336,72.68354034423828,72.74674987792969,73.19309997558594,65.93347930908203,74.32725524902344,76.78125,4.761904716491699,0,0,0,0,0,5,0,0,0,14.092613220214844,25769803776,0,17739644928,0
204,1790934442994,4,4,4,4,4,4,4,4,4,4,74.89710998535156,73.02182006835938,72.32815551757813,73.18047332763672,65.17715454101563,74.34571838378906,76.546875,0,0,4.545454502105713,0,0,0,9.090909004211426,4.545454502105713,0,0,14.092613220214844,25769803776,0,17739644928,0
204,1790934443199,4,4,4,4,4,4,4,4,4,4,74.89710998535156,73.02182006835938,72.32815551757813,73.18047332763672,65.17715454101563,74.34571838378906,76.546875,4.761904716491699,0,0,0,0,0,5,0,0,0,14.092613220214844,25769803776,0,17739628544,0
204,1790934443404,4,4,4,4,4,4,4,4,4,4,74.89710998535156,73.02182006835938,72.32815551757813,73.18047332763672,65.17715454101563,74.34571838378906,76.546875,0,4.761904716491699,0,0,4.761904716491699,0,9.523809432983398,0,0,0,14.092613220214844,25769803776,0,17739628544,0
204,1790934443609,4,4,4,4,4,4,4,4,4,4,74.89710998535156,73.02182006835938,72.32815551757813,73.18047332763672,65.17715454101563,74.34571838378906,76.546875,0,0,0,0,0,0,0,0,0,0,14.073770523071289,25769803776,0,17739628544,0
204,1790934443814,4,4,4,4,4,4,4,4,4,4,74.89710998535156,73.02182006835938,72.32815551757813,73.18047332763672,65.17715454101563,74.34571838378906,76.546875,9.090909004211426,4.761904716491699,0,0,0,0,5,0,0,0,14.073770523071289,25769803776,0,17739628544,0
201,1790934444019,4,4,4,4,4,4,4,4,4,4,74.8663558959961,72.99293518066406,72.23007202148438,73.16593170166016,65.01990509033203,74.31010437011719,76.546875,0,0,0,0,0,0,0,0,9.090909004211426,0,14.073770523071289,25769803776,0,17739628544,0
204,1790934444221,4,4,4,4,4,4,4,4,4,4,74.8663558959961,72.99293518066406,72.23007202148438,73.16593170166016,65.01990509033203,74.31010437011719,76.546875,0,0,0,0,0,0,9.523809432983398,0,0,0,14.073770523071289,25769803776,0,17739497472,0
204,1790934444426,4,4,4,4,4,4,4,4,4,4,74.8663558959961,72.99293518066406,72.23007202148438,73.16593170166016,65.01990509033203,74.31010437011719,76.546875,5,0,0,0,0,0,5,4.761904716491699,0,0,14.073770523071289,25769803776,0,17739497472,0
204,1790934444631,4,4,4,4,4,4,4,4,4,4,74.8663558959961,72.99293518066406,72.23007202148438,73.16593170166016,65.01990509033203,74.31010437011719,76.546875,0,0,0,0,0,0,9.523809432983398,0,0,0,13.972261428833008,25769803776,0,17739497472,0
204,1790934444836,4,4,4,4,4,4,4,4,4,4,74.8663558959961,72.99293518066406,72.23007202148438,73.16593170166016,65.01990509033203,74.31010437011719,76.546875,4.761904716491699,9.090909004211426,0,0,0,0,4.761904716491699,4.545454502105713,0,0,13.972261428833008,25769803776,0,17739497472,0
204,1790934445041,4,4,4,4,4,4,4,4,4,4,74.84042358398438,73.13442993164063,72.23602294921875,73.16464233398438,64.9898681640625,74.2807846069336,76.546875,0,0,0,0,0,0,9.523809432983398,0,0,0,13.972261428833008,25769803776,0,17739497472,0
204,1790934445246,4,4,4,4,4,4,4,4,4,4,74.84042358398438,73.13442993164063,72.23602294921875,73.16464233398438,64.9898681640625,74.2807846069336,76.546875,4.761904716491699,0,0,0,0,0,0,0,4.761904716491699,0,13.972261428833008,25769803776,0,17739169792,0
204,1790934445451,4,4,4,4,4,4,4,4,4,4,74.84042358398438,73.13442993164063,72.23602294921875,73.16464233398438,64.9898681640625,74.2807846069336,76.546875,4.761904716491699,0,0,0,0,0,5,0,0,0,13.972261428833008,25769803776,0,17739169792,0
200,1790934445656,4,4,4,4,4,4,4,4,4,4,74.84042358398438,73.13442993164063,72.23602294921875,73.16464233398438,64.9898681640625,74.2807846069336,76.546875,0,0,0,0,0,0,9.090909004211426,0,0,0,14.064817428588867,25769803776,0,17739202560,0
204,1790934445857,4,4,4,4,4,4,4,4,4,4,74.84042358398438,73.13442993164063,72.23602294921875,73.16464233398438,64.9898681640625,74.2807846069336,76.546875,4.761904716491699,0,4.761904716491699,0,0,0,5.263157844543457,5,0,0,14.064817428588867,25769803776,0,17739022336,0
204,1790934446062,4,4,4,4,4,4,4,4,4,4,74.84610748291016,72.97332000732422,72.17808532714844,73.1640625,64.96623229980469,74.2726058959961,76.546875,0,4.545454502105713,0,0,0,0,9.090909004211426,0,0,0,14.064817428588867,25769803776,0,17739022336,0
204,1790934446267,4,4,4,4,4,4,4,4,4,4,74.84610748291016,72.97332000732422,72.17808532714844,73.1640625,64.96623229980469,74.2726058959961,76.546875,4.761904716491699,0,0,0,0,0,5,0,0,0,14.064817428588867,25769803776,0,17738842112,0
204,1790934446472,4,4,4,4,4,4,4,4,4,4,74.84610748291016,72.97332000732422,72.17808532714844,73.1640625,64.96623229980469,74.2726058959961,76.546875,0,0,0,0,0,0,5,0,0,0,14.064817428588867,25769803776,0,17738776576,0
204,1790934446677,4,4,4,4,4,4,4,4,4,4,74.84610748291016,72.97332000732422,72.17808532714844,73.1640625,64.96623229980469,74.2726058959961,76.546875,0,0,0,0,0,0,5,0,0,0,14.047906875610352,25769803776,0,17738776576,0
203,1790934446882,4,4,4,4,4,4,4,4,4,4,74.84610748291016,72.97332000732422,72.17808532714844,73.1640625,64.96623229980469,74.2726058959961,76.546875,4.761904716491699,0,4.761904716491699,0,0,0,9.523809432983398,0,4.761904716491699,0,14.047906875610352,25769803776,0,17738694656,0
204,1790934447086,4,4,4,4,4,4,4,4,4,4,74.81128692626953,73.13711547851563,72.24173736572266,73.15796661376953,64.99787902832031,74.24461364746094,76.546875,5,4.761904716491699,0,0,0,0,4.761904716491699,0,0,0,14.047906875610352,25769803776,0,17738694656,0
204,1790934447291,4,4,4,4,4,4,4,4,4,4,74.81128692626953,73.13711547851563,72.24173736572266,73.15796661376953,64.99787902832031,74.24461364746094,76.546875,10,15.000000953674316,5,4.761904716491699,0,0,0,4.761904716491699,0,0,14.047906875610352,25769803776,0,17739300864,0
203,1790934447496,4,4,4,4,4,4,4,4,4,4,74.81128692626953,73.13711547851563,72.24173736572266,73.15796661376953,64.99787902832031,74.24461364746094,76.546875,15.000000953674316,5,5,4.761904716491699,4.761904716491699,0,0,4.761904716491699,9.523809432983398,0,14.018470764160156,25769803776,0,17739661312,0
200,1790934447699,4,4,4,4,4,4,4,4,4,4,74.81128692626953,73.13711547851563,72.24173736572266,73.15796661376953,64.99787902832031,74.24461364746094,76.546875,9.523809432983398,9.523809432983398,4.761904716491699,4.761904716491699,0,0,4.761904716491699,5,0,0,14.018470764160156,25769803776,0,17739661312,0
204,1790934447900,4,4,4,4,4,4,4,4,4,4,74.81128692626953,73.13711547851563,72.24173736572266,73.15796661376953,64.99787902832031,74.24461364746094,76.546875,35,25,20,5.263157844543457,5,14.285715103149414,5,0,0,0,14.018470764160156,25769803776,0,17739661312,0
204,1790934448105,4,4,4,4,4,4,4,4,4,4,74.98127746582031,72.95654296875,72.32240295410156,73.21416473388672,65.19931030273438,74.5052719116211,77.25,19.047618865966797,10,0,9.523809432983398,0,0,5,0,0,0,14.018470764160156,25769803776,0,17739661312,0
204,1790934448310,4,4,4,4,4,4,4,4,4,4,74.98127746582031,72.95654296875,72.32240295410156,73.21416473388672,65.19931030273438,74.5052719116211,77.25,10,19.047618865966797,5,0,4.545454502105713,9.523809432983398,9.523809432983398,0,0,0,14.018470764160156,25769803776,0,17741545472,0
204,1790934448515,4,4,4,4,4,4,4,4,4,4,74.98127746582031,72.95654296875,72.32240295410156,73.21416473388672,65.19931030273438,74.5052719116211,77.25,5,0,0,0,0,0,5,0,0,0,14.155786514282227,25769803776,0,17741561856,0
200,1790934448720,4,4,4,4,4,4,4,4,4,4,74.98127746582031,72.95654296875,72.32240295410156,73.21416473388672,65.19931030273438,74.5052719116211,77.25,14.285715103149414,14.285715103149414,9.523809432983398,5,0,0,9.523809432983398,0,0,0,14.155786514282227,25769803776,0,17741889536,0
204,1790934448921,4,4,4,4,4,4,4,4,4,4,74.98127746582031,72.95654296875,72.32240295410156,73.21416473388672,65.19931030273438,74.5052719116211,77.25,30.000001907348633,25,14.285715103149414,10,0,0,5,4.761904716491699,0,0,14.155786514282227,25769803776,0,17745428480,0
204,1790934449126,4,4,4,4,4,4,4,4,4,4,74.84611511230469,73.1553726196289,72.31637573242188,73.16838836669922,65.0885009765625,74.28935241699219,76.546875,0,5,0,0,0,0,0,4.761904716491699,4.545454502105713,0,14.155786514282227,25769803776,0,17742757888,0
203,1790934449331,4,4,4,4,4,4,4,4,4,4,74.84611511230469,73.1553726196289,72.31637573242188,73.16838836669922,65.0885009765625,74.28935241699219,76.546875,4.761904716491699,4.761904716491699,0,0,0,0,9.090909004211426,0,0,0,14.155786514282227,25769803776,0,17742757888,0
204,1790934449534,4,4,4,4,4,4,4,4,4,4,74.84611511230469,73.1553726196289,72.31637573242188,73.16838836669922,65.0885009765625,74.28935241699219,76.546875,14.285715103149414,0,4.761904716491699,4.761904716491699,0,0,5,0,0,0,14.355232238769531,25769803776,0,17742872576,0
204,1790934449739,4,4,4,4,4,4,4,4,4,4,74.84611511230469,73.1553726196289,72.31637573242188,73.16838836669922,65.0885009765625,74.28935241699219,76.546875,0,5,0,0,0,0,9.523809432983398,0,0,0,14.355232238769531,25769803776,0,17742872576,0
204,1790934449944,4,4,4,4,4,4,4,4,4,4,74.84611511230469,73.1553726196289,72.31637573242188,73.16838836669922,65.0885009765625,74.28935241699219,76.546875,5,4.761904716491699,0,0,4.761904716491699,0,5,0,0,0,14.355232238769531,25769803776,0,17742872576,0
204,1790934450149,4,4,4,4,4,4,4,4,4,4,74.8302230834961,73.16024017333984,72.26173400878906,73.160888671875,65.0080795288086,74.27471160888672,76.78125,4.761904716491699,5,5,4.761904716491699,4.545454502105713,4.761904716491699,9.523809432983398,0,0,0,14.355232238769531,25769803776,0,17742872576,0
204,1790934450354,4,4,4,4,4,4,4,4,4,4,74.8302230834961,73.16024017333984,72.26173400878906,73.160888671875,65.0080795288086,74.27471160888672,76.78125,5,5,4.761904716491699,0,0,0,5,0,0,0,14.355232238769531,25769803776,0,17743986688,0
204,1790934450559,4,4,4,4,4,4,4,4,4,4,74.8302230834961,73.16024017333984,72.26173400878906,73.160888671875,65.0080795288086,74.27471160888672,76.78125,19.047618865966797,19.047618865966797,23.809524536132813,5,0,4.761904716491699,19.047618865966797,4.761904716491699,0,0,14.172624588012695,25769803776,0,17764876288,0
204,1790934450764,4,4,4,4,4,4,4,4,4,4,74.8302230834961,73.16024017333984,72.26173400878906,73.160888671875,65.0080795288086,74.27471160888672,76.78125,15.000000953674316,4.761904716491699,0,0,0,0,0,4.761904716491699,0,0,14.172624588012695,25769803776,0,17766809600,0
204,1790934450969,4,4,4,4,4,4,4,4,4,4,74.8302230834961,73.16024017333984,72.26173400878906,73.160888671875,65.0080795288086,74.27471160888672,76.78125,9.523809432983398,5,0,0,0,0,4.761904716491699,0,4.545454502105713,0,14.172624588012695,25769803776,0,17765040128,0
202,1790934451175,4,4,4,4,4,4,4,4,4,4,74.80512237548828,73.13408660888672,72.32914733886719,73.14385223388672,65.12218475341797,74.2506103515625,76.546875,5,0,9.090909004211426,0,0,0,0,5,0,0,14.172624588012695,25769803776,0,17765040128,0
204,1790934451377,4,4,4,4,4,4,4,4,4,4,74.80512237548828,73.13408660888672,72.32914733886719,73.14385223388672,65.12218475341797,74.2506103515625,76.546875,5,5,0,0,4.761904716491699,0,9.523809432983398,0,0,4.761904716491699,14.172624588012695,25769803776,0,17765040128,0
201,1790934451582,4,4,4,4,4,4,4,4,4,4,74.80512237548828,73.13408660888672,72.32914733886719,73.14385223388672,65.12218475341797,74.2506103515625,76.546875,5,4.761904716491699,0,0,0,0,4.761904716491699,4.761904716491699,0,0,14.006681442260742,25769803776,0,17765138432,0
204,1790934451784,4,4,4,4,4,4,4,4,4,4,74.80512237548828,73.13408660888672,72.32914733886719,73.14385223388672,65.12218475341797,74.2506103515625,76.546875,5,4.761904716491699,0,0,0,0,10,0,0,0,14.006681442260742,25769803776,0,17765253120,0
204,1790934451989,4,4,4,4,4,4,4,4,4,4,74.7840347290039,72.99822998046875,72.28229522705078,73.13280487060547,65.10679626464844,74.22535705566406,78.796875,0,0,0,0,0,0,4.761904716491699,4.545454502105713,4.545454502105713,0,14.006681442260742,25769803776,0,17765269504,0
204,1790934452194,4,4,4,4,4,4,4,4,4,4,74.7840347290039,72.99822998046875,72.28229522705078,73.13280487060547,65.10679626464844,74.22535705566406,78.796875,4.761904716491699,0,0,0,0,0,0,0,0,0,14.006681442260742,25769803776,0,17765269504,0
202,1790934452399,4,4,4,4,4,4,4,4,4,4,74.7840347290039,72.99822998046875,72.28229522705078,73.13280487060547,65.10679626464844,74.22535705566406,78.796875,4.761904716491699,4.761904716491699,0,0,0,0,9.523809432983398,0,0,0,14.006681442260742,25769803776,0,17765138432,0
204,1790934452602,4,4,4,4,4,4,4,4,4,4,74.7840347290039,72.99822998046875,72.28229522705078,73.13280487060547,65.10679626464844,74.22535705566406,78.796875,0,0,0,0,0,0,5,0,0,0,13.634714126586914,25769803776,0,17765089280,0
204,1790934452807,4,4,4,4,4,4,4,4,4,4,74.7840347290039,72.99822998046875,72.28229522705078,73.13280487060547,65.10679626464844,74.22535705566406,78.796875,4.761904716491699,0,0,4.761904716491699,0,0,9.523809432983398,0,4.545454502105713,0,13.634714126586914,25769803776,0,17765089280,0
204,1790934453012,4,4,4,4,4,4,4,4,4,4,74.88652038574219,73.1191177368164,72.2128677368164,73.19048309326172,64.95944213867188,74.31139373779297,82.203125,0,9.090909004211426,0,0,0,0,5,0,0,0,13.634714126586914,25769803776,0,17765089280,0
204,1790934453217,4,4,4,4,4,4,4,4,4,4,74.88652038574219,73.1191177368164,72.2128677368164,73.19048309326172,64.95944213867188,74.31139373779297,82.203125,0,0,0,0,0,0,4.761904716491699,0,0,0,13.634714126586914,25769803776,0,17765089280,0
204,1790934453422,4,4,4,4,4,4,4,4,4,4,74.88652038574219,73.1191177368164,72.2128677368164,73.19048309326172,64.95944213867188,74.31139373779297,82.203125,4.761904716491699,0,4.761904716491699,0,0,0,9.523809432983398,0,0,0,13.634714126586914,25769803776,0,17752162304,0
200,1790934453627,4,4,4,4,4,4,4,4,4,4,74.88652038574219,73.1191177368164,72.2128677368164,73.19048309326172,64.95944213867188,74.31139373779297,82.203125,0,0,0,0,0,0,0,0,0,0,14.362485885620117,25769803776,0,17752162304,0
204,1790934453828,4,4,4,4,4,4,4,4,4,4,74.88652038574219,73.1191177368164,72.2128677368164,73.19048309326172,64.95944213867188,74.31139373779297,82.203125,0,0,0,0,4.761904716491699,0,9.523809432983398,4.761904716491699,4.761904716491699,0,14.362485885620117,25769803776,0,17752162304,0
204,1790934454033,4,4,4,4,4,4,4,4,4,4,74.81492614746094,72.98487854003906,72.17528533935547,73.15023040771484,64.93749237060547,74.2422103881836,76.546875,4.761904716491699,0,0,0,0,0,5,0,0,0,14.362485885620117,25769803776,0,17752162304,0
204,1790934454238,4,4,4,4,4,4,4,4,4,4,74.81492614746094,72.98487854003906,72.17528533935547,73.15023040771484,64.93749237060547,74.2422103881836,76.546875,0,0,0,0,0,0,9.090909004211426,0,0,0,14.362485885620117,25769803776,0,17752162304,0
200,1790934454443,4,4,4,4,4,4,4,4,4,4,74.81492614746094,72.98487854003906,72.17528533935547,73.15023040771484,64.93749237060547,74.2422103881836,76.546875,4.761904716491699,5,0,0,0,0,0,0,0,0,14.362485885620117,25769803776,0,17751326720,0
204,1790934454643,4,4,4,4,4,4,4,4,4,4,74.81492614746094,72.98487854003906,72.17528533935547,73.15023040771484,64.93749237060547,74.2422103881836,76.546875,10,4.761904716491699,5,0,0,0,5,5,0,0,14.138105392456055,25769803776,0,17751310336,0
204,1790934454848,4,4,4,4,4,4,4,4,4,4,74.81492614746094,72.98487854003906,72.17528533935547,73.15023040771484,64.93749237060547,74.2422103881836,76.546875,9.523809432983398,9.523809432983398,0,0,0,0,9.090909004211426,0,0,0,14.138105392456055,25769803776,0,17751359488,0
204,1790934455053,4,4,4,4,4,4,4,4,4,4,74.78486633300781,73.06715393066406,72.1823959350586,73.1376724243164,64.92324829101563,74.21956634521484,76.546875,0,0,0,4.761904716491699,0,0,5,0,0,0,14.138105392456055,25769803776,0,17751359488,0
204,1790934455258,4,4,4,4,4,4,4,4,4,4,74.78486633300781,73.06715393066406,72.1823959350586,73.1376724243164,64.92324829101563,74.21956634521484,76.546875,4.761904716491699,0,0,0,0,0,9.523809432983398,0,0,0,14.138105392456055,25769803776,0,17751212032,0
204,1790934455463,4,4,4,4,4,4,4,4,4,4,74.78486633300781,73.06715393066406,72.1823959350586,73.1376724243164,64.92324829101563,74.21956634521484,76.546875,0,0,0,0,0,0,5,0,4.545454502105713,0,14.138105392456055,25769803776,0,17751179264,0
204,1790934455668,4,4,4,4,4,4,4,4,4,4,74.78486633300781,73.06715393066406,72.1823959350586,73.1376724243164,64.92324829101563,74.21956634521484,76.546875,0,0,4.761904716491699,0,0,0,0,0,0,0,13.945833206176758,25769803776,0,17751244800,0
204,1790934455873,4,4,4,4,4,4,4,4,4,4,74.78486633300781,73.06715393066406,72.1823959350586,73.1376724243164,64.92324829101563,74.21956634521484,76.546875,4.761904716491699,0,0,0,0,0,9.523809432983398,0,0,0,13.945833206176758,25769803776,0,17750786048,0
204,1790934456078,4,4,4,4,4,4,4,4,4,4,74.78668975830078,73.0469970703125,72.14209747314453,73.14730834960938,64.88179779052734,74.19483947753906,79.96875,0,0,0,0,0,0,4.761904716491699,4.545454502105713,0,0,13.945833206176758,25769803776,0,17750786048,0
201,1790934456283,4,4,4,4,4,4,4,4,4,4,74.78668975830078,73.0469970703125,72.14209747314453,73.14730834960938,64.88179779052734,74.19483947753906,79.96875,4.761904716491699,0,0,0,0,0,9.523809432983398,0,0,0,13.945833206176758,25769803776,0,17750786048,0
204,1790934456485,4,4,4,4,4,4,4,4,4,4,74.78668975830078,73.0469970703125,72.14209747314453,73.14730834960938,64.88179779052734,74.19483947753906,79.96875,4.761904716491699,4.761904716491699,0,0,0,0,5,0,4.761904716491699,0,13.945833206176758,25769803776,0,17750720512,0
202,1790934456690,4,4,4,4,4,4,4,4,4,4,74.78668975830078,73.0469970703125,72.14209747314453,73.14730834960938,64.88179779052734,74.19483947753906,79.96875,4.761904716491699,0,0,0,0,0,5,0,4.761904716491699,0,13.949871063232422,25769803776,0,17750720512,0
204,1790934456893,4,4,4,4,4,4,4,4,4,4,74.78668975830078,73.0469970703125,72.14209747314453,73.14730834960938,64.88179779052734,74.19483947753906,79.96875,0,4.761904716491699,0,0,0,0,5,0,0,0,13.949871063232422,25769803776,0,17750720512,0
204,1790934457098,4,4,4,4,4,4,4,4,4,4,74.79625701904297,72.97734069824219,72.15464782714844,73.1364974975586,64.92010498046875,74.20282745361328,76.546875,0,0,0,0,0,0,9.523809432983398,0,0,0,13.949871063232422,25769803776,0,17750720512,0
204,1790934457303,4,4,4,4,4,4,4,4,4,4,74.79625701904297,72.97734069824219,72.15464782714844,73.1364974975586,64.92010498046875,74.20282745361328,76.546875,5,0,4.761904716491699,0,0,0,5,0,0,0,13.949871063232422,25769803776,0,17750720512,0
204,1790934457508,4,4,4,4,4,4,4,4,4,4,74.79625701904297,72.97734069824219,72.15464782714844,73.1364974975586,64.92010498046875,74.20282745361328,76.546875,0,0,0,0,0,0,5,0,0,0,14.000944137573242,25769803776,0,17750212608,0
201,1790934457713,4,4,4,4,4,4,4,4,4,4,74.79625701904297,72.97734069824219,72.15464782714844,73.1364974975586,64.92010498046875,74.20282745361328,76.546875,4.761904716491699,4.761904716491699,0,0,0,0,9.523809432983398,0,0,0,14.000944137573242,25769803776,0,17750212608,0
204,1790934457914,4,4,4,4,4,4,4,4,4,4,74.79625701904297,72.97734069824219,72.15464782714844,73.1364974975586,64.92010498046875,74.20282745361328,76.546875,0,0,0,0,0,0,0,9.090909004211426,0,0,14.000944137573242,25769803776,0,17750163456,0
204,1790934458119,4,4,4,4,4,4,4,4,4,4,74.77704620361328,73.05441284179688,72.14852142333984,73.12406921386719,64.88433074951172,74.18852996826172,76.546875,5,0,0,0,0,0,4.761904716491699,0,4.545454502105713,0,14.000944137573242,25769803776,0,17749917696,0
204,1790934458324,4,4,4,4,4,4,4,4,4,4,74.77704620361328,73.05441284179688,72.14852142333984,73.12406921386719,64.88433074951172,74.18852996826172,76.546875,4.761904716491699,0,0,0,0,0,9.523809432983398,0,0,0,14.000944137573242,25769803776,0,17749917696,0
204,1790934458529,4,4,4,4,4,4,4,4,4,4,74.77704620361328,73.05441284179688,72.14852142333984,73.12406921386719,64.88433074951172,74.18852996826172,76.546875,0,0,0,0,0,0,5,0,0,4.761904716491699,13.92094612121582,25769803776,0,17749835776,0
204,1790934458734,4,4,4,4,4,4,4,4,4,4,74.77704620361328,73.05441284179688,72.14852142333984,73.12406921386719,64.88433074951172,74.18852996826172,76.546875,0,4.761904716491699,0,0,0,0,5,0,0,0,13.92094612121582,25769803776,0,17749884928,0
204,1790934458939,4,4,4,4,4,4,4,4,4,4,74.77704620361328,73.05441284179688,72.14852142333984,73.12406921386719,64.88433074951172,74.18852996826172,76.546875,4.761904716491699,0,0,0,0,0,5,0,0,0,13.92094612121582,25769803776,0,17749901312,0
204,1790934459144,4,4,4,4,4,4,4,4,4,4,74.76483154296875,72.89126586914063,72.06307220458984,73.13089752197266,64.8209457397461,74.17757415771484,77.484375,0,0,0,4.545454502105713,0,0,9.090909004211426,0,0,0,13.92094612121582,25769803776,0,17749901312,0
204,1790934459350,4,4,4,4,4,4,4,4,4,4,74.76483154296875,72.89126586914063,72.06307220458984,73.13089752197266,64.8209457397461,74.17757415771484,77.484375,0,4.761904716491699,0,0,0,0,5,0,0,0,13.92094612121582,25769803776,0,17749901312,0
200,1790934459555,4,4,4,4,4,4,4,4,4,4,74.76483154296875,72.89126586914063,72.06307220458984,73.13089752197266,64.8209457397461,74.17757415771484,77.484375,4.761904716491699,0,0,0,4.761904716491699,0,9.523809432983398,0,4.545454502105713,0,13.969614028930664,25769803776,0,17749295104,0
204,1790934459756,4,4,4,4,4,4,4,4,4,4,74.76483154296875,72.89126586914063,72.06307220458984,73.13089752197266,64.8209457397461,74.17757415771484,77.484375,5,5,4.761904716491699,0,0,0,5,0,0,0,13.969614028930664,25769803776,0,17749295104,0
204,1790934459961,4,4,4,4,4,4,4,4,4,4,74.76483154296875,72.89126586914063,72.06307220458984,73.13089752197266,64.8209457397461,74.17757415771484,77.484375,4.761904716491699,4.761904716491699,0,0,4.761904716491699,0,0,0,0,0,13.969614028930664,25769803776,0,17749295104,0
204,1790934460166,4,4,4,4,4,4,4,4,4,4,74.78653717041016,73.03369903564453,72.12316131591797,73.1312484741211,64.83977508544922,74.21106719970703,76.546875,0,0,0,0,0,0,9.523809432983398,0,0,0,13.969614028930664,25769803776,0,17749295104,0
204,1790934460371,4,4,4,4,4,4,4,4,4,4,74.78653717041016,73.03369903564453,72.12316131591797,73.1312484741211,64.83977508544922,74.21106719970703,76.546875,0,0,4.761904716491699,4.761904716491699,0,0,0,9.523809432983398,0,0,13.969614028930664,25769803776,0,17749295104,0
204,1790934460576,4,4,4,4,4,4,4,4,4,4,74.78653717041016,73.03369903564453,72.12316131591797,73.1312484741211,64.83977508544922,74.21106719970703,76.546875,4.761904716491699,4.761904716491699,0,0,0,0,5,0,0,0,13.946178436279297,25769803776,0,17749278720,0
204,1790934460781,4,4,4,4,4,4,4,4,4,4,74.78653717041016,73.03369903564453,72.12316131591797,73.1312484741211,64.83977508544922,74.21106719970703,76.546875,0,0,0,0,0,0,9.523809432983398,4.545454502105713,0,0,13.946178436279297,25769803776,0,17749295104,0
204,1790934460986,4,4,4,4,4,4,4,4,4,4,74.75286865234375,72.90071868896484,72.24142456054688,73.10777282714844,65.0887222290039,74.17411041259766,76.546875,9.090909004211426,0,0,0,0,0,5,0,9.090909004211426,0,13.946178436279297,25769803776,0,17748475904,0
204,1790934461191,4,4,4,4,4,4,4,4,4,4,74.75286865234375,72.90071868896484,72.24142456054688,73.10777282714844,65.0887222290039,74.17411041259766,76.546875,0,0,0,0,0,0,4.761904716491699,0,0,0,13.946178436279297,25769803776,0,17748508672,0
204,1790934461396,4,4,4,4,4,4,4,4,4,4,74.75286865234375,72.90071868896484,72.24142456054688,73.10777282714844,65.0887222290039,74.17411041259766,76.546875,4.761904716491699,4.761904716491699,0,0,0,0,9.523809432983398,0,0,0,13.946178436279297,25769803776,0,17748557824,0
204,1790934461601,4,4,4,4,4,4,4,4,4,4,74.75286865234375,72.90071868896484,72.24142456054688,73.10777282714844,65.0887222290039,74.17411041259766,76.546875,0,0,0,0,0,0,5,4.761904716491699,0,0,13.950773239135742,25769803776,0,17750130688,0
204,1790934461806,4,4,4,4,4,4,4,4,4,4,74.75286865234375,72.90071868896484,72.24142456054688,73.10777282714844,65.0887222290039,74.17411041259766,76.546875,0,4.545454502105713,0,0,0,0,0,0,0,0,13.950773239135742,25769803776,0,17750278144,0
204,1790934462011,4,4,4,4,4,4,4,4,4,4,74.72490692138672,72.87310791015625,72.12220001220703,73.08808135986328,64.88063049316406,74.14930725097656,76.296875,4.761904716491699,0,0,0,0,0,4.761904716491699,0,0,0,13.950773239135742,25769803776,0,17746493440,0
204,1790934462216,4,4,4,4,4,4,4,4,4,4,74.72490692138672,72.87310791015625,72.12220001220703,73.08808135986328,64.88063049316406,74.14930725097656,76.296875,0,0,0,0,0,0,5,0,0,0,13.950773239135742,25769803776,0,17746493440,0
204,1790934462421,4,4,4,4,4,4,4,4,4,4,74.72490692138672,72.87310791015625,72.12220001220703,73.08808135986328,64.88063049316406,74.14930725097656,76.296875,4.761904716491699,0,0,0,0,0,5,4.545454502105713,0,0,13.950773239135742,25769803776,0,17746493440,0
204,1790934462626,4,4,4,4,4,4,4,4,4,4,74.72490692138672,72.87310791015625,72.12220001220703,73.08808135986328,64.88063049316406,74.14930725097656,76.296875,4.761904716491699,0,0,0,0,0,9.090909004211426,0,4.545454502105713,0,14.11827278137207,25769803776,0,17746247680,0
204,1790934462831,4,4,4,4,4,4,4,4,4,4,74.72490692138672,72.87310791015625,72.12220001220703,73.08808135986328,64.88063049316406,74.14930725097656,76.296875,0,0,0,0,0,0,5,0,0,0,14.11827278137207,25769803776,0,17746247680,0
204,1790934463036,4,4,4,4,4,4,4,4,4,4,74.7943344116211,72.9818115234375,72.12508392333984,73.11375427246094,64.88488006591797,74.22169494628906,76.546875,4.761904716491699,4.761904716491699,0,0,0,0,9.523809432983398,0,0,0,14.11827278137207,25769803776,0,17746165760,0
204,1790934463241,4,4,4,4,4,4,4,4,4,4,74.7943344116211,72.9818115234375,72.12508392333984,73.11375427246094,64.88488006591797,74.22169494628906,76.546875,0,0,4.545454502105713,0,0,0,0,0,0,0,14.11827278137207,25769803776,0,17746165760,0
204,1790934463446,4,4,4,4,4,4,4,4,4,4,74.7943344116211,72.9818115234375,72.12508392333984,73.11375427246094,64.88488006591797,74.22169494628906,76.546875,4.761904716491699,0,0,0,0,0,5,0,0,0,14.11827278137207,25769803776,0,17746165760,0
204,1790934463651,4,4,4,4,4,4,4,4,4,4,74.7943344116211,72.9818115234375,72.12508392333984,73.11375427246094,64.88488006591797,74.22169494628906,76.546875,5,4.761904716491699,0,0,0,0,9.523809432983398,4.761904716491699,0,0,14.04035758972168,25769803776,0,17746477056,0
204,1790934463856,4,4,4,4,4,4,4,4,4,4,74.7943344116211,72.9818115234375,72.12508392333984,73.11375427246094,64.88488006591797,74.22169494628906,76.546875,4.761904716491699,4.761904716491699,0,0,0,0,5,0,4.761904716491699,0,14.04035758972168,25769803776,0,17746477056,0
204,1790934464061,4,4,4,4,4,4,4,4,4,4,74.74004364013672,72.9207534790039,72.10890197753906,73.09734344482422,64.8847885131836,74.15412139892578,76.546875,0,0,0,0,0,0,4.761904716491699,0,0,0,14.04035758972168,25769803776,0,17746460672,0
204,1790934464266,4,4,4,4,4,4,4,4,4,4,74.74004364013672,72.9207534790039,72.10890197753906,73.09734344482422,64.8847885131836,74.15412139892578,76.546875,4.761904716491699,0,0,0,0,0,5,0,0,0,14.04035758972168,25769803776,0,17746526208,0
204,1790934464471,4,4,4,4,4,4,4,4,4,4,74.74004364013672,72.9207534790039,72.10890197753906,73.09734344482422,64.8847885131836,74.15412139892578,76.546875,0,0,0,0,0,0,5,4.761904716491699,0,0,14.04035758972168,25769803776,0,17746526208,0
204,1790934464676,4,4,4,4,4,4,4,4,4,4,74.74004364013672,72.9207534790039,72.10890197753906,73.09734344482422,64.8847885131836,74.15412139892578,76.546875,5,0,0,0,0,0,9.090909004211426,0,9.090909004211426,0,13.977510452270508,25769803776,0,17746509824,0
204,1790934464881,4,4,4,4,4,4,4,4,4,4,74.74004364013672,72.9207534790039,72.10890197753906,73.09734344482422,64.8847885131836,74.15412139892578,76.546875,0,4.761904716491699,0,0,0,0,0,5,0,0,13.977510452270508,25769803776,0,17746509824,0
204,1790934465086,4,4,4,4,4,4,4,4,4,4,74.75871276855469,72.83531188964844,72.18463134765625,73.11579895019531,65.01700592041016,74.1961669921875,79.265625,0,0,4.761904716491699,0,0,0,5,0,0,0,13.977510452270508,25769803776,0,17746051072,0
204,1790934465291,4,4,4,4,4,4,4,4,4,4,74.75871276855469,72.83531188964844,72.18463134765625,73.11579895019531,65.01700592041016,74.1961669921875,79.265625,9.090909004211426,0,0,4.761904716491699,0,0,0,5,0,0,13.977510452270508,25769803776,0,17746100224,0
204,1790934465496,4,4,4,4,4,4,4,4,4,4,74.75871276855469,72.83531188964844,72.18463134765625,73.11579895019531,65.01700592041016,74.1961669921875,79.265625,0,4.545454502105713,4.761904716491699,0,0,0,4.761904716491699,0,0,0,14.033023834228516,25769803776,0,17746100224,0
204,1790934465701,4,4,4,4,4,4,4,4,4,4,74.75871276855469,72.83531188964844,72.18463134765625,73.11579895019531,65.01700592041016,74.1961669921875,79.265625,0,0,0,0,0,0,4.761904716491699,0,0,0,14.033023834228516,25769803776,0,17746132992,0
204,1790934465906,4,4,4,4,4,4,4,4,4,4,74.75871276855469,72.83531188964844,72.18463134765625,73.11579895019531,65.01700592041016,74.1961669921875,79.265625,4.761904716491699,0,0,0,0,0,0,5,0,0,14.033023834228516,25769803776,0,17745985536,0
204,1790934466111,4,4,4,4,4,4,4,4,4,4,74.74560546875,72.80255889892578,72.26703643798828,73.1130599975586,65.16864776611328,74.1583480834961,78.078125,0,0,0,0,0,0,5,0,4.761904716491699,0,14.033023834228516,25769803776,0,17745969152,0
204,1790934466316,4,4,4,4,4,4,4,4,4,4,74.74560546875,72.80255889892578,72.26703643798828,73.1130599975586,65.16864776611328,74.1583480834961,78.078125,0,0,0,0,0,0,9.090909004211426,9.090909004211426,0,0,14.033023834228516,25769803776,0,17745969152,0
204,1790934466521,4,4,4,4,4,4,4,4,4,4,74.74560546875,72.80255889892578,72.26703643798828,73.1130599975586,65.16864776611328,74.1583480834961,78.078125,4.761904716491699,0,0,0,0,0,5,0,0,0,13.91627311706543,25769803776,0,17745969152,0
204,1790934466726,4,4,4,4,4,4,4,4,4,4,74.74560546875,72.80255889892578,72.26703643798828,73.1130599975586,65.16864776611328,74.1583480834961,78.078125,0,4.761904716491699,0,0,0,0,5,0,0,0,13.91627311706543,25769803776,0,17746001920,0
204,1790934466931,4,4,4,4,4,4,4,4,4,4,74.74560546875,72.80255889892578,72.26703643798828,73.1130599975586,65.16864776611328,74.1583480834961,78.078125,9.523809432983398,4.761904716491699,0,0,0,0,4.761904716491699,0,0,0,13.91627311706543,25769803776,0,17746001920,0
204,1790934467136,4,4,4,4,4,4,4,4,4,4,74.74479675292969,72.84651184082031,72.06616973876953,73.0985107421875,64.83541870117188,74.15740966796875,76.546875,0,0,0,0,0,0,5,0,4.761904716491699,0,13.91627311706543,25769803776,0,17746001920,0
204,1790934467341,4,4,4,4,4,4,4,4,4,4,74.74479675292969,72.84651184082031,72.06616973876953,73.0985107421875,64.83541870117188,74.15740966796875,76.546875,0,0,0,0,0,0,9.523809432983398,0,0,4.545454502105713,13.91627311706543,25769803776,0,17746001920,0
204,1790934467546,4,4,4,4,4,4,4,4,4,4,74.74479675292969,72.84651184082031,72.06616973876953,73.0985107421875,64.83541870117188,74.15740966796875,76.546875,4.761904716491699,0,0,0,0,0,0,0,0,0,14.003683090209961,25769803776,0,17746001920,0
204,1790934467751,4,4,4,4,4,4,4,4,4,4,74.74479675292969,72.84651184082031,72.06616973876953,73.0985107421875,64.83541870117188,74.15740966796875,76.546875,0,5,0,0,0,0,9.523809432983398,0,0,0,14.003683090209961,25769803776,0,17746051072,0
204,1790934467956,4,4,4,4,4,4,4,4,4,4,74.74479675292969,72.84651184082031,72.06616973876953,73.0985107421875,64.83541870117188,74.15740966796875,76.546875,4.761904716491699,4.545454502105713,0,0,0,0,5,0,0,0,14.003683090209961,25769803776,0,17745838080,0
204,1790934468161,4,4,4,4,4,4,4,4,4,4,74.7387924194336,72.95674896240234,72.09706115722656,73.09487915039063,64.818603515625,74.1760482788086,76.296875,5,0,0,4.761904716491699,4.545454502105713,0,4.761904716491699,4.761904716491699,4.761904716491699,0,14.003683090209961,25769803776,0,17745739776,0
204,1790934468366,4,4,4,4,4,4,4,4,4,4,74.7387924194336,72.95674896240234,72.09706115722656,73.09487915039063,64.818603515625,74.1760482788086,76.296875,0,0,0,0,0,0,5,0,0,0,14.003683090209961,25769803776,0,17745739776,0
204,1790934468571,4,4,4,4,4,4,4,4,4,4,74.7387924194336,72.95674896240234,72.09706115722656,73.09487915039063,64.818603515625,74.1760482788086,76.296875,4.761904716491699,0,0,0,0,0,5,0,0,0,14.008905410766602,25769803776,0,17745772544,0
204,1790934468776,4,4,4,4,4,4,4,4,4,4,74.7387924194336,72.95674896240234,72.09706115722656,73.09487915039063,64.818603515625,74.1760482788086,76.296875,0,0,0,0,4.761904716491699,0,9.090909004211426,4.761904716491699,0,0,14.008905410766602,25769803776,0,17745461248,0
204,1790934468981,4,4,4,4,4,4,4,4,4,4,74.7387924194336,72.95674896240234,72.09706115722656,73.09487915039063,64.818603515625,74.1760482788086,76.296875,4.761904716491699,0,0,0,0,0,0,0,0,0,14.008905410766602,25769803776,0,17747378176,0
204,1790934469186,4,4,4,4,4,4,4,4,4,4,74.70419311523438,72.87258911132813,72.04627990722656,73.07246398925781,64.79064178466797,74.12519073486328,76.546875,4.761904716491699,4.761904716491699,0,0,0,0,4.761904716491699,0,4.761904716491699,0,14.008905410766602,25769803776,0,17745477632,0
202,1790934469391,4,4,4,4,4,4,4,4,4,4,74.70419311523438,72.87258911132813,72.04627990722656,73.07246398925781,64.79064178466797,74.12519073486328,76.546875,5,0,0,0,0,0,9.523809432983398,0,0,0,14.008905410766602,25769803776,0,17745477632,0
204,1790934469594,4,4,4,4,4,4,4,4,4,4,74.70419311523438,72.87258911132813,72.04627990722656,73.07246398925781,64.79064178466797,74.12519073486328,76.546875,0,4.761904716491699,9.090909004211426,0,0,0,0,0,0,0,13.949213027954102,25769803776,0,17745477632,0
204,1790934469799,4,4,4,4,4,4,4,4,4,4,74.70419311523438,72.87258911132813,72.04627990722656,73.07246398925781,64.79064178466797,74.12519073486328,76.546875,4.761904716491699,0,0,0,0,0,9.523809432983398,0,0,0,13.949213027954102,25769803776,0,17745281024,0
204,1790934470004,4,4,4,4,4,4,4,4,4,4,74.70380401611328,72.94508361816406,72.06180572509766,73.07415008544922,64.7741928100586,74.1197738647461,76.546875,0,0,0,0,0,0,4.761904716491699,0,4.761904716491699,4.761904716491699,13.949213027954102,25769803776,0,17745149952,0
204,1790934470209,4,4,4,4,4,4,4,4,4,4,74.70380401611328,72.94508361816406,72.06180572509766,73.07415008544922,64.7741928100586,74.1197738647461,76.546875,4.761904716491699,0,0,0,0,0,9.523809432983398,4.761904716491699,0,0,13.949213027954102,25769803776,0,17745149952,0
204,1790934470414,4,4,4,4,4,4,4,4,4,4,74.70380401611328,72.94508361816406,72.06180572509766,73.07415008544922,64.7741928100586,74.1197738647461,76.546875,0,0,0,0,0,0,5,0,0,0,13.949213027954102,25769803776,0,17745149952,0
204,1790934470619,4,4,4,4,4,4,4,4,4,4,74.70380401611328,72.94508361816406,72.06180572509766,73.07415008544922,64.7741928100586,74.1197738647461,76.546875,9.090909004211426,4.761904716491699,0,0,0,0,4.761904716491699,0,0,0,13.979616165161133,25769803776,0,17745149952,0
204,1790934470824,4,4,4,4,4,4,4,4,4,4,74.70380401611328,72.94508361816406,72.06180572509766,73.07415008544922,64.7741928100586,74.1197738647461,76.546875,0,0,0,0,0,0,5,0,0,0,13.979616165161133,25769803776,0,17745133568,0
204,1790934471029,4,4,4,4,4,4,4,4,4,4,74.68865966796875,72.87531280517578,72.17790985107422,73.07418060302734,64.98873138427734,74.09810638427734,76.546875,0,0,0,0,0,0,4.761904716491699,9.523809432983398,4.545454502105713,0,13.979616165161133,25769803776,0,17745117184,0
204,1790934471234,4,4,4,4,4,4,4,4,4,4,74.68865966796875,72.87531280517578,72.17790985107422,73.07418060302734,64.98873138427734,74.09810638427734,76.546875,4.761904716491699,4.761904716491699,0,0,0,0,0,0,0,4.761904716491699,13.979616165161133,25769803776,0,17745117184,0
204,1790934471439,4,4,4,4,4,4,4,4,4,4,74.68865966796875,72.87531280517578,72.17790985107422,73.07418060302734,64.98873138427734,74.09810638427734,76.546875,0,0,0,0,0,0,4.761904716491699,0,0,0,13.979616165161133,25769803776,0,17745117184,0
204,1790934471644,4,4,4,4,4,4,4,4,4,4,74.68865966796875,72.87531280517578,72.17790985107422,73.07418060302734,64.98873138427734,74.09810638427734,76.546875,4.761904716491699,4.545454502105713,0,0,0,0,9.523809432983398,0,0,0,13.938587188720703,25769803776,0,17745117184,0
204,1790934471849,4,4,4,4,4,4,4,4,4,4,74.68865966796875,72.87531280517578,72.17790985107422,73.07418060302734,64.98873138427734,74.09810638427734,76.546875,0,0,0,0,0,0,5,0,0,0,13.938587188720703,25769803776,0,17745117184,0
204,1790934472054,4,4,4,4,4,4,4,4,4,4,74.74727630615234,72.79168701171875,72.01126098632813,73.09597778320313,64.76216888427734,74.17171478271484,76.546875,0,0,0,0,0,0,9.090909004211426,0,0,0,13.938587188720703,25769803776,0,17745182720,0
203,1790934472259,4,4,4,4,4,4,4,4,4,4,74.74727630615234,72.79168701171875,72.01126098632813,73.09597778320313,64.76216888427734,74.17171478271484,76.546875,5,76.19047546386719,4.761904716491699,0,0,0,0,5,0,0,13.938587188720703,25769803776,0,17745215488,0
204,1790934472463,4,4,4,4,4,4,4,4,4,4,74.74727630615234,72.79168701171875,72.01126098632813,73.09597778320313,64.76216888427734,74.17171478271484,76.546875,4.761904716491699,0,0,0,0,0,0,9.523809432983398,0,0,13.938587188720703,25769803776,0,17745215488,0
204,1790934472668,4,4,4,4,4,4,4,4,4,4,74.74727630615234,72.79168701171875,72.01126098632813,73.09597778320313,64.76216888427734,74.17171478271484,76.546875,0,0,0,0,0,0,0,0,4.761904716491699,0,14.007930755615234,25769803776,0,17745215488,0
204,1790934472873,4,4,4,4,4,4,4,4,4,4,74.74727630615234,72.79168701171875,72.01126098632813,73.09597778320313,64.76216888427734,74.17171478271484,76.546875,4.761904716491699,0,0,0,0,0,0,4.761904716491699,0,0,14.007930755615234,25769803776,0,17744953344,0
200,1790934473078,4,4,4,4,4,4,4,4,4,4,74.71210479736328,72.6202163696289,72.46219635009766,73.09336853027344,65.53907012939453,74.12213897705078,79.5,4.761904716491699,0,0,0,0,0,0,9.523809432983398,0,0,14.007930755615234,25769803776,0,17745362944,0
204,1790934473278,4,4,4,4,4,4,4,4,4,4,74.71210479736328,72.6202163696289,72.46219635009766,73.09336853027344,65.53907012939453,74.12213897705078,79.5,0,0,0,0,0,0,0,0,0,0,14.007930755615234,25769803776,0,17745362944,0
202,1790934473483,4,4,4,4,4,4,4,4,4,4,74.71210479736328,72.6202163696289,72.46219635009766,73.09336853027344,65.53907012939453,74.12213897705078,79.5,4.761904716491699,0,0,0,0,0,4.761904716491699,9.523809432983398,0,0,14.007930755615234,25769803776,0,17745362944,0
204,1790934473686,4,4,4,4,4,4,4,4,4,4,74.71210479736328,72.6202163696289,72.46219635009766,73.09336853027344,65.53907012939453,74.12213897705078,79.5,0,4.761904716491699,0,0,0,0,0,5,0,0,14.096660614013672,25769803776,0,17745362944,0
204,1790934473891,4,4,4,4,4,4,4,4,4,4,74.71210479736328,72.6202163696289,72.46219635009766,73.09336853027344,65.53907012939453,74.12213897705078,79.5,5,4.761904716491699,0,9.090909004211426,0,4.761904716491699,0,9.523809432983398,0,0,14.096660614013672,25769803776,0,17745346560,0
9,1790934474096,4,4,4,4,4,4,4,4,4,4,74.68162536621094,72.51081848144531,72.52790069580078,73.06884765625,65.70310974121094,74.0932846069336,76.546875,4.761904716491699,0,0,0,0,0,0,10,0,0,14.096660614013672,25769803776,0,17724571648,0
