Delta,Time,CPU_FREQUENCY_0,CPU_FREQUENCY_1,CPU_FREQUENCY_2,CPU_FREQUENCY_3,CPU_FREQUENCY_4,CPU_FREQUENCY_5,CPU_FREQUENCY_6,CPU_FREQUENCY_7,CPU_FREQUENCY_8,CPU_FREQUENCY_9,CPU_TEMP_0,CPU_TEMP_1,CPU_TEMP_2,CPU_TEMP_3,CPU_TEMP_4,CPU_TEMP_5,CPU_TEMP_6,CPU_USAGE_0,CPU_USAGE_1,CPU_USAGE_2,CPU_USAGE_3,CPU_USAGE_4,CPU_USAGE_5,CPU_USAGE_6,CPU_USAGE_7,CPU_USAGE_8,CPU_USAGE_9,SYSTEM_POWER (Watts),TOTAL_MEMORY,TOTAL_SWAP,USED_MEMORY,USED_SWAP
0,1790936243961,4,4,4,4,4,4,4,4,4,4,64.03202056884766,64.00020599365234,63.882747650146484,63.499088287353516,56.984718322753906,64.12561798095703,71.296875,50,0,0,0,0,0,0,0,0,0,2.8266654014587402,25769803776,0,18325389312,0
204,1790936243961,4,4,4,4,4,4,4,4,4,4,64.03202056884766,64.00020599365234,63.882747650146484,63.499088287353516,56.984718322753906,64.12561798095703,71.296875,NaN,0,0,0,0,0,0,0,0,0,2.8266654014587402,25769803776,0,18327060480,0
204,1790936244166,4,4,4,4,4,4,4,4,4,4,63.81354904174805,64.2922592163086,63.794166564941406,63.15376663208008,56.787261962890625,63.826904296875,70.8125,5,0,4.761904716491699,0,0,0,38.095237731933594,5,0,0,2.8266654014587402,25769803776,0,18359156736,0
204,1790936244371,4,4,4,4,4,4,4,4,4,4,63.81354904174805,64.2922592163086,63.794166564941406,63.15376663208008,56.787261962890625,63.826904296875,70.8125,4.761904716491699,0,0,0,0,0,0,0,0,0,2.8266654014587402,25769803776,0,18359156736,0
201,1790936244576,4,4,4,4,4,4,4,4,4,4,63.81354904174805,64.2922592163086,63.794166564941406,63.15376663208008,56.787261962890625,63.826904296875,70.8125,0,0,0,0,0,0,5,0,0,0,2.8367815017700195,25769803776,0,18359156736,0
204,1790936244778,4,4,4,4,4,4,4,4,4,4,63.81354904174805,64.2922592163086,63.794166564941406,63.15376663208008,56.787261962890625,63.826904296875,70.8125,4.761904716491699,4.761904716491699,0,0,0,0,9.090909004211426,0,0,0,2.8367815017700195,25769803776,0,18348769280,0
204,1790936244983,4,4,4,4,4,4,4,4,4,4,63.81354904174805,64.2922592163086,63.794166564941406,63.15376663208008,56.787261962890625,63.826904296875,70.8125,0,0,0,0,4.761904716491699,0,5,0,4.761904716491699,0,2.8367815017700195,25769803776,0,18348638208,0
204,1790936245188,4,4,4,4,4,4,4,4,4,4,73.11617279052734,68.10918426513672,67.15619659423828,70.7373046875,60.149169921875,72.14043426513672,75.125,5,4.761904716491699,0,0,0,0,5,0,0,0,2.8367815017700195,25769803776,0,18348638208,0
204,1790936245393,4,4,4,4,4,4,4,4,4,4,73.11617279052734,68.10918426513672,67.15619659423828,70.7373046875,60.149169921875,72.14043426513672,75.125,0,0,0,0,0,0,9.523809432983398,0,0,0,2.8367815017700195,25769803776,0,18348638208,0
204,1790936245598,4,4,4,4,4,4,4,4,4,4,73.11617279052734,68.10918426513672,67.15619659423828,70.7373046875,60.149169921875,72.14043426513672,75.125,0,0,0,0,0,0,5,4.761904716491699,0,0,17.696369171142578,25769803776,0,18348638208,0
204,1790936245803,4,4,4,4,4,4,4,4,4,4,73.11617279052734,68.10918426513672,67.15619659423828,70.7373046875,60.149169921875,72.14043426513672,75.125,4.761904716491699,0,0,0,0,0,4.761904716491699,0,0,0,17.696369171142578,25769803776,0,18336137216,0
204,1790936246008,4,4,4,4,4,4,4,4,4,4,73.11617279052734,68.10918426513672,67.15619659423828,70.7373046875,60.149169921875,72.14043426513672,75.125,0,4.761904716491699,4.545454502105713,0,0,0,5,0,0,0,17.696369171142578,25769803776,0,18335842304,0
204,1790936246213,4,4,4,4,4,4,4,4,4,4,74.606201171875,70.3945541381836,69.52098083496094,72.4098129272461,62.27305603027344,73.71561431884766,75.359375,0,0,4.761904716491699,4.761904716491699,0,0,5,0,0,0,17.696369171142578,25769803776,0,18323177472,0
204,1790936246418,4,4,4,4,4,4,4,4,4,4,74.606201171875,70.3945541381836,69.52098083496094,72.4098129272461,62.27305603027344,73.71561431884766,75.359375,9.090909004211426,0,0,0,0,0,9.090909004211426,0,0,0,17.696369171142578,25769803776,0,18323177472,0
204,1790936246623,4,4,4,4,4,4,4,4,4,4,74.606201171875,70.3945541381836,69.52098083496094,72.4098129272461,62.27305603027344,73.71561431884766,75.359375,0,38.095237731933594,0,0,0,0,0,0,4.761904716491699,0,19.39325714111328,25769803776,0,18325094400,0
204,1790936246828,4,4,4,4,4,4,4,4,4,4,74.606201171875,70.3945541381836,69.52098083496094,72.4098129272461,62.27305603027344,73.71561431884766,75.359375,5,30.000001907348633,0,0,4.761904716491699,0,5,0,0,0,19.39325714111328,25769803776,0,18322751488,0
202,1790936247033,4,4,4,4,4,4,4,4,4,4,74.109130859375,70.75431823730469,69.95978546142578,72.08734893798828,62.89618682861328,73.34127044677734,76.0625,9.523809432983398,9.523809432983398,5,0,0,0,9.523809432983398,10,0,4.545454502105713,19.39325714111328,25769803776,0,18322751488,0
204,1790936247236,4,4,4,4,4,4,4,4,4,4,74.109130859375,70.75431823730469,69.95978546142578,72.08734893798828,62.89618682861328,73.34127044677734,76.0625,10,5,9.523809432983398,0,0,0,9.523809432983398,4.761904716491699,0,0,19.39325714111328,25769803776,0,18322751488,0
204,1790936247441,4,4,4,4,4,4,4,4,4,4,74.109130859375,70.75431823730469,69.95978546142578,72.08734893798828,62.89618682861328,73.34127044677734,76.0625,5,4.761904716491699,0,4.761904716491699,0,0,5,0,0,0,19.39325714111328,25769803776,0,18322751488,0
204,1790936247646,4,4,4,4,4,4,4,4,4,4,74.109130859375,70.75431823730469,69.95978546142578,72.08734893798828,62.89618682861328,73.34127044677734,76.0625,9.523809432983398,5,0,0,0,0,0,0,0,0,16.294668197631836,25769803776,0,18322751488,0
204,1790936247851,4,4,4,4,4,4,4,4,4,4,74.109130859375,70.75431823730469,69.95978546142578,72.08734893798828,62.89618682861328,73.34127044677734,76.0625,9.523809432983398,4.761904716491699,0,0,0,0,9.523809432983398,0,0,0,16.294668197631836,25769803776,0,18342117376,0
204,1790936248056,4,4,4,4,4,4,4,4,4,4,72.90972900390625,70.70149230957031,69.92401885986328,71.17537689208984,62.71174621582031,72.38031768798828,75.359375,0,5,0,0,0,0,4.761904716491699,0,0,0,16.294668197631836,25769803776,0,18342215680,0
204,1790936248261,4,4,4,4,4,4,4,4,4,4,72.90972900390625,70.70149230957031,69.92401885986328,71.17537689208984,62.71174621582031,72.38031768798828,75.359375,4.761904716491699,0,0,0,0,0,5,0,0,0,16.294668197631836,25769803776,0,18342297600,0
204,1790936248466,4,4,4,4,4,4,4,4,4,4,72.90972900390625,70.70149230957031,69.92401885986328,71.17537689208984,62.71174621582031,72.38031768798828,75.359375,4.761904716491699,0,0,0,0,0,9.523809432983398,0,0,0,16.294668197631836,25769803776,0,18342232064,0
204,1790936248671,4,4,4,4,4,4,4,4,4,4,72.90972900390625,70.70149230957031,69.92401885986328,71.17537689208984,62.71174621582031,72.38031768798828,75.359375,0,0,4.545454502105713,0,0,0,4.761904716491699,0,4.761904716491699,0,13.184473037719727,25769803776,0,18342232064,0
204,1790936248876,4,4,4,4,4,4,4,4,4,4,72.90972900390625,70.70149230957031,69.92401885986328,71.17537689208984,62.71174621582031,72.38031768798828,75.359375,4.761904716491699,4.761904716491699,0,0,0,0,0,0,0,0,13.184473037719727,25769803776,0,18342117376,0
204,1790936249081,4,4,4,4,4,4,4,4,4,4,74.18183898925781,70.9570541381836,70.12863159179688,72.1763916015625,62.959739685058594,73.36395263671875,75.828125,0,0,0,0,0,0,9.523809432983398,0,0,0,13.184473037719727,25769803776,0,18335727616,0
199,1790936249286,4,4,4,4,4,4,4,4,4,4,74.18183898925781,70.9570541381836,70.12863159179688,72.1763916015625,62.959739685058594,73.36395263671875,75.828125,0,0,0,0,0,0,4.761904716491699,4.761904716491699,0,0,13.184473037719727,25769803776,0,18321014784,0
204,1790936249486,4,4,4,4,4,4,4,4,4,4,74.18183898925781,70.9570541381836,70.12863159179688,72.1763916015625,62.959739685058594,73.36395263671875,75.828125,5,0,0,0,0,0,5.263157844543457,0,0,0,13.184473037719727,25769803776,0,18320785408,0
204,1790936249691,4,4,4,4,4,4,4,4,4,4,74.18183898925781,70.9570541381836,70.12863159179688,72.1763916015625,62.959739685058594,73.36395263671875,75.828125,0,4.761904716491699,0,0,4.545454502105713,0,9.090909004211426,4.761904716491699,0,0,14.913497924804688,25769803776,0,18320785408,0
204,1790936249896,4,4,4,4,4,4,4,4,4,4,74.18183898925781,70.9570541381836,70.12863159179688,72.1763916015625,62.959739685058594,73.36395263671875,75.828125,0,0,0,0,0,0,0,0,0,0,14.913497924804688,25769803776,0,18320785408,0
204,1790936250101,4,4,4,4,4,4,4,4,4,4,74.81111145019531,71.4691162109375,70.74528503417969,72.8510513305664,63.485137939453125,74.03409576416016,76.0625,0,0,0,0,0,0,5,0,0,0,14.913497924804688,25769803776,0,18320687104,0
204,1790936250306,4,4,4,4,4,4,4,4,4,4,74.81111145019531,71.4691162109375,70.74528503417969,72.8510513305664,63.485137939453125,74.03409576416016,76.0625,4.761904716491699,0,0,0,0,0,9.090909004211426,0,0,0,14.913497924804688,25769803776,0,18320687104,0
204,1790936250511,4,4,4,4,4,4,4,4,4,4,74.81111145019531,71.4691162109375,70.74528503417969,72.8510513305664,63.485137939453125,74.03409576416016,76.0625,0,0,0,0,0,0,4.761904716491699,0,0,0,14.913497924804688,25769803776,0,18322538496,0
204,1790936250716,4,4,4,4,4,4,4,4,4,4,74.81111145019531,71.4691162109375,70.74528503417969,72.8510513305664,63.485137939453125,74.03409576416016,76.0625,0,0,4.545454502105713,0,0,0,0,0,0,0,15.692647933959961,25769803776,0,18320687104,0
201,1790936250921,4,4,4,4,4,4,4,4,4,4,74.81111145019531,71.4691162109375,70.74528503417969,72.8510513305664,63.485137939453125,74.03409576416016,76.0625,0,4.761904716491699,0,0,0,0,4.761904716491699,0,0,0,15.692647933959961,25769803776,0,18320687104,0
204,1790936251122,4,4,4,4,4,4,4,4,4,4,74.98857116699219,71.84144592285156,71.09078216552734,73.11988067626953,63.72718811035156,74.21292114257813,76.296875,4.761904716491699,4.761904716491699,0,0,0,0,9.523809432983398,0,0,0,15.692647933959961,25769803776,0,18320687104,0
204,1790936251327,4,4,4,4,4,4,4,4,4,4,74.98857116699219,71.84144592285156,71.09078216552734,73.11988067626953,63.72718811035156,74.21292114257813,76.296875,5,0,0,0,0,0,0,4.545454502105713,4.761904716491699,0,15.692647933959961,25769803776,0,18320687104,0
204,1790936251532,4,4,4,4,4,4,4,4,4,4,74.98857116699219,71.84144592285156,71.09078216552734,73.11988067626953,63.72718811035156,74.21292114257813,76.296875,0,0,0,0,0,0,9.523809432983398,0,0,0,15.399978637695313,25769803776,0,18320670720,0
204,1790936251737,4,4,4,4,4,4,4,4,4,4,74.98857116699219,71.84144592285156,71.09078216552734,73.11988067626953,63.72718811035156,74.21292114257813,76.296875,4.761904716491699,4.761904716491699,0,0,0,0,4.761904716491699,0,0,0,15.399978637695313,25769803776,0,18320687104,0
204,1790936251942,4,4,4,4,4,4,4,4,4,4,74.98857116699219,71.84144592285156,71.09078216552734,73.11988067626953,63.72718811035156,74.21292114257813,76.296875,0,0,0,4.761904716491699,0,0,5,0,0,0,15.399978637695313,25769803776,0,18320654336,0
204,1790936252147,4,4,4,4,4,4,4,4,4,4,75.20301055908203,72.08784484863281,71.31648254394531,73.22164154052734,63.881263732910156,74.39864349365234,76.296875,0,0,4.545454502105713,0,0,0,9.523809432983398,0,0,0,15.399978637695313,25769803776,0,18320572416,0
204,1790936252352,4,4,4,4,4,4,4,4,4,4,75.20301055908203,72.08784484863281,71.31648254394531,73.22164154052734,63.881263732910156,74.39864349365234,76.296875,4.761904716491699,0,0,0,0,0,4.761904716491699,0,0,0,15.399978637695313,25769803776,0,18320588800,0
204,1790936252557,4,4,4,4,4,4,4,4,4,4,75.20301055908203,72.08784484863281,71.31648254394531,73.22164154052734,63.881263732910156,74.39864349365234,76.296875,0,0,0,0,0,0,0,4.761904716491699,0,0,15.06696891784668,25769803776,0,18320539648,0
201,1790936252762,4,4,4,4,4,4,4,4,4,4,75.20301055908203,72.08784484863281,71.31648254394531,73.22164154052734,63.881263732910156,74.39864349365234,76.296875,4.761904716491699,0,0,0,0,0,5,0,0,0,15.06696891784668,25769803776,0,18320539648,0
200,1790936252964,4,4,4,4,4,4,4,4,4,4,75.20301055908203,72.08784484863281,71.31648254394531,73.22164154052734,63.881263732910156,74.39864349365234,76.296875,4.761904716491699,0,0,0,0,0,0,5,0,0,15.06696891784668,25769803776,0,18320556032,0
204,1790936253165,4,4,4,4,4,4,4,4,4,4,75.39437103271484,72.26445007324219,71.8035888671875,73.54883575439453,64.56160736083984,74.65019989013672,76.78125,0,5,0,0,5,0,9.523809432983398,4.761904716491699,0,0,15.06696891784668,25769803776,0,18320556032,0
204,1790936253370,4,4,4,4,4,4,4,4,4,4,75.39437103271484,72.26445007324219,71.8035888671875,73.54883575439453,64.56160736083984,74.65019989013672,76.78125,4.761904716491699,4.761904716491699,0,0,0,0,0,0,4.761904716491699,0,15.06696891784668,25769803776,0,18320670720,0
204,1790936253575,4,4,4,4,4,4,4,4,4,4,75.39437103271484,72.26445007324219,71.8035888671875,73.54883575439453,64.56160736083984,74.65019989013672,76.78125,0,0,0,0,0,0,4.761904716491699,0,0,0,15.227469444274902,25769803776,0,18320457728,0
204,1790936253780,4,4,4,4,4,4,4,4,4,4,75.39437103271484,72.26445007324219,71.8035888671875,73.54883575439453,64.56160736083984,74.65019989013672,76.78125,0,0,0,0,0,0,9.523809432983398,0,0,0,15.227469444274902,25769803776,0,18320457728,0
204,1790936253985,4,4,4,4,4,4,4,4,4,4,75.39437103271484,72.26445007324219,71.8035888671875,73.54883575439453,64.56160736083984,74.65019989013672,76.78125,5,0,0,0,0,0,5,0,4.761904716491699,0,15.227469444274902,25769803776,0,18314231808,0
204,1790936254190,4,4,4,4,4,4,4,4,4,4,75.6035385131836,72.70746612548828,71.82971954345703,73.73680114746094,64.5471420288086,75.03983306884766,77.015625,4.761904716491699,0,0,0,0,0,4.761904716491699,0,0,0,15.227469444274902,25769803776,0,18314231808,0
204,1790936254395,4,4,4,4,4,4,4,4,4,4,75.6035385131836,72.70746612548828,71.82971954345703,73.73680114746094,64.5471420288086,75.03983306884766,77.015625,4.761904716491699,4.761904716491699,4.761904716491699,0,0,0,0,4.761904716491699,0,0,15.227469444274902,25769803776,0,18314231808,0
201,1790936254600,4,4,4,4,4,4,4,4,4,4,75.6035385131836,72.70746612548828,71.82971954345703,73.73680114746094,64.5471420288086,75.03983306884766,77.015625,0,4.761904716491699,0,0,0,0,9.523809432983398,0,0,0,15.243053436279297,25769803776,0,18314231808,0
204,1790936254801,4,4,4,4,4,4,4,4,4,4,75.6035385131836,72.70746612548828,71.82971954345703,73.73680114746094,64.5471420288086,75.03983306884766,77.015625,5,5,0,0,0,0,0,0,0,0,15.243053436279297,25769803776,0,18314231808,0
204,1790936255006,4,4,4,4,4,4,4,4,4,4,75.6035385131836,72.70746612548828,71.82971954345703,73.73680114746094,64.5471420288086,75.03983306884766,77.015625,0,0,0,4.545454502105713,0,0,4.761904716491699,0,0,0,15.243053436279297,25769803776,0,18305449984,0
204,1790936255211,4,4,4,4,4,4,4,4,4,4,75.7513656616211,72.81083679199219,71.99421691894531,73.8665771484375,64.78181457519531,75.19225311279297,77.015625,9.523809432983398,0,0,0,0,0,9.523809432983398,0,0,0,15.243053436279297,25769803776,0,18305449984,0
204,1790936255416,4,4,4,4,4,4,4,4,4,4,75.7513656616211,72.81083679199219,71.99421691894531,73.8665771484375,64.78181457519531,75.19225311279297,77.015625,4.761904716491699,0,0,0,0,0,5,0,0,0,15.243053436279297,25769803776,0,18305597440,0
204,1790936255621,4,4,4,4,4,4,4,4,4,4,75.7513656616211,72.81083679199219,71.99421691894531,73.8665771484375,64.78181457519531,75.19225311279297,77.015625,0,0,0,0,0,0,5,0,0,0,15.409244537353516,25769803776,0,18305646592,0
204,1790936255826,4,4,4,4,4,4,4,4,4,4,75.7513656616211,72.81083679199219,71.99421691894531,73.8665771484375,64.78181457519531,75.19225311279297,77.015625,0,0,0,0,0,0,9.090909004211426,0,0,0,15.409244537353516,25769803776,0,18305646592,0
204,1790936256031,4,4,4,4,4,4,4,4,4,4,76.10052490234375,73.13701629638672,72.22577667236328,74.0877456665039,65.0288314819336,75.32675170898438,79.25,4.761904716491699,4.545454502105713,0,0,0,0,5,0,0,0,15.409244537353516,25769803776,0,18305335296,0
204,1790936256236,4,4,4,4,4,4,4,4,4,4,76.10052490234375,73.13701629638672,72.22577667236328,74.0877456665039,65.0288314819336,75.32675170898438,79.25,5,0,4.761904716491699,0,0,0,0,4.761904716491699,0,0,15.409244537353516,25769803776,0,18292621312,0
204,1790936256441,4,4,4,4,4,4,4,4,4,4,76.10052490234375,73.13701629638672,72.22577667236328,74.0877456665039,65.0288314819336,75.32675170898438,79.25,0,0,0,0,0,0,9.090909004211426,0,0,0,15.409244537353516,25769803776,0,18292195328,0
204,1790936256646,4,4,4,4,4,4,4,4,4,4,76.10052490234375,73.13701629638672,72.22577667236328,74.0877456665039,65.0288314819336,75.32675170898438,79.25,0,0,0,0,0,0,5,0,4.761904716491699,0,15.406002044677734,25769803776,0,18292195328,0
204,1790936256851,4,4,4,4,4,4,4,4,4,4,76.10052490234375,73.13701629638672,72.22577667236328,74.0877456665039,65.0288314819336,75.32675170898438,79.25,4.761904716491699,4.761904716491699,0,0,0,0,5,0,0,0,15.406002044677734,25769803776,0,18292195328,0
201,1790936257056,4,4,4,4,4,4,4,4,4,4,76.38284301757813,73.32858276367188,72.44602966308594,74.40174865722656,65.26952362060547,75.60762786865234,77.484375,5,4.761904716491699,0,0,0,0,4.761904716491699,0,0,0,15.406002044677734,25769803776,0,18291867648,0
204,1790936257258,4,4,4,4,4,4,4,4,4,4,76.38284301757813,73.32858276367188,72.44602966308594,74.40174865722656,65.26952362060547,75.60762786865234,77.484375,4.761904716491699,0,0,0,0,0,5,0,0,0,15.406002044677734,25769803776,0,18291867648,0
204,1790936257463,4,4,4,4,4,4,4,4,4,4,76.38284301757813,73.32858276367188,72.44602966308594,74.40174865722656,65.26952362060547,75.60762786865234,77.484375,0,0,0,0,0,0,5,0,0,0,15.406002044677734,25769803776,0,18291867648,0
204,1790936257668,4,4,4,4,4,4,4,4,4,4,76.38284301757813,73.32858276367188,72.44602966308594,74.40174865722656,65.26952362060547,75.60762786865234,77.484375,4.761904716491699,4.761904716491699,4.761904716491699,0,0,4.761904716491699,5,0,0,0,15.50387191772461,25769803776,0,18291867648,0
204,1790936257873,4,4,4,4,4,4,4,4,4,4,76.38284301757813,73.32858276367188,72.44602966308594,74.40174865722656,65.26952362060547,75.60762786865234,77.484375,5,5,0,0,0,0,9.090909004211426,0,0,0,15.50387191772461,25769803776,0,18291867648,0
204,1790936258078,4,4,4,4,4,4,4,4,4,4,76.71749114990234,73.52837371826172,72.77642059326172,74.71630859375,65.51246643066406,76.0114974975586,77.953125,0,0,0,0,0,0,5,0,0,0,15.50387191772461,25769803776,0,18290671616,0
203,1790936258283,4,4,4,4,4,4,4,4,4,4,76.71749114990234,73.52837371826172,72.77642059326172,74.71630859375,65.51246643066406,76.0114974975586,77.953125,4.761904716491699,0,0,4.761904716491699,4.545454502105713,0,0,0,0,0,15.50387191772461,25769803776,0,18290671616,0
204,1790936258487,4,4,4,4,4,4,4,4,4,4,76.71749114990234,73.52837371826172,72.77642059326172,74.71630859375,65.51246643066406,76.0114974975586,77.953125,0,0,0,0,0,0,4.761904716491699,4.761904716491699,0,0,15.50387191772461,25769803776,0,18290671616,0
204,1790936258692,4,4,4,4,4,4,4,4,4,4,76.71749114990234,73.52837371826172,72.77642059326172,74.71630859375,65.51246643066406,76.0114974975586,77.953125,0,0,0,0,0,0,5,0,0,0,15.721054077148438,25769803776,0,18290671616,0
204,1790936258897,4,4,4,4,4,4,4,4,4,4,76.71749114990234,73.52837371826172,72.77642059326172,74.71630859375,65.51246643066406,76.0114974975586,77.953125,4.761904716491699,0,4.545454502105713,0,0,0,5,0,0,0,15.721054077148438,25769803776,0,18290671616,0
200,1790936259101,4,4,4,4,4,4,4,4,4,4,76.90239715576172,73.81389617919922,73.00020599365234,75.00273895263672,65.67788696289063,76.22211456298828,77.953125,0,4.761904716491699,0,0,0,0,4.761904716491699,0,0,0,15.721054077148438,25769803776,0,18289655808,0
204,1790936259302,4,4,4,4,4,4,4,4,4,4,76.90239715576172,73.81389617919922,73.00020599365234,75.00273895263672,65.67788696289063,76.22211456298828,77.953125,9.523809432983398,5,4.761904716491699,0,0,0,9.523809432983398,0,4.761904716491699,0,15.721054077148438,25769803776,0,18289606656,0
204,1790936259507,4,4,4,4,4,4,4,4,4,4,76.90239715576172,73.81389617919922,73.00020599365234,75.00273895263672,65.67788696289063,76.22211456298828,77.953125,0,0,0,0,0,0,5,0,0,0,15.721054077148438,25769803776,0,18289606656,0
204,1790936259712,4,4,4,4,4,4,4,4,4,4,76.90239715576172,73.81389617919922,73.00020599365234,75.00273895263672,65.67788696289063,76.22211456298828,77.953125,0,0,0,0,0,0,0,9.523809432983398,0,0,15.740874290466309,25769803776,0,18289606656,0
204,1790936259917,4,4,4,4,4,4,4,4,4,4,76.90239715576172,73.81389617919922,73.00020599365234,75.00273895263672,65.67788696289063,76.22211456298828,77.953125,4.761904716491699,0,0,0,4.545454502105713,0,9.523809432983398,0,0,0,15.740874290466309,25769803776,0,18289606656,0
204,1790936260122,4,4,4,4,4,4,4,4,4,4,76.86740112304688,73.85778045654297,73.2188720703125,75.03276062011719,65.99243927001953,76.25675964355469,80.671875,0,0,0,0,0,0,5,0,0,0,15.740874290466309,25769803776,0,18289131520,0
203,1790936260327,4,4,4,4,4,4,4,4,4,4,76.86740112304688,73.85778045654297,73.2188720703125,75.03276062011719,65.99243927001953,76.25675964355469,80.671875,0,4.545454502105713,0,0,0,0,4.761904716491699,0,0,0,15.740874290466309,25769803776,0,18288984064,0
204,1790936260531,4,4,4,4,4,4,4,4,4,4,76.86740112304688,73.85778045654297,73.2188720703125,75.03276062011719,65.99243927001953,76.25675964355469,80.671875,4.761904716491699,0,0,0,0,0,5.263157844543457,4.761904716491699,0,0,15.239521026611328,25769803776,0,18288984064,0
204,1790936260736,4,4,4,4,4,4,4,4,4,4,76.86740112304688,73.85778045654297,73.2188720703125,75.03276062011719,65.99243927001953,76.25675964355469,80.671875,0,0,0,0,0,0,9.090909004211426,0,0,0,15.239521026611328,25769803776,0,18288984064,0
202,1790936260941,4,4,4,4,4,4,4,4,4,4,76.86740112304688,73.85778045654297,73.2188720703125,75.03276062011719,65.99243927001953,76.25675964355469,80.671875,4.761904716491699,0,0,0,0,0,5,0,0,0,15.239521026611328,25769803776,0,18288984064,0
200,1790936261143,4,4,4,4,4,4,4,4,4,4,77.57496643066406,74.6623764038086,73.75045013427734,75.73661804199219,66.48834228515625,77.26947784423828,79.140625,5,0,0,0,0,0,9.523809432983398,0,4.761904716491699,0,15.239521026611328,25769803776,0,18288885760,0
204,1790936261344,4,4,4,4,4,4,4,4,4,4,77.57496643066406,74.6623764038086,73.75045013427734,75.73661804199219,66.48834228515625,77.26947784423828,79.140625,0,0,0,0,0,0,5,0,4.761904716491699,0,15.239521026611328,25769803776,0,18288787456,0
204,1790936261549,4,4,4,4,4,4,4,4,4,4,77.57496643066406,74.6623764038086,73.75045013427734,75.73661804199219,66.48834228515625,77.26947784423828,79.140625,4.761904716491699,0,0,0,0,0,5,4.545454502105713,0,0,19.754056930541992,25769803776,0,18288754688,0
204,1790936261754,4,4,4,4,4,4,4,4,4,4,77.57496643066406,74.6623764038086,73.75045013427734,75.73661804199219,66.48834228515625,77.26947784423828,79.140625,0,9.090909004211426,0,4.761904716491699,0,0,9.523809432983398,0,0,0,19.754056930541992,25769803776,0,18288934912,0
204,1790936261959,4,4,4,4,4,4,4,4,4,4,77.57496643066406,74.6623764038086,73.75045013427734,75.73661804199219,66.48834228515625,77.26947784423828,79.140625,4.761904716491699,0,0,0,0,0,0,0,0,0,19.754056930541992,25769803776,0,18288934912,0
204,1790936262164,4,4,4,4,4,4,4,4,4,4,77.35499572753906,74.81952667236328,73.92659759521484,75.57044219970703,66.67264556884766,77.03456115722656,81.859375,4.761904716491699,0,0,0,0,0,5,0,0,0,19.754056930541992,25769803776,0,18288869376,0
204,1790936262369,4,4,4,4,4,4,4,4,4,4,77.35499572753906,74.81952667236328,73.92659759521484,75.57044219970703,66.67264556884766,77.03456115722656,81.859375,0,0,0,0,0,0,9.090909004211426,0,0,0,19.754056930541992,25769803776,0,18288885760,0
204,1790936262574,4,4,4,4,4,4,4,4,4,4,77.35499572753906,74.81952667236328,73.92659759521484,75.57044219970703,66.67264556884766,77.03456115722656,81.859375,9.090909004211426,4.761904716491699,4.761904716491699,0,0,0,0,0,4.545454502105713,0,18.80899429321289,25769803776,0,18288918528,0
204,1790936262779,4,4,4,4,4,4,4,4,4,4,77.35499572753906,74.81952667236328,73.92659759521484,75.57044219970703,66.67264556884766,77.03456115722656,81.859375,0,4.761904716491699,0,0,0,0,5,0,0,0,18.80899429321289,25769803776,0,18288918528,0
204,1790936262984,4,4,4,4,4,4,4,4,4,4,77.35499572753906,74.81952667236328,73.92659759521484,75.57044219970703,66.67264556884766,77.03456115722656,81.859375,0,0,4.545454502105713,0,0,0,9.090909004211426,4.761904716491699,0,0,18.80899429321289,25769803776,0,18288918528,0
204,1790936263189,4,4,4,4,4,4,4,4,4,4,75.71874237060547,73.97431182861328,73.32318878173828,74.0158462524414,65.99722290039063,75.28540802001953,77.71875,4.761904716491699,0,0,0,0,0,5,0,0,0,18.80899429321289,25769803776,0,18288525312,0
204,1790936263394,4,4,4,4,4,4,4,4,4,4,75.71874237060547,73.97431182861328,73.32318878173828,74.0158462524414,65.99722290039063,75.28540802001953,77.71875,0,0,0,0,0,4.545454502105713,9.523809432983398,0,0,0,18.80899429321289,25769803776,0,18288623616,0
201,1790936263599,4,4,4,4,4,4,4,4,4,4,75.71874237060547,73.97431182861328,73.32318878173828,74.0158462524414,65.99722290039063,75.28540802001953,77.71875,0,0,0,0,0,0,0,4.545454502105713,4.761904716491699,0,14.353639602661133,25769803776,0,18288574464,0
204,1790936263800,4,4,4,4,4,4,4,4,4,4,75.71874237060547,73.97431182861328,73.32318878173828,74.0158462524414,65.99722290039063,75.28540802001953,77.71875,0,0,0,0,0,0,5,0,0,0,14.353639602661133,25769803776,0,18288525312,0
202,1790936264005,4,4,4,4,4,4,4,4,4,4,75.71874237060547,73.97431182861328,73.32318878173828,74.0158462524414,65.99722290039063,75.28540802001953,77.71875,4.761904716491699,0,0,0,0,0,9.523809432983398,0,0,0,14.353639602661133,25769803776,0,18288525312,0
204,1790936264208,4,4,4,4,4,4,4,4,4,4,75.6051025390625,73.79781341552734,73.04000091552734,73.85025024414063,65.67146301269531,75.2286376953125,77.484375,0,4.761904716491699,0,0,0,0,5,0,0,0,14.353639602661133,25769803776,0,18288574464,0
204,1790936264413,4,4,4,4,4,4,4,4,4,4,75.6051025390625,73.79781341552734,73.04000091552734,73.85025024414063,65.67146301269531,75.2286376953125,77.484375,4.761904716491699,0,0,0,0,0,9.523809432983398,0,0,0,14.353639602661133,25769803776,0,18288558080,0
204,1790936264618,4,4,4,4,4,4,4,4,4,4,75.6051025390625,73.79781341552734,73.04000091552734,73.85025024414063,65.67146301269531,75.2286376953125,77.484375,0,4.761904716491699,0,0,0,0,5,0,0,0,14.289327621459961,25769803776,0,18288558080,0
204,1790936264822,4,4,4,4,4,4,4,4,4,4,75.6051025390625,73.79781341552734,73.04000091552734,73.85025024414063,65.67146301269531,75.2286376953125,77.484375,0,0,0,0,0,0,9.090909004211426,0,0,0,14.289327621459961,25769803776,0,18288459776,0
204,1790936265027,4,4,4,4,4,4,4,4,4,4,75.88207244873047,74.0070571899414,73.13359832763672,74.03205871582031,65.77021026611328,75.34830474853516,77.484375,0,0,4.545454502105713,0,0,0,0,4.761904716491699,9.090909004211426,0,14.289327621459961,25769803776,0,18282168320,0
204,1790936265232,4,4,4,4,4,4,4,4,4,4,75.88207244873047,74.0070571899414,73.13359832763672,74.03205871582031,65.77021026611328,75.34830474853516,77.484375,4.761904716491699,0,0,4.545454502105713,0,0,9.523809432983398,0,0,0,14.289327621459961,25769803776,0,18282168320,0
204,1790936265437,4,4,4,4,4,4,4,4,4,4,75.88207244873047,74.0070571899414,73.13359832763672,74.03205871582031,65.77021026611328,75.34830474853516,77.484375,4.761904716491699,0,0,0,0,0,5,0,0,0,14.289327621459961,25769803776,0,18282168320,0
204,1790936265642,4,4,4,4,4,4,4,4,4,4,75.88207244873047,74.0070571899414,73.13359832763672,74.03205871582031,65.77021026611328,75.34830474853516,77.484375,0,0,0,0,0,0,9.523809432983398,0,0,0,15.771184921264648,25769803776,0,18282168320,0
204,1790936265847,4,4,4,4,4,4,4,4,4,4,75.88207244873047,74.0070571899414,73.13359832763672,74.03205871582031,65.77021026611328,75.34830474853516,77.484375,4.761904716491699,0,0,0,0,0,0,0,0,0,15.771184921264648,25769803776,0,18282168320,0
204,1790936266052,4,4,4,4,4,4,4,4,4,4,75.99061584472656,73.87771606445313,73.26287078857422,74.17182922363281,65.9982681274414,75.42203521728516,77.484375,0,0,0,0,0,0,0,9.090909004211426,0,0,15.771184921264648,25769803776,0,18282168320,0
204,1790936266257,4,4,4,4,4,4,4,4,4,4,75.99061584472656,73.87771606445313,73.26287078857422,74.17182922363281,65.9982681274414,75.42203521728516,77.484375,0,0,0,0,0,0,5,0,0,0,15.771184921264648,25769803776,0,18282184704,0
204,1790936266462,4,4,4,4,4,4,4,4,4,4,75.99061584472656,73.87771606445313,73.26287078857422,74.17182922363281,65.9982681274414,75.42203521728516,77.484375,4.761904716491699,4.761904716491699,0,0,0,0,9.523809432983398,0,4.761904716491699,0,15.771184921264648,25769803776,0,18282184704,0
204,1790936266667,4,4,4,4,4,4,4,4,4,4,75.99061584472656,73.87771606445313,73.26287078857422,74.17182922363281,65.9982681274414,75.42203521728516,77.484375,10.526315689086914,10,9.523809432983398,4.761904716491699,9.090909004211426,0,5,0,0,0,15.773161888122559,25769803776,0,18282184704,0
204,1790936266872,4,4,4,4,4,4,4,4,4,4,75.99061584472656,73.87771606445313,73.26287078857422,74.17182922363281,65.9982681274414,75.42203521728516,77.484375,4.761904716491699,0,0,0,0,0,4.761904716491699,0,0,0,15.773161888122559,25769803776,0,18282184704,0
204,1790936267077,4,4,4,4,4,4,4,4,4,4,76.06563568115234,74.10406494140625,73.2415542602539,74.23306274414063,65.90211486816406,75.5048828125,77.71875,0,0,0,0,0,0,5,0,0,0,15.773161888122559,25769803776,0,18282184704,0
204,1790936267282,4,4,4,4,4,4,4,4,4,4,76.06563568115234,74.10406494140625,73.2415542602539,74.23306274414063,65.90211486816406,75.5048828125,77.71875,4.761904716491699,0,0,0,0,0,5,0,0,0,15.773161888122559,25769803776,0,18282250240,0
204,1790936267487,4,4,4,4,4,4,4,4,4,4,76.06563568115234,74.10406494140625,73.2415542602539,74.23306274414063,65.90211486816406,75.5048828125,77.71875,4.761904716491699,9.090909004211426,0,0,0,0,9.523809432983398,0,4.761904716491699,0,15.773161888122559,25769803776,0,18282627072,0
204,1790936267692,4,4,4,4,4,4,4,4,4,4,76.06563568115234,74.10406494140625,73.2415542602539,74.23306274414063,65.90211486816406,75.5048828125,77.71875,0,0,0,4.761904716491699,0,0,4.761904716491699,9.090909004211426,0,0,15.59074592590332,25769803776,0,18282627072,0
200,1790936267897,4,4,4,4,4,4,4,4,4,4,76.06563568115234,74.10406494140625,73.2415542602539,74.23306274414063,65.90211486816406,75.5048828125,77.71875,0,0,0,0,0,0,9.523809432983398,0,0,0,15.59074592590332,25769803776,0,18282545152,0
204,1790936268098,4,4,4,4,4,4,4,4,4,4,76.03438568115234,74.04653930664063,73.25593566894531,74.259521484375,65.9192123413086,75.46282958984375,77.71875,0,0,0,0,0,0,0,0,0,0,15.59074592590332,25769803776,0,18282545152,0
204,1790936268303,4,4,4,4,4,4,4,4,4,4,76.03438568115234,74.04653930664063,73.25593566894531,74.259521484375,65.9192123413086,75.46282958984375,77.71875,4.761904716491699,0,4.545454502105713,0,0,0,9.523809432983398,0,0,0,15.59074592590332,25769803776,0,18282741760,0
204,1790936268508,4,4,4,4,4,4,4,4,4,4,76.03438568115234,74.04653930664063,73.25593566894531,74.259521484375,65.9192123413086,75.46282958984375,77.71875,0,0,0,0,0,0,5,0,0,0,15.59074592590332,25769803776,0,18282905600,0
204,1790936268713,4,4,4,4,4,4,4,4,4,4,76.03438568115234,74.04653930664063,73.25593566894531,74.259521484375,65.9192123413086,75.46282958984375,77.71875,4.761904716491699,0,0,0,0,0,5,0,0,0,15.480607032775879,25769803776,0,18282905600,0
204,1790936268918,4,4,4,4,4,4,4,4,4,4,76.03438568115234,74.04653930664063,73.25593566894531,74.259521484375,65.9192123413086,75.46282958984375,77.71875,0,0,0,0,0,0,9.523809432983398,0,0,0,15.480607032775879,25769803776,0,18282905600,0
204,1790936269123,4,4,4,4,4,4,4,4,4,4,76.14109802246094,74.17603302001953,73.3620376586914,74.33665466308594,66.01567077636719,75.55733489990234,77.484375,0,4.761904716491699,0,0,0,0,4.761904716491699,0,9.090909004211426,0,15.480607032775879,25769803776,0,18282905600,0
204,1790936269328,4,4,4,4,4,4,4,4,4,4,76.14109802246094,74.17603302001953,73.3620376586914,74.33665466308594,66.01567077636719,75.55733489990234,77.484375,9.523809432983398,0,4.761904716491699,0,0,0,5,4.545454502105713,0,0,15.480607032775879,25769803776,0,18283053056,0
204,1790936269533,4,4,4,4,4,4,4,4,4,4,76.14109802246094,74.17603302001953,73.3620376586914,74.33665466308594,66.01567077636719,75.55733489990234,77.484375,0,4.761904716491699,0,0,0,0,4.761904716491699,0,0,0,15.585957527160645,25769803776,0,18285461504,0
204,1790936269738,4,4,4,4,4,4,4,4,4,4,76.14109802246094,74.17603302001953,73.3620376586914,74.33665466308594,66.01567077636719,75.55733489990234,77.484375,4.761904716491699,0,0,0,0,0,0,9.523809432983398,0,0,15.585957527160645,25769803776,0,18282971136,0
204,1790936269943,4,4,4,4,4,4,4,4,4,4,76.14109802246094,74.17603302001953,73.3620376586914,74.33665466308594,66.01567077636719,75.55733489990234,77.484375,0,0,0,0,0,0,5,0,0,0,15.585957527160645,25769803776,0,18282971136,0
204,1790936270148,4,4,4,4,4,4,4,4,4,4,76.27117919921875,74.0999755859375,73.49649810791016,74.3896484375,66.23594665527344,75.70767211914063,77.953125,4.761904716491699,0,0,0,0,0,5,0,0,0,15.585957527160645,25769803776,0,18282971136,0
204,1790936270353,4,4,4,4,4,4,4,4,4,4,76.27117919921875,74.0999755859375,73.49649810791016,74.3896484375,66.23594665527344,75.70767211914063,77.953125,0,0,0,0,0,0,5,0,4.761904716491699,0,15.585957527160645,25769803776,0,18282971136,0
204,1790936270558,4,4,4,4,4,4,4,4,4,4,76.27117919921875,74.0999755859375,73.49649810791016,74.3896484375,66.23594665527344,75.70767211914063,77.953125,0,0,0,0,0,0,4.761904716491699,0,0,0,15.527314186096191,25769803776,0,18283020288,0
204,1790936270763,4,4,4,4,4,4,4,4,4,4,76.27117919921875,74.0999755859375,73.49649810791016,74.3896484375,66.23594665527344,75.70767211914063,77.953125,4.761904716491699,4.761904716491699,0,0,0,0,9.523809432983398,0,0,0,15.527314186096191,25769803776,0,18283233280,0
204,1790936270968,4,4,4,4,4,4,4,4,4,4,76.27117919921875,74.0999755859375,73.49649810791016,74.3896484375,66.23594665527344,75.70767211914063,77.953125,0,0,0,0,0,0,5,0,0,0,15.527314186096191,25769803776,0,18283233280,0
204,1790936271173,4,4,4,4,4,4,4,4,4,4,76.24166107177734,74.15216064453125,73.48775482177734,74.42940521240234,66.17015838623047,75.72404479980469,77.953125,0,0,0,0,4.545454502105713,0,4.761904716491699,4.761904716491699,0,0,15.527314186096191,25769803776,0,18283216896,0
204,1790936271378,4,4,4,4,4,4,4,4,4,4,76.24166107177734,74.15216064453125,73.48775482177734,74.42940521240234,66.17015838623047,75.72404479980469,77.953125,4.761904716491699,0,0,0,0,0,5,0,4.761904716491699,0,15.527314186096191,25769803776,0,18283200512,0
204,1790936271583,4,4,4,4,4,4,4,4,4,4,76.24166107177734,74.15216064453125,73.48775482177734,74.42940521240234,66.17015838623047,75.72404479980469,77.953125,0,0,0,0,0,0,9.523809432983398,4.761904716491699,0,0,15.652463912963867,25769803776,0,18283200512,0
204,1790936271788,4,4,4,4,4,4,4,4,4,4,76.24166107177734,74.15216064453125,73.48775482177734,74.42940521240234,66.17015838623047,75.72404479980469,77.953125,9.523809432983398,4.761904716491699,0,0,0,0,5,0,0,0,15.652463912963867,25769803776,0,18283167744,0
201,1790936271993,4,4,4,4,4,4,4,4,4,4,76.24166107177734,74.15216064453125,73.48775482177734,74.42940521240234,66.17015838623047,75.72404479980469,77.953125,0,4.761904716491699,4.545454502105713,0,0,0,4.761904716491699,0,0,0,15.652463912963867,25769803776,0,18283233280,0
204,1790936272195,4,4,4,4,4,4,4,4,4,4,76.31273651123047,74.35978698730469,73.56825256347656,74.48873138427734,66.25088500976563,75.82757568359375,77.953125,0,0,0,4.761904716491699,0,0,5,0,0,0,15.652463912963867,25769803776,0,18283233280,0
204,1790936272400,4,4,4,4,4,4,4,4,4,4,76.31273651123047,74.35978698730469,73.56825256347656,74.48873138427734,66.25088500976563,75.82757568359375,77.953125,4.761904716491699,0,0,0,0,0,5,0,4.761904716491699,0,15.652463912963867,25769803776,0,18283266048,0
204,1790936272605,4,4,4,4,4,4,4,4,4,4,76.31273651123047,74.35978698730469,73.56825256347656,74.48873138427734,66.25088500976563,75.82757568359375,77.953125,0,0,0,0,0,0,9.523809432983398,0,0,0,15.641267776489258,25769803776,0,18282692608,0
204,1790936272810,4,4,4,4,4,4,4,4,4,4,76.31273651123047,74.35978698730469,73.56825256347656,74.48873138427734,66.25088500976563,75.82757568359375,77.953125,0,0,0,0,0,0,5,0,0,0,15.641267776489258,25769803776,0,18282692608,0
204,1790936273015,4,4,4,4,4,4,4,4,4,4,76.31273651123047,74.35978698730469,73.56825256347656,74.48873138427734,66.25088500976563,75.82757568359375,77.953125,4.761904716491699,0,0,0,0,0,9.523809432983398,0,0,0,15.641267776489258,25769803776,0,18282676224,0
203,1790936273220,4,4,4,4,4,4,4,4,4,4,76.34696197509766,74.42617797851563,73.60023498535156,74.542724609375,66.27056121826172,75.84123992919922,77.953125,0,0,0,0,0,0,0,4.761904716491699,0,0,15.641267776489258,25769803776,0,18284314624,0
204,1790936273424,4,4,4,4,4,4,4,4,4,4,76.34696197509766,74.42617797851563,73.60023498535156,74.542724609375,66.27056121826172,75.84123992919922,77.953125,4.761904716491699,0,4.761904716491699,0,0,0,5,0,0,0,15.641267776489258,25769803776,0,18282496000,0
204,1790936273629,4,4,4,4,4,4,4,4,4,4,76.34696197509766,74.42617797851563,73.60023498535156,74.542724609375,66.27056121826172,75.84123992919922,77.953125,5,4.545454502105713,0,0,0,0,9.523809432983398,4.545454502105713,0,0,15.57475757598877,25769803776,0,18282561536,0
204,1790936273834,4,4,4,4,4,4,4,4,4,4,76.34696197509766,74.42617797851563,73.60023498535156,74.542724609375,66.27056121826172,75.84123992919922,77.953125,0,4.761904716491699,0,4.761904716491699,0,0,4.761904716491699,0,4.545454502105713,0,15.57475757598877,25769803776,0,18282414080,0
204,1790936274039,4,4,4,4,4,4,4,4,4,4,76.4202651977539,74.37240600585938,73.62788391113281,74.6100845336914,66.3337631225586,75.9200210571289,78.203125,9.523809432983398,0,0,0,0,0,5,0,0,0,15.57475757598877,25769803776,0,18282430464,0
201,1790936274244,4,4,4,4,4,4,4,4,4,4,76.4202651977539,74.37240600585938,73.62788391113281,74.6100845336914,66.3337631225586,75.9200210571289,78.203125,4.761904716491699,0,0,0,0,0,5,0,4.761904716491699,0,15.57475757598877,25769803776,0,18282430464,0
200,1790936274445,4,4,4,4,4,4,4,4,4,4,76.4202651977539,74.37240600585938,73.62788391113281,74.6100845336914,66.3337631225586,75.9200210571289,78.203125,0,0,0,0,0,0,5,0,0,0,15.57475757598877,25769803776,0,18282430464,0
204,1790936274646,4,4,4,4,4,4,4,4,4,4,76.4202651977539,74.37240600585938,73.62788391113281,74.6100845336914,66.3337631225586,75.9200210571289,78.203125,0,0,0,0,4.761904716491699,0,9.523809432983398,0,0,0,15.622565269470215,25769803776,0,18282364928,0
204,1790936274851,4,4,4,4,4,4,4,4,4,4,76.4202651977539,74.37240600585938,73.62788391113281,74.6100845336914,66.3337631225586,75.9200210571289,78.203125,4.761904716491699,4.761904716491699,0,0,0,0,5,0,0,0,15.622565269470215,25769803776,0,18282364928,0
203,1790936275056,4,4,4,4,4,4,4,4,4,4,76.51461029052734,74.5353012084961,73.67884826660156,74.69738006591797,66.3791275024414,76.03636169433594,78.203125,0,20,0,0,0,0,9.523809432983398,4.761904716491699,0,0,15.622565269470215,25769803776,0,18282364928,0
204,1790936275259,4,4,4,4,4,4,4,4,4,4,76.51461029052734,74.5353012084961,73.67884826660156,74.69738006591797,66.3791275024414,76.03636169433594,78.203125,5,0,0,0,0,0,5,0,0,0,15.622565269470215,25769803776,0,18282364928,0
204,1790936275464,4,4,4,4,4,4,4,4,4,4,76.51461029052734,74.5353012084961,73.67884826660156,74.69738006591797,66.3791275024414,76.03636169433594,78.203125,0,0,0,0,0,0,9.523809432983398,0,0,0,15.622565269470215,25769803776,0,17826725888,0
204,1790936275669,4,4,4,4,4,4,4,4,4,4,76.51461029052734,74.5353012084961,73.67884826660156,74.69738006591797,66.3791275024414,76.03636169433594,78.203125,9.090909004211426,9.090909004211426,0,0,0,0,0,0,0,0,15.601787567138672,25769803776,0,17826742272,0
204,1790936275874,4,4,4,4,4,4,4,4,4,4,76.51461029052734,74.5353012084961,73.67884826660156,74.69738006591797,66.3791275024414,76.03636169433594,78.203125,0,0,0,0,0,0,5,0,0,4.761904716491699,15.601787567138672,25769803776,0,17826742272,0
200,1790936276079,4,4,4,4,4,4,4,4,4,4,76.58075714111328,74.45552062988281,73.71476745605469,74.80577850341797,66.408447265625,76.08349609375,78.671875,0,0,4.761904716491699,0,0,0,9.090909004211426,0,0,0,15.601787567138672,25769803776,0,17826758656,0
204,1790936276280,4,4,4,4,4,4,4,4,4,4,76.58075714111328,74.45552062988281,73.71476745605469,74.80577850341797,66.408447265625,76.08349609375,78.671875,4.761904716491699,0,0,0,0,0,5.263157844543457,4.761904716491699,4.761904716491699,0,15.601787567138672,25769803776,0,17826660352,0
204,1790936276485,4,4,4,4,4,4,4,4,4,4,76.58075714111328,74.45552062988281,73.71476745605469,74.80577850341797,66.408447265625,76.08349609375,78.671875,0,0,0,0,0,0,9.523809432983398,0,0,0,15.601787567138672,25769803776,0,17826660352,0
204,1790936276690,4,4,4,4,4,4,4,4,4,4,76.58075714111328,74.45552062988281,73.71476745605469,74.80577850341797,66.408447265625,76.08349609375,78.671875,75,5,0,0,0,0,0,4.761904716491699,0,0,15.648798942565918,25769803776,0,17826660352,0
204,1790936276896,4,4,4,4,4,4,4,4,4,4,76.58075714111328,74.45552062988281,73.71476745605469,74.80577850341797,66.408447265625,76.08349609375,78.671875,0,0,0,0,0,0,0,0,0,0,15.648798942565918,25769803776,0,17826660352,0
204,1790936277101,4,4,4,4,4,4,4,4,4,4,76.6410903930664,74.48011779785156,73.99407958984375,74.88959503173828,66.84591674804688,76.17353820800781,78.4375,4.761904716491699,0,0,0,0,0,0,5,4.761904716491699,0,15.648798942565918,25769803776,0,17826660352,0
204,1790936277306,4,4,4,4,4,4,4,4,4,4,76.6410903930664,74.48011779785156,73.99407958984375,74.88959503173828,66.84591674804688,76.17353820800781,78.4375,0,4.761904716491699,0,0,0,0,9.523809432983398,0,0,0,15.648798942565918,25769803776,0,17826660352,0
204,1790936277511,4,4,4,4,4,4,4,4,4,4,76.6410903930664,74.48011779785156,73.99407958984375,74.88959503173828,66.84591674804688,76.17353820800781,78.4375,0,4.761904716491699,0,0,4.545454502105713,0,5,0,0,0,15.648798942565918,25769803776,0,17819844608,0
204,1790936277716,4,4,4,4,4,4,4,4,4,4,76.6410903930664,74.48011779785156,73.99407958984375,74.88959503173828,66.84591674804688,76.17353820800781,78.4375,9.523809432983398,0,0,0,0,0,9.090909004211426,4.761904716491699,4.761904716491699,0,15.611732482910156,25769803776,0,17819844608,0
204,1790936277921,4,4,4,4,4,4,4,4,4,4,76.6410903930664,74.48011779785156,73.99407958984375,74.88959503173828,66.84591674804688,76.17353820800781,78.4375,0,0,4.761904716491699,0,0,0,5,4.545454502105713,0,0,15.611732482910156,25769803776,0,17819844608,0
204,1790936278126,4,4,4,4,4,4,4,4,4,4,76.70735931396484,74.66492462158203,73.82429504394531,74.98784637451172,66.49658203125,76.255859375,78.4375,4.761904716491699,0,0,0,0,0,9.523809432983398,0,0,0,15.611732482910156,25769803776,0,17819844608,0
204,1790936278331,4,4,4,4,4,4,4,4,4,4,76.70735931396484,74.66492462158203,73.82429504394531,74.98784637451172,66.49658203125,76.255859375,78.4375,0,0,0,0,0,4.545454502105713,0,0,0,0,15.611732482910156,25769803776,0,17819844608,0
204,1790936278536,4,4,4,4,4,4,4,4,4,4,76.70735931396484,74.66492462158203,73.82429504394531,74.98784637451172,66.49658203125,76.255859375,78.4375,0,4.545454502105713,0,0,0,4.761904716491699,5,0,0,0,15.576616287231445,25769803776,0,17819795456,0
202,1790936278741,4,4,4,4,4,4,4,4,4,4,76.70735931396484,74.66492462158203,73.82429504394531,74.98784637451172,66.49658203125,76.255859375,78.4375,4.761904716491699,0,0,4.545454502105713,0,0,9.090909004211426,0,0,0,15.576616287231445,25769803776,0,17819795456,0
204,1790936278943,4,4,4,4,4,4,4,4,4,4,76.70735931396484,74.66492462158203,73.82429504394531,74.98784637451172,66.49658203125,76.255859375,78.4375,0,0,0,0,0,0,5.263157844543457,0,0,0,15.576616287231445,25769803776,0,17819795456,0
204,1790936279148,4,4,4,4,4,4,4,4,4,4,76.70574951171875,74.6120376586914,73.85526275634766,75.0716781616211,66.52754211425781,76.27569580078125,78.4375,0,0,4.761904716491699,0,0,0,9.090909004211426,0,0,0,15.576616287231445,25769803776,0,17819811840,0
204,1790936279353,4,4,4,4,4,4,4,4,4,4,76.70574951171875,74.6120376586914,73.85526275634766,75.0716781616211,66.52754211425781,76.27569580078125,78.4375,4.761904716491699,0,0,0,0,0,5,0,4.761904716491699,0,15.576616287231445,25769803776,0,17819811840,0
204,1790936279558,4,4,4,4,4,4,4,4,4,4,76.70574951171875,74.6120376586914,73.85526275634766,75.0716781616211,66.52754211425781,76.27569580078125,78.4375,4.761904716491699,4.545454502105713,0,0,0,0,9.523809432983398,4.545454502105713,0,0,15.607210159301758,25769803776,0,17819926528,0
204,1790936279763,4,4,4,4,4,4,4,4,4,4,76.70574951171875,74.6120376586914,73.85526275634766,75.0716781616211,66.52754211425781,76.27569580078125,78.4375,4.761904716491699,0,0,4.545454502105713,0,0,5,0,0,0,15.607210159301758,25769803776,0,17819844608,0
204,1790936279968,4,4,4,4,4,4,4,4,4,4,76.70574951171875,74.6120376586914,73.85526275634766,75.0716781616211,66.52754211425781,76.27569580078125,78.4375,0,0,0,0,0,0,5,0,0,0,15.607210159301758,25769803776,0,17819844608,0
204,1790936280173,4,4,4,4,4,4,4,4,4,4,76.7860336303711,74.78240966796875,73.93018341064453,75.15617370605469,66.6455307006836,76.32747650146484,78.4375,0,4.761904716491699,0,0,0,0,4.761904716491699,9.523809432983398,0,0,15.607210159301758,25769803776,0,17839423488,0
204,1790936280378,4,4,4,4,4,4,4,4,4,4,76.7860336303711,74.78240966796875,73.93018341064453,75.15617370605469,66.6455307006836,76.32747650146484,78.4375,4.761904716491699,0,0,0,0,0,0,0,0,0,15.607210159301758,25769803776,0,17841012736,0
200,1790936280583,4,4,4,4,4,4,4,4,4,4,76.7860336303711,74.78240966796875,73.93018341064453,75.15617370605469,66.6455307006836,76.32747650146484,78.4375,0,0,0,0,0,0,0,0,0,0,15.640501976013184,25769803776,0,17839177728,0
204,1790936280784,4,4,4,4,4,4,4,4,4,4,76.7860336303711,74.78240966796875,73.93018341064453,75.15617370605469,66.6455307006836,76.32747650146484,78.4375,4.761904716491699,0,0,0,0,0,4.761904716491699,5.263157844543457,0,0,15.640501976013184,25769803776,0,17839144960,0
204,1790936280989,4,4,4,4,4,4,4,4,4,4,76.7860336303711,74.78240966796875,73.93018341064453,75.15617370605469,66.6455307006836,76.32747650146484,78.4375,0,0,0,0,0,0,5,0,4.761904716491699,0,15.640501976013184,25769803776,0,17839144960,0
204,1790936281194,4,4,4,4,4,4,4,4,4,4,76.83162689208984,74.47010803222656,74.11627197265625,75.21432495117188,67.0052719116211,76.37125396728516,78.4375,5,4.761904716491699,4.761904716491699,0,0,0,5,0,0,0,15.640501976013184,25769803776,0,17838718976,0
204,1790936281399,4,4,4,4,4,4,4,4,4,4,76.83162689208984,74.47010803222656,74.11627197265625,75.21432495117188,67.0052719116211,76.37125396728516,78.4375,4.761904716491699,4.761904716491699,0,0,0,0,9.523809432983398,4.761904716491699,4.761904716491699,0,15.640501976013184,25769803776,0,17826054144,0
204,1790936281604,4,4,4,4,4,4,4,4,4,4,76.83162689208984,74.47010803222656,74.11627197265625,75.21432495117188,67.0052719116211,76.37125396728516,78.4375,0,0,0,0,0,0,0,4.761904716491699,0,0,15.566776275634766,25769803776,0,17826365440,0
203,1790936281809,4,4,4,4,4,4,4,4,4,4,76.83162689208984,74.47010803222656,74.11627197265625,75.21432495117188,67.0052719116211,76.37125396728516,78.4375,5,0,4.761904716491699,0,0,0,4.761904716491699,0,0,0,15.566776275634766,25769803776,0,17826463744,0
204,1790936282012,4,4,4,4,4,4,4,4,4,4,76.83162689208984,74.47010803222656,74.11627197265625,75.21432495117188,67.0052719116211,76.37125396728516,78.4375,0,4.761904716491699,0,0,0,0,9.523809432983398,0,0,0,15.566776275634766,25769803776,0,17826463744,0
204,1790936282217,4,4,4,4,4,4,4,4,4,4,76.83765411376953,74.79743194580078,74.08765411376953,75.24725341796875,66.91007232666016,76.37979125976563,78.4375,4.761904716491699,0,0,0,4.761904716491699,0,5,0,0,0,15.566776275634766,25769803776,0,17826463744,0
204,1790936282422,4,4,4,4,4,4,4,4,4,4,76.83765411376953,74.79743194580078,74.08765411376953,75.24725341796875,66.91007232666016,76.37979125976563,78.4375,4.761904716491699,0,0,0,0,0,9.523809432983398,0,0,0,15.566776275634766,25769803776,0,17826463744,0
204,1790936282627,4,4,4,4,4,4,4,4,4,4,76.83765411376953,74.79743194580078,74.08765411376953,75.24725341796875,66.91007232666016,76.37979125976563,78.4375,0,4.761904716491699,4.761904716491699,0,0,0,5,4.761904716491699,0,0,15.59521484375,25769803776,0,17826398208,0
204,1790936282832,4,4,4,4,4,4,4,4,4,4,76.83765411376953,74.79743194580078,74.08765411376953,75.24725341796875,66.91007232666016,76.37979125976563,78.4375,4.761904716491699,0,0,0,0,0,9.523809432983398,4.761904716491699,0,0,15.59521484375,25769803776,0,17826414592,0
204,1790936283037,4,4,4,4,4,4,4,4,4,4,76.87760162353516,74.95016479492188,73.98684692382813,75.26220703125,66.72239685058594,76.40771484375,78.4375,0,4.761904716491699,0,0,0,0,5,0,4.761904716491699,0,15.59521484375,25769803776,0,17826365440,0
204,1790936283242,4,4,4,4,4,4,4,4,4,4,76.87760162353516,74.95016479492188,73.98684692382813,75.26220703125,66.72239685058594,76.40771484375,78.4375,0,0,0,0,0,0,5,0,0,0,15.59521484375,25769803776,0,17826365440,0
200,1790936283447,4,4,4,4,4,4,4,4,4,4,76.87760162353516,74.95016479492188,73.98684692382813,75.26220703125,66.72239685058594,76.40771484375,78.4375,9.523809432983398,0,0,0,0,0,5,0,0,0,15.59521484375,25769803776,0,17826365440,0
204,1790936283647,4,4,4,4,4,4,4,4,4,4,76.87760162353516,74.95016479492188,73.98684692382813,75.26220703125,66.72239685058594,76.40771484375,78.4375,0,0,0,0,0,0,5,0,0,0,15.523176193237305,25769803776,0,17826463744,0
202,1790936283852,4,4,4,4,4,4,4,4,4,4,76.87760162353516,74.95016479492188,73.98684692382813,75.26220703125,66.72239685058594,76.40771484375,78.4375,4.761904716491699,0,0,0,0,0,9.090909004211426,0,0,0,15.523176193237305,25769803776,0,17826512896,0
200,1790936284055,4,4,4,4,4,4,4,4,4,4,76.95277404785156,74.81328582763672,73.9864730834961,75.28612518310547,66.74308013916016,76.46853637695313,78.671875,0,0,0,0,0,0,0,4.761904716491699,0,0,15.523176193237305,25769803776,0,17826430976,0
204,1790936284255,4,4,4,4,4,4,4,4,4,4,76.95277404785156,74.81328582763672,73.9864730834961,75.28612518310547,66.74308013916016,76.46853637695313,78.671875,0,5,0,0,0,0,5.263157844543457,0,0,0,15.523176193237305,25769803776,0,17826512896,0
204,1790936284460,4,4,4,4,4,4,4,4,4,4,76.95277404785156,74.81328582763672,73.9864730834961,75.28612518310547,66.74308013916016,76.46853637695313,78.671875,5,4.761904716491699,0,0,0,0,9.523809432983398,0,0,0,15.523176193237305,25769803776,0,17826512896,0
204,1790936284665,4,4,4,4,4,4,4,4,4,4,76.95277404785156,74.81328582763672,73.9864730834961,75.28612518310547,66.74308013916016,76.46853637695313,78.671875,0,0,0,0,0,0,0,9.523809432983398,0,0,15.55282211303711,25769803776,0,17826594816,0
204,1790936284870,4,4,4,4,4,4,4,4,4,4,76.95277404785156,74.81328582763672,73.9864730834961,75.28612518310547,66.74308013916016,76.46853637695313,78.671875,4.545454502105713,0,0,0,0,0,9.523809432983398,0,0,0,15.55282211303711,25769803776,0,17826594816,0
204,1790936285075,4,4,4,4,4,4,4,4,4,4,76.97909545898438,74.94434356689453,74.13275146484375,75.30711364746094,67.00459289550781,76.48018646240234,83.15625,4.761904716491699,4.761904716491699,0,0,0,0,5,0,0,0,15.55282211303711,25769803776,0,17826594816,0
204,1790936285280,4,4,4,4,4,4,4,4,4,4,76.97909545898438,74.94434356689453,74.13275146484375,75.30711364746094,67.00459289550781,76.48018646240234,83.15625,0,0,0,0,0,0,5,0,4.545454502105713,0,15.55282211303711,25769803776,0,17826594816,0
202,1790936285485,4,4,4,4,4,4,4,4,4,4,76.97909545898438,74.94434356689453,74.13275146484375,75.30711364746094,67.00459289550781,76.48018646240234,83.15625,0,0,0,0,4.761904716491699,0,5,0,0,0,15.55282211303711,25769803776,0,17826594816,0
200,1790936285688,4,4,4,4,4,4,4,4,4,4,76.97909545898438,74.94434356689453,74.13275146484375,75.30711364746094,67.00459289550781,76.48018646240234,83.15625,5,0,9.090909004211426,4.761904716491699,0,0,5,0,0,0,15.56229019165039,25769803776,0,17826824192,0
204,1790936285889,4,4,4,4,4,4,4,4,4,4,76.97909545898438,74.94434356689453,74.13275146484375,75.30711364746094,67.00459289550781,76.48018646240234,83.15625,0,0,0,0,0,0,9.523809432983398,5,0,0,15.56229019165039,25769803776,0,17826824192,0
202,1790936286094,4,4,4,4,4,4,4,4,4,4,77.00685119628906,74.98421478271484,74.02099609375,75.30590057373047,66.84144592285156,76.56519317626953,82.90625,0,0,0,4.545454502105713,0,0,5,0,4.545454502105713,0,15.56229019165039,25769803776,0,17826824192,0
200,1790936286296,4,4,4,4,4,4,4,4,4,4,77.00685119628906,74.98421478271484,74.02099609375,75.30590057373047,66.84144592285156,76.56519317626953,82.90625,5,4.761904716491699,0,0,0,0,0,0,0,0,15.56229019165039,25769803776,0,17826725888,0
204,1790936286497,4,4,4,4,4,4,4,4,4,4,77.00685119628906,74.98421478271484,74.02099609375,75.30590057373047,66.84144592285156,76.56519317626953,82.90625,0,0,0,0,0,0,9.523809432983398,9.523809432983398,0,0,15.56229019165039,25769803776,0,17826725888,0
204,1790936286702,4,4,4,4,4,4,4,4,4,4,77.00685119628906,74.98421478271484,74.02099609375,75.30590057373047,66.84144592285156,76.56519317626953,82.90625,9.523809432983398,5,0,0,0,0,5,0,0,0,15.54066276550293,25769803776,0,17826643968,0
204,1790936286907,4,4,4,4,4,4,4,4,4,4,77.00685119628906,74.98421478271484,74.02099609375,75.30590057373047,66.84144592285156,76.56519317626953,82.90625,0,0,0,0,0,0,9.523809432983398,0,0,0,15.54066276550293,25769803776,0,17826480128,0
204,1790936287112,4,4,4,4,4,4,4,4,4,4,77.0243148803711,74.94013214111328,74.15889739990234,75.30183410644531,67.07994079589844,76.56817626953125,82.4375,0,0,0,0,0,0,5,0,4.545454502105713,0,15.54066276550293,25769803776,0,17826201600,0
204,1790936287317,4,4,4,4,4,4,4,4,4,4,77.0243148803711,74.94013214111328,74.15889739990234,75.30183410644531,67.07994079589844,76.56817626953125,82.4375,4.761904716491699,4.761904716491699,0,0,0,0,9.523809432983398,0,0,0,15.54066276550293,25769803776,0,17826201600,0
204,1790936287522,4,4,4,4,4,4,4,4,4,4,77.0243148803711,74.94013214111328,74.15889739990234,75.30183410644531,67.07994079589844,76.56817626953125,82.4375,4.761904716491699,0,0,0,0,0,0,0,0,0,15.54066276550293,25769803776,0,17826201600,0
204,1790936287727,4,4,4,4,4,4,4,4,4,4,77.0243148803711,74.94013214111328,74.15889739990234,75.30183410644531,67.07994079589844,76.56817626953125,82.4375,0,0,0,0,0,0,0,0,4.761904716491699,0,15.532047271728516,25769803776,0,17807671296,0
204,1790936287932,4,4,4,4,4,4,4,4,4,4,77.0243148803711,74.94013214111328,74.15889739990234,75.30183410644531,67.07994079589844,76.56817626953125,82.4375,4.761904716491699,0,0,0,0,0,0,9.523809432983398,0,0,15.532047271728516,25769803776,0,17807572992,0
204,1790936288137,4,4,4,4,4,4,4,4,4,4,77.16437530517578,74.840576171875,74.17204284667969,75.35497283935547,67.12340545654297,76.80950927734375,79.375,0,0,0,0,0,0,5,0,0,0,15.532047271728516,25769803776,0,17807572992,0
204,1790936288342,4,4,4,4,4,4,4,4,4,4,77.16437530517578,74.840576171875,74.17204284667969,75.35497283935547,67.12340545654297,76.80950927734375,79.375,4.761904716491699,0,0,0,0,0,9.090909004211426,4.761904716491699,0,0,15.532047271728516,25769803776,0,17807572992,0
200,1790936288547,4,4,4,4,4,4,4,4,4,4,77.16437530517578,74.840576171875,74.17204284667969,75.35497283935547,67.12340545654297,76.80950927734375,79.375,0,0,0,0,0,0,0,0,0,0,15.40479850769043,25769803776,0,17807572992,0
204,1790936288747,4,4,4,4,4,4,4,4,4,4,77.16437530517578,74.840576171875,74.17204284667969,75.35497283935547,67.12340545654297,76.80950927734375,79.375,0,4.761904716491699,4.761904716491699,0,0,0,5,0,0,0,15.40479850769043,25769803776,0,17807474688,0
204,1790936288952,4,4,4,4,4,4,4,4,4,4,77.16437530517578,74.840576171875,74.17204284667969,75.35497283935547,67.12340545654297,76.80950927734375,79.375,4.761904716491699,4.761904716491699,0,0,0,0,9.523809432983398,0,4.761904716491699,0,15.40479850769043,25769803776,0,17807589376,0
204,1790936289157,4,4,4,4,4,4,4,4,4,4,77.08377075195313,74.96564483642578,74.05524444580078,75.30813598632813,66.92154693603516,76.6548843383789,78.671875,0,0,4.761904716491699,4.761904716491699,4.761904716491699,0,5,0,0,0,15.40479850769043,25769803776,0,17808015360,0
204,1790936289362,4,4,4,4,4,4,4,4,4,4,77.08377075195313,74.96564483642578,74.05524444580078,75.30813598632813,66.92154693603516,76.6548843383789,78.671875,5,0,0,0,0,0,9.523809432983398,0,0,0,15.40479850769043,25769803776,0,17807982592,0
204,1790936289567,4,4,4,4,4,4,4,4,4,4,77.08377075195313,74.96564483642578,74.05524444580078,75.30813598632813,66.92154693603516,76.6548843383789,78.671875,4.761904716491699,0,0,0,4.761904716491699,0,5,0,4.761904716491699,0,15.468576431274414,25769803776,0,17807982592,0
204,1790936289772,4,4,4,4,4,4,4,4,4,4,77.08377075195313,74.96564483642578,74.05524444580078,75.30813598632813,66.92154693603516,76.6548843383789,78.671875,4.761904716491699,0,0,0,0,0,0,9.523809432983398,0,0,15.468576431274414,25769803776,0,17807900672,0
204,1790936289978,4,4,4,4,4,4,4,4,4,4,77.08377075195313,74.96564483642578,74.05524444580078,75.30813598632813,66.92154693603516,76.6548843383789,78.671875,0,0,0,0,0,0,9.523809432983398,0,0,0,15.468576431274414,25769803776,0,17807900672,0
204,1790936290182,4,4,4,4,4,4,4,4,4,4,77.07921600341797,75.08174133300781,74.24227905273438,75.30924987792969,67.21929168701172,76.65764617919922,78.90625,4.761904716491699,4.545454502105713,0,0,0,0,0,5,0,0,15.468576431274414,25769803776,0,17801134080,0
204,1790936290387,4,4,4,4,4,4,4,4,4,4,77.07921600341797,75.08174133300781,74.24227905273438,75.30924987792969,67.21929168701172,76.65764617919922,78.90625,0,0,4.545454502105713,0,0,0,0,9.523809432983398,0,0,15.468576431274414,25769803776,0,17794613248,0
204,1790936290592,4,4,4,4,4,4,4,4,4,4,77.07921600341797,75.08174133300781,74.24227905273438,75.30924987792969,67.21929168701172,76.65764617919922,78.90625,4.761904716491699,0,0,0,0,0,0,5,0,0,15.47642707824707,25769803776,0,17794613248,0
204,1790936290797,4,4,4,4,4,4,4,4,4,4,77.07921600341797,75.08174133300781,74.24227905273438,75.30924987792969,67.21929168701172,76.65764617919922,78.90625,0,0,0,0,0,0,0,9.523809432983398,0,0,15.47642707824707,25769803776,0,17794613248,0
204,1790936291002,4,4,4,4,4,4,4,4,4,4,77.07921600341797,75.08174133300781,74.24227905273438,75.30924987792969,67.21929168701172,76.65764617919922,78.90625,0,0,0,0,0,0,0,5,0,0,15.47642707824707,25769803776,0,17794596864,0
203,1790936291207,4,4,4,4,4,4,4,4,4,4,77.12100219726563,74.65571594238281,74.62861633300781,75.3561019897461,67.94241333007813,76.72384643554688,79.140625,5,0,0,0,0,0,0,9.090909004211426,0,0,15.47642707824707,25769803776,0,17796579328,0
204,1790936291410,4,4,4,4,4,4,4,4,4,4,77.12100219726563,74.65571594238281,74.62861633300781,75.3561019897461,67.94241333007813,76.72384643554688,79.140625,0,0,0,0,0,0,4.761904716491699,0,4.761904716491699,0,15.47642707824707,25769803776,0,17794711552,0
204,1790936291615,4,4,4,4,4,4,4,4,4,4,77.12100219726563,74.65571594238281,74.62861633300781,75.3561019897461,67.94241333007813,76.72384643554688,79.140625,0,4.545454502105713,0,0,0,0,0,0,0,0,15.363707542419434,25769803776,0,17794711552,0
204,1790936291820,4,4,4,4,4,4,4,4,4,4,77.12100219726563,74.65571594238281,74.62861633300781,75.3561019897461,67.94241333007813,76.72384643554688,79.140625,9.523809432983398,5,0,4.761904716491699,0,0,0,9.523809432983398,0,0,15.363707542419434,25769803776,0,17794859008,0
200,1790936292025,4,4,4,4,4,4,4,4,4,4,77.12100219726563,74.77002716064453,74.46046447753906,75.3561019897461,67.65740203857422,76.72384643554688,79.140625,0,0,0,0,0,0,8.69565200805664,5,0,0,15.363707542419434,25769803776,0,17794859008,0
204,1790936292225,4,4,4,4,4,4,4,4,4,4,77.09263610839844,74.77002716064453,74.46046447753906,75.3487548828125,67.65740203857422,76.6753158569336,79.140625,0,0,0,0,0,0,0,9.523809432983398,0,0,15.363707542419434,25769803776,0,17794859008,0
204,1790936292430,4,4,4,4,4,4,4,4,4,4,77.09263610839844,74.77002716064453,74.46046447753906,75.3487548828125,67.65740203857422,76.6753158569336,79.140625,4.761904716491699,0,0,0,0,0,0,0,0,0,15.363707542419434,25769803776,0,17794859008,0
203,1790936292635,4,4,4,4,4,4,4,4,4,4,77.09263610839844,74.77002716064453,74.46046447753906,75.3487548828125,67.65740203857422,76.6753158569336,79.140625,0,0,0,0,0,0,0,5,4.761904716491699,0,15.42629623413086,25769803776,0,17794859008,0
204,1790936292839,4,4,4,4,4,4,4,4,4,4,77.09263610839844,74.77002716064453,74.46046447753906,75.3487548828125,67.65740203857422,76.6753158569336,79.140625,0,0,0,0,0,0,5,4.761904716491699,0,0,15.42629623413086,25769803776,0,17794924544,0
202,1790936293044,4,4,4,4,4,4,4,4,4,4,77.14421081542969,74.80096435546875,74.52437591552734,75.34880828857422,67.76679229736328,76.75833892822266,79.140625,4.761904716491699,4.761904716491699,0,0,0,0,0,5,4.761904716491699,0,15.42629623413086,25769803776,0,17794973696,0
200,1790936293246,4,4,4,4,4,4,4,4,4,4,77.14421081542969,74.80096435546875,74.52437591552734,75.34880828857422,67.76679229736328,76.75833892822266,79.140625,0,0,0,0,0,0,0,5,0,0,15.42629623413086,25769803776,0,17794908160,0
204,1790936293447,4,4,4,4,4,4,4,4,4,4,77.14421081542969,74.80096435546875,74.52437591552734,75.34880828857422,67.76679229736328,76.75833892822266,79.140625,5,0,0,0,0,0,0,9.523809432983398,0,0,15.42629623413086,25769803776,0,17794908160,0
204,1790936293652,4,4,4,4,4,4,4,4,4,4,77.14421081542969,74.80096435546875,74.52437591552734,75.34880828857422,67.76679229736328,76.75833892822266,79.140625,5,4.761904716491699,4.761904716491699,0,0,0,4.761904716491699,5,0,0,15.371450424194336,25769803776,0,17794908160,0
204,1790936293857,4,4,4,4,4,4,4,4,4,4,77.14421081542969,74.80096435546875,74.52437591552734,75.34880828857422,67.76679229736328,76.75833892822266,79.140625,0,0,0,0,0,0,0,9.523809432983398,0,0,15.371450424194336,25769803776,0,17795219456,0
204,1790936294061,4,4,4,4,4,4,4,4,4,4,77.11479949951172,74.67473602294922,74.56645965576172,75.36170959472656,67.85429382324219,76.67440032958984,81.625,5,4.761904716491699,0,0,0,0,0,5,0,0,15.371450424194336,25769803776,0,17795235840,0
204,1790936294266,4,4,4,4,4,4,4,4,4,4,77.11479949951172,74.67473602294922,74.56645965576172,75.36170959472656,67.85429382324219,76.67440032958984,81.625,4.761904716491699,0,0,0,0,0,0,4.761904716491699,0,0,15.371450424194336,25769803776,0,17794891776,0
202,1790936294471,4,4,4,4,4,4,4,4,4,4,77.11479949951172,74.67473602294922,74.56645965576172,75.36170959472656,67.85429382324219,76.67440032958984,81.625,0,0,0,0,0,0,4.761904716491699,5,0,0,15.371450424194336,25769803776,0,17794891776,0
202,1790936294674,4,4,4,4,4,4,4,4,4,4,77.11479949951172,74.67473602294922,74.56645965576172,75.36170959472656,67.85429382324219,76.67440032958984,81.625,0,0,0,0,0,0,0,0,0,0,15.300018310546875,25769803776,0,17794891776,0
204,1790936294876,4,4,4,4,4,4,4,4,4,4,77.11479949951172,74.67473602294922,74.56645965576172,75.36170959472656,67.85429382324219,76.67440032958984,81.625,4.761904716491699,0,0,0,0,0,4.761904716491699,4.761904716491699,0,0,15.300018310546875,25769803776,0,17795088384,0
204,1790936295081,4,4,4,4,4,4,4,4,4,4,77.13720703125,74.82862854003906,74.56305694580078,75.35559844970703,67.77881622314453,76.71536254882813,78.90625,5,0,0,0,0,0,0,5,4.761904716491699,0,15.300018310546875,25769803776,0,17795088384,0
204,1790936295286,4,4,4,4,4,4,4,4,4,4,77.13720703125,74.82862854003906,74.56305694580078,75.35559844970703,67.77881622314453,76.71536254882813,78.90625,4.761904716491699,0,0,0,0,0,0,5,0,0,15.300018310546875,25769803776,0,17795088384,0
204,1790936295491,4,4,4,4,4,4,4,4,4,4,77.13720703125,74.82862854003906,74.56305694580078,75.35559844970703,67.77881622314453,76.71536254882813,78.90625,0,0,4.545454502105713,0,0,0,0,9.523809432983398,0,0,15.300018310546875,25769803776,0,17795088384,0
201,1790936295696,4,4,4,4,4,4,4,4,4,4,77.13720703125,74.82862854003906,74.56305694580078,75.35559844970703,67.77881622314453,76.71536254882813,78.90625,0,9.090909004211426,0,0,0,0,0,5,0,0,15.33696174621582,25769803776,0,17795088384,0
200,1790936295898,4,4,4,4,4,4,4,4,4,4,77.13720703125,74.82862854003906,74.56305694580078,75.35559844970703,67.77881622314453,76.71536254882813,78.90625,4.761904716491699,0,0,0,0,0,9.090909004211426,9.523809432983398,0,0,15.33696174621582,25769803776,0,17794826240,0
200,1790936296098,4,4,4,4,4,4,4,4,4,4,77.16703796386719,74.7292251586914,74.64009857177734,75.37874603271484,67.98687744140625,76.76654052734375,79.140625,0,0,0,0,0,0,0,5,0,0,15.33696174621582,25769803776,0,17794842624,0
200,1790936296299,4,4,4,4,4,4,4,4,4,4,77.16703796386719,74.7292251586914,74.64009857177734,75.37874603271484,67.98687744140625,76.76654052734375,79.140625,4.761904716491699,0,0,0,0,0,0,5,0,0,15.33696174621582,25769803776,0,17794842624,0
204,1790936296499,4,4,4,4,4,4,4,4,4,4,77.16703796386719,74.7292251586914,74.64009857177734,75.37874603271484,67.98687744140625,76.76654052734375,79.140625,5,0,0,0,0,0,0,5,0,4.761904716491699,15.33696174621582,25769803776,0,17794859008,0
204,1790936296704,4,4,4,4,4,4,4,4,4,4,77.16703796386719,74.7292251586914,74.64009857177734,75.37874603271484,67.98687744140625,76.76654052734375,79.140625,0,0,0,0,4.761904716491699,0,0,5,8.69565200805664,0,15.307257652282715,25769803776,0,17794875392,0
204,1790936296909,4,4,4,4,4,4,4,4,4,4,77.16703796386719,74.7292251586914,74.64009857177734,75.37874603271484,67.98687744140625,76.76654052734375,79.140625,4.761904716491699,0,0,0,0,0,0,5,0,0,15.307257652282715,25769803776,0,17794924544,0
204,1790936297114,4,4,4,4,4,4,4,4,4,4,77.1518325805664,74.69586181640625,74.53060150146484,75.44247436523438,67.79512786865234,76.71318054199219,83.859375,0,4.545454502105713,0,0,0,0,0,9.090909004211426,0,0,15.307257652282715,25769803776,0,17794924544,0
204,1790936297319,4,4,4,4,4,4,4,4,4,4,77.1518325805664,74.69586181640625,74.53060150146484,75.44247436523438,67.79512786865234,76.71318054199219,83.859375,4.761904716491699,0,0,0,0,0,4.761904716491699,5,0,0,15.307257652282715,25769803776,0,17794400256,0
200,1790936297524,4,4,4,4,4,4,4,4,4,4,77.1518325805664,74.69586181640625,74.53060150146484,75.44247436523438,67.79512786865234,76.71318054199219,83.859375,0,4.761904716491699,4.545454502105713,0,4.761904716491699,0,0,9.523809432983398,0,0,15.307257652282715,25769803776,0,17794400256,0
204,1790936297725,4,4,4,4,4,4,4,4,4,4,77.1518325805664,74.69586181640625,74.53060150146484,75.44247436523438,67.79512786865234,76.71318054199219,83.859375,0,0,0,0,0,0,0,5,0,0,15.302841186523438,25769803776,0,17794400256,0
204,1790936297930,4,4,4,4,4,4,4,4,4,4,77.1518325805664,74.69586181640625,74.53060150146484,75.44247436523438,67.79512786865234,76.71318054199219,83.859375,4.761904716491699,0,0,4.761904716491699,0,0,0,0,0,0,15.302841186523438,25769803776,0,17796497408,0
204,1790936298134,4,4,4,4,4,4,4,4,4,4,77.15666961669922,74.76763916015625,74.68400573730469,75.38765716552734,68.01168060302734,76.75370025634766,79.140625,0,0,0,0,0,0,4.761904716491699,9.090909004211426,4.761904716491699,0,15.302841186523438,25769803776,0,17794662400,0
204,1790936298339,4,4,4,4,4,4,4,4,4,4,77.15666961669922,74.76763916015625,74.68400573730469,75.38765716552734,68.01168060302734,76.75370025634766,79.140625,4.761904716491699,0,0,0,0,0,0,0,0,0,15.302841186523438,25769803776,0,17794662400,0
204,1790936298544,4,4,4,4,4,4,4,4,4,4,77.15666961669922,74.76763916015625,74.68400573730469,75.38765716552734,68.01168060302734,76.75370025634766,79.140625,5,0,0,0,0,0,0,4.761904716491699,0,0,15.285758972167969,25769803776,0,17794662400,0
204,1790936298749,4,4,4,4,4,4,4,4,4,4,77.15666961669922,74.76763916015625,74.68400573730469,75.38765716552734,68.01168060302734,76.75370025634766,79.140625,0,0,4.761904716491699,4.761904716491699,0,0,0,9.523809432983398,0,0,15.285758972167969,25769803776,0,17794662400,0
199,1790936298954,4,4,4,4,4,4,4,4,4,4,77.15666961669922,74.76763916015625,74.68400573730469,75.38765716552734,68.01168060302734,76.75370025634766,79.140625,4.761904716491699,4.761904716491699,0,0,0,0,0,5,0,0,15.285758972167969,25769803776,0,17794564096,0
204,1790936299154,4,4,4,4,4,4,4,4,4,4,77.14307403564453,74.73155975341797,74.60962677001953,75.38105010986328,67.94153594970703,76.73126983642578,79.140625,0,4.761904716491699,0,0,0,0,4.761904716491699,9.523809432983398,0,0,15.285758972167969,25769803776,0,17794514944,0
204,1790936299359,4,4,4,4,4,4,4,4,4,4,77.14307403564453,74.73155975341797,74.60962677001953,75.38105010986328,67.94153594970703,76.73126983642578,79.140625,9.090909004211426,0,0,0,0,0,0,5,0,0,15.285758972167969,25769803776,0,17794514944,0
204,1790936299564,4,4,4,4,4,4,4,4,4,4,77.14307403564453,74.73155975341797,74.60962677001953,75.38105010986328,67.94153594970703,76.73126983642578,79.140625,0,0,0,0,0,0,0,5,4.761904716491699,0,15.19343376159668,25769803776,0,17794514944,0
204,1790936299769,4,4,4,4,4,4,4,4,4,4,77.14307403564453,74.73155975341797,74.60962677001953,75.38105010986328,67.94153594970703,76.73126983642578,79.140625,0,0,0,0,0,0,0,5,0,0,15.19343376159668,25769803776,0,17794514944,0
201,1790936299974,4,4,4,4,4,4,4,4,4,4,77.14307403564453,74.73155975341797,74.60962677001953,75.38105010986328,67.94153594970703,76.73126983642578,79.140625,4.761904716491699,0,0,0,0,0,4.761904716491699,4.761904716491699,0,0,15.19343376159668,25769803776,0,17794220032,0
204,1790936300176,4,4,4,4,4,4,4,4,4,4,77.14752960205078,74.79082489013672,74.623779296875,75.37765502929688,67.8927230834961,76.72764587402344,79.140625,0,0,0,0,0,0,0,9.523809432983398,0,0,15.19343376159668,25769803776,0,17794252800,0
204,1790936300381,4,4,4,4,4,4,4,4,4,4,77.14752960205078,74.79082489013672,74.623779296875,75.37765502929688,67.8927230834961,76.72764587402344,79.140625,0,0,0,0,0,0,0,5,0,0,15.19343376159668,25769803776,0,17794252800,0
204,1790936300586,4,4,4,4,4,4,4,4,4,4,77.14752960205078,74.79082489013672,74.623779296875,75.37765502929688,67.8927230834961,76.72764587402344,79.140625,4.761904716491699,4.761904716491699,0,0,0,0,5,0,0,0,15.264872550964355,25769803776,0,17794252800,0
204,1790936300791,4,4,4,4,4,4,4,4,4,4,77.14752960205078,74.79082489013672,74.623779296875,75.37765502929688,67.8927230834961,76.72764587402344,79.140625,4.761904716491699,0,0,0,0,0,0,9.523809432983398,0,0,15.264872550964355,25769803776,0,17794252800,0
204,1790936300996,4,4,4,4,4,4,4,4,4,4,77.14752960205078,74.79082489013672,74.623779296875,75.37765502929688,67.8927230834961,76.72764587402344,79.140625,0,4.761904716491699,0,0,0,0,0,5,0,0,15.264872550964355,25769803776,0,17794187264,0
204,1790936301201,4,4,4,4,4,4,4,4,4,4,77.1502456665039,74.83566284179688,74.62494659423828,75.43177795410156,67.88082122802734,76.76280975341797,84.09375,5,0,4.761904716491699,0,0,0,0,9.523809432983398,0,0,15.264872550964355,25769803776,0,17794187264,0
204,1790936301406,4,4,4,4,4,4,4,4,4,4,77.1502456665039,74.83566284179688,74.62494659423828,75.43177795410156,67.88082122802734,76.76280975341797,84.09375,4.761904716491699,0,0,0,0,0,0,5,4.761904716491699,0,15.264872550964355,25769803776,0,17794187264,0
204,1790936301611,4,4,4,4,4,4,4,4,4,4,77.1502456665039,74.83566284179688,74.62494659423828,75.43177795410156,67.88082122802734,76.76280975341797,84.09375,4.761904716491699,4.545454502105713,4.761904716491699,0,0,0,4.545454502105713,4.761904716491699,0,0,15.168458938598633,25769803776,0,17794187264,0
201,1790936301816,4,4,4,4,4,4,4,4,4,4,77.1502456665039,74.83566284179688,74.62494659423828,75.43177795410156,67.88082122802734,76.76280975341797,84.09375,0,4.761904716491699,0,0,0,4.761904716491699,0,4.761904716491699,4.545454502105713,0,15.168458938598633,25769803776,0,17794187264,0
204,1790936302018,4,4,4,4,4,4,4,4,4,4,77.1502456665039,74.83566284179688,74.62494659423828,75.43177795410156,67.88082122802734,76.76280975341797,84.09375,0,0,0,0,0,0,0,0,0,5,15.168458938598633,25769803776,0,17794220032,0
202,1790936302223,4,4,4,4,4,4,4,4,4,4,77.1949462890625,74.65083312988281,74.41341400146484,75.5852279663086,67.63652038574219,76.79503631591797,91.71875,4.761904716491699,0,0,0,0,0,0,5,0,4.761904716491699,15.168458938598633,25769803776,0,17794220032,0
204,1790936302425,4,4,4,4,4,4,4,4,4,4,77.1949462890625,74.65083312988281,74.41341400146484,75.5852279663086,67.63652038574219,76.79503631591797,91.71875,0,0,0,0,0,0,0,5,0,0,15.168458938598633,25769803776,0,17794269184,0
204,1790936302630,4,4,4,4,4,4,4,4,4,4,77.1949462890625,74.65083312988281,74.41341400146484,75.5852279663086,67.63652038574219,76.79503631591797,91.71875,4.761904716491699,0,0,0,0,0,0,5,0,0,15.269697189331055,25769803776,0,17794269184,0
204,1790936302835,4,4,4,4,4,4,4,4,4,4,77.1949462890625,74.65083312988281,74.41341400146484,75.5852279663086,67.63652038574219,76.79503631591797,91.71875,0,0,0,0,0,0,4.761904716491699,5,0,0,15.269697189331055,25769803776,0,17794269184,0
200,1790936303040,4,4,4,4,4,4,4,4,4,4,77.14550018310547,74.770751953125,74.6998519897461,75.42515563964844,68.04825592041016,76.72547912597656,84.09375,0,0,0,0,0,0,4.761904716491699,9.090909004211426,0,0,15.269697189331055,25769803776,0,17794252800,0
204,1790936303240,4,4,4,4,4,4,4,4,4,4,77.14550018310547,74.770751953125,74.6998519897461,75.42515563964844,68.04825592041016,76.72547912597656,84.09375,5,4.761904716491699,0,0,0,0,0,5.263157844543457,0,0,15.269697189331055,25769803776,0,17794252800,0
202,1790936303445,4,4,4,4,4,4,4,4,4,4,77.14550018310547,74.770751953125,74.6998519897461,75.42515563964844,68.04825592041016,76.72547912597656,84.09375,4.761904716491699,0,0,0,0,0,0,9.090909004211426,0,0,15.269697189331055,25769803776,0,17794252800,0
204,1790936303648,4,4,4,4,4,4,4,4,4,4,77.14550018310547,74.770751953125,74.6998519897461,75.42515563964844,68.04825592041016,76.72547912597656,84.09375,4.761904716491699,0,0,0,0,0,0,0,0,0,15.19239616394043,25769803776,0,17794252800,0
202,1790936303853,4,4,4,4,4,4,4,4,4,4,77.14550018310547,74.770751953125,74.6998519897461,75.42515563964844,68.04825592041016,76.72547912597656,84.09375,0,0,0,0,0,0,0,9.523809432983398,4.761904716491699,0,15.19239616394043,25769803776,0,17794252800,0
204,1790936304055,4,4,4,4,4,4,4,4,4,4,77.14445495605469,74.75704956054688,74.68537902832031,75.37710571289063,68.02572631835938,76.74111938476563,79.140625,0,0,0,0,0,0,0,5,0,0,15.19239616394043,25769803776,0,17794138112,0
204,1790936304260,4,4,4,4,4,4,4,4,4,4,77.14445495605469,74.75704956054688,74.68537902832031,75.37710571289063,68.02572631835938,76.74111938476563,79.140625,0,4.761904716491699,0,0,0,0,4.761904716491699,5,0,0,15.19239616394043,25769803776,0,17794138112,0
204,1790936304465,4,4,4,4,4,4,4,4,4,4,77.14445495605469,74.75704956054688,74.68537902832031,75.37710571289063,68.02572631835938,76.74111938476563,79.140625,4.761904716491699,0,0,0,0,0,0,9.523809432983398,0,0,15.19239616394043,25769803776,0,17794138112,0
204,1790936304670,4,4,4,4,4,4,4,4,4,4,77.14445495605469,74.75704956054688,74.68537902832031,75.37710571289063,68.02572631835938,76.74111938476563,79.140625,0,4.545454502105713,0,0,0,0,0,5,0,0,15.117502212524414,25769803776,0,17794138112,0
204,1790936304875,4,4,4,4,4,4,4,4,4,4,77.14445495605469,74.75704956054688,74.68537902832031,75.37710571289063,68.02572631835938,76.74111938476563,79.140625,9.523809432983398,0,0,4.545454502105713,4.545454502105713,0,4.761904716491699,4.761904716491699,0,0,15.117502212524414,25769803776,0,17794138112,0
204,1790936305080,4,4,4,4,4,4,4,4,4,4,77.13545989990234,74.77387237548828,74.61974334716797,75.40560150146484,67.89661407470703,76.71862030029297,79.265625,0,0,0,0,0,0,0,4.761904716491699,0,0,15.117502212524414,25769803776,0,17794220032,0
204,1790936305285,4,4,4,4,4,4,4,4,4,4,77.13545989990234,74.77387237548828,74.61974334716797,75.40560150146484,67.89661407470703,76.71862030029297,79.265625,0,0,0,0,0,0,0,0,9.523809432983398,0,15.117502212524414,25769803776,0,17794334720,0
204,1790936305490,4,4,4,4,4,4,4,4,4,4,77.13545989990234,74.77387237548828,74.61974334716797,75.40560150146484,67.89661407470703,76.71862030029297,79.265625,4.761904716491699,0,0,0,0,0,0,0,0,5,15.117502212524414,25769803776,0,17794334720,0
200,1790936305695,4,4,4,4,4,4,4,4,4,4,77.13545989990234,74.77387237548828,74.61974334716797,75.40560150146484,67.89661407470703,76.71862030029297,79.265625,0,4.545454502105713,4.761904716491699,0,0,0,5,0,0,0,15.139986038208008,25769803776,0,17794318336,0
204,1790936305896,4,4,4,4,4,4,4,4,4,4,77.13545989990234,74.77387237548828,74.61974334716797,75.40560150146484,67.89661407470703,76.71862030029297,79.265625,0,0,0,0,0,0,0,9.523809432983398,0,0,15.139986038208008,25769803776,0,17794318336,0
202,1790936306101,4,4,4,4,4,4,4,4,4,4,77.29129791259766,74.86637878417969,74.2325210571289,75.6011962890625,67.30314636230469,76.96271514892578,91.71875,4.761904716491699,0,0,0,0,0,9.523809432983398,0,0,0,15.139986038208008,25769803776,0,17794351104,0
204,1790936306304,4,4,4,4,4,4,4,4,4,4,77.29129791259766,74.86637878417969,74.2325210571289,75.6011962890625,67.30314636230469,76.96271514892578,91.71875,0,0,4.545454502105713,0,0,0,0,4.761904716491699,4.761904716491699,0,15.139986038208008,25769803776,0,17794351104,0
204,1790936306509,4,4,4,4,4,4,4,4,4,4,77.29129791259766,74.86637878417969,74.2325210571289,75.6011962890625,67.30314636230469,76.96271514892578,91.71875,4.761904716491699,0,0,0,0,0,0,9.523809432983398,0,0,15.139986038208008,25769803776,0,17794383872,0
204,1790936306714,4,4,4,4,4,4,4,4,4,4,77.29129791259766,74.86637878417969,74.2325210571289,75.6011962890625,67.30314636230469,76.96271514892578,91.71875,5,75,0,4.761904716491699,0,0,0,0,0,0,15.102417945861816,25769803776,0,17794383872,0
204,1790936306919,4,4,4,4,4,4,4,4,4,4,77.29129791259766,74.86637878417969,74.2325210571289,75.6011962890625,67.30314636230469,76.96271514892578,91.71875,0,0,0,0,0,0,0,9.523809432983398,0,0,15.102417945861816,25769803776,0,17794383872,0
201,1790936307124,4,4,4,4,4,4,4,4,4,4,77.14891815185547,74.76119232177734,74.58880615234375,75.37920379638672,67.87027740478516,76.7485122680664,79.140625,0,4.761904716491699,0,0,0,0,4.545454502105713,5,0,0,15.102417945861816,25769803776,0,17794400256,0
204,1790936307325,4,4,4,4,4,4,4,4,4,4,77.14891815185547,74.76119232177734,74.58880615234375,75.37920379638672,67.87027740478516,76.7485122680664,79.140625,5,0,0,0,0,0,0,5,0,0,15.102417945861816,25769803776,0,17794252800,0
204,1790936307530,4,4,4,4,4,4,4,4,4,4,77.14891815185547,74.76119232177734,74.58880615234375,75.37920379638672,67.87027740478516,76.7485122680664,79.140625,0,0,0,0,0,0,0,9.523809432983398,0,0,15.068452835083008,25769803776,0,17794646016,0
204,1790936307735,4,4,4,4,4,4,4,4,4,4,77.14891815185547,74.76119232177734,74.58880615234375,75.37920379638672,67.87027740478516,76.7485122680664,79.140625,4.761904716491699,0,0,0,0,0,0,5,4.761904716491699,0,15.068452835083008,25769803776,0,17794646016,0
204,1790936307940,4,4,4,4,4,4,4,4,4,4,77.14891815185547,74.76119232177734,74.58880615234375,75.37920379638672,67.87027740478516,76.7485122680664,79.140625,0,0,0,0,0,0,9.523809432983398,0,0,0,15.068452835083008,25769803776,0,17794646016,0
204,1790936308145,4,4,4,4,4,4,4,4,4,4,77.11851501464844,74.9067153930664,74.67083740234375,75.36315155029297,67.92371368408203,76.70165252685547,79.140625,4.761904716491699,0,0,0,0,0,0,9.523809432983398,0,0,15.068452835083008,25769803776,0,17794662400,0
202,1790936308350,4,4,4,4,4,4,4,4,4,4,77.11851501464844,74.9067153930664,74.67083740234375,75.36315155029297,67.92371368408203,76.70165252685547,79.140625,4.761904716491699,4.761904716491699,0,0,0,0,0,5,0,0,15.068452835083008,25769803776,0,17794662400,0
200,1790936308553,4,4,4,4,4,4,4,4,4,4,77.11851501464844,74.9067153930664,74.67083740234375,75.36315155029297,67.92371368408203,76.70165252685547,79.140625,0,0,0,0,0,4.761904716491699,0,0,0,0,15.142365455627441,25769803776,0,17794662400,0
204,1790936308753,4,4,4,4,4,4,4,4,4,4,77.11851501464844,74.9067153930664,74.67083740234375,75.36315155029297,67.92371368408203,76.70165252685547,79.140625,4.761904716491699,0,0,0,0,0,0,9.523809432983398,0,0,15.142365455627441,25769803776,0,17794662400,0
204,1790936308958,4,4,4,4,4,4,4,4,4,4,77.11851501464844,74.9067153930664,74.67083740234375,75.36315155029297,67.92371368408203,76.70165252685547,79.140625,0,0,0,0,0,0,4.545454502105713,0,4.761904716491699,0,15.142365455627441,25769803776,0,17794662400,0
204,1790936309163,4,4,4,4,4,4,4,4,4,4,77.15199279785156,74.7442626953125,74.65672302246094,75.38121795654297,68.00037384033203,76.78150939941406,79.140625,0,0,0,0,0,0,0,5,0,0,15.142365455627441,25769803776,0,17794940928,0
204,1790936309368,4,4,4,4,4,4,4,4,4,4,77.15199279785156,74.7442626953125,74.65672302246094,75.38121795654297,68.00037384033203,76.78150939941406,79.140625,4.761904716491699,4.761904716491699,0,0,4.761904716491699,0,0,0,5,0,15.142365455627441,25769803776,0,17794940928,0
204,1790936309573,4,4,4,4,4,4,4,4,4,4,77.15199279785156,74.7442626953125,74.65672302246094,75.38121795654297,68.00037384033203,76.78150939941406,79.140625,0,0,4.545454502105713,0,0,0,0,9.523809432983398,0,0,15.011025428771973,25769803776,0,17794940928,0
204,1790936309778,4,4,4,4,4,4,4,4,4,4,77.15199279785156,74.7442626953125,74.65672302246094,75.38121795654297,68.00037384033203,76.78150939941406,79.140625,9.090909004211426,4.761904716491699,0,0,0,0,4.761904716491699,5,0,0,15.011025428771973,25769803776,0,17794924544,0
204,1790936309983,4,4,4,4,4,4,4,4,4,4,77.15199279785156,74.7442626953125,74.65672302246094,75.38121795654297,68.00037384033203,76.78150939941406,79.140625,0,0,0,0,0,0,5,0,0,0,15.011025428771973,25769803776,0,17794924544,0
204,1790936310188,4,4,4,4,4,4,4,4,4,4,77.23358154296875,74.77910614013672,74.3328857421875,75.43037414550781,67.49301147460938,76.91275024414063,80.90625,0,0,0,0,0,0,0,9.523809432983398,4.761904716491699,0,15.011025428771973,25769803776,0,17794924544,0
204,1790936310393,4,4,4,4,4,4,4,4,4,4,77.23358154296875,74.77910614013672,74.3328857421875,75.43037414550781,67.49301147460938,76.91275024414063,80.90625,4.761904716491699,0,0,0,0,0,4.761904716491699,0,0,0,15.011025428771973,25769803776,0,17794924544,0
204,1790936310598,4,4,4,4,4,4,4,4,4,4,77.23358154296875,74.77910614013672,74.3328857421875,75.43037414550781,67.49301147460938,76.91275024414063,80.90625,0,4.761904716491699,0,0,0,0,0,5,4.761904716491699,0,15.060920715332031,25769803776,0,17794957312,0
204,1790936310804,4,4,4,4,4,4,4,4,4,4,77.23358154296875,74.77910614013672,74.3328857421875,75.43037414550781,67.49301147460938,76.91275024414063,80.90625,0,0,0,0,0,0,0,9.523809432983398,0,0,15.060920715332031,25769803776,0,17794842624,0
204,1790936311009,4,4,4,4,4,4,4,4,4,4,77.23358154296875,74.77910614013672,74.3328857421875,75.43037414550781,67.49301147460938,76.91275024414063,80.90625,15.000000953674316,0,4.761904716491699,4.761904716491699,0,0,9.523809432983398,10,0,0,15.060920715332031,25769803776,0,17794842624,0
204,1790936311214,4,4,4,4,4,4,4,4,4,4,77.16481018066406,74.89729309082031,74.65860748291016,75.37224578857422,67.93746948242188,76.79232025146484,79.375,10,5,0,0,0,0,4.761904716491699,9.523809432983398,4.545454502105713,0,15.060920715332031,25769803776,0,17815011328,0
204,1790936311419,4,4,4,4,4,4,4,4,4,4,77.16481018066406,74.89729309082031,74.65860748291016,75.37224578857422,67.93746948242188,76.79232025146484,79.375,5,9.090909004211426,4.761904716491699,0,0,0,4.761904716491699,4.761904716491699,0,0,15.060920715332031,25769803776,0,17814994944,0
204,1790936311624,4,4,4,4,4,4,4,4,4,4,77.16481018066406,74.89729309082031,74.65860748291016,75.37224578857422,67.93746948242188,76.79232025146484,79.375,9.523809432983398,0,4.761904716491699,0,0,0,0,5,0,0,15.041217803955078,25769803776,0,17814994944,0
204,1790936311829,4,4,4,4,4,4,4,4,4,4,77.16481018066406,74.89729309082031,74.65860748291016,75.37224578857422,67.93746948242188,76.79232025146484,79.375,4.761904716491699,0,0,4.761904716491699,4.761904716491699,0,0,9.523809432983398,0,0,15.041217803955078,25769803776,0,17814994944,0
204,1790936312034,4,4,4,4,4,4,4,4,4,4,77.00543212890625,74.74467468261719,74.56117248535156,75.32818603515625,67.78404998779297,76.56219482421875,80.90625,5,9.090909004211426,0,0,0,0,0,0,0,0,15.041217803955078,25769803776,0,17814994944,0
204,1790936312239,4,4,4,4,4,4,4,4,4,4,77.00543212890625,74.74467468261719,74.56117248535156,75.32818603515625,67.78404998779297,76.56219482421875,80.90625,30.000001907348633,10,4.761904716491699,0,0,0,0,4.761904716491699,0,0,15.041217803955078,25769803776,0,17824825344,0
200,1790936312444,4,4,4,4,4,4,4,4,4,4,77.00543212890625,74.74467468261719,74.56117248535156,75.32818603515625,67.78404998779297,76.56219482421875,80.90625,4.761904716491699,0,0,0,0,0,0,5,4.761904716491699,0,15.041217803955078,25769803776,0,17822187520,0
204,1790936312644,4,4,4,4,4,4,4,4,4,4,77.00543212890625,74.74467468261719,74.56117248535156,75.32818603515625,67.78404998779297,76.56219482421875,80.90625,0,0,0,0,0,0,0,5,0,0,14.670733451843262,25769803776,0,17822187520,0
201,1790936312849,4,4,4,4,4,4,4,4,4,4,77.00543212890625,74.74467468261719,74.56117248535156,75.32818603515625,67.78404998779297,76.56219482421875,80.90625,0,0,0,0,0,0,4.761904716491699,5,0,0,14.670733451843262,25769803776,0,17822187520,0
204,1790936313051,4,4,4,4,4,4,4,4,4,4,77.185546875,74.82201385498047,74.69788360595703,75.41535186767578,68.04741668701172,76.79423522949219,79.140625,9.090909004211426,0,4.761904716491699,0,0,0,0,9.523809432983398,4.761904716491699,0,14.670733451843262,25769803776,0,17822187520,0
201,1790936313256,4,4,4,4,4,4,4,4,4,4,77.185546875,74.82201385498047,74.69788360595703,75.41535186767578,68.04741668701172,76.79423522949219,79.140625,0,0,0,0,0,0,0,5,0,0,14.670733451843262,25769803776,0,17809260544,0
204,1790936313458,4,4,4,4,4,4,4,4,4,4,77.185546875,74.82201385498047,74.69788360595703,75.41535186767578,68.04741668701172,76.79423522949219,79.140625,4.761904716491699,4.761904716491699,0,0,0,0,4.761904716491699,9.523809432983398,0,0,14.670733451843262,25769803776,0,17807196160,0
202,1790936313663,4,4,4,4,4,4,4,4,4,4,77.185546875,74.82201385498047,74.69788360595703,75.41535186767578,68.04741668701172,76.79423522949219,79.140625,5.263157844543457,5,0,4.761904716491699,0,0,4.761904716491699,0,0,0,15.254617691040039,25769803776,0,17807310848,0
204,1790936313866,4,4,4,4,4,4,4,4,4,4,77.185546875,74.82201385498047,74.69788360595703,75.41535186767578,68.04741668701172,76.79423522949219,79.140625,5,5,0,0,0,0,0,9.523809432983398,0,0,15.254617691040039,25769803776,0,17807310848,0
204,1790936314071,4,4,4,4,4,4,4,4,4,4,77.09587860107422,74.8022689819336,74.67877960205078,75.34381103515625,68.02261352539063,76.6836166381836,79.140625,9.523809432983398,5,8.69565200805664,0,0,0,0,4.761904716491699,0,0,15.254617691040039,25769803776,0,17807310848,0
203,1790936314276,4,4,4,4,4,4,4,4,4,4,77.09587860107422,74.8022689819336,74.67877960205078,75.34381103515625,68.02261352539063,76.6836166381836,79.140625,0,0,0,0,0,0,0,5,4.761904716491699,0,15.254617691040039,25769803776,0,17807032320,0
202,1790936314479,4,4,4,4,4,4,4,4,4,4,77.09587860107422,74.8022689819336,74.67877960205078,75.34381103515625,68.02261352539063,76.6836166381836,79.140625,0,4.761904716491699,0,0,0,0,0,9.523809432983398,0,0,15.254617691040039,25769803776,0,17807048704,0
204,1790936314683,4,4,4,4,4,4,4,4,4,4,77.09587860107422,74.8022689819336,74.67877960205078,75.34381103515625,68.02261352539063,76.6836166381836,79.140625,4.761904716491699,0,0,0,0,0,0,5,0,0,15.010830879211426,25769803776,0,17806917632,0
204,1790936314888,4,4,4,4,4,4,4,4,4,4,77.09587860107422,74.8022689819336,74.67877960205078,75.34381103515625,68.02261352539063,76.6836166381836,79.140625,23.809524536132813,20,5.263157844543457,4.761904716491699,4.761904716491699,0,9.523809432983398,0,0,0,15.010830879211426,25769803776,0,17807556608,0
201,1790936315093,4,4,4,4,4,4,4,4,4,4,77.0528335571289,74.83199310302734,74.46949005126953,75.31027221679688,67.65926361083984,76.60736846923828,78.90625,0,9.523809432983398,0,0,0,0,0,9.523809432983398,0,0,15.010830879211426,25769803776,0,17807556608,0
204,1790936315294,4,4,4,4,4,4,4,4,4,4,77.0528335571289,74.83199310302734,74.46949005126953,75.31027221679688,67.65926361083984,76.60736846923828,78.90625,5,5,4.761904716491699,0,0,0,4.761904716491699,0,0,0,15.010830879211426,25769803776,0,17807572992,0
202,1790936315499,4,4,4,4,4,4,4,4,4,4,77.0528335571289,74.83199310302734,74.46949005126953,75.31027221679688,67.65926361083984,76.60736846923828,78.90625,47.619049072265625,42.85714340209961,15.000000953674316,14.285715103149414,10,5,0,0,0,0,15.010830879211426,25769803776,0,17807572992,0
200,1790936315702,4,4,4,4,4,4,4,4,4,4,77.0528335571289,74.83199310302734,74.46949005126953,75.31027221679688,67.65926361083984,76.60736846923828,78.90625,5,0,0,0,0,0,9.523809432983398,4.761904716491699,0,0,14.846364974975586,25769803776,0,17807572992,0
204,1790936315902,4,4,4,4,4,4,4,4,4,4,77.0528335571289,74.83199310302734,74.46949005126953,75.31027221679688,67.65926361083984,76.60736846923828,78.90625,4.761904716491699,0,0,0,0,0,0,9.523809432983398,4.761904716491699,0,14.846364974975586,25769803776,0,17807572992,0
202,1790936316107,4,4,4,4,4,4,4,4,4,4,77.12126159667969,75.03726959228516,74.51433563232422,75.35313415527344,67.69676208496094,76.7408676147461,79.84375,0,9.090909004211426,0,0,0,0,0,0,4.761904716491699,0,14.846364974975586,25769803776,0,17807572992,0
204,1790936316310,4,4,4,4,4,4,4,4,4,4,77.12126159667969,75.03726959228516,74.51433563232422,75.35313415527344,67.69676208496094,76.7408676147461,79.84375,5,0,0,0,0,0,4.761904716491699,0,0,0,14.846364974975586,25769803776,0,17809686528,0
204,1790936316515,4,4,4,4,4,4,4,4,4,4,77.12126159667969,75.03726959228516,74.51433563232422,75.35313415527344,67.69676208496094,76.7408676147461,79.84375,5,0,0,0,0,0,0,5,0,0,14.846364974975586,25769803776,0,17809686528,0
204,1790936316720,4,4,4,4,4,4,4,4,4,4,77.12126159667969,75.03726959228516,74.51433563232422,75.35313415527344,67.69676208496094,76.7408676147461,79.84375,4.761904716491699,4.761904716491699,9.090909004211426,0,0,0,0,9.523809432983398,0,0,15.381437301635742,25769803776,0,17809686528,0
204,1790936316925,4,4,4,4,4,4,4,4,4,4,77.12126159667969,75.03726959228516,74.51433563232422,75.35313415527344,67.69676208496094,76.7408676147461,79.84375,5.263157844543457,5,5,4.761904716491699,4.761904716491699,4.761904716491699,4.761904716491699,4.761904716491699,0,0,15.381437301635742,25769803776,0,17809686528,0
200,1790936317130,4,4,4,4,4,4,4,4,4,4,77.00716400146484,74.72276306152344,74.48855590820313,75.30581665039063,67.75624084472656,76.52584075927734,78.90625,9.090909004211426,9.523809432983398,0,0,20,0,0,9.523809432983398,0,0,15.381437301635742,25769803776,0,17809686528,0
204,1790936317331,4,4,4,4,4,4,4,4,4,4,77.00716400146484,74.72276306152344,74.48855590820313,75.30581665039063,67.75624084472656,76.52584075927734,78.90625,0,0,0,0,0,0,4.761904716491699,5,0,0,15.381437301635742,25769803776,0,17817419776,0
201,1790936317536,4,4,4,4,4,4,4,4,4,4,77.00716400146484,74.72276306152344,74.48855590820313,75.30581665039063,67.75624084472656,76.52584075927734,78.90625,4.761904716491699,4.761904716491699,4.761904716491699,0,4.545454502105713,0,0,0,0,0,14.715124130249023,25769803776,0,17816846336,0
200,1790936317738,4,4,4,4,4,4,4,4,4,4,77.00716400146484,74.72276306152344,74.48855590820313,75.30581665039063,67.75624084472656,76.52584075927734,78.90625,0,0,0,0,0,0,5,4.761904716491699,4.761904716491699,0,14.715124130249023,25769803776,0,17816846336,0
204,1790936317938,4,4,4,4,4,4,4,4,4,4,77.00716400146484,74.72276306152344,74.48855590820313,75.30581665039063,67.75624084472656,76.52584075927734,78.90625,5,0,0,0,0,0,0,9.523809432983398,0,0,14.715124130249023,25769803776,0,17816846336,0
204,1790936318143,4,4,4,4,4,4,4,4,4,4,77.0527572631836,74.80888366699219,74.5521240234375,75.31214904785156,67.78357696533203,76.62479400634766,78.90625,0,0,0,0,0,0,0,0,0,0,14.715124130249023,25769803776,0,17816846336,0
204,1790936318348,4,4,4,4,4,4,4,4,4,4,77.0527572631836,74.80888366699219,74.5521240234375,75.31214904785156,67.78357696533203,76.62479400634766,78.90625,0,0,0,0,0,0,4.761904716491699,9.523809432983398,0,0,14.715124130249023,25769803776,0,17816698880,0
204,1790936318553,4,4,4,4,4,4,4,4,4,4,77.0527572631836,74.80888366699219,74.5521240234375,75.31214904785156,67.78357696533203,76.62479400634766,78.90625,4.761904716491699,5,0,4.761904716491699,0,0,5,4.761904716491699,0,0,14.882749557495117,25769803776,0,17816698880,0
204,1790936318757,4,4,4,4,4,4,4,4,4,4,77.0527572631836,74.80888366699219,74.5521240234375,75.31214904785156,67.78357696533203,76.62479400634766,78.90625,0,0,0,0,0,0,0,0,4.545454502105713,0,14.882749557495117,25769803776,0,17818451968,0
204,1790936318963,4,4,4,4,4,4,4,4,4,4,77.0527572631836,74.80888366699219,74.5521240234375,75.31214904785156,67.78357696533203,76.62479400634766,78.90625,9.523809432983398,5,0,0,0,0,0,0,0,0,14.882749557495117,25769803776,0,17816616960,0
204,1790936319168,4,4,4,4,4,4,4,4,4,4,77.00669860839844,74.7420654296875,74.52597045898438,75.3061752319336,67.74549102783203,76.56028747558594,78.90625,0,0,0,0,0,0,0,9.523809432983398,0,0,14.882749557495117,25769803776,0,17816616960,0
204,1790936319373,4,4,4,4,4,4,4,4,4,4,77.00669860839844,74.7420654296875,74.52597045898438,75.3061752319336,67.74549102783203,76.56028747558594,78.90625,0,0,4.761904716491699,0,0,0,0,5,0,0,14.882749557495117,25769803776,0,17816649728,0
204,1790936319578,4,4,4,4,4,4,4,4,4,4,77.00669860839844,74.7420654296875,74.52597045898438,75.3061752319336,67.74549102783203,76.56028747558594,78.90625,9.523809432983398,9.090909004211426,0,0,4.761904716491699,0,4.761904716491699,9.523809432983398,4.761904716491699,0,14.78403091430664,25769803776,0,17816862720,0
204,1790936319783,4,4,4,4,4,4,4,4,4,4,77.00669860839844,74.7420654296875,74.52597045898438,75.3061752319336,67.74549102783203,76.56028747558594,78.90625,4.761904716491699,0,0,4.761904716491699,0,0,0,5,0,0,14.78403091430664,25769803776,0,17816813568,0
204,1790936319988,4,4,4,4,4,4,4,4,4,4,77.00669860839844,74.7420654296875,74.52597045898438,75.3061752319336,67.74549102783203,76.56028747558594,78.90625,0,0,4.761904716491699,0,0,0,0,4.761904716491699,0,0,14.78403091430664,25769803776,0,17816813568,0
200,1790936320193,4,4,4,4,4,4,4,4,4,4,76.977294921875,74.64229583740234,74.47907257080078,75.31214904785156,67.73503875732422,76.47463989257813,79.140625,0,0,0,0,0,0,4.761904716491699,5,0,4.761904716491699,14.78403091430664,25769803776,0,17816813568,0
200,1790936320393,4,4,4,4,4,4,4,4,4,4,76.977294921875,74.64229583740234,74.47907257080078,75.31214904785156,67.73503875732422,76.47463989257813,79.140625,4.761904716491699,0,0,0,0,0,0,5,0,0,14.78403091430664,25769803776,0,17816535040,0
200,1790936320594,4,4,4,4,4,4,4,4,4,4,76.977294921875,74.64229583740234,74.47907257080078,75.31214904785156,67.73503875732422,76.47463989257813,79.140625,0,5,0,0,0,0,5,4.761904716491699,0,0,14.86982536315918,25769803776,0,17816698880,0
204,1790936320794,4,4,4,4,4,4,4,4,4,4,76.977294921875,74.64229583740234,74.47907257080078,75.31214904785156,67.73503875732422,76.47463989257813,79.140625,0,0,0,0,0,0,0,5.263157844543457,0,0,14.86982536315918,25769803776,0,17816616960,0
204,1790936320999,4,4,4,4,4,4,4,4,4,4,76.977294921875,74.64229583740234,74.47907257080078,75.31214904785156,67.73503875732422,76.47463989257813,79.140625,4.761904716491699,0,0,0,0,0,0,4.761904716491699,0,0,14.86982536315918,25769803776,0,17816616960,0
204,1790936321204,4,4,4,4,4,4,4,4,4,4,76.98011779785156,74.77562713623047,74.52826690673828,75.29913330078125,67.74636840820313,76.52735900878906,78.90625,4.761904716491699,14.285715103149414,0,0,0,0,4.761904716491699,9.523809432983398,0,0,14.86982536315918,25769803776,0,17816616960,0
204,1790936321409,4,4,4,4,4,4,4,4,4,4,76.98011779785156,74.77562713623047,74.52826690673828,75.29913330078125,67.74636840820313,76.52735900878906,78.90625,4.761904716491699,0,4.545454502105713,0,0,0,0,5,4.545454502105713,0,14.86982536315918,25769803776,0,17813929984,0
204,1790936321614,4,4,4,4,4,4,4,4,4,4,76.98011779785156,74.77562713623047,74.52826690673828,75.29913330078125,67.74636840820313,76.52735900878906,78.90625,0,0,0,0,0,0,0,5,0,0,14.914910316467285,25769803776,0,17813946368,0
204,1790936321819,4,4,4,4,4,4,4,4,4,4,76.98011779785156,74.77562713623047,74.52826690673828,75.29913330078125,67.74636840820313,76.52735900878906,78.90625,5,0,0,0,0,0,0,5,0,0,14.914910316467285,25769803776,0,17813946368,0
204,1790936322024,4,4,4,4,4,4,4,4,4,4,76.98011779785156,74.60782623291016,74.49075317382813,75.29913330078125,67.70731353759766,76.52735900878906,78.90625,0,4.761904716491699,0,0,0,0,4.761904716491699,4.761904716491699,0,0,14.914910316467285,25769803776,0,17813946368,0
204,1790936322229,4,4,4,4,4,4,4,4,4,4,76.9442367553711,74.60782623291016,74.49075317382813,75.2975082397461,67.70731353759766,76.4764175415039,78.90625,0,0,0,0,0,0,4.761904716491699,0,0,0,14.914910316467285,25769803776,0,17813946368,0
204,1790936322434,4,4,4,4,4,4,4,4,4,4,76.9442367553711,74.60782623291016,74.49075317382813,75.2975082397461,67.70731353759766,76.4764175415039,78.90625,4.761904716491699,0,0,0,0,0,0,5,0,0,14.914910316467285,25769803776,0,17810784256,0
203,1790936322639,4,4,4,4,4,4,4,4,4,4,76.9442367553711,74.60782623291016,74.49075317382813,75.2975082397461,67.70731353759766,76.4764175415039,78.90625,0,0,0,0,0,0,0,5,0,0,14.757144927978516,25769803776,0,17810784256,0
204,1790936322842,4,4,4,4,4,4,4,4,4,4,76.9442367553711,74.60782623291016,74.49075317382813,75.2975082397461,67.70731353759766,76.4764175415039,78.90625,4.761904716491699,0,0,0,0,0,0,9.523809432983398,8.69565200805664,0,14.757144927978516,25769803776,0,17810882560,0
202,1790936323047,4,4,4,4,4,4,4,4,4,4,76.92684173583984,74.67626190185547,74.49715423583984,75.29078674316406,67.70648956298828,76.46788787841797,78.90625,4.761904716491699,0,0,0,0,0,0,5,0,0,14.757144927978516,25769803776,0,17810866176,0
204,1790936323250,4,4,4,4,4,4,4,4,4,4,76.92684173583984,74.67626190185547,74.49715423583984,75.29078674316406,67.70648956298828,76.46788787841797,78.90625,0,0,0,0,0,0,5,0,0,0,14.757144927978516,25769803776,0,17810866176,0
204,1790936323455,4,4,4,4,4,4,4,4,4,4,76.92684173583984,74.67626190185547,74.49715423583984,75.29078674316406,67.70648956298828,76.46788787841797,78.90625,15.000000953674316,15.000000953674316,9.523809432983398,9.523809432983398,4.761904716491699,0,4.761904716491699,9.090909004211426,0,0,14.757144927978516,25769803776,0,17811144704,0
204,1790936323660,4,4,4,4,4,4,4,4,4,4,76.92684173583984,74.67626190185547,74.49715423583984,75.29078674316406,67.70648956298828,76.46788787841797,78.90625,10,31.81818199157715,5,4.761904716491699,0,0,0,5,0,0,14.751432418823242,25769803776,0,17811456000,0
204,1790936323865,4,4,4,4,4,4,4,4,4,4,76.92684173583984,74.67626190185547,74.49715423583984,75.29078674316406,67.70648956298828,76.46788787841797,78.90625,4.761904716491699,0,0,0,0,0,4.545454502105713,5,0,0,14.751432418823242,25769803776,0,17811488768,0
204,1790936324070,4,4,4,4,4,4,4,4,4,4,76.91314697265625,74.77339172363281,74.47711181640625,75.28611755371094,67.666015625,76.4645767211914,78.90625,5,9.090909004211426,4.761904716491699,0,0,0,0,9.523809432983398,0,0,14.751432418823242,25769803776,0,17811488768,0
202,1790936324275,4,4,4,4,4,4,4,4,4,4,76.91314697265625,74.77339172363281,74.47711181640625,75.28611755371094,67.666015625,76.4645767211914,78.90625,9.523809432983398,0,4.761904716491699,0,4.761904716491699,0,0,0,0,0,14.751432418823242,25769803776,0,17811488768,0
200,1790936324477,4,4,4,4,4,4,4,4,4,4,76.91314697265625,74.77339172363281,74.47711181640625,75.28611755371094,67.666015625,76.4645767211914,78.90625,0,0,0,0,0,0,0,9.523809432983398,0,0,14.751432418823242,25769803776,0,17811587072,0
204,1790936324678,4,4,4,4,4,4,4,4,4,4,76.91314697265625,74.77339172363281,74.47711181640625,75.28611755371094,67.666015625,76.4645767211914,78.90625,10,9.523809432983398,5,0,0,0,0,5.263157844543457,5,0,14.837514877319336,25769803776,0,17810096128,0
204,1790936324883,4,4,4,4,4,4,4,4,4,4,76.91314697265625,74.77339172363281,74.47711181640625,75.28611755371094,67.666015625,76.4645767211914,78.90625,4.761904716491699,0,0,0,0,0,0,9.523809432983398,0,0,14.837514877319336,25769803776,0,17810079744,0
204,1790936325088,4,4,4,4,4,4,4,4,4,4,76.87934875488281,74.58927154541016,74.46916961669922,75.28414154052734,67.68412780761719,76.40298461914063,78.671875,0,0,0,0,0,0,4.761904716491699,4.761904716491699,0,0,14.837514877319336,25769803776,0,17810079744,0
204,1790936325293,4,4,4,4,4,4,4,4,4,4,76.87934875488281,74.58927154541016,74.46916961669922,75.28414154052734,67.68412780761719,76.40298461914063,78.671875,0,0,0,0,0,0,0,9.523809432983398,0,0,14.837514877319336,25769803776,0,17810079744,0
204,1790936325498,4,4,4,4,4,4,4,4,4,4,76.87934875488281,74.58927154541016,74.46916961669922,75.28414154052734,67.68412780761719,76.40298461914063,78.671875,9.523809432983398,9.523809432983398,0,4.761904716491699,4.761904716491699,0,0,0,0,0,14.837514877319336,25769803776,0,17810554880,0
203,1790936325703,4,4,4,4,4,4,4,4,4,4,76.87934875488281,74.58927154541016,74.46916961669922,75.28414154052734,67.68412780761719,76.40298461914063,78.671875,0,0,0,0,0,0,0,0,0,0,14.90776252746582,25769803776,0,17813340160,0
204,1790936325907,4,4,4,4,4,4,4,4,4,4,76.87934875488281,74.58927154541016,74.46916961669922,75.28414154052734,67.68412780761719,76.40298461914063,78.671875,5,0,0,0,0,0,0,9.523809432983398,0,0,14.90776252746582,25769803776,0,17813340160,0
201,1790936326112,4,4,4,4,4,4,4,4,4,4,76.84313201904297,74.57597351074219,74.55992889404297,75.25434875488281,67.8176040649414,76.35453033447266,78.671875,0,0,0,0,0,0,4.761904716491699,4.761904716491699,0,0,14.90776252746582,25769803776,0,17813340160,0
200,1790936326313,4,4,4,4,4,4,4,4,4,4,76.84313201904297,74.57597351074219,74.55992889404297,75.25434875488281,67.8176040649414,76.35453033447266,78.671875,4.761904716491699,0,4.761904716491699,0,0,0,0,5,4.761904716491699,0,14.90776252746582,25769803776,0,17813340160,0
204,1790936326514,4,4,4,4,4,4,4,4,4,4,76.84313201904297,74.57597351074219,74.55992889404297,75.25434875488281,67.8176040649414,76.35453033447266,78.671875,0,0,0,0,0,0,4.761904716491699,10,0,0,14.90776252746582,25769803776,0,17810472960,0
204,1790936326719,4,4,4,4,4,4,4,4,4,4,76.84313201904297,74.57597351074219,74.55992889404297,75.25434875488281,67.8176040649414,76.35453033447266,78.671875,0,4.545454502105713,0,0,0,0,0,4.761904716491699,0,0,14.629201889038086,25769803776,0,17810472960,0
204,1790936326924,4,4,4,4,4,4,4,4,4,4,76.84313201904297,74.57597351074219,74.55992889404297,75.25434875488281,67.8176040649414,76.35453033447266,78.671875,4.761904716491699,0,0,0,0,0,4.761904716491699,0,0,0,14.629201889038086,25769803776,0,17810079744,0
204,1790936327129,4,4,4,4,4,4,4,4,4,4,76.83828735351563,74.61858367919922,74.41665649414063,75.25810241699219,67.58942413330078,76.35330200195313,78.671875,0,4.761904716491699,0,0,0,0,0,9.523809432983398,4.761904716491699,0,14.629201889038086,25769803776,0,17810079744,0
204,1790936327334,4,4,4,4,4,4,4,4,4,4,76.83828735351563,74.61858367919922,74.41665649414063,75.25810241699219,67.58942413330078,76.35330200195313,78.671875,4.761904716491699,0,5,0,0,0,0,5,0,0,14.629201889038086,25769803776,0,17810145280,0
201,1790936327539,4,4,4,4,4,4,4,4,4,4,76.83828735351563,74.61858367919922,74.41665649414063,75.25810241699219,67.58942413330078,76.35330200195313,78.671875,4.761904716491699,0,4.761904716491699,4.545454502105713,0,0,0,9.523809432983398,0,0,14.662497520446777,25769803776,0,17810653184,0
200,1790936327741,4,4,4,4,4,4,4,4,4,4,76.83828735351563,74.61858367919922,74.41665649414063,75.25810241699219,67.58942413330078,76.35330200195313,78.671875,0,5,0,0,0,0,5,0,0,0,14.662497520446777,25769803776,0,17810604032,0
204,1790936327941,4,4,4,4,4,4,4,4,4,4,76.83828735351563,74.61858367919922,74.41665649414063,75.25810241699219,67.58942413330078,76.35330200195313,78.671875,4.761904716491699,0,0,0,0,0,0,5,4.761904716491699,0,14.662497520446777,25769803776,0,17810604032,0
204,1790936328146,4,4,4,4,4,4,4,4,4,4,76.8238525390625,74.53477478027344,74.45326232910156,75.26579284667969,67.61851501464844,76.35295104980469,80.90625,0,4.761904716491699,0,0,0,0,0,9.523809432983398,0,0,14.662497520446777,25769803776,0,17810604032,0
204,1790936328351,4,4,4,4,4,4,4,4,4,4,76.8238525390625,74.53477478027344,74.45326232910156,75.26579284667969,67.61851501464844,76.35295104980469,80.90625,4.761904716491699,0,0,0,0,0,4.545454502105713,5,0,0,14.662497520446777,25769803776,0,17810604032,0
204,1790936328556,4,4,4,4,4,4,4,4,4,4,76.8238525390625,74.53477478027344,74.45326232910156,75.26579284667969,67.61851501464844,76.35295104980469,80.90625,0,0,0,0,4.761904716491699,0,0,9.090909004211426,0,0,14.633256912231445,25769803776,0,17810456576,0
204,1790936328761,4,4,4,4,4,4,4,4,4,4,76.8238525390625,74.53477478027344,74.45326232910156,75.26579284667969,67.61851501464844,76.35295104980469,80.90625,4.761904716491699,0,0,0,0,0,0,5,0,0,14.633256912231445,25769803776,0,17809948672,0
204,1790936328966,4,4,4,4,4,4,4,4,4,4,76.8238525390625,74.53477478027344,74.45326232910156,75.26579284667969,67.61851501464844,76.35295104980469,80.90625,4.761904716491699,0,0,0,0,0,0,0,0,0,14.633256912231445,25769803776,0,17812013056,0
204,1790936329171,4,4,4,4,4,4,4,4,4,4,76.79779815673828,74.45146179199219,74.50989532470703,75.22085571289063,67.68243408203125,76.36192321777344,78.671875,0,0,0,0,0,0,0,4.761904716491699,0,4.545454502105713,14.633256912231445,25769803776,0,17809850368,0
204,1790936329377,4,4,4,4,4,4,4,4,4,4,76.79779815673828,74.45146179199219,74.50989532470703,75.22085571289063,67.68243408203125,76.36192321777344,78.671875,4.761904716491699,0,0,0,0,0,0,4.761904716491699,4.761904716491699,0,14.633256912231445,25769803776,0,17809850368,0
204,1790936329582,4,4,4,4,4,4,4,4,4,4,76.79779815673828,74.45146179199219,74.50989532470703,75.22085571289063,67.68243408203125,76.36192321777344,78.671875,0,0,0,0,0,0,0,9.523809432983398,0,0,14.548469543457031,25769803776,0,17809653760,0
204,1790936329787,4,4,4,4,4,4,4,4,4,4,76.79779815673828,74.45146179199219,74.50989532470703,75.22085571289063,67.68243408203125,76.36192321777344,78.671875,4.761904716491699,13.636363983154297,5,0,0,0,4.545454502105713,5,0,0,14.548469543457031,25769803776,0,17809719296,0
200,1790936329992,4,4,4,4,4,4,4,4,4,4,76.79779815673828,74.45146179199219,74.50989532470703,75.22085571289063,67.68243408203125,76.36192321777344,78.671875,0,0,0,0,0,0,0,9.523809432983398,0,0,14.548469543457031,25769803776,0,17809588224,0
204,1790936330192,4,4,4,4,4,4,4,4,4,4,76.74872589111328,74.39845275878906,74.38819122314453,75.20233154296875,67.53131103515625,76.27206420898438,81.15625,0,0,0,0,0,0,0,5,0,0,14.548469543457031,25769803776,0,17809588224,0
204,1790936330397,4,4,4,4,4,4,4,4,4,4,76.74872589111328,74.39845275878906,74.38819122314453,75.20233154296875,67.53131103515625,76.27206420898438,81.15625,4.761904716491699,0,0,0,0,0,4.761904716491699,0,0,0,14.548469543457031,25769803776,0,17809588224,0
204,1790936330602,4,4,4,4,4,4,4,4,4,4,76.74872589111328,74.39845275878906,74.38819122314453,75.20233154296875,67.53131103515625,76.27206420898438,81.15625,0,0,0,0,0,0,0,9.523809432983398,4.761904716491699,0,14.6029052734375,25769803776,0,17809440768,0
204,1790936330807,4,4,4,4,4,4,4,4,4,4,76.74872589111328,74.39845275878906,74.38819122314453,75.20233154296875,67.53131103515625,76.27206420898438,81.15625,4.761904716491699,4.761904716491699,0,0,0,0,0,5,4.545454502105713,0,14.6029052734375,25769803776,0,17809506304,0
201,1790936331012,4,4,4,4,4,4,4,4,4,4,76.74872589111328,74.39845275878906,74.38819122314453,75.20233154296875,67.53131103515625,76.27206420898438,81.15625,0,0,0,0,0,0,0,9.090909004211426,0,0,14.6029052734375,25769803776,0,17809227776,0
200,1790936331214,4,4,4,4,4,4,4,4,4,4,76.75840759277344,74.41320037841797,74.50852966308594,75.18916320800781,67.73578643798828,76.27294158935547,78.671875,0,0,0,0,0,0,5,0,0,0,14.6029052734375,25769803776,0,17809227776,0
200,1790936331415,4,4,4,4,4,4,4,4,4,4,76.75840759277344,74.41320037841797,74.50852966308594,75.18916320800781,67.73578643798828,76.27294158935547,78.671875,4.761904716491699,0,0,0,0,0,0,5,0,0,14.6029052734375,25769803776,0,17809260544,0
200,1790936331615,4,4,4,4,4,4,4,4,4,4,76.75840759277344,74.41320037841797,74.50852966308594,75.18916320800781,67.73578643798828,76.27294158935547,78.671875,5,0,0,4.761904716491699,0,0,5,0,0,0,14.567953109741211,25769803776,0,17809211392,0
200,1790936331816,4,4,4,4,4,4,4,4,4,4,76.75840759277344,74.41320037841797,74.50852966308594,75.18916320800781,67.73578643798828,76.27294158935547,78.671875,0,9.523809432983398,4.761904716491699,0,4.761904716491699,4.761904716491699,0,9.523809432983398,0,0,14.567953109741211,25769803776,0,17809457152,0
204,1790936332017,4,4,4,4,4,4,4,4,4,4,76.75840759277344,74.41320037841797,74.50852966308594,75.18916320800781,67.73578643798828,76.27294158935547,78.671875,10,5,5,0,0,4.761904716491699,5,5.263157844543457,0,0,14.567953109741211,25769803776,0,17809457152,0
202,1790936332222,4,4,4,4,4,4,4,4,4,4,76.68858337402344,74.55583953857422,74.29459381103516,75.13902282714844,67.29411315917969,76.25296020507813,78.4375,0,0,4.761904716491699,4.545454502105713,0,0,0,9.090909004211426,0,0,14.567953109741211,25769803776,0,17809457152,0
204,1790936332424,4,4,4,4,4,4,4,4,4,4,76.68858337402344,74.55583953857422,74.29459381103516,75.13902282714844,67.29411315917969,76.25296020507813,78.4375,4.761904716491699,0,0,0,0,0,4.761904716491699,0,4.761904716491699,0,14.567953109741211,25769803776,0,17809457152,0
200,1790936332629,4,4,4,4,4,4,4,4,4,4,76.68858337402344,74.55583953857422,74.29459381103516,75.13902282714844,67.29411315917969,76.25296020507813,78.4375,0,4.761904716491699,0,0,0,0,0,5,0,0,14.516759872436523,25769803776,0,17810014208,0
204,1790936332830,4,4,4,4,4,4,4,4,4,4,76.68858337402344,74.55583953857422,74.29459381103516,75.13902282714844,67.29411315917969,76.25296020507813,78.4375,5,0,0,0,0,0,0,9.523809432983398,0,0,14.516759872436523,25769803776,0,17810014208,0
204,1790936333035,4,4,4,4,4,4,4,4,4,4,76.65330505371094,74.38662719726563,74.36345672607422,75.10818481445313,67.45025634765625,76.20777130126953,80.3125,4.761904716491699,4.761904716491699,0,0,0,0,0,0,0,0,14.516759872436523,25769803776,0,17810014208,0
204,1790936333240,4,4,4,4,4,4,4,4,4,4,76.65330505371094,74.38662719726563,74.36345672607422,75.10818481445313,67.45025634765625,76.20777130126953,80.3125,0,0,4.761904716491699,0,0,0,0,5,0,0,14.516759872436523,25769803776,0,17810014208,0
204,1790936333445,4,4,4,4,4,4,4,4,4,4,76.65330505371094,74.38662719726563,74.36345672607422,75.10818481445313,67.45025634765625,76.20777130126953,80.3125,4.761904716491699,0,0,0,0,0,0,9.090909004211426,0,0,14.516759872436523,25769803776,0,17810014208,0
204,1790936333650,4,4,4,4,4,4,4,4,4,4,76.65330505371094,74.38662719726563,74.36345672607422,75.10818481445313,67.45025634765625,76.20777130126953,80.3125,0,0,0,0,0,0,0,5,0,0,14.609040260314941,25769803776,0,17810096128,0
202,1790936333855,4,4,4,4,4,4,4,4,4,4,76.65330505371094,74.38662719726563,74.36345672607422,75.10818481445313,67.45025634765625,76.20777130126953,80.3125,9.090909004211426,4.761904716491699,0,0,4.761904716491699,0,4.761904716491699,9.523809432983398,0,0,14.609040260314941,25769803776,0,17810194432,0
200,1790936334058,4,4,4,4,4,4,4,4,4,4,76.64554595947266,74.37297821044922,74.47450256347656,75.07659912109375,67.68871307373047,76.21004486083984,78.4375,0,4.761904716491699,0,0,0,0,0,5.263157844543457,4.761904716491699,0,14.609040260314941,25769803776,0,17810079744,0
204,1790936334258,4,4,4,4,4,4,4,4,4,4,76.64554595947266,74.37297821044922,74.47450256347656,75.07659912109375,67.68871307373047,76.21004486083984,78.4375,10.526315689086914,21.052631378173828,10.526315689086914,5,0,0,4.761904716491699,9.523809432983398,0,0,14.609040260314941,25769803776,0,17810325504,0
202,1790936334463,4,4,4,4,4,4,4,4,4,4,76.64554595947266,74.37297821044922,74.47450256347656,75.07659912109375,67.68871307373047,76.21004486083984,78.4375,14.285715103149414,4.761904716491699,4.761904716491699,0,0,0,0,5,0,0,14.609040260314941,25769803776,0,17810325504,0
200,1790936334666,4,4,4,4,4,4,4,4,4,4,76.64554595947266,74.37297821044922,74.47450256347656,75.07659912109375,67.68871307373047,76.21004486083984,78.4375,4.761904716491699,0,4.545454502105713,0,0,0,0,5,0,0,14.616534233093262,25769803776,0,17810423808,0
204,1790936334866,4,4,4,4,4,4,4,4,4,4,76.64554595947266,74.37297821044922,74.47450256347656,75.07659912109375,67.68871307373047,76.21004486083984,78.4375,52.6315803527832,25,10.526315689086914,5.263157844543457,5,0,0,5,0,0,14.616534233093262,25769803776,0,17813864448,0
204,1790936335071,4,4,4,4,4,4,4,4,4,4,76.62533569335938,74.46024322509766,74.36563110351563,75.05537414550781,67.47496032714844,76.18842315673828,78.4375,14.285715103149414,5,5,9.090909004211426,0,0,0,5,4.761904716491699,0,14.616534233093262,25769803776,0,17814061056,0
204,1790936335276,4,4,4,4,4,4,4,4,4,4,76.62533569335938,74.46024322509766,74.36563110351563,75.05537414550781,67.47496032714844,76.18842315673828,78.4375,0,4.761904716491699,0,0,0,0,0,9.090909004211426,0,0,14.616534233093262,25769803776,0,17811505152,0
204,1790936335480,4,4,4,4,4,4,4,4,4,4,76.62533569335938,74.46024322509766,74.36563110351563,75.05537414550781,67.47496032714844,76.18842315673828,78.4375,4.761904716491699,4.761904716491699,0,0,0,0,4.545454502105713,5,0,0,14.616534233093262,25769803776,0,17811603456,0
204,1790936335685,4,4,4,4,4,4,4,4,4,4,76.62533569335938,74.46024322509766,74.36563110351563,75.05537414550781,67.47496032714844,76.18842315673828,78.4375,0,0,0,0,0,0,0,9.523809432983398,4.761904716491699,0,14.601316452026367,25769803776,0,17811767296,0
204,1790936335890,4,4,4,4,4,4,4,4,4,4,76.62533569335938,74.46024322509766,74.36563110351563,75.05537414550781,67.47496032714844,76.18842315673828,78.4375,4.761904716491699,0,0,0,0,0,4.761904716491699,0,0,0,14.601316452026367,25769803776,0,17811603456,0
204,1790936336095,4,4,4,4,4,4,4,4,4,4,76.74327850341797,74.38969421386719,74.35851287841797,75.07210540771484,67.43096923828125,76.35462951660156,79.140625,0,0,0,0,0,0,0,0,5,0,14.601316452026367,25769803776,0,17811603456,0
202,1790936336300,4,4,4,4,4,4,4,4,4,4,76.74327850341797,74.38969421386719,74.35851287841797,75.07210540771484,67.43096923828125,76.35462951660156,79.140625,0,0,0,0,0,0,5,0,0,0,14.601316452026367,25769803776,0,17811603456,0
204,1790936336502,4,4,4,4,4,4,4,4,4,4,76.74327850341797,74.38969421386719,74.35851287841797,75.07210540771484,67.43096923828125,76.35462951660156,79.140625,42.85714340209961,35,10,0,9.523809432983398,10,4.761904716491699,5,0,0,14.601316452026367,25769803776,0,17811603456,0
204,1790936336707,4,4,4,4,4,4,4,4,4,4,76.74327850341797,74.38969421386719,74.35851287841797,75.07210540771484,67.43096923828125,76.35462951660156,79.140625,5,75,4.761904716491699,4.545454502105713,0,4.545454502105713,0,9.523809432983398,0,0,14.754108428955078,25769803776,0,17827217408,0
204,1790936336912,4,4,4,4,4,4,4,4,4,4,76.74327850341797,74.38969421386719,74.35851287841797,75.07210540771484,67.43096923828125,76.35462951660156,79.140625,0,0,0,0,0,0,0,5,0,0,14.754108428955078,25769803776,0,17827201024,0
204,1790936337117,4,4,4,4,4,4,4,4,4,4,76.5483169555664,74.47484588623047,74.34986114501953,74.91761779785156,67.38737487792969,76.08753204345703,78.4375,0,4.761904716491699,0,4.761904716491699,0,0,0,0,0,0,14.754108428955078,25769803776,0,17827201024,0
204,1790936337322,4,4,4,4,4,4,4,4,4,4,76.5483169555664,74.47484588623047,74.34986114501953,74.91761779785156,67.38737487792969,76.08753204345703,78.4375,9.090909004211426,0,0,0,0,0,0,9.090909004211426,0,0,14.754108428955078,25769803776,0,17827201024,0
204,1790936337527,4,4,4,4,4,4,4,4,4,4,76.5483169555664,74.47484588623047,74.34986114501953,74.91761779785156,67.38737487792969,76.08753204345703,78.4375,0,0,0,0,0,0,0,5,4.545454502105713,0,14.754108428955078,25769803776,0,17827201024,0
204,1790936337732,4,4,4,4,4,4,4,4,4,4,76.5483169555664,74.47484588623047,74.34986114501953,74.91761779785156,67.38737487792969,76.08753204345703,78.4375,9.090909004211426,4.761904716491699,0,0,0,0,0,9.523809432983398,0,0,14.35987663269043,25769803776,0,17827168256,0
200,1790936337936,4,4,4,4,4,4,4,4,4,4,76.5483169555664,74.47484588623047,74.34986114501953,74.91761779785156,67.38737487792969,76.08753204345703,78.4375,0,0,0,0,0,0,4.761904716491699,5,0,0,14.35987663269043,25769803776,0,17827135488,0
204,1790936338137,4,4,4,4,4,4,4,4,4,4,76.54578399658203,74.25019073486328,74.3050308227539,74.95789337158203,67.37432861328125,76.07955932617188,81.625,0,0,5,0,0,0,0,9.523809432983398,0,0,14.35987663269043,25769803776,0,17827135488,0
204,1790936338342,4,4,4,4,4,4,4,4,4,4,76.54578399658203,74.25019073486328,74.3050308227539,74.95789337158203,67.37432861328125,76.07955932617188,81.625,5,0,4.545454502105713,0,0,0,0,5,0,0,14.35987663269043,25769803776,0,17827119104,0
204,1790936338547,4,4,4,4,4,4,4,4,4,4,76.54578399658203,74.25019073486328,74.3050308227539,74.95789337158203,67.37432861328125,76.07955932617188,81.625,0,4.761904716491699,0,0,0,0,0,0,0,0,14.443918228149414,25769803776,0,17827119104,0
204,1790936338752,4,4,4,4,4,4,4,4,4,4,76.54578399658203,74.25019073486328,74.3050308227539,74.95789337158203,67.37432861328125,76.07955932617188,81.625,9.090909004211426,4.761904716491699,0,0,0,0,0,9.523809432983398,0,0,14.443918228149414,25769803776,0,17827315712,0
204,1790936338957,4,4,4,4,4,4,4,4,4,4,76.54578399658203,74.25019073486328,74.3050308227539,74.95789337158203,67.37432861328125,76.07955932617188,81.625,0,0,0,0,0,0,4.761904716491699,4.761904716491699,0,0,14.443918228149414,25769803776,0,17827168256,0
204,1790936339162,4,4,4,4,4,4,4,4,4,4,76.48241424560547,74.28135681152344,74.4101333618164,74.8741226196289,67.59796142578125,75.99706268310547,78.4375,4.761904716491699,0,0,0,4.761904716491699,0,0,9.523809432983398,4.761904716491699,0,14.443918228149414,25769803776,0,17827233792,0
204,1790936339367,4,4,4,4,4,4,4,4,4,4,76.48241424560547,74.28135681152344,74.4101333618164,74.8741226196289,67.59796142578125,75.99706268310547,78.4375,0,0,0,0,0,0,0,5,0,0,14.443918228149414,25769803776,0,17828610048,0
204,1790936339572,4,4,4,4,4,4,4,4,4,4,76.48241424560547,74.28135681152344,74.4101333618164,74.8741226196289,67.59796142578125,75.99706268310547,78.4375,0,0,0,0,0,0,4.761904716491699,0,0,0,14.455820083618164,25769803776,0,17826480128,0
204,1790936339777,4,4,4,4,4,4,4,4,4,4,76.48241424560547,74.28135681152344,74.4101333618164,74.8741226196289,67.59796142578125,75.99706268310547,78.4375,19.047618865966797,23.809524536132813,9.523809432983398,0,4.761904716491699,0,0,9.523809432983398,0,0,14.455820083618164,25769803776,0,17826840576,0
204,1790936339982,4,4,4,4,4,4,4,4,4,4,76.48241424560547,74.28135681152344,74.4101333618164,74.8741226196289,67.59796142578125,75.99706268310547,78.4375,10,5,0,9.523809432983398,0,0,0,5,0,0,14.455820083618164,25769803776,0,17826840576,0
204,1790936340187,4,4,4,4,4,4,4,4,4,4,76.43997192382813,74.20692443847656,74.37047576904297,74.82534790039063,67.50601959228516,75.92467498779297,79.03125,10,10,9.523809432983398,0,0,0,0,9.090909004211426,0,0,14.455820083618164,25769803776,0,17826840576,0
204,1790936340392,4,4,4,4,4,4,4,4,4,4,76.43997192382813,74.20692443847656,74.37047576904297,74.82534790039063,67.50601959228516,75.92467498779297,79.03125,4.761904716491699,9.090909004211426,0,0,0,0,0,5,0,0,14.455820083618164,25769803776,0,17826840576,0
201,1790936340597,4,4,4,4,4,4,4,4,4,4,76.43997192382813,74.20692443847656,74.37047576904297,74.82534790039063,67.50601959228516,75.92467498779297,79.03125,9.523809432983398,0,0,0,0,0,0,5,4.545454502105713,0,14.353047370910645,25769803776,0,17826840576,0
200,1790936340798,4,4,4,4,4,4,4,4,4,4,76.43997192382813,74.20692443847656,74.37047576904297,74.82534790039063,67.50601959228516,75.92467498779297,79.03125,0,0,0,0,0,0,9.523809432983398,4.761904716491699,0,0,14.353047370910645,25769803776,0,17826086912,0
204,1790936340999,4,4,4,4,4,4,4,4,4,4,76.43997192382813,74.20692443847656,74.37047576904297,74.82534790039063,67.50601959228516,75.92467498779297,79.03125,0,0,0,4.761904716491699,0,0,0,0,0,0,14.353047370910645,25769803776,0,17826185216,0
204,1790936341204,4,4,4,4,4,4,4,4,4,4,76.4469985961914,74.33018493652344,74.22620391845703,74.78667449951172,67.19792938232422,75.95586395263672,78.4375,0,0,0,0,0,0,0,5,0,0,14.353047370910645,25769803776,0,17826054144,0
204,1790936341409,4,4,4,4,4,4,4,4,4,4,76.4469985961914,74.33018493652344,74.22620391845703,74.78667449951172,67.19792938232422,75.95586395263672,78.4375,4.761904716491699,4.761904716491699,0,0,4.761904716491699,0,0,9.523809432983398,0,0,14.353047370910645,25769803776,0,17826054144,0
204,1790936341614,4,4,4,4,4,4,4,4,4,4,76.4469985961914,74.33018493652344,74.22620391845703,74.78667449951172,67.19792938232422,75.95586395263672,78.4375,4.761904716491699,0,0,0,0,0,0,5,4.545454502105713,0,14.674877166748047,25769803776,0,17825595392,0
204,1790936341818,4,4,4,4,4,4,4,4,4,4,76.4469985961914,74.33018493652344,74.22620391845703,74.78667449951172,67.19792938232422,75.95586395263672,78.4375,4.761904716491699,4.761904716491699,0,0,0,0,4.761904716491699,9.523809432983398,0,0,14.674877166748047,25769803776,0,17825726464,0
204,1790936342023,4,4,4,4,4,4,4,4,4,4,76.4469985961914,74.17494201660156,74.32540130615234,74.78667449951172,67.19792938232422,75.95586395263672,78.4375,0,0,4.545454502105713,0,0,0,0,4.761904716491699,0,0,14.674877166748047,25769803776,0,17825628160,0
204,1790936342228,4,4,4,4,4,4,4,4,4,4,76.39769744873047,74.17494201660156,74.32540130615234,74.72893524169922,67.45230865478516,75.92330932617188,78.4375,0,0,0,0,0,0,0,5,0,0,14.674877166748047,25769803776,0,17825710080,0
204,1790936342433,4,4,4,4,4,4,4,4,4,4,76.39769744873047,74.17494201660156,74.32540130615234,74.72893524169922,67.45230865478516,75.92330932617188,78.4375,4.761904716491699,0,0,4.545454502105713,0,0,0,9.523809432983398,0,0,14.674877166748047,25769803776,0,17825710080,0
204,1790936342638,4,4,4,4,4,4,4,4,4,4,76.39769744873047,74.17494201660156,74.32540130615234,74.72893524169922,67.45230865478516,75.92330932617188,78.4375,0,0,0,0,0,0,4.761904716491699,0,0,0,14.248697280883789,25769803776,0,17825710080,0
204,1790936342843,4,4,4,4,4,4,4,4,4,4,76.39769744873047,74.17494201660156,74.32540130615234,74.72893524169922,67.45230865478516,75.92330932617188,78.4375,5,4.761904716491699,0,0,0,0,5,4.761904716491699,0,0,14.248697280883789,25769803776,0,17825710080,0
204,1790936343048,4,4,4,4,4,4,4,4,4,4,76.31285095214844,74.22235870361328,74.11382293701172,74.68498229980469,67.0946044921875,75.82518768310547,78.203125,0,0,0,0,0,0,0,4.761904716491699,0,0,14.248697280883789,25769803776,0,17827495936,0
204,1790936343253,4,4,4,4,4,4,4,4,4,4,76.31285095214844,74.22235870361328,74.11382293701172,74.68498229980469,67.0946044921875,75.82518768310547,78.203125,9.090909004211426,0,4.761904716491699,0,0,0,0,4.761904716491699,0,0,14.248697280883789,25769803776,0,17825513472,0
204,1790936343458,4,4,4,4,4,4,4,4,4,4,76.31285095214844,74.22235870361328,74.11382293701172,74.68498229980469,67.0946044921875,75.82518768310547,78.203125,0,0,0,0,0,0,4.761904716491699,0,4.545454502105713,4.761904716491699,14.248697280883789,25769803776,0,17825480704,0
204,1790936343663,4,4,4,4,4,4,4,4,4,4,76.31285095214844,74.22235870361328,74.11382293701172,74.68498229980469,67.0946044921875,75.82518768310547,78.203125,0,4.761904716491699,0,0,4.761904716491699,0,0,9.090909004211426,0,0,14.264059066772461,25769803776,0,17825480704,0
204,1790936343868,4,4,4,4,4,4,4,4,4,4,76.31285095214844,74.22235870361328,74.11382293701172,74.68498229980469,67.0946044921875,75.82518768310547,78.203125,4.761904716491699,4.761904716491699,0,0,0,0,0,5,0,0,14.264059066772461,25769803776,0,17825300480,0
202,1790936344073,4,4,4,4,4,4,4,4,4,4,76.29878997802734,74.16336059570313,74.2681884765625,74.66647338867188,67.36308288574219,75.85527038574219,78.203125,0,0,0,0,0,0,4.545454502105713,5,0,0,14.264059066772461,25769803776,0,17825431552,0
204,1790936344276,4,4,4,4,4,4,4,4,4,4,76.29878997802734,74.16336059570313,74.2681884765625,74.66647338867188,67.36308288574219,75.85527038574219,78.203125,0,0,0,0,0,0,0,5,0,0,14.264059066772461,25769803776,0,17825431552,0
204,1790936344481,4,4,4,4,4,4,4,4,4,4,76.29878997802734,74.16336059570313,74.2681884765625,74.66647338867188,67.36308288574219,75.85527038574219,78.203125,4.761904716491699,0,0,0,0,0,0,4.761904716491699,0,0,14.264059066772461,25769803776,0,17825300480,0
204,1790936344686,4,4,4,4,4,4,4,4,4,4,76.29878997802734,74.16336059570313,74.2681884765625,74.66647338867188,67.36308288574219,75.85527038574219,78.203125,0,0,0,0,0,0,0,9.523809432983398,0,0,14.310665130615234,25769803776,0,17825300480,0
204,1790936344891,4,4,4,4,4,4,4,4,4,4,76.29878997802734,74.16336059570313,74.2681884765625,74.66647338867188,67.36308288574219,75.85527038574219,78.203125,4.761904716491699,4.761904716491699,4.761904716491699,0,0,0,0,5,4.545454502105713,0,14.310665130615234,25769803776,0,17825218560,0
204,1790936345096,4,4,4,4,4,4,4,4,4,4,76.29130554199219,74.08368682861328,74.23536682128906,74.67096710205078,67.35050201416016,75.7991714477539,80.4375,4.761904716491699,4.761904716491699,0,0,0,0,0,9.523809432983398,4.761904716491699,0,14.310665130615234,25769803776,0,17825300480,0
200,1790936345301,4,4,4,4,4,4,4,4,4,4,76.29130554199219,74.08368682861328,74.23536682128906,74.67096710205078,67.35050201416016,75.7991714477539,80.4375,5.263157844543457,5,5,0,0,0,0,5,0,0,14.310665130615234,25769803776,0,17825300480,0
203,1790936345502,4,4,4,4,4,4,4,4,4,4,76.29130554199219,74.08368682861328,74.23536682128906,74.67096710205078,67.35050201416016,75.7991714477539,80.4375,5,0,4.761904716491699,4.761904716491699,0,0,4.761904716491699,5,0,0,14.310665130615234,25769803776,0,17825300480,0
204,1790936345705,4,4,4,4,4,4,4,4,4,4,76.29130554199219,74.08368682861328,74.23536682128906,74.67096710205078,67.35050201416016,75.7991714477539,80.4375,9.090909004211426,4.761904716491699,0,0,0,0,0,5,0,0,14.202115058898926,25769803776,0,17825300480,0
204,1790936345910,4,4,4,4,4,4,4,4,4,4,76.29130554199219,74.08368682861328,74.23536682128906,74.67096710205078,67.35050201416016,75.7991714477539,80.4375,10,4.761904716491699,0,0,4.761904716491699,4.761904716491699,4.761904716491699,5,0,0,14.202115058898926,25769803776,0,17825562624,0
204,1790936346115,4,4,4,4,4,4,4,4,4,4,76.2314453125,74.10643005371094,74.14996337890625,74.58193969726563,67.21749114990234,75.73149108886719,78.203125,0,0,0,4.761904716491699,0,0,0,9.523809432983398,0,0,14.202115058898926,25769803776,0,17825562624,0
204,1790936346320,4,4,4,4,4,4,4,4,4,4,76.2314453125,74.10643005371094,74.14996337890625,74.58193969726563,67.21749114990234,75.73149108886719,78.203125,4.761904716491699,0,0,0,0,0,0,4.761904716491699,4.761904716491699,0,14.202115058898926,25769803776,0,17825562624,0
204,1790936346525,4,4,4,4,4,4,4,4,4,4,76.2314453125,74.10643005371094,74.14996337890625,74.58193969726563,67.21749114990234,75.73149108886719,78.203125,0,0,0,0,0,0,0,9.523809432983398,0,0,14.202115058898926,25769803776,0,17825562624,0
204,1790936346730,4,4,4,4,4,4,4,4,4,4,76.2314453125,74.10643005371094,74.14996337890625,74.58193969726563,67.21749114990234,75.73149108886719,78.203125,0,0,0,0,0,0,0,5,0,0,14.26190185546875,25769803776,0,17825693696,0
204,1790936346935,4,4,4,4,4,4,4,4,4,4,76.2314453125,74.10643005371094,74.14996337890625,74.58193969726563,67.21749114990234,75.73149108886719,78.203125,4.761904716491699,0,0,0,0,0,0,9.523809432983398,0,0,14.26190185546875,25769803776,0,17827315712,0
201,1790936347141,4,4,4,4,4,4,4,4,4,4,76.23078155517578,74.05351257324219,74.24354553222656,74.52359008789063,67.40889739990234,75.70745086669922,78.203125,5,4.761904716491699,0,0,0,0,0,0,0,0,14.26190185546875,25769803776,0,17825513472,0
204,1790936347342,4,4,4,4,4,4,4,4,4,4,76.23078155517578,74.05351257324219,74.24354553222656,74.52359008789063,67.40889739990234,75.70745086669922,78.203125,5,0,0,0,0,0,0,5,0,0,14.26190185546875,25769803776,0,17825267712,0
204,1790936347547,4,4,4,4,4,4,4,4,4,4,76.23078155517578,74.05351257324219,74.24354553222656,74.52359008789063,67.40889739990234,75.70745086669922,78.203125,0,0,8.69565200805664,0,0,0,0,9.523809432983398,0,0,14.141796112060547,25769803776,0,17825513472,0
204,1790936347752,4,4,4,4,4,4,4,4,4,4,76.23078155517578,74.05351257324219,74.24354553222656,74.52359008789063,67.40889739990234,75.70745086669922,78.203125,0,0,0,0,0,0,0,5,4.761904716491699,0,14.141796112060547,25769803776,0,17825529856,0
204,1790936347957,4,4,4,4,4,4,4,4,4,4,76.23078155517578,74.05351257324219,74.24354553222656,74.52359008789063,67.40889739990234,75.70745086669922,78.203125,9.090909004211426,0,0,0,0,0,0,9.523809432983398,0,0,14.141796112060547,25769803776,0,17825529856,0
204,1790936348162,4,4,4,4,4,4,4,4,4,4,76.17024993896484,74.01669311523438,74.14215087890625,74.47396087646484,67.27051544189453,75.6089096069336,78.203125,0,0,0,0,0,0,0,0,0,0,14.141796112060547,25769803776,0,17825529856,0
204,1790936348367,4,4,4,4,4,4,4,4,4,4,76.17024993896484,74.01669311523438,74.14215087890625,74.47396087646484,67.27051544189453,75.6089096069336,78.203125,4.761904716491699,4.545454502105713,0,0,0,0,4.761904716491699,9.090909004211426,0,0,14.141796112060547,25769803776,0,17825546240,0
204,1790936348572,4,4,4,4,4,4,4,4,4,4,76.17024993896484,74.01669311523438,74.14215087890625,74.47396087646484,67.27051544189453,75.6089096069336,78.203125,0,5,0,0,0,0,0,5,0,0,14.102081298828125,25769803776,0,17825546240,0
201,1790936348777,4,4,4,4,4,4,4,4,4,4,76.17024993896484,74.01669311523438,74.14215087890625,74.47396087646484,67.27051544189453,75.6089096069336,78.203125,4.761904716491699,0,0,0,0,0,4.761904716491699,5,0,0,14.102081298828125,25769803776,0,17825546240,0
204,1790936348978,4,4,4,4,4,4,4,4,4,4,76.17024993896484,74.01669311523438,74.14215087890625,74.47396087646484,67.27051544189453,75.6089096069336,78.203125,5,10,0,0,0,0,0,9.523809432983398,0,0,14.102081298828125,25769803776,0,17825579008,0
202,1790936349183,4,4,4,4,4,4,4,4,4,4,76.15852355957031,74.02182006835938,74.09687042236328,74.44805908203125,67.15834045410156,75.60466766357422,78.203125,5.263157844543457,5,5,9.090909004211426,4.761904716491699,5,0,0,4.761904716491699,0,14.102081298828125,25769803776,0,17825857536,0
204,1790936349386,4,4,4,4,4,4,4,4,4,4,76.15852355957031,74.02182006835938,74.09687042236328,74.44805908203125,67.15834045410156,75.60466766357422,78.203125,4.761904716491699,0,0,0,0,0,0,9.523809432983398,0,0,14.102081298828125,25769803776,0,17825857536,0
204,1790936349591,4,4,4,4,4,4,4,4,4,4,76.15852355957031,74.02182006835938,74.09687042236328,74.44805908203125,67.15834045410156,75.60466766357422,78.203125,5,4.761904716491699,4.761904716491699,0,4.545454502105713,0,4.761904716491699,4.761904716491699,0,0,14.191507339477539,25769803776,0,17825857536,0
204,1790936349796,4,4,4,4,4,4,4,4,4,4,76.15852355957031,74.02182006835938,74.09687042236328,74.44805908203125,67.15834045410156,75.60466766357422,78.203125,4.761904716491699,0,0,0,0,0,0,0,0,0,14.191507339477539,25769803776,0,17825857536,0
204,1790936350000,4,4,4,4,4,4,4,4,4,4,76.15852355957031,74.02182006835938,74.09687042236328,74.44805908203125,67.15834045410156,75.60466766357422,78.203125,0,0,0,0,0,0,9.523809432983398,0,0,0,14.191507339477539,25769803776,0,17825808384,0
204,1790936350205,4,4,4,4,4,4,4,4,4,4,76.11251831054688,74.16951751708984,73.93366241455078,74.40898132324219,66.88768768310547,75.55475616455078,77.953125,0,4.761904716491699,0,0,0,0,5,0,0,0,14.191507339477539,25769803776,0,17825808384,0
204,1790936350410,4,4,4,4,4,4,4,4,4,4,76.11251831054688,74.16951751708984,73.93366241455078,74.40898132324219,66.88768768310547,75.55475616455078,77.953125,9.090909004211426,0,0,0,0,0,9.090909004211426,4.545454502105713,0,0,14.191507339477539,25769803776,0,17825759232,0
204,1790936350615,4,4,4,4,4,4,4,4,4,4,76.11251831054688,74.16951751708984,73.93366241455078,74.40898132324219,66.88768768310547,75.55475616455078,77.953125,0,4.761904716491699,0,0,0,0,0,4.761904716491699,0,0,14.179315567016602,25769803776,0,17825759232,0
199,1790936350820,4,4,4,4,4,4,4,4,4,4,76.11251831054688,74.16951751708984,73.93366241455078,74.40898132324219,66.88768768310547,75.55475616455078,77.953125,0,0,0,0,0,0,5,0,4.761904716491699,0,14.179315567016602,25769803776,0,17825759232,0
204,1790936351020,4,4,4,4,4,4,4,4,4,4,76.11251831054688,74.16951751708984,73.93366241455078,74.40898132324219,66.88768768310547,75.55475616455078,77.953125,4.761904716491699,0,0,0,0,0,9.523809432983398,0,0,0,14.179315567016602,25769803776,0,17825300480,0
202,1790936351225,4,4,4,4,4,4,4,4,4,4,76.03031158447266,74.30793762207031,73.61959838867188,74.36012268066406,66.33777618408203,75.45465850830078,77.953125,0,0,0,0,0,0,5,0,0,0,14.179315567016602,25769803776,0,17825300480,0
204,1790936351428,4,4,4,4,4,4,4,4,4,4,76.03031158447266,74.30793762207031,73.61959838867188,74.36012268066406,66.33777618408203,75.45465850830078,77.953125,0,0,0,0,0,0,5,0,0,0,14.179315567016602,25769803776,0,17825300480,0
204,1790936351633,4,4,4,4,4,4,4,4,4,4,76.03031158447266,74.30793762207031,73.61959838867188,74.36012268066406,66.33777618408203,75.45465850830078,77.953125,4.761904716491699,0,4.761904716491699,0,0,0,5,0,4.545454502105713,0,14.135400772094727,25769803776,0,17825300480,0
204,1790936351838,4,4,4,4,4,4,4,4,4,4,76.03031158447266,74.30793762207031,73.61959838867188,74.36012268066406,66.33777618408203,75.45465850830078,77.953125,4.761904716491699,0,4.761904716491699,0,0,0,4.761904716491699,4.761904716491699,0,0,14.135400772094727,25769803776,0,17825300480,0
204,1790936352043,4,4,4,4,4,4,4,4,4,4,76.0250244140625,74.38634490966797,73.63185119628906,74.35108947753906,66.34465026855469,75.4969482421875,77.953125,4.761904716491699,4.761904716491699,0,0,0,0,5,0,0,0,14.135400772094727,25769803776,0,17825251328,0
200,1790936352248,4,4,4,4,4,4,4,4,4,4,76.0250244140625,74.38634490966797,73.63185119628906,74.35108947753906,66.34465026855469,75.4969482421875,77.953125,0,0,0,0,0,0,9.523809432983398,0,0,0,14.135400772094727,25769803776,0,17825300480,0
204,1790936352449,4,4,4,4,4,4,4,4,4,4,76.0250244140625,74.38634490966797,73.63185119628906,74.35108947753906,66.34465026855469,75.4969482421875,77.953125,4.761904716491699,4.761904716491699,0,0,0,0,5,0,0,0,14.135400772094727,25769803776,0,17825202176,0
200,1790936352654,4,4,4,4,4,4,4,4,4,4,76.0250244140625,74.38634490966797,73.63185119628906,74.35108947753906,66.34465026855469,75.4969482421875,77.953125,0,0,0,0,0,0,9.523809432983398,4.761904716491699,4.545454502105713,0,14.103662490844727,25769803776,0,17825202176,0
204,1790936352854,4,4,4,4,4,4,4,4,4,4,76.0250244140625,74.38634490966797,73.63185119628906,74.35108947753906,66.34465026855469,75.4969482421875,77.953125,0,0,0,0,0,0,5,0,0,0,14.103662490844727,25769803776,0,17825153024,0
204,1790936353059,4,4,4,4,4,4,4,4,4,4,75.97240447998047,74.30809020996094,73.57576751708984,74.35443115234375,66.24655151367188,75.41128540039063,81.15625,4.761904716491699,0,0,0,0,0,0,0,0,0,14.103662490844727,25769803776,0,17825153024,0
204,1790936353264,4,4,4,4,4,4,4,4,4,4,75.97240447998047,74.30809020996094,73.57576751708984,74.35443115234375,66.24655151367188,75.41128540039063,81.15625,0,0,0,0,0,0,9.523809432983398,4.761904716491699,0,0,14.103662490844727,25769803776,0,17825153024,0
200,1790936353469,4,4,4,4,4,4,4,4,4,4,75.97240447998047,74.30809020996094,73.57576751708984,74.35443115234375,66.24655151367188,75.41128540039063,81.15625,9.090909004211426,0,0,0,0,0,4.761904716491699,0,0,0,14.103662490844727,25769803776,0,17825153024,0
204,1790936353669,4,4,4,4,4,4,4,4,4,4,75.97240447998047,74.30809020996094,73.57576751708984,74.35443115234375,66.24655151367188,75.41128540039063,81.15625,0,5,0,0,0,0,0,5,0,0,14.002431869506836,25769803776,0,17825153024,0
204,1790936353874,4,4,4,4,4,4,4,4,4,4,75.97240447998047,74.30809020996094,73.57576751708984,74.35443115234375,66.24655151367188,75.41128540039063,81.15625,4.761904716491699,0,0,0,0,0,4.761904716491699,0,0,0,14.002431869506836,25769803776,0,17825153024,0
204,1790936354080,4,4,4,4,4,4,4,4,4,4,75.97053527832031,74.16127014160156,73.63936614990234,74.31127166748047,66.37837982177734,75.44060516357422,77.953125,0,0,0,0,0,0,4.761904716491699,0,4.761904716491699,0,14.002431869506836,25769803776,0,17825202176,0
204,1790936354285,4,4,4,4,4,4,4,4,4,4,75.97053527832031,74.16127014160156,73.63936614990234,74.31127166748047,66.37837982177734,75.44060516357422,77.953125,5,4.761904716491699,0,0,0,0,5,0,0,0,14.002431869506836,25769803776,0,17824481280,0
204,1790936354490,4,4,4,4,4,4,4,4,4,4,75.97053527832031,74.16127014160156,73.63936614990234,74.31127166748047,66.37837982177734,75.44060516357422,77.953125,0,0,0,0,0,0,4.761904716491699,4.761904716491699,4.545454502105713,0,14.002431869506836,25769803776,0,17824202752,0
204,1790936354695,4,4,4,4,4,4,4,4,4,4,75.97053527832031,74.16127014160156,73.63936614990234,74.31127166748047,66.37837982177734,75.44060516357422,77.953125,0,0,4.761904716491699,0,0,0,9.523809432983398,0,0,0,14.091682434082031,25769803776,0,17824153600,0
204,1790936354900,4,4,4,4,4,4,4,4,4,4,75.97053527832031,74.16127014160156,73.63936614990234,74.31127166748047,66.37837982177734,75.44060516357422,77.953125,4.761904716491699,0,0,0,0,0,5,0,0,0,14.091682434082031,25769803776,0,17824153600,0
204,1790936355105,4,4,4,4,4,4,4,4,4,4,75.99004364013672,74.29887390136719,73.55253601074219,74.2826156616211,66.22549438476563,75.41419982910156,77.71875,4.761904716491699,4.761904716491699,0,0,0,0,5,0,0,0,14.091682434082031,25769803776,0,17824104448,0
204,1790936355310,4,4,4,4,4,4,4,4,4,4,75.99004364013672,74.29887390136719,73.55253601074219,74.2826156616211,66.22549438476563,75.41419982910156,77.71875,0,0,0,0,0,0,4.761904716491699,0,0,0,14.091682434082031,25769803776,0,17824104448,0
204,1790936355515,4,4,4,4,4,4,4,4,4,4,75.99004364013672,74.29887390136719,73.55253601074219,74.2826156616211,66.22549438476563,75.41419982910156,77.71875,4.761904716491699,0,0,0,0,0,9.523809432983398,4.761904716491699,4.545454502105713,0,14.091682434082031,25769803776,0,17823858688,0
204,1790936355720,4,4,4,4,4,4,4,4,4,4,75.99004364013672,74.29887390136719,73.55253601074219,74.2826156616211,66.22549438476563,75.41419982910156,77.71875,0,0,0,0,0,0,5,0,0,0,14.024679183959961,25769803776,0,17823858688,0
204,1790936355925,4,4,4,4,4,4,4,4,4,4,75.99004364013672,74.29887390136719,73.55253601074219,74.2826156616211,66.22549438476563,75.41419982910156,77.71875,4.761904716491699,0,0,4.545454502105713,0,0,5,0,0,0,14.024679183959961,25769803776,0,17823858688,0
204,1790936356130,4,4,4,4,4,4,4,4,4,4,75.94951629638672,74.15050506591797,73.4909896850586,74.25080108642578,66.14930725097656,75.42102813720703,77.71875,0,0,0,0,0,0,9.090909004211426,0,0,0,14.024679183959961,25769803776,0,17823875072,0
204,1790936356335,4,4,4,4,4,4,4,4,4,4,75.94951629638672,74.15050506591797,73.4909896850586,74.25080108642578,66.14930725097656,75.42102813720703,77.71875,0,0,0,0,0,0,0,0,0,0,14.024679183959961,25769803776,0,17823875072,0
204,1790936356540,4,4,4,4,4,4,4,4,4,4,75.94951629638672,74.15050506591797,73.4909896850586,74.25080108642578,66.14930725097656,75.42102813720703,77.71875,4.761904716491699,0,0,4.761904716491699,0,0,9.523809432983398,0,4.761904716491699,0,14.034878730773926,25769803776,0,17823875072,0
204,1790936356745,4,4,4,4,4,4,4,4,4,4,75.94951629638672,74.15050506591797,73.4909896850586,74.25080108642578,66.14930725097656,75.42102813720703,77.71875,0,0,0,0,0,0,4.761904716491699,4.761904716491699,0,0,14.034878730773926,25769803776,0,17823825920,0
204,1790936356950,4,4,4,4,4,4,4,4,4,4,75.94951629638672,74.15050506591797,73.4909896850586,74.25080108642578,66.14930725097656,75.42102813720703,77.71875,4.761904716491699,4.761904716491699,0,0,4.545454502105713,0,5,4.545454502105713,0,0,14.034878730773926,25769803776,0,17823580160,0
204,1790936357155,4,4,4,4,4,4,4,4,4,4,75.90921783447266,74.25621032714844,73.53050994873047,74.19434356689453,66.20056915283203,75.37637329101563,77.71875,0,0,0,0,0,0,5,0,4.761904716491699,0,14.034878730773926,25769803776,0,17823285248,0
204,1790936357360,4,4,4,4,4,4,4,4,4,4,75.90921783447266,74.25621032714844,73.53050994873047,74.19434356689453,66.20056915283203,75.37637329101563,77.71875,9.523809432983398,10,5,0,0,0,4.761904716491699,0,4.761904716491699,0,14.034878730773926,25769803776,0,17823744000,0
204,1790936357565,4,4,4,4,4,4,4,4,4,4,75.90921783447266,74.25621032714844,73.53050994873047,74.19434356689453,66.20056915283203,75.37637329101563,77.71875,10,19.047618865966797,0,0,4.761904716491699,9.523809432983398,9.523809432983398,20,0,0,14.044214248657227,25769803776,0,17823744000,0
204,1790936357770,4,4,4,4,4,4,4,4,4,4,75.90921783447266,74.25621032714844,73.53050994873047,74.19434356689453,66.20056915283203,75.37637329101563,77.71875,4.761904716491699,0,4.761904716491699,0,0,0,0,15.000000953674316,0,0,14.044214248657227,25769803776,0,17823744000,0
204,1790936357975,4,4,4,4,4,4,4,4,4,4,75.90921783447266,74.25621032714844,73.53050994873047,74.19434356689453,66.20056915283203,75.37637329101563,77.71875,0,0,0,0,9.523809432983398,0,4.545454502105713,9.090909004211426,0,4.761904716491699,14.044214248657227,25769803776,0,17823744000,0
204,1790936358180,4,4,4,4,4,4,4,4,4,4,75.9905776977539,74.50336456298828,74.45814514160156,74.29029846191406,67.55233764648438,75.54557037353516,82.3125,4.761904716491699,0,0,0,0,0,0,5,0,0,14.044214248657227,25769803776,0,17824661504,0
204,1790936358385,4,4,4,4,4,4,4,4,4,4,75.9905776977539,74.50336456298828,74.45814514160156,74.29029846191406,67.55233764648438,75.54557037353516,82.3125,5,9.090909004211426,0,0,0,0,9.523809432983398,0,0,0,14.044214248657227,25769803776,0,17824694272,0
204,1790936358590,4,4,4,4,4,4,4,4,4,4,75.9905776977539,74.50336456298828,74.45814514160156,74.29029846191406,67.55233764648438,75.54557037353516,82.3125,4.761904716491699,0,4.761904716491699,0,0,4.761904716491699,0,0,4.761904716491699,0,14.113653182983398,25769803776,0,17824743424,0
204,1790936358795,4,4,4,4,4,4,4,4,4,4,75.9905776977539,74.50336456298828,74.45814514160156,74.29029846191406,67.55233764648438,75.54557037353516,82.3125,5,0,0,0,0,0,4.761904716491699,0,4.761904716491699,0,14.113653182983398,25769803776,0,17825054720,0
204,1790936359000,4,4,4,4,4,4,4,4,4,4,75.9905776977539,74.50336456298828,74.45814514160156,74.29029846191406,67.55233764648438,75.54557037353516,82.3125,0,0,0,0,0,0,4.761904716491699,9.523809432983398,0,0,14.113653182983398,25769803776,0,17825054720,0
204,1790936359205,4,4,4,4,4,4,4,4,4,4,75.93181610107422,74.01419830322266,73.53268432617188,74.18920135498047,66.2713851928711,75.4253158569336,77.71875,4.761904716491699,4.761904716491699,0,0,0,0,5,0,0,0,14.113653182983398,25769803776,0,17825038336,0
204,1790936359410,4,4,4,4,4,4,4,4,4,4,75.93181610107422,74.01419830322266,73.53268432617188,74.18920135498047,66.2713851928711,75.4253158569336,77.71875,5,4.761904716491699,0,4.761904716491699,0,0,9.523809432983398,0,0,0,14.113653182983398,25769803776,0,17825120256,0
204,1790936359615,4,4,4,4,4,4,4,4,4,4,75.93181610107422,74.01419830322266,73.53268432617188,74.18920135498047,66.2713851928711,75.4253158569336,77.71875,4.761904716491699,0,0,0,0,0,4.761904716491699,0,0,0,13.831478118896484,25769803776,0,17825234944,0
204,1790936359820,4,4,4,4,4,4,4,4,4,4,75.93181610107422,74.01419830322266,73.53268432617188,74.18920135498047,66.2713851928711,75.4253158569336,77.71875,0,0,0,0,0,0,5,0,4.761904716491699,0,13.831478118896484,25769803776,0,17825480704,0
204,1790936360025,4,4,4,4,4,4,4,4,4,4,75.93181610107422,74.26014709472656,73.46839904785156,74.18920135498047,66.11766052246094,75.4253158569336,77.71875,0,0,0,0,0,0,5,0,0,4.545454502105713,13.831478118896484,25769803776,0,17825480704,0
204,1790936360230,4,4,4,4,4,4,4,4,4,4,75.89044189453125,74.26014709472656,73.46839904785156,74.20353698730469,66.11766052246094,75.36701202392578,78.4375,9.090909004211426,4.761904716491699,0,0,0,0,4.761904716491699,4.761904716491699,0,0,13.831478118896484,25769803776,0,17825644544,0
204,1790936360435,4,4,4,4,4,4,4,4,4,4,75.89044189453125,74.26014709472656,73.46839904785156,74.20353698730469,66.11766052246094,75.36701202392578,78.4375,0,0,0,0,0,0,9.523809432983398,0,0,0,13.831478118896484,25769803776,0,17825644544,0
204,1790936360640,4,4,4,4,4,4,4,4,4,4,75.89044189453125,74.26014709472656,73.46839904785156,74.20353698730469,66.11766052246094,75.36701202392578,78.4375,4.761904716491699,0,0,0,0,0,5,0,0,0,14.303525924682617,25769803776,0,17825644544,0
203,1790936360845,4,4,4,4,4,4,4,4,4,4,75.89044189453125,74.26014709472656,73.46839904785156,74.20353698730469,66.11766052246094,75.36701202392578,78.4375,0,5,9.090909004211426,4.545454502105713,0,0,9.523809432983398,0,4.761904716491699,0,14.303525924682617,25769803776,0,17825955840,0
204,1790936361048,4,4,4,4,4,4,4,4,4,4,75.77851867675781,74.07266235351563,73.33148956298828,74.0302734375,65.97735595703125,75.32249450683594,77.484375,4.761904716491699,0,0,0,0,0,0,0,0,0,14.303525924682617,25769803776,0,17825955840,0
202,1790936361253,4,4,4,4,4,4,4,4,4,4,75.77851867675781,74.07266235351563,73.33148956298828,74.0302734375,65.97735595703125,75.32249450683594,77.484375,5,4.761904716491699,0,0,0,0,4.761904716491699,0,0,0,14.303525924682617,25769803776,0,17827823616,0
200,1790936361456,4,4,4,4,4,4,4,4,4,4,75.77851867675781,74.07266235351563,73.33148956298828,74.0302734375,65.97735595703125,75.32249450683594,77.484375,42.85714340209961,10.526315689086914,0,0,0,0,5,0,0,0,14.303525924682617,25769803776,0,17890689024,0
204,1790936361657,4,4,4,4,4,4,4,4,4,4,75.77851867675781,74.07266235351563,73.33148956298828,74.0302734375,65.97735595703125,75.32249450683594,77.484375,31.57894515991211,10,0,0,0,0,9.523809432983398,0,0,0,13.816364288330078,25769803776,0,17868259328,0
204,1790936361862,4,4,4,4,4,4,4,4,4,4,75.77851867675781,74.07266235351563,73.33148956298828,74.0302734375,65.97735595703125,75.32249450683594,77.484375,4.761904716491699,0,0,0,0,0,5,0,0,0,13.816364288330078,25769803776,0,17868259328,0
204,1790936362067,4,4,4,4,4,4,4,4,4,4,75.74260711669922,74.30309295654297,73.43474578857422,73.99720764160156,66.05365753173828,75.28892517089844,79.140625,0,4.761904716491699,0,4.761904716491699,0,0,5,0,0,0,13.816364288330078,25769803776,0,17868259328,0
204,1790936362272,4,4,4,4,4,4,4,4,4,4,75.74260711669922,74.30309295654297,73.43474578857422,73.99720764160156,66.05365753173828,75.28892517089844,79.140625,0,4.545454502105713,0,0,0,0,9.523809432983398,0,4.545454502105713,0,13.816364288330078,25769803776,0,17868537856,0
204,1790936362477,4,4,4,4,4,4,4,4,4,4,75.74260711669922,74.30309295654297,73.43474578857422,73.99720764160156,66.05365753173828,75.28892517089844,79.140625,9.523809432983398,5,4.761904716491699,0,0,0,5,4.761904716491699,0,0,13.816364288330078,25769803776,0,17868210176,0
204,1790936362682,4,4,4,4,4,4,4,4,4,4,75.74260711669922,74.30309295654297,73.43474578857422,73.99720764160156,66.05365753173828,75.28892517089844,79.140625,0,0,0,0,0,0,9.090909004211426,4.545454502105713,4.761904716491699,0,14.100181579589844,25769803776,0,17868210176,0
204,1790936362887,4,4,4,4,4,4,4,4,4,4,75.74260711669922,74.30309295654297,73.43474578857422,73.99720764160156,66.05365753173828,75.28892517089844,79.140625,15.000000953674316,28.571430206298828,4.761904716491699,0,0,0,0,0,0,0,14.100181579589844,25769803776,0,17868210176,0
204,1790936363092,4,4,4,4,4,4,4,4,4,4,75.74900817871094,74.13164520263672,73.3346939086914,73.99006652832031,65.96782684326172,75.29711151123047,79.96875,4.761904716491699,0,0,0,0,0,5,0,0,0,14.100181579589844,25769803776,0,17868210176,0
204,1790936363297,4,4,4,4,4,4,4,4,4,4,75.74900817871094,74.13164520263672,73.3346939086914,73.99006652832031,65.96782684326172,75.29711151123047,79.96875,0,0,0,0,0,0,9.090909004211426,0,0,0,14.100181579589844,25769803776,0,17856528384,0
204,1790936363502,4,4,4,4,4,4,4,4,4,4,75.74900817871094,74.13164520263672,73.3346939086914,73.99006652832031,65.96782684326172,75.29711151123047,79.96875,4.761904716491699,0,0,0,0,0,5,0,0,0,14.100181579589844,25769803776,0,17856413696,0
204,1790936363707,4,4,4,4,4,4,4,4,4,4,75.74900817871094,74.13164520263672,73.3346939086914,73.99006652832031,65.96782684326172,75.29711151123047,79.96875,42.85714340209961,14.285715103149414,4.761904716491699,9.523809432983398,4.761904716491699,0,5,0,0,0,13.848984718322754,25769803776,0,17858674688,0
204,1790936363912,4,4,4,4,4,4,4,4,4,4,75.74900817871094,74.13164520263672,73.3346939086914,73.99006652832031,65.96782684326172,75.29711151123047,79.96875,0,9.523809432983398,0,0,4.545454502105713,0,9.523809432983398,0,4.545454502105713,0,13.848984718322754,25769803776,0,17859510272,0
204,1790936364117,4,4,4,4,4,4,4,4,4,4,75.73291015625,73.97948455810547,73.27804565429688,73.94772338867188,65.91738891601563,75.29024505615234,80.5625,4.761904716491699,0,0,0,0,0,5,0,0,0,13.848984718322754,25769803776,0,17859510272,0
203,1790936364322,4,4,4,4,4,4,4,4,4,4,75.73291015625,73.97948455810547,73.27804565429688,73.94772338867188,65.91738891601563,75.29024505615234,80.5625,0,0,0,0,0,0,9.523809432983398,4.761904716491699,0,0,13.848984718322754,25769803776,0,17859526656,0
200,1790936364525,4,4,4,4,4,4,4,4,4,4,75.73291015625,73.97948455810547,73.27804565429688,73.94772338867188,65.91738891601563,75.29024505615234,80.5625,0,0,0,0,0,0,9.523809432983398,0,0,0,13.848984718322754,25769803776,0,17859526656,0
204,1790936364726,4,4,4,4,4,4,4,4,4,4,75.73291015625,73.97948455810547,73.27804565429688,73.94772338867188,65.91738891601563,75.29024505615234,80.5625,4.761904716491699,0,4.761904716491699,0,0,0,0,0,0,0,14.077386856079102,25769803776,0,17859526656,0
204,1790936364931,4,4,4,4,4,4,4,4,4,4,75.73291015625,73.97948455810547,73.27804565429688,73.94772338867188,65.91738891601563,75.29024505615234,80.5625,5,5,0,0,0,0,5,0,0,0,14.077386856079102,25769803776,0,17859526656,0
204,1790936365136,4,4,4,4,4,4,4,4,4,4,75.5356674194336,73.78450012207031,73.0899658203125,73.87158966064453,65.71792602539063,75.19942474365234,77.484375,4.761904716491699,4.545454502105713,0,0,0,0,9.523809432983398,4.545454502105713,8.69565200805664,0,14.077386856079102,25769803776,0,17859526656,0
204,1790936365341,4,4,4,4,4,4,4,4,4,4,75.5356674194336,73.78450012207031,73.0899658203125,73.87158966064453,65.71792602539063,75.19942474365234,77.484375,0,0,0,0,0,0,5,0,0,0,14.077386856079102,25769803776,0,17859379200,0
204,1790936365546,4,4,4,4,4,4,4,4,4,4,75.5356674194336,73.78450012207031,73.0899658203125,73.87158966064453,65.71792602539063,75.19942474365234,77.484375,0,0,0,0,0,0,5,0,0,0,13.925646781921387,25769803776,0,17859330048,0
204,1790936365751,4,4,4,4,4,4,4,4,4,4,75.5356674194336,73.78450012207031,73.0899658203125,73.87158966064453,65.71792602539063,75.19942474365234,77.484375,4.761904716491699,0,0,0,0,0,9.523809432983398,0,0,0,13.925646781921387,25769803776,0,17859330048,0
204,1790936365956,4,4,4,4,4,4,4,4,4,4,75.5356674194336,73.78450012207031,73.0899658203125,73.87158966064453,65.71792602539063,75.19942474365234,77.484375,4.761904716491699,0,0,0,0,0,0,0,0,0,13.925646781921387,25769803776,0,17859330048,0
204,1790936366161,4,4,4,4,4,4,4,4,4,4,75.5506362915039,73.69171905517578,73.06598663330078,73.8731460571289,65.701171875,75.21663665771484,79.484375,0,0,0,0,0,0,9.090909004211426,0,4.761904716491699,0,13.925646781921387,25769803776,0,17859330048,0
204,1790936366366,4,4,4,4,4,4,4,4,4,4,75.5506362915039,73.69171905517578,73.06598663330078,73.8731460571289,65.701171875,75.21663665771484,79.484375,4.761904716491699,0,0,0,0,0,5,4.761904716491699,0,0,13.925646781921387,25769803776,0,17859051520,0
204,1790936366571,4,4,4,4,4,4,4,4,4,4,75.5506362915039,73.69171905517578,73.06598663330078,73.8731460571289,65.701171875,75.21663665771484,79.484375,0,15.000000953674316,0,0,0,0,5,0,0,0,13.819981575012207,25769803776,0,17859051520,0
203,1790936366776,4,4,4,4,4,4,4,4,4,4,75.5506362915039,73.69171905517578,73.06598663330078,73.8731460571289,65.701171875,75.21663665771484,79.484375,5,61.904762268066406,0,0,0,0,0,9.523809432983398,0,0,13.819981575012207,25769803776,0,17859051520,0
204,1790936366980,4,4,4,4,4,4,4,4,4,4,75.5506362915039,73.69171905517578,73.06598663330078,73.8731460571289,65.701171875,75.21663665771484,79.484375,0,0,4.761904716491699,0,0,0,9.523809432983398,0,0,0,13.819981575012207,25769803776,0,17859051520,0
204,1790936367185,4,4,4,4,4,4,4,4,4,4,75.5584945678711,73.78792572021484,73.2098159790039,73.88671112060547,65.91100311279297,75.21154022216797,79.96875,5,4.761904716491699,4.761904716491699,0,0,0,5,0,0,0,13.819981575012207,25769803776,0,17859051520,0
204,1790936367390,4,4,4,4,4,4,4,4,4,4,75.5584945678711,73.78792572021484,73.2098159790039,73.88671112060547,65.91100311279297,75.21154022216797,79.96875,0,0,0,0,0,0,9.523809432983398,0,0,0,13.819981575012207,25769803776,0,17858478080,0
204,1790936367595,4,4,4,4,4,4,4,4,4,4,75.5584945678711,73.78792572021484,73.2098159790039,73.88671112060547,65.91100311279297,75.21154022216797,79.96875,9.090909004211426,0,0,0,0,0,4.761904716491699,0,4.761904716491699,0,13.820732116699219,25769803776,0,17858789376,0
204,1790936367800,4,4,4,4,4,4,4,4,4,4,75.5584945678711,73.78792572021484,73.2098159790039,73.88671112060547,65.91100311279297,75.21154022216797,79.96875,0,0,0,0,0,0,9.523809432983398,0,4.545454502105713,0,13.820732116699219,25769803776,0,17858707456,0
203,1790936368005,4,4,4,4,4,4,4,4,4,4,75.5584945678711,73.78792572021484,73.2098159790039,73.88671112060547,65.91100311279297,75.21154022216797,79.96875,4.761904716491699,4.761904716491699,0,0,0,0,5,0,0,0,13.820732116699219,25769803776,0,17860558848,0
200,1790936368209,4,4,4,4,4,4,4,4,4,4,75.51730346679688,73.82804107666016,73.08635711669922,73.8628158569336,65.7174072265625,75.17652130126953,78.796875,0,0,0,0,0,0,0,0,0,0,13.820732116699219,25769803776,0,17858134016,0
202,1790936368409,4,4,4,4,4,4,4,4,4,4,75.51730346679688,73.82804107666016,73.08635711669922,73.8628158569336,65.7174072265625,75.17652130126953,78.796875,0,0,0,0,0,0,5,9.090909004211426,0,0,13.820732116699219,25769803776,0,17858134016,0
204,1790936368612,4,4,4,4,4,4,4,4,4,4,75.51730346679688,73.82804107666016,73.08635711669922,73.8628158569336,65.7174072265625,75.17652130126953,78.796875,4.761904716491699,0,0,4.761904716491699,0,4.761904716491699,9.523809432983398,0,0,0,13.821849822998047,25769803776,0,17858199552,0
204,1790936368817,4,4,4,4,4,4,4,4,4,4,75.51730346679688,73.82804107666016,73.08635711669922,73.8628158569336,65.7174072265625,75.17652130126953,78.796875,0,0,0,4.761904716491699,0,0,5,0,0,0,13.821849822998047,25769803776,0,17858199552,0
202,1790936369022,4,4,4,4,4,4,4,4,4,4,75.51730346679688,73.82804107666016,73.08635711669922,73.8628158569336,65.7174072265625,75.17652130126953,78.796875,0,0,0,0,0,0,9.523809432983398,0,0,0,13.821849822998047,25769803776,0,17858199552,0
200,1790936369224,4,4,4,4,4,4,4,4,4,4,75.47183227539063,73.80665588378906,73.117431640625,73.845458984375,65.76781463623047,75.13491821289063,77.484375,5,9.090909004211426,4.761904716491699,0,0,0,5,0,0,0,13.821849822998047,25769803776,0,17858199552,0
204,1790936369425,4,4,4,4,4,4,4,4,4,4,75.47183227539063,73.80665588378906,73.117431640625,73.845458984375,65.76781463623047,75.13491821289063,77.484375,5,0,0,0,0,0,9.523809432983398,0,4.761904716491699,0,13.821849822998047,25769803776,0,17857495040,0
204,1790936369630,4,4,4,4,4,4,4,4,4,4,75.47183227539063,73.80665588378906,73.117431640625,73.845458984375,65.76781463623047,75.13491821289063,77.484375,4.761904716491699,0,0,0,0,0,0,0,0,0,13.829107284545898,25769803776,0,17857495040,0
204,1790936369835,4,4,4,4,4,4,4,4,4,4,75.47183227539063,73.80665588378906,73.117431640625,73.845458984375,65.76781463623047,75.13491821289063,77.484375,5,5,4.761904716491699,0,0,0,5,4.545454502105713,0,0,13.829107284545898,25769803776,0,17857527808,0
204,1790936370040,4,4,4,4,4,4,4,4,4,4,75.53447723388672,74.02017974853516,73.17364501953125,73.85961151123047,65.80874633789063,75.21244049072266,77.484375,4.761904716491699,0,0,0,0,0,9.523809432983398,0,0,0,13.829107284545898,25769803776,0,17857495040,0
204,1790936370245,4,4,4,4,4,4,4,4,4,4,75.53447723388672,74.02017974853516,73.17364501953125,73.85961151123047,65.80874633789063,75.21244049072266,77.484375,0,0,0,0,4.761904716491699,0,5,0,0,0,13.829107284545898,25769803776,0,17857511424,0
204,1790936370450,4,4,4,4,4,4,4,4,4,4,75.53447723388672,74.02017974853516,73.17364501953125,73.85961151123047,65.80874633789063,75.21244049072266,77.484375,0,0,0,0,0,0,9.523809432983398,0,0,0,13.829107284545898,25769803776,0,17857511424,0
204,1790936370655,4,4,4,4,4,4,4,4,4,4,75.53447723388672,74.02017974853516,73.17364501953125,73.85961151123047,65.80874633789063,75.21244049072266,77.484375,4.761904716491699,0,0,0,0,0,5,0,0,0,13.886523246765137,25769803776,0,17857511424,0
204,1790936370860,4,4,4,4,4,4,4,4,4,4,75.53447723388672,74.02017974853516,73.17364501953125,73.85961151123047,65.80874633789063,75.21244049072266,77.484375,0,4.761904716491699,0,0,0,0,9.090909004211426,0,0,0,13.886523246765137,25769803776,0,17857511424,0
201,1790936371065,4,4,4,4,4,4,4,4,4,4,75.49012756347656,73.83135986328125,73.09799194335938,73.8411865234375,65.727294921875,75.17059326171875,77.484375,4.761904716491699,0,0,0,4.761904716491699,0,5,4.761904716491699,4.761904716491699,0,13.886523246765137,25769803776,0,17857265664,0
204,1790936371267,4,4,4,4,4,4,4,4,4,4,75.49012756347656,73.83135986328125,73.09799194335938,73.8411865234375,65.727294921875,75.17059326171875,77.484375,0,0,4.761904716491699,0,0,0,0,0,0,0,13.886523246765137,25769803776,0,17857265664,0
202,1790936371472,4,4,4,4,4,4,4,4,4,4,75.49012756347656,73.83135986328125,73.09799194335938,73.8411865234375,65.727294921875,75.17059326171875,77.484375,5,0,0,0,0,0,4.761904716491699,0,0,0,13.886523246765137,25769803776,0,17857282048,0
204,1790936371674,4,4,4,4,4,4,4,4,4,4,75.49012756347656,73.83135986328125,73.09799194335938,73.8411865234375,65.727294921875,75.17059326171875,77.484375,4.761904716491699,0,0,0,0,0,9.523809432983398,0,0,0,13.849675178527832,25769803776,0,17857282048,0
204,1790936371879,4,4,4,4,4,4,4,4,4,4,75.49012756347656,73.83135986328125,73.09799194335938,73.8411865234375,65.727294921875,75.17059326171875,77.484375,0,9.090909004211426,0,0,0,0,0,4.761904716491699,0,0,13.849675178527832,25769803776,0,17857413120,0
204,1790936372084,4,4,4,4,4,4,4,4,4,4,75.4509506225586,73.90497589111328,73.13048553466797,73.82758331298828,65.75784301757813,75.12466430664063,77.484375,0,0,0,0,0,0,9.523809432983398,0,0,0,13.849675178527832,25769803776,0,17857429504,0
204,1790936372289,4,4,4,4,4,4,4,4,4,4,75.4509506225586,73.90497589111328,73.13048553466797,73.82758331298828,65.75784301757813,75.12466430664063,77.484375,9.523809432983398,0,5,4.761904716491699,0,0,4.761904716491699,0,8.69565200805664,0,13.849675178527832,25769803776,0,17857429504,0
204,1790936372494,4,4,4,4,4,4,4,4,4,4,75.4509506225586,73.90497589111328,73.13048553466797,73.82758331298828,65.75784301757813,75.12466430664063,77.484375,0,0,0,0,0,0,9.523809432983398,0,0,0,13.849675178527832,25769803776,0,17851498496,0
204,1790936372699,4,4,4,4,4,4,4,4,4,4,75.4509506225586,73.90497589111328,73.13048553466797,73.82758331298828,65.75784301757813,75.12466430664063,77.484375,4.761904716491699,0,0,0,0,0,5,0,0,0,13.797624588012695,25769803776,0,17851695104,0
204,1790936372904,4,4,4,4,4,4,4,4,4,4,75.4509506225586,73.90497589111328,73.13048553466797,73.82758331298828,65.75784301757813,75.12466430664063,77.484375,20,14.285715103149414,4.761904716491699,0,0,0,9.523809432983398,0,0,0,13.797624588012695,25769803776,0,17851695104,0
204,1790936373109,4,4,4,4,4,4,4,4,4,4,75.43531799316406,73.92131805419922,73.10258483886719,73.81855773925781,65.7147445678711,75.11051177978516,77.25,4.761904716491699,0,0,0,0,0,5,4.761904716491699,0,0,13.797624588012695,25769803776,0,17851695104,0
204,1790936373314,4,4,4,4,4,4,4,4,4,4,75.43531799316406,73.92131805419922,73.10258483886719,73.81855773925781,65.7147445678711,75.11051177978516,77.25,10,9.523809432983398,0,4.545454502105713,0,4.761904716491699,5,0,0,0,13.797624588012695,25769803776,0,17851695104,0
202,1790936373519,4,4,4,4,4,4,4,4,4,4,75.43531799316406,73.92131805419922,73.10258483886719,73.81855773925781,65.7147445678711,75.11051177978516,77.25,33.333335876464844,20,15.000000953674316,0,5,0,5,0,0,0,13.797624588012695,25769803776,0,17853513728,0
204,1790936373721,4,4,4,4,4,4,4,4,4,4,75.43531799316406,73.92131805419922,73.10258483886719,73.81855773925781,65.7147445678711,75.11051177978516,77.25,0,0,4.761904716491699,0,0,0,5,4.761904716491699,0,0,13.78451919555664,25769803776,0,17853530112,0
204,1790936373926,4,4,4,4,4,4,4,4,4,4,75.43531799316406,73.92131805419922,73.10258483886719,73.81855773925781,65.7147445678711,75.11051177978516,77.25,5.263157844543457,4.761904716491699,4.761904716491699,0,0,0,9.090909004211426,0,4.761904716491699,0,13.78451919555664,25769803776,0,17853448192,0
204,1790936374131,4,4,4,4,4,4,4,4,4,4,75.43103790283203,73.8392562866211,73.11972045898438,73.81375122070313,65.7388916015625,75.0890121459961,77.25,0,0,0,0,0,0,5,0,0,0,13.78451919555664,25769803776,0,17853431808,0
204,1790936374336,4,4,4,4,4,4,4,4,4,4,75.43103790283203,73.8392562866211,73.11972045898438,73.81375122070313,65.7388916015625,75.0890121459961,77.25,4.761904716491699,0,0,0,0,0,9.523809432983398,0,0,0,13.78451919555664,25769803776,0,17853399040,0
204,1790936374541,4,4,4,4,4,4,4,4,4,4,75.43103790283203,73.8392562866211,73.11972045898438,73.81375122070313,65.7388916015625,75.0890121459961,77.25,5,4.761904716491699,0,0,0,0,5,0,0,0,13.978910446166992,25769803776,0,17853054976,0
204,1790936374746,4,4,4,4,4,4,4,4,4,4,75.43103790283203,73.8392562866211,73.11972045898438,73.81375122070313,65.7388916015625,75.0890121459961,77.25,0,5,0,0,0,0,5,0,0,0,13.978910446166992,25769803776,0,17853054976,0
204,1790936374951,4,4,4,4,4,4,4,4,4,4,75.43103790283203,73.8392562866211,73.11972045898438,73.81375122070313,65.7388916015625,75.0890121459961,77.25,4.761904716491699,4.761904716491699,0,0,0,0,9.523809432983398,0,0,0,13.978910446166992,25769803776,0,17853054976,0
204,1790936375156,4,4,4,4,4,4,4,4,4,4,75.44332122802734,73.89321899414063,73.14020538330078,73.78264617919922,65.78971862792969,75.0821304321289,77.71875,14.285715103149414,5,0,0,4.761904716491699,0,5,9.523809432983398,4.761904716491699,0,13.978910446166992,25769803776,0,17853054976,0
204,1790936375361,4,4,4,4,4,4,4,4,4,4,75.44332122802734,73.89321899414063,73.14020538330078,73.78264617919922,65.78971862792969,75.0821304321289,77.71875,0,5,4.761904716491699,9.090909004211426,0,0,5,0,0,0,13.978910446166992,25769803776,0,17853054976,0
204,1790936375566,4,4,4,4,4,4,4,4,4,4,75.44332122802734,73.89321899414063,73.14020538330078,73.78264617919922,65.78971862792969,75.0821304321289,77.71875,9.523809432983398,9.523809432983398,0,0,0,0,9.090909004211426,0,4.761904716491699,0,13.72551155090332,25769803776,0,17872863232,0
204,1790936375771,4,4,4,4,4,4,4,4,4,4,75.44332122802734,73.89321899414063,73.14020538330078,73.78264617919922,65.78971862792969,75.0821304321289,77.71875,9.523809432983398,4.761904716491699,4.761904716491699,0,4.761904716491699,0,0,5,0,0,13.72551155090332,25769803776,0,17872863232,0
204,1790936375976,4,4,4,4,4,4,4,4,4,4,75.44332122802734,73.89321899414063,73.14020538330078,73.78264617919922,65.78971862792969,75.0821304321289,77.71875,0,4.761904716491699,0,0,0,0,5,0,0,0,13.72551155090332,25769803776,0,17872846848,0
204,1790936376181,4,4,4,4,4,4,4,4,4,4,75.40150451660156,73.68365478515625,73.15715789794922,73.75473022460938,65.84536743164063,74.99981689453125,77.484375,9.523809432983398,0,0,0,0,0,9.523809432983398,4.545454502105713,0,0,13.72551155090332,25769803776,0,17873289216,0
204,1790936376386,4,4,4,4,4,4,4,4,4,4,75.40150451660156,73.68365478515625,73.15715789794922,73.75473022460938,65.84536743164063,74.99981689453125,77.484375,0,0,0,0,0,0,5,0,0,0,13.72551155090332,25769803776,0,17873289216,0
204,1790936376591,4,4,4,4,4,4,4,4,4,4,75.40150451660156,73.68365478515625,73.15715789794922,73.75473022460938,65.84536743164063,74.99981689453125,77.484375,0,0,0,0,0,0,9.523809432983398,4.761904716491699,4.761904716491699,0,13.629877090454102,25769803776,0,17873289216,0
204,1790936376796,4,4,4,4,4,4,4,4,4,4,75.40150451660156,73.68365478515625,73.15715789794922,73.75473022460938,65.84536743164063,74.99981689453125,77.484375,4.761904716491699,0,4.761904716491699,0,0,0,5,0,0,0,13.629877090454102,25769803776,0,17873272832,0
204,1790936377001,4,4,4,4,4,4,4,4,4,4,75.40150451660156,73.68365478515625,73.15715789794922,73.75473022460938,65.84536743164063,74.99981689453125,77.484375,0,4.761904716491699,0,0,0,0,5,0,0,0,13.629877090454102,25769803776,0,17873256448,0
204,1790936377206,4,4,4,4,4,4,4,4,4,4,75.42948150634766,73.85289764404297,73.07068634033203,73.78508758544922,65.69573974609375,75.07322692871094,77.25,4.761904716491699,0,0,0,0,0,4.761904716491699,0,0,0,13.629877090454102,25769803776,0,17872748544,0
204,1790936377411,4,4,4,4,4,4,4,4,4,4,75.42948150634766,73.85289764404297,73.07068634033203,73.78508758544922,65.69573974609375,75.07322692871094,77.25,0,4.761904716491699,0,0,0,0,9.523809432983398,0,0,0,13.629877090454102,25769803776,0,17872748544,0
204,1790936377616,4,4,4,4,4,4,4,4,4,4,75.42948150634766,73.85289764404297,73.07068634033203,73.78508758544922,65.69573974609375,75.07322692871094,77.25,9.090909004211426,0,4.761904716491699,0,0,0,5,0,0,0,13.87458610534668,25769803776,0,17858068480,0
204,1790936377821,4,4,4,4,4,4,4,4,4,4,75.42948150634766,73.85289764404297,73.07068634033203,73.78508758544922,65.69573974609375,75.07322692871094,77.25,0,0,0,0,0,0,4.761904716491699,0,0,0,13.87458610534668,25769803776,0,17858068480,0
204,1790936378026,4,4,4,4,4,4,4,4,4,4,75.4332504272461,73.81282806396484,73.04432678222656,73.7655258178711,65.6617431640625,75.06018829345703,77.25,4.761904716491699,0,0,0,0,0,9.523809432983398,4.761904716491699,4.761904716491699,0,13.87458610534668,25769803776,0,17857708032,0
203,1790936378231,4,4,4,4,4,4,4,4,4,4,75.4332504272461,73.81282806396484,73.04432678222656,73.7655258178711,65.6617431640625,75.06018829345703,77.25,0,0,0,0,0,0,5,0,0,0,13.87458610534668,25769803776,0,17857724416,0
204,1790936378434,4,4,4,4,4,4,4,4,4,4,75.4332504272461,73.81282806396484,73.04432678222656,73.7655258178711,65.6617431640625,75.06018829345703,77.25,4.761904716491699,4.761904716491699,0,4.761904716491699,0,0,5,4.545454502105713,0,4.761904716491699,13.87458610534668,25769803776,0,17843650560,0
204,1790936378639,4,4,4,4,4,4,4,4,4,4,75.4332504272461,73.81282806396484,73.04432678222656,73.7655258178711,65.6617431640625,75.06018829345703,77.25,5,5,0,0,0,0,5,0,0,0,13.821377754211426,25769803776,0,17843503104,0
204,1790936378844,4,4,4,4,4,4,4,4,4,4,75.4332504272461,73.81282806396484,73.04432678222656,73.7655258178711,65.6617431640625,75.06018829345703,77.25,4.761904716491699,0,4.761904716491699,0,0,0,5,0,0,0,13.821377754211426,25769803776,0,17843503104,0
204,1790936379049,4,4,4,4,4,4,4,4,4,4,75.39732360839844,73.65680694580078,73.00679016113281,73.74224853515625,65.66796112060547,74.9572982788086,77.953125,0,0,0,0,0,0,0,0,0,0,13.821377754211426,25769803776,0,17843503104,0
204,1790936379255,4,4,4,4,4,4,4,4,4,4,75.39732360839844,73.65680694580078,73.00679016113281,73.74224853515625,65.66796112060547,74.9572982788086,77.953125,5,25,0,0,0,0,9.090909004211426,0,4.761904716491699,0,13.821377754211426,25769803776,0,17843503104,0
204,1790936379459,4,4,4,4,4,4,4,4,4,4,75.39732360839844,73.65680694580078,73.00679016113281,73.74224853515625,65.66796112060547,74.9572982788086,77.953125,19.047618865966797,14.285715103149414,0,0,0,0,5,0,0,0,13.821377754211426,25769803776,0,17843503104,0
204,1790936379665,4,4,4,4,4,4,4,4,4,4,75.39732360839844,73.65680694580078,73.00679016113281,73.74224853515625,65.66796112060547,74.9572982788086,77.953125,0,0,0,0,0,0,4.761904716491699,0,0,0,13.803150177001953,25769803776,0,17843798016,0
204,1790936379869,4,4,4,4,4,4,4,4,4,4,75.39732360839844,73.65680694580078,73.00679016113281,73.74224853515625,65.66796112060547,74.9572982788086,77.953125,4.761904716491699,0,0,0,0,0,9.523809432983398,0,4.761904716491699,0,13.803150177001953,25769803776,0,17843830784,0
204,1790936380075,4,4,4,4,4,4,4,4,4,4,75.42727661132813,73.76597595214844,73.0478515625,73.75597381591797,65.6971435546875,75.01740264892578,77.484375,0,0,0,0,0,0,0,4.545454502105713,0,0,13.803150177001953,25769803776,0,17843830784,0
204,1790936380280,4,4,4,4,4,4,4,4,4,4,75.42727661132813,73.76597595214844,73.0478515625,73.75597381591797,65.6971435546875,75.01740264892578,77.484375,4.761904716491699,0,0,0,4.545454502105713,0,9.090909004211426,4.761904716491699,0,0,13.803150177001953,25769803776,0,17843830784,0
204,1790936380485,4,4,4,4,4,4,4,4,4,4,75.42727661132813,73.76597595214844,73.0478515625,73.75597381591797,65.6971435546875,75.01740264892578,77.484375,0,0,4.761904716491699,0,0,0,5,0,0,0,13.803150177001953,25769803776,0,17843830784,0
204,1790936380690,4,4,4,4,4,4,4,4,4,4,75.42727661132813,73.76597595214844,73.0478515625,73.75597381591797,65.6971435546875,75.01740264892578,77.484375,0,4.761904716491699,0,0,0,0,5,0,0,0,13.874446868896484,25769803776,0,17843437568,0
204,1790936380895,4,4,4,4,4,4,4,4,4,4,75.42727661132813,73.76597595214844,73.0478515625,73.75597381591797,65.6971435546875,75.01740264892578,77.484375,4.761904716491699,0,0,0,0,0,5,0,4.761904716491699,0,13.874446868896484,25769803776,0,17843470336,0
204,1790936381100,4,4,4,4,4,4,4,4,4,4,75.39826965332031,73.70016479492188,72.9670181274414,73.7251968383789,65.61400604248047,74.96279907226563,77.71875,0,0,0,0,0,0,4.761904716491699,0,0,0,13.874446868896484,25769803776,0,17843470336,0
200,1790936381305,4,4,4,4,4,4,4,4,4,4,75.39826965332031,73.70016479492188,72.9670181274414,73.7251968383789,65.61400604248047,74.96279907226563,77.71875,4.761904716491699,0,0,4.761904716491699,0,0,9.523809432983398,0,0,0,13.874446868896484,25769803776,0,17843470336,0
204,1790936381506,4,4,4,4,4,4,4,4,4,4,75.39826965332031,73.70016479492188,72.9670181274414,73.7251968383789,65.61400604248047,74.96279907226563,77.71875,0,0,0,0,0,0,5,0,0,0,13.874446868896484,25769803776,0,17843470336,0
204,1790936381711,4,4,4,4,4,4,4,4,4,4,75.39826965332031,73.70016479492188,72.9670181274414,73.7251968383789,65.61400604248047,74.96279907226563,77.71875,9.090909004211426,5,0,0,4.761904716491699,0,9.523809432983398,0,0,0,13.706396102905273,25769803776,0,17843601408,0
204,1790936381916,4,4,4,4,4,4,4,4,4,4,75.39826965332031,73.70016479492188,72.9670181274414,73.7251968383789,65.61400604248047,74.96279907226563,77.71875,0,0,0,0,0,0,5,4.761904716491699,0,0,13.706396102905273,25769803776,0,17843650560,0
204,1790936382121,4,4,4,4,4,4,4,4,4,4,75.39104461669922,73.64261627197266,72.94076538085938,73.72671508789063,65.58125305175781,74.9690933227539,77.484375,5,4.761904716491699,0,0,0,0,0,0,0,0,13.706396102905273,25769803776,0,17843683328,0
204,1790936382326,4,4,4,4,4,4,4,4,4,4,75.39104461669922,73.64261627197266,72.94076538085938,73.72671508789063,65.58125305175781,74.9690933227539,77.484375,0,4.545454502105713,0,0,0,0,9.090909004211426,0,4.545454502105713,0,13.706396102905273,25769803776,0,17843634176,0
204,1790936382531,4,4,4,4,4,4,4,4,4,4,75.39104461669922,73.64261627197266,72.94076538085938,73.72671508789063,65.58125305175781,74.9690933227539,77.484375,5,0,4.545454502105713,0,0,0,0,0,0,4.761904716491699,13.798975944519043,25769803776,0,17844731904,0
204,1790936382736,4,4,4,4,4,4,4,4,4,4,75.39104461669922,73.64261627197266,72.94076538085938,73.72671508789063,65.58125305175781,74.9690933227539,77.484375,4.761904716491699,0,4.761904716491699,0,0,0,9.523809432983398,0,0,0,13.798975944519043,25769803776,0,17843798016,0
204,1790936382941,4,4,4,4,4,4,4,4,4,4,75.39104461669922,73.64261627197266,72.94076538085938,73.72671508789063,65.58125305175781,74.9690933227539,77.484375,5,0,0,0,0,0,5,0,0,0,13.798975944519043,25769803776,0,17843912704,0
202,1790936383146,4,4,4,4,4,4,4,4,4,4,75.35321807861328,73.73725128173828,72.93841552734375,73.70397186279297,65.5865478515625,74.92247772216797,77.25,0,4.761904716491699,0,0,0,0,5,0,4.761904716491699,0,13.798975944519043,25769803776,0,17843961856,0
204,1790936383349,4,4,4,4,4,4,4,4,4,4,75.35321807861328,73.73725128173828,72.93841552734375,73.70397186279297,65.5865478515625,74.92247772216797,77.25,4.761904716491699,0,0,0,0,0,9.523809432983398,0,0,0,13.798975944519043,25769803776,0,17843961856,0
204,1790936383554,4,4,4,4,4,4,4,4,4,4,75.35321807861328,73.73725128173828,72.93841552734375,73.70397186279297,65.5865478515625,74.92247772216797,77.25,25,30.000001907348633,10,0,0,0,5,0,0,0,13.707533836364746,25769803776,0,17843961856,0
204,1790936383759,4,4,4,4,4,4,4,4,4,4,75.35321807861328,73.73725128173828,72.93841552734375,73.70397186279297,65.5865478515625,74.92247772216797,77.25,0,0,5,4.761904716491699,0,0,9.090909004211426,9.090909004211426,0,0,13.707533836364746,25769803776,0,17843830784,0
204,1790936383964,4,4,4,4,4,4,4,4,4,4,75.35321807861328,73.73725128173828,72.93841552734375,73.70397186279297,65.5865478515625,74.92247772216797,77.25,4.761904716491699,0,0,0,0,0,0,0,0,0,13.707533836364746,25769803776,0,17843634176,0
204,1790936384169,4,4,4,4,4,4,4,4,4,4,75.36243438720703,73.64826965332031,72.94406127929688,73.70127868652344,65.58273315429688,74.93172454833984,77.015625,4.761904716491699,9.523809432983398,0,0,0,0,9.523809432983398,0,4.761904716491699,0,13.707533836364746,25769803776,0,17843863552,0
204,1790936384374,4,4,4,4,4,4,4,4,4,4,75.36243438720703,73.64826965332031,72.94406127929688,73.70127868652344,65.58273315429688,74.93172454833984,77.015625,5,5,4.761904716491699,4.761904716491699,4.761904716491699,4.761904716491699,5,0,0,0,13.707533836364746,25769803776,0,17844158464,0
204,1790936384579,4,4,4,4,4,4,4,4,4,4,75.36243438720703,73.64826965332031,72.94406127929688,73.70127868652344,65.58273315429688,74.93172454833984,77.015625,0,4.761904716491699,0,0,0,0,0,5,0,0,13.929171562194824,25769803776,0,17844027392,0
200,1790936384784,4,4,4,4,4,4,4,4,4,4,75.36243438720703,73.64826965332031,72.94406127929688,73.70127868652344,65.58273315429688,74.93172454833984,77.015625,0,0,0,0,0,0,4.761904716491699,0,0,0,13.929171562194824,25769803776,0,17844076544,0
204,1790936384985,4,4,4,4,4,4,4,4,4,4,75.36243438720703,73.64826965332031,72.94406127929688,73.70127868652344,65.58273315429688,74.93172454833984,77.015625,9.523809432983398,0,0,0,0,0,9.523809432983398,0,0,0,13.929171562194824,25769803776,0,17844092928,0
204,1790936385190,4,4,4,4,4,4,4,4,4,4,75.38175201416016,73.63289642333984,73.02738189697266,73.72473907470703,65.75724029541016,74.94835662841797,82.4375,0,0,5,0,0,0,5,0,0,0,13.929171562194824,25769803776,0,17843994624,0
204,1790936385395,4,4,4,4,4,4,4,4,4,4,75.38175201416016,73.63289642333984,73.02738189697266,73.72473907470703,65.75724029541016,74.94835662841797,82.4375,0,4.545454502105713,0,0,0,0,5,0,4.545454502105713,0,13.929171562194824,25769803776,0,17843486720,0
204,1790936385600,4,4,4,4,4,4,4,4,4,4,75.38175201416016,73.63289642333984,73.02738189697266,73.72473907470703,65.75724029541016,74.94835662841797,82.4375,4.761904716491699,0,0,0,0,0,9.523809432983398,0,0,0,13.814245223999023,25769803776,0,17841930240,0
201,1790936385805,4,4,4,4,4,4,4,4,4,4,75.38175201416016,73.63289642333984,73.02738189697266,73.72473907470703,65.75724029541016,74.94835662841797,82.4375,5,0,0,0,0,0,5,0,4.761904716491699,0,13.814245223999023,25769803776,0,17841930240,0
204,1790936386006,4,4,4,4,4,4,4,4,4,4,75.38175201416016,73.63289642333984,73.02738189697266,73.72473907470703,65.75724029541016,74.94835662841797,82.4375,4.761904716491699,0,0,0,0,0,9.523809432983398,4.761904716491699,0,0,13.814245223999023,25769803776,0,17842208768,0
204,1790936386211,4,4,4,4,4,4,4,4,4,4,75.34785461425781,73.68431091308594,72.87991333007813,73.67745971679688,65.56535339355469,74.89248657226563,77.015625,0,0,0,0,0,0,0,4.761904716491699,0,0,13.814245223999023,25769803776,0,17843503104,0
204,1790936386416,4,4,4,4,4,4,4,4,4,4,75.34785461425781,73.68431091308594,72.87991333007813,73.67745971679688,65.56535339355469,74.89248657226563,77.015625,0,0,0,0,0,0,4.761904716491699,0,0,0,13.814245223999023,25769803776,0,17841537024,0
204,1790936386621,4,4,4,4,4,4,4,4,4,4,75.34785461425781,73.68431091308594,72.87991333007813,73.67745971679688,65.56535339355469,74.89248657226563,77.015625,4.761904716491699,0,0,0,0,0,5,0,0,0,13.753978729248047,25769803776,0,17840078848,0
200,1790936386826,4,4,4,4,4,4,4,4,4,4,75.34785461425781,73.68431091308594,72.87991333007813,73.67745971679688,65.56535339355469,74.89248657226563,77.015625,0,0,0,0,0,0,5,0,0,0,13.753978729248047,25769803776,0,17840062464,0
204,1790936387027,4,4,4,4,4,4,4,4,4,4,75.33497619628906,73.56531524658203,72.89701080322266,73.67044067382813,65.59677124023438,74.85336303710938,77.015625,5,0,0,0,0,0,9.523809432983398,0,0,0,13.753978729248047,25769803776,0,17840062464,0
204,1790936387232,4,4,4,4,4,4,4,4,4,4,75.33497619628906,73.56531524658203,72.89701080322266,73.67044067382813,65.59677124023438,74.85336303710938,77.015625,0,4.545454502105713,4.761904716491699,0,0,4.545454502105713,5,0,0,0,13.753978729248047,25769803776,0,17840062464,0
203,1790936387437,4,4,4,4,4,4,4,4,4,4,75.33497619628906,73.56531524658203,72.89701080322266,73.67044067382813,65.59677124023438,74.85336303710938,77.015625,0,4.761904716491699,0,0,0,0,5,0,4.761904716491699,0,13.753978729248047,25769803776,0,17840062464,0
204,1790936387640,4,4,4,4,4,4,4,4,4,4,75.33497619628906,73.56531524658203,72.89701080322266,73.67044067382813,65.59677124023438,74.85336303710938,77.015625,5,0,4.761904716491699,5,0,0,4.761904716491699,9.523809432983398,0,0,13.820342063903809,25769803776,0,17840062464,0
202,1790936387845,4,4,4,4,4,4,4,4,4,4,75.33497619628906,73.56531524658203,72.89701080322266,73.67044067382813,65.59677124023438,74.85336303710938,77.015625,0,0,0,0,0,0,5,0,0,0,13.820342063903809,25769803776,0,17839816704,0
200,1790936388048,4,4,4,4,4,4,4,4,4,4,75.33494567871094,73.60237121582031,73.0234375,73.67395782470703,65.78199768066406,74.85914611816406,77.015625,4.761904716491699,0,0,0,0,0,9.523809432983398,0,0,0,13.820342063903809,25769803776,0,17839800320,0
200,1790936388248,4,4,4,4,4,4,4,4,4,4,75.33494567871094,73.60237121582031,73.0234375,73.67395782470703,65.78199768066406,74.85914611816406,77.015625,0,4.761904716491699,0,0,0,0,5,4.761904716491699,0,0,13.820342063903809,25769803776,0,17839734784,0
204,1790936388449,4,4,4,4,4,4,4,4,4,4,75.33494567871094,73.60237121582031,73.0234375,73.67395782470703,65.78199768066406,74.85914611816406,77.015625,9.523809432983398,4.761904716491699,0,0,0,0,0,0,0,0,13.820342063903809,25769803776,0,17839751168,0
204,1790936388654,4,4,4,4,4,4,4,4,4,4,75.33494567871094,73.60237121582031,73.0234375,73.67395782470703,65.78199768066406,74.85914611816406,77.015625,0,0,0,0,0,0,5,9.090909004211426,0,0,13.816658020019531,25769803776,0,17839751168,0
204,1790936388859,4,4,4,4,4,4,4,4,4,4,75.33494567871094,73.60237121582031,73.0234375,73.67395782470703,65.78199768066406,74.85914611816406,77.015625,5,0,0,0,0,0,5,0,0,0,13.816658020019531,25769803776,0,17839751168,0
204,1790936389064,4,4,4,4,4,4,4,4,4,4,75.32062530517578,73.48980712890625,72.94507598876953,73.66810607910156,65.71817779541016,74.8406753540039,77.015625,0,0,0,0,4.761904716491699,0,5,0,4.545454502105713,0,13.816658020019531,25769803776,0,17839751168,0
204,1790936389269,4,4,4,4,4,4,4,4,4,4,75.32062530517578,73.48980712890625,72.94507598876953,73.66810607910156,65.71817779541016,74.8406753540039,77.015625,0,0,0,0,0,0,9.523809432983398,0,0,0,13.816658020019531,25769803776,0,17839751168,0
203,1790936389474,4,4,4,4,4,4,4,4,4,4,75.32062530517578,73.48980712890625,72.94507598876953,73.66810607910156,65.71817779541016,74.8406753540039,77.015625,4.761904716491699,4.761904716491699,0,4.761904716491699,0,0,4.761904716491699,0,0,0,13.816658020019531,25769803776,0,17839521792,0
200,1790936389678,4,4,4,4,4,4,4,4,4,4,75.32062530517578,73.48980712890625,72.94507598876953,73.66810607910156,65.71817779541016,74.8406753540039,77.015625,0,0,0,0,0,0,9.523809432983398,0,0,0,13.907939910888672,25769803776,0,17841160192,0
204,1790936389878,4,4,4,4,4,4,4,4,4,4,75.32062530517578,73.48980712890625,72.94507598876953,73.66810607910156,65.71817779541016,74.8406753540039,77.015625,5,0,0,0,0,0,0,0,0,4.545454502105713,13.907939910888672,25769803776,0,17839374336,0
204,1790936390083,4,4,4,4,4,4,4,4,4,4,75.31373596191406,73.6518783569336,72.88825988769531,73.67642211914063,65.58489990234375,74.8306655883789,79.96875,4.761904716491699,0,0,0,0,0,5,0,0,0,13.907939910888672,25769803776,0,17839423488,0
204,1790936390288,4,4,4,4,4,4,4,4,4,4,75.31373596191406,73.6518783569336,72.88825988769531,73.67642211914063,65.58489990234375,74.8306655883789,79.96875,0,0,0,0,0,0,9.523809432983398,4.545454502105713,0,0,13.907939910888672,25769803776,0,17839374336,0
204,1790936390493,4,4,4,4,4,4,4,4,4,4,75.31373596191406,73.6518783569336,72.88825988769531,73.67642211914063,65.58489990234375,74.8306655883789,79.96875,4.761904716491699,0,4.545454502105713,0,0,0,5,0,0,0,13.907939910888672,25769803776,0,17839374336,0
204,1790936390698,4,4,4,4,4,4,4,4,4,4,75.31373596191406,73.6518783569336,72.88825988769531,73.67642211914063,65.58489990234375,74.8306655883789,79.96875,0,4.761904716491699,0,0,0,0,0,0,8.69565200805664,0,13.855843544006348,25769803776,0,17839374336,0
200,1790936390903,4,4,4,4,4,4,4,4,4,4,75.31373596191406,73.6518783569336,72.88825988769531,73.67642211914063,65.58489990234375,74.8306655883789,79.96875,0,0,0,0,0,0,9.523809432983398,0,0,0,13.855843544006348,25769803776,0,17839128576,0
204,1790936391104,4,4,4,4,4,4,4,4,4,4,75.34223937988281,73.60098266601563,72.83992004394531,73.6673812866211,65.54484558105469,74.8880386352539,77.015625,5,4.761904716491699,5,0,0,0,5,0,0,0,13.855843544006348,25769803776,0,17839128576,0
204,1790936391309,4,4,4,4,4,4,4,4,4,4,75.34223937988281,73.60098266601563,72.83992004394531,73.6673812866211,65.54484558105469,74.8880386352539,77.015625,0,0,0,0,0,0,9.523809432983398,4.761904716491699,0,0,13.855843544006348,25769803776,0,17839128576,0
204,1790936391514,4,4,4,4,4,4,4,4,4,4,75.34223937988281,73.60098266601563,72.83992004394531,73.6673812866211,65.54484558105469,74.8880386352539,77.015625,5,0,0,0,0,0,5,4.545454502105713,0,0,13.855843544006348,25769803776,0,17839128576,0
204,1790936391719,4,4,4,4,4,4,4,4,4,4,75.34223937988281,73.60098266601563,72.83992004394531,73.6673812866211,65.54484558105469,74.8880386352539,77.015625,4.761904716491699,0,0,0,0,0,0,0,0,0,13.817463874816895,25769803776,0,17839128576,0
204,1790936391924,4,4,4,4,4,4,4,4,4,4,75.34223937988281,73.60098266601563,72.83992004394531,73.6673812866211,65.54484558105469,74.8880386352539,77.015625,4.761904716491699,0,0,0,0,0,9.090909004211426,0,0,0,13.817463874816895,25769803776,0,17839276032,0
204,1790936392129,4,4,4,4,4,4,4,4,4,4,75.29647827148438,73.52935028076172,72.84613037109375,73.66141510009766,65.53744506835938,74.78456115722656,77.015625,0,0,0,0,0,0,0,5,0,0,13.817463874816895,25769803776,0,17839276032,0
204,1790936392334,4,4,4,4,4,4,4,4,4,4,75.29647827148438,73.52935028076172,72.84613037109375,73.66141510009766,65.53744506835938,74.78456115722656,77.015625,0,4.761904716491699,0,0,4.761904716491699,0,5,0,0,0,13.817463874816895,25769803776,0,17839325184,0
204,1790936392539,4,4,4,4,4,4,4,4,4,4,75.29647827148438,73.52935028076172,72.84613037109375,73.66141510009766,65.53744506835938,74.78456115722656,77.015625,4.761904716491699,4.761904716491699,0,0,0,0,9.090909004211426,0,4.761904716491699,0,13.808876037597656,25769803776,0,17839357952,0
204,1790936392744,4,4,4,4,4,4,4,4,4,4,75.29647827148438,73.52935028076172,72.84613037109375,73.66141510009766,65.53744506835938,74.78456115722656,77.015625,0,0,0,0,0,0,5,4.761904716491699,0,0,13.808876037597656,25769803776,0,17839357952,0
204,1790936392949,4,4,4,4,4,4,4,4,4,4,75.29647827148438,73.52935028076172,72.84613037109375,73.66141510009766,65.53744506835938,74.78456115722656,77.015625,0,0,0,0,0,0,5,0,0,0,13.808876037597656,25769803776,0,17839259648,0
204,1790936393154,4,4,4,4,4,4,4,4,4,4,75.29979705810547,73.53545379638672,72.96476745605469,73.67208862304688,65.77288055419922,74.79783630371094,77.484375,4.761904716491699,0,0,0,0,0,4.761904716491699,4.761904716491699,0,0,13.808876037597656,25769803776,0,17841094656,0
204,1790936393359,4,4,4,4,4,4,4,4,4,4,75.29979705810547,73.53545379638672,72.96476745605469,73.67208862304688,65.77288055419922,74.79783630371094,77.484375,0,0,4.761904716491699,0,0,0,0,0,0,0,13.808876037597656,25769803776,0,17839112192,0
204,1790936393564,4,4,4,4,4,4,4,4,4,4,75.29979705810547,73.53545379638672,72.96476745605469,73.67208862304688,65.77288055419922,74.79783630371094,77.484375,4.761904716491699,5,0,0,0,0,5,0,0,0,13.827251434326172,25769803776,0,17839210496,0
204,1790936393769,4,4,4,4,4,4,4,4,4,4,75.29979705810547,73.53545379638672,72.96476745605469,73.67208862304688,65.77288055419922,74.79783630371094,77.484375,5,4.761904716491699,0,0,0,0,9.090909004211426,0,0,0,13.827251434326172,25769803776,0,17839013888,0
201,1790936393974,4,4,4,4,4,4,4,4,4,4,75.29979705810547,73.53545379638672,72.96476745605469,73.67208862304688,65.77288055419922,74.79783630371094,77.484375,4.761904716491699,0,0,0,0,0,5,0,0,0,13.827251434326172,25769803776,0,17839013888,0
204,1790936394176,4,4,4,4,4,4,4,4,4,4,75.2990951538086,73.49185180664063,72.80418395996094,73.65907287597656,65.55088806152344,74.79718017578125,77.015625,0,0,0,0,0,0,0,0,4.761904716491699,0,13.827251434326172,25769803776,0,17838964736,0
201,1790936394381,4,4,4,4,4,4,4,4,4,4,75.2990951538086,73.49185180664063,72.80418395996094,73.65907287597656,65.55088806152344,74.79718017578125,77.015625,4.761904716491699,0,0,0,0,0,9.523809432983398,4.545454502105713,0,0,13.827251434326172,25769803776,0,17838964736,0
204,1790936394582,4,4,4,4,4,4,4,4,4,4,75.2990951538086,73.49185180664063,72.80418395996094,73.65907287597656,65.55088806152344,74.79718017578125,77.015625,0,0,0,0,0,0,5,0,0,0,13.738317489624023,25769803776,0,17838964736,0
201,1790936394787,4,4,4,4,4,4,4,4,4,4,75.2990951538086,73.49185180664063,72.80418395996094,73.65907287597656,65.55088806152344,74.79718017578125,77.015625,5,4.761904716491699,4.761904716491699,4.545454502105713,0,0,9.523809432983398,4.761904716491699,0,0,13.738317489624023,25769803776,0,17838964736,0
200,1790936394989,4,4,4,4,4,4,4,4,4,4,75.2990951538086,73.49185180664063,72.80418395996094,73.65907287597656,65.55088806152344,74.79718017578125,77.015625,4.761904716491699,4.761904716491699,0,0,0,0,5,0,0,0,13.738317489624023,25769803776,0,17838882816,0
200,1790936395190,4,4,4,4,4,4,4,4,4,4,75.29620361328125,73.61959838867188,72.85352325439453,73.64910125732422,65.55208587646484,74.7918472290039,77.015625,0,0,0,4.761904716491699,0,0,5,0,0,0,13.738317489624023,25769803776,0,17838915584,0
204,1790936395390,4,4,4,4,4,4,4,4,4,4,75.29620361328125,73.61959838867188,72.85352325439453,73.64910125732422,65.55208587646484,74.7918472290039,77.015625,5,0,0,0,0,0,9.523809432983398,0,4.761904716491699,0,13.738317489624023,25769803776,0,17838915584,0
204,1790936395595,4,4,4,4,4,4,4,4,4,4,75.29620361328125,73.61959838867188,72.85352325439453,73.64910125732422,65.55208587646484,74.7918472290039,77.015625,0,0,0,0,0,0,5,0,4.761904716491699,0,13.900423049926758,25769803776,0,17838915584,0
204,1790936395800,4,4,4,4,4,4,4,4,4,4,75.29620361328125,73.61959838867188,72.85352325439453,73.64910125732422,65.55208587646484,74.7918472290039,77.015625,4.761904716491699,5,0,0,0,0,0,0,0,0,13.900423049926758,25769803776,0,17838915584,0
204,1790936396005,4,4,4,4,4,4,4,4,4,4,75.29620361328125,73.61959838867188,72.85352325439453,73.64910125732422,65.55208587646484,74.7918472290039,77.015625,0,0,0,0,0,0,9.523809432983398,0,0,0,13.900423049926758,25769803776,0,17838915584,0
201,1790936396210,4,4,4,4,4,4,4,4,4,4,75.32785034179688,73.56417083740234,72.781982421875,73.64710998535156,65.49995422363281,74.82334899902344,77.015625,4.761904716491699,0,0,0,0,0,4.761904716491699,0,0,0,13.900423049926758,25769803776,0,17838931968,0
204,1790936396412,4,4,4,4,4,4,4,4,4,4,75.32785034179688,73.56417083740234,72.781982421875,73.64710998535156,65.49995422363281,74.82334899902344,77.015625,0,4.761904716491699,0,0,0,0,10,4.761904716491699,0,0,13.900423049926758,25769803776,0,17838931968,0
204,1790936396617,4,4,4,4,4,4,4,4,4,4,75.32785034179688,73.56417083740234,72.781982421875,73.64710998535156,65.49995422363281,74.82334899902344,77.015625,4.761904716491699,35,4.761904716491699,0,0,0,0,0,0,0,13.693414688110352,25769803776,0,17838866432,0
204,1790936396822,4,4,4,4,4,4,4,4,4,4,75.32785034179688,73.56417083740234,72.781982421875,73.64710998535156,65.49995422363281,74.82334899902344,77.015625,5,38.095237731933594,0,0,0,0,0,9.523809432983398,0,0,13.693414688110352,25769803776,0,17838948352,0
204,1790936397027,4,4,4,4,4,4,4,4,4,4,75.29582214355469,73.41061401367188,72.84164428710938,73.64054870605469,65.64000701904297,74.76782989501953,77.015625,0,0,0,0,0,0,9.523809432983398,0,0,0,13.693414688110352,25769803776,0,17838964736,0
200,1790936397232,4,4,4,4,4,4,4,4,4,4,75.29582214355469,73.41061401367188,72.84164428710938,73.64054870605469,65.64000701904297,74.76782989501953,77.015625,4.761904716491699,0,0,0,0,0,5,0,0,0,13.693414688110352,25769803776,0,17838555136,0
204,1790936397433,4,4,4,4,4,4,4,4,4,4,75.29582214355469,73.41061401367188,72.84164428710938,73.64054870605469,65.64000701904297,74.76782989501953,77.015625,5,0,0,0,0,0,5,0,4.761904716491699,0,13.693414688110352,25769803776,0,17838571520,0
204,1790936397638,4,4,4,4,4,4,4,4,4,4,75.29582214355469,73.41061401367188,72.84164428710938,73.64054870605469,65.64000701904297,74.76782989501953,77.015625,0,9.090909004211426,0,0,0,0,9.090909004211426,0,0,0,13.788820266723633,25769803776,0,17838768128,0
204,1790936397843,4,4,4,4,4,4,4,4,4,4,75.29582214355469,73.41061401367188,72.84164428710938,73.64054870605469,65.64000701904297,74.76782989501953,77.015625,4.761904716491699,0,0,0,0,0,5,0,0,0,13.788820266723633,25769803776,0,17838768128,0
204,1790936398048,4,4,4,4,4,4,4,4,4,4,75.28336334228516,73.60205078125,72.81539154052734,73.64476013183594,65.53193664550781,74.7745132446289,77.015625,0,0,0,0,0,0,5,0,0,0,13.788820266723633,25769803776,0,17838784512,0
204,1790936398253,4,4,4,4,4,4,4,4,4,4,75.28336334228516,73.60205078125,72.81539154052734,73.64476013183594,65.53193664550781,74.7745132446289,77.015625,0,0,4.545454502105713,0,0,0,5,0,0,0,13.788820266723633,25769803776,0,17838784512,0
204,1790936398458,4,4,4,4,4,4,4,4,4,4,75.28336334228516,73.60205078125,72.81539154052734,73.64476013183594,65.53193664550781,74.7745132446289,77.015625,0,0,0,0,4.761904716491699,0,5,8.69565200805664,4.545454502105713,0,13.788820266723633,25769803776,0,17838784512,0
204,1790936398663,4,4,4,4,4,4,4,4,4,4,75.28336334228516,73.60205078125,72.81539154052734,73.64476013183594,65.53193664550781,74.7745132446289,77.015625,4.761904716491699,0,0,0,0,0,9.090909004211426,0,0,0,13.919116020202637,25769803776,0,17838784512,0
200,1790936398868,4,4,4,4,4,4,4,4,4,4,75.28336334228516,73.60205078125,72.81539154052734,73.64476013183594,65.53193664550781,74.7745132446289,77.015625,0,4.761904716491699,4.761904716491699,0,0,0,0,5,4.761904716491699,0,13.919116020202637,25769803776,0,17838784512,0
204,1790936399068,4,4,4,4,4,4,4,4,4,4,75.27914428710938,73.43604278564453,72.81856536865234,73.63737487792969,65.64264678955078,74.75740814208984,77.015625,5,0,0,0,0,0,5.263157844543457,0,0,0,13.919116020202637,25769803776,0,17838850048,0
202,1790936399273,4,4,4,4,4,4,4,4,4,4,75.27914428710938,73.43604278564453,72.81856536865234,73.63737487792969,65.64264678955078,74.75740814208984,77.015625,0,0,0,0,0,0,9.090909004211426,0,0,0,13.919116020202637,25769803776,0,17838882816,0
200,1790936399475,4,4,4,4,4,4,4,4,4,4,75.27914428710938,73.43604278564453,72.81856536865234,73.63737487792969,65.64264678955078,74.75740814208984,77.015625,4.761904716491699,0,0,0,0,0,0,0,5,0,13.919116020202637,25769803776,0,17838882816,0
200,1790936399676,4,4,4,4,4,4,4,4,4,4,75.27914428710938,73.43604278564453,72.81856536865234,73.63737487792969,65.64264678955078,74.75740814208984,77.015625,4.761904716491699,0,0,0,0,0,5.263157844543457,0,0,0,13.689708709716797,25769803776,0,17838882816,0
200,1790936399876,4,4,4,4,4,4,4,4,4,4,75.27914428710938,73.43604278564453,72.81856536865234,73.63737487792969,65.64264678955078,74.75740814208984,77.015625,0,0,0,0,0,0,0,0,0,0,13.689708709716797,25769803776,0,17841045504,0
204,1790936400077,4,4,4,4,4,4,4,4,4,4,75.38380432128906,73.34554290771484,72.73013305664063,73.66141510009766,65.50704193115234,74.88839721679688,77.484375,4.761904716491699,4.761904716491699,0,0,0,0,9.523809432983398,9.523809432983398,0,0,13.689708709716797,25769803776,0,17838882816,0
204,1790936400282,4,4,4,4,4,4,4,4,4,4,75.38380432128906,73.34554290771484,72.73013305664063,73.66141510009766,65.50704193115234,74.88839721679688,77.484375,0,0,0,0,0,0,5,0,0,0,13.689708709716797,25769803776,0,17838882816,0
204,1790936400487,4,4,4,4,4,4,4,4,4,4,75.38380432128906,73.34554290771484,72.73013305664063,73.66141510009766,65.50704193115234,74.88839721679688,77.484375,0,0,0,0,4.761904716491699,0,5,0,0,0,13.689708709716797,25769803776,0,17838931968,0
204,1790936400692,4,4,4,4,4,4,4,4,4,4,75.38380432128906,73.34554290771484,72.73013305664063,73.66141510009766,65.50704193115234,74.88839721679688,77.484375,4.761904716491699,4.545454502105713,0,0,0,0,4.761904716491699,0,0,0,13.75627613067627,25769803776,0,17838931968,0
204,1790936400897,4,4,4,4,4,4,4,4,4,4,75.38380432128906,73.34554290771484,72.73013305664063,73.66141510009766,65.50704193115234,74.88839721679688,77.484375,0,0,0,0,0,0,5,0,4.761904716491699,0,13.75627613067627,25769803776,0,17839095808,0
203,1790936401102,4,4,4,4,4,4,4,4,4,4,75.25729370117188,73.59577178955078,72.75257110595703,73.61978912353516,65.51113891601563,74.69764709472656,77.015625,0,0,0,0,0,0,9.523809432983398,0,4.545454502105713,0,13.75627613067627,25769803776,0,17839095808,0
204,1790936401306,4,4,4,4,4,4,4,4,4,4,75.25729370117188,73.59577178955078,72.75257110595703,73.61978912353516,65.51113891601563,74.69764709472656,77.015625,5,0,4.761904716491699,0,0,0,5,0,0,0,13.75627613067627,25769803776,0,17839095808,0
204,1790936401511,4,4,4,4,4,4,4,4,4,4,75.25729370117188,73.59577178955078,72.75257110595703,73.61978912353516,65.51113891601563,74.69764709472656,77.015625,4.761904716491699,0,0,0,0,0,9.523809432983398,0,0,0,13.75627613067627,25769803776,0,17839095808,0
204,1790936401716,4,4,4,4,4,4,4,4,4,4,75.25729370117188,73.59577178955078,72.75257110595703,73.61978912353516,65.51113891601563,74.69764709472656,77.015625,0,0,0,4.761904716491699,0,0,5,0,0,0,13.816034317016602,25769803776,0,17839095808,0
204,1790936401921,4,4,4,4,4,4,4,4,4,4,75.25729370117188,73.59577178955078,72.75257110595703,73.61978912353516,65.51113891601563,74.69764709472656,77.015625,4.761904716491699,5,4.761904716491699,0,0,0,9.523809432983398,4.545454502105713,0,0,13.816034317016602,25769803776,0,17839095808,0
201,1790936402126,4,4,4,4,4,4,4,4,4,4,75.2496566772461,73.44269561767578,72.70662689208984,73.615234375,65.4580307006836,74.66409301757813,77.015625,5,4.545454502105713,0,0,0,0,4.761904716491699,4.761904716491699,0,0,13.816034317016602,25769803776,0,17839407104,0
204,1790936402327,4,4,4,4,4,4,4,4,4,4,75.2496566772461,73.44269561767578,72.70662689208984,73.615234375,65.4580307006836,74.66409301757813,77.015625,4.761904716491699,0,0,4.761904716491699,0,0,0,0,0,0,13.816034317016602,25769803776,0,17839439872,0
204,1790936402532,4,4,4,4,4,4,4,4,4,4,75.2496566772461,73.44269561767578,72.70662689208984,73.615234375,65.4580307006836,74.66409301757813,77.015625,0,0,0,0,0,0,9.523809432983398,0,0,0,13.808340072631836,25769803776,0,17839390720,0
204,1790936402737,4,4,4,4,4,4,4,4,4,4,75.2496566772461,73.44269561767578,72.70662689208984,73.615234375,65.4580307006836,74.66409301757813,77.015625,5,0,0,0,0,0,5,0,4.761904716491699,0,13.808340072631836,25769803776,0,17839767552,0
204,1790936402943,4,4,4,4,4,4,4,4,4,4,75.2496566772461,73.44269561767578,72.70662689208984,73.615234375,65.4580307006836,74.66409301757813,77.015625,0,0,0,0,0,0,9.523809432983398,0,0,0,13.808340072631836,25769803776,0,17839767552,0
200,1790936403147,4,4,4,4,4,4,4,4,4,4,75.24125671386719,73.56778717041016,72.81925964355469,73.61125183105469,65.5423812866211,74.67931365966797,77.015625,0,4.761904716491699,0,0,0,0,5,4.761904716491699,0,0,13.808340072631836,25769803776,0,17839751168,0
204,1790936403348,4,4,4,4,4,4,4,4,4,4,75.24125671386719,73.56778717041016,72.81925964355469,73.61125183105469,65.5423812866211,74.67931365966797,77.015625,4.761904716491699,0,0,0,0,0,0,0,0,0,13.808340072631836,25769803776,0,17841586176,0
202,1790936403553,4,4,4,4,4,4,4,4,4,4,75.24125671386719,73.56778717041016,72.81925964355469,73.61125183105469,65.5423812866211,74.67931365966797,77.015625,0,0,0,0,0,0,9.090909004211426,0,0,0,13.848834991455078,25769803776,0,17839702016,0
204,1790936403756,4,4,4,4,4,4,4,4,4,4,75.24125671386719,73.56778717041016,72.81925964355469,73.61125183105469,65.5423812866211,74.67931365966797,77.015625,5,4.761904716491699,4.761904716491699,0,0,0,5,0,0,0,13.848834991455078,25769803776,0,17839718400,0
204,1790936403961,4,4,4,4,4,4,4,4,4,4,75.24125671386719,73.56778717041016,72.81925964355469,73.61125183105469,65.5423812866211,74.67931365966797,77.015625,4.761904716491699,0,0,0,0,0,5,0,0,0,13.848834991455078,25769803776,0,17839718400,0
204,1790936404166,4,4,4,4,4,4,4,4,4,4,75.2354507446289,73.54690551757813,72.70853424072266,73.59962463378906,65.44609069824219,74.65917205810547,77.015625,0,0,0,0,0,0,4.761904716491699,4.761904716491699,0,0,13.848834991455078,25769803776,0,17839718400,0
204,1790936404371,4,4,4,4,4,4,4,4,4,4,75.2354507446289,73.54690551757813,72.70853424072266,73.59962463378906,65.44609069824219,74.65917205810547,77.015625,4.761904716491699,0,0,0,0,0,5,0,4.761904716491699,0,13.848834991455078,25769803776,0,17839734784,0
201,1790936404576,4,4,4,4,4,4,4,4,4,4,75.2354507446289,73.54690551757813,72.70853424072266,73.59962463378906,65.44609069824219,74.65917205810547,77.015625,0,0,0,0,4.761904716491699,0,9.523809432983398,0,0,0,13.797035217285156,25769803776,0,17839734784,0
200,1790936404777,4,4,4,4,4,4,4,4,4,4,75.2354507446289,73.54690551757813,72.70853424072266,73.59962463378906,65.44609069824219,74.65917205810547,77.015625,0,4.761904716491699,0,0,0,0,5,0,0,0,13.797035217285156,25769803776,0,17839734784,0
204,1790936404978,4,4,4,4,4,4,4,4,4,4,75.2354507446289,73.54690551757813,72.70853424072266,73.59962463378906,65.44609069824219,74.65917205810547,77.015625,5,0,0,0,0,0,9.523809432983398,4.761904716491699,0,0,13.797035217285156,25769803776,0,17839734784,0
204,1790936405183,4,4,4,4,4,4,4,4,4,4,75.27592468261719,73.41305541992188,72.68460845947266,73.63449096679688,65.43425750732422,74.70137786865234,81.5,0,4.761904716491699,0,0,0,0,5,0,0,0,13.797035217285156,25769803776,0,17839587328,0
204,1790936405388,4,4,4,4,4,4,4,4,4,4,75.27592468261719,73.41305541992188,72.68460845947266,73.63449096679688,65.43425750732422,74.70137786865234,81.5,0,0,0,0,0,0,5,0,0,0,13.797035217285156,25769803776,0,17839587328,0
204,1790936405592,4,4,4,4,4,4,4,4,4,4,75.27592468261719,73.41305541992188,72.68460845947266,73.63449096679688,65.43425750732422,74.70137786865234,81.5,9.090909004211426,0,0,0,0,0,5,0,0,0,13.806615829467773,25769803776,0,17839603712,0
204,1790936405797,4,4,4,4,4,4,4,4,4,4,75.27592468261719,73.41305541992188,72.68460845947266,73.63449096679688,65.43425750732422,74.70137786865234,81.5,0,4.761904716491699,4.761904716491699,0,0,0,4.761904716491699,9.523809432983398,0,0,13.806615829467773,25769803776,0,17839603712,0
204,1790936406002,4,4,4,4,4,4,4,4,4,4,75.27592468261719,73.41305541992188,72.68460845947266,73.63449096679688,65.43425750732422,74.70137786865234,81.5,0,0,0,0,0,0,4.761904716491699,0,4.761904716491699,0,13.806615829467773,25769803776,0,17839603712,0
204,1790936406207,4,4,4,4,4,4,4,4,4,4,75.23373413085938,73.46543884277344,72.83987426757813,73.61509704589844,65.6461181640625,74.66878509521484,77.015625,4.545454502105713,0,4.761904716491699,0,0,0,9.523809432983398,0,0,0,13.806615829467773,25769803776,0,17839505408,0
204,1790936406412,4,4,4,4,4,4,4,4,4,4,75.23373413085938,73.46543884277344,72.83987426757813,73.61509704589844,65.6461181640625,74.66878509521484,77.015625,0,0,0,0,0,0,0,0,0,0,13.806615829467773,25769803776,0,17839505408,0
204,1790936406617,4,4,4,4,4,4,4,4,4,4,75.23373413085938,73.46543884277344,72.83987426757813,73.61509704589844,65.6461181640625,74.66878509521484,77.015625,0,0,0,0,0,0,9.523809432983398,0,0,0,13.887998580932617,25769803776,0,17839505408,0
204,1790936406822,4,4,4,4,4,4,4,4,4,4,75.23373413085938,73.46543884277344,72.83987426757813,73.61509704589844,65.6461181640625,74.66878509521484,77.015625,9.523809432983398,0,0,0,0,0,5,0,0,0,13.887998580932617,25769803776,0,17839505408,0
204,1790936407027,4,4,4,4,4,4,4,4,4,4,75.21504211425781,73.46082305908203,72.67594146728516,73.59481811523438,65.40684509277344,74.63459014892578,77.015625,0,9.090909004211426,0,5,0,0,5,0,0,0,13.887998580932617,25769803776,0,17839505408,0
204,1790936407232,4,4,4,4,4,4,4,4,4,4,75.21504211425781,73.46082305908203,72.67594146728516,73.59481811523438,65.40684509277344,74.63459014892578,77.015625,5,0,0,0,0,0,4.545454502105713,0,0,0,13.887998580932617,25769803776,0,17839718400,0
204,1790936407437,4,4,4,4,4,4,4,4,4,4,75.21504211425781,73.46082305908203,72.67594146728516,73.59481811523438,65.40684509277344,74.63459014892578,77.015625,0,0,0,0,0,0,0,0,9.523809432983398,0,13.887998580932617,25769803776,0,17839144960,0
204,1790936407642,4,4,4,4,4,4,4,4,4,4,75.21504211425781,73.46082305908203,72.67594146728516,73.59481811523438,65.40684509277344,74.63459014892578,77.015625,4.761904716491699,0,0,0,0,0,5,4.761904716491699,0,0,13.755281448364258,25769803776,0,17839144960,0
204,1790936407847,4,4,4,4,4,4,4,4,4,4,75.21504211425781,73.46082305908203,72.67594146728516,73.59481811523438,65.40684509277344,74.63459014892578,77.015625,4.761904716491699,0,0,0,4.761904716491699,4.545454502105713,9.523809432983398,0,0,0,13.755281448364258,25769803776,0,17838997504,0
204,1790936408052,4,4,4,4,4,4,4,4,4,4,75.36614227294922,73.37596130371094,72.67501068115234,73.6348876953125,65.43785858154297,74.84587860107422,77.484375,0,4.761904716491699,0,0,0,0,5,4.761904716491699,0,0,13.755281448364258,25769803776,0,17838997504,0
204,1790936408257,4,4,4,4,4,4,4,4,4,4,75.36614227294922,73.37596130371094,72.67501068115234,73.6348876953125,65.43785858154297,74.84587860107422,77.484375,4.761904716491699,0,0,0,0,0,5,0,4.761904716491699,0,13.755281448364258,25769803776,0,17839013888,0
204,1790936408462,4,4,4,4,4,4,4,4,4,4,75.36614227294922,73.37596130371094,72.67501068115234,73.6348876953125,65.43785858154297,74.84587860107422,77.484375,0,0,0,0,0,0,9.090909004211426,0,0,0,13.755281448364258,25769803776,0,17838964736,0
204,1790936408667,4,4,4,4,4,4,4,4,4,4,75.36614227294922,73.37596130371094,72.67501068115234,73.6348876953125,65.43785858154297,74.84587860107422,77.484375,0,0,0,0,0,0,5,0,0,0,13.839258193969727,25769803776,0,17838964736,0
204,1790936408872,4,4,4,4,4,4,4,4,4,4,75.36614227294922,73.37596130371094,72.67501068115234,73.6348876953125,65.43785858154297,74.84587860107422,77.484375,4.761904716491699,0,4.761904716491699,0,0,0,5,0,0,0,13.839258193969727,25769803776,0,17838735360,0
204,1790936409077,4,4,4,4,4,4,4,4,4,4,75.24970245361328,73.49005889892578,72.66263580322266,73.60618591308594,65.42143249511719,74.68644714355469,81.96875,9.523809432983398,4.761904716491699,4.761904716491699,5,0,0,5,0,0,0,13.839258193969727,25769803776,0,17839177728,0
204,1790936409282,4,4,4,4,4,4,4,4,4,4,75.24970245361328,73.49005889892578,72.66263580322266,73.60618591308594,65.42143249511719,74.68644714355469,81.96875,0,4.761904716491699,0,0,0,0,5,0,0,0,13.839258193969727,25769803776,0,17839226880,0
204,1790936409487,4,4,4,4,4,4,4,4,4,4,75.24970245361328,73.49005889892578,72.66263580322266,73.60618591308594,65.42143249511719,74.68644714355469,81.96875,4.761904716491699,0,0,0,0,0,9.090909004211426,4.761904716491699,0,0,13.839258193969727,25769803776,0,17839177728,0
204,1790936409692,4,4,4,4,4,4,4,4,4,4,75.24970245361328,73.49005889892578,72.66263580322266,73.60618591308594,65.42143249511719,74.68644714355469,81.96875,10,28.571430206298828,4.761904716491699,0,0,0,5,0,4.545454502105713,0,13.703584671020508,25769803776,0,17840013312,0
204,1790936409897,4,4,4,4,4,4,4,4,4,4,75.24970245361328,73.49005889892578,72.66263580322266,73.60618591308594,65.42143249511719,74.68644714355469,81.96875,0,5,0,0,4.761904716491699,0,9.523809432983398,0,0,0,13.703584671020508,25769803776,0,17840046080,0
204,1790936410102,4,4,4,4,4,4,4,4,4,4,75.23699188232422,73.43984985351563,72.66400146484375,73.60021209716797,65.40107727050781,74.66769409179688,77.015625,9.090909004211426,5,9.523809432983398,4.761904716491699,0,0,0,0,0,0,13.703584671020508,25769803776,0,17840160768,0
204,1790936410307,4,4,4,4,4,4,4,4,4,4,75.23699188232422,73.43984985351563,72.66400146484375,73.60021209716797,65.40107727050781,74.66769409179688,77.015625,21.052631378173828,23.809524536132813,9.523809432983398,14.285715103149414,4.761904716491699,4.761904716491699,4.545454502105713,9.523809432983398,0,0,13.703584671020508,25769803776,0,17842012160,0
204,1790936410512,4,4,4,4,4,4,4,4,4,4,75.23699188232422,73.43984985351563,72.66400146484375,73.60021209716797,65.40107727050781,74.66769409179688,77.015625,9.523809432983398,0,0,0,0,0,5,0,0,0,13.703584671020508,25769803776,0,17841963008,0
204,1790936410717,4,4,4,4,4,4,4,4,4,4,75.23699188232422,73.43984985351563,72.66400146484375,73.60021209716797,65.40107727050781,74.66769409179688,77.015625,0,4.761904716491699,0,0,0,0,0,4.761904716491699,4.761904716491699,0,13.770891189575195,25769803776,0,17841995776,0
204,1790936410922,4,4,4,4,4,4,4,4,4,4,75.23699188232422,73.43984985351563,72.66400146484375,73.60021209716797,65.40107727050781,74.66769409179688,77.015625,4.761904716491699,0,4.761904716491699,0,0,0,4.545454502105713,5,0,0,13.770891189575195,25769803776,0,17841946624,0
203,1790936411127,4,4,4,4,4,4,4,4,4,4,75.25981903076172,73.30436706542969,73.0620346069336,73.60841369628906,66.04204559326172,74.71217346191406,77.015625,0,0,0,0,0,0,0,4.761904716491699,0,0,13.770891189575195,25769803776,0,17841946624,0
204,1790936411330,4,4,4,4,4,4,4,4,4,4,75.25981903076172,73.30436706542969,73.0620346069336,73.60841369628906,66.04204559326172,74.71217346191406,77.015625,0,0,0,0,0,0,0,0,4.545454502105713,0,13.770891189575195,25769803776,0,17841963008,0
204,1790936411535,4,4,4,4,4,4,4,4,4,4,75.25981903076172,73.30436706542969,73.0620346069336,73.60841369628906,66.04204559326172,74.71217346191406,77.015625,4.761904716491699,0,0,0,0,0,0,9.523809432983398,0,0,14.25307559967041,25769803776,0,17841963008,0
204,1790936411740,4,4,4,4,4,4,4,4,4,4,75.25981903076172,73.30436706542969,73.0620346069336,73.60841369628906,66.04204559326172,74.71217346191406,77.015625,14.285715103149414,9.523809432983398,9.523809432983398,15.000000953674316,0,0,0,4.761904716491699,0,0,14.25307559967041,25769803776,0,17849319424,0
204,1790936411945,4,4,4,4,4,4,4,4,4,4,75.25981903076172,73.30436706542969,73.0620346069336,73.60841369628906,66.04204559326172,74.71217346191406,77.015625,0,0,0,4.761904716491699,0,0,0,5,4.761904716491699,0,14.25307559967041,25769803776,0,17849319424,0
204,1790936412150,4,4,4,4,4,4,4,4,4,4,75.25855255126953,73.02264404296875,73.09275817871094,73.59317779541016,66.27111053466797,74.70376586914063,77.015625,5,4.761904716491699,0,0,0,0,0,9.523809432983398,0,0,14.25307559967041,25769803776,0,17849319424,0
204,1790936412355,4,4,4,4,4,4,4,4,4,4,75.25855255126953,73.02264404296875,73.09275817871094,73.59317779541016,66.27111053466797,74.70376586914063,77.015625,0,0,0,0,0,0,0,0,0,0,14.25307559967041,25769803776,0,17849581568,0
201,1790936412560,4,4,4,4,4,4,4,4,4,4,75.25855255126953,73.02264404296875,73.09275817871094,73.59317779541016,66.27111053466797,74.70376586914063,77.015625,4.761904716491699,0,0,0,0,0,4.761904716491699,9.523809432983398,0,0,13.587172508239746,25769803776,0,17849581568,0
204,1790936412761,4,4,4,4,4,4,4,4,4,4,75.25855255126953,73.02264404296875,73.09275817871094,73.59317779541016,66.27111053466797,74.70376586914063,77.015625,5,5,0,0,0,0,4.761904716491699,5,0,0,13.587172508239746,25769803776,0,17849581568,0
204,1790936412966,4,4,4,4,4,4,4,4,4,4,75.25855255126953,73.02264404296875,73.09275817871094,73.59317779541016,66.27111053466797,74.70376586914063,77.015625,4.761904716491699,0,0,0,0,0,0,9.523809432983398,4.761904716491699,0,13.587172508239746,25769803776,0,17849581568,0
200,1790936413171,4,4,4,4,4,4,4,4,4,4,75.21976470947266,73.0046615600586,73.01233673095703,73.60196685791016,66.11145782470703,74.65191650390625,77.015625,0,0,0,4.761904716491699,0,0,0,5,0,0,13.587172508239746,25769803776,0,17849581568,0
204,1790936413371,4,4,4,4,4,4,4,4,4,4,75.21976470947266,73.0046615600586,73.01233673095703,73.60196685791016,66.11145782470703,74.65191650390625,77.015625,5,0,0,0,0,0,0,0,0,0,13.587172508239746,25769803776,0,17849565184,0
204,1790936413576,4,4,4,4,4,4,4,4,4,4,75.21976470947266,73.0046615600586,73.01233673095703,73.60196685791016,66.11145782470703,74.65191650390625,77.015625,0,0,0,0,0,0,0,9.523809432983398,0,0,13.804069519042969,25769803776,0,17849548800,0
204,1790936413781,4,4,4,4,4,4,4,4,4,4,75.21976470947266,73.0046615600586,73.01233673095703,73.60196685791016,66.11145782470703,74.65191650390625,77.015625,0,4.761904716491699,0,0,0,0,0,5,0,0,13.804069519042969,25769803776,0,17849565184,0
204,1790936413986,4,4,4,4,4,4,4,4,4,4,75.21976470947266,73.0046615600586,73.01233673095703,73.60196685791016,66.11145782470703,74.65191650390625,77.015625,9.523809432983398,4.761904716491699,9.090909004211426,0,0,0,4.761904716491699,9.090909004211426,0,0,13.804069519042969,25769803776,0,17849565184,0
204,1790936414191,4,4,4,4,4,4,4,4,4,4,75.21006774902344,73.03006744384766,73.1250228881836,73.5712890625,66.26896667480469,74.62683868408203,77.015625,4.761904716491699,0,0,0,4.761904716491699,0,0,5,4.761904716491699,0,13.804069519042969,25769803776,0,17849565184,0
204,1790936414396,4,4,4,4,4,4,4,4,4,4,75.21006774902344,73.03006744384766,73.1250228881836,73.5712890625,66.26896667480469,74.62683868408203,77.015625,0,0,0,0,0,0,0,9.523809432983398,0,0,13.804069519042969,25769803776,0,17849712640,0
204,1790936414601,4,4,4,4,4,4,4,4,4,4,75.21006774902344,73.03006744384766,73.1250228881836,73.5712890625,66.26896667480469,74.62683868408203,77.015625,4.761904716491699,0,0,0,0,0,0,0,0,4.545454502105713,13.721614837646484,25769803776,0,17849712640,0
204,1790936414806,4,4,4,4,4,4,4,4,4,4,75.21006774902344,73.03006744384766,73.1250228881836,73.5712890625,66.26896667480469,74.62683868408203,77.015625,0,0,0,0,0,0,0,4.761904716491699,4.761904716491699,0,13.721614837646484,25769803776,0,17849712640,0
202,1790936415012,4,4,4,4,4,4,4,4,4,4,75.21006774902344,73.03006744384766,73.1250228881836,73.5712890625,66.26896667480469,74.62683868408203,77.015625,0,0,0,0,0,0,0,0,0,0,13.721614837646484,25769803776,0,17849712640,0
209,1790936415214,4,4,4,4,4,4,4,4,4,4,75.2282485961914,72.93881225585938,72.97737121582031,73.59564208984375,66.14647674560547,74.6552505493164,78.078125,10.526315689086914,9.523809432983398,5.263157844543457,0,5,5,4.761904716491699,9.523809432983398,0,0,13.721614837646484,25769803776,0,17849712640,0
209,1790936415424,4,4,4,4,4,4,4,4,4,4,75.2282485961914,72.93881225585938,72.97737121582031,73.59564208984375,66.14647674560547,74.6552505493164,78.078125,4.545454502105713,0,0,0,0,0,0,4.761904716491699,0,0,13.721614837646484,25769803776,0,17851072512,0
203,1790936415634,4,4,4,4,4,4,4,4,4,4,75.2282485961914,72.93881225585938,72.97737121582031,73.59564208984375,66.14647674560547,74.6552505493164,78.078125,0,0,0,0,0,0,0,9.090909004211426,0,0,13.808752059936523,25769803776,0,17850826752,0
209,1790936415838,4,4,4,4,4,4,4,4,4,4,75.2282485961914,72.93881225585938,72.97737121582031,73.59564208984375,66.14647674560547,74.6552505493164,78.078125,9.090909004211426,0,4.761904716491699,0,0,0,0,5,4.761904716491699,0,13.808752059936523,25769803776,0,17850892288,0
203,1790936416048,4,4,4,4,4,4,4,4,4,4,75.2154541015625,72.9974136352539,73.11581420898438,73.57975769042969,66.24125671386719,74.63648223876953,77.015625,4.761904716491699,9.523809432983398,4.545454502105713,0,0,0,0,9.523809432983398,0,0,13.808752059936523,25769803776,0,17850908672,0
209,1790936416252,4,4,4,4,4,4,4,4,4,4,75.2154541015625,72.9974136352539,73.11581420898438,73.57975769042969,66.24125671386719,74.63648223876953,77.015625,0,0,0,0,0,0,0,5,0,0,13.808752059936523,25769803776,0,17850875904,0
209,1790936416462,4,4,4,4,4,4,4,4,4,4,75.2154541015625,72.9974136352539,73.11581420898438,73.57975769042969,66.24125671386719,74.63648223876953,77.015625,0,4.545454502105713,0,0,0,0,0,4.761904716491699,0,0,13.808752059936523,25769803776,0,17850875904,0
209,1790936416672,4,4,4,4,4,4,4,4,4,4,75.2154541015625,72.9974136352539,73.11581420898438,73.57975769042969,66.24125671386719,74.63648223876953,77.015625,4.761904716491699,0,0,0,0,0,4.545454502105713,5,0,0,13.819091796875,25769803776,0,17850859520,0
209,1790936416882,4,4,4,4,4,4,4,4,4,4,75.2154541015625,72.9974136352539,73.11581420898438,73.57975769042969,66.24125671386719,74.63648223876953,77.015625,0,0,0,0,0,0,0,4.761904716491699,0,0,13.819091796875,25769803776,0,17850843136,0
10,1790936417092,4,4,4,4,4,4,4,4,4,4,75.16971588134766,72.97150421142578,73.17814636230469,73.5250015258789,66.36790466308594,74.56851196289063,77.015625,9.523809432983398,4.761904716491699,0,0,0,0,0,18.18181800842285,4.761904716491699,0,13.819091796875,25769803776,0,17850843136,0
