Delta,Time,CPU_FREQUENCY_0,CPU_FREQUENCY_1,CPU_FREQUENCY_2,CPU_FREQUENCY_3,CPU_FREQUENCY_4,CPU_FREQUENCY_5,CPU_FREQUENCY_6,CPU_FREQUENCY_7,CPU_FREQUENCY_8,CPU_FREQUENCY_9,CPU_TEMP_0,CPU_TEMP_1,CPU_TEMP_2,CPU_TEMP_3,CPU_TEMP_4,CPU_TEMP_5,CPU_TEMP_6,CPU_USAGE_0,CPU_USAGE_1,CPU_USAGE_2,CPU_USAGE_3,CPU_USAGE_4,CPU_USAGE_5,CPU_USAGE_6,CPU_USAGE_7,CPU_USAGE_8,CPU_USAGE_9,SYSTEM_POWER (Watts),TOTAL_MEMORY,TOTAL_SWAP,USED_MEMORY,USED_SWAP
0,1790457384557,4,4,4,4,4,4,4,4,4,4,64.63880157470703,64.95410919189453,64.68280792236328,64.17919921875,57.67192077636719,64.77411651611328,72,50,0,0,0,0,0,0,0,0,0,2.8218753337860107,25769803776,2147483648,17513775104,765329408
201,1790457384557,4,4,4,4,4,4,4,4,4,4,64.63880157470703,64.95410919189453,64.68280792236328,64.17919921875,57.67192077636719,64.77411651611328,72,NaN,100,100,100,0,0,0,0,0,0,2.8218753337860107,25769803776,2147483648,17513775104,765329408
204,1790457384759,4,4,4,4,4,4,4,4,4,4,64.63880157470703,64.95410919189453,64.68280792236328,64.17919921875,57.67192077636719,64.77411651611328,72,5,0,5,0,0,0,78.94737243652344,5.263157844543457,14.285715103149414,5.263157844543457,2.8218753337860107,25769803776,2147483648,17513775104,765329408
204,1790457384964,4,4,4,4,4,4,4,4,4,4,64.63880157470703,64.95410919189453,64.68280792236328,64.17919921875,57.67192077636719,64.77411651611328,72,4.761904716491699,4.761904716491699,0,0,0,0,5,0,0,100,2.817002058029175,25769803776,2147483648,17513775104,765329408
204,1790457385169,4,4,4,4,4,4,4,4,4,4,64.63880157470703,64.95410919189453,64.68280792236328,64.17919921875,57.67192077636719,64.77411651611328,72,0,5,0,0,0,0,45.45454788208008,9.523809432983398,0,54.54545593261719,2.817002058029175,25769803776,2147483648,17513775104,765329408
201,1790457385374,4,4,4,4,4,4,4,4,4,4,69.16966247558594,70.43877410888672,68.236083984375,71.36102294921875,61.029930114746094,68.79145050048828,93.359375,9.523809432983398,4.761904716491699,0,0,0,0,26.3157901763916,4.761904716491699,0,0,2.817002058029175,25769803776,2147483648,18305335296,765329408
204,1790457385576,4,4,4,4,4,4,4,4,4,4,69.16966247558594,70.43877410888672,68.236083984375,71.36102294921875,61.029930114746094,68.79145050048828,93.359375,0,5.263157844543457,0,0,0,0,18.18181800842285,5,0,0,2.817002058029175,25769803776,2147483648,18305335296,765329408
204,1790457385781,4,4,4,4,4,4,4,4,4,4,69.16966247558594,70.43877410888672,68.236083984375,71.36102294921875,61.029930114746094,68.79145050048828,93.359375,4.761904716491699,0,4.761904716491699,0,0,0,0,0,0,0,2.817002058029175,25769803776,2147483648,18305335296,765329408
203,1790457385986,4,4,4,4,4,4,4,4,4,4,69.16966247558594,70.43877410888672,68.236083984375,71.36102294921875,61.029930114746094,68.79145050048828,93.359375,0,0,0,0,4.761904716491699,0,4.761904716491699,0,0,0,5.108673572540283,25769803776,2147483648,18305335296,765329408
204,1790457386189,4,4,4,4,4,4,4,4,4,4,69.16966247558594,70.43877410888672,68.236083984375,71.36102294921875,61.029930114746094,68.79145050048828,93.359375,0,0,0,0,4.545454502105713,0,9.523809432983398,0,0,0,5.108673572540283,25769803776,2147483648,18305335296,765329408
202,1790457386394,4,4,4,4,4,4,4,4,4,4,74.25106048583984,69.11846160888672,68.4495849609375,71.96614074707031,61.460784912109375,73.28946685791016,77.015625,5,9.090909004211426,4.761904716491699,0,0,0,0,0,0,0,5.108673572540283,25769803776,2147483648,18295062528,765329408
204,1790457386597,4,4,4,4,4,4,4,4,4,4,74.25106048583984,69.11846160888672,68.4495849609375,71.96614074707031,61.460784912109375,73.28946685791016,77.015625,9.523809432983398,0,0,0,0,0,5,0,0,0,5.108673572540283,25769803776,2147483648,18288869376,765329408
204,1790457386802,4,4,4,4,4,4,4,4,4,4,74.25106048583984,69.11846160888672,68.4495849609375,71.96614074707031,61.460784912109375,73.28946685791016,77.015625,0,0,0,0,0,0,4.761904716491699,4.545454502105713,0,0,5.108673572540283,25769803776,2147483648,18288869376,765329408
204,1790457387007,4,4,4,4,4,4,4,4,4,4,74.25106048583984,69.11846160888672,68.4495849609375,71.96614074707031,61.460784912109375,73.28946685791016,77.015625,0,4.545454502105713,0,0,0,0,5,0,4.761904716491699,0,18.009897232055664,25769803776,2147483648,18289328128,765329408
204,1790457387212,4,4,4,4,4,4,4,4,4,4,74.25106048583984,69.11846160888672,68.4495849609375,71.96614074707031,61.460784912109375,73.28946685791016,77.015625,4.761904716491699,0,0,0,0,0,5,0,0,0,18.009897232055664,25769803776,2147483648,18276663296,765329408
201,1790457387417,4,4,4,4,4,4,4,4,4,4,76.4670639038086,71.92977142333984,70.995849609375,74.01876831054688,63.68482208251953,75.46270751953125,77.015625,0,0,0,0,0,0,4.761904716491699,0,0,0,18.009897232055664,25769803776,2147483648,18276663296,765329408
204,1790457387618,4,4,4,4,4,4,4,4,4,4,76.4670639038086,71.92977142333984,70.995849609375,74.01876831054688,63.68482208251953,75.46270751953125,77.015625,0,0,0,0,0,0,9.523809432983398,0,0,0,18.009897232055664,25769803776,2147483648,18276614144,765329408
204,1790457387823,4,4,4,4,4,4,4,4,4,4,76.4670639038086,71.92977142333984,70.995849609375,74.01876831054688,63.68482208251953,75.46270751953125,77.015625,4.761904716491699,0,0,0,0,0,5,0,0,0,18.009897232055664,25769803776,2147483648,18276663296,765329408
203,1790457388028,4,4,4,4,4,4,4,4,4,4,76.4670639038086,71.92977142333984,70.995849609375,74.01876831054688,63.68482208251953,75.46270751953125,77.015625,4.761904716491699,4.761904716491699,0,0,0,0,0,0,0,0,22.142724990844727,25769803776,2147483648,18276548608,765329408
204,1790457388232,4,4,4,4,4,4,4,4,4,4,76.4670639038086,71.92977142333984,70.995849609375,74.01876831054688,63.68482208251953,75.46270751953125,77.015625,0,4.761904716491699,4.761904716491699,0,0,0,9.090909004211426,0,0,0,22.142724990844727,25769803776,2147483648,18276548608,765329408
204,1790457388437,4,4,4,4,4,4,4,4,4,4,76.3826675415039,72.42161560058594,71.57530212402344,74.1365737915039,64.21155548095703,75.41830444335938,79.015625,4.761904716491699,0,0,0,0,0,5,0,0,0,22.142724990844727,25769803776,2147483648,18276745216,765329408
204,1790457388642,4,4,4,4,4,4,4,4,4,4,76.3826675415039,72.42161560058594,71.57530212402344,74.1365737915039,64.21155548095703,75.41830444335938,79.015625,0,0,0,0,0,0,9.523809432983398,0,0,0,22.142724990844727,25769803776,2147483648,18276892672,765329408
204,1790457388847,4,4,4,4,4,4,4,4,4,4,76.3826675415039,72.42161560058594,71.57530212402344,74.1365737915039,64.21155548095703,75.41830444335938,79.015625,4.761904716491699,0,0,0,0,0,0,4.545454502105713,0,0,22.142724990844727,25769803776,2147483648,18276892672,765329408
204,1790457389052,4,4,4,4,4,4,4,4,4,4,76.3826675415039,72.42161560058594,71.57530212402344,74.1365737915039,64.21155548095703,75.41830444335938,79.015625,4.761904716491699,0,0,0,0,0,5,0,0,0,18.145994186401367,25769803776,2147483648,18276892672,765329408
204,1790457389257,4,4,4,4,4,4,4,4,4,4,76.3826675415039,72.42161560058594,71.57530212402344,74.1365737915039,64.21155548095703,75.41830444335938,79.015625,0,0,4.761904716491699,0,0,0,5,0,0,0,18.145994186401367,25769803776,2147483648,18276892672,765329408
204,1790457389462,4,4,4,4,4,4,4,4,4,4,76.46092987060547,72.8876953125,71.93501281738281,74.31240844726563,64.71453857421875,75.5904541015625,77.484375,4.761904716491699,50,0,0,0,0,9.090909004211426,0,0,0,18.145994186401367,25769803776,2147483648,18276925440,765329408
204,1790457389667,4,4,4,4,4,4,4,4,4,4,76.46092987060547,72.8876953125,71.93501281738281,74.31240844726563,64.71453857421875,75.5904541015625,77.484375,0,23.809524536132813,0,4.761904716491699,0,0,5,0,4.761904716491699,0,18.145994186401367,25769803776,2147483648,18276941824,765329408
202,1790457389872,4,4,4,4,4,4,4,4,4,4,76.46092987060547,72.8876953125,71.93501281738281,74.31240844726563,64.71453857421875,75.5904541015625,77.484375,4.761904716491699,0,0,0,0,0,0,0,0,0,16.98586082458496,25769803776,2147483648,18276941824,765329408
204,1790457390074,4,4,4,4,4,4,4,4,4,4,76.46092987060547,72.8876953125,71.93501281738281,74.31240844726563,64.71453857421875,75.5904541015625,77.484375,0,0,0,0,0,0,9.523809432983398,0,0,0,16.98586082458496,25769803776,2147483648,18278793216,765329408
204,1790457390279,4,4,4,4,4,4,4,4,4,4,76.46092987060547,72.8876953125,71.93501281738281,74.31240844726563,64.71453857421875,75.5904541015625,77.484375,0,0,0,0,0,0,0,0,0,0,16.98586082458496,25769803776,2147483648,18276892672,765329408
204,1790457390484,4,4,4,4,4,4,4,4,4,4,76.83304595947266,73.14401245117188,72.37322998046875,74.68910217285156,65.25910186767578,76.05677795410156,78.203125,5,4.761904716491699,0,4.761904716491699,4.761904716491699,0,0,9.523809432983398,0,0,16.98586082458496,25769803776,2147483648,18277318656,765329408
204,1790457390689,4,4,4,4,4,4,4,4,4,4,76.83304595947266,73.14401245117188,72.37322998046875,74.68910217285156,65.25910186767578,76.05677795410156,78.203125,0,0,0,0,0,0,4.761904716491699,0,0,0,16.98586082458496,25769803776,2147483648,18277318656,765329408
204,1790457390894,4,4,4,4,4,4,4,4,4,4,76.83304595947266,73.14401245117188,72.37322998046875,74.68910217285156,65.25910186767578,76.05677795410156,78.203125,4.761904716491699,0,0,0,0,0,9.523809432983398,4.545454502105713,0,0,16.85399055480957,25769803776,2147483648,18277318656,765329408
204,1790457391099,4,4,4,4,4,4,4,4,4,4,76.83304595947266,73.14401245117188,72.37322998046875,74.68910217285156,65.25910186767578,76.05677795410156,78.203125,0,4.761904716491699,0,0,0,0,0,0,0,0,16.85399055480957,25769803776,2147483648,18277318656,765329408
200,1790457391304,4,4,4,4,4,4,4,4,4,4,76.83304595947266,73.14401245117188,72.37322998046875,74.68910217285156,65.25910186767578,76.05677795410156,78.203125,4.761904716491699,0,0,0,0,0,5,0,0,0,16.85399055480957,25769803776,2147483648,18277318656,765329408
204,1790457391505,4,4,4,4,4,4,4,4,4,4,77.31007385253906,73.46341705322266,72.69915771484375,75.30546569824219,65.4832534790039,76.64067077636719,78.671875,4.761904716491699,0,0,0,0,0,9.523809432983398,0,0,0,16.85399055480957,25769803776,2147483648,18277187584,765329408
204,1790457391710,4,4,4,4,4,4,4,4,4,4,77.31007385253906,73.46341705322266,72.69915771484375,75.30546569824219,65.4832534790039,76.64067077636719,78.671875,0,0,0,0,0,0,0,0,4.761904716491699,0,16.85399055480957,25769803776,2147483648,18277285888,765329408
201,1790457391915,4,4,4,4,4,4,4,4,4,4,77.31007385253906,73.46341705322266,72.69915771484375,75.30546569824219,65.4832534790039,76.64067077636719,78.671875,4.761904716491699,0,0,0,0,0,5,0,0,0,17.147972106933594,25769803776,2147483648,18277302272,765329408
200,1790457392117,4,4,4,4,4,4,4,4,4,4,77.31007385253906,73.46341705322266,72.69915771484375,75.30546569824219,65.4832534790039,76.64067077636719,78.671875,0,0,0,0,0,0,0,5,0,0,17.147972106933594,25769803776,2147483648,18277433344,765329408
200,1790457392318,4,4,4,4,4,4,4,4,4,4,77.31007385253906,73.46341705322266,72.69915771484375,75.30546569824219,65.4832534790039,76.64067077636719,78.671875,0,4.761904716491699,0,0,0,0,9.523809432983398,0,0,0,17.147972106933594,25769803776,2147483648,18277433344,765329408
204,1790457392518,4,4,4,4,4,4,4,4,4,4,77.69215393066406,73.99613189697266,73.2883071899414,75.80529022216797,66.06963348388672,77.18043518066406,79.140625,5,0,4.761904716491699,0,0,0,5,0,0,0,17.147972106933594,25769803776,2147483648,18277302272,765329408
204,1790457392723,4,4,4,4,4,4,4,4,4,4,77.69215393066406,73.99613189697266,73.2883071899414,75.80529022216797,66.06963348388672,77.18043518066406,79.140625,4.761904716491699,0,0,0,0,0,5,0,0,0,17.147972106933594,25769803776,2147483648,18277302272,765329408
204,1790457392929,4,4,4,4,4,4,4,4,4,4,77.69215393066406,73.99613189697266,73.2883071899414,75.80529022216797,66.06963348388672,77.18043518066406,79.140625,0,0,0,0,0,0,4.761904716491699,0,0,0,17.38149642944336,25769803776,2147483648,18277384192,765329408
204,1790457393134,4,4,4,4,4,4,4,4,4,4,77.69215393066406,73.99613189697266,73.2883071899414,75.80529022216797,66.06963348388672,77.18043518066406,79.140625,4.761904716491699,0,0,0,0,0,5,0,0,0,17.38149642944336,25769803776,2147483648,18277253120,765329408
200,1790457393338,4,4,4,4,4,4,4,4,4,4,77.69215393066406,73.99613189697266,73.2883071899414,75.80529022216797,66.06963348388672,77.18043518066406,79.140625,0,0,0,0,0,0,0,9.523809432983398,0,0,17.38149642944336,25769803776,2147483648,18277253120,765329408
204,1790457393539,4,4,4,4,4,4,4,4,4,4,77.96142578125,74.30281066894531,73.63462829589844,76.17133331298828,66.4402084350586,77.55841064453125,79.375,0,9.090909004211426,0,0,0,0,5,0,0,0,17.38149642944336,25769803776,2147483648,18277269504,765329408
204,1790457393744,4,4,4,4,4,4,4,4,4,4,77.96142578125,74.30281066894531,73.63462829589844,76.17133331298828,66.4402084350586,77.55841064453125,79.375,4.761904716491699,0,0,0,0,0,9.090909004211426,4.545454502105713,0,0,17.38149642944336,25769803776,2147483648,18278989824,765329408
204,1790457393949,4,4,4,4,4,4,4,4,4,4,77.96142578125,74.30281066894531,73.63462829589844,76.17133331298828,66.4402084350586,77.55841064453125,79.375,0,0,0,0,0,0,0,0,0,0,17.414915084838867,25769803776,2147483648,18277007360,765329408
204,1790457394153,4,4,4,4,4,4,4,4,4,4,77.96142578125,74.30281066894531,73.63462829589844,76.17133331298828,66.4402084350586,77.55841064453125,79.375,4.761904716491699,0,0,0,0,0,5,0,0,0,17.414915084838867,25769803776,2147483648,18277007360,765329408
204,1790457394358,4,4,4,4,4,4,4,4,4,4,78.15982818603516,74.68038177490234,73.87860870361328,76.4631576538086,66.6360092163086,78.05951690673828,81.375,0,0,0,0,0,0,5,0,4.545454502105713,0,17.414915084838867,25769803776,2147483648,18277007360,765329408
204,1790457394563,4,4,4,4,4,4,4,4,4,4,78.15982818603516,74.68038177490234,73.87860870361328,76.4631576538086,66.6360092163086,78.05951690673828,81.375,0,0,0,0,0,0,4.761904716491699,0,0,0,17.414915084838867,25769803776,2147483648,18277253120,765329408
204,1790457394768,4,4,4,4,4,4,4,4,4,4,78.15982818603516,74.68038177490234,73.87860870361328,76.4631576538086,66.6360092163086,78.05951690673828,81.375,4.761904716491699,0,0,0,0,0,5,0,0,0,17.414915084838867,25769803776,2147483648,18277154816,765329408
204,1790457394973,4,4,4,4,4,4,4,4,4,4,78.15982818603516,74.68038177490234,73.87860870361328,76.4631576538086,66.6360092163086,78.05951690673828,81.375,0,4.545454502105713,4.545454502105713,0,0,0,9.090909004211426,0,0,0,17.480365753173828,25769803776,2147483648,18277154816,765329408
202,1790457395178,4,4,4,4,4,4,4,4,4,4,78.15982818603516,74.68038177490234,73.87860870361328,76.4631576538086,66.6360092163086,78.05951690673828,81.375,0,0,0,0,0,0,0,0,0,0,17.480365753173828,25769803776,2147483648,18277154816,765329408
200,1790457395380,4,4,4,4,4,4,4,4,4,4,78.43695068359375,75.18508911132813,74.12130737304688,76.97332763671875,67.08164978027344,78.45110321044922,81.84375,9.523809432983398,0,0,0,0,0,5,0,0,0,17.480365753173828,25769803776,2147483648,18277154816,765329408
204,1790457395581,4,4,4,4,4,4,4,4,4,4,78.43695068359375,75.18508911132813,74.12130737304688,76.97332763671875,67.08164978027344,78.45110321044922,81.84375,5,0,0,4.761904716491699,0,0,9.523809432983398,4.761904716491699,0,0,17.480365753173828,25769803776,2147483648,18261114880,765329408
204,1790457395786,4,4,4,4,4,4,4,4,4,4,78.43695068359375,75.18508911132813,74.12130737304688,76.97332763671875,67.08164978027344,78.45110321044922,81.84375,0,0,0,0,0,0,5,0,4.545454502105713,0,17.480365753173828,25769803776,2147483648,18261164032,765329408
204,1790457395991,4,4,4,4,4,4,4,4,4,4,78.43695068359375,75.18508911132813,74.12130737304688,76.97332763671875,67.08164978027344,78.45110321044922,81.84375,0,0,0,0,0,0,4.761904716491699,0,0,0,17.798070907592773,25769803776,2147483648,18261213184,765329408
204,1790457396196,4,4,4,4,4,4,4,4,4,4,78.43695068359375,75.18508911132813,74.12130737304688,76.97332763671875,67.08164978027344,78.45110321044922,81.84375,4.761904716491699,0,0,0,0,0,5,0,0,0,17.798070907592773,25769803776,2147483648,18261213184,765329408
204,1790457396401,4,4,4,4,4,4,4,4,4,4,78.6580810546875,75.484130859375,74.44666290283203,77.27593994140625,67.40978240966797,78.68396759033203,80.3125,0,4.545454502105713,0,0,0,0,5,0,0,0,17.798070907592773,25769803776,2147483648,18261213184,765329408
204,1790457396606,4,4,4,4,4,4,4,4,4,4,78.6580810546875,75.484130859375,74.44666290283203,77.27593994140625,67.40978240966797,78.68396759033203,80.3125,4.761904716491699,5,0,0,0,0,4.761904716491699,0,0,0,17.798070907592773,25769803776,2147483648,18260787200,765329408
204,1790457396811,4,4,4,4,4,4,4,4,4,4,78.6580810546875,75.484130859375,74.44666290283203,77.27593994140625,67.40978240966797,78.68396759033203,80.3125,5,0,0,0,0,0,9.523809432983398,0,0,0,17.798070907592773,25769803776,2147483648,18261295104,765329408
204,1790457397016,4,4,4,4,4,4,4,4,4,4,78.6580810546875,75.484130859375,74.44666290283203,77.27593994140625,67.40978240966797,78.68396759033203,80.3125,0,0,0,0,4.761904716491699,0,0,0,0,4.761904716491699,17.82123374938965,25769803776,2147483648,18261245952,765329408
203,1790457397221,4,4,4,4,4,4,4,4,4,4,78.6580810546875,75.484130859375,74.44666290283203,77.27593994140625,67.40978240966797,78.68396759033203,80.3125,4.761904716491699,4.761904716491699,4.761904716491699,0,4.761904716491699,0,5,0,4.545454502105713,0,17.82123374938965,25769803776,2147483648,18248908800,765329408
204,1790457397424,4,4,4,4,4,4,4,4,4,4,78.92840576171875,75.78154754638672,74.83232879638672,77.65882110595703,67.69343566894531,79.05217742919922,81.15625,0,0,0,0,0,0,9.523809432983398,4.545454502105713,0,0,17.82123374938965,25769803776,2147483648,18248908800,765329408
204,1790457397629,4,4,4,4,4,4,4,4,4,4,78.92840576171875,75.78154754638672,74.83232879638672,77.65882110595703,67.69343566894531,79.05217742919922,81.15625,0,0,0,4.761904716491699,0,0,4.761904716491699,0,0,0,17.82123374938965,25769803776,2147483648,18250612736,765329408
204,1790457397834,4,4,4,4,4,4,4,4,4,4,78.92840576171875,75.78154754638672,74.83232879638672,77.65882110595703,67.69343566894531,79.05217742919922,81.15625,9.090909004211426,0,0,0,0,0,0,0,0,0,17.82123374938965,25769803776,2147483648,18248843264,765329408
204,1790457398039,4,4,4,4,4,4,4,4,4,4,78.92840576171875,75.78154754638672,74.83232879638672,77.65882110595703,67.69343566894531,79.05217742919922,81.15625,0,0,0,0,0,0,5,0,0,0,18.266984939575195,25769803776,2147483648,18248876032,765329408
204,1790457398244,4,4,4,4,4,4,4,4,4,4,78.92840576171875,75.78154754638672,74.83232879638672,77.65882110595703,67.69343566894531,79.05217742919922,81.15625,4.761904716491699,0,0,0,0,0,4.761904716491699,0,0,0,18.266984939575195,25769803776,2147483648,18248892416,765329408
204,1790457398449,4,4,4,4,4,4,4,4,4,4,79.10420989990234,76.02291107177734,75.01673126220703,77.81423950195313,67.92774200439453,79.26769256591797,80.796875,0,0,0,0,0,0,5,0,0,0,18.266984939575195,25769803776,2147483648,18248892416,765329408
204,1790457398654,4,4,4,4,4,4,4,4,4,4,79.10420989990234,76.02291107177734,75.01673126220703,77.81423950195313,67.92774200439453,79.26769256591797,80.796875,0,0,0,0,0,0,4.761904716491699,0,0,0,18.266984939575195,25769803776,2147483648,18249007104,765329408
204,1790457398859,4,4,4,4,4,4,4,4,4,4,79.10420989990234,76.02291107177734,75.01673126220703,77.81423950195313,67.92774200439453,79.26769256591797,80.796875,4.761904716491699,0,0,0,0,4.761904716491699,9.523809432983398,0,0,0,17.970712661743164,25769803776,2147483648,18248957952,765329408
204,1790457399063,4,4,4,4,4,4,4,4,4,4,79.10420989990234,76.02291107177734,75.01673126220703,77.81423950195313,67.92774200439453,79.26769256591797,80.796875,0,9.090909004211426,0,0,0,0,0,9.090909004211426,0,0,17.970712661743164,25769803776,2147483648,18248957952,765329408
204,1790457399268,4,4,4,4,4,4,4,4,4,4,79.10420989990234,76.02291107177734,75.01673126220703,77.81423950195313,67.92774200439453,79.26769256591797,80.796875,0,0,0,0,0,0,5,0,0,0,17.970712661743164,25769803776,2147483648,18248957952,765329408
204,1790457399473,4,4,4,4,4,4,4,4,4,4,79.18771362304688,76.08787536621094,75.27606964111328,77.94214630126953,68.3087158203125,79.44429016113281,83.390625,4.545454502105713,0,0,4.761904716491699,0,0,9.523809432983398,0,0,0,17.970712661743164,25769803776,2147483648,18248957952,765329408
204,1790457399678,4,4,4,4,4,4,4,4,4,4,79.18771362304688,76.08787536621094,75.27606964111328,77.94214630126953,68.3087158203125,79.44429016113281,83.390625,0,0,0,0,0,0,0,0,0,0,17.970712661743164,25769803776,2147483648,18250940416,765329408
200,1790457399883,4,4,4,4,4,4,4,4,4,4,79.18771362304688,76.08787536621094,75.27606964111328,77.94214630126953,68.3087158203125,79.44429016113281,83.390625,4.761904716491699,0,4.545454502105713,0,0,0,5,0,4.761904716491699,0,18.003572463989258,25769803776,2147483648,18250940416,765329408
204,1790457400084,4,4,4,4,4,4,4,4,4,4,79.18771362304688,76.08787536621094,75.27606964111328,77.94214630126953,68.3087158203125,79.44429016113281,83.390625,0,0,0,0,0,0,0,5,0,0,18.003572463989258,25769803776,2147483648,18250940416,765329408
201,1790457400289,4,4,4,4,4,4,4,4,4,4,79.18771362304688,76.08787536621094,75.27606964111328,77.94214630126953,68.3087158203125,79.44429016113281,83.390625,5,0,0,0,0,0,9.523809432983398,4.761904716491699,0,0,18.003572463989258,25769803776,2147483648,18250989568,765329408
204,1790457400490,4,4,4,4,4,4,4,4,4,4,79.87440490722656,76.8174057006836,75.85729217529297,78.33248901367188,68.78103637695313,80.00331115722656,82.4375,4.761904716491699,5,0,0,0,0,5,0,4.761904716491699,0,18.003572463989258,25769803776,2147483648,18251071488,765329408
204,1790457400695,4,4,4,4,4,4,4,4,4,4,79.87440490722656,76.8174057006836,75.85729217529297,78.33248901367188,68.78103637695313,80.00331115722656,82.4375,0,0,4.545454502105713,0,0,0,9.523809432983398,4.761904716491699,0,0,18.003572463989258,25769803776,2147483648,18251087872,765329408
204,1790457400900,4,4,4,4,4,4,4,4,4,4,79.87440490722656,76.8174057006836,75.85729217529297,78.33248901367188,68.78103637695313,80.00331115722656,82.4375,0,0,0,0,0,0,5,0,0,0,20.698246002197266,25769803776,2147483648,18251087872,765329408
204,1790457401105,4,4,4,4,4,4,4,4,4,4,79.87440490722656,76.8174057006836,75.85729217529297,78.33248901367188,68.78103637695313,80.00331115722656,82.4375,9.523809432983398,4.761904716491699,0,0,0,0,9.523809432983398,0,0,0,20.698246002197266,25769803776,2147483648,18251120640,765329408
203,1790457401310,4,4,4,4,4,4,4,4,4,4,79.87440490722656,76.8174057006836,75.85729217529297,78.33248901367188,68.78103637695313,80.00331115722656,82.4375,0,0,0,0,0,0,0,0,0,0,20.698246002197266,25769803776,2147483648,18251120640,765329408
204,1790457401514,4,4,4,4,4,4,4,4,4,4,80.14950561523438,77.35250854492188,76.14344787597656,78.55266571044922,69.01177215576172,80.25,82.5625,4.761904716491699,0,0,0,0,0,4.545454502105713,0,0,0,20.698246002197266,25769803776,2147483648,18251120640,765329408
204,1790457401719,4,4,4,4,4,4,4,4,4,4,80.14950561523438,77.35250854492188,76.14344787597656,78.55266571044922,69.01177215576172,80.25,82.5625,0,0,0,0,0,0,5,0,0,0,20.698246002197266,25769803776,2147483648,18251005952,765329408
204,1790457401924,4,4,4,4,4,4,4,4,4,4,80.14950561523438,77.35250854492188,76.14344787597656,78.55266571044922,69.01177215576172,80.25,82.5625,4.761904716491699,4.545454502105713,0,0,0,0,5,0,0,0,21.34943962097168,25769803776,2147483648,18251005952,765329408
204,1790457402129,4,4,4,4,4,4,4,4,4,4,80.14950561523438,77.35250854492188,76.14344787597656,78.55266571044922,69.01177215576172,80.25,82.5625,0,0,0,0,0,0,9.523809432983398,0,4.761904716491699,0,21.34943962097168,25769803776,2147483648,18251005952,765329408
204,1790457402334,4,4,4,4,4,4,4,4,4,4,80.14950561523438,77.35250854492188,76.14344787597656,78.55266571044922,69.01177215576172,80.25,82.5625,0,0,0,0,0,0,4.761904716491699,4.761904716491699,0,0,21.34943962097168,25769803776,2147483648,18251005952,765329408
204,1790457402539,4,4,4,4,4,4,4,4,4,4,79.02689361572266,76.93718719482422,75.88355255126953,77.8462905883789,68.7162094116211,79.41150665283203,81.265625,9.523809432983398,4.761904716491699,0,0,0,0,0,0,0,0,21.34943962097168,25769803776,2147483648,18251005952,765329408
204,1790457402744,4,4,4,4,4,4,4,4,4,4,79.02689361572266,76.93718719482422,75.88355255126953,77.8462905883789,68.7162094116211,79.41150665283203,81.265625,0,0,0,0,0,0,9.090909004211426,0,4.761904716491699,0,21.34943962097168,25769803776,2147483648,18250448896,765329408
204,1790457402949,4,4,4,4,4,4,4,4,4,4,79.02689361572266,76.93718719482422,75.88355255126953,77.8462905883789,68.7162094116211,79.41150665283203,81.265625,4.761904716491699,0,0,0,0,0,5,0,0,0,19.131223678588867,25769803776,2147483648,18250399744,765329408
204,1790457403154,4,4,4,4,4,4,4,4,4,4,79.02689361572266,76.93718719482422,75.88355255126953,77.8462905883789,68.7162094116211,79.41150665283203,81.265625,0,0,0,0,0,0,5,0,0,0,19.131223678588867,25769803776,2147483648,18250399744,765329408
201,1790457403359,4,4,4,4,4,4,4,4,4,4,78.27003479003906,76.49751281738281,75.47552490234375,76.96641540527344,68.31941986083984,78.49284362792969,80.796875,0,4.761904716491699,4.545454502105713,0,0,0,9.523809432983398,4.545454502105713,0,0,19.131223678588867,25769803776,2147483648,18250465280,765329408
200,1790457403561,4,4,4,4,4,4,4,4,4,4,78.27003479003906,76.49751281738281,75.47552490234375,76.96641540527344,68.31941986083984,78.49284362792969,80.796875,4.761904716491699,0,0,0,0,0,0,0,4.761904716491699,0,19.131223678588867,25769803776,2147483648,18250842112,765329408
204,1790457403761,4,4,4,4,4,4,4,4,4,4,78.27003479003906,76.49751281738281,75.47552490234375,76.96641540527344,68.31941986083984,78.49284362792969,80.796875,0,0,0,0,0,0,9.523809432983398,0,0,0,19.131223678588867,25769803776,2147483648,18250842112,765329408
204,1790457403966,4,4,4,4,4,4,4,4,4,4,78.27003479003906,76.49751281738281,75.47552490234375,76.96641540527344,68.31941986083984,78.49284362792969,80.796875,0,0,0,0,0,0,5,4.545454502105713,0,0,16.98592185974121,25769803776,2147483648,18250514432,765329408
204,1790457404171,4,4,4,4,4,4,4,4,4,4,78.27003479003906,76.49751281738281,75.47552490234375,76.96641540527344,68.31941986083984,78.49284362792969,80.796875,4.761904716491699,0,0,0,0,0,9.523809432983398,0,0,0,16.98592185974121,25769803776,2147483648,18250727424,765329408
204,1790457404376,4,4,4,4,4,4,4,4,4,4,78.11946868896484,76.17713928222656,75.13785552978516,76.67974090576172,68.0511703491211,78.26978302001953,80.078125,4.761904716491699,0,0,0,0,0,4.761904716491699,0,0,0,16.98592185974121,25769803776,2147483648,18250727424,765329408
204,1790457404581,4,4,4,4,4,4,4,4,4,4,78.11946868896484,76.17713928222656,75.13785552978516,76.67974090576172,68.0511703491211,78.26978302001953,80.078125,0,0,0,0,4.545454502105713,0,5,0,0,0,16.98592185974121,25769803776,2147483648,18250727424,765329408
204,1790457404786,4,4,4,4,4,4,4,4,4,4,78.11946868896484,76.17713928222656,75.13785552978516,76.67974090576172,68.0511703491211,78.26978302001953,80.078125,5,4.761904716491699,4.761904716491699,0,0,0,9.523809432983398,0,4.761904716491699,0,16.98592185974121,25769803776,2147483648,18250792960,765329408
201,1790457404991,4,4,4,4,4,4,4,4,4,4,78.11946868896484,76.17713928222656,75.13785552978516,76.67974090576172,68.0511703491211,78.26978302001953,80.078125,0,0,0,0,0,0,5,0,0,0,16.647859573364258,25769803776,2147483648,18250825728,765329408
200,1790457405193,4,4,4,4,4,4,4,4,4,4,78.11946868896484,76.17713928222656,75.13785552978516,76.67974090576172,68.0511703491211,78.26978302001953,80.078125,0,0,0,0,0,0,4.761904716491699,4.761904716491699,4.761904716491699,0,16.647859573364258,25769803776,2147483648,18250825728,765329408
200,1790457405394,4,4,4,4,4,4,4,4,4,4,78.28915405273438,76.14464569091797,75.31212615966797,76.98748779296875,68.29653930664063,78.49396514892578,80.3125,4.761904716491699,4.761904716491699,0,0,0,0,0,0,0,0,16.647859573364258,25769803776,2147483648,18250825728,765329408
204,1790457405595,4,4,4,4,4,4,4,4,4,4,78.28915405273438,76.14464569091797,75.31212615966797,76.98748779296875,68.29653930664063,78.49396514892578,80.3125,0,0,0,0,0,0,5.263157844543457,0,0,0,16.647859573364258,25769803776,2147483648,18250694656,765329408
204,1790457405800,4,4,4,4,4,4,4,4,4,4,78.28915405273438,76.14464569091797,75.31212615966797,76.98748779296875,68.29653930664063,78.49396514892578,80.3125,4.545454502105713,4.761904716491699,0,0,0,0,4.761904716491699,4.761904716491699,0,0,16.647859573364258,25769803776,2147483648,18250694656,765329408
204,1790457406005,4,4,4,4,4,4,4,4,4,4,78.28915405273438,76.14464569091797,75.31212615966797,76.98748779296875,68.29653930664063,78.49396514892578,80.3125,4.761904716491699,0,0,0,0,0,5,0,0,0,17.700931549072266,25769803776,2147483648,18250694656,765329408
204,1790457406210,4,4,4,4,4,4,4,4,4,4,78.28915405273438,76.14464569091797,75.31212615966797,76.98748779296875,68.29653930664063,78.49396514892578,80.3125,0,0,4.761904716491699,0,0,0,5,0,0,0,17.700931549072266,25769803776,2147483648,18244403200,765329408
204,1790457406415,4,4,4,4,4,4,4,4,4,4,78.41667938232422,76.46470642089844,75.40833282470703,77.14579772949219,68.28795623779297,78.64180755615234,80.5625,0,0,0,0,0,0,9.523809432983398,0,0,0,17.700931549072266,25769803776,2147483648,18244435968,765329408
204,1790457406620,4,4,4,4,4,4,4,4,4,4,78.41667938232422,76.46470642089844,75.40833282470703,77.14579772949219,68.28795623779297,78.64180755615234,80.5625,5,0,0,0,0,0,4.761904716491699,4.761904716491699,0,0,17.700931549072266,25769803776,2147483648,18244435968,765329408
204,1790457406825,4,4,4,4,4,4,4,4,4,4,78.41667938232422,76.46470642089844,75.40833282470703,77.14579772949219,68.28795623779297,78.64180755615234,80.5625,0,4.545454502105713,0,0,0,0,5,0,0,0,17.700931549072266,25769803776,2147483648,18244354048,765329408
204,1790457407030,4,4,4,4,4,4,4,4,4,4,78.41667938232422,76.46470642089844,75.40833282470703,77.14579772949219,68.28795623779297,78.64180755615234,80.5625,9.523809432983398,5,0,0,0,0,9.523809432983398,0,0,0,17.912006378173828,25769803776,2147483648,18244370432,765329408
204,1790457407235,4,4,4,4,4,4,4,4,4,4,78.41667938232422,76.46470642089844,75.40833282470703,77.14579772949219,68.28795623779297,78.64180755615234,80.5625,0,0,0,0,0,0,0,0,4.761904716491699,0,17.912006378173828,25769803776,2147483648,18244370432,765329408
203,1790457407440,4,4,4,4,4,4,4,4,4,4,78.49132537841797,76.45642852783203,75.51559448242188,77.23124694824219,68.35903930664063,78.68968963623047,80.5625,4.761904716491699,0,0,0,0,0,9.090909004211426,0,4.761904716491699,0,17.912006378173828,25769803776,2147483648,18244370432,765329408
204,1790457407643,4,4,4,4,4,4,4,4,4,4,78.49132537841797,76.45642852783203,75.51559448242188,77.23124694824219,68.35903930664063,78.68968963623047,80.5625,0,0,0,0,0,0,5,0,0,0,17.912006378173828,25769803776,2147483648,18244370432,765329408
204,1790457407849,4,4,4,4,4,4,4,4,4,4,78.49132537841797,76.45642852783203,75.51559448242188,77.23124694824219,68.35903930664063,78.68968963623047,80.5625,0,0,0,0,0,0,9.523809432983398,0,0,0,17.912006378173828,25769803776,2147483648,18244403200,765329408
204,1790457408054,4,4,4,4,4,4,4,4,4,4,78.49132537841797,76.45642852783203,75.51559448242188,77.23124694824219,68.35903930664063,78.68968963623047,80.5625,4.761904716491699,4.761904716491699,0,4.761904716491699,4.545454502105713,0,5,0,0,0,17.901342391967773,25769803776,2147483648,18244337664,765329408
204,1790457408259,4,4,4,4,4,4,4,4,4,4,78.49132537841797,76.45642852783203,75.51559448242188,77.23124694824219,68.35903930664063,78.68968963623047,80.5625,0,0,0,0,0,0,0,9.090909004211426,0,0,17.901342391967773,25769803776,2147483648,18244337664,765329408
204,1790457408464,4,4,4,4,4,4,4,4,4,4,78.54166412353516,76.58180236816406,75.70523071289063,77.34471130371094,68.58882141113281,78.77017211914063,80.796875,0,0,0,0,0,0,9.090909004211426,0,0,0,17.901342391967773,25769803776,2147483648,18244337664,765329408
204,1790457408669,4,4,4,4,4,4,4,4,4,4,78.54166412353516,76.58180236816406,75.70523071289063,77.34471130371094,68.58882141113281,78.77017211914063,80.796875,9.090909004211426,0,0,0,0,0,0,4.761904716491699,0,0,17.901342391967773,25769803776,2147483648,18244403200,765329408
204,1790457408874,4,4,4,4,4,4,4,4,4,4,78.54166412353516,76.58180236816406,75.70523071289063,77.34471130371094,68.58882141113281,78.77017211914063,80.796875,0,0,0,0,0,0,5,0,0,4.761904716491699,17.87026596069336,25769803776,2147483648,18244321280,765329408
200,1790457409079,4,4,4,4,4,4,4,4,4,4,78.54166412353516,76.58180236816406,75.70523071289063,77.34471130371094,68.58882141113281,78.77017211914063,80.796875,4.761904716491699,0,0,0,0,0,0,4.545454502105713,0,0,17.87026596069336,25769803776,2147483648,18244304896,765329408
200,1790457409279,4,4,4,4,4,4,4,4,4,4,78.54166412353516,76.58180236816406,75.70523071289063,77.34471130371094,68.58882141113281,78.77017211914063,80.796875,0,9.090909004211426,0,4.761904716491699,0,0,5,5.263157844543457,4.761904716491699,0,17.87026596069336,25769803776,2147483648,18244321280,765329408
204,1790457409480,4,4,4,4,4,4,4,4,4,4,78.56187438964844,76.59700775146484,75.78589630126953,77.4205322265625,68.69215393066406,78.79789733886719,81.265625,0,0,5,0,0,0,5,0,0,0,17.87026596069336,25769803776,2147483648,18244321280,765329408
204,1790457409685,4,4,4,4,4,4,4,4,4,4,78.56187438964844,76.59700775146484,75.78589630126953,77.4205322265625,68.69215393066406,78.79789733886719,81.265625,4.761904716491699,0,0,0,0,0,4.761904716491699,0,0,0,17.87026596069336,25769803776,2147483648,18244321280,765329408
204,1790457409890,4,4,4,4,4,4,4,4,4,4,78.56187438964844,76.59700775146484,75.78589630126953,77.4205322265625,68.69215393066406,78.79789733886719,81.265625,0,0,0,0,0,0,9.523809432983398,0,0,0,17.81020736694336,25769803776,2147483648,18244435968,765329408
204,1790457410095,4,4,4,4,4,4,4,4,4,4,78.56187438964844,76.59700775146484,75.78589630126953,77.4205322265625,68.69215393066406,78.79789733886719,81.265625,0,0,0,0,0,0,0,9.523809432983398,4.761904716491699,0,17.81020736694336,25769803776,2147483648,18244419584,765329408
204,1790457410300,4,4,4,4,4,4,4,4,4,4,78.56187438964844,76.59700775146484,75.78589630126953,77.4205322265625,68.69215393066406,78.79789733886719,81.265625,4.761904716491699,0,0,0,4.545454502105713,0,5,0,0,0,17.81020736694336,25769803776,2147483648,18244419584,765329408
204,1790457410505,4,4,4,4,4,4,4,4,4,4,78.62689971923828,76.56790924072266,75.7583999633789,77.48401641845703,68.62684631347656,78.90023040771484,83.734375,4.761904716491699,0,0,0,0,0,9.523809432983398,0,0,0,17.81020736694336,25769803776,2147483648,18244419584,765329408
204,1790457410710,4,4,4,4,4,4,4,4,4,4,78.62689971923828,76.56790924072266,75.7583999633789,77.48401641845703,68.62684631347656,78.90023040771484,83.734375,4.761904716491699,4.761904716491699,0,0,0,0,4.761904716491699,0,0,0,17.81020736694336,25769803776,2147483648,18244419584,765329408
204,1790457410915,4,4,4,4,4,4,4,4,4,4,78.62689971923828,76.56790924072266,75.7583999633789,77.48401641845703,68.62684631347656,78.90023040771484,83.734375,0,0,0,0,0,0,9.523809432983398,0,4.761904716491699,0,17.808225631713867,25769803776,2147483648,18244419584,765329408
200,1790457411120,4,4,4,4,4,4,4,4,4,4,78.62689971923828,76.56790924072266,75.7583999633789,77.48401641845703,68.62684631347656,78.90023040771484,83.734375,0,0,0,0,0,0,0,0,0,0,17.808225631713867,25769803776,2147483648,18244435968,765329408
204,1790457411321,4,4,4,4,4,4,4,4,4,4,78.62689971923828,76.56790924072266,75.7583999633789,77.48401641845703,68.62684631347656,78.90023040771484,83.734375,4.761904716491699,0,4.761904716491699,0,0,0,5,0,0,0,17.808225631713867,25769803776,2147483648,18244452352,765329408
204,1790457411526,4,4,4,4,4,4,4,4,4,4,78.69257354736328,76.8669204711914,75.72882843017578,77.58487701416016,68.5035400390625,78.99376678466797,85.5,0,0,0,0,0,0,9.523809432983398,0,0,0,17.808225631713867,25769803776,2147483648,18244452352,765329408
204,1790457411731,4,4,4,4,4,4,4,4,4,4,78.69257354736328,76.8669204711914,75.72882843017578,77.58487701416016,68.5035400390625,78.99376678466797,85.5,0,0,0,0,0,0,5,0,0,0,17.808225631713867,25769803776,2147483648,18244452352,765329408
204,1790457411936,4,4,4,4,4,4,4,4,4,4,78.69257354736328,76.8669204711914,75.72882843017578,77.58487701416016,68.5035400390625,78.99376678466797,85.5,4.761904716491699,0,0,0,0,0,9.523809432983398,0,0,0,17.88010025024414,25769803776,2147483648,18244517888,765329408
204,1790457412141,4,4,4,4,4,4,4,4,4,4,78.69257354736328,76.8669204711914,75.72882843017578,77.58487701416016,68.5035400390625,78.99376678466797,85.5,0,4.761904716491699,0,0,0,0,4.761904716491699,4.761904716491699,0,0,17.88010025024414,25769803776,2147483648,18244403200,765329408
204,1790457412346,4,4,4,4,4,4,4,4,4,4,78.76715850830078,76.89559173583984,75.75041198730469,77.61296844482422,68.5340347290039,79.0767822265625,80.796875,4.761904716491699,0,0,0,0,0,0,0,4.761904716491699,0,17.88010025024414,25769803776,2147483648,18244403200,765329408
204,1790457412551,4,4,4,4,4,4,4,4,4,4,78.76715850830078,76.89559173583984,75.75041198730469,77.61296844482422,68.5340347290039,79.0767822265625,80.796875,0,0,0,0,0,0,9.523809432983398,0,0,0,17.88010025024414,25769803776,2147483648,18244419584,765329408
204,1790457412755,4,4,4,4,4,4,4,4,4,4,78.76715850830078,76.89559173583984,75.75041198730469,77.61296844482422,68.5340347290039,79.0767822265625,80.796875,0,0,0,0,0,0,0,0,4.761904716491699,0,17.88010025024414,25769803776,2147483648,18244419584,765329408
204,1790457412960,4,4,4,4,4,4,4,4,4,4,78.76715850830078,76.89559173583984,75.75041198730469,77.61296844482422,68.5340347290039,79.0767822265625,80.796875,4.761904716491699,4.545454502105713,0,0,0,0,4.761904716491699,4.761904716491699,0,0,17.820688247680664,25769803776,2147483648,18244517888,765329408
204,1790457413165,4,4,4,4,4,4,4,4,4,4,78.76715850830078,76.89559173583984,75.75041198730469,77.61296844482422,68.5340347290039,79.0767822265625,80.796875,4.761904716491699,0,0,0,0,0,9.523809432983398,0,0,0,17.820688247680664,25769803776,2147483648,18244435968,765329408
204,1790457413370,4,4,4,4,4,4,4,4,4,4,78.80731964111328,76.87744903564453,75.84847259521484,77.6822280883789,68.67942810058594,79.10713958740234,86.203125,0,4.761904716491699,0,0,0,0,5,0,0,0,17.820688247680664,25769803776,2147483648,18244435968,765329408
204,1790457413575,4,4,4,4,4,4,4,4,4,4,78.80731964111328,76.87744903564453,75.84847259521484,77.6822280883789,68.67942810058594,79.10713958740234,86.203125,4.761904716491699,0,4.761904716491699,0,0,0,4.761904716491699,0,0,0,17.820688247680664,25769803776,2147483648,18244435968,765329408
204,1790457413780,4,4,4,4,4,4,4,4,4,4,78.80731964111328,76.87744903564453,75.84847259521484,77.6822280883789,68.67942810058594,79.10713958740234,86.203125,0,0,0,0,0,0,5,4.761904716491699,0,0,17.820688247680664,25769803776,2147483648,18244435968,765329408
204,1790457413985,4,4,4,4,4,4,4,4,4,4,78.80731964111328,76.87744903564453,75.84847259521484,77.6822280883789,68.67942810058594,79.10713958740234,86.203125,4.761904716491699,0,0,0,0,0,5,0,0,0,17.86255645751953,25769803776,2147483648,18244534272,765329408
204,1790457414191,4,4,4,4,4,4,4,4,4,4,78.80731964111328,76.87744903564453,75.84847259521484,77.6822280883789,68.67942810058594,79.10713958740234,86.203125,0,0,0,0,0,0,9.090909004211426,0,0,0,17.86255645751953,25769803776,2147483648,18244632576,765329408
204,1790457414395,4,4,4,4,4,4,4,4,4,4,78.84622192382813,77.047607421875,75.91961669921875,77.71046447753906,68.74052429199219,79.16294860839844,84.4375,0,0,0,0,0,0,5,0,0,4.761904716491699,17.86255645751953,25769803776,2147483648,18244632576,765329408
204,1790457414601,4,4,4,4,4,4,4,4,4,4,78.84622192382813,77.047607421875,75.91961669921875,77.71046447753906,68.74052429199219,79.16294860839844,84.4375,9.523809432983398,4.761904716491699,0,0,0,0,5,0,4.761904716491699,0,17.86255645751953,25769803776,2147483648,18244632576,765329408
204,1790457414806,4,4,4,4,4,4,4,4,4,4,78.84622192382813,77.047607421875,75.91961669921875,77.71046447753906,68.74052429199219,79.16294860839844,84.4375,0,0,0,0,0,0,5,0,4.545454502105713,0,17.86255645751953,25769803776,2147483648,18244714496,765329408
204,1790457415011,4,4,4,4,4,4,4,4,4,4,78.84622192382813,77.047607421875,75.91961669921875,77.71046447753906,68.74052429199219,79.16294860839844,84.4375,4.761904716491699,4.761904716491699,0,0,0,0,4.761904716491699,0,0,0,17.835798263549805,25769803776,2147483648,18244747264,765329408
202,1790457415216,4,4,4,4,4,4,4,4,4,4,78.84622192382813,77.047607421875,75.91961669921875,77.71046447753906,68.74052429199219,79.16294860839844,84.4375,0,0,0,0,0,0,5,0,0,0,17.835798263549805,25769803776,2147483648,18244632576,765329408
204,1790457415418,4,4,4,4,4,4,4,4,4,4,78.92989349365234,76.97760772705078,75.97999572753906,77.75798797607422,68.8014907836914,79.29559326171875,84.4375,0,0,0,0,0,0,9.523809432983398,9.090909004211426,0,0,17.835798263549805,25769803776,2147483648,18244648960,765329408
204,1790457415623,4,4,4,4,4,4,4,4,4,4,78.92989349365234,76.97760772705078,75.97999572753906,77.75798797607422,68.8014907836914,79.29559326171875,84.4375,14.285715103149414,15.000000953674316,4.761904716491699,0,4.761904716491699,0,5,0,0,0,17.835798263549805,25769803776,2147483648,18244648960,765329408
204,1790457415828,4,4,4,4,4,4,4,4,4,4,78.92989349365234,76.97760772705078,75.97999572753906,77.75798797607422,68.8014907836914,79.29559326171875,84.4375,4.761904716491699,0,0,0,0,0,4.761904716491699,0,4.545454502105713,0,17.835798263549805,25769803776,2147483648,18244648960,765329408
204,1790457416033,4,4,4,4,4,4,4,4,4,4,78.92989349365234,76.97760772705078,75.97999572753906,77.75798797607422,68.8014907836914,79.29559326171875,84.4375,0,0,0,0,0,0,5,0,0,0,17.835681915283203,25769803776,2147483648,18244108288,765329408
204,1790457416238,4,4,4,4,4,4,4,4,4,4,78.92989349365234,76.97760772705078,75.97999572753906,77.75798797607422,68.8014907836914,79.29559326171875,84.4375,0,4.761904716491699,0,0,0,0,9.523809432983398,0,0,0,17.835681915283203,25769803776,2147483648,18244108288,765329408
204,1790457416443,4,4,4,4,4,4,4,4,4,4,78.93301391601563,77.22624969482422,76.12789916992188,77.8333740234375,68.96610260009766,79.30595397949219,82.203125,4.761904716491699,0,0,0,0,0,4.761904716491699,0,0,0,17.835681915283203,25769803776,2147483648,18246467584,765329408
202,1790457416648,4,4,4,4,4,4,4,4,4,4,78.93301391601563,77.22624969482422,76.12789916992188,77.8333740234375,68.96610260009766,79.30595397949219,82.203125,0,0,0,0,0,0,0,0,0,0,17.835681915283203,25769803776,2147483648,18244141056,765329408
200,1790457416851,4,4,4,4,4,4,4,4,4,4,78.93301391601563,77.22624969482422,76.12789916992188,77.8333740234375,68.96610260009766,79.30595397949219,82.203125,9.523809432983398,0,0,0,0,0,9.523809432983398,0,0,0,17.87783432006836,25769803776,2147483648,18244141056,765329408
200,1790457417051,4,4,4,4,4,4,4,4,4,4,78.93301391601563,77.22624969482422,76.12789916992188,77.8333740234375,68.96610260009766,79.30595397949219,82.203125,0,0,0,0,0,0,0,9.523809432983398,0,0,17.87783432006836,25769803776,2147483648,18244304896,765329408
201,1790457417252,4,4,4,4,4,4,4,4,4,4,78.93301391601563,77.22624969482422,76.12789916992188,77.8333740234375,68.96610260009766,79.30595397949219,82.203125,5,9.523809432983398,4.761904716491699,0,0,0,5,0,0,0,17.87783432006836,25769803776,2147483648,18244321280,765329408
204,1790457417454,4,4,4,4,4,4,4,4,4,4,78.97264099121094,77.20166778564453,76.27184295654297,77.92527770996094,69.1681137084961,79.39169311523438,81.265625,0,0,0,0,0,0,0,0,0,0,17.87783432006836,25769803776,2147483648,18241503232,765329408
200,1790457417659,4,4,4,4,4,4,4,4,4,4,78.97264099121094,77.20166778564453,76.27184295654297,77.92527770996094,69.1681137084961,79.39169311523438,81.265625,4.761904716491699,0,0,0,0,0,9.090909004211426,0,4.761904716491699,0,17.87783432006836,25769803776,2147483648,18241503232,765329408
204,1790457417860,4,4,4,4,4,4,4,4,4,4,78.97264099121094,77.20166778564453,76.27184295654297,77.92527770996094,69.1681137084961,79.39169311523438,81.265625,0,0,0,0,0,0,5,5,0,0,17.79599952697754,25769803776,2147483648,18241519616,765329408
204,1790457418065,4,4,4,4,4,4,4,4,4,4,78.97264099121094,77.20166778564453,76.27184295654297,77.92527770996094,69.1681137084961,79.39169311523438,81.265625,15.000000953674316,10,4.761904716491699,4.761904716491699,0,0,20,0,4.761904716491699,0,17.79599952697754,25769803776,2147483648,18287312896,765329408
203,1790457418270,4,4,4,4,4,4,4,4,4,4,78.97264099121094,77.20166778564453,76.27184295654297,77.92527770996094,69.1681137084961,79.39169311523438,81.265625,9.523809432983398,0,0,4.545454502105713,0,0,10,4.761904716491699,0,0,17.79599952697754,25769803776,2147483648,18287394816,765329408
204,1790457418473,4,4,4,4,4,4,4,4,4,4,79.1187973022461,77.46028137207031,76.33731079101563,78.04560852050781,69.24382781982422,79.5894775390625,82.203125,5,9.523809432983398,0,0,0,0,4.761904716491699,5,0,0,17.79599952697754,25769803776,2147483648,18287394816,765329408
204,1790457418678,4,4,4,4,4,4,4,4,4,4,79.1187973022461,77.46028137207031,76.33731079101563,78.04560852050781,69.24382781982422,79.5894775390625,82.203125,10,5,4.761904716491699,0,0,0,9.523809432983398,0,0,0,17.79599952697754,25769803776,2147483648,18287280128,765329408
204,1790457418883,4,4,4,4,4,4,4,4,4,4,79.1187973022461,77.46028137207031,76.33731079101563,78.04560852050781,69.24382781982422,79.5894775390625,82.203125,13.636363983154297,10,4.761904716491699,0,0,0,5,4.545454502105713,0,0,17.873516082763672,25769803776,2147483648,18287280128,765329408
204,1790457419088,4,4,4,4,4,4,4,4,4,4,79.1187973022461,77.46028137207031,76.33731079101563,78.04560852050781,69.24382781982422,79.5894775390625,82.203125,0,4.761904716491699,0,0,0,0,4.761904716491699,0,8.69565200805664,0,17.873516082763672,25769803776,2147483648,18287345664,765329408
200,1790457419293,4,4,4,4,4,4,4,4,4,4,79.1187973022461,77.46028137207031,76.33731079101563,78.04560852050781,69.24382781982422,79.5894775390625,82.203125,28.571430206298828,5,5,0,0,0,5,0,0,0,17.873516082763672,25769803776,2147483648,18294308864,765329408
204,1790457419494,4,4,4,4,4,4,4,4,4,4,78.55333709716797,77.05428314208984,76.12797546386719,77.44049072265625,68.99806213378906,78.84844970703125,84.796875,65,5,0,0,0,0,5,0,0,0,17.873516082763672,25769803776,2147483648,18294374400,765329408
202,1790457419699,4,4,4,4,4,4,4,4,4,4,78.55333709716797,77.05428314208984,76.12797546386719,77.44049072265625,68.99806213378906,78.84844970703125,84.796875,9.523809432983398,0,4.761904716491699,0,0,0,9.523809432983398,0,0,0,17.873516082763672,25769803776,2147483648,18296373248,765329408
204,1790457419901,4,4,4,4,4,4,4,4,4,4,78.55333709716797,77.05428314208984,76.12797546386719,77.44049072265625,68.99806213378906,78.84844970703125,84.796875,0,0,0,0,0,0,0,4.761904716491699,0,0,16.257810592651367,25769803776,2147483648,18294358016,765329408
202,1790457420106,4,4,4,4,4,4,4,4,4,4,78.55333709716797,77.05428314208984,76.12797546386719,77.44049072265625,68.99806213378906,78.84844970703125,84.796875,4.761904716491699,4.761904716491699,0,0,0,0,5,0,0,0,16.257810592651367,25769803776,2147483648,18266816512,765329408
204,1790457420309,4,4,4,4,4,4,4,4,4,4,78.55333709716797,77.05428314208984,76.12797546386719,77.44049072265625,68.99806213378906,78.84844970703125,84.796875,0,0,0,0,0,0,0,5,0,0,16.257810592651367,25769803776,2147483648,18266832896,765329408
204,1790457420514,4,4,4,4,4,4,4,4,4,4,79.18280792236328,77.08264923095703,76.26777648925781,78.06121063232422,69.21060180664063,79.55315399169922,81.265625,5,9.090909004211426,0,0,0,0,9.523809432983398,0,0,0,16.257810592651367,25769803776,2147483648,18266800128,765329408
204,1790457420719,4,4,4,4,4,4,4,4,4,4,79.18280792236328,77.08264923095703,76.26777648925781,78.06121063232422,69.21060180664063,79.55315399169922,81.265625,0,0,0,0,0,0,0,9.523809432983398,0,0,16.257810592651367,25769803776,2147483648,18266800128,765329408
204,1790457420924,4,4,4,4,4,4,4,4,4,4,79.18280792236328,77.08264923095703,76.26777648925781,78.06121063232422,69.21060180664063,79.55315399169922,81.265625,4.761904716491699,0,0,0,0,0,5,0,0,0,17.878190994262695,25769803776,2147483648,18266800128,765329408
204,1790457421129,4,4,4,4,4,4,4,4,4,4,79.18280792236328,77.08264923095703,76.26777648925781,78.06121063232422,69.21060180664063,79.55315399169922,81.265625,0,0,0,0,0,0,9.523809432983398,4.761904716491699,0,0,17.878190994262695,25769803776,2147483648,18266800128,765329408
204,1790457421334,4,4,4,4,4,4,4,4,4,4,79.18280792236328,77.08264923095703,76.26777648925781,78.06121063232422,69.21060180664063,79.55315399169922,81.265625,0,0,0,4.545454502105713,0,0,0,0,4.761904716491699,0,17.878190994262695,25769803776,2147483648,18266800128,765329408
204,1790457421539,4,4,4,4,4,4,4,4,4,4,79.76655578613281,77.52936553955078,76.55865478515625,78.5195083618164,69.6218032836914,80.01006317138672,84.671875,0,0,0,0,0,0,9.090909004211426,0,0,0,17.878190994262695,25769803776,2147483648,18266816512,765329408
204,1790457421744,4,4,4,4,4,4,4,4,4,4,79.76655578613281,77.52936553955078,76.55865478515625,78.5195083618164,69.6218032836914,80.01006317138672,84.671875,9.523809432983398,0,0,0,4.545454502105713,4.545454502105713,5,0,0,0,17.878190994262695,25769803776,2147483648,18266701824,765329408
204,1790457421949,4,4,4,4,4,4,4,4,4,4,79.76655578613281,77.52936553955078,76.55865478515625,78.5195083618164,69.6218032836914,80.01006317138672,84.671875,0,0,0,0,0,0,5,0,4.761904716491699,0,18.874528884887695,25769803776,2147483648,18266701824,765329408
201,1790457422154,4,4,4,4,4,4,4,4,4,4,79.76655578613281,77.52936553955078,76.55865478515625,78.5195083618164,69.6218032836914,80.01006317138672,84.671875,4.761904716491699,4.761904716491699,4.545454502105713,0,0,0,9.523809432983398,0,0,0,18.874528884887695,25769803776,2147483648,18266898432,765329408
204,1790457422356,4,4,4,4,4,4,4,4,4,4,79.74697875976563,77.755615234375,76.57720184326172,78.54480743408203,69.60392761230469,80.00316619873047,84.671875,0,0,0,0,0,0,5,0,0,0,18.874528884887695,25769803776,2147483648,18266898432,765329408
204,1790457422561,4,4,4,4,4,4,4,4,4,4,79.74697875976563,77.755615234375,76.57720184326172,78.54480743408203,69.60392761230469,80.00316619873047,84.671875,5,0,0,0,0,0,0,9.523809432983398,0,0,18.874528884887695,25769803776,2147483648,18266914816,765329408
200,1790457422766,4,4,4,4,4,4,4,4,4,4,79.74697875976563,77.755615234375,76.57720184326172,78.54480743408203,69.60392761230469,80.00316619873047,84.671875,5,4.761904716491699,0,0,0,0,0,5,0,0,18.874528884887695,25769803776,2147483648,18266914816,765329408
204,1790457422966,4,4,4,4,4,4,4,4,4,4,79.74697875976563,77.755615234375,76.57720184326172,78.54480743408203,69.60392761230469,80.00316619873047,84.671875,4.761904716491699,0,4.761904716491699,0,0,0,0,5,0,0,18.436241149902344,25769803776,2147483648,18266914816,765329408
204,1790457423171,4,4,4,4,4,4,4,4,4,4,79.74697875976563,77.755615234375,76.57720184326172,78.54480743408203,69.60392761230469,80.00316619873047,84.671875,0,4.761904716491699,0,0,0,0,4.545454502105713,9.523809432983398,4.761904716491699,0,18.436241149902344,25769803776,2147483648,18267176960,765329408
204,1790457423376,4,4,4,4,4,4,4,4,4,4,79.56652069091797,77.24612426757813,76.90245056152344,78.4357681274414,70.23934173583984,79.899169921875,84.4375,4.761904716491699,0,0,0,0,0,0,0,0,0,18.436241149902344,25769803776,2147483648,18268798976,765329408
204,1790457423581,4,4,4,4,4,4,4,4,4,4,79.56652069091797,77.24612426757813,76.90245056152344,78.4357681274414,70.23934173583984,79.899169921875,84.4375,0,0,0,0,0,0,0,4.761904716491699,0,0,18.436241149902344,25769803776,2147483648,18266963968,765329408
204,1790457423786,4,4,4,4,4,4,4,4,4,4,79.56652069091797,77.24612426757813,76.90245056152344,78.4357681274414,70.23934173583984,79.899169921875,84.4375,0,0,0,0,0,0,4.761904716491699,0,0,0,18.436241149902344,25769803776,2147483648,18266865664,765329408
204,1790457423991,4,4,4,4,4,4,4,4,4,4,79.56652069091797,77.24612426757813,76.90245056152344,78.4357681274414,70.23934173583984,79.899169921875,84.4375,4.761904716491699,0,0,0,4.545454502105713,0,0,5,4.761904716491699,0,18.004432678222656,25769803776,2147483648,18266587136,765329408
204,1790457424196,4,4,4,4,4,4,4,4,4,4,79.56652069091797,77.24612426757813,76.90245056152344,78.4357681274414,70.23934173583984,79.899169921875,84.4375,0,0,4.761904716491699,0,0,0,0,4.761904716491699,0,0,18.004432678222656,25769803776,2147483648,18266898432,765329408
204,1790457424401,4,4,4,4,4,4,4,4,4,4,79.43920135498047,77.26545715332031,76.91796875,78.36237335205078,70.23990631103516,79.81371307373047,85.96875,9.090909004211426,4.761904716491699,0,0,0,0,0,5,0,4.761904716491699,18.004432678222656,25769803776,2147483648,18266947584,765329408
204,1790457424606,4,4,4,4,4,4,4,4,4,4,79.43920135498047,77.26545715332031,76.91796875,78.36237335205078,70.23990631103516,79.81371307373047,85.96875,0,0,0,0,0,0,0,9.523809432983398,0,0,18.004432678222656,25769803776,2147483648,18266324992,765329408
204,1790457424811,4,4,4,4,4,4,4,4,4,4,79.43920135498047,77.26545715332031,76.91796875,78.36237335205078,70.23990631103516,79.81371307373047,85.96875,0,0,0,0,0,0,9.090909004211426,4.761904716491699,0,0,18.004432678222656,25769803776,2147483648,18266324992,765329408
204,1790457425016,4,4,4,4,4,4,4,4,4,4,79.43920135498047,77.26545715332031,76.91796875,78.36237335205078,70.23990631103516,79.81371307373047,85.96875,9.523809432983398,4.761904716491699,4.761904716491699,0,0,0,0,5,0,0,17.70815086364746,25769803776,2147483648,18266324992,765329408
204,1790457425221,4,4,4,4,4,4,4,4,4,4,79.43920135498047,77.26545715332031,76.91796875,78.36237335205078,70.23990631103516,79.81371307373047,85.96875,0,0,0,0,0,0,0,5,4.761904716491699,0,17.70815086364746,25769803776,2147483648,18266193920,765329408
200,1790457425426,4,4,4,4,4,4,4,4,4,4,79.4083251953125,77.15618896484375,76.95764923095703,78.37574005126953,70.35126495361328,79.80049896240234,82.328125,0,0,0,0,0,0,0,4.761904716491699,0,0,17.70815086364746,25769803776,2147483648,18266193920,765329408
204,1790457425627,4,4,4,4,4,4,4,4,4,4,79.4083251953125,77.15618896484375,76.95764923095703,78.37574005126953,70.35126495361328,79.80049896240234,82.328125,4.761904716491699,0,0,0,0,0,0,10,0,0,17.70815086364746,25769803776,2147483648,18266210304,765329408
204,1790457425832,4,4,4,4,4,4,4,4,4,4,79.4083251953125,77.15618896484375,76.95764923095703,78.37574005126953,70.35126495361328,79.80049896240234,82.328125,0,0,0,0,0,0,0,4.761904716491699,0,0,17.70815086364746,25769803776,2147483648,18266210304,765329408
201,1790457426037,4,4,4,4,4,4,4,4,4,4,79.4083251953125,77.15618896484375,76.95764923095703,78.37574005126953,70.35126495361328,79.80049896240234,82.328125,4.761904716491699,4.761904716491699,0,0,0,0,5,0,0,0,17.65534782409668,25769803776,2147483648,18266210304,765329408
204,1790457426239,4,4,4,4,4,4,4,4,4,4,79.4083251953125,77.15618896484375,76.95764923095703,78.37574005126953,70.35126495361328,79.80049896240234,82.328125,0,0,5,0,0,0,4.761904716491699,9.523809432983398,0,0,17.65534782409668,25769803776,2147483648,18266144768,765329408
204,1790457426444,4,4,4,4,4,4,4,4,4,4,79.46082305908203,77.38136291503906,76.87554931640625,78.3912124633789,70.15774536132813,79.81096649169922,84.203125,0,0,0,0,0,0,0,5,0,0,17.65534782409668,25769803776,2147483648,18266144768,765329408
204,1790457426649,4,4,4,4,4,4,4,4,4,4,79.46082305908203,77.38136291503906,76.87554931640625,78.3912124633789,70.15774536132813,79.81096649169922,84.203125,5,0,0,4.761904716491699,0,0,0,5,4.545454502105713,0,17.65534782409668,25769803776,2147483648,18266144768,765329408
204,1790457426854,4,4,4,4,4,4,4,4,4,4,79.46082305908203,77.38136291503906,76.87554931640625,78.3912124633789,70.15774536132813,79.81096649169922,84.203125,4.761904716491699,0,0,0,0,0,0,5,0,0,17.82650375366211,25769803776,2147483648,18266144768,765329408
204,1790457427059,4,4,4,4,4,4,4,4,4,4,79.46082305908203,77.38136291503906,76.87554931640625,78.3912124633789,70.15774536132813,79.81096649169922,84.203125,0,0,0,0,0,0,0,5,4.761904716491699,0,17.82650375366211,25769803776,2147483648,18266144768,765329408
204,1790457427264,4,4,4,4,4,4,4,4,4,4,79.46082305908203,77.38136291503906,76.87554931640625,78.3912124633789,70.15774536132813,79.81096649169922,84.203125,4.761904716491699,4.761904716491699,0,0,0,0,0,9.090909004211426,0,4.545454502105713,17.82650375366211,25769803776,2147483648,18266030080,765329408
204,1790457427469,4,4,4,4,4,4,4,4,4,4,79.6567153930664,77.26130676269531,77.09481048583984,78.47289276123047,70.52227020263672,79.94612121582031,83.15625,0,0,0,0,0,0,4.761904716491699,0,0,0,17.82650375366211,25769803776,2147483648,18267160576,765329408
204,1790457427674,4,4,4,4,4,4,4,4,4,4,79.6567153930664,77.26130676269531,77.09481048583984,78.47289276123047,70.52227020263672,79.94612121582031,83.15625,4.761904716491699,0,0,4.761904716491699,0,0,0,5,0,0,17.82650375366211,25769803776,2147483648,18265047040,765329408
204,1790457427879,4,4,4,4,4,4,4,4,4,4,79.6567153930664,77.26130676269531,77.09481048583984,78.47289276123047,70.52227020263672,79.94612121582031,83.15625,0,0,0,0,0,0,0,0,0,0,17.83285903930664,25769803776,2147483648,18265047040,765329408
204,1790457428084,4,4,4,4,4,4,4,4,4,4,79.6567153930664,77.26130676269531,77.09481048583984,78.47289276123047,70.52227020263672,79.94612121582031,83.15625,0,4.761904716491699,0,0,0,0,9.090909004211426,9.523809432983398,0,0,17.83285903930664,25769803776,2147483648,18265047040,765329408
204,1790457428289,4,4,4,4,4,4,4,4,4,4,79.6567153930664,77.26130676269531,77.09481048583984,78.47289276123047,70.52227020263672,79.94612121582031,83.15625,4.761904716491699,0,0,0,0,0,0,5,0,0,17.83285903930664,25769803776,2147483648,18263998464,765329408
204,1790457428494,4,4,4,4,4,4,4,4,4,4,79.64208221435547,77.407958984375,76.91522216796875,78.50535583496094,70.2407455444336,79.94278717041016,82.203125,0,4.761904716491699,0,0,0,0,0,9.523809432983398,0,0,17.83285903930664,25769803776,2147483648,18264080384,765329408
204,1790457428699,4,4,4,4,4,4,4,4,4,4,79.64208221435547,77.407958984375,76.91522216796875,78.50535583496094,70.2407455444336,79.94278717041016,82.203125,4.761904716491699,0,0,0,0,0,0,0,9.090909004211426,0,17.83285903930664,25769803776,2147483648,18264080384,765329408
204,1790457428904,4,4,4,4,4,4,4,4,4,4,79.64208221435547,77.407958984375,76.91522216796875,78.50535583496094,70.2407455444336,79.94278717041016,82.203125,0,0,0,0,0,0,0,5,0,0,17.71373176574707,25769803776,2147483648,18264080384,765329408
204,1790457429109,4,4,4,4,4,4,4,4,4,4,79.64208221435547,77.407958984375,76.91522216796875,78.50535583496094,70.2407455444336,79.94278717041016,82.203125,0,0,0,0,0,0,0,9.523809432983398,0,0,17.71373176574707,25769803776,2147483648,18264080384,765329408
202,1790457429314,4,4,4,4,4,4,4,4,4,4,79.64208221435547,77.407958984375,76.91522216796875,78.50535583496094,70.2407455444336,79.94278717041016,82.203125,4.761904716491699,0,0,0,0,0,0,4.761904716491699,0,0,17.71373176574707,25769803776,2147483648,18250006528,765329408
204,1790457429516,4,4,4,4,4,4,4,4,4,4,79.70179748535156,77.41868591308594,77.07630157470703,78.54288482666016,70.47310638427734,79.98909759521484,83.96875,0,0,4.761904716491699,0,0,0,0,5,0,0,17.71373176574707,25769803776,2147483648,18250203136,765329408
204,1790457429721,4,4,4,4,4,4,4,4,4,4,79.70179748535156,77.41868591308594,77.07630157470703,78.54288482666016,70.47310638427734,79.98909759521484,83.96875,4.761904716491699,0,0,0,0,0,4.761904716491699,9.523809432983398,0,0,17.71373176574707,25769803776,2147483648,18250203136,765329408
203,1790457429926,4,4,4,4,4,4,4,4,4,4,79.70179748535156,77.41868591308594,77.07630157470703,78.54288482666016,70.47310638427734,79.98909759521484,83.96875,0,0,0,0,0,0,0,0,0,0,17.796825408935547,25769803776,2147483648,18250203136,765329408
204,1790457430130,4,4,4,4,4,4,4,4,4,4,79.70179748535156,77.41868591308594,77.07630157470703,78.54288482666016,70.47310638427734,79.98909759521484,83.96875,0,4.761904716491699,0,0,0,0,0,9.523809432983398,0,0,17.796825408935547,25769803776,2147483648,18250203136,765329408
204,1790457430335,4,4,4,4,4,4,4,4,4,4,79.70179748535156,77.41868591308594,77.07630157470703,78.54288482666016,70.47310638427734,79.98909759521484,83.96875,4.761904716491699,0,0,0,0,0,0,5,0,0,17.796825408935547,25769803776,2147483648,18250219520,765329408
204,1790457430540,4,4,4,4,4,4,4,4,4,4,79.66024780273438,77.42495727539063,77.1866226196289,78.56303405761719,70.64200592041016,79.93559265136719,85.265625,4.761904716491699,0,0,0,0,0,0,9.090909004211426,4.545454502105713,0,17.796825408935547,25769803776,2147483648,18250121216,765329408
204,1790457430745,4,4,4,4,4,4,4,4,4,4,79.66024780273438,77.42495727539063,77.1866226196289,78.56303405761719,70.64200592041016,79.93559265136719,85.265625,0,0,0,0,0,0,0,5,0,0,17.796825408935547,25769803776,2147483648,18250121216,765329408
204,1790457430950,4,4,4,4,4,4,4,4,4,4,79.66024780273438,77.42495727539063,77.1866226196289,78.56303405761719,70.64200592041016,79.93559265136719,85.265625,4.761904716491699,0,0,0,0,0,0,5,0,0,17.744478225708008,25769803776,2147483648,18250121216,765329408
201,1790457431155,4,4,4,4,4,4,4,4,4,4,79.66024780273438,77.42495727539063,77.1866226196289,78.56303405761719,70.64200592041016,79.93559265136719,85.265625,0,0,0,0,0,0,9.090909004211426,4.761904716491699,4.761904716491699,0,17.744478225708008,25769803776,2147483648,18250121216,765329408
204,1790457431357,4,4,4,4,4,4,4,4,4,4,79.69473266601563,77.41845703125,77.06389617919922,78.55873107910156,70.47482299804688,79.9754638671875,85.625,4.761904716491699,0,0,0,0,0,0,0,0,0,17.744478225708008,25769803776,2147483648,18250121216,765329408
204,1790457431562,4,4,4,4,4,4,4,4,4,4,79.69473266601563,77.41845703125,77.06389617919922,78.55873107910156,70.47482299804688,79.9754638671875,85.625,0,4.545454502105713,0,0,0,0,0,5,0,0,17.744478225708008,25769803776,2147483648,18250072064,765329408
203,1790457431767,4,4,4,4,4,4,4,4,4,4,79.69473266601563,77.41845703125,77.06389617919922,78.55873107910156,70.47482299804688,79.9754638671875,85.625,0,4.761904716491699,0,0,0,0,0,9.090909004211426,0,0,17.744478225708008,25769803776,2147483648,18250039296,765329408
204,1790457431971,4,4,4,4,4,4,4,4,4,4,79.69473266601563,77.41845703125,77.06389617919922,78.55873107910156,70.47482299804688,79.9754638671875,85.625,4.761904716491699,0,0,0,0,0,0,5,0,0,17.776649475097656,25769803776,2147483648,18250039296,765329408
204,1790457432176,4,4,4,4,4,4,4,4,4,4,79.69473266601563,77.41845703125,77.06389617919922,78.55873107910156,70.47482299804688,79.9754638671875,85.625,0,0,0,0,0,0,0,9.523809432983398,0,0,17.776649475097656,25769803776,2147483648,18250039296,765329408
204,1790457432381,4,4,4,4,4,4,4,4,4,4,79.70008850097656,77.48255920410156,77.22986602783203,78.58185577392578,70.7050552368164,79.97300720214844,85.96875,4.761904716491699,0,0,0,4.761904716491699,0,0,5,0,0,17.776649475097656,25769803776,2147483648,18250088448,765329408
204,1790457432586,4,4,4,4,4,4,4,4,4,4,79.70008850097656,77.48255920410156,77.22986602783203,78.58185577392578,70.7050552368164,79.97300720214844,85.96875,0,0,0,0,0,0,0,5,0,0,17.776649475097656,25769803776,2147483648,18250104832,765329408
204,1790457432791,4,4,4,4,4,4,4,4,4,4,79.70008850097656,77.48255920410156,77.22986602783203,78.58185577392578,70.7050552368164,79.97300720214844,85.96875,0,0,0,0,0,0,4.761904716491699,4.761904716491699,4.545454502105713,0,17.776649475097656,25769803776,2147483648,18250268672,765329408
204,1790457432996,4,4,4,4,4,4,4,4,4,4,79.70008850097656,77.48255920410156,77.22986602783203,78.58185577392578,70.7050552368164,79.97300720214844,85.96875,4.761904716491699,0,0,0,4.761904716491699,0,0,5,0,0,17.723867416381836,25769803776,2147483648,18250268672,765329408
204,1790457433201,4,4,4,4,4,4,4,4,4,4,79.70008850097656,77.48255920410156,77.22986602783203,78.58185577392578,70.7050552368164,79.97300720214844,85.96875,0,0,0,0,0,0,0,9.523809432983398,0,0,17.723867416381836,25769803776,2147483648,18250268672,765329408
204,1790457433406,4,4,4,4,4,4,4,4,4,4,79.72217559814453,77.45609283447266,77.16512298583984,78.5687484741211,70.63788604736328,80.01300811767578,84.90625,4.761904716491699,4.761904716491699,0,0,0,0,4.761904716491699,5,0,0,17.723867416381836,25769803776,2147483648,18249891840,765329408
204,1790457433611,4,4,4,4,4,4,4,4,4,4,79.72217559814453,77.45609283447266,77.16512298583984,78.5687484741211,70.63788604736328,80.01300811767578,84.90625,0,0,0,0,0,0,0,4.761904716491699,0,0,17.723867416381836,25769803776,2147483648,18249891840,765329408
204,1790457433816,4,4,4,4,4,4,4,4,4,4,79.72217559814453,77.45609283447266,77.16512298583984,78.5687484741211,70.63788604736328,80.01300811767578,84.90625,0,0,0,0,0,0,0,9.523809432983398,0,0,17.723867416381836,25769803776,2147483648,18249695232,765329408
204,1790457434021,4,4,4,4,4,4,4,4,4,4,79.72217559814453,77.45609283447266,77.16512298583984,78.5687484741211,70.63788604736328,80.01300811767578,84.90625,9.090909004211426,0,0,0,0,0,0,0,0,0,17.52857208251953,25769803776,2147483648,18249695232,765329408
204,1790457434226,4,4,4,4,4,4,4,4,4,4,79.72217559814453,77.45609283447266,77.16512298583984,78.5687484741211,70.63788604736328,80.01300811767578,84.90625,0,0,4.761904716491699,0,0,4.761904716491699,0,9.523809432983398,0,0,17.52857208251953,25769803776,2147483648,18249695232,765329408
204,1790457434431,4,4,4,4,4,4,4,4,4,4,79.70545196533203,77.51459503173828,77.13773345947266,78.56546783447266,70.5463638305664,79.96717071533203,83.96875,4.761904716491699,0,0,0,0,0,0,4.761904716491699,9.090909004211426,0,17.52857208251953,25769803776,2147483648,18250186752,765329408
204,1790457434636,4,4,4,4,4,4,4,4,4,4,79.70545196533203,77.51459503173828,77.13773345947266,78.56546783447266,70.5463638305664,79.96717071533203,83.96875,0,0,0,4.761904716491699,0,0,0,5,0,0,17.52857208251953,25769803776,2147483648,18250186752,765329408
204,1790457434841,4,4,4,4,4,4,4,4,4,4,79.70545196533203,77.51459503173828,77.13773345947266,78.56546783447266,70.5463638305664,79.96717071533203,83.96875,4.761904716491699,8.69565200805664,0,0,0,0,0,9.523809432983398,0,0,17.52857208251953,25769803776,2147483648,18250186752,765329408
200,1790457435046,4,4,4,4,4,4,4,4,4,4,79.70545196533203,77.51459503173828,77.13773345947266,78.56546783447266,70.5463638305664,79.96717071533203,83.96875,0,0,0,0,0,0,4.761904716491699,0,0,0,17.635543823242188,25769803776,2147483648,18250186752,765329408
204,1790457435247,4,4,4,4,4,4,4,4,4,4,79.70545196533203,77.51459503173828,77.13773345947266,78.56546783447266,70.5463638305664,79.96717071533203,83.96875,0,0,0,0,0,0,0,5,0,0,17.635543823242188,25769803776,2147483648,18250186752,765329408
204,1790457435452,4,4,4,4,4,4,4,4,4,4,79.81181335449219,77.4866943359375,77.2445068359375,78.58573913574219,70.71668243408203,80.077880859375,82.5625,4.761904716491699,0,0,0,0,0,0,9.523809432983398,0,4.761904716491699,17.635543823242188,25769803776,2147483648,18249957376,765329408
204,1790457435657,4,4,4,4,4,4,4,4,4,4,79.81181335449219,77.4866943359375,77.2445068359375,78.58573913574219,70.71668243408203,80.077880859375,82.5625,5,0,4.545454502105713,0,0,0,4.761904716491699,0,0,0,17.635543823242188,25769803776,2147483648,18250088448,765329408
207,1790457435862,4,4,4,4,4,4,4,4,4,4,79.81181335449219,77.4866943359375,77.2445068359375,78.58573913574219,70.71668243408203,80.077880859375,82.5625,9.523809432983398,9.523809432983398,0,0,5,5,0,5,0,4.761904716491699,17.636442184448242,25769803776,2147483648,18250088448,765329408
209,1790457436069,4,4,4,4,4,4,4,4,4,4,79.81181335449219,77.4866943359375,77.2445068359375,78.58573913574219,70.71668243408203,80.077880859375,82.5625,0,0,0,4.545454502105713,0,0,0,9.523809432983398,0,0,17.636442184448242,25769803776,2147483648,18250088448,765329408
209,1790457436279,4,4,4,4,4,4,4,4,4,4,79.81181335449219,77.4866943359375,77.2445068359375,78.58573913574219,70.71668243408203,80.077880859375,82.5625,4.545454502105713,0,0,0,0,0,0,4.761904716491699,4.545454502105713,0,17.636442184448242,25769803776,2147483648,18250088448,765329408
209,1790457436489,4,4,4,4,4,4,4,4,4,4,79.73096466064453,77.48394775390625,77.08305358886719,78.59439086914063,70.49713134765625,79.98506927490234,83.96875,0,4.545454502105713,4.545454502105713,0,0,0,0,9.090909004211426,0,0,17.636442184448242,25769803776,2147483648,18253283328,765329408
209,1790457436699,4,4,4,4,4,4,4,4,4,4,79.73096466064453,77.48394775390625,77.08305358886719,78.59439086914063,70.49713134765625,79.98506927490234,83.96875,0,0,0,0,0,0,0,0,0,0,17.636442184448242,25769803776,2147483648,18253283328,765329408
209,1790457436909,4,4,4,4,4,4,4,4,4,4,79.73096466064453,77.48394775390625,77.08305358886719,78.59439086914063,70.49713134765625,79.98506927490234,83.96875,9.090909004211426,4.545454502105713,4.545454502105713,0,0,0,4.761904716491699,9.523809432983398,0,0,17.51060676574707,25769803776,2147483648,18253414400,765329408
209,1790457437119,4,4,4,4,4,4,4,4,4,4,79.73096466064453,77.48394775390625,77.08305358886719,78.59439086914063,70.49713134765625,79.98506927490234,83.96875,0,0,0,0,0,0,0,0,9.090909004211426,0,17.51060676574707,25769803776,2147483648,18253414400,765329408
209,1790457437329,4,4,4,4,4,4,4,4,4,4,79.73096466064453,77.48394775390625,77.08305358886719,78.59439086914063,70.49713134765625,79.98506927490234,83.96875,4.761904716491699,0,0,0,0,0,0,4.761904716491699,0,0,17.51060676574707,25769803776,2147483648,18253414400,765329408
209,1790457437539,4,4,4,4,4,4,4,4,4,4,79.96175384521484,77.4659652709961,77.11228942871094,78.63951873779297,70.54713439941406,80.24813079833984,85.96875,0,0,0,0,0,0,0,9.090909004211426,0,0,17.51060676574707,25769803776,2147483648,18253414400,765329408
201,1790457437749,4,4,4,4,4,4,4,4,4,4,79.96175384521484,77.4659652709961,77.11228942871094,78.63951873779297,70.54713439941406,80.24813079833984,85.96875,0,0,0,0,0,0,9.090909004211426,0,0,0,17.51060676574707,25769803776,2147483648,18253463552,765329408
209,1790457437950,4,4,4,4,4,4,4,4,4,4,79.96175384521484,77.4659652709961,77.11228942871094,78.63951873779297,70.54713439941406,80.24813079833984,85.96875,20,23.809524536132813,15.000000953674316,15.000000953674316,19.047618865966797,10.526315689086914,0,5,0,0,17.54014778137207,25769803776,2147483648,18282938368,765329408
209,1790457438160,4,4,4,4,4,4,4,4,4,4,79.96175384521484,77.4659652709961,77.11228942871094,78.63951873779297,70.54713439941406,80.24813079833984,85.96875,72.7272720336914,57.142860412597656,47.619049072265625,47.619049072265625,38.095237731933594,40.90909194946289,0,9.090909004211426,4.761904716491699,0,17.54014778137207,25769803776,2147483648,18345345024,765329408
209,1790457438370,4,4,4,4,4,4,4,4,4,4,79.87075805664063,77.8449935913086,77.3376693725586,78.61573791503906,70.67967987060547,80.13591766357422,85.625,10,9.523809432983398,0,0,0,0,0,4.761904716491699,0,0,17.54014778137207,25769803776,2147483648,18301239296,765329408
209,1790457438580,4,4,4,4,4,4,4,4,4,4,79.87075805664063,77.8449935913086,77.3376693725586,78.61573791503906,70.67967987060547,80.13591766357422,85.625,4.545454502105713,0,0,0,0,0,0,0,0,0,17.54014778137207,25769803776,2147483648,18301222912,765329408
209,1790457438790,4,4,4,4,4,4,4,4,4,4,79.87075805664063,77.8449935913086,77.3376693725586,78.61573791503906,70.67967987060547,80.13591766357422,85.625,0,0,4.761904716491699,4.545454502105713,0,0,0,9.523809432983398,0,0,17.54014778137207,25769803776,2147483648,18301370368,765329408
209,1790457439001,4,4,4,4,4,4,4,4,4,4,79.87075805664063,77.8449935913086,77.3376693725586,78.61573791503906,70.67967987060547,80.13591766357422,85.625,9.090909004211426,0,0,0,0,0,0,4.761904716491699,0,0,17.463991165161133,25769803776,2147483648,18301370368,765329408
209,1790457439211,4,4,4,4,4,4,4,4,4,4,79.87075805664063,77.8449935913086,77.3376693725586,78.61573791503906,70.67967987060547,80.13591766357422,85.625,0,0,0,0,0,0,0,9.090909004211426,0,0,17.463991165161133,25769803776,2147483648,18301337600,765329408
204,1790457439421,4,4,4,4,4,4,4,4,4,4,79.80590057373047,77.73172760009766,77.3889389038086,78.62909698486328,70.74543762207031,80.0596694946289,85.140625,23.809524536132813,17.39130401611328,19.047618865966797,4.761904716491699,0,0,0,5,0,0,17.463991165161133,25769803776,2147483648,18313281536,765329408
209,1790457439625,4,4,4,4,4,4,4,4,4,4,79.80590057373047,77.73172760009766,77.3889389038086,78.62909698486328,70.74543762207031,80.0596694946289,85.140625,10,0,10,0,0,0,4.545454502105713,0,4.545454502105713,0,17.463991165161133,25769803776,2147483648,18315444224,765329408
209,1790457439835,4,4,4,4,4,4,4,4,4,4,79.80590057373047,77.73172760009766,77.3889389038086,78.62909698486328,70.74543762207031,80.0596694946289,85.140625,4.545454502105713,0,0,0,0,0,0,0,5,0,17.463991165161133,25769803776,2147483648,18315444224,765329408
209,1790457440045,4,4,4,4,4,4,4,4,4,4,79.80590057373047,77.73172760009766,77.3889389038086,78.62909698486328,70.74543762207031,80.0596694946289,85.140625,0,0,0,0,0,0,0,5,0,0,17.913150787353516,25769803776,2147483648,18315444224,765329408
209,1790457440255,4,4,4,4,4,4,4,4,4,4,79.80590057373047,77.73172760009766,77.3889389038086,78.62909698486328,70.74543762207031,80.0596694946289,85.140625,4.545454502105713,0,0,0,0,0,4.545454502105713,9.090909004211426,0,0,17.913150787353516,25769803776,2147483648,18315444224,765329408
209,1790457440465,4,4,4,4,4,4,4,4,4,4,79.90083312988281,77.57524871826172,77.18489074707031,78.60777282714844,70.57353973388672,80.25139617919922,84.90625,0,0,4.545454502105713,0,0,0,0,4.761904716491699,0,0,17.913150787353516,25769803776,2147483648,18315444224,765329408
209,1790457440675,4,4,4,4,4,4,4,4,4,4,79.90083312988281,77.57524871826172,77.18489074707031,78.60777282714844,70.57353973388672,80.25139617919922,84.90625,0,4.761904716491699,0,0,4.545454502105713,0,0,0,9.090909004211426,0,17.913150787353516,25769803776,2147483648,18315329536,765329408
209,1790457440885,4,4,4,4,4,4,4,4,4,4,79.90083312988281,77.57524871826172,77.18489074707031,78.60777282714844,70.57353973388672,80.25139617919922,84.90625,0,0,0,0,0,0,0,9.523809432983398,0,0,17.159160614013672,25769803776,2147483648,18315313152,765329408
209,1790457441095,4,4,4,4,4,4,4,4,4,4,79.90083312988281,77.57524871826172,77.18489074707031,78.60777282714844,70.57353973388672,80.25139617919922,84.90625,4.545454502105713,0,0,0,0,0,0,0,0,0,17.159160614013672,25769803776,2147483648,18313347072,765329408
209,1790457441305,4,4,4,4,4,4,4,4,4,4,79.90083312988281,77.57524871826172,77.18489074707031,78.60777282714844,70.57353973388672,80.25139617919922,84.90625,4.761904716491699,4.761904716491699,0,0,4.545454502105713,0,4.545454502105713,9.090909004211426,0,0,17.159160614013672,25769803776,2147483648,18313117696,765329408
209,1790457441515,4,4,4,4,4,4,4,4,4,4,79.85042572021484,77.53626251220703,77.07599639892578,78.61691284179688,70.43612670898438,80.17735290527344,82.4375,4.761904716491699,0,0,4.545454502105713,0,0,0,5,0,0,17.159160614013672,25769803776,2147483648,18313560064,765329408
209,1790457441725,4,4,4,4,4,4,4,4,4,4,79.85042572021484,77.53626251220703,77.07599639892578,78.61691284179688,70.43612670898438,80.17735290527344,82.4375,0,4.545454502105713,0,0,0,0,0,9.090909004211426,4.545454502105713,0,17.159160614013672,25769803776,2147483648,18313560064,765329408
206,1790457441935,4,4,4,4,4,4,4,4,4,4,79.85042572021484,77.53626251220703,77.07599639892578,78.61691284179688,70.43612670898438,80.17735290527344,82.4375,4.545454502105713,0,0,0,0,0,0,4.761904716491699,0,0,17.370861053466797,25769803776,2147483648,18313494528,765329408
209,1790457442142,4,4,4,4,4,4,4,4,4,4,79.85042572021484,77.53626251220703,77.07599639892578,78.61691284179688,70.43612670898438,80.17735290527344,82.4375,0,0,0,0,0,0,0,9.523809432983398,0,0,17.370861053466797,25769803776,2147483648,18313494528,765329408
209,1790457442352,4,4,4,4,4,4,4,4,4,4,79.79734802246094,77.63726043701172,77.39493560791016,78.60905456542969,70.85655975341797,80.06922149658203,84.203125,0,0,0,0,0,0,0,0,0,0,17.370861053466797,25769803776,2147483648,18313494528,765329408
209,1790457442562,4,4,4,4,4,4,4,4,4,4,79.79734802246094,77.63726043701172,77.39493560791016,78.60905456542969,70.85655975341797,80.06922149658203,84.203125,4.545454502105713,0,0,0,0,0,4.545454502105713,4.761904716491699,0,0,17.370861053466797,25769803776,2147483648,18313494528,765329408
209,1790457442772,4,4,4,4,4,4,4,4,4,4,79.79734802246094,77.63726043701172,77.39493560791016,78.60905456542969,70.85655975341797,80.06922149658203,84.203125,4.761904716491699,4.545454502105713,0,0,0,4.545454502105713,0,9.523809432983398,0,0,17.370861053466797,25769803776,2147483648,18313969664,765329408
209,1790457442982,4,4,4,4,4,4,4,4,4,4,79.79734802246094,77.63726043701172,77.39493560791016,78.60905456542969,70.85655975341797,80.06922149658203,84.203125,4.545454502105713,0,0,0,0,0,0,4.761904716491699,0,0,17.564237594604492,25769803776,2147483648,18313871360,765329408
209,1790457443192,4,4,4,4,4,4,4,4,4,4,79.79734802246094,77.63726043701172,77.39493560791016,78.60905456542969,70.85655975341797,80.06922149658203,84.203125,0,0,0,0,0,0,0,4.761904716491699,0,0,17.564237594604492,25769803776,2147483648,18313871360,765329408
209,1790457443402,4,4,4,4,4,4,4,4,4,4,79.76903533935547,77.60226440429688,77.2712173461914,78.59522247314453,70.67933654785156,80.02639770507813,83.734375,0,4.761904716491699,0,4.761904716491699,0,0,4.545454502105713,9.523809432983398,4.545454502105713,0,17.564237594604492,25769803776,2147483648,18313871360,765329408
209,1790457443612,4,4,4,4,4,4,4,4,4,4,79.76903533935547,77.60226440429688,77.2712173461914,78.59522247314453,70.67933654785156,80.02639770507813,83.734375,4.545454502105713,0,0,0,0,0,0,4.761904716491699,0,0,17.564237594604492,25769803776,2147483648,18313871360,765329408
209,1790457443822,4,4,4,4,4,4,4,4,4,4,79.76903533935547,77.60226440429688,77.2712173461914,78.59522247314453,70.67933654785156,80.02639770507813,83.734375,0,0,8.69565200805664,0,0,0,0,4.761904716491699,4.545454502105713,0,17.564237594604492,25769803776,2147483648,18312478720,765329408
209,1790457444032,4,4,4,4,4,4,4,4,4,4,79.76903533935547,77.60226440429688,77.2712173461914,78.59522247314453,70.67933654785156,80.02639770507813,83.734375,0,0,0,0,0,0,0,5,0,0,17.401031494140625,25769803776,2147483648,18311872512,765329408
209,1790457444242,4,4,4,4,4,4,4,4,4,4,79.76903533935547,77.60226440429688,77.2712173461914,78.59522247314453,70.67933654785156,80.02639770507813,83.734375,4.761904716491699,4.545454502105713,0,0,0,0,0,9.090909004211426,0,0,17.401031494140625,25769803776,2147483648,18312134656,765329408
209,1790457444452,4,4,4,4,4,4,4,4,4,4,79.8377456665039,77.65030670166016,77.39750671386719,78.6068344116211,70.85406494140625,80.0960693359375,84.90625,4.761904716491699,0,0,0,0,0,0,4.761904716491699,0,0,17.401031494140625,25769803776,2147483648,18314215424,765329408
209,1790457444662,4,4,4,4,4,4,4,4,4,4,79.8377456665039,77.65030670166016,77.39750671386719,78.6068344116211,70.85406494140625,80.0960693359375,84.90625,4.545454502105713,0,0,0,0,0,0,0,0,0,17.401031494140625,25769803776,2147483648,18311249920,765329408
209,1790457444872,4,4,4,4,4,4,4,4,4,4,79.8377456665039,77.65030670166016,77.39750671386719,78.6068344116211,70.85406494140625,80.0960693359375,84.90625,0,0,0,0,0,0,9.090909004211426,0,0,0,17.488662719726563,25769803776,2147483648,18311249920,765329408
209,1790457445082,4,4,4,4,4,4,4,4,4,4,79.8377456665039,77.65030670166016,77.39750671386719,78.6068344116211,70.85406494140625,80.0960693359375,84.90625,0,0,0,0,0,0,0,9.523809432983398,0,0,17.488662719726563,25769803776,2147483648,18311249920,765329408
209,1790457445292,4,4,4,4,4,4,4,4,4,4,79.8377456665039,77.65030670166016,77.39750671386719,78.6068344116211,70.85406494140625,80.0960693359375,84.90625,4.761904716491699,0,0,0,0,0,0,4.761904716491699,0,0,17.488662719726563,25769803776,2147483648,18311266304,765329408
209,1790457445502,4,4,4,4,4,4,4,4,4,4,79.76060485839844,77.63655853271484,77.1318359375,78.5863265991211,70.52677154541016,80.0512466430664,83.734375,0,4.545454502105713,0,0,0,0,0,0,4.545454502105713,4.761904716491699,17.488662719726563,25769803776,2147483648,18311266304,765329408
209,1790457445712,4,4,4,4,4,4,4,4,4,4,79.76060485839844,77.63655853271484,77.1318359375,78.5863265991211,70.52677154541016,80.0512466430664,83.734375,0,4.545454502105713,0,0,0,0,0,9.090909004211426,4.545454502105713,0,17.488662719726563,25769803776,2147483648,18311266304,765329408
209,1790457445922,4,4,4,4,4,4,4,4,4,4,79.76060485839844,77.63655853271484,77.1318359375,78.5863265991211,70.52677154541016,80.0512466430664,83.734375,4.545454502105713,0,0,0,0,0,4.545454502105713,4.761904716491699,0,0,17.217920303344727,25769803776,2147483648,18311266304,765329408
209,1790457446132,4,4,4,4,4,4,4,4,4,4,79.76060485839844,77.63655853271484,77.1318359375,78.5863265991211,70.52677154541016,80.0512466430664,83.734375,0,0,0,0,0,0,0,9.523809432983398,0,0,17.217920303344727,25769803776,2147483648,18311266304,765329408
209,1790457446342,4,4,4,4,4,4,4,4,4,4,79.76060485839844,77.63655853271484,77.1318359375,78.5863265991211,70.52677154541016,80.0512466430664,83.734375,0,0,0,0,0,0,0,4.761904716491699,0,0,17.217920303344727,25769803776,2147483648,18311184384,765329408
209,1790457446552,4,4,4,4,4,4,4,4,4,4,79.7454833984375,77.58842468261719,77.26081848144531,78.5963363647461,70.65901184082031,80.02825164794922,83.5,4.761904716491699,4.545454502105713,0,0,0,0,0,4.761904716491699,0,0,17.217920303344727,25769803776,2147483648,18311184384,765329408
209,1790457446762,4,4,4,4,4,4,4,4,4,4,79.7454833984375,77.58842468261719,77.26081848144531,78.5963363647461,70.65901184082031,80.02825164794922,83.5,9.090909004211426,0,0,0,0,0,0,4.761904716491699,0,0,17.217920303344727,25769803776,2147483648,18310676480,765329408
209,1790457446972,4,4,4,4,4,4,4,4,4,4,79.7454833984375,77.58842468261719,77.26081848144531,78.5963363647461,70.65901184082031,80.02825164794922,83.5,0,0,0,0,0,4.545454502105713,0,5,0,0,17.318347930908203,25769803776,2147483648,18310758400,765329408
204,1790457447182,4,4,4,4,4,4,4,4,4,4,79.7454833984375,77.58842468261719,77.26081848144531,78.5963363647461,70.65901184082031,80.02825164794922,83.5,0,0,0,0,0,0,4.545454502105713,9.090909004211426,0,0,17.318347930908203,25769803776,2147483648,18310758400,765329408
202,1790457447387,4,4,4,4,4,4,4,4,4,4,79.69341278076172,77.57779693603516,77.29334259033203,78.57450866699219,70.76654815673828,80.00791931152344,81.96875,4.761904716491699,0,0,0,4.761904716491699,0,0,5,0,0,17.318347930908203,25769803776,2147483648,18310758400,765329408
209,1790457447590,4,4,4,4,4,4,4,4,4,4,79.69341278076172,77.57779693603516,77.29334259033203,78.57450866699219,70.76654815673828,80.00791931152344,81.96875,0,0,4.761904716491699,0,0,0,4.761904716491699,9.090909004211426,4.761904716491699,0,17.318347930908203,25769803776,2147483648,18310758400,765329408
203,1790457447800,4,4,4,4,4,4,4,4,4,4,79.69341278076172,77.57779693603516,77.29334259033203,78.57450866699219,70.76654815673828,80.00791931152344,81.96875,4.545454502105713,4.545454502105713,0,0,0,0,0,0,0,0,17.318347930908203,25769803776,2147483648,18310758400,765329408
209,1790457448003,4,4,4,4,4,4,4,4,4,4,79.69341278076172,77.57779693603516,77.29334259033203,78.57450866699219,70.76654815673828,80.00791931152344,81.96875,0,0,0,0,0,0,0,5,0,0,17.287988662719727,25769803776,2147483648,18312069120,765329408
209,1790457448213,4,4,4,4,4,4,4,4,4,4,79.69341278076172,77.57779693603516,77.29334259033203,78.57450866699219,70.76654815673828,80.00791931152344,81.96875,0,0,0,0,0,0,0,8.69565200805664,0,0,17.287988662719727,25769803776,2147483648,18295603200,765329408
209,1790457448423,4,4,4,4,4,4,4,4,4,4,79.72633361816406,77.62744140625,77.28235626220703,78.5687484741211,70.67523193359375,80.00704193115234,81.96875,4.545454502105713,0,0,0,0,0,0,0,4.761904716491699,0,17.287988662719727,25769803776,2147483648,18293784576,765329408
200,1790457448633,4,4,4,4,4,4,4,4,4,4,79.72633361816406,77.62744140625,77.28235626220703,78.5687484741211,70.67523193359375,80.00704193115234,81.96875,4.761904716491699,4.545454502105713,0,0,0,0,0,4.761904716491699,0,4.545454502105713,17.287988662719727,25769803776,2147483648,18293817344,765329408
209,1790457448833,4,4,4,4,4,4,4,4,4,4,79.72633361816406,77.62744140625,77.28235626220703,78.5687484741211,70.67523193359375,80.00704193115234,81.96875,0,0,0,0,0,0,0,9.523809432983398,0,0,17.287988662719727,25769803776,2147483648,18293817344,765329408
205,1790457449044,4,4,4,4,4,4,4,4,4,4,79.72633361816406,77.62744140625,77.28235626220703,78.5687484741211,70.67523193359375,80.00704193115234,81.96875,4.545454502105713,0,0,0,0,0,0,5,0,0,17.29462432861328,25769803776,2147483648,18293751808,765329408
209,1790457449249,4,4,4,4,4,4,4,4,4,4,79.72633361816406,77.62744140625,77.28235626220703,78.5687484741211,70.67523193359375,80.00704193115234,81.96875,0,4.761904716491699,0,0,0,0,0,0,0,0,17.29462432861328,25769803776,2147483648,18293768192,765329408
209,1790457449460,4,4,4,4,4,4,4,4,4,4,79.64012145996094,77.52195739746094,77.23213958740234,78.55644226074219,70.7289810180664,79.95466613769531,85.390625,45,0,0,0,0,0,4.545454502105713,9.523809432983398,4.545454502105713,0,17.29462432861328,25769803776,2147483648,18293768192,765329408
209,1790457449670,4,4,4,4,4,4,4,4,4,4,79.64012145996094,77.52195739746094,77.23213958740234,78.55644226074219,70.7289810180664,79.95466613769531,85.390625,27.272727966308594,0,0,0,0,0,4.545454502105713,4.761904716491699,0,0,17.29462432861328,25769803776,2147483648,18293604352,765329408
209,1790457449880,4,4,4,4,4,4,4,4,4,4,79.64012145996094,77.52195739746094,77.23213958740234,78.55644226074219,70.7289810180664,79.95466613769531,85.390625,0,4.545454502105713,0,0,4.545454502105713,0,0,9.090909004211426,0,0,17.143796920776367,25769803776,2147483648,18293604352,765329408
209,1790457450090,4,4,4,4,4,4,4,4,4,4,79.64012145996094,77.52195739746094,77.23213958740234,78.55644226074219,70.7289810180664,79.95466613769531,85.390625,4.545454502105713,0,0,0,0,0,0,5,0,0,17.143796920776367,25769803776,2147483648,18293620736,765329408
209,1790457450300,4,4,4,4,4,4,4,4,4,4,79.64012145996094,77.52195739746094,77.23213958740234,78.55644226074219,70.7289810180664,79.95466613769531,85.390625,0,0,0,0,0,0,0,9.090909004211426,0,0,17.143796920776367,25769803776,2147483648,18293620736,765329408
209,1790457450510,4,4,4,4,4,4,4,4,4,4,79.55290985107422,77.5242691040039,77.17228698730469,78.52639770507813,70.59925842285156,79.89143371582031,82.5625,0,0,4.545454502105713,0,0,0,0,0,0,0,17.143796920776367,25769803776,2147483648,18293620736,765329408
209,1790457450720,4,4,4,4,4,4,4,4,4,4,79.55290985107422,77.5242691040039,77.17228698730469,78.52639770507813,70.59925842285156,79.89143371582031,82.5625,9.090909004211426,0,0,4.545454502105713,0,0,0,4.761904716491699,4.545454502105713,0,17.143796920776367,25769803776,2147483648,18293620736,765329408
202,1790457450930,4,4,4,4,4,4,4,4,4,4,79.55290985107422,77.5242691040039,77.17228698730469,78.52639770507813,70.59925842285156,79.89143371582031,82.5625,0,8.69565200805664,0,0,0,0,0,9.523809432983398,0,0,17.158981323242188,25769803776,2147483648,18293620736,765329408
209,1790457451132,4,4,4,4,4,4,4,4,4,4,79.55290985107422,77.5242691040039,77.17228698730469,78.52639770507813,70.59925842285156,79.89143371582031,82.5625,4.761904716491699,0,0,4.761904716491699,0,0,0,4.761904716491699,4.761904716491699,0,17.158981323242188,25769803776,2147483648,18294177792,765329408
209,1790457451342,4,4,4,4,4,4,4,4,4,4,79.55290985107422,77.5242691040039,77.17228698730469,78.52639770507813,70.59925842285156,79.89143371582031,82.5625,0,0,0,0,0,0,0,9.523809432983398,0,0,17.158981323242188,25769803776,2147483648,18294194176,765329408
209,1790457451553,4,4,4,4,4,4,4,4,4,4,79.63681030273438,77.48096466064453,77.23538208007813,78.51820373535156,70.71263885498047,79.98141479492188,81.96875,0,0,0,0,0,0,4.761904716491699,0,0,0,17.158981323242188,25769803776,2147483648,18294210560,765329408
209,1790457451763,4,4,4,4,4,4,4,4,4,4,79.63681030273438,77.48096466064453,77.23538208007813,78.51820373535156,70.71263885498047,79.98141479492188,81.96875,4.761904716491699,0,4.761904716491699,0,0,0,0,4.761904716491699,0,0,17.158981323242188,25769803776,2147483648,18294177792,765329408
209,1790457451973,4,4,4,4,4,4,4,4,4,4,79.63681030273438,77.48096466064453,77.23538208007813,78.51820373535156,70.71263885498047,79.98141479492188,81.96875,4.761904716491699,4.545454502105713,0,0,0,0,0,9.090909004211426,0,0,17.056133270263672,25769803776,2147483648,18294259712,765329408
209,1790457452183,4,4,4,4,4,4,4,4,4,4,79.63681030273438,77.48096466064453,77.23538208007813,78.51820373535156,70.71263885498047,79.98141479492188,81.96875,4.761904716491699,0,4.545454502105713,0,0,0,0,5,0,0,17.056133270263672,25769803776,2147483648,18294276096,765329408
209,1790457452393,4,4,4,4,4,4,4,4,4,4,79.50702667236328,77.44329833984375,77.0728759765625,78.49913787841797,70.47866821289063,79.86077880859375,85.390625,0,0,0,0,0,0,0,9.090909004211426,0,0,17.056133270263672,25769803776,2147483648,18294276096,765329408
202,1790457452603,4,4,4,4,4,4,4,4,4,4,79.50702667236328,77.44329833984375,77.0728759765625,78.49913787841797,70.47866821289063,79.86077880859375,85.390625,0,0,0,0,0,0,4.761904716491699,4.761904716491699,4.545454502105713,0,17.056133270263672,25769803776,2147483648,18294276096,765329408
205,1790457452805,4,4,4,4,4,4,4,4,4,4,79.50702667236328,77.44329833984375,77.0728759765625,78.49913787841797,70.47866821289063,79.86077880859375,85.390625,4.761904716491699,0,0,0,0,0,0,0,0,0,17.056133270263672,25769803776,2147483648,18294276096,765329408
200,1790457453010,4,4,4,4,4,4,4,4,4,4,79.50702667236328,77.44329833984375,77.0728759765625,78.49913787841797,70.47866821289063,79.86077880859375,85.390625,0,4.761904716491699,0,0,0,0,0,0,5,0,17.11337661743164,25769803776,2147483648,18294276096,765329408
209,1790457453211,4,4,4,4,4,4,4,4,4,4,79.50702667236328,77.44329833984375,77.0728759765625,78.49913787841797,70.47866821289063,79.86077880859375,85.390625,4.761904716491699,0,0,0,0,0,4.761904716491699,9.523809432983398,0,0,17.11337661743164,25769803776,2147483648,18294571008,765329408
209,1790457453421,4,4,4,4,4,4,4,4,4,4,79.65060424804688,77.43449401855469,77.06707000732422,78.47534942626953,70.47554016113281,80.06645202636719,82.4375,0,0,0,0,0,0,0,0,4.545454502105713,0,17.11337661743164,25769803776,2147483648,18294571008,765329408
209,1790457453631,4,4,4,4,4,4,4,4,4,4,79.65060424804688,77.43449401855469,77.06707000732422,78.47534942626953,70.47554016113281,80.06645202636719,82.4375,0,0,0,0,0,0,0,9.090909004211426,0,0,17.11337661743164,25769803776,2147483648,18294571008,765329408
209,1790457453841,4,4,4,4,4,4,4,4,4,4,79.65060424804688,77.43449401855469,77.06707000732422,78.47534942626953,70.47554016113281,80.06645202636719,82.4375,9.090909004211426,0,0,0,0,0,0,5,0,0,17.11337661743164,25769803776,2147483648,18294571008,765329408
209,1790457454051,4,4,4,4,4,4,4,4,4,4,79.65060424804688,77.43449401855469,77.06707000732422,78.47534942626953,70.47554016113281,80.06645202636719,82.4375,0,4.761904716491699,0,0,0,0,0,9.090909004211426,0,0,17.0428466796875,25769803776,2147483648,18294095872,765329408
209,1790457454261,4,4,4,4,4,4,4,4,4,4,79.65060424804688,77.43449401855469,77.06707000732422,78.47534942626953,70.47554016113281,80.06645202636719,82.4375,4.545454502105713,0,0,0,0,0,0,4.761904716491699,0,0,17.0428466796875,25769803776,2147483648,18294341632,765329408
209,1790457454471,4,4,4,4,4,4,4,4,4,4,79.42064666748047,77.39649963378906,77.06543731689453,78.40141296386719,70.49530792236328,79.80876922607422,81.734375,0,0,0,0,0,0,0,9.523809432983398,0,0,17.0428466796875,25769803776,2147483648,18294341632,765329408
209,1790457454681,4,4,4,4,4,4,4,4,4,4,79.42064666748047,77.39649963378906,77.06543731689453,78.40141296386719,70.49530792236328,79.80876922607422,81.734375,57.142860412597656,61.904762268066406,52.38095474243164,50,50,45,0,0,0,0,17.0428466796875,25769803776,2147483648,18328535040,765329408
209,1790457454891,4,4,4,4,4,4,4,4,4,4,79.42064666748047,77.39649963378906,77.06543731689453,78.40141296386719,70.49530792236328,79.80876922607422,81.734375,71.42857360839844,19.047618865966797,4.761904716491699,0,0,0,0,13.636363983154297,4.545454502105713,0,17.000003814697266,25769803776,2147483648,18328535040,765329408
209,1790457455101,4,4,4,4,4,4,4,4,4,4,79.42064666748047,77.39649963378906,77.06543731689453,78.40141296386719,70.49530792236328,79.80876922607422,81.734375,80,19.047618865966797,0,0,0,4.761904716491699,4.545454502105713,5,0,0,17.000003814697266,25769803776,2147483648,18328535040,765329408
203,1790457455311,4,4,4,4,4,4,4,4,4,4,79.42064666748047,77.39649963378906,77.06543731689453,78.40141296386719,70.49530792236328,79.80876922607422,81.734375,27.272727966308594,14.285715103149414,9.090909004211426,0,0,18.18181800842285,0,9.090909004211426,0,0,17.000003814697266,25769803776,2147483648,18370297856,765329408
209,1790457455515,4,4,4,4,4,4,4,4,4,4,79.5361099243164,77.7481689453125,77.35346984863281,78.46410369873047,70.64778137207031,79.92271423339844,81.734375,0,0,0,0,0,0,4.761904716491699,5.263157844543457,0,0,17.000003814697266,25769803776,2147483648,18370740224,765329408
209,1790457455725,4,4,4,4,4,4,4,4,4,4,79.5361099243164,77.7481689453125,77.35346984863281,78.46410369873047,70.64778137207031,79.92271423339844,81.734375,4.761904716491699,0,0,0,0,0,0,9.090909004211426,0,0,17.000003814697266,25769803776,2147483648,18370772992,765329408
209,1790457455935,4,4,4,4,4,4,4,4,4,4,79.5361099243164,77.7481689453125,77.35346984863281,78.46410369873047,70.64778137207031,79.92271423339844,81.734375,0,0,0,0,0,0,0,9.523809432983398,0,0,17.481348037719727,25769803776,2147483648,18370772992,765329408
209,1790457456145,4,4,4,4,4,4,4,4,4,4,79.5361099243164,77.7481689453125,77.35346984863281,78.46410369873047,70.64778137207031,79.92271423339844,81.734375,0,4.761904716491699,0,0,0,0,0,4.761904716491699,0,0,17.481348037719727,25769803776,2147483648,18370772992,765329408
209,1790457456355,4,4,4,4,4,4,4,4,4,4,79.06937408447266,77.2813949584961,76.86217498779297,78.18250274658203,70.14552307128906,79.54570770263672,82.09375,4.545454502105713,0,0,0,0,0,0,5,4.545454502105713,0,17.481348037719727,25769803776,2147483648,18370740224,765329408
209,1790457456565,4,4,4,4,4,4,4,4,4,4,79.06937408447266,77.2813949584961,76.86217498779297,78.18250274658203,70.14552307128906,79.54570770263672,82.09375,42.85714340209961,30.000001907348633,33.333335876464844,10,9.523809432983398,9.523809432983398,0,4.545454502105713,0,0,17.481348037719727,25769803776,2147483648,18394955776,765329408
209,1790457456775,4,4,4,4,4,4,4,4,4,4,79.06937408447266,77.2813949584961,76.86217498779297,78.18250274658203,70.14552307128906,79.54570770263672,82.09375,4.761904716491699,4.545454502105713,0,0,0,0,0,4.761904716491699,0,0,17.481348037719727,25769803776,2147483648,18393120768,765329408
209,1790457456985,4,4,4,4,4,4,4,4,4,4,79.06937408447266,77.2813949584961,76.86217498779297,78.18250274658203,70.14552307128906,79.54570770263672,82.09375,10,0,0,0,0,0,0,9.523809432983398,4.545454502105713,0,16.60503387451172,25769803776,2147483648,18393120768,765329408
209,1790457457195,4,4,4,4,4,4,4,4,4,4,79.06937408447266,77.2813949584961,76.86217498779297,78.18250274658203,70.14552307128906,79.54570770263672,82.09375,4.545454502105713,0,0,4.545454502105713,0,0,0,4.761904716491699,0,0,16.60503387451172,25769803776,2147483648,18393120768,765329408
209,1790457457405,4,4,4,4,4,4,4,4,4,4,79.0700912475586,77.18421936035156,76.93695068359375,78.13666534423828,70.28042602539063,79.57133483886719,82.4375,0,0,0,0,0,0,4.545454502105713,9.523809432983398,0,0,16.60503387451172,25769803776,2147483648,18393219072,765329408
209,1790457457615,4,4,4,4,4,4,4,4,4,4,79.0700912475586,77.18421936035156,76.93695068359375,78.13666534423828,70.28042602539063,79.57133483886719,82.4375,0,4.545454502105713,0,0,0,0,4.545454502105713,0,0,0,16.60503387451172,25769803776,2147483648,18393219072,765329408
209,1790457457825,4,4,4,4,4,4,4,4,4,4,79.0700912475586,77.18421936035156,76.93695068359375,78.13666534423828,70.28042602539063,79.57133483886719,82.4375,4.761904716491699,4.761904716491699,0,0,0,0,0,4.761904716491699,0,0,16.60503387451172,25769803776,2147483648,18393251840,765329408
209,1790457458035,4,4,4,4,4,4,4,4,4,4,79.0700912475586,77.18421936035156,76.93695068359375,78.13666534423828,70.28042602539063,79.57133483886719,82.4375,0,0,4.545454502105713,0,0,0,0,9.090909004211426,0,0,16.50638771057129,25769803776,2147483648,18393251840,765329408
209,1790457458245,4,4,4,4,4,4,4,4,4,4,79.0700912475586,77.18421936035156,76.93695068359375,78.13666534423828,70.28042602539063,79.57133483886719,82.4375,4.545454502105713,0,0,0,0,0,0,5,4.545454502105713,0,16.50638771057129,25769803776,2147483648,18393251840,765329408
209,1790457458455,4,4,4,4,4,4,4,4,4,4,79.14035034179688,77.18190002441406,76.92095947265625,78.1744155883789,70.26411437988281,79.59761810302734,83.5,4.761904716491699,0,0,0,0,0,0,9.090909004211426,0,0,16.50638771057129,25769803776,2147483648,18393022464,765329408
209,1790457458665,4,4,4,4,4,4,4,4,4,4,79.14035034179688,77.18190002441406,76.92095947265625,78.1744155883789,70.26411437988281,79.59761810302734,83.5,0,0,0,4.545454502105713,0,4.545454502105713,0,4.761904716491699,0,0,16.50638771057129,25769803776,2147483648,18393055232,765329408
209,1790457458875,4,4,4,4,4,4,4,4,4,4,79.14035034179688,77.18190002441406,76.92095947265625,78.1744155883789,70.26411437988281,79.59761810302734,83.5,0,0,0,0,0,0,0,5,0,0,16.835023880004883,25769803776,2147483648,18393055232,765329408
209,1790457459085,4,4,4,4,4,4,4,4,4,4,79.14035034179688,77.18190002441406,76.92095947265625,78.1744155883789,70.26411437988281,79.59761810302734,83.5,4.761904716491699,0,0,0,4.545454502105713,0,0,4.761904716491699,0,0,16.835023880004883,25769803776,2147483648,18393055232,765329408
209,1790457459295,4,4,4,4,4,4,4,4,4,4,79.14035034179688,77.18190002441406,76.92095947265625,78.1744155883789,70.26411437988281,79.59761810302734,83.5,0,4.545454502105713,0,0,0,0,0,9.090909004211426,0,4.545454502105713,16.835023880004883,25769803776,2147483648,18393055232,765329408
209,1790457459505,4,4,4,4,4,4,4,4,4,4,79.19450378417969,77.24971008300781,77.00372314453125,78.2066421508789,70.36167907714844,79.65544891357422,84.90625,0,0,0,0,0,0,0,4.761904716491699,0,0,16.835023880004883,25769803776,2147483648,18392956928,765329408
209,1790457459715,4,4,4,4,4,4,4,4,4,4,79.19450378417969,77.24971008300781,77.00372314453125,78.2066421508789,70.36167907714844,79.65544891357422,84.90625,4.545454502105713,0,0,0,0,0,4.545454502105713,5,4.545454502105713,0,16.835023880004883,25769803776,2147483648,18392711168,765329408
209,1790457459925,4,4,4,4,4,4,4,4,4,4,79.19450378417969,77.24971008300781,77.00372314453125,78.2066421508789,70.36167907714844,79.65544891357422,84.90625,0,0,0,0,0,0,0,9.090909004211426,4.761904716491699,0,16.839624404907227,25769803776,2147483648,18392711168,765329408
209,1790457460135,4,4,4,4,4,4,4,4,4,4,79.19450378417969,77.24971008300781,77.00372314453125,78.2066421508789,70.36167907714844,79.65544891357422,84.90625,4.761904716491699,0,0,0,0,0,0,0,0,0,16.839624404907227,25769803776,2147483648,18392711168,765329408
204,1790457460346,4,4,4,4,4,4,4,4,4,4,79.19429016113281,77.2491226196289,77.07488250732422,78.22222137451172,70.48477935791016,79.66114044189453,84.671875,0,0,4.761904716491699,0,0,0,0,9.090909004211426,0,0,16.839624404907227,25769803776,2147483648,18392711168,765329408
209,1790457460551,4,4,4,4,4,4,4,4,4,4,79.19429016113281,77.2491226196289,77.07488250732422,78.22222137451172,70.48477935791016,79.66114044189453,84.671875,9.523809432983398,9.090909004211426,0,0,0,0,4.545454502105713,5,0,4.761904716491699,16.839624404907227,25769803776,2147483648,18391416832,765329408
209,1790457460761,4,4,4,4,4,4,4,4,4,4,79.19429016113281,77.2491226196289,77.07488250732422,78.22222137451172,70.48477935791016,79.66114044189453,84.671875,0,0,0,0,0,0,0,4.761904716491699,0,0,16.839624404907227,25769803776,2147483648,18391416832,765329408
209,1790457460971,4,4,4,4,4,4,4,4,4,4,79.19429016113281,77.2491226196289,77.07488250732422,78.22222137451172,70.48477935791016,79.66114044189453,84.671875,0,0,0,0,0,0,0,9.090909004211426,0,0,16.769193649291992,25769803776,2147483648,18391416832,765329408
204,1790457461181,4,4,4,4,4,4,4,4,4,4,79.19429016113281,77.2491226196289,77.07488250732422,78.22222137451172,70.48477935791016,79.66114044189453,84.671875,4.545454502105713,0,0,0,0,0,0,5,0,0,16.769193649291992,25769803776,2147483648,18391416832,765329408
209,1790457461385,4,4,4,4,4,4,4,4,4,4,79.13999938964844,77.18714141845703,76.93761444091797,78.20091247558594,70.27232360839844,79.61679077148438,85.140625,0,0,0,0,0,0,0,0,4.761904716491699,0,16.769193649291992,25769803776,2147483648,18391416832,765329408
203,1790457461595,4,4,4,4,4,4,4,4,4,4,79.13999938964844,77.18714141845703,76.93761444091797,78.20091247558594,70.27232360839844,79.61679077148438,85.140625,0,0,0,0,0,0,0,0,0,0,16.769193649291992,25769803776,2147483648,18391384064,765329408
209,1790457461799,4,4,4,4,4,4,4,4,4,4,79.13999938964844,77.18714141845703,76.93761444091797,78.20091247558594,70.27232360839844,79.61679077148438,85.140625,4.761904716491699,0,0,0,0,0,4.761904716491699,9.523809432983398,0,0,16.769193649291992,25769803776,2147483648,18389581824,765329408
209,1790457462009,4,4,4,4,4,4,4,4,4,4,79.13999938964844,77.18714141845703,76.93761444091797,78.20091247558594,70.27232360839844,79.61679077148438,85.140625,4.761904716491699,4.761904716491699,0,0,0,0,0,5,0,0,16.780210494995117,25769803776,2147483648,18389581824,765329408
209,1790457462219,4,4,4,4,4,4,4,4,4,4,79.13999938964844,77.18714141845703,76.93761444091797,78.20091247558594,70.27232360839844,79.61679077148438,85.140625,0,0,0,0,0,0,0,9.090909004211426,0,0,16.780210494995117,25769803776,2147483648,18389581824,765329408
209,1790457462429,4,4,4,4,4,4,4,4,4,4,79.09030151367188,77.23894500732422,77.05575561523438,78.16960144042969,70.4587173461914,79.59119415283203,83.265625,4.761904716491699,0,0,0,0,0,0,4.761904716491699,0,0,16.780210494995117,25769803776,2147483648,18389581824,765329408
200,1790457462639,4,4,4,4,4,4,4,4,4,4,79.09030151367188,77.23894500732422,77.05575561523438,78.16960144042969,70.4587173461914,79.59119415283203,83.265625,0,0,4.545454502105713,0,0,0,0,4.761904716491699,4.761904716491699,0,16.780210494995117,25769803776,2147483648,18389499904,765329408
202,1790457462839,4,4,4,4,4,4,4,4,4,4,79.09030151367188,77.23894500732422,77.05575561523438,78.16960144042969,70.4587173461914,79.59119415283203,83.265625,5,5,0,0,0,0,10,5,0,0,16.780210494995117,25769803776,2147483648,18389499904,765329408
202,1790457463042,4,4,4,4,4,4,4,4,4,4,79.09030151367188,77.23894500732422,77.05575561523438,78.16960144042969,70.4587173461914,79.59119415283203,83.265625,5,4.761904716491699,0,0,0,0,0,5,0,0,16.761411666870117,25769803776,2147483648,18389499904,765329408
202,1790457463245,4,4,4,4,4,4,4,4,4,4,79.09030151367188,77.23894500732422,77.05575561523438,78.16960144042969,70.4587173461914,79.59119415283203,83.265625,0,0,0,0,0,0,5,0,0,0,16.761411666870117,25769803776,2147483648,18389499904,765329408
209,1790457463448,4,4,4,4,4,4,4,4,4,4,79.04130554199219,77.37677001953125,76.73439025878906,78.12394714355469,69.91925811767578,79.5592269897461,81.5,5,0,0,0,0,0,0,4.761904716491699,0,0,16.761411666870117,25769803776,2147483648,18389499904,765329408
201,1790457463658,4,4,4,4,4,4,4,4,4,4,79.04130554199219,77.37677001953125,76.73439025878906,78.12394714355469,69.91925811767578,79.5592269897461,81.5,0,0,4.761904716491699,0,0,0,9.090909004211426,0,4.761904716491699,0,16.761411666870117,25769803776,2147483648,18388975616,765329408
209,1790457463860,4,4,4,4,4,4,4,4,4,4,79.04130554199219,77.37677001953125,76.73439025878906,78.12394714355469,69.91925811767578,79.5592269897461,81.5,0,0,0,4.761904716491699,0,0,0,4.761904716491699,0,0,16.676313400268555,25769803776,2147483648,18388975616,765329408
209,1790457464070,4,4,4,4,4,4,4,4,4,4,79.04130554199219,77.37677001953125,76.73439025878906,78.12394714355469,69.91925811767578,79.5592269897461,81.5,4.545454502105713,0,0,0,0,0,9.090909004211426,0,0,0,16.676313400268555,25769803776,2147483648,18389106688,765329408
209,1790457464280,4,4,4,4,4,4,4,4,4,4,79.04130554199219,77.37677001953125,76.73439025878906,78.12394714355469,69.91925811767578,79.5592269897461,81.5,0,4.545454502105713,0,0,0,0,0,5,0,0,16.676313400268555,25769803776,2147483648,18389106688,765329408
209,1790457464490,4,4,4,4,4,4,4,4,4,4,79.01204681396484,77.46314239501953,76.76849365234375,78.10639953613281,69.94934844970703,79.51729583740234,81.5,4.545454502105713,0,0,0,0,0,0,9.090909004211426,0,0,16.676313400268555,25769803776,2147483648,18389106688,765329408
209,1790457464700,4,4,4,4,4,4,4,4,4,4,79.01204681396484,77.46314239501953,76.76849365234375,78.10639953613281,69.94934844970703,79.51729583740234,81.5,4.761904716491699,4.761904716491699,4.545454502105713,0,0,0,0,4.761904716491699,0,0,16.676313400268555,25769803776,2147483648,18372788224,765329408
205,1790457464910,4,4,4,4,4,4,4,4,4,4,79.01204681396484,77.46314239501953,76.76849365234375,78.10639953613281,69.94934844970703,79.51729583740234,81.5,4.761904716491699,0,0,0,0,0,0,5,0,0,16.721532821655273,25769803776,2147483648,18372853760,765329408
209,1790457465115,4,4,4,4,4,4,4,4,4,4,79.01204681396484,77.46314239501953,76.76849365234375,78.10639953613281,69.94934844970703,79.51729583740234,81.5,0,0,0,0,0,0,0,0,0,4.761904716491699,16.721532821655273,25769803776,2147483648,18372853760,765329408
209,1790457465325,4,4,4,4,4,4,4,4,4,4,79.01204681396484,77.46314239501953,76.76849365234375,78.10639953613281,69.94934844970703,79.51729583740234,81.5,0,0,0,0,0,0,4.545454502105713,9.090909004211426,0,0,16.721532821655273,25769803776,2147483648,18372853760,765329408
209,1790457465535,4,4,4,4,4,4,4,4,4,4,78.97757720947266,77.07430267333984,76.8454818725586,78.09424591064453,70.13928985595703,79.44827270507813,84.90625,4.545454502105713,4.545454502105713,0,0,0,0,9.523809432983398,0,4.545454502105713,0,16.721532821655273,25769803776,2147483648,18372853760,765329408
209,1790457465746,4,4,4,4,4,4,4,4,4,4,78.97757720947266,77.07430267333984,76.8454818725586,78.09424591064453,70.13928985595703,79.44827270507813,84.90625,4.761904716491699,0,0,0,0,0,0,0,0,0,16.721532821655273,25769803776,2147483648,18372575232,765329408
209,1790457465956,4,4,4,4,4,4,4,4,4,4,78.97757720947266,77.07430267333984,76.8454818725586,78.09424591064453,70.13928985595703,79.44827270507813,84.90625,0,0,0,0,4.545454502105713,0,0,9.090909004211426,4.761904716491699,0,16.565702438354492,25769803776,2147483648,18372526080,765329408
209,1790457466166,4,4,4,4,4,4,4,4,4,4,78.97757720947266,77.07430267333984,76.8454818725586,78.09424591064453,70.13928985595703,79.44827270507813,84.90625,4.761904716491699,0,0,0,0,0,0,4.761904716491699,0,0,16.565702438354492,25769803776,2147483648,18372509696,765329408
209,1790457466376,4,4,4,4,4,4,4,4,4,4,79.0234375,77.10816955566406,76.81879425048828,78.10433959960938,70.10557556152344,79.50605010986328,86.796875,0,0,0,0,0,0,0,4.761904716491699,0,0,16.565702438354492,25769803776,2147483648,18372509696,765329408
204,1790457466586,4,4,4,4,4,4,4,4,4,4,79.0234375,77.10816955566406,76.81879425048828,78.10433959960938,70.10557556152344,79.50605010986328,86.796875,4.761904716491699,0,0,0,0,0,0,9.523809432983398,0,0,16.565702438354492,25769803776,2147483648,18372509696,765329408
209,1790457466791,4,4,4,4,4,4,4,4,4,4,79.0234375,77.10816955566406,76.81879425048828,78.10433959960938,70.10557556152344,79.50605010986328,86.796875,0,0,0,0,0,0,0,0,0,0,16.565702438354492,25769803776,2147483648,18372509696,765329408
209,1790457467001,4,4,4,4,4,4,4,4,4,4,79.0234375,77.10816955566406,76.81879425048828,78.10433959960938,70.10557556152344,79.50605010986328,86.796875,4.761904716491699,4.545454502105713,0,0,0,0,0,9.523809432983398,0,0,16.596534729003906,25769803776,2147483648,18372378624,765329408
203,1790457467211,4,4,4,4,4,4,4,4,4,4,79.0234375,77.10816955566406,76.81879425048828,78.10433959960938,70.10557556152344,79.50605010986328,86.796875,0,4.761904716491699,0,0,0,0,0,4.761904716491699,0,0,16.596534729003906,25769803776,2147483648,18372378624,765329408
209,1790457467415,4,4,4,4,4,4,4,4,4,4,78.93184661865234,77.0127182006836,76.93972778320313,78.03514862060547,70.32884216308594,79.3692855834961,84.796875,4.761904716491699,0,0,0,4.761904716491699,0,0,9.523809432983398,0,0,16.596534729003906,25769803776,2147483648,18372378624,765329408
209,1790457467625,4,4,4,4,4,4,4,4,4,4,78.93184661865234,77.0127182006836,76.93972778320313,78.03514862060547,70.32884216308594,79.3692855834961,84.796875,4.761904716491699,0,0,0,0,0,4.761904716491699,4.761904716491699,4.545454502105713,0,16.596534729003906,25769803776,2147483648,18372378624,765329408
203,1790457467835,4,4,4,4,4,4,4,4,4,4,78.93184661865234,77.0127182006836,76.93972778320313,78.03514862060547,70.32884216308594,79.3692855834961,84.796875,0,0,0,0,0,0,0,9.090909004211426,0,0,16.596534729003906,25769803776,2147483648,18372313088,765329408
202,1790457468039,4,4,4,4,4,4,4,4,4,4,78.93184661865234,77.0127182006836,76.93972778320313,78.03514862060547,70.32884216308594,79.3692855834961,84.796875,0,0,0,4.545454502105713,0,0,5,0,0,0,16.568174362182617,25769803776,2147483648,18372313088,765329408
209,1790457468242,4,4,4,4,4,4,4,4,4,4,78.93184661865234,77.0127182006836,76.93972778320313,78.03514862060547,70.32884216308594,79.3692855834961,84.796875,4.761904716491699,4.761904716491699,0,0,0,0,4.761904716491699,5,0,0,16.568174362182617,25769803776,2147483648,18372313088,765329408
209,1790457468452,4,4,4,4,4,4,4,4,4,4,78.91375732421875,77.04073333740234,76.65381622314453,77.93498992919922,69.8381576538086,79.3323974609375,81.265625,0,0,4.761904716491699,0,0,0,0,5,4.761904716491699,0,16.568174362182617,25769803776,2147483648,18372313088,765329408
209,1790457468662,4,4,4,4,4,4,4,4,4,4,78.91375732421875,77.04073333740234,76.65381622314453,77.93498992919922,69.8381576538086,79.3323974609375,81.265625,4.761904716491699,4.545454502105713,0,0,0,0,0,9.090909004211426,0,0,16.568174362182617,25769803776,2147483648,18372313088,765329408
209,1790457468872,4,4,4,4,4,4,4,4,4,4,78.91375732421875,77.04073333740234,76.65381622314453,77.93498992919922,69.8381576538086,79.3323974609375,81.265625,0,0,0,0,0,0,0,0,0,0,16.48905372619629,25769803776,2147483648,18372673536,765329408
209,1790457469082,4,4,4,4,4,4,4,4,4,4,78.91375732421875,77.04073333740234,76.65381622314453,77.93498992919922,69.8381576538086,79.3323974609375,81.265625,0,0,0,0,0,0,0,4.761904716491699,0,0,16.48905372619629,25769803776,2147483648,18372673536,765329408
205,1790457469292,4,4,4,4,4,4,4,4,4,4,78.91375732421875,77.04073333740234,76.65381622314453,77.93498992919922,69.8381576538086,79.3323974609375,81.265625,8.69565200805664,0,4.545454502105713,0,0,0,0,9.090909004211426,4.761904716491699,0,16.48905372619629,25769803776,2147483648,18372640768,765329408
202,1790457469497,4,4,4,4,4,4,4,4,4,4,78.90457153320313,76.97945404052734,76.82823181152344,77.90461730957031,70.11077880859375,79.30313873291016,81.265625,0,0,0,0,0,0,0,5,0,0,16.48905372619629,25769803776,2147483648,18372640768,765329408
209,1790457469699,4,4,4,4,4,4,4,4,4,4,78.90457153320313,76.97945404052734,76.82823181152344,77.90461730957031,70.11077880859375,79.30313873291016,81.265625,0,0,0,0,0,0,0,0,0,4.761904716491699,16.48905372619629,25769803776,2147483648,18372640768,765329408
209,1790457469909,4,4,4,4,4,4,4,4,4,4,78.90457153320313,76.97945404052734,76.82823181152344,77.90461730957031,70.11077880859375,79.30313873291016,81.265625,4.761904716491699,0,0,0,0,0,0,9.090909004211426,0,0,16.465333938598633,25769803776,2147483648,18372640768,765329408
209,1790457470119,4,4,4,4,4,4,4,4,4,4,78.90457153320313,76.97945404052734,76.82823181152344,77.90461730957031,70.11077880859375,79.30313873291016,81.265625,0,4.761904716491699,0,0,0,0,9.090909004211426,0,0,0,16.465333938598633,25769803776,2147483648,18372526080,765329408
209,1790457470329,4,4,4,4,4,4,4,4,4,4,78.90457153320313,76.97945404052734,76.82823181152344,77.90461730957031,70.11077880859375,79.30313873291016,81.265625,0,0,0,0,0,0,0,4.761904716491699,0,0,16.465333938598633,25769803776,2147483648,18372558848,765329408
209,1790457470539,4,4,4,4,4,4,4,4,4,4,78.85078430175781,76.90119171142578,76.67079162597656,77.87342071533203,69.84390258789063,79.182861328125,85.265625,4.545454502105713,0,0,0,0,0,0,9.090909004211426,0,0,16.465333938598633,25769803776,2147483648,18372558848,765329408
209,1790457470749,4,4,4,4,4,4,4,4,4,4,78.85078430175781,76.90119171142578,76.67079162597656,77.87342071533203,69.84390258789063,79.182861328125,85.265625,0,0,0,0,0,0,0,5,0,0,16.465333938598633,25769803776,2147483648,18372542464,765329408
201,1790457470959,4,4,4,4,4,4,4,4,4,4,78.85078430175781,76.90119171142578,76.67079162597656,77.87342071533203,69.84390258789063,79.182861328125,85.265625,0,0,0,0,0,0,0,4.761904716491699,4.545454502105713,0,16.397480010986328,25769803776,2147483648,18372542464,765329408
209,1790457471161,4,4,4,4,4,4,4,4,4,4,78.85078430175781,76.90119171142578,76.67079162597656,77.87342071533203,69.84390258789063,79.182861328125,85.265625,20,28.571430206298828,0,0,4.761904716491699,0,0,5,0,0,16.397480010986328,25769803776,2147483648,18389057536,765329408
203,1790457471371,4,4,4,4,4,4,4,4,4,4,78.8520736694336,76.97919464111328,76.8104248046875,77.80985260009766,70.08811950683594,79.191650390625,81.265625,76.19047546386719,15.789472579956055,9.090909004211426,0,0,0,0,4.761904716491699,4.761904716491699,0,16.397480010986328,25769803776,2147483648,18392121344,765329408
209,1790457471574,4,4,4,4,4,4,4,4,4,4,78.8520736694336,76.97919464111328,76.8104248046875,77.80985260009766,70.08811950683594,79.191650390625,81.265625,47.619049072265625,57.142860412597656,0,4.761904716491699,0,0,4.761904716491699,9.523809432983398,0,0,16.397480010986328,25769803776,2147483648,18392121344,765329408
209,1790457471784,4,4,4,4,4,4,4,4,4,4,78.8520736694336,76.97919464111328,76.8104248046875,77.80985260009766,70.08811950683594,79.191650390625,81.265625,10,14.285715103149414,0,0,0,0,0,4.761904716491699,0,0,16.397480010986328,25769803776,2147483648,18392121344,765329408
209,1790457471994,4,4,4,4,4,4,4,4,4,4,78.8520736694336,76.97919464111328,76.8104248046875,77.80985260009766,70.08811950683594,79.191650390625,81.265625,4.761904716491699,0,0,0,0,0,0,4.761904716491699,0,4.545454502105713,16.398347854614258,25769803776,2147483648,18389221376,765329408
209,1790457472204,4,4,4,4,4,4,4,4,4,4,78.8520736694336,76.97919464111328,76.8104248046875,77.80985260009766,70.08811950683594,79.191650390625,81.265625,4.545454502105713,0,0,0,0,0,0,5,0,0,16.398347854614258,25769803776,2147483648,18389221376,765329408
209,1790457472415,4,4,4,4,4,4,4,4,4,4,78.93537139892578,77.25648498535156,76.92808532714844,77.96305847167969,70.22238159179688,79.39775848388672,84.4375,0,4.545454502105713,0,0,0,0,9.090909004211426,4.545454502105713,0,0,16.398347854614258,25769803776,2147483648,18389221376,765329408
209,1790457472625,4,4,4,4,4,4,4,4,4,4,78.93537139892578,77.25648498535156,76.92808532714844,77.96305847167969,70.22238159179688,79.39775848388672,84.4375,4.545454502105713,0,0,0,0,0,0,4.761904716491699,0,0,16.398347854614258,25769803776,2147483648,18389221376,765329408
209,1790457472835,4,4,4,4,4,4,4,4,4,4,78.93537139892578,77.25648498535156,76.92808532714844,77.96305847167969,70.22238159179688,79.39775848388672,84.4375,0,4.761904716491699,9.523809432983398,4.761904716491699,4.761904716491699,0,0,5,0,0,16.398347854614258,25769803776,2147483648,18389221376,765329408
209,1790457473045,4,4,4,4,4,4,4,4,4,4,78.93537139892578,77.25648498535156,76.92808532714844,77.96305847167969,70.22238159179688,79.39775848388672,84.4375,4.761904716491699,0,0,0,0,0,0,9.090909004211426,4.761904716491699,0,16.91261863708496,25769803776,2147483648,18390450176,765329408
209,1790457473255,4,4,4,4,4,4,4,4,4,4,78.93537139892578,77.25648498535156,76.92808532714844,77.96305847167969,70.22238159179688,79.39775848388672,84.4375,0,0,0,0,0,0,0,4.761904716491699,0,0,16.91261863708496,25769803776,2147483648,18390450176,765329408
209,1790457473465,4,4,4,4,4,4,4,4,4,4,78.72654724121094,77.04191589355469,76.74855041503906,77.69414520263672,69.94754791259766,79.0617446899414,81.03125,9.090909004211426,4.761904716491699,0,0,0,0,0,5,0,0,16.91261863708496,25769803776,2147483648,18390466560,765329408
205,1790457473675,4,4,4,4,4,4,4,4,4,4,78.72654724121094,77.04191589355469,76.74855041503906,77.69414520263672,69.94754791259766,79.0617446899414,81.03125,0,0,0,0,0,0,0,0,0,0,16.91261863708496,25769803776,2147483648,18390466560,765329408
206,1790457473880,4,4,4,4,4,4,4,4,4,4,78.72654724121094,77.04191589355469,76.74855041503906,77.69414520263672,69.94754791259766,79.0617446899414,81.03125,0,0,0,0,0,0,9.090909004211426,0,0,0,15.95129680633545,25769803776,2147483648,18390466560,765329408
209,1790457474087,4,4,4,4,4,4,4,4,4,4,78.72654724121094,77.04191589355469,76.74855041503906,77.69414520263672,69.94754791259766,79.0617446899414,81.03125,4.761904716491699,0,4.761904716491699,0,0,4.545454502105713,0,9.090909004211426,0,0,15.95129680633545,25769803776,2147483648,18390040576,765329408
209,1790457474297,4,4,4,4,4,4,4,4,4,4,78.72654724121094,77.04191589355469,76.74855041503906,77.69414520263672,69.94754791259766,79.0617446899414,81.03125,0,4.761904716491699,0,0,0,0,0,4.761904716491699,4.761904716491699,0,15.95129680633545,25769803776,2147483648,18390204416,765329408
209,1790457474507,4,4,4,4,4,4,4,4,4,4,78.74626922607422,76.94427490234375,76.62203216552734,77.67266845703125,69.76776123046875,79.08631134033203,81.03125,0,0,0,0,0,0,0,9.523809432983398,0,0,15.95129680633545,25769803776,2147483648,18390204416,765329408
209,1790457474717,4,4,4,4,4,4,4,4,4,4,78.74626922607422,76.94427490234375,76.62203216552734,77.67266845703125,69.76776123046875,79.08631134033203,81.03125,4.761904716491699,0,0,0,0,0,0,0,4.545454502105713,0,15.95129680633545,25769803776,2147483648,18390204416,765329408
209,1790457474927,4,4,4,4,4,4,4,4,4,4,78.74626922607422,76.94427490234375,76.62203216552734,77.67266845703125,69.76776123046875,79.08631134033203,81.03125,4.545454502105713,4.545454502105713,0,0,0,0,0,4.761904716491699,0,0,16.255647659301758,25769803776,2147483648,18390204416,765329408
209,1790457475137,4,4,4,4,4,4,4,4,4,4,78.74626922607422,76.94427490234375,76.62203216552734,77.67266845703125,69.76776123046875,79.08631134033203,81.03125,0,0,0,0,0,0,4.545454502105713,9.090909004211426,0,0,16.255647659301758,25769803776,2147483648,18390237184,765329408
209,1790457475347,4,4,4,4,4,4,4,4,4,4,78.78065490722656,76.85415649414063,76.67230987548828,77.73097229003906,69.86444854736328,79.09648132324219,83.96875,4.545454502105713,0,0,0,0,0,0,4.761904716491699,0,0,16.255647659301758,25769803776,2147483648,18390253568,765329408
209,1790457475557,4,4,4,4,4,4,4,4,4,4,78.78065490722656,76.85415649414063,76.67230987548828,77.73097229003906,69.86444854736328,79.09648132324219,83.96875,0,0,4.545454502105713,0,0,0,0,9.523809432983398,0,0,16.255647659301758,25769803776,2147483648,18390253568,765329408
209,1790457475767,4,4,4,4,4,4,4,4,4,4,78.78065490722656,76.85415649414063,76.67230987548828,77.73097229003906,69.86444854736328,79.09648132324219,83.96875,4.545454502105713,0,0,0,0,0,0,0,0,0,16.255647659301758,25769803776,2147483648,18390253568,765329408
209,1790457475977,4,4,4,4,4,4,4,4,4,4,78.78065490722656,76.85415649414063,76.67230987548828,77.73097229003906,69.86444854736328,79.09648132324219,83.96875,0,0,0,0,0,0,0,9.090909004211426,0,0,16.434213638305664,25769803776,2147483648,18390253568,765329408
204,1790457476187,4,4,4,4,4,4,4,4,4,4,78.78065490722656,76.85415649414063,76.67230987548828,77.73097229003906,69.86444854736328,79.09648132324219,83.96875,4.761904716491699,4.545454502105713,0,4.761904716491699,0,0,0,5,4.761904716491699,0,16.434213638305664,25769803776,2147483648,18390302720,765329408
209,1790457476392,4,4,4,4,4,4,4,4,4,4,78.72172546386719,76.8678970336914,76.75464630126953,77.68177032470703,69.98924255371094,79.03936004638672,82.5625,0,0,0,0,0,0,4.761904716491699,4.761904716491699,0,0,16.434213638305664,25769803776,2147483648,18390302720,765329408
209,1790457476602,4,4,4,4,4,4,4,4,4,4,78.72172546386719,76.8678970336914,76.75464630126953,77.68177032470703,69.98924255371094,79.03936004638672,82.5625,0,4.545454502105713,0,0,0,0,0,9.523809432983398,0,0,16.434213638305664,25769803776,2147483648,18390188032,765329408
209,1790457476812,4,4,4,4,4,4,4,4,4,4,78.72172546386719,76.8678970336914,76.75464630126953,77.68177032470703,69.98924255371094,79.03936004638672,82.5625,9.090909004211426,0,0,0,0,0,4.545454502105713,4.761904716491699,0,0,16.434213638305664,25769803776,2147483648,18390188032,765329408
209,1790457477022,4,4,4,4,4,4,4,4,4,4,78.72172546386719,76.8678970336914,76.75464630126953,77.68177032470703,69.98924255371094,79.03936004638672,82.5625,4.761904716491699,4.545454502105713,4.761904716491699,0,0,0,0,9.090909004211426,0,0,16.348316192626953,25769803776,2147483648,18390188032,765329408
209,1790457477232,4,4,4,4,4,4,4,4,4,4,78.72172546386719,76.8678970336914,76.75464630126953,77.68177032470703,69.98924255371094,79.03936004638672,82.5625,4.545454502105713,0,0,0,0,0,0,0,0,0,16.348316192626953,25769803776,2147483648,18390122496,765329408
209,1790457477442,4,4,4,4,4,4,4,4,4,4,78.66432189941406,76.79127502441406,76.60701751708984,77.65776062011719,69.81311798095703,78.98362731933594,81.625,0,0,0,0,0,0,0,9.090909004211426,0,0,16.348316192626953,25769803776,2147483648,18390122496,765329408
209,1790457477652,4,4,4,4,4,4,4,4,4,4,78.66432189941406,76.79127502441406,76.60701751708984,77.65776062011719,69.81311798095703,78.98362731933594,81.625,0,0,0,0,0,0,0,4.761904716491699,4.545454502105713,0,16.348316192626953,25769803776,2147483648,18390122496,765329408
209,1790457477862,4,4,4,4,4,4,4,4,4,4,78.66432189941406,76.79127502441406,76.60701751708984,77.65776062011719,69.81311798095703,78.98362731933594,81.625,4.761904716491699,0,0,0,0,0,0,9.090909004211426,0,0,16.262983322143555,25769803776,2147483648,18390482944,765329408
206,1790457478072,4,4,4,4,4,4,4,4,4,4,78.66432189941406,76.79127502441406,76.60701751708984,77.65776062011719,69.81311798095703,78.98362731933594,81.625,0,4.545454502105713,0,0,4.545454502105713,0,0,5,0,0,16.262983322143555,25769803776,2147483648,18390482944,765329408
209,1790457478279,4,4,4,4,4,4,4,4,4,4,78.66432189941406,76.79127502441406,76.60701751708984,77.65776062011719,69.81311798095703,78.98362731933594,81.625,4.761904716491699,4.545454502105713,0,0,0,0,5,0,0,0,16.262983322143555,25769803776,2147483648,18392006656,765329408
203,1790457478489,4,4,4,4,4,4,4,4,4,4,78.62444305419922,76.88396453857422,76.60177612304688,77.62510681152344,69.78033447265625,78.94367218017578,80.90625,0,0,0,0,0,0,4.545454502105713,4.761904716491699,4.545454502105713,0,16.262983322143555,25769803776,2147483648,18391760896,765329408
202,1790457478693,4,4,4,4,4,4,4,4,4,4,78.62444305419922,76.88396453857422,76.60177612304688,77.62510681152344,69.78033447265625,78.94367218017578,80.90625,0,0,0,0,0,0,0,5,0,0,16.262983322143555,25769803776,2147483648,18389975040,765329408
209,1790457478896,4,4,4,4,4,4,4,4,4,4,78.62444305419922,76.88396453857422,76.60177612304688,77.62510681152344,69.78033447265625,78.94367218017578,80.90625,4.761904716491699,0,0,0,0,0,0,5,0,0,16.255779266357422,25769803776,2147483648,18389975040,765329408
209,1790457479106,4,4,4,4,4,4,4,4,4,4,78.62444305419922,76.88396453857422,76.60177612304688,77.62510681152344,69.78033447265625,78.94367218017578,80.90625,0,0,4.545454502105713,0,0,0,0,0,0,0,16.255779266357422,25769803776,2147483648,18389975040,765329408
209,1790457479316,4,4,4,4,4,4,4,4,4,4,78.62444305419922,76.88396453857422,76.60177612304688,77.62510681152344,69.78033447265625,78.94367218017578,80.90625,9.090909004211426,0,4.761904716491699,0,0,0,4.545454502105713,9.090909004211426,0,0,16.255779266357422,25769803776,2147483648,18389925888,765329408
209,1790457479526,4,4,4,4,4,4,4,4,4,4,78.5748291015625,76.75609588623047,76.5255126953125,77.59827423095703,69.65765380859375,78.87715148925781,81.03125,0,31.81818199157715,0,0,0,0,0,4.761904716491699,0,0,16.255779266357422,25769803776,2147483648,18389942272,765329408
209,1790457479736,4,4,4,4,4,4,4,4,4,4,78.5748291015625,76.75609588623047,76.5255126953125,77.59827423095703,69.65765380859375,78.87715148925781,81.03125,4.545454502105713,40,0,0,0,0,0,9.523809432983398,0,0,16.255779266357422,25769803776,2147483648,18389909504,765329408
209,1790457479946,4,4,4,4,4,4,4,4,4,4,78.5748291015625,76.75609588623047,76.5255126953125,77.59827423095703,69.65765380859375,78.87715148925781,81.03125,0,0,0,0,0,0,0,4.761904716491699,0,0,16.168807983398438,25769803776,2147483648,18389794816,765329408
209,1790457480156,4,4,4,4,4,4,4,4,4,4,78.5748291015625,76.75609588623047,76.5255126953125,77.59827423095703,69.65765380859375,78.87715148925781,81.03125,4.761904716491699,0,0,0,0,0,0,9.090909004211426,0,0,16.168807983398438,25769803776,2147483648,18389991424,765329408
209,1790457480366,4,4,4,4,4,4,4,4,4,4,78.59786987304688,76.74652862548828,76.65272521972656,77.59056854248047,69.89353942871094,78.91324615478516,80.796875,0,0,0,4.545454502105713,0,0,0,4.761904716491699,0,0,16.168807983398438,25769803776,2147483648,18389942272,765329408
209,1790457480576,4,4,4,4,4,4,4,4,4,4,78.59786987304688,76.74652862548828,76.65272521972656,77.59056854248047,69.89353942871094,78.91324615478516,80.796875,0,0,0,0,0,0,4.761904716491699,0,4.545454502105713,0,16.168807983398438,25769803776,2147483648,18389958656,765329408
209,1790457480786,4,4,4,4,4,4,4,4,4,4,78.59786987304688,76.74652862548828,76.65272521972656,77.59056854248047,69.89353942871094,78.91324615478516,80.796875,4.545454502105713,4.545454502105713,0,0,0,0,0,9.090909004211426,0,0,16.168807983398438,25769803776,2147483648,18389975040,765329408
209,1790457480996,4,4,4,4,4,4,4,4,4,4,78.59786987304688,76.74652862548828,76.65272521972656,77.59056854248047,69.89353942871094,78.91324615478516,80.796875,0,4.545454502105713,0,0,0,0,0,4.761904716491699,4.761904716491699,0,16.31117820739746,25769803776,2147483648,18389975040,765329408
209,1790457481206,4,4,4,4,4,4,4,4,4,4,78.59786987304688,76.74652862548828,76.65272521972656,77.59056854248047,69.89353942871094,78.91324615478516,80.796875,0,0,0,0,0,0,0,9.090909004211426,0,0,16.31117820739746,25769803776,2147483648,18389991424,765329408
209,1790457481416,4,4,4,4,4,4,4,4,4,4,78.56886291503906,76.6154556274414,76.41326141357422,77.54979705810547,69.53720092773438,78.85482025146484,83.03125,9.090909004211426,0,0,0,0,0,4.545454502105713,0,0,0,16.31117820739746,25769803776,2147483648,18373967872,765329408
206,1790457481626,4,4,4,4,4,4,4,4,4,4,78.56886291503906,76.6154556274414,76.41326141357422,77.54979705810547,69.53720092773438,78.85482025146484,83.03125,0,0,0,0,0,0,0,9.523809432983398,0,0,16.31117820739746,25769803776,2147483648,18374131712,765329408
209,1790457481833,4,4,4,4,4,4,4,4,4,4,78.56886291503906,76.6154556274414,76.41326141357422,77.54979705810547,69.53720092773438,78.85482025146484,83.03125,0,0,0,0,0,0,0,4.761904716491699,4.761904716491699,0,16.31117820739746,25769803776,2147483648,18374082560,765329408
209,1790457482043,4,4,4,4,4,4,4,4,4,4,78.56886291503906,76.6154556274414,76.41326141357422,77.54979705810547,69.53720092773438,78.85482025146484,83.03125,18.18181800842285,10,9.090909004211426,4.545454502105713,0,0,4.761904716491699,15.000000953674316,0,0,16.11197853088379,25769803776,2147483648,18374082560,765329408
209,1790457482253,4,4,4,4,4,4,4,4,4,4,78.56886291503906,76.6154556274414,76.41326141357422,77.54979705810547,69.53720092773438,78.85482025146484,83.03125,15.000000953674316,9.523809432983398,5,0,4.545454502105713,0,0,9.090909004211426,0,0,16.11197853088379,25769803776,2147483648,18374082560,765329408
204,1790457482463,4,4,4,4,4,4,4,4,4,4,78.58687591552734,76.73658752441406,76.63390350341797,77.51795959472656,69.90126037597656,78.87805938720703,82.796875,14.285715103149414,9.523809432983398,9.090909004211426,0,0,0,0,4.761904716491699,0,4.545454502105713,16.11197853088379,25769803776,2147483648,18411175936,765329408
209,1790457482668,4,4,4,4,4,4,4,4,4,4,78.58687591552734,76.73658752441406,76.63390350341797,77.51795959472656,69.90126037597656,78.87805938720703,82.796875,15.000000953674316,9.523809432983398,0,0,0,0,0,0,0,0,16.11197853088379,25769803776,2147483648,18413355008,765329408
209,1790457482878,4,4,4,4,4,4,4,4,4,4,78.58687591552734,76.73658752441406,76.63390350341797,77.51795959472656,69.90126037597656,78.87805938720703,82.796875,14.285715103149414,4.761904716491699,9.523809432983398,0,0,0,0,0,9.090909004211426,0,16.15187644958496,25769803776,2147483648,18411274240,765329408
200,1790457483088,4,4,4,4,4,4,4,4,4,4,78.58687591552734,76.73658752441406,76.63390350341797,77.51795959472656,69.90126037597656,78.87805938720703,82.796875,5,4.761904716491699,0,0,0,0,4.761904716491699,0,0,0,16.15187644958496,25769803776,2147483648,18411028480,765329408
209,1790457483288,4,4,4,4,4,4,4,4,4,4,78.58687591552734,76.73658752441406,76.63390350341797,77.51795959472656,69.90126037597656,78.87805938720703,82.796875,9.523809432983398,0,0,0,0,0,5,10,0,0,16.15187644958496,25769803776,2147483648,18411028480,765329408
209,1790457483498,4,4,4,4,4,4,4,4,4,4,78.1892318725586,76.20511627197266,75.81053924560547,76.79655456542969,68.82601928710938,78.28169250488281,81.265625,0,0,0,0,0,0,0,4.761904716491699,4.545454502105713,4.545454502105713,16.15187644958496,25769803776,2147483648,18411307008,765329408
209,1790457483708,4,4,4,4,4,4,4,4,4,4,78.1892318725586,76.20511627197266,75.81053924560547,76.79655456542969,68.82601928710938,78.28169250488281,81.265625,4.761904716491699,0,0,4.545454502105713,4.545454502105713,0,4.545454502105713,9.090909004211426,0,0,16.15187644958496,25769803776,2147483648,18411012096,765329408
209,1790457483918,4,4,4,4,4,4,4,4,4,4,78.1892318725586,76.20511627197266,75.81053924560547,76.79655456542969,68.82601928710938,78.28169250488281,81.265625,0,4.545454502105713,0,0,0,0,0,0,0,0,14.361895561218262,25769803776,2147483648,18411012096,765329408
209,1790457484128,4,4,4,4,4,4,4,4,4,4,78.1892318725586,76.20511627197266,75.81053924560547,76.79655456542969,68.82601928710938,78.28169250488281,81.265625,4.761904716491699,0,0,4.761904716491699,0,0,0,0,0,0,14.361895561218262,25769803776,2147483648,18410782720,765329408
209,1790457484338,4,4,4,4,4,4,4,4,4,4,78.1892318725586,76.20511627197266,75.81053924560547,76.79655456542969,68.82601928710938,78.28169250488281,81.265625,0,4.761904716491699,4.545454502105713,0,0,0,4.545454502105713,4.761904716491699,0,0,14.361895561218262,25769803776,2147483648,18383355904,765329408
209,1790457484548,4,4,4,4,4,4,4,4,4,4,78.68446350097656,76.57389068603516,76.18476867675781,77.58343505859375,69.2719955444336,78.9416732788086,83.734375,0,4.545454502105713,0,0,0,4.545454502105713,4.545454502105713,9.523809432983398,0,0,14.361895561218262,25769803776,2147483648,18383405056,765329408
207,1790457484758,4,4,4,4,4,4,4,4,4,4,78.68446350097656,76.57389068603516,76.18476867675781,77.58343505859375,69.2719955444336,78.9416732788086,83.734375,4.761904716491699,0,0,0,0,0,0,4.761904716491699,0,0,14.361895561218262,25769803776,2147483648,18383355904,765329408
209,1790457484966,4,4,4,4,4,4,4,4,4,4,78.68446350097656,76.57389068603516,76.18476867675781,77.58343505859375,69.2719955444336,78.9416732788086,83.734375,0,0,4.761904716491699,0,0,0,0,9.090909004211426,0,0,17.00205421447754,25769803776,2147483648,18384011264,765329408
203,1790457485176,4,4,4,4,4,4,4,4,4,4,78.68446350097656,76.57389068603516,76.18476867675781,77.58343505859375,69.2719955444336,78.9416732788086,83.734375,4.545454502105713,0,0,0,0,0,0,5,4.761904716491699,0,17.00205421447754,25769803776,2147483648,18384011264,765329408
209,1790457485379,4,4,4,4,4,4,4,4,4,4,78.77217102050781,76.65922546386719,76.5303955078125,77.69271087646484,69.77860260009766,79.09618377685547,81.265625,4.761904716491699,0,0,0,0,0,0,0,0,0,17.00205421447754,25769803776,2147483648,18384011264,765329408
209,1790457485589,4,4,4,4,4,4,4,4,4,4,78.77217102050781,76.65922546386719,76.5303955078125,77.69271087646484,69.77860260009766,79.09618377685547,81.265625,0,0,0,0,0,0,0,9.090909004211426,4.545454502105713,0,17.00205421447754,25769803776,2147483648,18384027648,765329408
209,1790457485799,4,4,4,4,4,4,4,4,4,4,78.77217102050781,76.65922546386719,76.5303955078125,77.69271087646484,69.77860260009766,79.09618377685547,81.265625,4.761904716491699,4.545454502105713,0,0,0,0,0,4.761904716491699,0,0,17.00205421447754,25769803776,2147483648,18383994880,765329408
209,1790457486009,4,4,4,4,4,4,4,4,4,4,78.77217102050781,76.65922546386719,76.5303955078125,77.69271087646484,69.77860260009766,79.09618377685547,81.265625,0,0,0,0,0,0,0,9.090909004211426,0,0,17.34515380859375,25769803776,2147483648,18383994880,765329408
209,1790457486219,4,4,4,4,4,4,4,4,4,4,78.77217102050781,76.65922546386719,76.5303955078125,77.69271087646484,69.77860260009766,79.09618377685547,81.265625,0,0,0,0,0,0,0,5,0,0,17.34515380859375,25769803776,2147483648,18383994880,765329408
209,1790457486429,4,4,4,4,4,4,4,4,4,4,78.40986633300781,76.51704406738281,76.28561401367188,77.37651062011719,69.4396743774414,78.68220520019531,85.734375,9.090909004211426,4.545454502105713,0,0,0,0,4.761904716491699,4.761904716491699,0,0,17.34515380859375,25769803776,2147483648,18383994880,765329408
209,1790457486639,4,4,4,4,4,4,4,4,4,4,78.40986633300781,76.51704406738281,76.28561401367188,77.37651062011719,69.4396743774414,78.68220520019531,85.734375,9.523809432983398,0,4.761904716491699,0,0,0,0,9.090909004211426,0,0,17.34515380859375,25769803776,2147483648,18383863808,765329408
209,1790457486849,4,4,4,4,4,4,4,4,4,4,78.40986633300781,76.51704406738281,76.28561401367188,77.37651062011719,69.4396743774414,78.68220520019531,85.734375,0,4.545454502105713,0,0,0,0,4.545454502105713,0,0,0,17.34515380859375,25769803776,2147483648,18385600512,765329408
205,1790457487059,4,4,4,4,4,4,4,4,4,4,78.40986633300781,76.51704406738281,76.28561401367188,77.37651062011719,69.4396743774414,78.68220520019531,85.734375,4.545454502105713,0,0,0,0,0,0,0,4.545454502105713,0,15.87508773803711,25769803776,2147483648,18383814656,765329408
9,1790457487265,4,4,4,4,4,4,4,4,4,4,78.40986633300781,76.51704406738281,76.28561401367188,77.37651062011719,69.4396743774414,78.68220520019531,85.734375,15.789472579956055,0,4.761904716491699,0,0,0,10,9.523809432983398,15.000000953674316,20,15.87508773803711,25769803776,2147483648,17579032576,765329408
