Delta,Time,CPU_FREQUENCY_0,CPU_FREQUENCY_1,CPU_FREQUENCY_2,CPU_FREQUENCY_3,CPU_FREQUENCY_4,CPU_FREQUENCY_5,CPU_FREQUENCY_6,CPU_FREQUENCY_7,CPU_FREQUENCY_8,CPU_FREQUENCY_9,CPU_TEMP_0,CPU_TEMP_1,CPU_TEMP_2,CPU_TEMP_3,CPU_TEMP_4,CPU_TEMP_5,CPU_TEMP_6,CPU_USAGE_0,CPU_USAGE_1,CPU_USAGE_2,CPU_USAGE_3,CPU_USAGE_4,CPU_USAGE_5,CPU_USAGE_6,CPU_USAGE_7,CPU_USAGE_8,CPU_USAGE_9,SYSTEM_POWER (Watts),TOTAL_MEMORY,TOTAL_SWAP,USED_MEMORY,USED_SWAP
0,1790713673238,4,4,4,4,4,4,4,4,4,4,58.65190124511719,59.367671966552734,59.097145080566406,58.992576599121094,52.177284240722656,59.32017135620117,66.765625,0,0,0,0,0,0,0,0,0,0,2.168548583984375,25769803776,0,15760539648,0
200,1790713673238,4,4,4,4,4,4,4,4,4,4,58.65190124511719,59.367671966552734,59.097145080566406,58.992576599121094,52.177284240722656,59.32017135620117,66.765625,100,NaN,0,0,0,0,NaN,0,0,0,2.168548583984375,25769803776,0,15761801216,0
200,1790713673439,4,4,4,4,4,4,4,4,4,4,58.65190124511719,59.367671966552734,59.097145080566406,58.992576599121094,52.177284240722656,59.32017135620117,66.765625,20,14.285715103149414,5,0,4.761904716491699,0,38.095237731933594,15.000000953674316,10,0,2.2147886753082275,25769803776,0,16004022272,0
204,1790713673639,4,4,4,4,4,4,4,4,4,4,58.65190124511719,59.367671966552734,59.097145080566406,58.992576599121094,52.177284240722656,59.32017135620117,66.765625,5,5,5,4.761904716491699,0,0,0,5,0,0,2.2147886753082275,25769803776,0,15991078912,0
201,1790713673844,4,4,4,4,4,4,4,4,4,4,61.49443817138672,61.32340621948242,60.95094299316406,60.84546661376953,54.2315673828125,62.05618667602539,67.53125,5,5,4.761904716491699,4.545454502105713,0,0,0,9.523809432983398,0,0,2.2147886753082275,25769803776,0,15991078912,0
204,1790713674046,4,4,4,4,4,4,4,4,4,4,61.49443817138672,61.32340621948242,60.95094299316406,60.84546661376953,54.2315673828125,62.05618667602539,67.53125,4.761904716491699,0,0,0,0,0,5,0,4.761904716491699,0,2.2147886753082275,25769803776,0,15990751232,0
200,1790713674251,4,4,4,4,4,4,4,4,4,4,61.49443817138672,61.32340621948242,60.95094299316406,60.84546661376953,54.2315673828125,62.05618667602539,67.53125,4.761904716491699,9.090909004211426,0,0,0,0,9.523809432983398,0,0,0,2.2147886753082275,25769803776,0,15990849536,0
204,1790713674451,4,4,4,4,4,4,4,4,4,4,61.49443817138672,61.32340621948242,60.95094299316406,60.84546661376953,54.2315673828125,62.05618667602539,67.53125,10.526315689086914,5.263157844543457,9.523809432983398,0,0,0,0,10,0,0,1.9975624084472656,25769803776,0,15981592576,0
202,1790713674656,4,4,4,4,4,4,4,4,4,4,61.49443817138672,61.32340621948242,60.95094299316406,60.84546661376953,54.2315673828125,62.05618667602539,67.53125,33.333335876464844,28.571430206298828,0,9.523809432983398,0,0,0,4.761904716491699,0,0,1.9975624084472656,25769803776,0,15981592576,0
204,1790713674859,4,4,4,4,4,4,4,4,4,4,69.28490447998047,64.81244659423828,64.23587799072266,67.09214782714844,57.63216781616211,68.8172836303711,71.5625,0,5,9.090909004211426,4.761904716491699,0,0,0,10,0,0,1.9975624084472656,25769803776,0,15981592576,0
204,1790713675063,4,4,4,4,4,4,4,4,4,4,69.28490447998047,64.81244659423828,64.23587799072266,67.09214782714844,57.63216781616211,68.8172836303711,71.5625,0,0,0,0,0,0,0,0,0,0,1.9975624084472656,25769803776,0,15993716736,0
203,1790713675269,4,4,4,4,4,4,4,4,4,4,69.28490447998047,64.81244659423828,64.23587799072266,67.09214782714844,57.63216781616211,68.8172836303711,71.5625,4.761904716491699,0,0,0,0,0,4.761904716491699,4.761904716491699,0,0,1.9975624084472656,25769803776,0,15994126336,0
200,1790713675472,4,4,4,4,4,4,4,4,4,4,69.28490447998047,64.81244659423828,64.23587799072266,67.09214782714844,57.63216781616211,68.8172836303711,71.5625,0,4.761904716491699,0,0,0,0,0,9.523809432983398,0,0,13.727863311767578,25769803776,0,15981461504,0
200,1790713675672,4,4,4,4,4,4,4,4,4,4,69.28490447998047,64.81244659423828,64.23587799072266,67.09214782714844,57.63216781616211,68.8172836303711,71.5625,10,0,0,5,0,0,0,0,0,5,13.727863311767578,25769803776,0,15981346816,0
204,1790713675873,4,4,4,4,4,4,4,4,4,4,72.79862213134766,67.3591537475586,66.9634780883789,70.36888122558594,60.34430694580078,71.9559555053711,86.796875,0,0,0,0,0,0,9.523809432983398,0,0,0,13.727863311767578,25769803776,0,15981395968,0
202,1790713676078,4,4,4,4,4,4,4,4,4,4,72.79862213134766,67.3591537475586,66.9634780883789,70.36888122558594,60.34430694580078,71.9559555053711,86.796875,4.761904716491699,0,0,0,0,0,0,9.523809432983398,4.545454502105713,0,13.727863311767578,25769803776,0,15981395968,0
204,1790713676281,4,4,4,4,4,4,4,4,4,4,72.79862213134766,67.3591537475586,66.9634780883789,70.36888122558594,60.34430694580078,71.9559555053711,86.796875,0,0,4.761904716491699,0,0,0,0,0,0,0,13.727863311767578,25769803776,0,15981379584,0
204,1790713676486,4,4,4,4,4,4,4,4,4,4,72.79862213134766,67.3591537475586,66.9634780883789,70.36888122558594,60.34430694580078,71.9559555053711,86.796875,4.761904716491699,9.090909004211426,0,0,0,0,0,5,0,0,23.075572967529297,25769803776,0,15981510656,0
204,1790713676691,4,4,4,4,4,4,4,4,4,4,72.79862213134766,67.3591537475586,66.9634780883789,70.36888122558594,60.34430694580078,71.9559555053711,86.796875,4.761904716491699,0,0,0,0,0,0,9.523809432983398,0,0,23.075572967529297,25769803776,0,15981428736,0
204,1790713676896,4,4,4,4,4,4,4,4,4,4,74.85054779052734,69.22857666015625,69.01241302490234,72.32955932617188,62.18865203857422,74.00353240966797,80.5625,5,0,4.761904716491699,0,0,0,0,5,0,0,23.075572967529297,25769803776,0,15981445120,0
200,1790713677101,4,4,4,4,4,4,4,4,4,4,74.85054779052734,69.22857666015625,69.01241302490234,72.32955932617188,62.18865203857422,74.00353240966797,80.5625,0,0,0,0,0,0,4.761904716491699,9.523809432983398,0,0,23.075572967529297,25769803776,0,15981461504,0
204,1790713677301,4,4,4,4,4,4,4,4,4,4,74.85054779052734,69.22857666015625,69.01241302490234,72.32955932617188,62.18865203857422,74.00353240966797,80.5625,9.523809432983398,5,0,4.761904716491699,9.090909004211426,0,4.761904716491699,5,4.761904716491699,0,23.144943237304688,25769803776,0,15981608960,0
204,1790713677506,4,4,4,4,4,4,4,4,4,4,74.85054779052734,69.22857666015625,69.01241302490234,72.32955932617188,62.18865203857422,74.00353240966797,80.5625,0,4.761904716491699,0,0,0,0,0,5,0,0,23.144943237304688,25769803776,0,15981608960,0
204,1790713677711,4,4,4,4,4,4,4,4,4,4,74.85054779052734,69.22857666015625,69.01241302490234,72.32955932617188,62.18865203857422,74.00353240966797,80.5625,0,0,9.090909004211426,0,0,0,0,4.761904716491699,0,0,23.144943237304688,25769803776,0,15981608960,0
204,1790713677916,4,4,4,4,4,4,4,4,4,4,76.39691162109375,70.88981628417969,70.73757934570313,73.84953308105469,63.99718475341797,75.64385223388672,77.484375,4.761904716491699,0,0,0,0,4.761904716491699,0,5,4.761904716491699,0,23.144943237304688,25769803776,0,15981608960,0
204,1790713678121,4,4,4,4,4,4,4,4,4,4,76.39691162109375,70.88981628417969,70.73757934570313,73.84953308105469,63.99718475341797,75.64385223388672,77.484375,5,4.761904716491699,0,0,0,0,0,9.523809432983398,0,0,23.144943237304688,25769803776,0,15981248512,0
204,1790713678326,4,4,4,4,4,4,4,4,4,4,76.39691162109375,70.88981628417969,70.73757934570313,73.84953308105469,63.99718475341797,75.64385223388672,77.484375,4.761904716491699,5,0,0,0,0,4.761904716491699,5,0,0,23.304914474487305,25769803776,0,15981510656,0
203,1790713678531,4,4,4,4,4,4,4,4,4,4,76.39691162109375,70.88981628417969,70.73757934570313,73.84953308105469,63.99718475341797,75.64385223388672,77.484375,0,0,0,0,0,0,0,4.761904716491699,0,0,23.304914474487305,25769803776,0,15983116288,0
204,1790713678735,4,4,4,4,4,4,4,4,4,4,76.39691162109375,70.88981628417969,70.73757934570313,73.84953308105469,63.99718475341797,75.64385223388672,77.484375,4.761904716491699,0,0,0,0,0,0,5,0,0,23.304914474487305,25769803776,0,15981658112,0
202,1790713678940,4,4,4,4,4,4,4,4,4,4,77.65678405761719,72.34198760986328,71.98845672607422,75.30245971679688,65.10015106201172,77.15921783447266,78.671875,4.761904716491699,4.545454502105713,0,0,0,0,9.523809432983398,0,0,0,23.304914474487305,25769803776,0,15981592576,0
204,1790713679142,4,4,4,4,4,4,4,4,4,4,77.65678405761719,72.34198760986328,71.98845672607422,75.30245971679688,65.10015106201172,77.15921783447266,78.671875,0,0,0,0,0,0,0,9.090909004211426,0,0,23.304914474487305,25769803776,0,15981576192,0
204,1790713679347,4,4,4,4,4,4,4,4,4,4,77.65678405761719,72.34198760986328,71.98845672607422,75.30245971679688,65.10015106201172,77.15921783447266,78.671875,4.761904716491699,4.761904716491699,0,0,0,0,0,5,0,0,23.380033493041992,25769803776,0,15981510656,0
204,1790713679552,4,4,4,4,4,4,4,4,4,4,77.65678405761719,72.34198760986328,71.98845672607422,75.30245971679688,65.10015106201172,77.15921783447266,78.671875,0,0,4.761904716491699,0,0,0,0,5,0,0,23.380033493041992,25769803776,0,15981527040,0
204,1790713679757,4,4,4,4,4,4,4,4,4,4,77.65678405761719,72.34198760986328,71.98845672607422,75.30245971679688,65.10015106201172,77.15921783447266,78.671875,4.761904716491699,0,5,4.761904716491699,0,0,0,5,4.545454502105713,0,23.380033493041992,25769803776,0,15994585088,0
204,1790713679962,4,4,4,4,4,4,4,4,4,4,78.46846771240234,73.3441390991211,73.05883026123047,76.51811218261719,66.24807739257813,78.46745300292969,84.796875,0,0,0,0,0,0,0,5,0,0,23.380033493041992,25769803776,0,15993094144,0
204,1790713680167,4,4,4,4,4,4,4,4,4,4,78.46846771240234,73.3441390991211,73.05883026123047,76.51811218261719,66.24807739257813,78.46745300292969,84.796875,4.761904716491699,4.761904716491699,0,0,0,0,0,9.090909004211426,0,0,23.380033493041992,25769803776,0,15980363776,0
204,1790713680372,4,4,4,4,4,4,4,4,4,4,78.46846771240234,73.3441390991211,73.05883026123047,76.51811218261719,66.24807739257813,78.46745300292969,84.796875,4.761904716491699,0,0,4.761904716491699,0,0,0,5,0,0,23.552349090576172,25769803776,0,15980363776,0
204,1790713680577,4,4,4,4,4,4,4,4,4,4,78.46846771240234,73.3441390991211,73.05883026123047,76.51811218261719,66.24807739257813,78.46745300292969,84.796875,0,4.761904716491699,9.090909004211426,0,0,0,4.545454502105713,5,4.761904716491699,0,23.552349090576172,25769803776,0,15980314624,0
204,1790713680782,4,4,4,4,4,4,4,4,4,4,78.46846771240234,73.3441390991211,73.05883026123047,76.51811218261719,66.24807739257813,78.46745300292969,84.796875,0,0,0,0,0,0,4.761904716491699,9.523809432983398,0,4.761904716491699,23.552349090576172,25769803776,0,15980314624,0
204,1790713680987,4,4,4,4,4,4,4,4,4,4,79.40081024169922,74.4307632446289,74.22191619873047,77.59941101074219,67.4828872680664,79.49402618408203,86.203125,4.761904716491699,0,0,0,0,0,0,0,4.761904716491699,0,23.552349090576172,25769803776,0,15980314624,0
204,1790713681192,4,4,4,4,4,4,4,4,4,4,79.40081024169922,74.4307632446289,74.22191619873047,77.59941101074219,67.4828872680664,79.49402618408203,86.203125,0,0,0,0,0,0,0,0,0,0,23.552349090576172,25769803776,0,15980331008,0
204,1790713681397,4,4,4,4,4,4,4,4,4,4,79.40081024169922,74.4307632446289,74.22191619873047,77.59941101074219,67.4828872680664,79.49402618408203,86.203125,9.090909004211426,0,0,0,0,0,4.761904716491699,9.523809432983398,0,0,23.63846206665039,25769803776,0,15980331008,0
204,1790713681602,4,4,4,4,4,4,4,4,4,4,79.40081024169922,74.4307632446289,74.22191619873047,77.59941101074219,67.4828872680664,79.49402618408203,86.203125,0,4.761904716491699,0,0,0,0,0,5,0,0,23.63846206665039,25769803776,0,15973711872,0
204,1790713681807,4,4,4,4,4,4,4,4,4,4,80.60782623291016,75.4323959350586,74.90885925292969,78.5250473022461,68.2654037475586,80.42906188964844,81.5,4.761904716491699,0,0,0,0,0,0,9.090909004211426,0,0,23.63846206665039,25769803776,0,15973810176,0
204,1790713682012,4,4,4,4,4,4,4,4,4,4,80.60782623291016,75.4323959350586,74.90885925292969,78.5250473022461,68.2654037475586,80.42906188964844,81.5,5,4.761904716491699,4.761904716491699,0,0,0,4.545454502105713,5,0,0,23.63846206665039,25769803776,0,15973842944,0
202,1790713682217,4,4,4,4,4,4,4,4,4,4,80.60782623291016,75.4323959350586,74.90885925292969,78.5250473022461,68.2654037475586,80.42906188964844,81.5,0,0,4.761904716491699,0,0,0,0,0,4.545454502105713,0,23.63846206665039,25769803776,0,15975628800,0
200,1790713682420,4,4,4,4,4,4,4,4,4,4,80.60782623291016,75.4323959350586,74.90885925292969,78.5250473022461,68.2654037475586,80.42906188964844,81.5,0,0,0,0,0,0,0,5,0,0,23.6615047454834,25769803776,0,15973941248,0
199,1790713682620,4,4,4,4,4,4,4,4,4,4,80.60782623291016,75.4323959350586,74.90885925292969,78.5250473022461,68.2654037475586,80.42906188964844,81.5,4.761904716491699,4.761904716491699,0,0,0,0,5,5,0,0,23.6615047454834,25769803776,0,15973941248,0
204,1790713682820,4,4,4,4,4,4,4,4,4,4,81.609619140625,76.29961395263672,75.85821533203125,79.2179183959961,69.18978881835938,81.23106384277344,82.4375,0,0,0,0,0,0,0,9.523809432983398,0,0,23.6615047454834,25769803776,0,15973941248,0
204,1790713683025,4,4,4,4,4,4,4,4,4,4,81.609619140625,76.29961395263672,75.85821533203125,79.2179183959961,69.18978881835938,81.23106384277344,82.4375,9.523809432983398,0,0,0,0,0,0,5,0,0,23.6615047454834,25769803776,0,15973941248,0
204,1790713683230,4,4,4,4,4,4,4,4,4,4,81.609619140625,76.29961395263672,75.85821533203125,79.2179183959961,69.18978881835938,81.23106384277344,82.4375,15.000000953674316,47.619049072265625,0,0,0,0,0,5,0,0,23.6615047454834,25769803776,0,15973826560,0
204,1790713683435,4,4,4,4,4,4,4,4,4,4,81.609619140625,76.29961395263672,75.85821533203125,79.2179183959961,69.18978881835938,81.23106384277344,82.4375,4.761904716491699,0,0,0,0,0,0,9.523809432983398,0,0,23.807077407836914,25769803776,0,15967436800,0
204,1790713683640,4,4,4,4,4,4,4,4,4,4,81.609619140625,76.29961395263672,75.85821533203125,79.2179183959961,69.18978881835938,81.23106384277344,82.4375,0,0,0,0,0,0,0,4.761904716491699,0,0,23.807077407836914,25769803776,0,15967436800,0
204,1790713683845,4,4,4,4,4,4,4,4,4,4,82.31906127929688,77.02709197998047,76.68195343017578,80.1213150024414,70.1101303100586,82.14374542236328,86.328125,4.761904716491699,0,0,0,0,0,0,5,4.761904716491699,0,23.807077407836914,25769803776,0,15967125504,0
204,1790713684050,4,4,4,4,4,4,4,4,4,4,82.31906127929688,77.02709197998047,76.68195343017578,80.1213150024414,70.1101303100586,82.14374542236328,86.328125,5.263157844543457,9.090909004211426,9.523809432983398,0,0,0,0,5,4.761904716491699,0,23.807077407836914,25769803776,0,15967125504,0
200,1790713684255,4,4,4,4,4,4,4,4,4,4,82.31906127929688,77.02709197998047,76.68195343017578,80.1213150024414,70.1101303100586,82.14374542236328,86.328125,9.523809432983398,0,0,0,4.761904716491699,0,4.761904716491699,9.523809432983398,0,0,23.807077407836914,25769803776,0,15958540288,0
204,1790713684456,4,4,4,4,4,4,4,4,4,4,82.31906127929688,77.02709197998047,76.68195343017578,80.1213150024414,70.1101303100586,82.14374542236328,86.328125,0,0,0,0,0,0,0,5,0,0,23.851871490478516,25769803776,0,15958540288,0
204,1790713684661,4,4,4,4,4,4,4,4,4,4,82.31906127929688,77.02709197998047,76.68195343017578,80.1213150024414,70.1101303100586,82.14374542236328,86.328125,4.761904716491699,0,0,0,0,0,4.761904716491699,9.523809432983398,0,0,23.851871490478516,25769803776,0,15958540288,0
204,1790713684866,4,4,4,4,4,4,4,4,4,4,83.0630874633789,77.73784637451172,77.20048522949219,80.8073959350586,70.71306610107422,82.80854034423828,86.796875,0,4.761904716491699,0,0,0,0,0,5,0,0,23.851871490478516,25769803776,0,15958540288,0
204,1790713685071,4,4,4,4,4,4,4,4,4,4,83.0630874633789,77.73784637451172,77.20048522949219,80.8073959350586,70.71306610107422,82.80854034423828,86.796875,5,0,0,0,0,0,0,0,0,0,23.851871490478516,25769803776,0,15958540288,0
204,1790713685276,4,4,4,4,4,4,4,4,4,4,83.0630874633789,77.73784637451172,77.20048522949219,80.8073959350586,70.71306610107422,82.80854034423828,86.796875,0,0,0,0,0,0,0,9.090909004211426,0,0,23.851871490478516,25769803776,0,15958163456,0
204,1790713685481,4,4,4,4,4,4,4,4,4,4,83.0630874633789,77.73784637451172,77.20048522949219,80.8073959350586,70.71306610107422,82.80854034423828,86.796875,0,0,0,0,0,0,0,5,0,0,23.848678588867188,25769803776,0,15945564160,0
204,1790713685686,4,4,4,4,4,4,4,4,4,4,83.0630874633789,77.73784637451172,77.20048522949219,80.8073959350586,70.71306610107422,82.80854034423828,86.796875,4.761904716491699,4.761904716491699,0,0,0,0,0,9.523809432983398,4.545454502105713,0,23.848678588867188,25769803776,0,15945695232,0
204,1790713685891,4,4,4,4,4,4,4,4,4,4,83.79669189453125,78.40750885009766,78.09516906738281,81.60874938964844,71.66667938232422,83.5398941040039,85.625,0,4.761904716491699,0,0,0,4.545454502105713,4.761904716491699,0,0,0,23.848678588867188,25769803776,0,15945940992,0
204,1790713686096,4,4,4,4,4,4,4,4,4,4,83.79669189453125,78.40750885009766,78.09516906738281,81.60874938964844,71.66667938232422,83.5398941040039,85.625,9.090909004211426,0,0,0,0,0,0,5,0,0,23.848678588867188,25769803776,0,15945662464,0
204,1790713686301,4,4,4,4,4,4,4,4,4,4,83.79669189453125,78.40750885009766,78.09516906738281,81.60874938964844,71.66667938232422,83.5398941040039,85.625,5.263157844543457,5,9.523809432983398,4.761904716491699,0,0,0,9.090909004211426,0,0,23.98029327392578,25769803776,0,15945809920,0
204,1790713686506,4,4,4,4,4,4,4,4,4,4,83.79669189453125,78.40750885009766,78.09516906738281,81.60874938964844,71.66667938232422,83.5398941040039,85.625,4.761904716491699,0,0,0,0,0,0,5,0,0,23.98029327392578,25769803776,0,15945809920,0
204,1790713686711,4,4,4,4,4,4,4,4,4,4,83.79669189453125,78.40750885009766,78.09516906738281,81.60874938964844,71.66667938232422,83.5398941040039,85.625,4.761904716491699,0,0,0,0,0,0,5,0,0,23.98029327392578,25769803776,0,15945809920,0
204,1790713686916,4,4,4,4,4,4,4,4,4,4,84.7074966430664,79.00910949707031,78.73484802246094,82.2996826171875,72.33531188964844,84.23611450195313,85.265625,0,4.761904716491699,0,4.761904716491699,0,0,0,5,0,0,23.98029327392578,25769803776,0,15945859072,0
204,1790713687121,4,4,4,4,4,4,4,4,4,4,84.7074966430664,79.00910949707031,78.73484802246094,82.2996826171875,72.33531188964844,84.23611450195313,85.265625,0,0,4.761904716491699,0,0,0,0,9.523809432983398,4.545454502105713,0,23.98029327392578,25769803776,0,15945859072,0
201,1790713687326,4,4,4,4,4,4,4,4,4,4,84.7074966430664,79.00910949707031,78.73484802246094,82.2996826171875,72.33531188964844,84.23611450195313,85.265625,4.761904716491699,0,0,0,4.761904716491699,0,0,5,0,0,24.023365020751953,25769803776,0,15945564160,0
204,1790713687527,4,4,4,4,4,4,4,4,4,4,84.7074966430664,79.00910949707031,78.73484802246094,82.2996826171875,72.33531188964844,84.23611450195313,85.265625,0,0,4.761904716491699,0,0,0,4.761904716491699,9.523809432983398,0,0,24.023365020751953,25769803776,0,15945564160,0
204,1790713687732,4,4,4,4,4,4,4,4,4,4,84.7074966430664,79.00910949707031,78.73484802246094,82.2996826171875,72.33531188964844,84.23611450195313,85.265625,0,4.761904716491699,0,0,0,0,0,5,0,0,24.023365020751953,25769803776,0,15945564160,0
204,1790713687937,4,4,4,4,4,4,4,4,4,4,85.35331726074219,79.59269714355469,79.33497619628906,83.03020477294922,72.86612701416016,84.76268005371094,85.734375,4.761904716491699,4.761904716491699,0,0,0,0,0,9.523809432983398,0,0,24.023365020751953,25769803776,0,15945564160,0
204,1790713688142,4,4,4,4,4,4,4,4,4,4,85.35331726074219,79.59269714355469,79.33497619628906,83.03020477294922,72.86612701416016,84.76268005371094,85.734375,4.761904716491699,0,0,0,0,0,4.761904716491699,5,0,0,24.023365020751953,25769803776,0,15945564160,0
200,1790713688347,4,4,4,4,4,4,4,4,4,4,85.35331726074219,79.59269714355469,79.33497619628906,83.03020477294922,72.86612701416016,84.76268005371094,85.734375,5,0,5,0,0,0,0,4.761904716491699,0,0,24.041852951049805,25769803776,0,15945334784,0
204,1790713688548,4,4,4,4,4,4,4,4,4,4,85.35331726074219,79.59269714355469,79.33497619628906,83.03020477294922,72.86612701416016,84.76268005371094,85.734375,5,9.523809432983398,0,0,0,0,0,5.263157844543457,0,0,24.041852951049805,25769803776,0,15945367552,0
204,1790713688753,4,4,4,4,4,4,4,4,4,4,85.35331726074219,79.59269714355469,79.33497619628906,83.03020477294922,72.86612701416016,84.76268005371094,85.734375,4.761904716491699,0,4.761904716491699,0,0,0,0,9.523809432983398,4.761904716491699,0,24.041852951049805,25769803776,0,15945187328,0
204,1790713688958,4,4,4,4,4,4,4,4,4,4,85.85816192626953,80.23841857910156,80.0020980834961,83.35490417480469,73.5569839477539,85.3929672241211,86.4375,0,0,0,0,0,0,0,4.761904716491699,4.545454502105713,0,24.041852951049805,25769803776,0,15945269248,0
204,1790713689163,4,4,4,4,4,4,4,4,4,4,85.85816192626953,80.23841857910156,80.0020980834961,83.35490417480469,73.5569839477539,85.3929672241211,86.4375,4.761904716491699,0,0,0,0,0,0,9.523809432983398,0,0,24.041852951049805,25769803776,0,15945252864,0
204,1790713689368,4,4,4,4,4,4,4,4,4,4,85.85816192626953,80.23841857910156,80.0020980834961,83.35490417480469,73.5569839477539,85.3929672241211,86.4375,0,0,0,0,0,0,0,5,0,0,24.1644229888916,25769803776,0,15945269248,0
204,1790713689573,4,4,4,4,4,4,4,4,4,4,85.85816192626953,80.23841857910156,80.0020980834961,83.35490417480469,73.5569839477539,85.3929672241211,86.4375,4.761904716491699,0,0,0,0,0,0,5,0,0,24.1644229888916,25769803776,0,15945334784,0
204,1790713689778,4,4,4,4,4,4,4,4,4,4,85.85816192626953,80.23841857910156,80.0020980834961,83.35490417480469,73.5569839477539,85.3929672241211,86.4375,0,0,0,0,0,0,4.761904716491699,5,0,0,24.1644229888916,25769803776,0,15945334784,0
204,1790713689983,4,4,4,4,4,4,4,4,4,4,86.16986083984375,80.72144317626953,80.39541625976563,83.88726806640625,74.03272247314453,85.90577697753906,86.671875,0,4.761904716491699,0,0,0,0,4.761904716491699,4.761904716491699,0,0,24.1644229888916,25769803776,0,15945334784,0
204,1790713690188,4,4,4,4,4,4,4,4,4,4,86.16986083984375,80.72144317626953,80.39541625976563,83.88726806640625,74.03272247314453,85.90577697753906,86.671875,4.761904716491699,0,0,0,0,0,0,5,0,0,24.1644229888916,25769803776,0,15945334784,0
204,1790713690393,4,4,4,4,4,4,4,4,4,4,86.16986083984375,80.72144317626953,80.39541625976563,83.88726806640625,74.03272247314453,85.90577697753906,86.671875,0,0,9.090909004211426,0,0,0,0,4.761904716491699,4.761904716491699,0,24.213834762573242,25769803776,0,15957966848,0
204,1790713690598,4,4,4,4,4,4,4,4,4,4,86.16986083984375,80.72144317626953,80.39541625976563,83.88726806640625,74.03272247314453,85.90577697753906,86.671875,9.090909004211426,4.761904716491699,0,0,0,0,0,9.523809432983398,0,0,24.213834762573242,25769803776,0,15945416704,0
204,1790713690803,4,4,4,4,4,4,4,4,4,4,86.50202178955078,81.19949340820313,80.8238296508789,84.44047546386719,74.3089370727539,86.38753509521484,90.3125,0,0,0,0,0,0,0,5,0,0,24.213834762573242,25769803776,0,15945465856,0
204,1790713691007,4,4,4,4,4,4,4,4,4,4,86.50202178955078,81.19949340820313,80.8238296508789,84.44047546386719,74.3089370727539,86.38753509521484,90.3125,4.761904716491699,4.761904716491699,0,0,0,0,0,5,0,0,24.213834762573242,25769803776,0,15945498624,0
204,1790713691212,4,4,4,4,4,4,4,4,4,4,86.50202178955078,81.19949340820313,80.8238296508789,84.44047546386719,74.3089370727539,86.38753509521484,90.3125,0,0,0,0,0,0,0,5,0,0,24.213834762573242,25769803776,0,15945170944,0
204,1790713691417,4,4,4,4,4,4,4,4,4,4,86.50202178955078,81.19949340820313,80.8238296508789,84.44047546386719,74.3089370727539,86.38753509521484,90.3125,4.761904716491699,0,0,0,0,0,0,4.761904716491699,0,0,24.158308029174805,25769803776,0,15945170944,0
200,1790713691622,4,4,4,4,4,4,4,4,4,4,86.50202178955078,81.19949340820313,80.8238296508789,84.44047546386719,74.3089370727539,86.38753509521484,90.3125,0,0,0,0,0,0,0,9.523809432983398,0,0,24.158308029174805,25769803776,0,15945023488,0
204,1790713691822,4,4,4,4,4,4,4,4,4,4,86.86817932128906,81.7909164428711,81.41837310791016,84.70228576660156,74.98023223876953,86.91204071044922,87.859375,0,0,0,0,0,0,4.761904716491699,5.263157844543457,0,0,24.158308029174805,25769803776,0,15945023488,0
204,1790713692027,4,4,4,4,4,4,4,4,4,4,86.86817932128906,81.7909164428711,81.41837310791016,84.70228576660156,74.98023223876953,86.91204071044922,87.859375,4.761904716491699,0,0,0,0,0,0,9.090909004211426,4.761904716491699,0,24.158308029174805,25769803776,0,15945056256,0
204,1790713692232,4,4,4,4,4,4,4,4,4,4,86.86817932128906,81.7909164428711,81.41837310791016,84.70228576660156,74.98023223876953,86.91204071044922,87.859375,4.761904716491699,0,0,0,0,0,0,5,0,0,24.158308029174805,25769803776,0,15945039872,0
204,1790713692436,4,4,4,4,4,4,4,4,4,4,86.86817932128906,81.7909164428711,81.41837310791016,84.70228576660156,74.98023223876953,86.91204071044922,87.859375,4.761904716491699,0,0,0,0,0,0,9.523809432983398,0,0,24.408506393432617,25769803776,0,15945056256,0
204,1790713692641,4,4,4,4,4,4,4,4,4,4,86.86817932128906,81.7909164428711,81.41837310791016,84.70228576660156,74.98023223876953,86.91204071044922,87.859375,0,9.523809432983398,9.523809432983398,4.761904716491699,0,0,4.761904716491699,0,0,0,24.408506393432617,25769803776,0,15945089024,0
204,1790713692847,4,4,4,4,4,4,4,4,4,4,87.47539520263672,82.20197296142578,81.78569793701172,85.22755432128906,75.25121307373047,87.32492065429688,88.328125,4.761904716491699,0,0,0,0,0,0,9.523809432983398,0,0,24.408506393432617,25769803776,0,15945007104,0
204,1790713693052,4,4,4,4,4,4,4,4,4,4,87.47539520263672,82.20197296142578,81.78569793701172,85.22755432128906,75.25121307373047,87.32492065429688,88.328125,0,0,0,0,0,0,0,5,0,0,24.408506393432617,25769803776,0,15945007104,0
200,1790713693257,4,4,4,4,4,4,4,4,4,4,87.47539520263672,82.20197296142578,81.78569793701172,85.22755432128906,75.25121307373047,87.32492065429688,88.328125,0,4.761904716491699,0,0,0,0,0,4.761904716491699,0,0,24.408506393432617,25769803776,0,15945007104,0
204,1790713693457,4,4,4,4,4,4,4,4,4,4,87.47539520263672,82.20197296142578,81.78569793701172,85.22755432128906,75.25121307373047,87.32492065429688,88.328125,5,0,0,0,0,0,5,0,0,0,24.348535537719727,25769803776,0,15944974336,0
202,1790713693662,4,4,4,4,4,4,4,4,4,4,87.47539520263672,82.20197296142578,81.78569793701172,85.22755432128906,75.25121307373047,87.32492065429688,88.328125,0,0,0,0,0,0,0,9.090909004211426,0,4.761904716491699,24.348535537719727,25769803776,0,15944990720,0
204,1790713693865,4,4,4,4,4,4,4,4,4,4,88.0497055053711,82.78153991699219,82.18810272216797,85.83199310302734,75.54528045654297,87.73223876953125,92.1875,0,0,0,0,0,0,4.545454502105713,0,4.545454502105713,0,24.348535537719727,25769803776,0,15944482816,0
202,1790713694070,4,4,4,4,4,4,4,4,4,4,88.0497055053711,82.78153991699219,82.18810272216797,85.83199310302734,75.54528045654297,87.73223876953125,92.1875,9.523809432983398,9.523809432983398,4.761904716491699,0,9.523809432983398,4.761904716491699,0,9.523809432983398,0,0,24.348535537719727,25769803776,0,15946678272,0
200,1790713694272,4,4,4,4,4,4,4,4,4,4,88.0497055053711,82.78153991699219,82.18810272216797,85.83199310302734,75.54528045654297,87.73223876953125,92.1875,4.761904716491699,0,4.761904716491699,0,0,0,5,0,4.761904716491699,0,24.348535537719727,25769803776,0,15946694656,0
204,1790713694473,4,4,4,4,4,4,4,4,4,4,88.0497055053711,82.78153991699219,82.18810272216797,85.83199310302734,75.54528045654297,87.73223876953125,92.1875,0,0,0,0,0,0,9.523809432983398,0,0,0,24.341445922851563,25769803776,0,15940354048,0
204,1790713694678,4,4,4,4,4,4,4,4,4,4,88.0497055053711,82.78153991699219,82.18810272216797,85.83199310302734,75.54528045654297,87.73223876953125,92.1875,0,4.761904716491699,0,4.545454502105713,0,0,5,0,0,0,24.341445922851563,25769803776,0,15953395712,0
204,1790713694883,4,4,4,4,4,4,4,4,4,4,88.54901885986328,83.4616470336914,82.31043243408203,86.1301040649414,75.50186157226563,88.20561218261719,91.484375,5,0,0,0,0,0,5,4.761904716491699,0,0,24.341445922851563,25769803776,0,15940517888,0
204,1790713695088,4,4,4,4,4,4,4,4,4,4,88.54901885986328,83.4616470336914,82.31043243408203,86.1301040649414,75.50186157226563,88.20561218261719,91.484375,0,4.761904716491699,0,0,0,0,9.523809432983398,0,0,0,24.341445922851563,25769803776,0,15940517888,0
204,1790713695293,4,4,4,4,4,4,4,4,4,4,88.54901885986328,83.4616470336914,82.31043243408203,86.1301040649414,75.50186157226563,88.20561218261719,91.484375,9.090909004211426,0,4.761904716491699,0,0,0,5,0,0,0,24.341445922851563,25769803776,0,15940517888,0
204,1790713695498,4,4,4,4,4,4,4,4,4,4,88.54901885986328,83.4616470336914,82.31043243408203,86.1301040649414,75.50186157226563,88.20561218261719,91.484375,0,0,4.761904716491699,0,0,0,5,0,4.761904716491699,0,24.433277130126953,25769803776,0,15940714496,0
204,1790713695703,4,4,4,4,4,4,4,4,4,4,88.54901885986328,83.4616470336914,82.31043243408203,86.1301040649414,75.50186157226563,88.20561218261719,91.484375,4.761904716491699,4.761904716491699,0,0,0,0,5,0,0,0,24.433277130126953,25769803776,0,15940714496,0
200,1790713695908,4,4,4,4,4,4,4,4,4,4,88.89254760742188,83.83588409423828,82.6332015991211,86.44280242919922,75.70658111572266,88.54097747802734,89.265625,0,0,0,0,0,0,9.090909004211426,0,0,0,24.433277130126953,25769803776,0,15940730880,0
200,1790713696109,4,4,4,4,4,4,4,4,4,4,88.89254760742188,83.83588409423828,82.6332015991211,86.44280242919922,75.70658111572266,88.54097747802734,89.265625,5,0,0,0,0,0,5,0,0,0,24.433277130126953,25769803776,0,15940730880,0
200,1790713696310,4,4,4,4,4,4,4,4,4,4,88.89254760742188,83.83588409423828,82.6332015991211,86.44280242919922,75.70658111572266,88.54097747802734,89.265625,0,0,0,0,0,0,5.263157844543457,0,0,0,24.458036422729492,25769803776,0,15940730880,0
204,1790713696510,4,4,4,4,4,4,4,4,4,4,88.89254760742188,83.83588409423828,82.6332015991211,86.44280242919922,75.70658111572266,88.54097747802734,89.265625,0,0,0,0,0,0,9.523809432983398,9.090909004211426,0,0,24.458036422729492,25769803776,0,15940943872,0
204,1790713696715,4,4,4,4,4,4,4,4,4,4,88.89254760742188,83.83588409423828,82.6332015991211,86.44280242919922,75.70658111572266,88.54097747802734,89.265625,9.090909004211426,4.761904716491699,0,0,0,0,5,0,0,0,24.458036422729492,25769803776,0,15941042176,0
204,1790713696920,4,4,4,4,4,4,4,4,4,4,89.16315460205078,84.33267974853516,83.05583190917969,86.9302749633789,76.17756652832031,88.93793487548828,89.734375,5,4.761904716491699,0,9.523809432983398,0,0,5,0,4.761904716491699,0,24.458036422729492,25769803776,0,15941140480,0
204,1790713697125,4,4,4,4,4,4,4,4,4,4,89.16315460205078,84.33267974853516,83.05583190917969,86.9302749633789,76.17756652832031,88.93793487548828,89.734375,0,0,4.761904716491699,0,0,0,5,0,0,0,24.458036422729492,25769803776,0,15941140480,0
204,1790713697330,4,4,4,4,4,4,4,4,4,4,89.16315460205078,84.33267974853516,83.05583190917969,86.9302749633789,76.17756652832031,88.93793487548828,89.734375,5,0,0,0,0,0,9.090909004211426,0,4.545454502105713,0,24.518260955810547,25769803776,0,15941140480,0
202,1790713697535,4,4,4,4,4,4,4,4,4,4,89.16315460205078,84.33267974853516,83.05583190917969,86.9302749633789,76.17756652832031,88.93793487548828,89.734375,4.761904716491699,0,4.761904716491699,0,0,0,0,0,0,0,24.518260955810547,25769803776,0,15941517312,0
204,1790713697738,4,4,4,4,4,4,4,4,4,4,89.16315460205078,84.33267974853516,83.05583190917969,86.9302749633789,76.17756652832031,88.93793487548828,89.734375,5,9.090909004211426,0,0,0,0,5,0,0,0,24.518260955810547,25769803776,0,15941566464,0
204,1790713697943,4,4,4,4,4,4,4,4,4,4,89.47819519042969,84.6309814453125,83.32996368408203,87.34207153320313,76.49172973632813,89.34500885009766,92.890625,0,0,0,0,0,0,9.523809432983398,0,0,0,24.518260955810547,25769803776,0,15941533696,0
203,1790713698149,4,4,4,4,4,4,4,4,4,4,89.47819519042969,84.6309814453125,83.32996368408203,87.34207153320313,76.49172973632813,89.34500885009766,92.890625,0,0,0,0,0,0,0,5,0,0,24.518260955810547,25769803776,0,15941533696,0
200,1790713698352,4,4,4,4,4,4,4,4,4,4,89.47819519042969,84.6309814453125,83.32996368408203,87.34207153320313,76.49172973632813,89.34500885009766,92.890625,9.523809432983398,0,0,0,0,0,5,0,0,0,24.66359519958496,25769803776,0,15941533696,0
204,1790713698553,4,4,4,4,4,4,4,4,4,4,89.47819519042969,84.6309814453125,83.32996368408203,87.34207153320313,76.49172973632813,89.34500885009766,92.890625,0,0,0,0,0,0,9.523809432983398,5,0,0,24.66359519958496,25769803776,0,15941664768,0
204,1790713698758,4,4,4,4,4,4,4,4,4,4,89.47819519042969,84.6309814453125,83.32996368408203,87.34207153320313,76.49172973632813,89.34500885009766,92.890625,4.761904716491699,8.69565200805664,0,0,0,0,5,0,0,0,24.66359519958496,25769803776,0,15941844992,0
204,1790713698963,4,4,4,4,4,4,4,4,4,4,89.69369506835938,84.80860900878906,83.72724914550781,87.70460510253906,77.0384750366211,89.82736206054688,90.4375,5,0,9.523809432983398,0,0,0,9.523809432983398,4.761904716491699,0,0,24.66359519958496,25769803776,0,15954722816,0
204,1790713699168,4,4,4,4,4,4,4,4,4,4,89.69369506835938,84.80860900878906,83.72724914550781,87.70460510253906,77.0384750366211,89.82736206054688,90.4375,4.761904716491699,4.761904716491699,0,0,0,0,0,0,4.761904716491699,0,24.66359519958496,25769803776,0,15941861376,0
204,1790713699373,4,4,4,4,4,4,4,4,4,4,89.69369506835938,84.80860900878906,83.72724914550781,87.70460510253906,77.0384750366211,89.82736206054688,90.4375,0,0,0,0,0,0,5,0,4.761904716491699,0,24.578983306884766,25769803776,0,15941386240,0
203,1790713699578,4,4,4,4,4,4,4,4,4,4,89.69369506835938,84.80860900878906,83.72724914550781,87.70460510253906,77.0384750366211,89.82736206054688,90.4375,0,4.761904716491699,0,0,0,0,9.523809432983398,0,0,0,24.578983306884766,25769803776,0,15941419008,0
200,1790713699781,4,4,4,4,4,4,4,4,4,4,89.69369506835938,84.80860900878906,83.72724914550781,87.70460510253906,77.0384750366211,89.82736206054688,90.4375,4.761904716491699,0,4.761904716491699,0,0,0,5,0,0,0,24.578983306884766,25769803776,0,15941419008,0
204,1790713699982,4,4,4,4,4,4,4,4,4,4,89.91132354736328,85.38395690917969,84.04299926757813,88.0406265258789,77.3025131225586,90.21359252929688,90.671875,4.761904716491699,0,0,0,0,0,9.523809432983398,0,0,0,24.578983306884766,25769803776,0,15941419008,0
204,1790713700187,4,4,4,4,4,4,4,4,4,4,89.91132354736328,85.38395690917969,84.04299926757813,88.0406265258789,77.3025131225586,90.21359252929688,90.671875,5,4.761904716491699,0,0,4.545454502105713,0,5,0,0,0,24.578983306884766,25769803776,0,15941419008,0
204,1790713700392,4,4,4,4,4,4,4,4,4,4,89.91132354736328,85.38395690917969,84.04299926757813,88.0406265258789,77.3025131225586,90.21359252929688,90.671875,0,0,0,0,0,0,5,4.761904716491699,0,0,24.75735092163086,25769803776,0,15941369856,0
204,1790713700597,4,4,4,4,4,4,4,4,4,4,89.91132354736328,85.38395690917969,84.04299926757813,88.0406265258789,77.3025131225586,90.21359252929688,90.671875,0,0,0,0,0,0,4.761904716491699,4.761904716491699,0,0,24.75735092163086,25769803776,0,15941402624,0
201,1790713700802,4,4,4,4,4,4,4,4,4,4,90.22695922851563,85.5690689086914,84.33014678955078,88.36217498779297,77.55104064941406,90.4361572265625,91.140625,4.761904716491699,0,4.761904716491699,0,0,0,5,0,4.545454502105713,0,24.75735092163086,25769803776,0,15941402624,0
204,1790713701003,4,4,4,4,4,4,4,4,4,4,90.22695922851563,85.5690689086914,84.33014678955078,88.36217498779297,77.55104064941406,90.4361572265625,91.140625,5,9.090909004211426,5,0,0,0,4.761904716491699,0,0,0,24.75735092163086,25769803776,0,15941402624,0
202,1790713701208,4,4,4,4,4,4,4,4,4,4,90.22695922851563,85.5690689086914,84.33014678955078,88.36217498779297,77.55104064941406,90.4361572265625,91.140625,4.761904716491699,0,0,4.761904716491699,0,0,5,0,0,0,24.75735092163086,25769803776,0,15941402624,0
204,1790713701411,4,4,4,4,4,4,4,4,4,4,90.22695922851563,85.5690689086914,84.33014678955078,88.36217498779297,77.55104064941406,90.4361572265625,91.140625,0,0,0,4.761904716491699,0,0,9.523809432983398,0,0,0,24.679290771484375,25769803776,0,15941402624,0
202,1790713701616,4,4,4,4,4,4,4,4,4,4,90.22695922851563,85.5690689086914,84.33014678955078,88.36217498779297,77.55104064941406,90.4361572265625,91.140625,5,0,0,0,0,0,5,0,0,0,24.679290771484375,25769803776,0,15941189632,0
200,1790713701818,4,4,4,4,4,4,4,4,4,4,90.64610290527344,86.0241470336914,84.77008819580078,88.75463104248047,77.94956970214844,90.75650787353516,91.609375,0,0,0,0,0,0,0,4.761904716491699,0,0,24.679290771484375,25769803776,0,15941189632,0
200,1790713702019,4,4,4,4,4,4,4,4,4,4,90.64610290527344,86.0241470336914,84.77008819580078,88.75463104248047,77.94956970214844,90.75650787353516,91.609375,0,0,4.761904716491699,0,0,0,9.523809432983398,0,0,0,24.679290771484375,25769803776,0,15941091328,0
204,1790713702219,4,4,4,4,4,4,4,4,4,4,90.64610290527344,86.0241470336914,84.77008819580078,88.75463104248047,77.94956970214844,90.75650787353516,91.609375,4.761904716491699,0,0,0,0,0,5,0,0,0,24.679290771484375,25769803776,0,15941091328,0
204,1790713702424,4,4,4,4,4,4,4,4,4,4,90.64610290527344,86.0241470336914,84.77008819580078,88.75463104248047,77.94956970214844,90.75650787353516,91.609375,15.000000953674316,10,4.761904716491699,0,0,0,10,9.523809432983398,9.090909004211426,4.545454502105713,24.603500366210938,25769803776,0,15960948736,0
202,1790713702629,4,4,4,4,4,4,4,4,4,4,90.64610290527344,86.0241470336914,84.77008819580078,88.75463104248047,77.94956970214844,90.75650787353516,91.609375,9.523809432983398,9.523809432983398,0,0,0,0,9.523809432983398,0,0,0,24.603500366210938,25769803776,0,15980888064,0
204,1790713702832,4,4,4,4,4,4,4,4,4,4,91.1561050415039,86.46815490722656,85.2253189086914,89.17733764648438,78.41574096679688,91.2618179321289,94.890625,9.523809432983398,9.523809432983398,0,0,0,0,5,0,0,0,24.603500366210938,25769803776,0,15980904448,0
204,1790713703037,4,4,4,4,4,4,4,4,4,4,91.1561050415039,86.46815490722656,85.2253189086914,89.17733764648438,78.41574096679688,91.2618179321289,94.890625,5.263157844543457,0,5,0,4.761904716491699,0,0,4.761904716491699,0,0,24.603500366210938,25769803776,0,15980904448,0
204,1790713703242,4,4,4,4,4,4,4,4,4,4,91.1561050415039,86.46815490722656,85.2253189086914,89.17733764648438,78.41574096679688,91.2618179321289,94.890625,5,9.523809432983398,4.761904716491699,4.761904716491699,0,4.545454502105713,9.523809432983398,4.761904716491699,0,0,24.603500366210938,25769803776,0,15980904448,0
204,1790713703447,4,4,4,4,4,4,4,4,4,4,91.1561050415039,86.46815490722656,85.2253189086914,89.17733764648438,78.41574096679688,91.2618179321289,94.890625,9.090909004211426,0,0,0,0,0,4.761904716491699,0,0,0,24.808788299560547,25769803776,0,15980904448,0
204,1790713703652,4,4,4,4,4,4,4,4,4,4,91.1561050415039,86.46815490722656,85.2253189086914,89.17733764648438,78.41574096679688,91.2618179321289,94.890625,10,10,23.809524536132813,5,0,0,9.523809432983398,0,4.761904716491699,0,24.808788299560547,25769803776,0,15987146752,0
204,1790713703857,4,4,4,4,4,4,4,4,4,4,91.35823822021484,86.52525329589844,85.49584197998047,89.39976501464844,78.75639343261719,91.42284393310547,92.078125,0,0,0,0,0,0,0,4.761904716491699,0,0,24.808788299560547,25769803776,0,15986835456,0
204,1790713704062,4,4,4,4,4,4,4,4,4,4,91.35823822021484,86.52525329589844,85.49584197998047,89.39976501464844,78.75639343261719,91.42284393310547,92.078125,4.761904716491699,0,0,0,0,4.761904716491699,9.523809432983398,0,0,0,24.808788299560547,25769803776,0,15986950144,0
204,1790713704267,4,4,4,4,4,4,4,4,4,4,91.35823822021484,86.52525329589844,85.49584197998047,89.39976501464844,78.75639343261719,91.42284393310547,92.078125,0,0,0,0,0,0,4.761904716491699,0,0,0,24.808788299560547,25769803776,0,15986933760,0
204,1790713704472,4,4,4,4,4,4,4,4,4,4,91.35823822021484,86.52525329589844,85.49584197998047,89.39976501464844,78.75639343261719,91.42284393310547,92.078125,4.761904716491699,4.761904716491699,0,0,0,0,5,0,0,0,24.922588348388672,25769803776,0,15961407488,0
204,1790713704677,4,4,4,4,4,4,4,4,4,4,91.35823822021484,86.52525329589844,85.49584197998047,89.39976501464844,78.75639343261719,91.42284393310547,92.078125,0,0,4.545454502105713,0,0,0,4.761904716491699,0,4.761904716491699,0,24.922588348388672,25769803776,0,15959375872,0
204,1790713704882,4,4,4,4,4,4,4,4,4,4,91.70411682128906,86.97109985351563,85.64775085449219,89.67913818359375,78.80035400390625,91.7600326538086,92.546875,0,0,0,0,0,0,5,0,0,0,24.922588348388672,25769803776,0,15959375872,0
204,1790713705087,4,4,4,4,4,4,4,4,4,4,91.70411682128906,86.97109985351563,85.64775085449219,89.67913818359375,78.80035400390625,91.7600326538086,92.546875,9.090909004211426,9.090909004211426,0,0,0,0,4.761904716491699,0,4.761904716491699,0,24.922588348388672,25769803776,0,15959375872,0
204,1790713705292,4,4,4,4,4,4,4,4,4,4,91.70411682128906,86.97109985351563,85.64775085449219,89.67913818359375,78.80035400390625,91.7600326538086,92.546875,0,0,5,0,0,0,5,0,0,0,24.922588348388672,25769803776,0,15959375872,0
204,1790713705497,4,4,4,4,4,4,4,4,4,4,91.70411682128906,86.97109985351563,85.64775085449219,89.67913818359375,78.80035400390625,91.7600326538086,92.546875,5,0,0,0,0,0,5,0,0,0,24.835607528686523,25769803776,0,15959375872,0
204,1790713705702,4,4,4,4,4,4,4,4,4,4,91.70411682128906,86.97109985351563,85.64775085449219,89.67913818359375,78.80035400390625,91.7600326538086,92.546875,0,0,0,0,0,0,9.523809432983398,0,0,0,24.835607528686523,25769803776,0,15959326720,0
204,1790713705907,4,4,4,4,4,4,4,4,4,4,91.91722869873047,87.24259948730469,85.84882354736328,90.02730560302734,78.94109344482422,92.05888366699219,96.75,4.761904716491699,0,0,0,0,0,4.761904716491699,0,0,0,24.835607528686523,25769803776,0,15959326720,0
204,1790713706112,4,4,4,4,4,4,4,4,4,4,91.91722869873047,87.24259948730469,85.84882354736328,90.02730560302734,78.94109344482422,92.05888366699219,96.75,4.761904716491699,0,4.761904716491699,0,0,0,9.523809432983398,0,4.761904716491699,0,24.835607528686523,25769803776,0,15959326720,0
204,1790713706317,4,4,4,4,4,4,4,4,4,4,91.91722869873047,87.24259948730469,85.84882354736328,90.02730560302734,78.94109344482422,92.05888366699219,96.75,5,4.761904716491699,0,0,0,0,0,4.761904716491699,0,0,24.824432373046875,25769803776,0,15959326720,0
204,1790713706522,4,4,4,4,4,4,4,4,4,4,91.91722869873047,87.24259948730469,85.84882354736328,90.02730560302734,78.94109344482422,92.05888366699219,96.75,0,0,0,4.761904716491699,0,0,9.523809432983398,4.761904716491699,0,0,24.824432373046875,25769803776,0,15959326720,0
204,1790713706727,4,4,4,4,4,4,4,4,4,4,91.91722869873047,87.24259948730469,85.84882354736328,90.02730560302734,78.94109344482422,92.05888366699219,96.75,0,4.761904716491699,0,0,0,0,4.761904716491699,0,4.761904716491699,0,24.824432373046875,25769803776,0,15959719936,0
204,1790713706932,4,4,4,4,4,4,4,4,4,4,92.25810241699219,87.37919616699219,86.05658721923828,90.3597640991211,79.16201782226563,92.45304870605469,93.015625,5,0,0,0,0,0,5,0,0,0,24.824432373046875,25769803776,0,15959719936,0
204,1790713707137,4,4,4,4,4,4,4,4,4,4,92.25810241699219,87.37919616699219,86.05658721923828,90.3597640991211,79.16201782226563,92.45304870605469,93.015625,4.761904716491699,5,5,4.761904716491699,0,0,9.523809432983398,0,0,4.545454502105713,24.824432373046875,25769803776,0,15959719936,0
204,1790713707342,4,4,4,4,4,4,4,4,4,4,92.25810241699219,87.37919616699219,86.05658721923828,90.3597640991211,79.16201782226563,92.45304870605469,93.015625,0,0,0,0,0,0,0,0,4.761904716491699,0,24.869064331054688,25769803776,0,15959719936,0
204,1790713707547,4,4,4,4,4,4,4,4,4,4,92.25810241699219,87.37919616699219,86.05658721923828,90.3597640991211,79.16201782226563,92.45304870605469,93.015625,9.523809432983398,4.761904716491699,9.523809432983398,0,4.761904716491699,0,9.523809432983398,0,0,0,24.869064331054688,25769803776,0,15959719936,0
204,1790713707752,4,4,4,4,4,4,4,4,4,4,92.25810241699219,87.37919616699219,86.05658721923828,90.3597640991211,79.16201782226563,92.45304870605469,93.015625,4.761904716491699,0,0,0,0,0,0,5,0,0,24.869064331054688,25769803776,0,15959998464,0
204,1790713707957,4,4,4,4,4,4,4,4,4,4,92.52378845214844,87.7197036743164,86.47210693359375,90.58018493652344,79.59809112548828,92.68704986572266,94.515625,0,4.545454502105713,0,0,0,0,5,4.761904716491699,0,0,24.869064331054688,25769803776,0,15959998464,0
204,1790713708162,4,4,4,4,4,4,4,4,4,4,92.52378845214844,87.7197036743164,86.47210693359375,90.58018493652344,79.59809112548828,92.68704986572266,94.515625,5,0,0,0,0,0,9.090909004211426,0,0,0,24.869064331054688,25769803776,0,15959998464,0
204,1790713708367,4,4,4,4,4,4,4,4,4,4,92.52378845214844,87.7197036743164,86.47210693359375,90.58018493652344,79.59809112548828,92.68704986572266,94.515625,0,0,0,0,0,0,5,0,4.545454502105713,0,24.88913917541504,25769803776,0,15959998464,0
204,1790713708572,4,4,4,4,4,4,4,4,4,4,92.52378845214844,87.7197036743164,86.47210693359375,90.58018493652344,79.59809112548828,92.68704986572266,94.515625,0,0,0,0,0,0,0,0,0,0,24.88913917541504,25769803776,0,15959998464,0
204,1790713708777,4,4,4,4,4,4,4,4,4,4,92.52378845214844,87.7197036743164,86.47210693359375,90.58018493652344,79.59809112548828,92.68704986572266,94.515625,4.761904716491699,0,0,0,0,0,4.761904716491699,4.761904716491699,0,0,24.88913917541504,25769803776,0,15959916544,0
203,1790713708982,4,4,4,4,4,4,4,4,4,4,92.78266143798828,87.95773315429688,86.64093780517578,90.76625061035156,79.65316009521484,92.92401885986328,93.25,0,0,0,0,0,0,4.761904716491699,0,0,0,24.88913917541504,25769803776,0,15959916544,0
200,1790713709186,4,4,4,4,4,4,4,4,4,4,92.78266143798828,87.95773315429688,86.64093780517578,90.76625061035156,79.65316009521484,92.92401885986328,93.25,4.761904716491699,0,0,0,0,0,5,0,0,0,24.88913917541504,25769803776,0,15959932928,0
204,1790713709387,4,4,4,4,4,4,4,4,4,4,92.78266143798828,87.95773315429688,86.64093780517578,90.76625061035156,79.65316009521484,92.92401885986328,93.25,0,9.090909004211426,0,0,0,0,9.523809432983398,0,0,0,24.940452575683594,25769803776,0,15959916544,0
204,1790713709592,4,4,4,4,4,4,4,4,4,4,92.78266143798828,87.95773315429688,86.64093780517578,90.76625061035156,79.65316009521484,92.92401885986328,93.25,9.090909004211426,0,9.523809432983398,0,0,0,5,0,0,0,24.940452575683594,25769803776,0,15959916544,0
204,1790713709797,4,4,4,4,4,4,4,4,4,4,92.96241760253906,88.28992462158203,86.89460754394531,91.03195190429688,79.96015930175781,93.14007568359375,93.71875,0,0,0,0,4.761904716491699,0,9.523809432983398,0,0,0,24.940452575683594,25769803776,0,15959982080,0
204,1790713710002,4,4,4,4,4,4,4,4,4,4,92.96241760253906,88.28992462158203,86.89460754394531,91.03195190429688,79.96015930175781,93.14007568359375,93.71875,0,0,0,0,0,0,5,0,4.761904716491699,0,24.940452575683594,25769803776,0,15959883776,0
204,1790713710207,4,4,4,4,4,4,4,4,4,4,92.96241760253906,88.28992462158203,86.89460754394531,91.03195190429688,79.96015930175781,93.14007568359375,93.71875,4.761904716491699,4.761904716491699,0,0,0,0,5,4.545454502105713,4.545454502105713,0,24.940452575683594,25769803776,0,15959949312,0
204,1790713710412,4,4,4,4,4,4,4,4,4,4,92.96241760253906,88.28992462158203,86.89460754394531,91.03195190429688,79.96015930175781,93.14007568359375,93.71875,0,0,0,0,0,0,5,0,0,0,24.84676742553711,25769803776,0,15959949312,0
204,1790713710617,4,4,4,4,4,4,4,4,4,4,92.96241760253906,88.28992462158203,86.89460754394531,91.03195190429688,79.96015930175781,93.14007568359375,93.71875,4.761904716491699,0,0,0,0,0,9.090909004211426,4.761904716491699,0,0,24.84676742553711,25769803776,0,15959949312,0
200,1790713710822,4,4,4,4,4,4,4,4,4,4,93.14189910888672,88.58734893798828,87.13542938232422,91.30323791503906,80.28160095214844,93.37539672851563,93.953125,0,0,4.761904716491699,0,0,0,5,0,0,0,24.84676742553711,25769803776,0,15959965696,0
200,1790713711023,4,4,4,4,4,4,4,4,4,4,93.14189910888672,88.58734893798828,87.13542938232422,91.30323791503906,80.28160095214844,93.37539672851563,93.953125,0,0,0,4.761904716491699,0,0,0,5.263157844543457,0,0,24.84676742553711,25769803776,0,15959916544,0
204,1790713711224,4,4,4,4,4,4,4,4,4,4,93.14189910888672,88.58734893798828,87.13542938232422,91.30323791503906,80.28160095214844,93.37539672851563,93.953125,5,0,0,0,0,0,9.523809432983398,0,0,0,24.84676742553711,25769803776,0,15959916544,0
204,1790713711429,4,4,4,4,4,4,4,4,4,4,93.14189910888672,88.58734893798828,87.13542938232422,91.30323791503906,80.28160095214844,93.37539672851563,93.953125,4.761904716491699,0,0,0,0,0,5,0,0,0,24.978389739990234,25769803776,0,15959916544,0
204,1790713711634,4,4,4,4,4,4,4,4,4,4,93.14189910888672,88.58734893798828,87.13542938232422,91.30323791503906,80.28160095214844,93.37539672851563,93.953125,4.761904716491699,9.090909004211426,5,4.761904716491699,0,0,5,0,0,0,24.978389739990234,25769803776,0,15959916544,0
204,1790713711839,4,4,4,4,4,4,4,4,4,4,93.31742095947266,88.58859252929688,87.4853286743164,91.576171875,80.76956176757813,93.70117950439453,93.953125,0,0,0,0,0,0,9.523809432983398,0,0,0,24.978389739990234,25769803776,0,15959621632,0
204,1790713712044,4,4,4,4,4,4,4,4,4,4,93.31742095947266,88.58859252929688,87.4853286743164,91.576171875,80.76956176757813,93.70117950439453,93.953125,5,0,0,0,0,0,0,0,4.761904716491699,0,24.978389739990234,25769803776,0,15959621632,0
204,1790713712249,4,4,4,4,4,4,4,4,4,4,93.31742095947266,88.58859252929688,87.4853286743164,91.576171875,80.76956176757813,93.70117950439453,93.953125,0,0,4.761904716491699,0,0,0,9.090909004211426,8.69565200805664,0,0,24.978389739990234,25769803776,0,15961440256,0
204,1790713712454,4,4,4,4,4,4,4,4,4,4,93.31742095947266,88.58859252929688,87.4853286743164,91.576171875,80.76956176757813,93.70117950439453,93.953125,0,4.761904716491699,0,0,0,0,0,0,0,0,24.998403549194336,25769803776,0,15959621632,0
204,1790713712658,4,4,4,4,4,4,4,4,4,4,93.31742095947266,88.58859252929688,87.4853286743164,91.576171875,80.76956176757813,93.70117950439453,93.953125,4.761904716491699,0,0,0,0,0,4.761904716491699,0,9.523809432983398,0,24.998403549194336,25769803776,0,15952871424,0
204,1790713712863,4,4,4,4,4,4,4,4,4,4,93.60629272460938,88.83210754394531,87.75170135498047,91.85594177246094,81.06898498535156,94.09923553466797,95.828125,0,0,0,0,0,0,0,5,0,0,24.998403549194336,25769803776,0,15952379904,0
204,1790713713068,4,4,4,4,4,4,4,4,4,4,93.60629272460938,88.83210754394531,87.75170135498047,91.85594177246094,81.06898498535156,94.09923553466797,95.828125,13.636363983154297,21.052631378173828,4.761904716491699,0,0,0,9.523809432983398,0,0,0,24.998403549194336,25769803776,0,15953362944,0
204,1790713713273,4,4,4,4,4,4,4,4,4,4,93.60629272460938,88.83210754394531,87.75170135498047,91.85594177246094,81.06898498535156,94.09923553466797,95.828125,0,42.85714340209961,4.761904716491699,0,0,0,0,0,0,0,24.998403549194336,25769803776,0,15953379328,0
204,1790713713478,4,4,4,4,4,4,4,4,4,4,93.60629272460938,88.83210754394531,87.75170135498047,91.85594177246094,81.06898498535156,94.09923553466797,95.828125,4.761904716491699,9.090909004211426,0,0,0,0,9.523809432983398,0,0,0,24.973857879638672,25769803776,0,15952871424,0
204,1790713713683,4,4,4,4,4,4,4,4,4,4,93.60629272460938,88.83210754394531,87.75170135498047,91.85594177246094,81.06898498535156,94.09923553466797,95.828125,0,0,0,0,0,0,4.761904716491699,4.761904716491699,0,0,24.973857879638672,25769803776,0,15950790656,0
204,1790713713889,4,4,4,4,4,4,4,4,4,4,93.60191345214844,89.2886734008789,87.88902282714844,92.01797485351563,81.16505432128906,94.05848693847656,94.890625,4.761904716491699,0,4.761904716491699,0,0,0,9.523809432983398,0,0,0,24.973857879638672,25769803776,0,15950823424,0
204,1790713714094,4,4,4,4,4,4,4,4,4,4,93.60191345214844,89.2886734008789,87.88902282714844,92.01797485351563,81.16505432128906,94.05848693847656,94.890625,0,4.761904716491699,0,0,0,0,5,0,0,0,24.973857879638672,25769803776,0,15951134720,0
204,1790713714299,4,4,4,4,4,4,4,4,4,4,93.60191345214844,89.2886734008789,87.88902282714844,92.01797485351563,81.16505432128906,94.05848693847656,94.890625,9.090909004211426,4.761904716491699,4.761904716491699,0,0,0,9.523809432983398,0,4.761904716491699,0,25.04300308227539,25769803776,0,15950856192,0
204,1790713714504,4,4,4,4,4,4,4,4,4,4,93.60191345214844,89.2886734008789,87.88902282714844,92.01797485351563,81.16505432128906,94.05848693847656,94.890625,0,0,0,0,0,0,5,4.761904716491699,0,0,25.04300308227539,25769803776,0,15950856192,0
200,1790713714708,4,4,4,4,4,4,4,4,4,4,93.60191345214844,89.2886734008789,87.88902282714844,92.01797485351563,81.16505432128906,94.05848693847656,94.890625,0,0,0,0,0,0,0,0,0,0,25.04300308227539,25769803776,0,15950856192,0
200,1790713714909,4,4,4,4,4,4,4,4,4,4,93.82778930664063,89.39095306396484,88.11976623535156,92.23417663574219,81.3338851928711,94.18160247802734,94.890625,4.761904716491699,0,0,0,0,0,4.761904716491699,0,0,0,25.04300308227539,25769803776,0,15950823424,0
204,1790713715109,4,4,4,4,4,4,4,4,4,4,93.82778930664063,89.39095306396484,88.11976623535156,92.23417663574219,81.3338851928711,94.18160247802734,94.890625,0,5,0,0,0,0,5,4.761904716491699,0,0,25.04300308227539,25769803776,0,15950839808,0
204,1790713715314,4,4,4,4,4,4,4,4,4,4,93.82778930664063,89.39095306396484,88.11976623535156,92.23417663574219,81.3338851928711,94.18160247802734,94.890625,5,0,0,0,0,0,5,4.545454502105713,0,0,25.120929718017578,25769803776,0,15950970880,0
202,1790713715519,4,4,4,4,4,4,4,4,4,4,93.82778930664063,89.39095306396484,88.11976623535156,92.23417663574219,81.3338851928711,94.18160247802734,94.890625,4.761904716491699,4.761904716491699,0,0,0,0,9.523809432983398,0,0,0,25.120929718017578,25769803776,0,15950970880,0
204,1790713715722,4,4,4,4,4,4,4,4,4,4,93.82778930664063,89.39095306396484,88.11976623535156,92.23417663574219,81.3338851928711,94.18160247802734,94.890625,5,4.761904716491699,4.761904716491699,4.761904716491699,0,0,0,5,0,0,25.120929718017578,25769803776,0,15950970880,0
204,1790713715927,4,4,4,4,4,4,4,4,4,4,94.06216430664063,89.53141784667969,88.53620910644531,92.35218048095703,81.92044830322266,94.49404907226563,95.125,10,0,9.523809432983398,0,0,0,5,0,4.545454502105713,0,25.120929718017578,25769803776,0,15965896704,0
204,1790713716132,4,4,4,4,4,4,4,4,4,4,94.06216430664063,89.53141784667969,88.53620910644531,92.35218048095703,81.92044830322266,94.49404907226563,95.125,0,0,0,0,0,0,4.761904716491699,0,0,0,25.120929718017578,25769803776,0,15951052800,0
204,1790713716337,4,4,4,4,4,4,4,4,4,4,94.06216430664063,89.53141784667969,88.53620910644531,92.35218048095703,81.92044830322266,94.49404907226563,95.125,9.090909004211426,9.090909004211426,0,4.545454502105713,0,0,0,9.090909004211426,4.761904716491699,0,25.03392791748047,25769803776,0,15951183872,0
204,1790713716542,4,4,4,4,4,4,4,4,4,4,94.06216430664063,89.53141784667969,88.53620910644531,92.35218048095703,81.92044830322266,94.49404907226563,95.125,0,0,0,0,0,0,5,0,0,0,25.03392791748047,25769803776,0,15937830912,0
204,1790713716747,4,4,4,4,4,4,4,4,4,4,94.06216430664063,89.53141784667969,88.53620910644531,92.35218048095703,81.92044830322266,94.49404907226563,95.125,4.761904716491699,0,0,0,0,0,9.523809432983398,0,0,0,25.03392791748047,25769803776,0,15937896448,0
204,1790713716952,4,4,4,4,4,4,4,4,4,4,94.3134994506836,89.67550659179688,88.56041717529297,92.67430114746094,81.93094635009766,94.81070709228516,96.625,0,4.761904716491699,0,0,0,0,4.761904716491699,0,0,0,25.03392791748047,25769803776,0,15938207744,0
204,1790713717157,4,4,4,4,4,4,4,4,4,4,94.3134994506836,89.67550659179688,88.56041717529297,92.67430114746094,81.93094635009766,94.81070709228516,96.625,9.523809432983398,5,9.090909004211426,0,0,0,5,0,0,0,25.03392791748047,25769803776,0,15938207744,0
204,1790713717362,4,4,4,4,4,4,4,4,4,4,94.3134994506836,89.67550659179688,88.56041717529297,92.67430114746094,81.93094635009766,94.81070709228516,96.625,0,0,0,0,0,0,5,0,0,0,25.1566219329834,25769803776,0,15938207744,0
204,1790713717567,4,4,4,4,4,4,4,4,4,4,94.3134994506836,89.67550659179688,88.56041717529297,92.67430114746094,81.93094635009766,94.81070709228516,96.625,4.761904716491699,4.761904716491699,0,0,0,0,5,0,4.545454502105713,0,25.1566219329834,25769803776,0,15938207744,0
204,1790713717772,4,4,4,4,4,4,4,4,4,4,94.3134994506836,89.67550659179688,88.56041717529297,92.67430114746094,81.93094635009766,94.81070709228516,96.625,0,0,0,0,0,0,9.523809432983398,4.545454502105713,0,0,25.1566219329834,25769803776,0,15938207744,0
200,1790713717977,4,4,4,4,4,4,4,4,4,4,94.5552749633789,90.11308288574219,88.72064971923828,93.02890014648438,81.96664428710938,95.05162048339844,98.484375,0,5,0,4.545454502105713,4.761904716491699,0,4.761904716491699,0,0,0,25.1566219329834,25769803776,0,15946678272,0
204,1790713718177,4,4,4,4,4,4,4,4,4,4,94.5552749633789,90.11308288574219,88.72064971923828,93.02890014648438,81.96664428710938,95.05162048339844,98.484375,9.523809432983398,0,0,0,0,0,10,0,0,0,25.1566219329834,25769803776,0,15938027520,0
204,1790713718382,4,4,4,4,4,4,4,4,4,4,94.5552749633789,90.11308288574219,88.72064971923828,93.02890014648438,81.96664428710938,95.05162048339844,98.484375,10,4.761904716491699,9.090909004211426,4.761904716491699,4.761904716491699,0,4.761904716491699,4.761904716491699,4.545454502105713,0,25.214263916015625,25769803776,0,15938027520,0
204,1790713718587,4,4,4,4,4,4,4,4,4,4,94.5552749633789,90.11308288574219,88.72064971923828,93.02890014648438,81.96664428710938,95.05162048339844,98.484375,0,4.761904716491699,0,0,0,0,9.523809432983398,0,0,0,25.214263916015625,25769803776,0,15938027520,0
204,1790713718792,4,4,4,4,4,4,4,4,4,4,94.5552749633789,90.38304901123047,88.99090576171875,93.02890014648438,82.17699432373047,95.05162048339844,98.484375,4.761904716491699,0,0,0,0,0,0,0,0,0,25.214263916015625,25769803776,0,15938027520,0
204,1790713718997,4,4,4,4,4,4,4,4,4,4,94.75581359863281,90.38304901123047,88.99090576171875,93.24996948242188,82.17699432373047,95.1928482055664,95.828125,0,0,0,0,0,0,5,0,4.761904716491699,0,25.214263916015625,25769803776,0,15938338816,0
201,1790713719202,4,4,4,4,4,4,4,4,4,4,94.75581359863281,90.38304901123047,88.99090576171875,93.24996948242188,82.17699432373047,95.1928482055664,95.828125,0,4.761904716491699,0,0,0,0,9.523809432983398,0,0,0,25.214263916015625,25769803776,0,15938355200,0
204,1790713719404,4,4,4,4,4,4,4,4,4,4,94.75581359863281,90.38304901123047,88.99090576171875,93.24996948242188,82.17699432373047,95.1928482055664,95.828125,5,0,0,0,0,0,5,4.761904716491699,0,0,25.178760528564453,25769803776,0,15938355200,0
204,1790713719609,4,4,4,4,4,4,4,4,4,4,94.75581359863281,90.38304901123047,88.99090576171875,93.24996948242188,82.17699432373047,95.1928482055664,95.828125,0,0,0,0,0,0,9.523809432983398,0,0,0,25.178760528564453,25769803776,0,15938355200,0
204,1790713719814,4,4,4,4,4,4,4,4,4,4,95.05265045166016,90.42792510986328,89.14871978759766,93.39675903320313,82.3281021118164,95.4012680053711,96.28125,9.090909004211426,0,0,0,0,0,0,0,0,0,25.178760528564453,25769803776,0,15938355200,0
204,1790713720019,4,4,4,4,4,4,4,4,4,4,95.05265045166016,90.42792510986328,89.14871978759766,93.39675903320313,82.3281021118164,95.4012680053711,96.28125,0,0,0,0,0,0,4.761904716491699,0,0,0,25.178760528564453,25769803776,0,15940124672,0
203,1790713720224,4,4,4,4,4,4,4,4,4,4,95.05265045166016,90.42792510986328,89.14871978759766,93.39675903320313,82.3281021118164,95.4012680053711,96.28125,9.523809432983398,9.090909004211426,9.090909004211426,0,0,0,9.523809432983398,0,0,0,25.178760528564453,25769803776,0,15938371584,0
204,1790713720427,4,4,4,4,4,4,4,4,4,4,95.05265045166016,90.42792510986328,89.14871978759766,93.39675903320313,82.3281021118164,95.4012680053711,96.28125,0,0,0,0,0,0,0,4.761904716491699,0,0,25.26127052307129,25769803776,0,15938371584,0
204,1790713720632,4,4,4,4,4,4,4,4,4,4,95.05265045166016,90.42792510986328,89.14871978759766,93.39675903320313,82.3281021118164,95.4012680053711,96.28125,4.761904716491699,0,0,0,0,0,9.523809432983398,0,0,0,25.26127052307129,25769803776,0,15938371584,0
204,1790713720837,4,4,4,4,4,4,4,4,4,4,95.33867645263672,90.80354309082031,89.39681243896484,93.46127319335938,82.56180572509766,95.56837463378906,96.28125,0,4.761904716491699,0,0,0,0,5,4.761904716491699,4.761904716491699,0,25.26127052307129,25769803776,0,15938371584,0
204,1790713721042,4,4,4,4,4,4,4,4,4,4,95.33867645263672,90.80354309082031,89.39681243896484,93.46127319335938,82.56180572509766,95.56837463378906,96.28125,9.090909004211426,0,4.761904716491699,0,0,0,4.761904716491699,0,0,0,25.26127052307129,25769803776,0,15938617344,0
204,1790713721247,4,4,4,4,4,4,4,4,4,4,95.33867645263672,90.80354309082031,89.39681243896484,93.46127319335938,82.56180572509766,95.56837463378906,96.28125,4.761904716491699,0,0,0,0,0,9.523809432983398,0,0,0,25.26127052307129,25769803776,0,15938519040,0
204,1790713721452,4,4,4,4,4,4,4,4,4,4,95.33867645263672,90.80354309082031,89.39681243896484,93.46127319335938,82.56180572509766,95.56837463378906,96.28125,0,4.761904716491699,0,0,0,0,5,0,0,0,25.156312942504883,25769803776,0,15938519040,0
204,1790713721657,4,4,4,4,4,4,4,4,4,4,95.33867645263672,90.80354309082031,89.39681243896484,93.46127319335938,82.56180572509766,95.56837463378906,96.28125,0,4.761904716491699,0,4.761904716491699,0,0,9.523809432983398,0,0,0,25.156312942504883,25769803776,0,15938715648,0
204,1790713721862,4,4,4,4,4,4,4,4,4,4,94.97817993164063,90.77436065673828,89.36421966552734,93.41027069091797,82.51995086669922,95.41183471679688,99.421875,4.761904716491699,0,0,4.761904716491699,0,0,0,0,0,0,25.156312942504883,25769803776,0,15938715648,0
204,1790713722067,4,4,4,4,4,4,4,4,4,4,94.97817993164063,90.77436065673828,89.36421966552734,93.41027069091797,82.51995086669922,95.41183471679688,99.421875,4.761904716491699,0,0,0,0,0,9.090909004211426,0,4.761904716491699,0,25.156312942504883,25769803776,0,15938224128,0
202,1790713722272,4,4,4,4,4,4,4,4,4,4,94.97817993164063,90.77436065673828,89.36421966552734,93.41027069091797,82.51995086669922,95.41183471679688,99.421875,5,0,4.761904716491699,0,0,0,5,0,4.545454502105713,0,25.156312942504883,25769803776,0,15951265792,0
200,1790713722475,4,4,4,4,4,4,4,4,4,4,94.97817993164063,90.77436065673828,89.36421966552734,93.41027069091797,82.51995086669922,95.41183471679688,99.421875,5,0,0,0,0,0,5,0,0,0,25.337011337280273,25769803776,0,15938371584,0
204,1790713722675,4,4,4,4,4,4,4,4,4,4,94.97817993164063,90.77436065673828,89.36421966552734,93.41027069091797,82.51995086669922,95.41183471679688,99.421875,0,4.761904716491699,0,0,0,0,9.523809432983398,5,0,0,25.337011337280273,25769803776,0,15938371584,0
202,1790713722880,4,4,4,4,4,4,4,4,4,4,94.67899322509766,90.5368423461914,89.27562713623047,93.2992935180664,82.43000030517578,95.16936492919922,99.421875,5,4.761904716491699,0,4.761904716491699,0,0,0,4.761904716491699,0,0,25.337011337280273,25769803776,0,15938371584,0
204,1790713723083,4,4,4,4,4,4,4,4,4,4,94.67899322509766,90.5368423461914,89.27562713623047,93.2992935180664,82.43000030517578,95.16936492919922,99.421875,4.761904716491699,0,0,0,0,0,9.523809432983398,0,0,0,25.337011337280273,25769803776,0,15938355200,0
204,1790713723288,4,4,4,4,4,4,4,4,4,4,94.67899322509766,90.5368423461914,89.27562713623047,93.2992935180664,82.43000030517578,95.16936492919922,99.421875,0,0,0,0,0,0,5,0,0,0,25.337011337280273,25769803776,0,15938355200,0
204,1790713723493,4,4,4,4,4,4,4,4,4,4,94.67899322509766,90.5368423461914,89.27562713623047,93.2992935180664,82.43000030517578,95.16936492919922,99.421875,4.761904716491699,0,0,0,0,4.545454502105713,4.761904716491699,0,0,0,24.262229919433594,25769803776,0,15937912832,0
204,1790713723698,4,4,4,4,4,4,4,4,4,4,94.67899322509766,90.5368423461914,89.27562713623047,93.2992935180664,82.43000030517578,95.16936492919922,99.421875,0,0,4.761904716491699,4.761904716491699,0,0,9.523809432983398,0,0,0,24.262229919433594,25769803776,0,15937929216,0
204,1790713723903,4,4,4,4,4,4,4,4,4,4,94.57233428955078,90.6957778930664,89.3404312133789,93.21011352539063,82.49937438964844,95.1041259765625,95.828125,0,0,0,0,0,0,0,0,4.761904716491699,0,24.262229919433594,25769803776,0,15939747840,0
204,1790713724108,4,4,4,4,4,4,4,4,4,4,94.57233428955078,90.6957778930664,89.3404312133789,93.21011352539063,82.49937438964844,95.1041259765625,95.828125,4.761904716491699,0,0,0,0,0,5,0,0,0,24.262229919433594,25769803776,0,15938109440,0
204,1790713724313,4,4,4,4,4,4,4,4,4,4,94.57233428955078,90.6957778930664,89.3404312133789,93.21011352539063,82.49937438964844,95.1041259765625,95.828125,0,4.545454502105713,0,0,0,0,9.090909004211426,0,4.545454502105713,0,23.973007202148438,25769803776,0,15938125824,0
204,1790713724518,4,4,4,4,4,4,4,4,4,4,94.57233428955078,90.6957778930664,89.3404312133789,93.21011352539063,82.49937438964844,95.1041259765625,95.828125,9.523809432983398,5,4.761904716491699,0,0,0,0,9.523809432983398,0,4.761904716491699,23.973007202148438,25769803776,0,15938371584,0
204,1790713724723,4,4,4,4,4,4,4,4,4,4,94.57233428955078,90.6957778930664,89.3404312133789,93.21011352539063,82.49937438964844,95.1041259765625,95.828125,0,0,0,0,0,0,0,4.761904716491699,0,0,23.973007202148438,25769803776,0,15938371584,0
204,1790713724928,4,4,4,4,4,4,4,4,4,4,94.63197326660156,90.30267333984375,89.57928466796875,93.26910400390625,82.94976806640625,95.15042114257813,98.71875,4.761904716491699,0,0,0,0,0,0,9.523809432983398,0,0,23.973007202148438,25769803776,0,15938371584,0
202,1790713725133,4,4,4,4,4,4,4,4,4,4,94.63197326660156,90.30267333984375,89.57928466796875,93.26910400390625,82.94976806640625,95.15042114257813,98.71875,0,4.761904716491699,0,0,0,0,0,5,0,0,23.973007202148438,25769803776,0,15938158592,0
204,1790713725336,4,4,4,4,4,4,4,4,4,4,94.63197326660156,90.30267333984375,89.57928466796875,93.26910400390625,82.94976806640625,95.15042114257813,98.71875,5,0,4.761904716491699,0,0,0,0,5,4.761904716491699,0,24.026208877563477,25769803776,0,15938158592,0
202,1790713725541,4,4,4,4,4,4,4,4,4,4,94.63197326660156,90.30267333984375,89.57928466796875,93.26910400390625,82.94976806640625,95.15042114257813,98.71875,0,4.761904716491699,0,0,0,0,4.761904716491699,5,0,0,24.026208877563477,25769803776,0,15938158592,0
204,1790713725743,4,4,4,4,4,4,4,4,4,4,94.63197326660156,90.30267333984375,89.57928466796875,93.26910400390625,82.94976806640625,95.15042114257813,98.71875,4.761904716491699,0,4.761904716491699,0,0,0,0,5,0,0,24.026208877563477,25769803776,0,15938469888,0
201,1790713725948,4,4,4,4,4,4,4,4,4,4,94.61380767822266,90.18623352050781,89.74954223632813,93.27754974365234,83.2490463256836,95.11579895019531,98.265625,0,0,0,0,0,0,0,9.090909004211426,0,0,24.026208877563477,25769803776,0,15938469888,0
204,1790713726150,4,4,4,4,4,4,4,4,4,4,94.61380767822266,90.18623352050781,89.74954223632813,93.27754974365234,83.2490463256836,95.11579895019531,98.265625,5,0,0,0,0,0,0,5,0,0,24.026208877563477,25769803776,0,15938600960,0
202,1790713726355,4,4,4,4,4,4,4,4,4,4,94.61380767822266,90.18623352050781,89.74954223632813,93.27754974365234,83.2490463256836,95.11579895019531,98.265625,4.761904716491699,4.761904716491699,0,0,0,0,0,5,0,0,24.015060424804688,25769803776,0,15938486272,0
204,1790713726557,4,4,4,4,4,4,4,4,4,4,94.61380767822266,90.18623352050781,89.74954223632813,93.27754974365234,83.2490463256836,95.11579895019531,98.265625,10,5,5,0,0,0,0,5,0,0,24.015060424804688,25769803776,0,15951478784,0
201,1790713726762,4,4,4,4,4,4,4,4,4,4,94.61380767822266,90.18623352050781,89.74954223632813,93.27754974365234,83.2490463256836,95.11579895019531,98.265625,0,0,4.761904716491699,0,0,0,4.545454502105713,9.523809432983398,0,0,24.015060424804688,25769803776,0,15938502656,0
204,1790713726964,4,4,4,4,4,4,4,4,4,4,94.72676849365234,90.26995086669922,89.92982482910156,93.3315200805664,83.48594665527344,95.21644592285156,96.28125,0,0,0,0,0,0,4.761904716491699,5,4.761904716491699,0,24.015060424804688,25769803776,0,15938371584,0
204,1790713727169,4,4,4,4,4,4,4,4,4,4,94.72676849365234,90.26995086669922,89.92982482910156,93.3315200805664,83.48594665527344,95.21644592285156,96.28125,5,4.761904716491699,0,0,0,0,0,5,4.761904716491699,0,24.015060424804688,25769803776,0,15938404352,0
204,1790713727374,4,4,4,4,4,4,4,4,4,4,94.72676849365234,90.26995086669922,89.92982482910156,93.3315200805664,83.48594665527344,95.21644592285156,96.28125,4.761904716491699,0,0,0,0,0,0,4.761904716491699,0,0,23.861106872558594,25769803776,0,15938404352,0
204,1790713727579,4,4,4,4,4,4,4,4,4,4,94.72676849365234,90.26995086669922,89.92982482910156,93.3315200805664,83.48594665527344,95.21644592285156,96.28125,4.761904716491699,4.761904716491699,0,0,0,0,0,5,0,0,23.861106872558594,25769803776,0,15938404352,0
204,1790713727784,4,4,4,4,4,4,4,4,4,4,94.72676849365234,90.26995086669922,89.92982482910156,93.3315200805664,83.48594665527344,95.21644592285156,96.28125,0,0,0,0,0,0,0,4.761904716491699,0,0,23.861106872558594,25769803776,0,15938404352,0
204,1790713727989,4,4,4,4,4,4,4,4,4,4,94.9568099975586,90.28316497802734,89.85794067382813,93.4071044921875,83.3936538696289,95.37914276123047,96.28125,0,0,0,0,0,0,0,5,0,0,23.861106872558594,25769803776,0,15938404352,0
204,1790713728194,4,4,4,4,4,4,4,4,4,4,94.9568099975586,90.28316497802734,89.85794067382813,93.4071044921875,83.3936538696289,95.37914276123047,96.28125,4.761904716491699,0,0,0,0,0,4.761904716491699,9.523809432983398,0,0,23.861106872558594,25769803776,0,15938322432,0
202,1790713728399,4,4,4,4,4,4,4,4,4,4,94.9568099975586,90.28316497802734,89.85794067382813,93.4071044921875,83.3936538696289,95.37914276123047,96.28125,0,0,0,0,0,0,0,5,4.545454502105713,0,24.10173988342285,25769803776,0,15938371584,0
203,1790713728602,4,4,4,4,4,4,4,4,4,4,94.9568099975586,90.28316497802734,89.85794067382813,93.4071044921875,83.3936538696289,95.37914276123047,96.28125,5,4.761904716491699,9.523809432983398,0,0,0,0,0,0,0,24.10173988342285,25769803776,0,15951249408,0
204,1790713728805,4,4,4,4,4,4,4,4,4,4,95.12744903564453,90.56234741210938,90.15110778808594,93.45951080322266,83.75690460205078,95.49713897705078,96.515625,5,5,0,0,0,0,0,9.523809432983398,0,0,24.10173988342285,25769803776,0,15951478784,0
202,1790713729010,4,4,4,4,4,4,4,4,4,4,95.12744903564453,90.56234741210938,90.15110778808594,93.45951080322266,83.75690460205078,95.49713897705078,96.515625,4.761904716491699,4.761904716491699,0,0,0,0,0,5,0,0,24.10173988342285,25769803776,0,15951478784,0
204,1790713729212,4,4,4,4,4,4,4,4,4,4,95.12744903564453,90.56234741210938,90.15110778808594,93.45951080322266,83.75690460205078,95.49713897705078,96.515625,0,0,0,0,0,0,0,9.523809432983398,0,0,24.10173988342285,25769803776,0,15938404352,0
200,1790713729417,4,4,4,4,4,4,4,4,4,4,95.12744903564453,90.56234741210938,90.15110778808594,93.45951080322266,83.75690460205078,95.49713897705078,96.515625,0,0,0,0,0,0,0,5,0,0,24.262775421142578,25769803776,0,15938404352,0
200,1790713729618,4,4,4,4,4,4,4,4,4,4,95.12744903564453,90.56234741210938,90.15110778808594,93.45951080322266,83.75690460205078,95.49713897705078,96.515625,4.761904716491699,0,0,0,0,0,4.761904716491699,5,0,0,24.262775421142578,25769803776,0,15938420736,0
200,1790713729819,4,4,4,4,4,4,4,4,4,4,94.3421859741211,90.32986450195313,89.97657012939453,93.06456756591797,83.55939483642578,94.93497467041016,96.046875,0,0,0,4.761904716491699,0,0,5,5,4.761904716491699,0,24.262775421142578,25769803776,0,15938420736,0
204,1790713730019,4,4,4,4,4,4,4,4,4,4,94.3421859741211,90.32986450195313,89.97657012939453,93.06456756591797,83.55939483642578,94.93497467041016,96.046875,0,0,0,0,0,0,0,9.523809432983398,0,0,24.262775421142578,25769803776,0,15938240512,0
204,1790713730224,4,4,4,4,4,4,4,4,4,4,94.3421859741211,90.32986450195313,89.97657012939453,93.06456756591797,83.55939483642578,94.93497467041016,96.046875,9.523809432983398,4.761904716491699,4.761904716491699,4.761904716491699,0,0,0,5,0,0,24.262775421142578,25769803776,0,15938486272,0
204,1790713730429,4,4,4,4,4,4,4,4,4,4,94.3421859741211,90.32986450195313,89.97657012939453,93.06456756591797,83.55939483642578,94.93497467041016,96.046875,0,0,0,0,0,0,0,5,0,0,23.80062484741211,25769803776,0,15938469888,0
204,1790713730634,4,4,4,4,4,4,4,4,4,4,94.3421859741211,90.32986450195313,89.97657012939453,93.06456756591797,83.55939483642578,94.93497467041016,96.046875,4.761904716491699,4.761904716491699,4.761904716491699,0,0,0,0,9.523809432983398,4.761904716491699,0,23.80062484741211,25769803776,0,15938502656,0
201,1790713730839,4,4,4,4,4,4,4,4,4,4,93.79460906982422,90.0386734008789,89.64379119873047,92.40339660644531,83.10441589355469,94.30793762207031,95.359375,0,0,0,5,0,0,4.761904716491699,0,0,0,23.80062484741211,25769803776,0,15938502656,0
200,1790713731041,4,4,4,4,4,4,4,4,4,4,93.79460906982422,90.0386734008789,89.64379119873047,92.40339660644531,83.10441589355469,94.30793762207031,95.359375,9.090909004211426,0,0,0,0,0,0,5,0,0,23.80062484741211,25769803776,0,15938502656,0
204,1790713731241,4,4,4,4,4,4,4,4,4,4,93.79460906982422,90.0386734008789,89.64379119873047,92.40339660644531,83.10441589355469,94.30793762207031,95.359375,0,4.761904716491699,0,0,0,0,0,5,0,0,23.80062484741211,25769803776,0,15938502656,0
201,1790713731446,4,4,4,4,4,4,4,4,4,4,93.79460906982422,90.0386734008789,89.64379119873047,92.40339660644531,83.10441589355469,94.30793762207031,95.359375,4.761904716491699,0,0,0,4.761904716491699,0,0,5,0,0,22.80613899230957,25769803776,0,15938502656,0
204,1790713731648,4,4,4,4,4,4,4,4,4,4,93.79460906982422,90.0386734008789,89.64379119873047,92.40339660644531,83.10441589355469,94.30793762207031,95.359375,0,0,0,0,0,0,4.761904716491699,9.523809432983398,0,0,22.80613899230957,25769803776,0,15938256896,0
202,1790713731853,4,4,4,4,4,4,4,4,4,4,93.34117126464844,89.68336486816406,89.40949249267578,91.99687194824219,82.96697235107422,93.86219787597656,95.125,0,0,0,4.761904716491699,0,0,0,5,4.761904716491699,0,22.80613899230957,25769803776,0,15938256896,0
200,1790713732056,4,4,4,4,4,4,4,4,4,4,93.34117126464844,89.68336486816406,89.40949249267578,91.99687194824219,82.96697235107422,93.86219787597656,95.125,5,0,0,0,0,4.761904716491699,0,9.523809432983398,0,0,22.80613899230957,25769803776,0,15938093056,0
204,1790713732256,4,4,4,4,4,4,4,4,4,4,93.34117126464844,89.68336486816406,89.40949249267578,91.99687194824219,82.96697235107422,93.86219787597656,95.125,0,4.761904716491699,0,0,0,0,4.761904716491699,5,0,0,22.80613899230957,25769803776,0,15938093056,0
202,1790713732461,4,4,4,4,4,4,4,4,4,4,93.34117126464844,89.68336486816406,89.40949249267578,91.99687194824219,82.96697235107422,93.86219787597656,95.125,0,4.761904716491699,0,0,0,0,0,0,0,0,22.136367797851563,25769803776,0,15938109440,0
200,1790713732664,4,4,4,4,4,4,4,4,4,4,93.34117126464844,89.68336486816406,89.40949249267578,91.99687194824219,82.96697235107422,93.86219787597656,95.125,4.761904716491699,0,0,0,0,0,0,9.523809432983398,0,0,22.136367797851563,25769803776,0,15938109440,0
204,1790713732864,4,4,4,4,4,4,4,4,4,4,93.08589935302734,89.27781677246094,88.90313720703125,91.62176513671875,82.43744659423828,93.44755554199219,94.65625,0,0,9.523809432983398,0,0,0,0,5,0,0,22.136367797851563,25769803776,0,15938109440,0
204,1790713733069,4,4,4,4,4,4,4,4,4,4,93.08589935302734,89.27781677246094,88.90313720703125,91.62176513671875,82.43744659423828,93.44755554199219,94.65625,9.523809432983398,0,0,0,0,0,0,9.523809432983398,0,0,22.136367797851563,25769803776,0,15938109440,0
204,1790713733275,4,4,4,4,4,4,4,4,4,4,93.08589935302734,89.27781677246094,88.90313720703125,91.62176513671875,82.43744659423828,93.44755554199219,94.65625,4.761904716491699,4.761904716491699,0,0,0,0,0,4.761904716491699,4.545454502105713,0,22.136367797851563,25769803776,0,15938322432,0
204,1790713733480,4,4,4,4,4,4,4,4,4,4,93.08589935302734,89.27781677246094,88.90313720703125,91.62176513671875,82.43744659423828,93.44755554199219,94.65625,0,0,0,0,0,0,9.090909004211426,5,0,0,21.478134155273438,25769803776,0,15938322432,0
200,1790713733685,4,4,4,4,4,4,4,4,4,4,93.08589935302734,89.27781677246094,88.90313720703125,91.62176513671875,82.43744659423828,93.44755554199219,94.65625,4.761904716491699,0,0,0,0,0,0,9.523809432983398,4.761904716491699,0,21.478134155273438,25769803776,0,15938027520,0
204,1790713733885,4,4,4,4,4,4,4,4,4,4,92.93573760986328,89.16831970214844,88.8800048828125,91.40326690673828,82.4223861694336,93.2503662109375,94.421875,0,0,4.761904716491699,0,0,0,0,0,0,0,21.478134155273438,25769803776,0,15938174976,0
204,1790713734090,4,4,4,4,4,4,4,4,4,4,92.93573760986328,89.16831970214844,88.8800048828125,91.40326690673828,82.4223861694336,93.2503662109375,94.421875,0,0,0,0,0,0,0,4.761904716491699,0,0,21.478134155273438,25769803776,0,15938174976,0
204,1790713734295,4,4,4,4,4,4,4,4,4,4,92.93573760986328,89.16831970214844,88.8800048828125,91.40326690673828,82.4223861694336,93.2503662109375,94.421875,4.761904716491699,4.761904716491699,0,0,0,0,0,5,0,0,21.478134155273438,25769803776,0,15938437120,0
200,1790713734500,4,4,4,4,4,4,4,4,4,4,92.93573760986328,89.16831970214844,88.8800048828125,91.40326690673828,82.4223861694336,93.2503662109375,94.421875,0,4.545454502105713,0,0,0,0,0,4.761904716491699,0,0,21.56210708618164,25769803776,0,15938437120,0
200,1790713734700,4,4,4,4,4,4,4,4,4,4,92.93573760986328,89.16831970214844,88.8800048828125,91.40326690673828,82.4223861694336,93.2503662109375,94.421875,5,0,0,0,0,0,0,10,0,0,21.56210708618164,25769803776,0,15938437120,0
204,1790713734901,4,4,4,4,4,4,4,4,4,4,92.74185943603516,88.93440246582031,88.71520233154297,91.16085815429688,82.26427459716797,92.95089721679688,93.953125,0,0,0,0,0,0,9.090909004211426,5,0,0,21.56210708618164,25769803776,0,15938617344,0
204,1790713735106,4,4,4,4,4,4,4,4,4,4,92.74185943603516,88.93440246582031,88.71520233154297,91.16085815429688,82.26427459716797,92.95089721679688,93.953125,9.523809432983398,9.523809432983398,4.761904716491699,0,4.761904716491699,0,0,5,0,0,21.56210708618164,25769803776,0,15938650112,0
203,1790713735311,4,4,4,4,4,4,4,4,4,4,92.74185943603516,88.93440246582031,88.71520233154297,91.16085815429688,82.26427459716797,92.95089721679688,93.953125,4.761904716491699,0,0,0,0,0,0,4.761904716491699,4.545454502105713,0,21.38144302368164,25769803776,0,15938682880,0
204,1790713735515,4,4,4,4,4,4,4,4,4,4,92.74185943603516,88.93440246582031,88.71520233154297,91.16085815429688,82.26427459716797,92.95089721679688,93.953125,0,0,0,0,0,0,0,5,0,0,21.38144302368164,25769803776,0,15938519040,0
204,1790713735720,4,4,4,4,4,4,4,4,4,4,92.74185943603516,88.93440246582031,88.71520233154297,91.16085815429688,82.26427459716797,92.95089721679688,93.953125,0,0,0,0,0,0,0,9.523809432983398,0,0,21.38144302368164,25769803776,0,15938519040,0
204,1790713735925,4,4,4,4,4,4,4,4,4,4,92.57572174072266,88.72476196289063,88.43614959716797,90.94657897949219,81.95189666748047,92.79515838623047,93.71875,4.761904716491699,0,0,4.545454502105713,0,0,0,5,0,0,21.38144302368164,25769803776,0,15938519040,0
204,1790713736130,4,4,4,4,4,4,4,4,4,4,92.57572174072266,88.72476196289063,88.43614959716797,90.94657897949219,81.95189666748047,92.79515838623047,93.71875,4.761904716491699,0,0,0,0,0,0,5,0,0,21.38144302368164,25769803776,0,15938519040,0
204,1790713736335,4,4,4,4,4,4,4,4,4,4,92.57572174072266,88.72476196289063,88.43614959716797,90.94657897949219,81.95189666748047,92.79515838623047,93.71875,5,4.761904716491699,4.761904716491699,0,0,0,0,9.523809432983398,4.545454502105713,0,21.240253448486328,25769803776,0,15939026944,0
204,1790713736540,4,4,4,4,4,4,4,4,4,4,92.57572174072266,88.72476196289063,88.43614959716797,90.94657897949219,81.95189666748047,92.79515838623047,93.71875,0,4.761904716491699,0,0,0,0,0,4.761904716491699,0,0,21.240253448486328,25769803776,0,15938961408,0
204,1790713736745,4,4,4,4,4,4,4,4,4,4,92.57572174072266,88.72476196289063,88.43614959716797,90.94657897949219,81.95189666748047,92.79515838623047,93.71875,4.761904716491699,0,0,0,0,0,4.761904716491699,9.523809432983398,0,0,21.240253448486328,25769803776,0,15938961408,0
204,1790713736950,4,4,4,4,4,4,4,4,4,4,92.24909973144531,88.640625,88.39405822753906,90.70036315917969,82.02516174316406,92.57644653320313,93.71875,0,0,0,0,0,0,0,0,0,0,21.240253448486328,25769803776,0,15938977792,0
204,1790713737155,4,4,4,4,4,4,4,4,4,4,92.24909973144531,88.640625,88.39405822753906,90.70036315917969,82.02516174316406,92.57644653320313,93.71875,9.523809432983398,5,5,0,0,0,0,9.523809432983398,0,0,21.240253448486328,25769803776,0,15952150528,0
204,1790713737359,4,4,4,4,4,4,4,4,4,4,92.24909973144531,88.640625,88.39405822753906,90.70036315917969,82.02516174316406,92.57644653320313,93.71875,0,0,0,0,0,0,0,5,4.761904716491699,0,21.111618041992188,25769803776,0,15939076096,0
204,1790713737564,4,4,4,4,4,4,4,4,4,4,92.24909973144531,88.640625,88.39405822753906,90.70036315917969,82.02516174316406,92.57644653320313,93.71875,4.761904716491699,0,4.761904716491699,4.761904716491699,0,0,0,9.523809432983398,4.761904716491699,0,21.111618041992188,25769803776,0,15939076096,0
204,1790713737769,4,4,4,4,4,4,4,4,4,4,92.24909973144531,88.640625,88.39405822753906,90.70036315917969,82.02516174316406,92.57644653320313,93.71875,4.761904716491699,4.761904716491699,0,0,0,0,4.761904716491699,4.761904716491699,0,0,21.111618041992188,25769803776,0,15939076096,0
204,1790713737974,4,4,4,4,4,4,4,4,4,4,91.978515625,88.4067153930664,88.20907592773438,90.52918243408203,81.80288696289063,92.2774887084961,93.484375,4.761904716491699,0,0,0,0,0,0,5,0,0,21.111618041992188,25769803776,0,15939076096,0
204,1790713738179,4,4,4,4,4,4,4,4,4,4,91.978515625,88.4067153930664,88.20907592773438,90.52918243408203,81.80288696289063,92.2774887084961,93.484375,0,4.545454502105713,4.545454502105713,0,0,0,0,4.761904716491699,0,0,21.111618041992188,25769803776,0,15939076096,0
201,1790713738384,4,4,4,4,4,4,4,4,4,4,91.978515625,88.4067153930664,88.20907592773438,90.52918243408203,81.80288696289063,92.2774887084961,93.484375,5,0,0,0,0,0,0,0,0,0,20.755847930908203,25769803776,0,15939026944,0
200,1790713738586,4,4,4,4,4,4,4,4,4,4,91.978515625,88.4067153930664,88.20907592773438,90.52918243408203,81.80288696289063,92.2774887084961,93.484375,0,0,0,0,0,0,0,9.523809432983398,0,4.761904716491699,20.755847930908203,25769803776,0,15939043328,0
200,1790713738787,4,4,4,4,4,4,4,4,4,4,91.978515625,88.4067153930664,88.20907592773438,90.52918243408203,81.80288696289063,92.2774887084961,93.484375,0,0,0,0,0,0,10,0,0,0,20.755847930908203,25769803776,0,15939076096,0
204,1790713738987,4,4,4,4,4,4,4,4,4,4,91.70659637451172,88.2404556274414,87.70223236083984,90.27325439453125,81.07925415039063,91.88573455810547,93.828125,9.523809432983398,4.761904716491699,0,0,0,0,0,5,0,0,20.755847930908203,25769803776,0,15939076096,0
201,1790713739192,4,4,4,4,4,4,4,4,4,4,91.70659637451172,88.2404556274414,87.70223236083984,90.27325439453125,81.07925415039063,91.88573455810547,93.828125,0,4.761904716491699,0,0,0,0,0,5,0,0,20.755847930908203,25769803776,0,15939076096,0
200,1790713739394,4,4,4,4,4,4,4,4,4,4,91.70659637451172,88.2404556274414,87.70223236083984,90.27325439453125,81.07925415039063,91.88573455810547,93.828125,5.263157844543457,0,5,0,0,4.761904716491699,0,9.523809432983398,9.090909004211426,0,20.623456954956055,25769803776,0,15939141632,0
200,1790713739594,4,4,4,4,4,4,4,4,4,4,91.70659637451172,88.2404556274414,87.70223236083984,90.27325439453125,81.07925415039063,91.88573455810547,93.828125,5,0,0,0,0,0,5,5,0,0,20.623456954956055,25769803776,0,15939239936,0
204,1790713739795,4,4,4,4,4,4,4,4,4,4,91.4346694946289,87.96269226074219,87.74994659423828,89.9123764038086,81.23377227783203,91.61882019042969,96.625,4.761904716491699,0,0,0,0,0,0,5,0,0,20.623456954956055,25769803776,0,15939239936,0
204,1790713740000,4,4,4,4,4,4,4,4,4,4,91.4346694946289,87.96269226074219,87.74994659423828,89.9123764038086,81.23377227783203,91.61882019042969,96.625,0,0,0,0,0,0,0,5,0,0,20.623456954956055,25769803776,0,15939239936,0
204,1790713740205,4,4,4,4,4,4,4,4,4,4,91.4346694946289,87.96269226074219,87.74994659423828,89.9123764038086,81.23377227783203,91.61882019042969,96.625,4.761904716491699,9.090909004211426,4.545454502105713,0,0,0,5,0,0,0,20.623456954956055,25769803776,0,15939239936,0
204,1790713740410,4,4,4,4,4,4,4,4,4,4,91.4346694946289,87.96269226074219,87.74994659423828,89.9123764038086,81.23377227783203,91.61882019042969,96.625,0,0,0,4.761904716491699,0,0,4.545454502105713,9.523809432983398,0,0,20.34568214416504,25769803776,0,15939338240,0
204,1790713740615,4,4,4,4,4,4,4,4,4,4,91.4346694946289,87.96269226074219,87.74994659423828,89.9123764038086,81.23377227783203,91.61882019042969,96.625,4.761904716491699,0,0,0,0,0,0,4.761904716491699,0,0,20.34568214416504,25769803776,0,15939338240,0
202,1790713740820,4,4,4,4,4,4,4,4,4,4,91.17240142822266,87.90402221679688,87.39287567138672,89.66402435302734,80.73550415039063,91.37338256835938,93.71875,0,0,4.761904716491699,0,0,0,0,9.523809432983398,0,0,20.34568214416504,25769803776,0,15939289088,0
204,1790713741022,4,4,4,4,4,4,4,4,4,4,91.17240142822266,87.90402221679688,87.39287567138672,89.66402435302734,80.73550415039063,91.37338256835938,93.71875,9.523809432983398,0,0,0,0,0,0,5,4.761904716491699,0,20.34568214416504,25769803776,0,15939289088,0
202,1790713741227,4,4,4,4,4,4,4,4,4,4,91.17240142822266,87.90402221679688,87.39287567138672,89.66402435302734,80.73550415039063,91.37338256835938,93.71875,0,4.545454502105713,0,0,0,0,0,9.523809432983398,0,0,20.34568214416504,25769803776,0,15939092480,0
200,1790713741430,4,4,4,4,4,4,4,4,4,4,91.17240142822266,87.90402221679688,87.39287567138672,89.66402435302734,80.73550415039063,91.37338256835938,93.71875,5,5,5,0,0,0,0,0,0,0,20.12956428527832,25769803776,0,15951872000,0
200,1790713741630,4,4,4,4,4,4,4,4,4,4,91.17240142822266,87.90402221679688,87.39287567138672,89.66402435302734,80.73550415039063,91.37338256835938,93.71875,0,0,4.761904716491699,0,4.761904716491699,0,0,5,0,0,20.12956428527832,25769803776,0,15940911104,0
200,1790713741831,4,4,4,4,4,4,4,4,4,4,90.95995330810547,87.55921936035156,87.2573013305664,89.50405883789063,80.61450958251953,91.19210815429688,95.6875,5,0,0,0,0,0,0,5,0,0,20.12956428527832,25769803776,0,15939010560,0
204,1790713742032,4,4,4,4,4,4,4,4,4,4,90.95995330810547,87.55921936035156,87.2573013305664,89.50405883789063,80.61450958251953,91.19210815429688,95.6875,0,0,0,0,0,0,5,5,0,0,20.12956428527832,25769803776,0,15939010560,0
204,1790713742237,4,4,4,4,4,4,4,4,4,4,90.95995330810547,87.55921936035156,87.2573013305664,89.50405883789063,80.61450958251953,91.19210815429688,95.6875,4.761904716491699,4.761904716491699,0,0,0,0,0,5,0,0,20.12956428527832,25769803776,0,15939076096,0
204,1790713742442,4,4,4,4,4,4,4,4,4,4,90.95995330810547,87.55921936035156,87.2573013305664,89.50405883789063,80.61450958251953,91.19210815429688,95.6875,5,0,0,0,0,0,9.523809432983398,4.761904716491699,4.761904716491699,0,20.10680389404297,25769803776,0,15939059712,0
204,1790713742647,4,4,4,4,4,4,4,4,4,4,90.95995330810547,87.55921936035156,87.2573013305664,89.50405883789063,80.61450958251953,91.19210815429688,95.6875,0,0,0,0,0,0,0,4.761904716491699,0,0,20.10680389404297,25769803776,0,15939059712,0
204,1790713742852,4,4,4,4,4,4,4,4,4,4,90.62406158447266,87.52616119384766,87.07837677001953,89.21497344970703,80.3730239868164,90.91986083984375,92.3125,4.761904716491699,4.761904716491699,0,0,0,0,0,5,0,0,20.10680389404297,25769803776,0,15939059712,0
201,1790713743057,4,4,4,4,4,4,4,4,4,4,90.62406158447266,87.52616119384766,87.07837677001953,89.21497344970703,80.3730239868164,90.91986083984375,92.3125,0,10,0,0,0,0,0,9.523809432983398,0,0,20.10680389404297,25769803776,0,15939010560,0
204,1790713743258,4,4,4,4,4,4,4,4,4,4,90.62406158447266,87.52616119384766,87.07837677001953,89.21497344970703,80.3730239868164,90.91986083984375,92.3125,5,55,0,4.761904716491699,0,0,9.523809432983398,0,0,0,20.10680389404297,25769803776,0,15939010560,0
204,1790713743463,4,4,4,4,4,4,4,4,4,4,90.62406158447266,87.52616119384766,87.07837677001953,89.21497344970703,80.3730239868164,90.91986083984375,92.3125,0,4.761904716491699,9.090909004211426,0,0,0,0,9.523809432983398,4.761904716491699,0,19.873615264892578,25769803776,0,15945728000,0
204,1790713743668,4,4,4,4,4,4,4,4,4,4,90.62406158447266,87.52616119384766,87.07837677001953,89.21497344970703,80.3730239868164,90.91986083984375,92.3125,4.761904716491699,0,0,0,0,0,0,5,0,0,19.873615264892578,25769803776,0,15938977792,0
204,1790713743873,4,4,4,4,4,4,4,4,4,4,90.35375213623047,87.29822540283203,86.74939727783203,89.05274963378906,80.02680969238281,90.74728393554688,92.3125,0,0,0,0,0,0,0,5,0,0,19.873615264892578,25769803776,0,15938977792,0
204,1790713744078,4,4,4,4,4,4,4,4,4,4,90.35375213623047,87.29822540283203,86.74939727783203,89.05274963378906,80.02680969238281,90.74728393554688,92.3125,9.523809432983398,0,0,0,0,0,0,4.761904716491699,4.761904716491699,0,19.873615264892578,25769803776,0,15938977792,0
204,1790713744284,4,4,4,4,4,4,4,4,4,4,90.35375213623047,87.29822540283203,86.74939727783203,89.05274963378906,80.02680969238281,90.74728393554688,92.3125,0,4.761904716491699,0,0,0,0,0,5,0,0,19.873615264892578,25769803776,0,15938977792,0
202,1790713744489,4,4,4,4,4,4,4,4,4,4,90.35375213623047,87.29822540283203,86.74939727783203,89.05274963378906,80.02680969238281,90.74728393554688,92.3125,4.761904716491699,0,0,0,0,0,4.761904716491699,0,5,0,19.64103889465332,25769803776,0,15938879488,0
204,1790713744692,4,4,4,4,4,4,4,4,4,4,90.35375213623047,87.29822540283203,86.74939727783203,89.05274963378906,80.02680969238281,90.74728393554688,92.3125,0,0,4.761904716491699,0,0,0,0,9.523809432983398,0,0,19.64103889465332,25769803776,0,15938895872,0
204,1790713744897,4,4,4,4,4,4,4,4,4,4,90.23008728027344,86.99478912353516,86.6268310546875,88.8784408569336,80.01797485351563,90.68504333496094,92.546875,0,4.761904716491699,0,0,0,0,0,4.761904716491699,0,0,19.64103889465332,25769803776,0,15938895872,0
203,1790713745102,4,4,4,4,4,4,4,4,4,4,90.23008728027344,86.99478912353516,86.6268310546875,88.8784408569336,80.01797485351563,90.68504333496094,92.546875,4.761904716491699,0,4.545454502105713,0,0,0,0,9.523809432983398,0,0,19.64103889465332,25769803776,0,15938895872,0
204,1790713745305,4,4,4,4,4,4,4,4,4,4,90.23008728027344,86.99478912353516,86.6268310546875,88.8784408569336,80.01797485351563,90.68504333496094,92.546875,0,0,0,0,0,0,0,0,4.761904716491699,0,19.57848358154297,25769803776,0,15938895872,0
204,1790713745510,4,4,4,4,4,4,4,4,4,4,90.23008728027344,86.99478912353516,86.6268310546875,88.8784408569336,80.01797485351563,90.68504333496094,92.546875,5,0,0,0,0,0,4.761904716491699,5,0,0,19.57848358154297,25769803776,0,15938699264,0
204,1790713745715,4,4,4,4,4,4,4,4,4,4,90.23008728027344,86.99478912353516,86.6268310546875,88.8784408569336,80.01797485351563,90.68504333496094,92.546875,9.090909004211426,9.523809432983398,0,0,0,0,0,5,0,0,19.57848358154297,25769803776,0,15938764800,0
204,1790713745920,4,4,4,4,4,4,4,4,4,4,89.867919921875,86.84486389160156,86.5806655883789,88.54502868652344,80.03427124023438,90.32210540771484,91.609375,0,0,0,0,0,0,4.761904716491699,4.761904716491699,4.761904716491699,0,19.57848358154297,25769803776,0,15938600960,0
204,1790713746125,4,4,4,4,4,4,4,4,4,4,89.867919921875,86.84486389160156,86.5806655883789,88.54502868652344,80.03427124023438,90.32210540771484,91.609375,0,0,0,0,0,0,0,9.523809432983398,0,0,19.57848358154297,25769803776,0,15938600960,0
204,1790713746330,4,4,4,4,4,4,4,4,4,4,89.867919921875,86.84486389160156,86.5806655883789,88.54502868652344,80.03427124023438,90.32210540771484,91.609375,4.761904716491699,0,0,0,0,0,0,0,0,0,19.376996994018555,25769803776,0,15938600960,0
204,1790713746536,4,4,4,4,4,4,4,4,4,4,89.867919921875,86.84486389160156,86.5806655883789,88.54502868652344,80.03427124023438,90.32210540771484,91.609375,0,4.761904716491699,4.761904716491699,0,0,0,4.761904716491699,5,0,0,19.376996994018555,25769803776,0,15938617344,0
204,1790713746741,4,4,4,4,4,4,4,4,4,4,89.867919921875,86.84486389160156,86.5806655883789,88.54502868652344,80.03427124023438,90.32210540771484,91.609375,0,0,0,0,0,0,0,9.090909004211426,0,0,19.376996994018555,25769803776,0,15938650112,0
204,1790713746946,4,4,4,4,4,4,4,4,4,4,89.72359466552734,86.69501495361328,86.23214721679688,88.32726287841797,79.5580062866211,90.09937286376953,95.59375,4.761904716491699,0,0,0,0,0,0,5,4.761904716491699,0,19.376996994018555,25769803776,0,15938650112,0
204,1790713747151,4,4,4,4,4,4,4,4,4,4,89.72359466552734,86.69501495361328,86.23214721679688,88.32726287841797,79.5580062866211,90.09937286376953,95.59375,4.761904716491699,0,4.761904716491699,0,0,0,0,5,0,0,19.376996994018555,25769803776,0,15938650112,0
204,1790713747356,4,4,4,4,4,4,4,4,4,4,89.72359466552734,86.69501495361328,86.23214721679688,88.32726287841797,79.5580062866211,90.09937286376953,95.59375,4.761904716491699,0,0,0,4.761904716491699,0,0,5,0,0,19.162601470947266,25769803776,0,15938650112,0
204,1790713747561,4,4,4,4,4,4,4,4,4,4,89.72359466552734,86.69501495361328,86.23214721679688,88.32726287841797,79.5580062866211,90.09937286376953,95.59375,0,0,0,4.761904716491699,0,0,9.090909004211426,0,0,0,19.162601470947266,25769803776,0,15938600960,0
204,1790713747766,4,4,4,4,4,4,4,4,4,4,89.72359466552734,86.69501495361328,86.23214721679688,88.32726287841797,79.5580062866211,90.09937286376953,95.59375,4.761904716491699,13.636363983154297,0,0,0,0,0,9.090909004211426,0,0,19.162601470947266,25769803776,0,15951806464,0
204,1790713747971,4,4,4,4,4,4,4,4,4,4,89.61115264892578,86.5792236328125,86.21662902832031,88.08987426757813,79.64845275878906,89.87285614013672,91.375,0,0,0,4.761904716491699,0,0,0,5,4.545454502105713,0,19.162601470947266,25769803776,0,15938699264,0
204,1790713748176,4,4,4,4,4,4,4,4,4,4,89.61115264892578,86.5792236328125,86.21662902832031,88.08987426757813,79.64845275878906,89.87285614013672,91.375,4.761904716491699,4.761904716491699,0,0,0,0,0,9.523809432983398,0,0,19.162601470947266,25769803776,0,15938715648,0
204,1790713748381,4,4,4,4,4,4,4,4,4,4,89.61115264892578,86.5792236328125,86.21662902832031,88.08987426757813,79.64845275878906,89.87285614013672,91.375,0,0,0,0,0,0,0,0,0,0,19.171167373657227,25769803776,0,15938830336,0
204,1790713748586,4,4,4,4,4,4,4,4,4,4,89.61115264892578,86.5792236328125,86.21662902832031,88.08987426757813,79.64845275878906,89.87285614013672,91.375,4.761904716491699,0,0,0,0,0,0,9.090909004211426,0,0,19.171167373657227,25769803776,0,15938846720,0
199,1790713748791,4,4,4,4,4,4,4,4,4,4,89.61115264892578,86.5792236328125,86.21662902832031,88.08987426757813,79.64845275878906,89.87285614013672,91.375,0,0,0,0,0,0,4.761904716491699,5,4.545454502105713,0,19.171167373657227,25769803776,0,15938879488,0
204,1790713748991,4,4,4,4,4,4,4,4,4,4,89.4833755493164,86.22103881835938,86.0770034790039,87.88585662841797,79.59960174560547,89.6032943725586,91.140625,5,0,5,0,0,0,4.761904716491699,0,0,0,19.171167373657227,25769803776,0,15941042176,0
204,1790713749196,4,4,4,4,4,4,4,4,4,4,89.4833755493164,86.22103881835938,86.0770034790039,87.88585662841797,79.59960174560547,89.6032943725586,91.140625,4.761904716491699,0,0,0,0,0,0,5,0,0,19.171167373657227,25769803776,0,15938912256,0
203,1790713749401,4,4,4,4,4,4,4,4,4,4,89.4833755493164,86.22103881835938,86.0770034790039,87.88585662841797,79.59960174560547,89.6032943725586,91.140625,0,0,0,0,0,0,0,9.523809432983398,4.761904716491699,0,19.005905151367188,25769803776,0,15938912256,0
204,1790713749604,4,4,4,4,4,4,4,4,4,4,89.4833755493164,86.22103881835938,86.0770034790039,87.88585662841797,79.59960174560547,89.6032943725586,91.140625,4.761904716491699,9.090909004211426,4.761904716491699,0,0,0,0,5,0,0,19.005905151367188,25769803776,0,15939354624,0
204,1790713749809,4,4,4,4,4,4,4,4,4,4,89.22429656982422,86.03111267089844,85.86741638183594,87.65814971923828,79.29935455322266,89.20849609375,93.59375,0,0,0,0,0,0,0,9.523809432983398,0,4.545454502105713,19.005905151367188,25769803776,0,15939354624,0
204,1790713750014,4,4,4,4,4,4,4,4,4,4,89.22429656982422,86.03111267089844,85.86741638183594,87.65814971923828,79.29935455322266,89.20849609375,93.59375,9.523809432983398,0,5,0,0,0,0,0,0,0,19.005905151367188,25769803776,0,15939354624,0
204,1790713750219,4,4,4,4,4,4,4,4,4,4,89.22429656982422,86.03111267089844,85.86741638183594,87.65814971923828,79.29935455322266,89.20849609375,93.59375,0,0,0,0,0,0,0,9.523809432983398,0,0,19.005905151367188,25769803776,0,15939354624,0
204,1790713750424,4,4,4,4,4,4,4,4,4,4,89.22429656982422,86.03111267089844,85.86741638183594,87.65814971923828,79.29935455322266,89.20849609375,93.59375,4.761904716491699,4.761904716491699,0,0,0,0,4.761904716491699,5,0,0,18.755165100097656,25769803776,0,15939354624,0
204,1790713750630,4,4,4,4,4,4,4,4,4,4,89.22429656982422,86.03111267089844,85.86741638183594,87.65814971923828,79.29935455322266,89.20849609375,93.59375,0,0,0,0,0,0,0,9.523809432983398,0,0,18.755165100097656,25769803776,0,15939338240,0
204,1790713750834,4,4,4,4,4,4,4,4,4,4,89.0306625366211,85.85955047607422,85.82369995117188,87.40727233886719,79.33790588378906,88.95575714111328,90.671875,0,0,0,0,0,0,4.761904716491699,5,0,0,18.755165100097656,25769803776,0,15939338240,0
201,1790713751040,4,4,4,4,4,4,4,4,4,4,89.0306625366211,85.85955047607422,85.82369995117188,87.40727233886719,79.33790588378906,88.95575714111328,90.671875,4.761904716491699,0,0,0,0,0,0,9.523809432983398,4.545454502105713,0,18.755165100097656,25769803776,0,15939289088,0
204,1790713751241,4,4,4,4,4,4,4,4,4,4,89.0306625366211,85.85955047607422,85.82369995117188,87.40727233886719,79.33790588378906,88.95575714111328,90.671875,0,0,0,0,0,0,0,5,0,0,18.755165100097656,25769803776,0,15939289088,0
204,1790713751446,4,4,4,4,4,4,4,4,4,4,89.0306625366211,85.85955047607422,85.82369995117188,87.40727233886719,79.33790588378906,88.95575714111328,90.671875,4.761904716491699,0,4.761904716491699,0,0,0,0,9.523809432983398,0,0,18.654865264892578,25769803776,0,15939289088,0
204,1790713751651,4,4,4,4,4,4,4,4,4,4,89.0306625366211,85.85955047607422,85.82369995117188,87.40727233886719,79.33790588378906,88.95575714111328,90.671875,0,4.761904716491699,0,0,0,0,0,0,0,0,18.654865264892578,25769803776,0,15939174400,0
204,1790713751856,4,4,4,4,4,4,4,4,4,4,88.84403991699219,85.59367370605469,85.48213958740234,87.11254119873047,78.9087142944336,88.64717864990234,91.609375,0,4.545454502105713,0,0,0,0,0,5,0,0,18.654865264892578,25769803776,0,15939403776,0
204,1790713752061,4,4,4,4,4,4,4,4,4,4,88.84403991699219,85.59367370605469,85.48213958740234,87.11254119873047,78.9087142944336,88.64717864990234,91.609375,9.523809432983398,0,4.761904716491699,0,0,0,0,9.090909004211426,0,0,18.654865264892578,25769803776,0,15951921152,0
204,1790713752266,4,4,4,4,4,4,4,4,4,4,88.84403991699219,85.59367370605469,85.48213958740234,87.11254119873047,78.9087142944336,88.64717864990234,91.609375,4.761904716491699,0,0,0,0,0,0,5,0,0,18.654865264892578,25769803776,0,15939289088,0
204,1790713752471,4,4,4,4,4,4,4,4,4,4,88.84403991699219,85.59367370605469,85.48213958740234,87.11254119873047,78.9087142944336,88.64717864990234,91.609375,0,0,0,0,0,0,0,9.523809432983398,4.545454502105713,0,18.424198150634766,25769803776,0,15939289088,0
204,1790713752676,4,4,4,4,4,4,4,4,4,4,88.84403991699219,85.59367370605469,85.48213958740234,87.11254119873047,78.9087142944336,88.64717864990234,91.609375,4.761904716491699,0,0,0,0,0,0,5,0,0,18.424198150634766,25769803776,0,15939289088,0
201,1790713752881,4,4,4,4,4,4,4,4,4,4,88.63768768310547,85.48261260986328,85.42752838134766,86.8789291381836,78.90719604492188,88.4633560180664,90.203125,0,0,0,0,0,0,4.761904716491699,9.523809432983398,0,0,18.424198150634766,25769803776,0,15941369856,0
204,1790713753083,4,4,4,4,4,4,4,4,4,4,88.63768768310547,85.48261260986328,85.42752838134766,86.8789291381836,78.90719604492188,88.4633560180664,90.203125,5,0,0,0,0,0,4.761904716491699,0,0,0,18.424198150634766,25769803776,0,15939207168,0
204,1790713753288,4,4,4,4,4,4,4,4,4,4,88.63768768310547,85.48261260986328,85.42752838134766,86.8789291381836,78.90719604492188,88.4633560180664,90.203125,0,4.761904716491699,4.761904716491699,0,0,0,0,0,0,0,18.424198150634766,25769803776,0,15939207168,0
204,1790713753493,4,4,4,4,4,4,4,4,4,4,88.63768768310547,85.48261260986328,85.42752838134766,86.8789291381836,78.90719604492188,88.4633560180664,90.203125,9.090909004211426,0,0,0,0,0,0,9.090909004211426,0,0,18.32201385498047,25769803776,0,15939207168,0
204,1790713753698,4,4,4,4,4,4,4,4,4,4,88.63768768310547,85.48261260986328,85.42752838134766,86.8789291381836,78.90719604492188,88.4633560180664,90.203125,0,4.761904716491699,0,0,0,0,0,5,0,0,18.32201385498047,25769803776,0,15938895872,0
204,1790713753903,4,4,4,4,4,4,4,4,4,4,88.41981506347656,85.22081756591797,85.1469497680664,86.60707092285156,78.66746520996094,88.31851959228516,89.96875,4.761904716491699,0,0,4.545454502105713,0,0,0,9.523809432983398,4.761904716491699,0,18.32201385498047,25769803776,0,15938895872,0
9,1790713754108,4,4,4,4,4,4,4,4,4,4,88.41981506347656,85.22081756591797,85.1469497680664,86.60707092285156,78.66746520996094,88.31851959228516,89.96875,10.526315689086914,10.526315689086914,14.285715103149414,10,9.523809432983398,9.523809432983398,0,5,4.761904716491699,0,18.32201385498047,25769803776,0,15950577664,0
