Delta,Time,CPU_FREQUENCY_0,CPU_FREQUENCY_1,CPU_FREQUENCY_2,CPU_FREQUENCY_3,CPU_FREQUENCY_4,CPU_FREQUENCY_5,CPU_FREQUENCY_6,CPU_FREQUENCY_7,CPU_FREQUENCY_8,CPU_FREQUENCY_9,CPU_TEMP_0,CPU_TEMP_1,CPU_TEMP_2,CPU_TEMP_3,CPU_TEMP_4,CPU_TEMP_5,CPU_TEMP_6,CPU_USAGE_0,CPU_USAGE_1,CPU_USAGE_2,CPU_USAGE_3,CPU_USAGE_4,CPU_USAGE_5,CPU_USAGE_6,CPU_USAGE_7,CPU_USAGE_8,CPU_USAGE_9,SYSTEM_POWER (Watts),TOTAL_MEMORY,TOTAL_SWAP,USED_MEMORY,USED_SWAP
0,1790935900750,4,4,4,4,4,4,4,4,4,4,64.50396728515625,64.83395385742188,64.5311508178711,63.98484802246094,57.4500617980957,64.5977554321289,72,NaN,0,0,100,0,0,0,0,0,0,3.6934475898742676,25769803776,0,18341986304,0
209,1790935900750,4,4,4,4,4,4,4,4,4,4,64.50396728515625,64.83395385742188,64.5311508178711,63.98484802246094,57.4500617980957,64.5977554321289,72,NaN,0,0,100,0,0,NaN,NaN,NaN,0,3.6934475898742676,25769803776,0,18343739392,0
203,1790935900960,4,4,4,4,4,4,4,4,4,4,64.50396728515625,64.83395385742188,64.5311508178711,63.98484802246094,57.4500617980957,64.5977554321289,72,38.095237731933594,38.095237731933594,25,25,10.526315689086914,14.285715103149414,27.272727966308594,13.636363983154297,0,0,3.6934475898742676,25769803776,0,18363334656,0
202,1790935901164,4,4,4,4,4,4,4,4,4,4,65.24090576171875,65.5078125,65.19391632080078,64.4012451171875,58.347721099853516,65.2369155883789,70.484375,71.42857360839844,40,10,9.523809432983398,9.523809432983398,9.523809432983398,4.761904716491699,5.263157844543457,0,0,3.6934475898742676,25769803776,0,18363334656,0
202,1790935901367,4,4,4,4,4,4,4,4,4,4,65.24090576171875,65.5078125,65.19391632080078,64.4012451171875,58.347721099853516,65.2369155883789,70.484375,60.000003814697266,40,5,0,0,0,0,9.090909004211426,0,0,3.6934475898742676,25769803776,0,18363334656,0
202,1790935901570,4,4,4,4,4,4,4,4,4,4,65.24090576171875,65.5078125,65.19391632080078,64.4012451171875,58.347721099853516,65.2369155883789,70.484375,52.6315803527832,45,20,9.523809432983398,15.000000953674316,5,5,0,0,0,3.963961601257324,25769803776,0,18361090048,0
209,1790935901773,4,4,4,4,4,4,4,4,4,4,65.24090576171875,65.5078125,65.19391632080078,64.4012451171875,58.347721099853516,65.2369155883789,70.484375,52.38095474243164,38.095237731933594,14.285715103149414,15.000000953674316,9.523809432983398,9.523809432983398,0,5,0,0,3.963961601257324,25769803776,0,18353274880,0
209,1790935901983,4,4,4,4,4,4,4,4,4,4,65.24090576171875,65.5078125,65.19391632080078,64.4012451171875,58.347721099853516,65.2369155883789,70.484375,42.85714340209961,45,38.095237731933594,19.047618865966797,10,5,0,0,4.545454502105713,0,3.963961601257324,25769803776,0,18340642816,0
209,1790935902193,4,4,4,4,4,4,4,4,4,4,74.716552734375,69.1563720703125,68.8721923828125,72.23177337646484,61.994102478027344,73.68716430664063,75.359375,81.81818389892578,23.809524536132813,14.285715103149414,9.523809432983398,9.090909004211426,13.636363983154297,0,9.523809432983398,4.545454502105713,0,3.963961601257324,25769803776,0,18340642816,0
209,1790935902403,4,4,4,4,4,4,4,4,4,4,74.716552734375,69.1563720703125,68.8721923828125,72.23177337646484,61.994102478027344,73.68716430664063,75.359375,80,19.047618865966797,9.523809432983398,0,0,0,0,4.761904716491699,0,0,3.963961601257324,25769803776,0,18340642816,0
209,1790935902613,4,4,4,4,4,4,4,4,4,4,74.716552734375,69.1563720703125,68.8721923828125,72.23177337646484,61.994102478027344,73.68716430664063,75.359375,40.90909194946289,63.6363639831543,23.809524536132813,23.809524536132813,9.523809432983398,9.523809432983398,0,9.090909004211426,0,0,20.728286743164063,25769803776,0,18340610048,0
209,1790935902823,4,4,4,4,4,4,4,4,4,4,74.716552734375,69.1563720703125,68.8721923828125,72.23177337646484,61.994102478027344,73.68716430664063,75.359375,28.571430206298828,20,25,19.047618865966797,47.619049072265625,10,4.545454502105713,4.761904716491699,0,0,20.728286743164063,25769803776,0,18343804928,0
205,1790935903033,4,4,4,4,4,4,4,4,4,4,74.43473815917969,70.71939086914063,70.5828628540039,72.21295166015625,63.734649658203125,73.76622772216797,75.59375,35,76.19047546386719,13.636363983154297,9.523809432983398,9.090909004211426,4.761904716491699,0,4.761904716491699,0,0,20.728286743164063,25769803776,0,18338332672,0
209,1790935903238,4,4,4,4,4,4,4,4,4,4,74.43473815917969,70.71939086914063,70.5828628540039,72.21295166015625,63.734649658203125,73.76622772216797,75.59375,76.19047546386719,23.809524536132813,10,4.761904716491699,0,4.761904716491699,4.761904716491699,5,0,0,20.728286743164063,25769803776,0,18336546816,0
203,1790935903448,4,4,4,4,4,4,4,4,4,4,74.43473815917969,70.71939086914063,70.5828628540039,72.21295166015625,63.734649658203125,73.76622772216797,75.59375,70,33.333335876464844,23.809524536132813,5,9.090909004211426,9.090909004211426,4.761904716491699,0,0,0,20.728286743164063,25769803776,0,18336546816,0
201,1790935903652,4,4,4,4,4,4,4,4,4,4,74.43473815917969,70.71939086914063,70.5828628540039,72.21295166015625,63.734649658203125,73.76622772216797,75.59375,55,30.000001907348633,28.571430206298828,5,5,5,0,5,0,0,18.865779876708984,25769803776,0,18332319744,0
204,1790935903853,4,4,4,4,4,4,4,4,4,4,74.43473815917969,70.71939086914063,70.5828628540039,72.21295166015625,63.734649658203125,73.76622772216797,75.59375,55,30.000001907348633,10.526315689086914,15.000000953674316,10,25,5,0,0,0,18.865779876708984,25769803776,0,18329141248,0
209,1790935904057,4,4,4,4,4,4,4,4,4,4,74.69827270507813,71.64940643310547,71.25575256347656,72.56666564941406,64.16437530517578,74.09283447265625,76.0625,80.95238494873047,28.571430206298828,14.285715103149414,9.523809432983398,5.263157844543457,5,0,9.523809432983398,4.761904716491699,0,18.865779876708984,25769803776,0,18336989184,0
209,1790935904267,4,4,4,4,4,4,4,4,4,4,74.69827270507813,71.64940643310547,71.25575256347656,72.56666564941406,64.16437530517578,74.09283447265625,76.0625,61.904762268066406,38.095237731933594,19.047618865966797,4.761904716491699,4.545454502105713,0,0,4.761904716491699,0,0,18.865779876708984,25769803776,0,18337660928,0
209,1790935904477,4,4,4,4,4,4,4,4,4,4,74.69827270507813,71.64940643310547,71.25575256347656,72.56666564941406,64.16437530517578,74.09283447265625,76.0625,61.904762268066406,50,23.809524536132813,13.636363983154297,9.523809432983398,9.523809432983398,4.545454502105713,9.523809432983398,0,0,18.865779876708984,25769803776,0,18337513472,0
209,1790935904687,4,4,4,4,4,4,4,4,4,4,74.69827270507813,71.64940643310547,71.25575256347656,72.56666564941406,64.16437530517578,74.09283447265625,76.0625,42.85714340209961,28.571430206298828,40,5,9.523809432983398,10,0,4.761904716491699,0,0,19.835311889648438,25769803776,0,18330288128,0
209,1790935904897,4,4,4,4,4,4,4,4,4,4,74.69827270507813,71.64940643310547,71.25575256347656,72.56666564941406,64.16437530517578,74.09283447265625,76.0625,47.619049072265625,55,14.285715103149414,23.809524536132813,9.523809432983398,9.090909004211426,0,9.090909004211426,0,0,19.835311889648438,25769803776,0,18330746880,0
209,1790935905108,4,4,4,4,4,4,4,4,4,4,72.66294860839844,70.87689208984375,70.99349975585938,70.9997787475586,64.12915802001953,72.19702911376953,75.125,80.95238494873047,23.809524536132813,14.285715103149414,9.523809432983398,9.090909004211426,5,0,5,4.761904716491699,0,19.835311889648438,25769803776,0,18338906112,0
209,1790935905318,4,4,4,4,4,4,4,4,4,4,72.66294860839844,70.87689208984375,70.99349975585938,70.9997787475586,64.12915802001953,72.19702911376953,75.125,61.904762268066406,33.333335876464844,9.523809432983398,4.761904716491699,0,0,0,4.761904716491699,0,0,19.835311889648438,25769803776,0,18338988032,0
209,1790935905528,4,4,4,4,4,4,4,4,4,4,72.66294860839844,70.87689208984375,70.99349975585938,70.9997787475586,64.12915802001953,72.19702911376953,75.125,42.85714340209961,63.6363639831543,22.72727394104004,9.523809432983398,4.761904716491699,9.090909004211426,0,5,0,0,19.835311889648438,25769803776,0,18339430400,0
209,1790935905738,4,4,4,4,4,4,4,4,4,4,72.66294860839844,70.87689208984375,70.99349975585938,70.9997787475586,64.12915802001953,72.19702911376953,75.125,35,20,30.000001907348633,47.619049072265625,14.285715103149414,19.047618865966797,4.545454502105713,4.761904716491699,0,0,14.3153657913208,25769803776,0,18332680192,0
209,1790935905948,4,4,4,4,4,4,4,4,4,4,72.66294860839844,70.87689208984375,70.99349975585938,70.9997787475586,64.12915802001953,72.19702911376953,75.125,38.095237731933594,33.333335876464844,22.72727394104004,19.047618865966797,0,0,0,9.090909004211426,4.761904716491699,0,14.3153657913208,25769803776,0,18339086336,0
209,1790935906158,4,4,4,4,4,4,4,4,4,4,72.17207336425781,70.30794525146484,70.34195709228516,70.44652557373047,63.443359375,71.60559844970703,74.40625,76.19047546386719,31.81818199157715,14.285715103149414,14.285715103149414,14.285715103149414,9.090909004211426,0,5,0,0,14.3153657913208,25769803776,0,18339332096,0
209,1790935906368,4,4,4,4,4,4,4,4,4,4,72.17207336425781,70.30794525146484,70.34195709228516,70.44652557373047,63.443359375,71.60559844970703,74.40625,66.66667175292969,33.333335876464844,25,4.761904716491699,4.761904716491699,5,0,9.090909004211426,0,0,14.3153657913208,25769803776,0,18339332096,0
200,1790935906578,4,4,4,4,4,4,4,4,4,4,72.17207336425781,70.30794525146484,70.34195709228516,70.44652557373047,63.443359375,71.60559844970703,74.40625,47.619049072265625,30.000001907348633,4.761904716491699,25,15.000000953674316,4.761904716491699,0,4.761904716491699,0,0,11.937042236328125,25769803776,0,18339332096,0
209,1790935906778,4,4,4,4,4,4,4,4,4,4,72.17207336425781,70.30794525146484,70.34195709228516,70.44652557373047,63.443359375,71.60559844970703,74.40625,55,40,20,19.047618865966797,15.000000953674316,15.000000953674316,0,5,4.761904716491699,0,11.937042236328125,25769803776,0,18332237824,0
209,1790935906988,4,4,4,4,4,4,4,4,4,4,72.17207336425781,70.30794525146484,70.34195709228516,70.44652557373047,63.443359375,71.60559844970703,74.40625,71.42857360839844,38.095237731933594,40,15.000000953674316,19.047618865966797,9.523809432983398,0,9.523809432983398,0,0,11.937042236328125,25769803776,0,18340986880,0
209,1790935907198,4,4,4,4,4,4,4,4,4,4,72.7091064453125,70.77213287353516,70.84534454345703,71.0749282836914,63.96116638183594,72.4000473022461,74.640625,66.66667175292969,33.333335876464844,22.72727394104004,9.090909004211426,0,0,0,0,0,0,11.937042236328125,25769803776,0,18333908992,0
209,1790935907408,4,4,4,4,4,4,4,4,4,4,72.7091064453125,70.77213287353516,70.84534454345703,71.0749282836914,63.96116638183594,72.4000473022461,74.640625,60.000003814697266,42.85714340209961,18.18181800842285,4.761904716491699,9.090909004211426,4.761904716491699,4.761904716491699,9.090909004211426,0,0,11.937042236328125,25769803776,0,18331287552,0
204,1790935907618,4,4,4,4,4,4,4,4,4,4,72.7091064453125,70.77213287353516,70.84534454345703,71.0749282836914,63.96116638183594,72.4000473022461,74.640625,19.047618865966797,57.142860412597656,20,25,5,9.090909004211426,4.545454502105713,0,0,0,14.817330360412598,25769803776,0,18331287552,0
202,1790935907823,4,4,4,4,4,4,4,4,4,4,72.7091064453125,70.77213287353516,70.84534454345703,71.0749282836914,63.96116638183594,72.4000473022461,74.640625,42.85714340209961,45,10,15.000000953674316,28.571430206298828,10,0,4.761904716491699,0,0,14.817330360412598,25769803776,0,18324160512,0
202,1790935908026,4,4,4,4,4,4,4,4,4,4,73.005126953125,71.00765228271484,70.97891998291016,71.2945556640625,63.98234558105469,72.66679382324219,74.890625,57.894737243652344,47.619049072265625,20,13.636363983154297,5,9.523809432983398,0,9.523809432983398,0,0,14.817330360412598,25769803776,0,18326208512,0
202,1790935908229,4,4,4,4,4,4,4,4,4,4,73.005126953125,71.00765228271484,70.97891998291016,71.2945556640625,63.98234558105469,72.66679382324219,74.890625,72.7272720336914,21.052631378173828,9.523809432983398,0,0,0,0,5,0,0,14.817330360412598,25769803776,0,18326208512,0
209,1790935908432,4,4,4,4,4,4,4,4,4,4,73.005126953125,71.00765228271484,70.97891998291016,71.2945556640625,63.98234558105469,72.66679382324219,74.890625,40,57.142860412597656,20,20,13.636363983154297,5,0,9.523809432983398,0,0,14.817330360412598,25769803776,0,18326208512,0
209,1790935908642,4,4,4,4,4,4,4,4,4,4,73.005126953125,71.00765228271484,70.97891998291016,71.2945556640625,63.98234558105469,72.66679382324219,74.890625,38.095237731933594,57.142860412597656,19.047618865966797,19.047618865966797,10.526315689086914,25,4.545454502105713,0,4.545454502105713,0,15.040848731994629,25769803776,0,18326208512,0
209,1790935908852,4,4,4,4,4,4,4,4,4,4,73.005126953125,71.00765228271484,70.97891998291016,71.2945556640625,63.98234558105469,72.66679382324219,74.890625,52.38095474243164,47.619049072265625,4.761904716491699,5,4.545454502105713,4.545454502105713,0,5,0,0,15.040848731994629,25769803776,0,18327224320,0
209,1790935909062,4,4,4,4,4,4,4,4,4,4,73.13740539550781,71.17884826660156,71.2337875366211,71.50777435302734,64.30919647216797,72.78854370117188,78.078125,76.19047546386719,28.571430206298828,14.285715103149414,13.636363983154297,4.761904716491699,9.523809432983398,0,9.090909004211426,0,0,15.040848731994629,25769803776,0,18327109632,0
209,1790935909272,4,4,4,4,4,4,4,4,4,4,73.13740539550781,71.17884826660156,71.2337875366211,71.50777435302734,64.30919647216797,72.78854370117188,78.078125,85,20,14.285715103149414,4.761904716491699,5,9.523809432983398,0,5,0,0,15.040848731994629,25769803776,0,18327109632,0
209,1790935909482,4,4,4,4,4,4,4,4,4,4,73.13740539550781,71.17884826660156,71.2337875366211,71.50777435302734,64.30919647216797,72.78854370117188,78.078125,28.571430206298828,47.619049072265625,14.285715103149414,5,4.761904716491699,23.809524536132813,0,9.090909004211426,0,0,15.040848731994629,25769803776,0,18327109632,0
203,1790935909692,4,4,4,4,4,4,4,4,4,4,73.13740539550781,71.17884826660156,71.2337875366211,71.50777435302734,64.30919647216797,72.78854370117188,78.078125,33.333335876464844,33.333335876464844,33.333335876464844,33.333335876464844,13.636363983154297,15.000000953674316,0,4.761904716491699,0,0,14.546639442443848,25769803776,0,18327109632,0
202,1790935909895,4,4,4,4,4,4,4,4,4,4,73.13740539550781,71.17884826660156,71.2337875366211,71.50777435302734,64.30919647216797,72.78854370117188,78.078125,55,55,14.285715103149414,9.523809432983398,9.523809432983398,9.523809432983398,9.523809432983398,0,0,0,14.546639442443848,25769803776,0,18327224320,0
202,1790935910098,4,4,4,4,4,4,4,4,4,4,73.34308624267578,71.4081802368164,71.2315444946289,71.70782470703125,64.12940216064453,72.94737243652344,75.125,70,28.571430206298828,0,0,0,0,0,9.523809432983398,0,0,14.546639442443848,25769803776,0,18327093248,0
209,1790935910301,4,4,4,4,4,4,4,4,4,4,73.34308624267578,71.4081802368164,71.2315444946289,71.70782470703125,64.12940216064453,72.94737243652344,75.125,61.904762268066406,50,23.809524536132813,10,5.263157844543457,9.523809432983398,0,0,4.545454502105713,0,14.546639442443848,25769803776,0,18327748608,0
209,1790935910511,4,4,4,4,4,4,4,4,4,4,73.34308624267578,71.4081802368164,71.2315444946289,71.70782470703125,64.12940216064453,72.94737243652344,75.125,47.619049072265625,19.047618865966797,38.095237731933594,9.523809432983398,22.72727394104004,5,0,4.761904716491699,0,0,14.546639442443848,25769803776,0,18319507456,0
209,1790935910721,4,4,4,4,4,4,4,4,4,4,73.34308624267578,71.4081802368164,71.2315444946289,71.70782470703125,64.12940216064453,72.94737243652344,75.125,60.000003814697266,45,14.285715103149414,9.523809432983398,9.523809432983398,9.523809432983398,9.523809432983398,0,0,0,14.69937801361084,25769803776,0,18322636800,0
209,1790935910931,4,4,4,4,4,4,4,4,4,4,73.34308624267578,71.4081802368164,71.2315444946289,71.70782470703125,64.12940216064453,72.94737243652344,75.125,59.09090805053711,47.619049072265625,20,13.636363983154297,4.761904716491699,4.761904716491699,0,9.090909004211426,0,0,14.69937801361084,25769803776,0,18312642560,0
209,1790935911141,4,4,4,4,4,4,4,4,4,4,73.63291931152344,71.70658111572266,71.43020629882813,71.89049530029297,64.26026153564453,73.19087982177734,76.296875,66.66667175292969,28.571430206298828,9.523809432983398,0,0,0,4.761904716491699,0,4.545454502105713,0,14.69937801361084,25769803776,0,18312642560,0
209,1790935911351,4,4,4,4,4,4,4,4,4,4,73.63291931152344,71.70658111572266,71.43020629882813,71.89049530029297,64.26026153564453,73.19087982177734,76.296875,75,33.333335876464844,19.047618865966797,4.761904716491699,5,9.090909004211426,0,4.761904716491699,0,0,14.69937801361084,25769803776,0,18305253376,0
209,1790935911561,4,4,4,4,4,4,4,4,4,4,73.63291931152344,71.70658111572266,71.43020629882813,71.89049530029297,64.26026153564453,73.19087982177734,76.296875,23.809524536132813,28.571430206298828,40.90909194946289,47.619049072265625,19.047618865966797,15.000000953674316,0,9.523809432983398,0,0,14.816246032714844,25769803776,0,18306416640,0
209,1790935911771,4,4,4,4,4,4,4,4,4,4,73.63291931152344,71.70658111572266,71.43020629882813,71.89049530029297,64.26026153564453,73.19087982177734,76.296875,66.66667175292969,28.571430206298828,10,4.761904716491699,0,0,0,0,0,4.545454502105713,14.816246032714844,25769803776,0,18306416640,0
209,1790935911981,4,4,4,4,4,4,4,4,4,4,73.63291931152344,71.70658111572266,71.43020629882813,71.89049530029297,64.26026153564453,73.19087982177734,76.296875,76.19047546386719,23.809524536132813,19.047618865966797,14.285715103149414,13.636363983154297,9.523809432983398,0,4.761904716491699,4.545454502105713,0,14.816246032714844,25769803776,0,18312904704,0
209,1790935912191,4,4,4,4,4,4,4,4,4,4,73.89096069335938,71.62218475341797,71.62124633789063,72.1313705444336,64.51111602783203,73.4073486328125,75.828125,61.904762268066406,33.333335876464844,33.333335876464844,4.761904716491699,5,4.761904716491699,0,9.090909004211426,0,0,14.816246032714844,25769803776,0,18312970240,0
209,1790935912401,4,4,4,4,4,4,4,4,4,4,73.89096069335938,71.62218475341797,71.62124633789063,72.1313705444336,64.51111602783203,73.4073486328125,75.828125,47.619049072265625,57.142860412597656,4.761904716491699,14.285715103149414,4.761904716491699,9.090909004211426,4.545454502105713,5,0,0,14.816246032714844,25769803776,0,18309120000,0
209,1790935912611,4,4,4,4,4,4,4,4,4,4,73.89096069335938,71.62218475341797,71.62124633789063,72.1313705444336,64.51111602783203,73.4073486328125,75.828125,40,40,14.285715103149414,25,18.18181800842285,10,0,9.090909004211426,0,0,14.845733642578125,25769803776,0,18306334720,0
209,1790935912821,4,4,4,4,4,4,4,4,4,4,73.89096069335938,71.62218475341797,71.62124633789063,72.1313705444336,64.51111602783203,73.4073486328125,75.828125,54.54545593261719,52.38095474243164,14.285715103149414,13.636363983154297,9.523809432983398,9.090909004211426,0,4.761904716491699,0,0,14.845733642578125,25769803776,0,18306334720,0
209,1790935913031,4,4,4,4,4,4,4,4,4,4,74.01805877685547,71.88136291503906,71.90418243408203,72.31689453125,64.82957458496094,73.52680206298828,75.828125,65,33.333335876464844,9.523809432983398,0,0,0,4.545454502105713,0,0,0,14.845733642578125,25769803776,0,18301140992,0
209,1790935913241,4,4,4,4,4,4,4,4,4,4,74.01805877685547,71.88136291503906,71.90418243408203,72.31689453125,64.82957458496094,73.52680206298828,75.828125,63.6363639831543,40.90909194946289,19.047618865966797,4.761904716491699,4.761904716491699,5,0,9.090909004211426,4.761904716491699,0,14.845733642578125,25769803776,0,18301091840,0
209,1790935913451,4,4,4,4,4,4,4,4,4,4,74.01805877685547,71.88136291503906,71.90418243408203,72.31689453125,64.82957458496094,73.52680206298828,75.828125,28.571430206298828,45,28.571430206298828,33.333335876464844,10,18.18181800842285,0,5,0,0,14.845733642578125,25769803776,0,18296045568,0
209,1790935913661,4,4,4,4,4,4,4,4,4,4,74.01805877685547,71.88136291503906,71.90418243408203,72.31689453125,64.82957458496094,73.52680206298828,75.828125,45,45.45454788208008,23.809524536132813,4.761904716491699,4.761904716491699,0,0,9.090909004211426,0,0,14.826684951782227,25769803776,0,18293325824,0
209,1790935913871,4,4,4,4,4,4,4,4,4,4,74.01805877685547,71.88136291503906,71.90418243408203,72.31689453125,64.82957458496094,73.52680206298828,75.828125,76.19047546386719,30.000001907348633,14.285715103149414,9.523809432983398,13.636363983154297,13.636363983154297,0,4.761904716491699,0,0,14.826684951782227,25769803776,0,18301304832,0
209,1790935914081,4,4,4,4,4,4,4,4,4,4,74.23027801513672,72.05157470703125,72.05049133300781,72.45328521728516,65.01509857177734,73.71439361572266,76.0625,71.42857360839844,31.81818199157715,15.000000953674316,0,0,0,0,5,0,0,14.826684951782227,25769803776,0,18301403136,0
209,1790935914291,4,4,4,4,4,4,4,4,4,4,74.23027801513672,72.05157470703125,72.05049133300781,72.45328521728516,65.01509857177734,73.71439361572266,76.0625,61.904762268066406,38.095237731933594,23.809524536132813,14.285715103149414,10,14.285715103149414,0,4.761904716491699,4.545454502105713,0,14.826684951782227,25769803776,0,18293604352,0
209,1790935914501,4,4,4,4,4,4,4,4,4,4,74.23027801513672,72.05157470703125,72.05049133300781,72.45328521728516,65.01509857177734,73.71439361572266,76.0625,40,33.333335876464844,28.571430206298828,14.285715103149414,13.636363983154297,25,4.545454502105713,9.090909004211426,4.545454502105713,0,14.826684951782227,25769803776,0,18293604352,0
209,1790935914711,4,4,4,4,4,4,4,4,4,4,74.23027801513672,72.05157470703125,72.05049133300781,72.45328521728516,65.01509857177734,73.71439361572266,76.0625,45.45454788208008,20,18.18181800842285,42.85714340209961,5,19.047618865966797,0,5,0,0,14.890832901000977,25769803776,0,18293604352,0
209,1790935914921,4,4,4,4,4,4,4,4,4,4,74.23027801513672,72.05157470703125,72.05049133300781,72.45328521728516,65.01509857177734,73.71439361572266,76.0625,76.19047546386719,28.571430206298828,15.000000953674316,4.761904716491699,9.090909004211426,0,4.545454502105713,4.761904716491699,0,0,14.890832901000977,25769803776,0,18293604352,0
209,1790935915131,4,4,4,4,4,4,4,4,4,4,74.41522979736328,72.23294067382813,72.16011810302734,72.57145690917969,65.13542175292969,73.86237335205078,76.0625,71.42857360839844,28.571430206298828,19.047618865966797,5,4.761904716491699,4.761904716491699,0,9.090909004211426,0,0,14.890832901000977,25769803776,0,18316001280,0
209,1790935915341,4,4,4,4,4,4,4,4,4,4,74.41522979736328,72.23294067382813,72.16011810302734,72.57145690917969,65.13542175292969,73.86237335205078,76.0625,45.45454788208008,52.38095474243164,38.095237731933594,23.809524536132813,14.285715103149414,13.636363983154297,0,5,0,0,14.890832901000977,25769803776,0,18313478144,0
209,1790935915551,4,4,4,4,4,4,4,4,4,4,74.41522979736328,72.23294067382813,72.16011810302734,72.57145690917969,65.13542175292969,73.86237335205078,76.0625,68.42105102539063,40,20,14.285715103149414,10,5,0,9.090909004211426,0,0,14.991031646728516,25769803776,0,18309464064,0
206,1790935915761,4,4,4,4,4,4,4,4,4,4,74.41522979736328,72.23294067382813,72.16011810302734,72.57145690917969,65.13542175292969,73.86237335205078,76.0625,54.54545593261719,52.38095474243164,13.636363983154297,13.636363983154297,4.761904716491699,9.523809432983398,0,0,0,0,14.991031646728516,25769803776,0,18319523840,0
209,1790935915967,4,4,4,4,4,4,4,4,4,4,74.41522979736328,72.23294067382813,72.16011810302734,72.57145690917969,65.13542175292969,73.86237335205078,76.0625,60.000003814697266,42.85714340209961,25,15.000000953674316,9.523809432983398,4.761904716491699,0,4.761904716491699,0,0,14.991031646728516,25769803776,0,18305155072,0
209,1790935916177,4,4,4,4,4,4,4,4,4,4,74.58222198486328,72.4209976196289,72.36798095703125,72.76233673095703,65.41260528564453,74.04255676269531,76.296875,42.85714340209961,60.000003814697266,13.636363983154297,5,19.047618865966797,19.047618865966797,0,4.761904716491699,0,0,14.991031646728516,25769803776,0,18305171456,0
209,1790935916387,4,4,4,4,4,4,4,4,4,4,74.58222198486328,72.4209976196289,72.36798095703125,72.76233673095703,65.41260528564453,74.04255676269531,76.296875,25,33.333335876464844,20,23.809524536132813,23.809524536132813,47.619049072265625,0,4.761904716491699,4.545454502105713,0,14.991031646728516,25769803776,0,18298601472,0
209,1790935916597,4,4,4,4,4,4,4,4,4,4,74.58222198486328,72.4209976196289,72.36798095703125,72.76233673095703,65.41260528564453,74.04255676269531,76.296875,61.904762268066406,36.3636360168457,4.761904716491699,4.545454502105713,10,0,0,9.523809432983398,0,0,15.117685317993164,25769803776,0,18305417216,0
204,1790935916807,4,4,4,4,4,4,4,4,4,4,74.58222198486328,72.4209976196289,72.36798095703125,72.76233673095703,65.41260528564453,74.04255676269531,76.296875,85.71428680419922,42.85714340209961,57.142860412597656,14.285715103149414,4.761904716491699,9.523809432983398,9.523809432983398,0,0,0,15.117685317993164,25769803776,0,18305875968,0
202,1790935917012,4,4,4,4,4,4,4,4,4,4,74.58222198486328,72.4209976196289,72.36798095703125,72.76233673095703,65.41260528564453,74.04255676269531,76.296875,77.2727279663086,20,15.000000953674316,5,4.761904716491699,0,4.545454502105713,5,0,0,15.117685317993164,25769803776,0,18305581056,0
209,1790935917215,4,4,4,4,4,4,4,4,4,4,74.69569396972656,72.59069061279297,72.25870513916016,72.94141387939453,65.2034683227539,74.13894653320313,76.546875,42.105262756347656,65,20,5,10,5.263157844543457,0,9.523809432983398,0,0,15.117685317993164,25769803776,0,18298634240,0
203,1790935917425,4,4,4,4,4,4,4,4,4,4,74.69569396972656,72.59069061279297,72.25870513916016,72.94141387939453,65.2034683227539,74.13894653320313,76.546875,36.3636360168457,28.571430206298828,22.72727394104004,38.095237731933594,42.85714340209961,14.285715103149414,0,4.761904716491699,0,0,15.117685317993164,25769803776,0,18300125184,0
209,1790935917628,4,4,4,4,4,4,4,4,4,4,74.69569396972656,72.59069061279297,72.25870513916016,72.94141387939453,65.2034683227539,74.13894653320313,76.546875,65,30.000001907348633,0,9.523809432983398,0,10,0,0,0,0,15.152896881103516,25769803776,0,18307219456,0
203,1790935917838,4,4,4,4,4,4,4,4,4,4,74.69569396972656,72.59069061279297,72.25870513916016,72.94141387939453,65.2034683227539,74.13894653320313,76.546875,76.19047546386719,23.809524536132813,18.18181800842285,9.523809432983398,13.636363983154297,13.636363983154297,0,9.090909004211426,8.69565200805664,0,15.152896881103516,25769803776,0,18307530752,0
202,1790935918041,4,4,4,4,4,4,4,4,4,4,74.8344955444336,72.69685363769531,72.45516967773438,73.07540893554688,65.51019287109375,74.27687072753906,76.296875,57.894737243652344,40,25,10,5,10.526315689086914,9.523809432983398,0,0,0,15.152896881103516,25769803776,0,18307530752,0
202,1790935918244,4,4,4,4,4,4,4,4,4,4,74.8344955444336,72.69685363769531,72.45516967773438,73.07540893554688,65.51019287109375,74.27687072753906,76.296875,70,15.000000953674316,5,25,10,13.636363983154297,0,5,0,0,15.152896881103516,25769803776,0,18303877120,0
209,1790935918447,4,4,4,4,4,4,4,4,4,4,74.8344955444336,72.69685363769531,72.45516967773438,73.07540893554688,65.51019287109375,74.27687072753906,76.296875,38.095237731933594,38.095237731933594,47.619049072265625,20,10,5.263157844543457,0,9.523809432983398,0,0,15.152896881103516,25769803776,0,18300174336,0
209,1790935918657,4,4,4,4,4,4,4,4,4,4,74.8344955444336,72.69685363769531,72.45516967773438,73.07540893554688,65.51019287109375,74.27687072753906,76.296875,61.904762268066406,15.000000953674316,33.333335876464844,9.090909004211426,9.523809432983398,9.523809432983398,0,5,0,0,15.085126876831055,25769803776,0,18308087808,0
209,1790935918867,4,4,4,4,4,4,4,4,4,4,74.8344955444336,72.69685363769531,72.45516967773438,73.07540893554688,65.51019287109375,74.27687072753906,76.296875,71.42857360839844,23.809524536132813,9.523809432983398,0,0,0,4.545454502105713,9.090909004211426,0,0,15.085126876831055,25769803776,0,18307989504,0
209,1790935919077,4,4,4,4,4,4,4,4,4,4,74.88689422607422,72.68455505371094,72.57498168945313,73.14495849609375,65.6634292602539,74.30367279052734,76.546875,60.000003814697266,42.85714340209961,20,4.761904716491699,4.761904716491699,4.761904716491699,0,4.761904716491699,0,0,15.085126876831055,25769803776,0,18308333568,0
209,1790935919287,4,4,4,4,4,4,4,4,4,4,74.88689422607422,72.68455505371094,72.57498168945313,73.14495849609375,65.6634292602539,74.30367279052734,76.546875,47.619049072265625,28.571430206298828,36.3636360168457,13.636363983154297,9.523809432983398,13.636363983154297,0,9.090909004211426,4.545454502105713,0,15.085126876831055,25769803776,0,18300387328,0
209,1790935919497,4,4,4,4,4,4,4,4,4,4,74.88689422607422,72.68455505371094,72.57498168945313,73.14495849609375,65.6634292602539,74.30367279052734,76.546875,47.619049072265625,54.54545593261719,19.047618865966797,10,9.090909004211426,5,0,0,0,0,15.085126876831055,25769803776,0,18302255104,0
205,1790935919707,4,4,4,4,4,4,4,4,4,4,74.88689422607422,72.68455505371094,72.57498168945313,73.14495849609375,65.6634292602539,74.30367279052734,76.546875,57.142860412597656,23.809524536132813,10,23.809524536132813,10,22.72727394104004,0,4.761904716491699,0,0,15.049459457397461,25769803776,0,18308628480,0
209,1790935919913,4,4,4,4,4,4,4,4,4,4,74.88689422607422,72.68455505371094,72.57498168945313,73.14495849609375,65.6634292602539,74.30367279052734,76.546875,75,25,9.523809432983398,0,4.761904716491699,0,0,5,0,0,15.049459457397461,25769803776,0,18308628480,0
209,1790935920123,4,4,4,4,4,4,4,4,4,4,75.0066909790039,72.91474151611328,72.6955795288086,73.19535827636719,65.79263305664063,74.4294204711914,76.546875,31.81818199157715,85.71428680419922,28.571430206298828,17.39130401611328,10,9.523809432983398,9.523809432983398,4.545454502105713,0,0,15.049459457397461,25769803776,0,18308628480,0
209,1790935920333,4,4,4,4,4,4,4,4,4,4,75.0066909790039,72.91474151611328,72.6955795288086,73.19535827636719,65.79263305664063,74.4294204711914,76.546875,20,28.571430206298828,38.095237731933594,40,18.18181800842285,14.285715103149414,0,0,0,0,15.049459457397461,25769803776,0,18302386176,0
209,1790935920543,4,4,4,4,4,4,4,4,4,4,75.0066909790039,72.91474151611328,72.6955795288086,73.19535827636719,65.79263305664063,74.4294204711914,76.546875,54.54545593261719,55,19.047618865966797,5,9.523809432983398,9.523809432983398,0,9.523809432983398,0,0,15.105338096618652,25769803776,0,18311168000,0
209,1790935920753,4,4,4,4,4,4,4,4,4,4,75.0066909790039,72.91474151611328,72.6955795288086,73.19535827636719,65.79263305664063,74.4294204711914,76.546875,60.000003814697266,52.38095474243164,15.000000953674316,9.523809432983398,0,4.761904716491699,0,4.761904716491699,0,0,15.105338096618652,25769803776,0,18311168000,0
209,1790935920963,4,4,4,4,4,4,4,4,4,4,75.0066909790039,72.91474151611328,72.6955795288086,73.19535827636719,65.79263305664063,74.4294204711914,76.546875,66.66667175292969,33.333335876464844,14.285715103149414,9.090909004211426,4.545454502105713,0,0,9.523809432983398,4.545454502105713,0,15.105338096618652,25769803776,0,18311168000,0
209,1790935921173,4,4,4,4,4,4,4,4,4,4,75.11798095703125,72.86460876464844,72.75840759277344,73.2789535522461,65.87147521972656,74.54544830322266,76.546875,33.333335876464844,47.619049072265625,31.81818199157715,10,28.571430206298828,13.636363983154297,0,4.761904716491699,0,0,15.105338096618652,25769803776,0,18311168000,0
209,1790935921383,4,4,4,4,4,4,4,4,4,4,75.11798095703125,72.86460876464844,72.75840759277344,73.2789535522461,65.87147521972656,74.54544830322266,76.546875,38.095237731933594,33.333335876464844,15.000000953674316,23.809524536132813,33.333335876464844,14.285715103149414,0,4.761904716491699,0,0,15.105338096618652,25769803776,0,18306121728,0
209,1790935921593,4,4,4,4,4,4,4,4,4,4,75.11798095703125,72.86460876464844,72.75840759277344,73.2789535522461,65.87147521972656,74.54544830322266,76.546875,52.38095474243164,57.142860412597656,14.285715103149414,14.285715103149414,5,5,0,9.090909004211426,4.761904716491699,0,15.067129135131836,25769803776,0,18314575872,0
209,1790935921803,4,4,4,4,4,4,4,4,4,4,75.11798095703125,72.86460876464844,72.75840759277344,73.2789535522461,65.87147521972656,74.54544830322266,76.546875,65,33.333335876464844,14.285715103149414,0,9.090909004211426,0,0,0,0,0,15.067129135131836,25769803776,0,18314575872,0
209,1790935922013,4,4,4,4,4,4,4,4,4,4,75.11798095703125,72.86460876464844,72.75840759277344,73.2789535522461,65.87147521972656,74.54544830322266,76.546875,69.56521606445313,28.571430206298828,23.809524536132813,23.809524536132813,5,19.047618865966797,4.545454502105713,4.761904716491699,4.545454502105713,0,15.067129135131836,25769803776,0,18314575872,0
209,1790935922223,4,4,4,4,4,4,4,4,4,4,75.2758560180664,73.00105285644531,72.9294204711914,73.47053527832031,66.07220458984375,74.76268005371094,77.015625,20,15.000000953674316,28.571430206298828,9.523809432983398,36.3636360168457,42.85714340209961,4.545454502105713,9.523809432983398,0,0,15.067129135131836,25769803776,0,18314575872,0
209,1790935922433,4,4,4,4,4,4,4,4,4,4,75.2758560180664,73.00105285644531,72.9294204711914,73.47053527832031,66.07220458984375,74.76268005371094,77.015625,33.333335876464844,40.90909194946289,42.85714340209961,19.047618865966797,10,9.523809432983398,0,4.761904716491699,0,0,15.067129135131836,25769803776,0,18307776512,0
209,1790935922643,4,4,4,4,4,4,4,4,4,4,75.2758560180664,73.00105285644531,72.9294204711914,73.47053527832031,66.07220458984375,74.76268005371094,77.015625,61.904762268066406,19.047618865966797,33.333335876464844,9.090909004211426,4.761904716491699,4.761904716491699,0,9.090909004211426,0,0,15.165435791015625,25769803776,0,18316066816,0
209,1790935922853,4,4,4,4,4,4,4,4,4,4,75.2758560180664,73.00105285644531,72.9294204711914,73.47053527832031,66.07220458984375,74.76268005371094,77.015625,75,23.809524536132813,9.523809432983398,0,0,0,4.761904716491699,0,0,0,15.165435791015625,25769803776,0,18316066816,0
209,1790935923063,4,4,4,4,4,4,4,4,4,4,75.27809143066406,73.16230773925781,73.00234985351563,73.55072784423828,66.0770034790039,74.75273895263672,77.015625,66.66667175292969,35,14.285715103149414,5.263157844543457,13.636363983154297,13.636363983154297,0,4.761904716491699,0,0,15.165435791015625,25769803776,0,18316066816,0
209,1790935923273,4,4,4,4,4,4,4,4,4,4,75.27809143066406,73.16230773925781,73.00234985351563,73.55072784423828,66.0770034790039,74.75273895263672,77.015625,36.3636360168457,33.333335876464844,33.333335876464844,22.72727394104004,40,14.285715103149414,0,4.761904716491699,4.545454502105713,0,15.165435791015625,25769803776,0,18316066816,0
209,1790935923483,4,4,4,4,4,4,4,4,4,4,75.27809143066406,73.16230773925781,73.00234985351563,73.55072784423828,66.0770034790039,74.75273895263672,77.015625,40,63.6363639831543,4.761904716491699,0,4.545454502105713,0,0,9.523809432983398,0,0,15.165435791015625,25769803776,0,18316328960,0
209,1790935923693,4,4,4,4,4,4,4,4,4,4,75.27809143066406,73.16230773925781,73.00234985351563,73.55072784423828,66.0770034790039,74.75273895263672,77.015625,66.66667175292969,30.000001907348633,10,13.636363983154297,14.285715103149414,5,9.090909004211426,0,0,0,15.152127265930176,25769803776,0,18316705792,0
209,1790935923903,4,4,4,4,4,4,4,4,4,4,75.27809143066406,73.16230773925781,73.00234985351563,73.55072784423828,66.0770034790039,74.75273895263672,77.015625,71.42857360839844,38.095237731933594,23.809524536132813,4.761904716491699,5,5,4.761904716491699,0,0,0,15.152127265930176,25769803776,0,18316869632,0
206,1790935924113,4,4,4,4,4,4,4,4,4,4,75.34253692626953,73.37884521484375,72.96749877929688,73.63174438476563,65.85745239257813,74.8564682006836,77.25,71.42857360839844,28.571430206298828,18.18181800842285,5,4.761904716491699,9.090909004211426,0,4.761904716491699,0,0,15.152127265930176,25769803776,0,18312790016,0
209,1790935924320,4,4,4,4,4,4,4,4,4,4,75.34253692626953,73.37884521484375,72.96749877929688,73.63174438476563,65.85745239257813,74.8564682006836,77.25,30.000001907348633,38.095237731933594,50,14.285715103149414,14.285715103149414,9.523809432983398,0,0,4.545454502105713,0,15.152127265930176,25769803776,0,18312790016,0
206,1790935924530,4,4,4,4,4,4,4,4,4,4,75.34253692626953,73.37884521484375,72.96749877929688,73.63174438476563,65.85745239257813,74.8564682006836,77.25,86.36363983154297,15.000000953674316,13.636363983154297,4.761904716491699,9.523809432983398,9.523809432983398,9.090909004211426,0,0,0,15.166807174682617,25769803776,0,18317230080,0
209,1790935924736,4,4,4,4,4,4,4,4,4,4,75.34253692626953,73.37884521484375,72.96749877929688,73.63174438476563,65.85745239257813,74.8564682006836,77.25,70,35,10,9.090909004211426,0,0,0,9.523809432983398,0,0,15.166807174682617,25769803776,0,18317230080,0
203,1790935924946,4,4,4,4,4,4,4,4,4,4,75.34253692626953,73.37884521484375,72.96749877929688,73.63174438476563,65.85745239257813,74.8564682006836,77.25,66.66667175292969,40.90909194946289,19.047618865966797,10,5,5,0,4.761904716491699,0,0,15.166807174682617,25769803776,0,18311200768,0
209,1790935925149,4,4,4,4,4,4,4,4,4,4,75.42652130126953,73.42884826660156,73.23048400878906,73.67688751220703,66.2406234741211,74.9907455444336,77.015625,25,70,10,15.000000953674316,15.000000953674316,9.523809432983398,0,9.523809432983398,0,0,15.166807174682617,25769803776,0,18311200768,0
209,1790935925359,4,4,4,4,4,4,4,4,4,4,75.42652130126953,73.42884826660156,73.23048400878906,73.67688751220703,66.2406234741211,74.9907455444336,77.015625,42.85714340209961,50,15.000000953674316,13.636363983154297,23.809524536132813,9.523809432983398,0,4.761904716491699,0,0,15.166807174682617,25769803776,0,18311200768,0
203,1790935925569,4,4,4,4,4,4,4,4,4,4,75.42652130126953,73.42884826660156,73.23048400878906,73.67688751220703,66.2406234741211,74.9907455444336,77.015625,76.19047546386719,25,13.636363983154297,10,9.090909004211426,9.523809432983398,0,9.523809432983398,0,0,15.188047409057617,25769803776,0,18311036928,0
202,1790935925773,4,4,4,4,4,4,4,4,4,4,75.42652130126953,73.42884826660156,73.23048400878906,73.67688751220703,66.2406234741211,74.9907455444336,77.015625,70,30.000001907348633,9.523809432983398,4.761904716491699,0,0,0,5,0,0,15.188047409057617,25769803776,0,18310610944,0
202,1790935925976,4,4,4,4,4,4,4,4,4,4,75.42652130126953,73.42884826660156,73.23048400878906,73.67688751220703,66.2406234741211,74.9907455444336,77.015625,76.19047546386719,25,15.789472579956055,15.000000953674316,10,9.523809432983398,4.761904716491699,5,9.090909004211426,0,15.188047409057617,25769803776,0,18311102464,0
202,1790935926179,4,4,4,4,4,4,4,4,4,4,75.482421875,73.41328430175781,73.37471008300781,73.72879028320313,66.34475708007813,75.07662200927734,77.25,36.842105865478516,52.38095474243164,28.571430206298828,20,25,15.000000953674316,0,5,0,0,15.188047409057617,25769803776,0,18307284992,0
209,1790935926382,4,4,4,4,4,4,4,4,4,4,75.482421875,73.41328430175781,73.37471008300781,73.72879028320313,66.34475708007813,75.07662200927734,77.25,54.54545593261719,30.000001907348633,10,15.000000953674316,0,0,4.761904716491699,5,0,0,15.188047409057617,25769803776,0,18307284992,0
203,1790935926592,4,4,4,4,4,4,4,4,4,4,75.482421875,73.41328430175781,73.37471008300781,73.72879028320313,66.34475708007813,75.07662200927734,77.25,75,25,14.285715103149414,9.523809432983398,13.043478012084961,4.761904716491699,0,9.090909004211426,0,0,15.285757064819336,25769803776,0,18311348224,0
209,1790935926795,4,4,4,4,4,4,4,4,4,4,75.482421875,73.41328430175781,73.37471008300781,73.72879028320313,66.34475708007813,75.07662200927734,77.25,66.66667175292969,25,10,4.761904716491699,0,4.761904716491699,0,5,0,0,15.285757064819336,25769803776,0,18310840320,0
209,1790935927005,4,4,4,4,4,4,4,4,4,4,75.482421875,73.41328430175781,73.37471008300781,73.72879028320313,66.34475708007813,75.07662200927734,77.25,78.94737243652344,33.333335876464844,80.95238494873047,14.285715103149414,10,10,5,9.523809432983398,0,0,15.285757064819336,25769803776,0,18298650624,0
209,1790935927215,4,4,4,4,4,4,4,4,4,4,75.52324676513672,73.59223937988281,73.57244110107422,73.80375671386719,66.62338256835938,75.17256927490234,80.671875,40.90909194946289,50,22.72727394104004,30.000001907348633,14.285715103149414,20,4.545454502105713,9.523809432983398,0,0,15.285757064819336,25769803776,0,18314575872,0
209,1790935927425,4,4,4,4,4,4,4,4,4,4,75.52324676513672,73.59223937988281,73.57244110107422,73.80375671386719,66.62338256835938,75.17256927490234,80.671875,71.42857360839844,28.571430206298828,14.285715103149414,13.636363983154297,9.523809432983398,26.086956024169922,4.761904716491699,4.761904716491699,4.761904716491699,0,15.285757064819336,25769803776,0,18322997248,0
209,1790935927635,4,4,4,4,4,4,4,4,4,4,75.52324676513672,73.59223937988281,73.57244110107422,73.80375671386719,66.62338256835938,75.17256927490234,80.671875,60.000003814697266,42.85714340209961,15.000000953674316,9.523809432983398,0,0,0,9.090909004211426,0,0,15.21713638305664,25769803776,0,18325356544,0
209,1790935927845,4,4,4,4,4,4,4,4,4,4,75.52324676513672,73.59223937988281,73.57244110107422,73.80375671386719,66.62338256835938,75.17256927490234,80.671875,59.09090805053711,35,28.571430206298828,15.000000953674316,19.047618865966797,13.636363983154297,0,0,0,0,15.21713638305664,25769803776,0,18325307392,0
209,1790935928055,4,4,4,4,4,4,4,4,4,4,75.54576110839844,73.61738586425781,73.525390625,73.81329345703125,66.4877700805664,75.17186737060547,77.484375,55,19.047618865966797,28.571430206298828,18.18181800842285,9.090909004211426,15.000000953674316,0,4.761904716491699,0,0,15.21713638305664,25769803776,0,18319704064,0
209,1790935928265,4,4,4,4,4,4,4,4,4,4,75.54576110839844,73.61738586425781,73.525390625,73.81329345703125,66.4877700805664,75.17186737060547,77.484375,42.85714340209961,57.142860412597656,15.000000953674316,10.526315689086914,10,13.636363983154297,0,4.761904716491699,0,0,15.21713638305664,25769803776,0,18316115968,0
209,1790935928475,4,4,4,4,4,4,4,4,4,4,75.54576110839844,73.61738586425781,73.525390625,73.81329345703125,66.4877700805664,75.17186737060547,77.484375,85.71428680419922,23.809524536132813,14.285715103149414,9.090909004211426,4.761904716491699,4.761904716491699,4.545454502105713,4.761904716491699,0,0,15.21713638305664,25769803776,0,18324406272,0
209,1790935928685,4,4,4,4,4,4,4,4,4,4,75.54576110839844,73.61738586425781,73.525390625,73.81329345703125,66.4877700805664,75.17186737060547,77.484375,71.42857360839844,28.571430206298828,9.523809432983398,4.761904716491699,0,0,0,9.523809432983398,0,0,15.101685523986816,25769803776,0,18324144128,0
209,1790935928895,4,4,4,4,4,4,4,4,4,4,75.54576110839844,73.61738586425781,73.525390625,73.81329345703125,66.4877700805664,75.17186737060547,77.484375,66.66667175292969,28.571430206298828,14.285715103149414,27.272727966308594,5,4.761904716491699,4.761904716491699,4.761904716491699,4.545454502105713,0,15.101685523986816,25769803776,0,18311970816,0
209,1790935929105,4,4,4,4,4,4,4,4,4,4,75.72173309326172,73.6976089477539,73.67162322998047,73.90359497070313,66.71196746826172,75.26362609863281,77.484375,66.66667175292969,60.000003814697266,54.54545593261719,35,36.3636360168457,38.095237731933594,0,9.090909004211426,0,0,15.101685523986816,25769803776,0,18304237568,0
209,1790935929315,4,4,4,4,4,4,4,4,4,4,75.72173309326172,73.6976089477539,73.67162322998047,73.90359497070313,66.71196746826172,75.26362609863281,77.484375,80.95238494873047,68.18181610107422,65,31.81818199157715,19.047618865966797,9.523809432983398,0,4.761904716491699,0,0,15.101685523986816,25769803776,0,18304237568,0
209,1790935929525,4,4,4,4,4,4,4,4,4,4,75.72173309326172,73.6976089477539,73.67162322998047,73.90359497070313,66.71196746826172,75.26362609863281,77.484375,75,70,47.619049072265625,30.000001907348633,10,9.523809432983398,0,0,0,0,15.101685523986816,25769803776,0,18304237568,0
209,1790935929735,4,4,4,4,4,4,4,4,4,4,75.72173309326172,73.6976089477539,73.67162322998047,73.90359497070313,66.71196746826172,75.26362609863281,77.484375,71.42857360839844,42.85714340209961,40,14.285715103149414,0,4.545454502105713,0,9.090909004211426,0,0,15.42099666595459,25769803776,0,18315296768,0
209,1790935929945,4,4,4,4,4,4,4,4,4,4,75.72173309326172,73.6976089477539,73.67162322998047,73.90359497070313,66.71196746826172,75.26362609863281,77.484375,71.42857360839844,38.095237731933594,23.809524536132813,13.636363983154297,9.523809432983398,5,9.090909004211426,0,0,0,15.42099666595459,25769803776,0,18315427840,0
209,1790935930155,4,4,4,4,4,4,4,4,4,4,75.83585357666016,74.0383529663086,73.7244644165039,74.01461791992188,66.5848617553711,75.38423919677734,77.484375,31.81818199157715,28.571430206298828,50,30.000001907348633,19.047618865966797,20,4.761904716491699,0,0,0,15.42099666595459,25769803776,0,18308677632,0
209,1790935930365,4,4,4,4,4,4,4,4,4,4,75.83585357666016,74.0383529663086,73.7244644165039,74.01461791992188,66.5848617553711,75.38423919677734,77.484375,66.66667175292969,20,19.047618865966797,0,0,0,5,0,8.69565200805664,0,15.42099666595459,25769803776,0,18307858432,0
209,1790935930575,4,4,4,4,4,4,4,4,4,4,75.83585357666016,74.0383529663086,73.7244644165039,74.01461791992188,66.5848617553711,75.38423919677734,77.484375,66.66667175292969,36.3636360168457,18.18181800842285,9.523809432983398,13.636363983154297,9.090909004211426,9.090909004211426,0,0,0,15.712879180908203,25769803776,0,18307858432,0
209,1790935930785,4,4,4,4,4,4,4,4,4,4,75.83585357666016,74.0383529663086,73.7244644165039,74.01461791992188,66.5848617553711,75.38423919677734,77.484375,57.142860412597656,38.095237731933594,15.000000953674316,0,0,0,4.761904716491699,0,0,0,15.712879180908203,25769803776,0,18316312576,0
209,1790935930995,4,4,4,4,4,4,4,4,4,4,75.83585357666016,74.0383529663086,73.7244644165039,74.01461791992188,66.5848617553711,75.38423919677734,77.484375,35,57.142860412597656,14.285715103149414,19.047618865966797,9.523809432983398,28.571430206298828,5,4.545454502105713,0,0,15.712879180908203,25769803776,0,18311692288,0
202,1790935931205,4,4,4,4,4,4,4,4,4,4,75.83839416503906,74.273681640625,73.36833953857422,73.94146728515625,65.96170043945313,75.37581634521484,81.484375,42.85714340209961,38.095237731933594,19.047618865966797,14.285715103149414,28.571430206298828,19.047618865966797,4.761904716491699,0,0,0,15.712879180908203,25769803776,0,18308595712,0
209,1790935931409,4,4,4,4,4,4,4,4,4,4,75.83839416503906,74.273681640625,73.36833953857422,73.94146728515625,65.96170043945313,75.37581634521484,81.484375,66.66667175292969,40,10,10,10,5,5,0,0,0,15.712879180908203,25769803776,0,18316017664,0
209,1790935931618,4,4,4,4,4,4,4,4,4,4,75.83839416503906,74.273681640625,73.36833953857422,73.94146728515625,65.96170043945313,75.37581634521484,81.484375,75,20,10,0,4.761904716491699,4.545454502105713,9.090909004211426,4.545454502105713,4.761904716491699,0,15.10923957824707,25769803776,0,18315984896,0
209,1790935931829,4,4,4,4,4,4,4,4,4,4,75.83839416503906,74.273681640625,73.36833953857422,73.94146728515625,65.96170043945313,75.37581634521484,81.484375,75,38.095237731933594,27.272727966308594,19.047618865966797,9.523809432983398,10,4.761904716491699,0,0,0,15.10923957824707,25769803776,0,17860902912,0
209,1790935932039,4,4,4,4,4,4,4,4,4,4,75.90298461914063,74.28736114501953,73.40936279296875,74.03532409667969,66.0525131225586,75.42826843261719,77.484375,40.90909194946289,45.45454788208008,15.000000953674316,14.285715103149414,14.285715103149414,4.761904716491699,9.523809432983398,0,0,0,15.10923957824707,25769803776,0,17852940288,0
209,1790935932249,4,4,4,4,4,4,4,4,4,4,75.90298461914063,74.28736114501953,73.40936279296875,74.03532409667969,66.0525131225586,75.42826843261719,77.484375,66.66667175292969,38.095237731933594,23.809524536132813,9.523809432983398,9.523809432983398,9.523809432983398,4.761904716491699,0,0,0,15.10923957824707,25769803776,0,17852678144,0
204,1790935932459,4,4,4,4,4,4,4,4,4,4,75.90298461914063,74.28736114501953,73.40936279296875,74.03532409667969,66.0525131225586,75.42826843261719,77.484375,76.19047546386719,25,9.523809432983398,9.523809432983398,9.523809432983398,5,9.090909004211426,0,0,0,15.10923957824707,25769803776,0,17860739072,0
201,1790935932664,4,4,4,4,4,4,4,4,4,4,75.90298461914063,74.28736114501953,73.40936279296875,74.03532409667969,66.0525131225586,75.42826843261719,77.484375,70,33.333335876464844,9.523809432983398,0,0,0,0,0,0,0,15.34040641784668,25769803776,0,17860771840,0
209,1790935932865,4,4,4,4,4,4,4,4,4,4,75.90298461914063,74.28736114501953,73.40936279296875,74.03532409667969,66.0525131225586,75.42826843261719,77.484375,65,40,20,10,5.263157844543457,9.523809432983398,4.761904716491699,0,4.761904716491699,0,15.34040641784668,25769803776,0,17861099520,0
209,1790935933075,4,4,4,4,4,4,4,4,4,4,75.98239135742188,74.2089614868164,73.5737075805664,74.16978454589844,66.30542755126953,75.4705810546875,77.484375,42.85714340209961,42.85714340209961,20,33.333335876464844,19.047618865966797,19.047618865966797,0,9.090909004211426,4.761904716491699,0,15.34040641784668,25769803776,0,17853857792,0
209,1790935933285,4,4,4,4,4,4,4,4,4,4,75.98239135742188,74.2089614868164,73.5737075805664,74.16978454589844,66.30542755126953,75.4705810546875,77.484375,38.095237731933594,70,9.090909004211426,0,0,0,9.090909004211426,0,0,0,15.34040641784668,25769803776,0,17860657152,0
209,1790935933495,4,4,4,4,4,4,4,4,4,4,75.98239135742188,74.2089614868164,73.5737075805664,74.16978454589844,66.30542755126953,75.4705810546875,77.484375,76.19047546386719,28.571430206298828,14.285715103149414,13.636363983154297,9.523809432983398,5,4.761904716491699,0,0,0,15.34040641784668,25769803776,0,17861017600,0
209,1790935933705,4,4,4,4,4,4,4,4,4,4,75.98239135742188,74.2089614868164,73.5737075805664,74.16978454589844,66.30542755126953,75.4705810546875,77.484375,80.95238494873047,33.333335876464844,14.285715103149414,5,9.523809432983398,9.090909004211426,9.523809432983398,0,0,0,15.358436584472656,25769803776,0,17860788224,0
209,1790935933915,4,4,4,4,4,4,4,4,4,4,75.98239135742188,74.2089614868164,73.5737075805664,74.16978454589844,66.30542755126953,75.4705810546875,77.484375,47.619049072265625,42.85714340209961,9.523809432983398,4.761904716491699,14.285715103149414,14.285715103149414,0,0,0,0,15.358436584472656,25769803776,0,17856708608,0
209,1790935934125,4,4,4,4,4,4,4,4,4,4,76.04036712646484,74.504150390625,73.56035614013672,74.2455825805664,66.1800537109375,75.56840515136719,77.484375,38.095237731933594,33.333335876464844,28.571430206298828,36.3636360168457,9.523809432983398,10,4.761904716491699,0,0,0,15.358436584472656,25769803776,0,17853005824,0
209,1790935934335,4,4,4,4,4,4,4,4,4,4,76.04036712646484,74.504150390625,73.56035614013672,74.2455825805664,66.1800537109375,75.56840515136719,77.484375,85.71428680419922,23.809524536132813,5,5,9.090909004211426,9.090909004211426,9.523809432983398,0,4.545454502105713,0,15.358436584472656,25769803776,0,17853005824,0
209,1790935934545,4,4,4,4,4,4,4,4,4,4,76.04036712646484,74.504150390625,73.56035614013672,74.2455825805664,66.1800537109375,75.56840515136719,77.484375,66.66667175292969,19.047618865966797,13.636363983154297,0,0,0,4.761904716491699,0,0,0,15.272974014282227,25769803776,0,17853005824,0
209,1790935934755,4,4,4,4,4,4,4,4,4,4,76.04036712646484,74.504150390625,73.56035614013672,74.2455825805664,66.1800537109375,75.56840515136719,77.484375,57.142860412597656,47.619049072265625,19.047618865966797,9.523809432983398,5,4.761904716491699,9.090909004211426,4.545454502105713,0,0,15.272974014282227,25769803776,0,17853005824,0
209,1790935934965,4,4,4,4,4,4,4,4,4,4,76.04036712646484,74.504150390625,73.56035614013672,74.2455825805664,66.1800537109375,75.56840515136719,77.484375,35,45.45454788208008,19.047618865966797,19.047618865966797,13.636363983154297,14.285715103149414,4.761904716491699,0,0,0,15.272974014282227,25769803776,0,17854316544,0
209,1790935935175,4,4,4,4,4,4,4,4,4,4,76.08624267578125,74.37153625488281,73.61669158935547,74.31953430175781,66.29051971435547,75.59075927734375,77.71875,52.38095474243164,55,10,4.761904716491699,4.761904716491699,5,5,0,0,0,15.272974014282227,25769803776,0,17853038592,0
209,1790935935385,4,4,4,4,4,4,4,4,4,4,76.08624267578125,74.37153625488281,73.61669158935547,74.31953430175781,66.29051971435547,75.59075927734375,77.71875,59.09090805053711,47.619049072265625,14.285715103149414,9.523809432983398,9.523809432983398,9.090909004211426,4.761904716491699,4.761904716491699,0,0,15.272974014282227,25769803776,0,17853038592,0
209,1790935935595,4,4,4,4,4,4,4,4,4,4,76.08624267578125,74.37153625488281,73.61669158935547,74.31953430175781,66.29051971435547,75.59075927734375,77.71875,71.42857360839844,28.571430206298828,9.523809432983398,4.761904716491699,0,0,4.761904716491699,0,0,0,15.319334030151367,25769803776,0,17853038592,0
202,1790935935805,4,4,4,4,4,4,4,4,4,4,76.08624267578125,74.37153625488281,73.61669158935547,74.31953430175781,66.29051971435547,75.59075927734375,77.71875,40,35,50,14.285715103149414,19.047618865966797,14.285715103149414,9.523809432983398,0,0,0,15.319334030151367,25769803776,0,17853038592,0
209,1790935936008,4,4,4,4,4,4,4,4,4,4,76.08624267578125,74.37153625488281,73.61669158935547,74.31953430175781,66.29051971435547,75.59075927734375,77.71875,33.333335876464844,38.095237731933594,50,10,23.809524536132813,10,5,0,4.761904716491699,0,15.319334030151367,25769803776,0,17853431808,0
209,1790935936218,4,4,4,4,4,4,4,4,4,4,76.18902587890625,74.60931396484375,73.72136688232422,74.37496948242188,66.40172576904297,75.70175170898438,77.71875,63.15789031982422,33.333335876464844,5,22.72727394104004,5,4.761904716491699,4.761904716491699,0,0,0,15.319334030151367,25769803776,0,17861640192,0
209,1790935936428,4,4,4,4,4,4,4,4,4,4,76.18902587890625,74.60931396484375,73.72136688232422,74.37496948242188,66.40172576904297,75.70175170898438,77.71875,73.91304016113281,23.809524536132813,9.090909004211426,0,0,0,9.090909004211426,4.545454502105713,0,0,15.319334030151367,25769803776,0,17861279744,0
204,1790935936638,4,4,4,4,4,4,4,4,4,4,76.18902587890625,74.60931396484375,73.72136688232422,74.37496948242188,66.40172576904297,75.70175170898438,77.71875,60.000003814697266,42.85714340209961,20,5,4.761904716491699,5,5,0,4.545454502105713,0,15.404661178588867,25769803776,0,17861279744,0
209,1790935936842,4,4,4,4,4,4,4,4,4,4,76.18902587890625,74.60931396484375,73.72136688232422,74.37496948242188,66.40172576904297,75.70175170898438,77.71875,23.809524536132813,45,14.285715103149414,20,14.285715103149414,19.047618865966797,4.761904716491699,0,0,0,15.404661178588867,25769803776,0,17861279744,0
209,1790935937052,4,4,4,4,4,4,4,4,4,4,76.27608489990234,74.58586883544922,73.7164077758789,74.41847229003906,66.38274383544922,75.78822326660156,77.953125,40,40,19.047618865966797,14.285715103149414,10,28.571430206298828,5,4.545454502105713,0,0,15.404661178588867,25769803776,0,17852579840,0
203,1790935937262,4,4,4,4,4,4,4,4,4,4,76.27608489990234,74.58586883544922,73.7164077758789,74.41847229003906,66.38274383544922,75.78822326660156,77.953125,61.904762268066406,50,10,9.523809432983398,9.090909004211426,9.523809432983398,4.761904716491699,0,0,0,15.404661178588867,25769803776,0,17860214784,0
209,1790935937466,4,4,4,4,4,4,4,4,4,4,76.27608489990234,74.58586883544922,73.7164077758789,74.41847229003906,66.38274383544922,75.78822326660156,77.953125,70,25,9.523809432983398,4.761904716491699,0,0,9.523809432983398,0,0,0,15.404661178588867,25769803776,0,17859985408,0
203,1790935937676,4,4,4,4,4,4,4,4,4,4,76.27608489990234,74.58586883544922,73.7164077758789,74.41847229003906,66.38274383544922,75.78822326660156,77.953125,42.85714340209961,71.42857360839844,19.047618865966797,4.761904716491699,9.523809432983398,9.090909004211426,4.761904716491699,0,0,0,15.303031921386719,25769803776,0,17862213632,0
202,1790935937879,4,4,4,4,4,4,4,4,4,4,76.27608489990234,74.58586883544922,73.7164077758789,74.41847229003906,66.38274383544922,75.78822326660156,77.953125,28.571430206298828,50,25,26.3157901763916,15.000000953674316,25,0,0,4.545454502105713,0,15.303031921386719,25769803776,0,17853579264,0
202,1790935938082,4,4,4,4,4,4,4,4,4,4,76.32503509521484,74.5430679321289,73.89643859863281,74.47671508789063,66.66851043701172,75.80836486816406,78.203125,40,66.66667175292969,5,0,0,0,0,9.523809432983398,0,0,15.303031921386719,25769803776,0,17858412544,0
209,1790935938285,4,4,4,4,4,4,4,4,4,4,76.32503509521484,74.5430679321289,73.89643859863281,74.47671508789063,66.66851043701172,75.80836486816406,78.203125,71.42857360839844,31.57894515991211,14.285715103149414,14.285715103149414,9.523809432983398,5.263157844543457,9.523809432983398,0,0,0,15.303031921386719,25769803776,0,17858510848,0
203,1790935938495,4,4,4,4,4,4,4,4,4,4,76.32503509521484,74.5430679321289,73.89643859863281,74.47671508789063,66.66851043701172,75.80836486816406,78.203125,75,23.809524536132813,9.523809432983398,0,0,0,4.761904716491699,0,0,0,15.303031921386719,25769803776,0,17858199552,0
209,1790935938699,4,4,4,4,4,4,4,4,4,4,76.32503509521484,74.5430679321289,73.89643859863281,74.47671508789063,66.66851043701172,75.80836486816406,78.203125,50,66.66667175292969,10.526315689086914,14.285715103149414,10,10,9.523809432983398,0,0,0,15.40639877319336,25769803776,0,17858199552,0
209,1790935938909,4,4,4,4,4,4,4,4,4,4,76.32503509521484,74.5430679321289,73.89643859863281,74.47671508789063,66.66851043701172,75.80836486816406,78.203125,45.45454788208008,28.571430206298828,19.047618865966797,33.333335876464844,19.047618865966797,9.523809432983398,5,4.545454502105713,0,0,15.40639877319336,25769803776,0,17858199552,0
209,1790935939119,4,4,4,4,4,4,4,4,4,4,76.36515808105469,74.72566986083984,73.83602905273438,74.5125732421875,66.515869140625,75.88257598876953,78.203125,75,15.000000953674316,23.809524536132813,9.523809432983398,5,9.523809432983398,4.761904716491699,0,0,0,15.40639877319336,25769803776,0,17858854912,0
209,1790935939329,4,4,4,4,4,4,4,4,4,4,76.36515808105469,74.72566986083984,73.83602905273438,74.5125732421875,66.515869140625,75.88257598876953,78.203125,70,31.81818199157715,9.523809432983398,0,0,0,4.761904716491699,0,0,0,15.40639877319336,25769803776,0,17858953216,0
209,1790935939539,4,4,4,4,4,4,4,4,4,4,76.36515808105469,74.72566986083984,73.83602905273438,74.5125732421875,66.515869140625,75.88257598876953,78.203125,72.7272720336914,20,23.809524536132813,9.523809432983398,22.72727394104004,9.090909004211426,9.523809432983398,0,4.545454502105713,0,15.304012298583984,25769803776,0,17858936832,0
209,1790935939749,4,4,4,4,4,4,4,4,4,4,76.36515808105469,74.72566986083984,73.83602905273438,74.5125732421875,66.515869140625,75.88257598876953,78.203125,38.095237731933594,50,27.272727966308594,9.523809432983398,4.761904716491699,5,4.761904716491699,0,0,0,15.304012298583984,25769803776,0,17858936832,0
209,1790935939959,4,4,4,4,4,4,4,4,4,4,76.36515808105469,74.72566986083984,73.83602905273438,74.5125732421875,66.515869140625,75.88257598876953,78.203125,38.095237731933594,45,30.000001907348633,9.523809432983398,14.285715103149414,9.523809432983398,4.761904716491699,0,0,0,15.304012298583984,25769803776,0,17858936832,0
209,1790935940169,4,4,4,4,4,4,4,4,4,4,76.4648666381836,74.64885711669922,73.82730865478516,74.61383056640625,66.5007095336914,76.00535583496094,78.203125,57.142860412597656,28.571430206298828,14.285715103149414,9.090909004211426,19.047618865966797,9.090909004211426,4.761904716491699,0,0,0,15.304012298583984,25769803776,0,17859330048,0
209,1790935940379,4,4,4,4,4,4,4,4,4,4,76.4648666381836,74.64885711669922,73.82730865478516,74.61383056640625,66.5007095336914,76.00535583496094,78.203125,71.42857360839844,23.809524536132813,13.636363983154297,0,0,0,4.761904716491699,4.545454502105713,0,0,15.304012298583984,25769803776,0,17859198976,0
206,1790935940589,4,4,4,4,4,4,4,4,4,4,76.4648666381836,74.64885711669922,73.82730865478516,74.61383056640625,66.5007095336914,76.00535583496094,78.203125,38.095237731933594,70,10,9.090909004211426,13.043478012084961,9.090909004211426,9.090909004211426,0,4.545454502105713,0,15.380022048950195,25769803776,0,17859198976,0
209,1790935940795,4,4,4,4,4,4,4,4,4,4,76.4648666381836,74.64885711669922,73.82730865478516,74.61383056640625,66.5007095336914,76.00535583496094,78.203125,47.619049072265625,38.095237731933594,33.333335876464844,15.000000953674316,21.052631378173828,23.809524536132813,5,4.761904716491699,0,4.545454502105713,15.380022048950195,25769803776,0,17859198976,0
203,1790935941005,4,4,4,4,4,4,4,4,4,4,76.4648666381836,74.64885711669922,73.82730865478516,74.61383056640625,66.5007095336914,76.00535583496094,78.203125,63.15789031982422,33.333335876464844,9.523809432983398,4.761904716491699,0,0,9.090909004211426,0,0,0,15.380022048950195,25769803776,0,17859198976,0
209,1790935941209,4,4,4,4,4,4,4,4,4,4,76.43669891357422,74.78167724609375,73.8928451538086,74.6575698852539,66.57050323486328,76.02434539794922,78.203125,71.42857360839844,33.333335876464844,20,10,9.523809432983398,5.263157844543457,0,0,0,4.761904716491699,15.380022048950195,25769803776,0,17859624960,0
203,1790935941419,4,4,4,4,4,4,4,4,4,4,76.43669891357422,74.78167724609375,73.8928451538086,74.6575698852539,66.57050323486328,76.02434539794922,78.203125,61.904762268066406,35,19.047618865966797,14.285715103149414,9.523809432983398,4.761904716491699,4.761904716491699,0,0,0,15.380022048950195,25769803776,0,17862082560,0
209,1790935941622,4,4,4,4,4,4,4,4,4,4,76.43669891357422,74.78167724609375,73.8928451538086,74.6575698852539,66.57050323486328,76.02434539794922,78.203125,40,47.619049072265625,9.523809432983398,14.285715103149414,20,10,0,0,0,0,15.277524948120117,25769803776,0,17856430080,0
209,1790935941832,4,4,4,4,4,4,4,4,4,4,76.43669891357422,74.78167724609375,73.8928451538086,74.6575698852539,66.57050323486328,76.02434539794922,78.203125,50,35,25,9.523809432983398,22.72727394104004,13.636363983154297,9.523809432983398,0,0,0,15.277524948120117,25769803776,0,17852825600,0
203,1790935942042,4,4,4,4,4,4,4,4,4,4,76.45052337646484,74.74129486083984,73.9041976928711,74.6891098022461,66.5909423828125,76.00357055664063,81.96875,85.71428680419922,23.809524536132813,14.285715103149414,9.523809432983398,5,4.761904716491699,4.761904716491699,0,0,0,15.277524948120117,25769803776,0,17852825600,0
209,1790935942246,4,4,4,4,4,4,4,4,4,4,76.45052337646484,74.74129486083984,73.9041976928711,74.6891098022461,66.5909423828125,76.00357055664063,81.96875,75,23.809524536132813,9.523809432983398,0,4.761904716491699,0,9.523809432983398,0,4.761904716491699,0,15.277524948120117,25769803776,0,17860722688,0
203,1790935942456,4,4,4,4,4,4,4,4,4,4,76.45052337646484,74.74129486083984,73.9041976928711,74.6891098022461,66.5909423828125,76.00357055664063,81.96875,60.000003814697266,47.619049072265625,18.18181800842285,4.761904716491699,4.761904716491699,4.761904716491699,4.761904716491699,8.69565200805664,4.545454502105713,0,15.277524948120117,25769803776,0,17860952064,0
202,1790935942659,4,4,4,4,4,4,4,4,4,4,76.45052337646484,74.74129486083984,73.9041976928711,74.6891098022461,66.5909423828125,76.00357055664063,81.96875,35,50,15.789472579956055,14.285715103149414,5.263157844543457,15.000000953674316,9.523809432983398,0,0,0,15.410741806030273,25769803776,0,17860952064,0
209,1790935942862,4,4,4,4,4,4,4,4,4,4,76.45052337646484,74.74129486083984,73.9041976928711,74.6891098022461,66.5909423828125,76.00357055664063,81.96875,40,60.000003814697266,23.809524536132813,5.263157844543457,9.523809432983398,10,0,0,0,0,15.410741806030273,25769803776,0,17860952064,0
209,1790935943072,4,4,4,4,4,4,4,4,4,4,76.51277160644531,74.90154266357422,73.94686126708984,74.7230453491211,66.64228057861328,76.13301849365234,78.4375,61.904762268066406,42.85714340209961,14.285715103149414,9.523809432983398,5,9.090909004211426,4.761904716491699,0,0,0,15.410741806030273,25769803776,0,17860952064,0
203,1790935943282,4,4,4,4,4,4,4,4,4,4,76.51277160644531,74.90154266357422,73.94686126708984,74.7230453491211,66.64228057861328,76.13301849365234,78.4375,68.18181610107422,28.571430206298828,10,0,0,0,9.523809432983398,0,0,0,15.410741806030273,25769803776,0,17861410816,0
209,1790935943486,4,4,4,4,4,4,4,4,4,4,76.51277160644531,74.90154266357422,73.94686126708984,74.7230453491211,66.64228057861328,76.13301849365234,78.4375,35,80,23.809524536132813,14.285715103149414,14.285715103149414,10,9.523809432983398,0,0,0,15.410741806030273,25769803776,0,17854054400,0
209,1790935943696,4,4,4,4,4,4,4,4,4,4,76.51277160644531,74.90154266357422,73.94686126708984,74.7230453491211,66.64228057861328,76.13301849365234,78.4375,33.333335876464844,52.38095474243164,19.047618865966797,14.285715103149414,18.18181800842285,19.047618865966797,4.761904716491699,0,0,0,15.273506164550781,25769803776,0,17854119936,0
209,1790935943906,4,4,4,4,4,4,4,4,4,4,76.51277160644531,74.90154266357422,73.94686126708984,74.7230453491211,66.64228057861328,76.13301849365234,78.4375,66.66667175292969,40.90909194946289,10,9.523809432983398,5,4.761904716491699,4.761904716491699,0,0,0,15.273506164550781,25769803776,0,17862475776,0
209,1790935944116,4,4,4,4,4,4,4,4,4,4,76.51349639892578,74.88954162597656,73.95061492919922,74.7529296875,66.65306091308594,76.10508728027344,78.203125,75,20,13.636363983154297,0,4.545454502105713,4.761904716491699,9.523809432983398,4.545454502105713,0,0,15.273506164550781,25769803776,0,17843503104,0
209,1790935944326,4,4,4,4,4,4,4,4,4,4,76.51349639892578,74.88954162597656,73.95061492919922,74.7529296875,66.65306091308594,76.10508728027344,78.203125,61.904762268066406,42.85714340209961,15.000000953674316,5,5,4.761904716491699,4.761904716491699,0,4.545454502105713,0,15.273506164550781,25769803776,0,17843912704,0
209,1790935944536,4,4,4,4,4,4,4,4,4,4,76.51349639892578,74.88954162597656,73.95061492919922,74.7529296875,66.65306091308594,76.10508728027344,78.203125,33.333335876464844,47.619049072265625,9.523809432983398,9.090909004211426,23.809524536132813,10,5,0,0,0,15.348716735839844,25769803776,0,17839915008,0
205,1790935944746,4,4,4,4,4,4,4,4,4,4,76.51349639892578,74.88954162597656,73.95061492919922,74.7529296875,66.65306091308594,76.10508728027344,78.203125,42.85714340209961,38.095237731933594,23.809524536132813,10,28.571430206298828,13.636363983154297,4.761904716491699,0,0,0,15.348716735839844,25769803776,0,17836343296,0
209,1790935944951,4,4,4,4,4,4,4,4,4,4,76.51349639892578,74.88954162597656,73.95061492919922,74.7529296875,66.65306091308594,76.10508728027344,78.203125,76.19047546386719,28.571430206298828,10,14.285715103149414,9.523809432983398,5,0,9.523809432983398,0,0,15.348716735839844,25769803776,0,17844289536,0
209,1790935945161,4,4,4,4,4,4,4,4,4,4,76.58061218261719,74.9095230102539,74.08492279052734,74.81397247314453,66.86750793457031,76.18852996826172,78.4375,80,19.047618865966797,9.523809432983398,0,0,0,8.69565200805664,0,0,0,15.348716735839844,25769803776,0,17844289536,0
203,1790935945371,4,4,4,4,4,4,4,4,4,4,76.58061218261719,74.9095230102539,74.08492279052734,74.81397247314453,66.86750793457031,76.18852996826172,78.4375,45.45454788208008,65,22.72727394104004,5,9.523809432983398,9.523809432983398,0,0,0,0,15.348716735839844,25769803776,0,17844551680,0
209,1790935945575,4,4,4,4,4,4,4,4,4,4,76.58061218261719,74.9095230102539,74.08492279052734,74.81397247314453,66.86750793457031,76.18852996826172,78.4375,35,40,40,27.272727966308594,20,15.000000953674316,0,5,4.761904716491699,0,15.363021850585938,25769803776,0,17837752320,0
203,1790935945785,4,4,4,4,4,4,4,4,4,4,76.58061218261719,74.9095230102539,74.08492279052734,74.81397247314453,66.86750793457031,76.18852996826172,78.4375,33.333335876464844,59.09090805053711,0,0,14.285715103149414,0,4.761904716491699,0,0,0,15.363021850585938,25769803776,0,17844600832,0
209,1790935945988,4,4,4,4,4,4,4,4,4,4,76.58061218261719,74.9095230102539,74.08492279052734,74.81397247314453,66.86750793457031,76.18852996826172,78.4375,75,25,14.285715103149414,5,5.263157844543457,9.523809432983398,9.523809432983398,0,4.761904716491699,0,15.363021850585938,25769803776,0,17844600832,0
209,1790935946198,4,4,4,4,4,4,4,4,4,4,76.67082214355469,74.76885986328125,74.07048797607422,74.93063354492188,66.8597640991211,76.30754852294922,78.4375,76.19047546386719,19.047618865966797,9.523809432983398,0,4.545454502105713,0,4.761904716491699,0,0,0,15.363021850585938,25769803776,0,17844600832,0
203,1790935946408,4,4,4,4,4,4,4,4,4,4,76.67082214355469,74.76885986328125,74.07048797607422,74.93063354492188,66.8597640991211,76.30754852294922,78.4375,35,71.42857360839844,25,9.523809432983398,9.523809432983398,10,9.523809432983398,0,0,0,15.363021850585938,25769803776,0,17840668672,0
202,1790935946612,4,4,4,4,4,4,4,4,4,4,76.67082214355469,74.76885986328125,74.07048797607422,74.93063354492188,66.8597640991211,76.30754852294922,78.4375,33.333335876464844,36.842105865478516,38.095237731933594,15.000000953674316,14.285715103149414,28.571430206298828,5,4.761904716491699,0,0,15.290384292602539,25769803776,0,17837670400,0
209,1790935946815,4,4,4,4,4,4,4,4,4,4,76.67082214355469,74.76885986328125,74.07048797607422,74.93063354492188,66.8597640991211,76.30754852294922,78.4375,55,42.85714340209961,20,80,5,4.761904716491699,0,4.761904716491699,0,0,15.290384292602539,25769803776,0,17837670400,0
209,1790935947025,4,4,4,4,4,4,4,4,4,4,76.67082214355469,75.09882354736328,74.05188751220703,74.93063354492188,66.837646484375,76.30754852294922,78.4375,80.95238494873047,33.333335876464844,38.095237731933594,18.18181800842285,5,9.523809432983398,9.523809432983398,0,0,0,15.290384292602539,25769803776,0,17837670400,0
209,1790935947235,4,4,4,4,4,4,4,4,4,4,76.63436126708984,75.09882354736328,74.05188751220703,74.89727020263672,66.837646484375,76.2620620727539,78.4375,72.7272720336914,35,19.047618865966797,9.523809432983398,9.090909004211426,5,4.761904716491699,0,0,0,15.290384292602539,25769803776,0,17837670400,0
209,1790935947445,4,4,4,4,4,4,4,4,4,4,76.63436126708984,75.09882354736328,74.05188751220703,74.89727020263672,66.837646484375,76.2620620727539,78.4375,40,59.09090805053711,18.18181800842285,9.090909004211426,9.523809432983398,13.636363983154297,0,4.761904716491699,0,0,15.290384292602539,25769803776,0,17833656320,0
209,1790935947655,4,4,4,4,4,4,4,4,4,4,76.63436126708984,75.09882354736328,74.05188751220703,74.89727020263672,66.837646484375,76.2620620727539,78.4375,36.3636360168457,50,35,10,9.523809432983398,5,9.090909004211426,0,4.545454502105713,0,15.334661483764648,25769803776,0,17829969920,0
209,1790935947865,4,4,4,4,4,4,4,4,4,4,76.63436126708984,75.09882354736328,74.05188751220703,74.89727020263672,66.837646484375,76.2620620727539,78.4375,50,28.571430206298828,14.285715103149414,38.095237731933594,5,9.523809432983398,5,0,0,0,15.334661483764648,25769803776,0,17837850624,0
205,1790935948075,4,4,4,4,4,4,4,4,4,4,76.70397186279297,74.9066390991211,74.13037872314453,75.01449584960938,66.98098754882813,76.32473754882813,78.4375,71.42857360839844,19.047618865966797,13.636363983154297,4.761904716491699,0,0,9.090909004211426,4.545454502105713,0,0,15.334661483764648,25769803776,0,17837801472,0
209,1790935948280,4,4,4,4,4,4,4,4,4,4,76.70397186279297,74.9066390991211,74.13037872314453,75.01449584960938,66.98098754882813,76.32473754882813,78.4375,65,40,20,9.523809432983398,9.523809432983398,5,0,0,0,0,15.334661483764648,25769803776,0,17837801472,0
209,1790935948490,4,4,4,4,4,4,4,4,4,4,76.70397186279297,74.9066390991211,74.13037872314453,75.01449584960938,66.98098754882813,76.32473754882813,78.4375,25,50,9.523809432983398,30.000001907348633,9.523809432983398,9.523809432983398,4.761904716491699,0,0,0,15.334661483764648,25769803776,0,17832951808,0
209,1790935948700,4,4,4,4,4,4,4,4,4,4,76.70397186279297,74.9066390991211,74.13037872314453,75.01449584960938,66.98098754882813,76.32473754882813,78.4375,50,52.38095474243164,14.285715103149414,9.523809432983398,19.047618865966797,9.090909004211426,9.090909004211426,0,4.761904716491699,0,15.361461639404297,25769803776,0,17830772736,0
209,1790935948910,4,4,4,4,4,4,4,4,4,4,76.70397186279297,74.9066390991211,74.13037872314453,75.01449584960938,66.98098754882813,76.32473754882813,78.4375,75,23.809524536132813,10,5,14.285715103149414,5,5,0,4.545454502105713,0,15.361461639404297,25769803776,0,17830772736,0
202,1790935949120,4,4,4,4,4,4,4,4,4,4,76.75200653076172,75.10821533203125,74.07201385498047,75.04988861083984,66.8365707397461,76.37833404541016,78.4375,68.18181610107422,28.571430206298828,9.523809432983398,8.69565200805664,0,0,4.545454502105713,4.545454502105713,0,0,15.361461639404297,25769803776,0,17830772736,0
209,1790935949323,4,4,4,4,4,4,4,4,4,4,76.75200653076172,75.10821533203125,74.07201385498047,75.04988861083984,66.8365707397461,76.37833404541016,78.4375,47.36842346191406,60.000003814697266,20,10,19.047618865966797,23.809524536132813,5,0,0,0,15.361461639404297,25769803776,0,17830772736,0
209,1790935949533,4,4,4,4,4,4,4,4,4,4,76.75200653076172,75.10821533203125,74.07201385498047,75.04988861083984,66.8365707397461,76.37833404541016,78.4375,27.272727966308594,45,23.809524536132813,19.047618865966797,9.523809432983398,33.333335876464844,4.761904716491699,0,0,0,15.275777816772461,25769803776,0,17831198720,0
209,1790935949743,4,4,4,4,4,4,4,4,4,4,76.75200653076172,75.10821533203125,74.07201385498047,75.04988861083984,66.8365707397461,76.37833404541016,78.4375,80.95238494873047,31.81818199157715,13.636363983154297,4.761904716491699,5,9.090909004211426,9.523809432983398,0,0,0,15.275777816772461,25769803776,0,17839423488,0
204,1790935949953,4,4,4,4,4,4,4,4,4,4,76.75200653076172,75.10821533203125,74.07201385498047,75.04988861083984,66.8365707397461,76.37833404541016,78.4375,57.142860412597656,35,0,0,4.761904716491699,0,4.761904716491699,0,0,0,15.275777816772461,25769803776,0,17839374336,0
202,1790935950158,4,4,4,4,4,4,4,4,4,4,76.73340606689453,75.16206359863281,74.08349609375,75.04601287841797,66.85822296142578,76.3270034790039,78.4375,65,38.095237731933594,23.809524536132813,14.285715103149414,9.523809432983398,5,9.523809432983398,0,0,0,15.275777816772461,25769803776,0,17839570944,0
209,1790935950361,4,4,4,4,4,4,4,4,4,4,76.73340606689453,75.16206359863281,74.08349609375,75.04601287841797,66.85822296142578,76.3270034790039,78.4375,60.000003814697266,40,5,9.523809432983398,5,5,0,0,0,0,15.275777816772461,25769803776,0,17835671552,0
209,1790935950571,4,4,4,4,4,4,4,4,4,4,76.73340606689453,75.16206359863281,74.08349609375,75.04601287841797,66.85822296142578,76.3270034790039,78.4375,40.90909194946289,57.142860412597656,19.047618865966797,15.000000953674316,14.285715103149414,14.285715103149414,4.761904716491699,4.545454502105713,4.545454502105713,0,15.225410461425781,25769803776,0,17832017920,0
209,1790935950781,4,4,4,4,4,4,4,4,4,4,76.73340606689453,75.16206359863281,74.08349609375,75.04601287841797,66.85822296142578,76.3270034790039,78.4375,75,30.000001907348633,14.285715103149414,9.523809432983398,9.523809432983398,4.761904716491699,9.090909004211426,0,0,0,15.225410461425781,25769803776,0,17839980544,0
209,1790935950991,4,4,4,4,4,4,4,4,4,4,76.73340606689453,75.16206359863281,74.08349609375,75.04601287841797,66.85822296142578,76.3270034790039,78.4375,72.7272720336914,27.272727966308594,9.523809432983398,4.761904716491699,0,0,5,0,0,0,15.225410461425781,25769803776,0,17839996928,0
209,1790935951201,4,4,4,4,4,4,4,4,4,4,76.75008392333984,75.07493591308594,74.09245300292969,75.11001586914063,66.9302978515625,76.36394500732422,78.4375,40,65,19.047618865966797,4.761904716491699,9.523809432983398,5,9.090909004211426,0,0,0,15.225410461425781,25769803776,0,17840128000,0
209,1790935951411,4,4,4,4,4,4,4,4,4,4,76.75008392333984,75.07493591308594,74.09245300292969,75.11001586914063,66.9302978515625,76.36394500732422,78.4375,33.333335876464844,42.85714340209961,28.571430206298828,45.45454788208008,14.285715103149414,22.72727394104004,4.761904716491699,4.545454502105713,0,0,15.225410461425781,25769803776,0,17833328640,0
209,1790935951621,4,4,4,4,4,4,4,4,4,4,76.75008392333984,75.07493591308594,74.09245300292969,75.11001586914063,66.9302978515625,76.36394500732422,78.4375,61.904762268066406,42.85714340209961,4.761904716491699,0,0,0,5,0,0,0,15.266801834106445,25769803776,0,17840111616,0
209,1790935951831,4,4,4,4,4,4,4,4,4,4,76.75008392333984,75.07493591308594,74.09245300292969,75.11001586914063,66.9302978515625,76.36394500732422,78.4375,71.42857360839844,33.333335876464844,14.285715103149414,4.761904716491699,4.761904716491699,5,4.545454502105713,0,0,0,15.266801834106445,25769803776,0,17841012736,0
209,1790935952041,4,4,4,4,4,4,4,4,4,4,76.779541015625,75.04955291748047,74.28045654296875,75.18923950195313,67.24506378173828,76.38042449951172,81.5,57.142860412597656,38.095237731933594,14.285715103149414,0,4.761904716491699,0,0,9.090909004211426,0,0,15.266801834106445,25769803776,0,17841012736,0
209,1790935952251,4,4,4,4,4,4,4,4,4,4,76.779541015625,75.04955291748047,74.28045654296875,75.18923950195313,67.24506378173828,76.38042449951172,81.5,70,28.571430206298828,19.047618865966797,18.18181800842285,28.571430206298828,13.636363983154297,5,0,0,0,15.266801834106445,25769803776,0,17841012736,0
209,1790935952461,4,4,4,4,4,4,4,4,4,4,76.779541015625,75.04955291748047,74.28045654296875,75.18923950195313,67.24506378173828,76.38042449951172,81.5,38.095237731933594,40.90909194946289,14.285715103149414,5.263157844543457,30.000001907348633,14.285715103149414,9.090909004211426,4.545454502105713,4.545454502105713,0,15.266801834106445,25769803776,0,17841012736,0
209,1790935952671,4,4,4,4,4,4,4,4,4,4,76.779541015625,75.04955291748047,74.28045654296875,75.18923950195313,67.24506378173828,76.38042449951172,81.5,76.19047546386719,35,14.285715103149414,13.636363983154297,13.636363983154297,5,4.761904716491699,0,0,0,15.265066146850586,25769803776,0,17841373184,0
209,1790935952881,4,4,4,4,4,4,4,4,4,4,76.779541015625,75.04955291748047,74.28045654296875,75.18923950195313,67.24506378173828,76.38042449951172,81.5,76.19047546386719,23.809524536132813,4.761904716491699,0,0,0,5,0,0,0,15.265066146850586,25769803776,0,17841831936,0
209,1790935953091,4,4,4,4,4,4,4,4,4,4,76.78573608398438,75.10803985595703,74.12982177734375,75.1697006225586,66.98074340820313,76.40299224853516,78.4375,63.6363639831543,42.85714340209961,25,5,9.523809432983398,9.090909004211426,9.090909004211426,0,0,0,15.265066146850586,25769803776,0,17842290688,0
200,1790935953301,4,4,4,4,4,4,4,4,4,4,76.78573608398438,75.10803985595703,74.12982177734375,75.1697006225586,66.98074340820313,76.40299224853516,78.4375,47.619049072265625,15.000000953674316,23.809524536132813,31.81818199157715,5,15.000000953674316,4.761904716491699,0,4.545454502105713,0,15.265066146850586,25769803776,0,17834573824,0
209,1790935953502,4,4,4,4,4,4,4,4,4,4,76.78573608398438,75.10803985595703,74.12982177734375,75.1697006225586,66.98074340820313,76.40299224853516,78.4375,50,42.85714340209961,9.523809432983398,5.263157844543457,14.285715103149414,20,0,0,0,0,15.265066146850586,25769803776,0,17834573824,0
203,1790935953712,4,4,4,4,4,4,4,4,4,4,76.78573608398438,75.10803985595703,74.12982177734375,75.1697006225586,66.98074340820313,76.40299224853516,78.4375,80,23.809524536132813,14.285715103149414,13.636363983154297,5,4.761904716491699,9.090909004211426,0,0,0,15.18574333190918,25769803776,0,17842634752,0
209,1790935953915,4,4,4,4,4,4,4,4,4,4,76.78573608398438,75.10803985595703,74.12982177734375,75.1697006225586,66.98074340820313,76.40299224853516,78.4375,70,30.000001907348633,0,5,0,0,0,0,0,0,15.18574333190918,25769803776,0,17842782208,0
209,1790935954125,4,4,4,4,4,4,4,4,4,4,76.84162902832031,75.23806762695313,74.12791442871094,75.2143325805664,66.9300308227539,76.46726989746094,80.203125,81.81818389892578,28.571430206298828,13.636363983154297,19.047618865966797,9.090909004211426,4.761904716491699,9.090909004211426,4.545454502105713,0,0,15.18574333190918,25769803776,0,17843290112,0
209,1790935954335,4,4,4,4,4,4,4,4,4,4,76.84162902832031,75.23806762695313,74.12791442871094,75.2143325805664,66.9300308227539,76.46726989746094,80.203125,55,35,23.809524536132813,19.047618865966797,33.333335876464844,19.047618865966797,4.761904716491699,0,4.761904716491699,0,15.18574333190918,25769803776,0,17836474368,0
209,1790935954545,4,4,4,4,4,4,4,4,4,4,76.84162902832031,75.23806762695313,74.12791442871094,75.2143325805664,66.9300308227539,76.46726989746094,80.203125,60.000003814697266,31.81818199157715,9.523809432983398,4.761904716491699,0,0,5,4.545454502105713,0,0,15.219123840332031,25769803776,0,17836474368,0
209,1790935954755,4,4,4,4,4,4,4,4,4,4,76.84162902832031,75.23806762695313,74.12791442871094,75.2143325805664,66.9300308227539,76.46726989746094,80.203125,68.18181610107422,30.000001907348633,19.047618865966797,9.523809432983398,5,13.636363983154297,9.090909004211426,0,0,0,15.219123840332031,25769803776,0,17843879936,0
209,1790935954965,4,4,4,4,4,4,4,4,4,4,76.84162902832031,75.23806762695313,74.12791442871094,75.2143325805664,66.9300308227539,76.46726989746094,80.203125,68.18181610107422,36.3636360168457,28.571430206298828,9.523809432983398,13.043478012084961,4.761904716491699,4.761904716491699,0,0,0,15.219123840332031,25769803776,0,17844289536,0
205,1790935955175,4,4,4,4,4,4,4,4,4,4,76.83063507080078,75.15751647949219,74.10265350341797,75.21680450439453,66.94044494628906,76.4472427368164,78.671875,50,40,10,23.809524536132813,5,5,9.523809432983398,0,0,0,15.219123840332031,25769803776,0,17840308224,0
202,1790935955381,4,4,4,4,4,4,4,4,4,4,76.83063507080078,75.15751647949219,74.10265350341797,75.21680450439453,66.94044494628906,76.4472427368164,78.671875,35,42.85714340209961,28.571430206298828,19.047618865966797,14.285715103149414,19.047618865966797,0,5,0,0,15.219123840332031,25769803776,0,17838948352,0
209,1790935955584,4,4,4,4,4,4,4,4,4,4,76.83063507080078,75.15751647949219,74.10265350341797,75.21680450439453,66.94044494628906,76.4472427368164,78.671875,55,50,14.285715103149414,5.263157844543457,5,9.523809432983398,5,0,0,0,15.132014274597168,25769803776,0,17838948352,0
203,1790935955794,4,4,4,4,4,4,4,4,4,4,76.83063507080078,75.15751647949219,74.10265350341797,75.21680450439453,66.94044494628906,76.4472427368164,78.671875,72.7272720336914,23.809524536132813,10,4.545454502105713,0,0,4.761904716491699,4.545454502105713,0,0,15.132014274597168,25769803776,0,17844600832,0
202,1790935955997,4,4,4,4,4,4,4,4,4,4,76.83063507080078,75.15751647949219,74.10265350341797,75.21680450439453,66.94044494628906,76.4472427368164,78.671875,60.000003814697266,45,5,15.000000953674316,5,5,5,0,4.761904716491699,0,15.132014274597168,25769803776,0,17844928512,0
209,1790935956200,4,4,4,4,4,4,4,4,4,4,76.84789276123047,75.20122528076172,74.27571105957031,75.24151611328125,67.24091339111328,76.47550201416016,78.90625,20,40,25,15.000000953674316,28.571430206298828,10,5,0,4.761904716491699,0,15.132014274597168,25769803776,0,17837146112,0
209,1790935956410,4,4,4,4,4,4,4,4,4,4,76.84789276123047,75.20122528076172,74.27571105957031,75.24151611328125,67.24091339111328,76.47550201416016,78.90625,42.85714340209961,47.619049072265625,33.333335876464844,9.523809432983398,5,9.523809432983398,9.523809432983398,0,0,0,15.132014274597168,25769803776,0,17837129728,0
209,1790935956620,4,4,4,4,4,4,4,4,4,4,76.84789276123047,75.20122528076172,74.27571105957031,75.24151611328125,67.24091339111328,76.47550201416016,78.90625,76.19047546386719,23.809524536132813,14.285715103149414,14.285715103149414,9.523809432983398,4.761904716491699,4.761904716491699,0,0,0,15.193486213684082,25769803776,0,17837129728,0
209,1790935956830,4,4,4,4,4,4,4,4,4,4,76.84789276123047,75.20122528076172,74.27571105957031,75.24151611328125,67.24091339111328,76.47550201416016,78.90625,75,20,9.523809432983398,0,0,0,9.090909004211426,4.545454502105713,0,0,15.193486213684082,25769803776,0,17845239808,0
209,1790935957040,4,4,4,4,4,4,4,4,4,4,76.84469604492188,75.28153228759766,74.16497039794922,75.23090362548828,67.0275650024414,76.45279693603516,78.4375,47.619049072265625,59.09090805053711,33.333335876464844,14.285715103149414,13.636363983154297,14.285715103149414,5,0,0,0,15.193486213684082,25769803776,0,17837228032,0
209,1790935957250,4,4,4,4,4,4,4,4,4,4,76.84469604492188,75.28153228759766,74.16497039794922,75.23090362548828,67.0275650024414,76.45279693603516,78.4375,22.72727394104004,38.095237731933594,23.809524536132813,10,30.000001907348633,33.333335876464844,0,0,0,0,15.193486213684082,25769803776,0,17838243840,0
209,1790935957460,4,4,4,4,4,4,4,4,4,4,76.84469604492188,75.28153228759766,74.16497039794922,75.23090362548828,67.0275650024414,76.45279693603516,78.4375,42.85714340209961,60.000003814697266,19.047618865966797,9.090909004211426,4.761904716491699,4.761904716491699,9.090909004211426,0,0,0,15.193486213684082,25769803776,0,17845796864,0
202,1790935957670,4,4,4,4,4,4,4,4,4,4,76.84469604492188,75.28153228759766,74.16497039794922,75.23090362548828,67.0275650024414,76.45279693603516,78.4375,70,31.81818199157715,9.523809432983398,0,4.545454502105713,0,4.761904716491699,0,4.545454502105713,0,15.117353439331055,25769803776,0,17845551104,0
209,1790935957873,4,4,4,4,4,4,4,4,4,4,76.84469604492188,75.28153228759766,74.16497039794922,75.23090362548828,67.0275650024414,76.45279693603516,78.4375,61.904762268066406,35,23.809524536132813,5,5,5,0,4.761904716491699,0,0,15.117353439331055,25769803776,0,17845796864,0
209,1790935958083,4,4,4,4,4,4,4,4,4,4,76.8650131225586,75.23285675048828,74.20082092285156,75.26342010498047,67.0994873046875,76.49151611328125,78.671875,55,47.619049072265625,10,13.636363983154297,4.761904716491699,9.523809432983398,9.090909004211426,0,0,0,15.117353439331055,25769803776,0,17841799168,0
204,1790935958293,4,4,4,4,4,4,4,4,4,4,76.8650131225586,75.23285675048828,74.20082092285156,75.26342010498047,67.0994873046875,76.49151611328125,78.671875,27.272727966308594,38.095237731933594,38.095237731933594,21.052631378173828,14.285715103149414,14.285715103149414,5,0,0,0,15.117353439331055,25769803776,0,17838161920,0
206,1790935958498,4,4,4,4,4,4,4,4,4,4,76.8650131225586,75.23285675048828,74.20082092285156,75.26342010498047,67.0994873046875,76.49151611328125,78.671875,80,20,23.809524536132813,13.636363983154297,5,9.523809432983398,9.090909004211426,0,0,0,15.117353439331055,25769803776,0,17845977088,0
209,1790935958705,4,4,4,4,4,4,4,4,4,4,76.8650131225586,75.23285675048828,74.20082092285156,75.26342010498047,67.0994873046875,76.49151611328125,78.671875,70,25,5,0,0,0,0,0,0,0,15.204898834228516,25769803776,0,17845813248,0
209,1790935958915,4,4,4,4,4,4,4,4,4,4,76.8650131225586,75.23285675048828,74.20082092285156,75.26342010498047,67.0994873046875,76.49151611328125,78.671875,52.38095474243164,59.09090805053711,13.636363983154297,4.761904716491699,4.761904716491699,14.285715103149414,9.090909004211426,0,4.545454502105713,0,15.204898834228516,25769803776,0,17846124544,0
209,1790935959125,4,4,4,4,4,4,4,4,4,4,76.89628601074219,75.34069061279297,74.2007827758789,75.25716400146484,67.0741958618164,76.51251983642578,78.671875,47.619049072265625,45,19.047618865966797,19.047618865966797,22.72727394104004,13.636363983154297,5,0,0,0,15.204898834228516,25769803776,0,17841651712,0
209,1790935959335,4,4,4,4,4,4,4,4,4,4,76.89628601074219,75.34069061279297,74.2007827758789,75.25716400146484,67.0741958618164,76.51251983642578,78.671875,40.90909194946289,66.66667175292969,19.047618865966797,13.636363983154297,5,0,4.761904716491699,4.545454502105713,0,0,15.204898834228516,25769803776,0,17831575552,0
209,1790935959545,4,4,4,4,4,4,4,4,4,4,76.89628601074219,75.34069061279297,74.2007827758789,75.25716400146484,67.0741958618164,76.51251983642578,78.671875,68.42105102539063,40.90909194946289,15.000000953674316,5,13.636363983154297,13.636363983154297,9.090909004211426,4.545454502105713,0,0,15.127570152282715,25769803776,0,17839783936,0
209,1790935959755,4,4,4,4,4,4,4,4,4,4,76.89628601074219,75.34069061279297,74.2007827758789,75.25716400146484,67.0741958618164,76.51251983642578,78.671875,71.42857360839844,25,14.285715103149414,0,0,0,5,0,0,0,15.127570152282715,25769803776,0,17839783936,0
209,1790935959965,4,4,4,4,4,4,4,4,4,4,76.89628601074219,75.34069061279297,74.2007827758789,75.25716400146484,67.0741958618164,76.51251983642578,78.671875,59.09090805053711,47.619049072265625,14.285715103149414,9.523809432983398,5,4.761904716491699,0,5,0,0,15.127570152282715,25769803776,0,17832542208,0
209,1790935960175,4,4,4,4,4,4,4,4,4,4,76.92266082763672,75.1502685546875,74.29412078857422,75.28260803222656,67.29244232177734,76.55036926269531,78.671875,36.3636360168457,40,33.333335876464844,19.047618865966797,19.047618865966797,38.095237731933594,9.090909004211426,0,4.545454502105713,0,15.127570152282715,25769803776,0,17833639936,0
209,1790935960385,4,4,4,4,4,4,4,4,4,4,76.92266082763672,75.1502685546875,74.29412078857422,75.28260803222656,67.29244232177734,76.55036926269531,78.671875,55,36.3636360168457,9.523809432983398,9.523809432983398,0,0,0,9.090909004211426,0,0,15.127570152282715,25769803776,0,17842438144,0
203,1790935960595,4,4,4,4,4,4,4,4,4,4,76.92266082763672,75.1502685546875,74.29412078857422,75.28260803222656,67.29244232177734,76.55036926269531,78.671875,71.42857360839844,28.571430206298828,15.000000953674316,5,9.090909004211426,9.090909004211426,0,5,4.545454502105713,0,15.148170471191406,25769803776,0,17840816128,0
209,1790935960798,4,4,4,4,4,4,4,4,4,4,76.92266082763672,75.1502685546875,74.29412078857422,75.28260803222656,67.29244232177734,76.55036926269531,78.671875,55,40,33.333335876464844,14.285715103149414,10,15.000000953674316,0,5,0,0,15.148170471191406,25769803776,0,17840930816,0
209,1790935961008,4,4,4,4,4,4,4,4,4,4,76.92266082763672,75.1502685546875,74.29412078857422,75.28260803222656,67.29244232177734,76.55036926269531,78.671875,38.095237731933594,57.142860412597656,10,9.523809432983398,5,9.523809432983398,0,9.090909004211426,0,0,15.148170471191406,25769803776,0,17837064192,0
209,1790935961218,4,4,4,4,4,4,4,4,4,4,76.96587371826172,74.9527816772461,74.6673583984375,75.2865982055664,67.88494873046875,76.59941864013672,78.90625,42.85714340209961,38.095237731933594,33.333335876464844,25,14.285715103149414,18.18181800842285,0,0,0,0,15.148170471191406,25769803776,0,17833508864,0
209,1790935961428,4,4,4,4,4,4,4,4,4,4,76.96587371826172,74.9527816772461,74.6673583984375,75.2865982055664,67.88494873046875,76.59941864013672,78.90625,85.71428680419922,23.809524536132813,14.285715103149414,13.636363983154297,9.090909004211426,5,0,9.090909004211426,4.761904716491699,0,15.148170471191406,25769803776,0,17841700864,0
209,1790935961638,4,4,4,4,4,4,4,4,4,4,76.96587371826172,74.9527816772461,74.6673583984375,75.2865982055664,67.88494873046875,76.59941864013672,78.90625,65,25,9.523809432983398,0,0,0,0,4.761904716491699,0,0,15.169259071350098,25769803776,0,17841684480,0
209,1790935961848,4,4,4,4,4,4,4,4,4,4,76.96587371826172,74.9527816772461,74.6673583984375,75.2865982055664,67.88494873046875,76.59941864013672,78.90625,61.904762268066406,45.45454788208008,18.18181800842285,9.523809432983398,5,4.761904716491699,0,9.523809432983398,0,0,15.169259071350098,25769803776,0,17841881088,0
209,1790935962058,4,4,4,4,4,4,4,4,4,4,76.92131042480469,74.86294555664063,74.63462829589844,75.28753662109375,67.87793731689453,76.51395416259766,78.671875,22.72727394104004,40.90909194946289,42.85714340209961,9.523809432983398,18.18181800842285,19.047618865966797,0,4.761904716491699,0,0,15.169259071350098,25769803776,0,17834147840,0
209,1790935962268,4,4,4,4,4,4,4,4,4,4,76.92131042480469,74.86294555664063,74.63462829589844,75.28753662109375,67.87793731689453,76.51395416259766,78.671875,40,47.36842346191406,14.285715103149414,9.523809432983398,23.809524536132813,4.761904716491699,0,9.090909004211426,0,0,15.169259071350098,25769803776,0,17836081152,0
209,1790935962478,4,4,4,4,4,4,4,4,4,4,76.92131042480469,74.86294555664063,74.63462829589844,75.28753662109375,67.87793731689453,76.51395416259766,78.671875,66.66667175292969,45.45454788208008,10,9.523809432983398,10,9.523809432983398,4.545454502105713,0,0,0,15.169259071350098,25769803776,0,17843912704,0
209,1790935962688,4,4,4,4,4,4,4,4,4,4,76.92131042480469,74.86294555664063,74.63462829589844,75.28753662109375,67.87793731689453,76.51395416259766,78.671875,66.66667175292969,23.809524536132813,9.523809432983398,4.761904716491699,0,0,0,4.761904716491699,0,0,15.059351921081543,25769803776,0,17842094080,0
209,1790935962898,4,4,4,4,4,4,4,4,4,4,76.92131042480469,74.86294555664063,74.63462829589844,75.28753662109375,67.87793731689453,76.51395416259766,78.671875,52.38095474243164,60.000003814697266,19.047618865966797,19.047618865966797,22.72727394104004,14.285715103149414,4.761904716491699,9.090909004211426,0,0,15.059351921081543,25769803776,0,17837867008,0
209,1790935963108,4,4,4,4,4,4,4,4,4,4,76.94033813476563,74.90835571289063,74.74614715576172,75.28237915039063,68.0403823852539,76.51929473876953,78.90625,33.333335876464844,27.272727966308594,28.571430206298828,14.285715103149414,42.85714340209961,14.285715103149414,0,0,4.545454502105713,0,15.059351921081543,25769803776,0,17834885120,0
209,1790935963318,4,4,4,4,4,4,4,4,4,4,76.94033813476563,74.90835571289063,74.74614715576172,75.28237915039063,68.0403823852539,76.51929473876953,78.90625,52.38095474243164,55,13.636363983154297,5,5,9.090909004211426,0,9.523809432983398,0,0,15.059351921081543,25769803776,0,17843011584,0
209,1790935963528,4,4,4,4,4,4,4,4,4,4,76.94033813476563,74.90835571289063,74.74614715576172,75.28237915039063,68.0403823852539,76.51929473876953,78.90625,71.42857360839844,23.809524536132813,9.523809432983398,4.545454502105713,4.545454502105713,0,0,4.761904716491699,0,0,15.059351921081543,25769803776,0,17842962432,0
209,1790935963738,4,4,4,4,4,4,4,4,4,4,76.94033813476563,74.90835571289063,74.74614715576172,75.28237915039063,68.0403823852539,76.51929473876953,78.90625,76.19047546386719,33.333335876464844,15.000000953674316,9.523809432983398,5,5,0,4.761904716491699,0,0,15.083109855651855,25769803776,0,17843388416,0
209,1790935963948,4,4,4,4,4,4,4,4,4,4,76.94033813476563,74.90835571289063,74.74614715576172,75.28237915039063,68.0403823852539,76.51929473876953,78.90625,70,31.81818199157715,13.636363983154297,4.761904716491699,14.285715103149414,4.761904716491699,0,9.090909004211426,0,0,15.083109855651855,25769803776,0,17843388416,0
209,1790935964158,4,4,4,4,4,4,4,4,4,4,76.96536254882813,74.85271453857422,74.57843017578125,75.28143310546875,67.83641815185547,76.50747680664063,78.90625,40.90909194946289,35,35,15.000000953674316,9.523809432983398,14.285715103149414,0,0,0,0,15.083109855651855,25769803776,0,17835835392,0
209,1790935964368,4,4,4,4,4,4,4,4,4,4,76.96536254882813,74.85271453857422,74.57843017578125,75.28143310546875,67.83641815185547,76.50747680664063,78.90625,35,55,13.636363983154297,27.272727966308594,9.090909004211426,9.523809432983398,0,9.090909004211426,4.545454502105713,0,15.083109855651855,25769803776,0,17843453952,0
209,1790935964578,4,4,4,4,4,4,4,4,4,4,76.96536254882813,74.85271453857422,74.57843017578125,75.28143310546875,67.83641815185547,76.50747680664063,78.90625,76.19047546386719,27.272727966308594,9.523809432983398,0,0,0,4.545454502105713,4.761904716491699,0,0,14.960249900817871,25769803776,0,17843945472,0
209,1790935964788,4,4,4,4,4,4,4,4,4,4,76.96536254882813,74.85271453857422,74.57843017578125,75.28143310546875,67.83641815185547,76.50747680664063,78.90625,66.66667175292969,35,15.000000953674316,5,13.636363983154297,5,4.761904716491699,9.090909004211426,0,0,14.960249900817871,25769803776,0,17843945472,0
203,1790935964998,4,4,4,4,4,4,4,4,4,4,76.96536254882813,74.85271453857422,74.57843017578125,75.28143310546875,67.83641815185547,76.50747680664063,78.90625,52.38095474243164,38.095237731933594,20,23.809524536132813,15.000000953674316,22.72727394104004,0,5,0,0,14.960249900817871,25769803776,0,17843945472,0
202,1790935965202,4,4,4,4,4,4,4,4,4,4,76.92908477783203,74.92652130126953,74.7641372680664,75.27957153320313,68.05408477783203,76.50770568847656,78.671875,35,52.38095474243164,9.090909004211426,0,19.047618865966797,0,0,9.523809432983398,0,0,14.960249900817871,25769803776,0,17843503104,0
209,1790935965405,4,4,4,4,4,4,4,4,4,4,76.92908477783203,74.92652130126953,74.7641372680664,75.27957153320313,68.05408477783203,76.50770568847656,78.671875,76.19047546386719,26.3157901763916,10,9.523809432983398,5,5,0,0,0,0,14.960249900817871,25769803776,0,17843781632,0
209,1790935965615,4,4,4,4,4,4,4,4,4,4,76.92908477783203,74.92652130126953,74.7641372680664,75.27957153320313,68.05408477783203,76.50770568847656,78.671875,71.42857360839844,27.272727966308594,14.285715103149414,4.761904716491699,4.761904716491699,0,0,4.761904716491699,0,0,15.04577350616455,25769803776,0,17843863552,0
209,1790935965825,4,4,4,4,4,4,4,4,4,4,76.92908477783203,74.92652130126953,74.7641372680664,75.27957153320313,68.05408477783203,76.50770568847656,78.671875,70,42.85714340209961,20,14.285715103149414,9.523809432983398,13.636363983154297,0,9.090909004211426,4.545454502105713,0,15.04577350616455,25769803776,0,17839177728,0
204,1790935966035,4,4,4,4,4,4,4,4,4,4,76.91200256347656,74.85488891601563,74.73892211914063,75.27615356445313,68.02458190917969,76.4997329711914,78.671875,22.72727394104004,23.809524536132813,47.619049072265625,36.3636360168457,14.285715103149414,9.523809432983398,0,5,0,0,15.04577350616455,25769803776,0,17837113344,0
202,1790935966239,4,4,4,4,4,4,4,4,4,4,76.91200256347656,74.85488891601563,74.73892211914063,75.27615356445313,68.02458190917969,76.4997329711914,78.671875,63.15789031982422,35,9.523809432983398,21.052631378173828,5,5.263157844543457,0,0,9.523809432983398,0,15.04577350616455,25769803776,0,17846517760,0
202,1790935966442,4,4,4,4,4,4,4,4,4,4,76.91200256347656,74.85488891601563,74.73892211914063,75.27615356445313,68.02458190917969,76.4997329711914,78.671875,75,20,10,0,4.761904716491699,0,9.523809432983398,0,0,0,15.04577350616455,25769803776,0,17844830208,0
209,1790935966645,4,4,4,4,4,4,4,4,4,4,76.91200256347656,74.85488891601563,74.73892211914063,75.27615356445313,68.02458190917969,76.4997329711914,78.671875,63.6363639831543,35,30.000001907348633,9.523809432983398,5.263157844543457,28.571430206298828,0,9.090909004211426,0,0,14.92735767364502,25769803776,0,17844830208,0
203,1790935966855,4,4,4,4,4,4,4,4,4,4,76.91200256347656,74.85488891601563,74.73892211914063,75.27615356445313,68.02458190917969,76.4997329711914,78.671875,30.000001907348633,52.38095474243164,42.85714340209961,15.000000953674316,9.523809432983398,10,4.761904716491699,0,0,0,14.92735767364502,25769803776,0,17844830208,0
209,1790935967058,4,4,4,4,4,4,4,4,4,4,77.13479614257813,74.90996551513672,74.2302474975586,75.3433837890625,67.2554702758789,76.87310028076172,79.140625,35,60.000003814697266,25,14.285715103149414,14.285715103149414,14.285715103149414,0,4.761904716491699,5,0,14.92735767364502,25769803776,0,17844830208,0
203,1790935967268,4,4,4,4,4,4,4,4,4,4,77.13479614257813,74.90996551513672,74.2302474975586,75.3433837890625,67.2554702758789,76.87310028076172,79.140625,61.904762268066406,45.45454788208008,13.636363983154297,9.090909004211426,4.761904716491699,0,0,0,0,0,14.92735767364502,25769803776,0,17836769280,0
202,1790935967472,4,4,4,4,4,4,4,4,4,4,77.13479614257813,74.90996551513672,74.2302474975586,75.3433837890625,67.2554702758789,76.87310028076172,79.140625,75,25,10,0,0,4.761904716491699,0,9.523809432983398,0,0,14.92735767364502,25769803776,0,17837129728,0
202,1790935967675,4,4,4,4,4,4,4,4,4,4,77.13479614257813,74.90996551513672,74.2302474975586,75.3433837890625,67.2554702758789,76.87310028076172,79.140625,57.142860412597656,40,25,5,10,9.523809432983398,0,5,0,0,15.023552894592285,25769803776,0,17837572096,0
209,1790935967878,4,4,4,4,4,4,4,4,4,4,77.13479614257813,74.90996551513672,74.2302474975586,75.3433837890625,67.2554702758789,76.87310028076172,79.140625,47.36842346191406,19.047618865966797,30.000001907348633,23.809524536132813,10,5,0,9.523809432983398,0,0,15.023552894592285,25769803776,0,17829773312,0
209,1790935968088,4,4,4,4,4,4,4,4,4,4,76.90367126464844,74.90631103515625,74.7589111328125,75.27007293701172,68.06962585449219,76.45507049560547,78.671875,47.619049072265625,55,14.285715103149414,14.285715103149414,18.18181800842285,9.523809432983398,4.545454502105713,4.761904716491699,0,0,15.023552894592285,25769803776,0,17830707200,0
209,1790935968298,4,4,4,4,4,4,4,4,4,4,76.90367126464844,74.90631103515625,74.7589111328125,75.27007293701172,68.06962585449219,76.45507049560547,78.671875,80.95238494873047,23.809524536132813,15.000000953674316,13.636363983154297,9.523809432983398,5,4.545454502105713,9.523809432983398,0,0,15.023552894592285,25769803776,0,17837817856,0
209,1790935968508,4,4,4,4,4,4,4,4,4,4,76.90367126464844,74.90631103515625,74.7589111328125,75.27007293701172,68.06962585449219,76.45507049560547,78.671875,76.19047546386719,19.047618865966797,13.636363983154297,0,0,4.545454502105713,0,4.761904716491699,0,0,15.023552894592285,25769803776,0,17837867008,0
204,1790935968718,4,4,4,4,4,4,4,4,4,4,76.90367126464844,74.90631103515625,74.7589111328125,75.27007293701172,68.06962585449219,76.45507049560547,78.671875,42.85714340209961,57.142860412597656,14.285715103149414,28.571430206298828,10,5,0,4.761904716491699,4.545454502105713,0,14.963820457458496,25769803776,0,17830674432,0
202,1790935968922,4,4,4,4,4,4,4,4,4,4,76.90367126464844,74.90631103515625,74.7589111328125,75.27007293701172,68.06962585449219,76.45507049560547,78.671875,33.333335876464844,47.36842346191406,20,15.789472579956055,31.81818199157715,23.809524536132813,5,4.761904716491699,0,0,14.963820457458496,25769803776,0,17831641088,0
209,1790935969125,4,4,4,4,4,4,4,4,4,4,76.86016082763672,74.9446029663086,74.5543441772461,75.25261688232422,67.7129898071289,76.39822387695313,78.671875,45,57.142860412597656,4.761904716491699,9.090909004211426,0,0,0,0,0,0,14.963820457458496,25769803776,0,17831641088,0
209,1790935969335,4,4,4,4,4,4,4,4,4,4,76.86016082763672,74.9446029663086,74.5543441772461,75.25261688232422,67.7129898071289,76.39822387695313,78.671875,76.19047546386719,33.333335876464844,10,4.761904716491699,9.090909004211426,4.761904716491699,0,9.090909004211426,0,0,14.963820457458496,25769803776,0,17838555136,0
209,1790935969545,4,4,4,4,4,4,4,4,4,4,76.86016082763672,74.9446029663086,74.5543441772461,75.25261688232422,67.7129898071289,76.39822387695313,78.671875,76.19047546386719,31.81818199157715,19.047618865966797,5,4.761904716491699,4.761904716491699,0,5,4.761904716491699,0,14.83035945892334,25769803776,0,17838637056,0
209,1790935969755,4,4,4,4,4,4,4,4,4,4,76.86016082763672,74.9446029663086,74.5543441772461,75.25261688232422,67.7129898071289,76.39822387695313,78.671875,76.19047546386719,25,9.523809432983398,4.761904716491699,5,5,4.545454502105713,9.090909004211426,0,0,14.83035945892334,25769803776,0,17834426368,0
209,1790935969965,4,4,4,4,4,4,4,4,4,4,76.86016082763672,74.9446029663086,74.5543441772461,75.25261688232422,67.7129898071289,76.39822387695313,78.671875,70,33.333335876464844,20,22.72727394104004,9.523809432983398,13.636363983154297,0,5,0,0,14.83035945892334,25769803776,0,17831034880,0
209,1790935970175,4,4,4,4,4,4,4,4,4,4,76.85520935058594,74.8803939819336,74.75592041015625,75.24532318115234,68.03543090820313,76.4135971069336,78.671875,72.7272720336914,30.000001907348633,13.636363983154297,9.523809432983398,4.761904716491699,9.090909004211426,0,4.761904716491699,0,0,14.83035945892334,25769803776,0,17839423488,0
205,1790935970385,4,4,4,4,4,4,4,4,4,4,76.85520935058594,74.8803939819336,74.75592041015625,75.24532318115234,68.03543090820313,76.4135971069336,78.671875,61.904762268066406,33.333335876464844,9.523809432983398,0,9.090909004211426,0,0,9.090909004211426,4.545454502105713,0,14.83035945892334,25769803776,0,17839505408,0
209,1790935970590,4,4,4,4,4,4,4,4,4,4,76.85520935058594,74.8803939819336,74.75592041015625,75.24532318115234,68.03543090820313,76.4135971069336,78.671875,65,30.000001907348633,19.047618865966797,19.047618865966797,15.789472579956055,5,4.761904716491699,0,0,0,14.890650749206543,25769803776,0,17834819584,0
203,1790935970800,4,4,4,4,4,4,4,4,4,4,76.85520935058594,74.8803939819336,74.75592041015625,75.24532318115234,68.03543090820313,76.4135971069336,78.671875,42.85714340209961,19.047618865966797,19.047618865966797,5,40.90909194946289,10,0,4.761904716491699,0,0,14.890650749206543,25769803776,0,17830412288,0
209,1790935971004,4,4,4,4,4,4,4,4,4,4,76.85520935058594,74.8803939819336,74.75592041015625,75.24532318115234,68.03543090820313,76.4135971069336,78.671875,60.000003814697266,42.85714340209961,21.052631378173828,14.285715103149414,5,9.523809432983398,0,9.090909004211426,0,0,14.890650749206543,25769803776,0,17830412288,0
209,1790935971214,4,4,4,4,4,4,4,4,4,4,76.85643768310547,74.81758880615234,74.58377838134766,75.23731231689453,67.84485626220703,76.38208770751953,78.671875,80.95238494873047,23.809524536132813,14.285715103149414,4.761904716491699,4.761904716491699,4.761904716491699,0,0,0,0,14.890650749206543,25769803776,0,17830412288,0
203,1790935971424,4,4,4,4,4,4,4,4,4,4,76.85643768310547,74.81758880615234,74.58377838134766,75.23731231689453,67.84485626220703,76.38208770751953,78.671875,71.42857360839844,47.619049072265625,40.90909194946289,23.809524536132813,13.636363983154297,0,0,9.523809432983398,0,0,14.890650749206543,25769803776,0,17849434112,0
202,1790935971628,4,4,4,4,4,4,4,4,4,4,76.85643768310547,74.81758880615234,74.58377838134766,75.23731231689453,67.84485626220703,76.38208770751953,78.671875,35,40,40,15.000000953674316,5.263157844543457,14.285715103149414,4.761904716491699,5,0,0,14.846388816833496,25769803776,0,17838030848,0
209,1790935971831,4,4,4,4,4,4,4,4,4,4,76.85643768310547,74.81758880615234,74.58377838134766,75.23731231689453,67.84485626220703,76.38208770751953,78.671875,61.904762268066406,50,19.047618865966797,14.285715103149414,14.285715103149414,10,0,4.761904716491699,0,0,14.846388816833496,25769803776,0,17845927936,0
209,1790935972041,4,4,4,4,4,4,4,4,4,4,76.93695068359375,75.09943389892578,74.84722137451172,75.27605438232422,68.0732650756836,76.52442169189453,78.90625,55,50,14.285715103149414,4.761904716491699,4.761904716491699,4.545454502105713,0,9.523809432983398,0,0,14.846388816833496,25769803776,0,17846157312,0
209,1790935972251,4,4,4,4,4,4,4,4,4,4,76.93695068359375,75.09943389892578,74.84722137451172,75.27605438232422,68.0732650756836,76.52442169189453,78.90625,38.095237731933594,20,35,38.095237731933594,10,14.285715103149414,0,4.761904716491699,4.545454502105713,0,14.846388816833496,25769803776,0,17842241536,0
204,1790935972461,4,4,4,4,4,4,4,4,4,4,76.93695068359375,75.09943389892578,74.84722137451172,75.27605438232422,68.0732650756836,76.52442169189453,78.90625,54.54545593261719,45.45454788208008,14.285715103149414,5,4.545454502105713,0,5,0,0,0,14.846388816833496,25769803776,0,17846272000,0
209,1790935972665,4,4,4,4,4,4,4,4,4,4,76.93695068359375,75.09943389892578,74.84722137451172,75.27605438232422,68.0732650756836,76.52442169189453,78.90625,75,25,15.000000953674316,4.761904716491699,9.523809432983398,4.761904716491699,0,9.523809432983398,0,0,15.112366676330566,25769803776,0,17842520064,0
203,1790935972875,4,4,4,4,4,4,4,4,4,4,76.93695068359375,75.09943389892578,74.84722137451172,75.27605438232422,68.0732650756836,76.52442169189453,78.90625,45,57.142860412597656,23.809524536132813,10,10,14.285715103149414,9.090909004211426,0,0,0,15.112366676330566,25769803776,0,17839915008,0
209,1790935973078,4,4,4,4,4,4,4,4,4,4,77.00638580322266,75.44532012939453,74.99910736083984,75.29702758789063,68.11022186279297,76.66730499267578,78.90625,57.142860412597656,40,14.285715103149414,9.523809432983398,4.761904716491699,5,0,5,0,0,15.112366676330566,25769803776,0,17839915008,0
209,1790935973288,4,4,4,4,4,4,4,4,4,4,77.00638580322266,75.44532012939453,74.99910736083984,75.29702758789063,68.11022186279297,76.66730499267578,78.90625,30.000001907348633,40,19.047618865966797,14.285715103149414,10,22.72727394104004,0,9.523809432983398,0,0,15.112366676330566,25769803776,0,17839915008,0
203,1790935973498,4,4,4,4,4,4,4,4,4,4,77.00638580322266,75.44532012939453,74.99910736083984,75.29702758789063,68.11022186279297,76.66730499267578,78.90625,42.85714340209961,47.619049072265625,20,14.285715103149414,14.285715103149414,25,0,4.761904716491699,0,0,15.112366676330566,25769803776,0,17847943168,0
202,1790935973702,4,4,4,4,4,4,4,4,4,4,77.00638580322266,75.44532012939453,74.99910736083984,75.29702758789063,68.11022186279297,76.66730499267578,78.90625,57.142860412597656,42.85714340209961,10,4.761904716491699,0,4.761904716491699,5,0,0,0,15.133513450622559,25769803776,0,17847910400,0
202,1790935973905,4,4,4,4,4,4,4,4,4,4,77.00638580322266,75.44532012939453,74.99910736083984,75.29702758789063,68.11022186279297,76.66730499267578,78.90625,30.000001907348633,40,23.809524536132813,35,15.000000953674316,25,0,9.523809432983398,9.090909004211426,0,15.133513450622559,25769803776,0,17841111040,0
202,1790935974108,4,4,4,4,4,4,4,4,4,4,76.98841857910156,75.4192886352539,74.9438705444336,75.28343963623047,68.02436065673828,76.63776397705078,78.90625,47.619049072265625,42.85714340209961,25,0,9.090909004211426,0,9.090909004211426,0,0,0,15.133513450622559,25769803776,0,17849974784,0
209,1790935974311,4,4,4,4,4,4,4,4,4,4,76.98841857910156,75.4192886352539,74.9438705444336,75.28343963623047,68.02436065673828,76.63776397705078,78.90625,42.105262756347656,60.000003814697266,19.047618865966797,9.523809432983398,5,5,0,0,0,0,15.133513450622559,25769803776,0,17843830784,0
209,1790935974521,4,4,4,4,4,4,4,4,4,4,76.98841857910156,75.4192886352539,74.9438705444336,75.28343963623047,68.02436065673828,76.63776397705078,78.90625,40.90909194946289,42.85714340209961,33.333335876464844,19.047618865966797,10,9.523809432983398,4.761904716491699,4.545454502105713,0,0,15.133513450622559,25769803776,0,17840799744,0
203,1790935974731,4,4,4,4,4,4,4,4,4,4,76.98841857910156,75.4192886352539,74.9438705444336,75.28343963623047,68.02436065673828,76.63776397705078,78.90625,70,33.333335876464844,4.761904716491699,4.545454502105713,4.545454502105713,9.090909004211426,0,4.761904716491699,0,0,14.85297679901123,25769803776,0,17849171968,0
209,1790935974934,4,4,4,4,4,4,4,4,4,4,76.98841857910156,75.4192886352539,74.9438705444336,75.28343963623047,68.02436065673828,76.63776397705078,78.90625,42.85714340209961,35,15.000000953674316,5.263157844543457,20,5,0,5,0,0,14.85297679901123,25769803776,0,17845878784,0
209,1790935975144,4,4,4,4,4,4,4,4,4,4,76.94577026367188,75.48387145996094,74.87138366699219,75.2802734375,67.89881896972656,76.57310485839844,78.671875,45,47.619049072265625,35,13.636363983154297,10,9.523809432983398,4.545454502105713,9.523809432983398,0,0,14.85297679901123,25769803776,0,17851367424,0
209,1790935975354,4,4,4,4,4,4,4,4,4,4,76.94577026367188,75.48387145996094,74.87138366699219,75.2802734375,67.89881896972656,76.57310485839844,78.671875,61.904762268066406,38.095237731933594,22.72727394104004,5,4.761904716491699,4.761904716491699,0,4.761904716491699,0,0,14.85297679901123,25769803776,0,17850368000,0
209,1790935975564,4,4,4,4,4,4,4,4,4,4,76.94577026367188,75.48387145996094,74.87138366699219,75.2802734375,67.89881896972656,76.57310485839844,78.671875,33.333335876464844,38.095237731933594,20,20,33.333335876464844,14.285715103149414,0,5,0,0,14.856722831726074,25769803776,0,17843486720,0
209,1790935975774,4,4,4,4,4,4,4,4,4,4,76.94577026367188,75.48387145996094,74.87138366699219,75.2802734375,67.89881896972656,76.57310485839844,78.671875,71.42857360839844,30.000001907348633,13.636363983154297,8.69565200805664,4.545454502105713,0,4.545454502105713,9.090909004211426,0,0,14.856722831726074,25769803776,0,17850302464,0
209,1790935975984,4,4,4,4,4,4,4,4,4,4,76.94577026367188,75.48387145996094,74.87138366699219,75.2802734375,67.89881896972656,76.57310485839844,78.671875,47.619049072265625,45.45454788208008,23.809524536132813,5,4.761904716491699,4.761904716491699,0,4.761904716491699,4.545454502105713,0,14.856722831726074,25769803776,0,17845960704,0
209,1790935976194,4,4,4,4,4,4,4,4,4,4,76.97425079345703,75.25697326660156,74.9022445678711,75.28730010986328,67.96698760986328,76.57844543457031,78.90625,45.45454788208008,30.000001907348633,23.809524536132813,22.72727394104004,10,19.047618865966797,0,5,0,0,14.856722831726074,25769803776,0,17842913280,0
205,1790935976404,4,4,4,4,4,4,4,4,4,4,76.97425079345703,75.25697326660156,74.9022445678711,75.28730010986328,67.96698760986328,76.57844543457031,78.90625,61.904762268066406,38.095237731933594,14.285715103149414,0,4.545454502105713,4.545454502105713,0,9.090909004211426,0,0,14.856722831726074,25769803776,0,17851351040,0
209,1790935976610,4,4,4,4,4,4,4,4,4,4,76.97425079345703,75.25697326660156,74.9022445678711,75.28730010986328,67.96698760986328,76.57844543457031,78.90625,26.3157901763916,36.3636360168457,36.842105865478516,9.523809432983398,9.523809432983398,15.000000953674316,0,5,0,0,14.84178638458252,25769803776,0,17848123392,0
209,1790935976820,4,4,4,4,4,4,4,4,4,4,76.97425079345703,75.25697326660156,74.9022445678711,75.28730010986328,67.96698760986328,76.57844543457031,78.90625,63.6363639831543,68.42105102539063,30.434782028198242,28.571430206298828,15.000000953674316,14.285715103149414,4.545454502105713,9.090909004211426,0,0,14.84178638458252,25769803776,0,17851449344,0
209,1790935977030,4,4,4,4,4,4,4,4,4,4,76.89203643798828,75.22199249267578,74.8812255859375,75.27245330810547,68.0311508178711,76.49329376220703,80.203125,71.42857360839844,31.81818199157715,10,4.761904716491699,4.761904716491699,0,0,5,0,0,14.84178638458252,25769803776,0,17850613760,0
203,1790935977240,4,4,4,4,4,4,4,4,4,4,76.89203643798828,75.22199249267578,74.8812255859375,75.27245330810547,68.0311508178711,76.49329376220703,80.203125,66.66667175292969,33.333335876464844,23.809524536132813,9.523809432983398,4.761904716491699,9.090909004211426,0,9.523809432983398,0,0,14.84178638458252,25769803776,0,17850548224,0
203,1790935977445,4,4,4,4,4,4,4,4,4,4,76.89203643798828,75.22199249267578,74.8812255859375,75.27245330810547,68.0311508178711,76.49329376220703,80.203125,31.57894515991211,55,33.333335876464844,5,9.523809432983398,9.523809432983398,5,0,0,0,14.84178638458252,25769803776,0,17850548224,0
201,1790935977648,4,4,4,4,4,4,4,4,4,4,76.89203643798828,75.22199249267578,74.8812255859375,75.27245330810547,68.0311508178711,76.49329376220703,80.203125,33.333335876464844,50,26.3157901763916,15.000000953674316,15.000000953674316,20,0,0,0,0,14.828715324401855,25769803776,0,17845223424,0
202,1790935977850,4,4,4,4,4,4,4,4,4,4,76.89203643798828,75.22199249267578,74.8812255859375,75.27245330810547,68.0311508178711,76.49329376220703,80.203125,55,50,14.285715103149414,9.523809432983398,5.263157844543457,5,4.761904716491699,9.523809432983398,0,0,14.828715324401855,25769803776,0,17851105280,0
202,1790935978053,4,4,4,4,4,4,4,4,4,4,76.6005859375,74.8211441040039,74.34623718261719,75.01739501953125,67.42565155029297,76.18418884277344,78.4375,71.42857360839844,19.047618865966797,15.000000953674316,0,9.090909004211426,0,4.761904716491699,5.263157844543457,4.761904716491699,0,14.828715324401855,25769803776,0,17851105280,0
209,1790935978256,4,4,4,4,4,4,4,4,4,4,76.6005859375,74.8211441040039,74.34623718261719,75.01739501953125,67.42565155029297,76.18418884277344,78.4375,63.15789031982422,30.000001907348633,23.809524536132813,10,5.263157844543457,19.047618865966797,0,9.523809432983398,0,0,14.828715324401855,25769803776,0,17851547648,0
209,1790935978466,4,4,4,4,4,4,4,4,4,4,76.6005859375,74.8211441040039,74.34623718261719,75.01739501953125,67.42565155029297,76.18418884277344,78.4375,31.81818199157715,20,45,4.761904716491699,23.809524536132813,5,0,4.761904716491699,0,0,14.828715324401855,25769803776,0,17843732480,0
209,1790935978676,4,4,4,4,4,4,4,4,4,4,76.6005859375,74.8211441040039,74.34623718261719,75.01739501953125,67.42565155029297,76.18418884277344,78.4375,40,66.66667175292969,18.18181800842285,5,13.636363983154297,9.523809432983398,0,9.523809432983398,0,0,14.491324424743652,25769803776,0,17843699712,0
203,1790935978886,4,4,4,4,4,4,4,4,4,4,76.6005859375,74.8211441040039,74.34623718261719,75.01739501953125,67.42565155029297,76.18418884277344,78.4375,66.66667175292969,42.85714340209961,10,13.636363983154297,5,9.090909004211426,0,4.761904716491699,0,0,14.491324424743652,25769803776,0,17851711488,0
202,1790935979090,4,4,4,4,4,4,4,4,4,4,76.62242889404297,74.73184967041016,74.37178802490234,75.0396728515625,67.46533203125,76.21389770507813,78.4375,76.19047546386719,18.18181800842285,14.285715103149414,0,0,0,9.523809432983398,0,0,0,14.491324424743652,25769803776,0,17851744256,0
209,1790935979293,4,4,4,4,4,4,4,4,4,4,76.62242889404297,74.73184967041016,74.37178802490234,75.0396728515625,67.46533203125,76.21389770507813,78.4375,60.000003814697266,21.052631378173828,10.526315689086914,5.263157844543457,23.809524536132813,20,0,5,4.761904716491699,0,14.491324424743652,25769803776,0,17852203008,0
209,1790935979503,4,4,4,4,4,4,4,4,4,4,76.62242889404297,74.73184967041016,74.37178802490234,75.0396728515625,67.46533203125,76.21389770507813,78.4375,65,28.571430206298828,23.809524536132813,19.047618865966797,20,23.809524536132813,0,9.523809432983398,0,0,14.491324424743652,25769803776,0,17844502528,0
209,1790935979713,4,4,4,4,4,4,4,4,4,4,76.62242889404297,74.73184967041016,74.37178802490234,75.0396728515625,67.46533203125,76.21389770507813,78.4375,71.42857360839844,28.571430206298828,4.545454502105713,0,4.761904716491699,0,4.761904716491699,4.761904716491699,0,0,14.655640602111816,25769803776,0,17852235776,0
209,1790935979923,4,4,4,4,4,4,4,4,4,4,76.62242889404297,74.73184967041016,74.37178802490234,75.0396728515625,67.46533203125,76.21389770507813,78.4375,77.2727279663086,42.85714340209961,23.809524536132813,22.72727394104004,14.285715103149414,9.523809432983398,0,9.523809432983398,0,0,14.655640602111816,25769803776,0,17852989440,0
209,1790935980133,4,4,4,4,4,4,4,4,4,4,76.62235260009766,74.6557846069336,74.35978698730469,75.04484558105469,67.458251953125,76.22469329833984,78.4375,70,35,15.000000953674316,0,4.761904716491699,0,0,4.761904716491699,4.545454502105713,0,14.655640602111816,25769803776,0,17855234048,0
209,1790935980343,4,4,4,4,4,4,4,4,4,4,76.62235260009766,74.6557846069336,74.35978698730469,75.04484558105469,67.458251953125,76.22469329833984,78.4375,61.904762268066406,28.571430206298828,13.636363983154297,9.523809432983398,28.571430206298828,13.636363983154297,0,9.523809432983398,0,0,14.655640602111816,25769803776,0,17855234048,0
209,1790935980553,4,4,4,4,4,4,4,4,4,4,76.62235260009766,74.6557846069336,74.35978698730469,75.04484558105469,67.458251953125,76.22469329833984,78.4375,31.81818199157715,50,23.809524536132813,14.285715103149414,28.571430206298828,14.285715103149414,0,4.761904716491699,0,0,14.73143482208252,25769803776,0,17855234048,0
209,1790935980763,4,4,4,4,4,4,4,4,4,4,76.62235260009766,74.6557846069336,74.35978698730469,75.04484558105469,67.458251953125,76.22469329833984,78.4375,55,28.571430206298828,9.523809432983398,9.090909004211426,4.761904716491699,28.571430206298828,4.761904716491699,4.761904716491699,0,0,14.73143482208252,25769803776,0,17855709184,0
209,1790935980973,4,4,4,4,4,4,4,4,4,4,76.62235260009766,74.6557846069336,74.35978698730469,75.04484558105469,67.458251953125,76.22469329833984,78.4375,71.42857360839844,20,5,0,4.761904716491699,0,4.761904716491699,4.545454502105713,0,0,14.73143482208252,25769803776,0,17853874176,0
209,1790935981183,4,4,4,4,4,4,4,4,4,4,76.5844955444336,74.6561508178711,74.3564224243164,74.96862030029297,67.4231948852539,76.18844604492188,78.90625,71.42857360839844,38.095237731933594,18.18181800842285,4.761904716491699,4.761904716491699,9.090909004211426,0,4.761904716491699,0,0,14.73143482208252,25769803776,0,17854660608,0
209,1790935981393,4,4,4,4,4,4,4,4,4,4,76.5844955444336,74.6561508178711,74.3564224243164,74.96862030029297,67.4231948852539,76.18844604492188,78.90625,50,14.285715103149414,47.619049072265625,9.523809432983398,9.523809432983398,5,0,5,0,0,14.73143482208252,25769803776,0,17846747136,0
209,1790935981603,4,4,4,4,4,4,4,4,4,4,76.5844955444336,74.6561508178711,74.3564224243164,74.96862030029297,67.4231948852539,76.18844604492188,78.90625,50,38.095237731933594,33.333335876464844,9.523809432983398,9.523809432983398,9.523809432983398,0,9.090909004211426,0,0,14.62564754486084,25769803776,0,17846747136,0
209,1790935981813,4,4,4,4,4,4,4,4,4,4,76.5844955444336,74.6561508178711,74.3564224243164,74.96862030029297,67.4231948852539,76.18844604492188,78.90625,85.71428680419922,23.809524536132813,10,9.523809432983398,5,5,0,0,0,0,14.62564754486084,25769803776,0,17854562304,0
209,1790935982023,4,4,4,4,4,4,4,4,4,4,76.5844955444336,74.5535888671875,74.3564224243164,74.96862030029297,67.4231948852539,76.18844604492188,78.90625,61.904762268066406,31.81818199157715,9.523809432983398,4.761904716491699,0,0,0,13.043478012084961,0,0,14.62564754486084,25769803776,0,17854595072,0
209,1790935982233,4,4,4,4,4,4,4,4,4,4,76.5174789428711,74.5535888671875,74.31413269042969,74.89434051513672,67.40213012695313,76.10602569580078,78.4375,47.619049072265625,45,23.809524536132813,13.636363983154297,27.272727966308594,22.72727394104004,4.545454502105713,0,8.69565200805664,0,14.62564754486084,25769803776,0,17847500800,0
201,1790935982443,4,4,4,4,4,4,4,4,4,4,76.5174789428711,74.5535888671875,74.31413269042969,74.89434051513672,67.40213012695313,76.10602569580078,78.4375,40,50,14.285715103149414,20,14.285715103149414,19.047618865966797,4.761904716491699,9.090909004211426,0,0,14.62564754486084,25769803776,0,17847926784,0
202,1790935982645,4,4,4,4,4,4,4,4,4,4,76.5174789428711,74.5535888671875,74.31413269042969,74.89434051513672,67.40213012695313,76.10602569580078,78.4375,71.42857360839844,38.095237731933594,10,4.761904716491699,5,0,0,5,0,0,14.570786476135254,25769803776,0,17846992896,0
202,1790935982848,4,4,4,4,4,4,4,4,4,4,76.5174789428711,74.5535888671875,74.31413269042969,74.89434051513672,67.40213012695313,76.10602569580078,78.4375,65,40,20,5,9.523809432983398,28.571430206298828,0,9.523809432983398,0,0,14.570786476135254,25769803776,0,17846697984,0
209,1790935983051,4,4,4,4,4,4,4,4,4,4,76.52821350097656,74.5711898803711,74.37847137451172,74.8538818359375,67.49085235595703,76.09700012207031,78.4375,71.42857360839844,28.571430206298828,10,5,0,0,0,5.263157844543457,0,0,14.570786476135254,25769803776,0,17846943744,0
209,1790935983261,4,4,4,4,4,4,4,4,4,4,76.52821350097656,74.5711898803711,74.37847137451172,74.8538818359375,67.49085235595703,76.09700012207031,78.4375,35,66.66667175292969,23.809524536132813,14.285715103149414,19.047618865966797,9.523809432983398,0,9.090909004211426,0,0,14.570786476135254,25769803776,0,17842716672,0
209,1790935983471,4,4,4,4,4,4,4,4,4,4,76.52821350097656,74.5711898803711,74.37847137451172,74.8538818359375,67.49085235595703,76.09700012207031,78.4375,28.571430206298828,25,45.45454788208008,20,10,27.272727966308594,0,4.761904716491699,0,0,14.570786476135254,25769803776,0,17839603712,0
209,1790935983681,4,4,4,4,4,4,4,4,4,4,76.52821350097656,74.5711898803711,74.37847137451172,74.8538818359375,67.49085235595703,76.09700012207031,78.4375,45,38.095237731933594,30.000001907348633,9.523809432983398,9.090909004211426,9.523809432983398,9.090909004211426,5,0,0,14.523506164550781,25769803776,0,17849729024,0
209,1790935983891,4,4,4,4,4,4,4,4,4,4,76.52821350097656,74.5711898803711,74.37847137451172,74.8538818359375,67.49085235595703,76.09700012207031,78.4375,71.42857360839844,28.571430206298828,4.761904716491699,4.545454502105713,0,0,0,4.545454502105713,0,0,14.523506164550781,25769803776,0,17847484416,0
209,1790935984101,4,4,4,4,4,4,4,4,4,4,76.49911499023438,74.58663940429688,74.22723388671875,74.79743957519531,67.18741607666016,76.02824401855469,78.4375,66.66667175292969,42.85714340209961,23.809524536132813,5,9.090909004211426,5,0,5,4.545454502105713,0,14.523506164550781,25769803776,0,17847713792,0
209,1790935984311,4,4,4,4,4,4,4,4,4,4,76.49911499023438,74.58663940429688,74.22723388671875,74.79743957519531,67.18741607666016,76.02824401855469,78.4375,47.619049072265625,33.333335876464844,14.285715103149414,27.272727966308594,5,4.761904716491699,0,4.545454502105713,0,0,14.523506164550781,25769803776,0,17847713792,0
209,1790935984521,4,4,4,4,4,4,4,4,4,4,76.49911499023438,74.58663940429688,74.22723388671875,74.79743957519531,67.18741607666016,76.02824401855469,78.4375,71.42857360839844,35,13.636363983154297,9.523809432983398,13.636363983154297,9.523809432983398,4.545454502105713,9.090909004211426,0,0,14.523506164550781,25769803776,0,17847713792,0
209,1790935984731,4,4,4,4,4,4,4,4,4,4,76.49911499023438,74.58663940429688,74.22723388671875,74.79743957519531,67.18741607666016,76.02824401855469,78.4375,72.7272720336914,36.3636360168457,5,5,5,4.761904716491699,0,0,0,0,14.626548767089844,25769803776,0,17847713792,0
209,1790935984941,4,4,4,4,4,4,4,4,4,4,76.49911499023438,74.58663940429688,74.22723388671875,74.79743957519531,67.18741607666016,76.02824401855469,78.4375,80,19.047618865966797,9.523809432983398,0,0,0,9.090909004211426,4.545454502105713,0,0,14.626548767089844,25769803776,0,17848172544,0
209,1790935985151,4,4,4,4,4,4,4,4,4,4,76.48844146728516,74.57106018066406,74.32273864746094,74.79029083251953,67.34375,75.99537658691406,79.375,50,60.000003814697266,14.285715103149414,18.18181800842285,9.523809432983398,13.636363983154297,0,9.523809432983398,0,0,14.626548767089844,25769803776,0,17840783360,0
209,1790935985361,4,4,4,4,4,4,4,4,4,4,76.48844146728516,74.57106018066406,74.32273864746094,74.79029083251953,67.34375,75.99537658691406,79.375,25,50,33.333335876464844,19.047618865966797,23.809524536132813,10,0,0,0,0,14.626548767089844,25769803776,0,17841782784,0
209,1790935985571,4,4,4,4,4,4,4,4,4,4,76.48844146728516,74.57106018066406,74.32273864746094,74.79029083251953,67.34375,75.99537658691406,79.375,71.42857360839844,30.000001907348633,14.285715103149414,0,0,4.761904716491699,0,9.090909004211426,0,0,14.46575927734375,25769803776,0,17840848896,0
200,1790935985781,4,4,4,4,4,4,4,4,4,4,76.48844146728516,74.57106018066406,74.32273864746094,74.79029083251953,67.34375,75.99537658691406,79.375,76.19047546386719,23.809524536132813,10,4.761904716491699,8.69565200805664,4.761904716491699,0,5,0,0,14.46575927734375,25769803776,0,17840848896,0
209,1790935985982,4,4,4,4,4,4,4,4,4,4,76.48844146728516,74.57106018066406,74.32273864746094,74.79029083251953,67.34375,75.99537658691406,79.375,57.142860412597656,45,35,14.285715103149414,5.263157844543457,5.263157844543457,4.761904716491699,9.523809432983398,4.761904716491699,0,14.46575927734375,25769803776,0,17849057280,0
209,1790935986192,4,4,4,4,4,4,4,4,4,4,76.49182891845703,74.46975708007813,74.26548767089844,74.77457427978516,67.30894470214844,76.03683471679688,78.4375,47.36842346191406,42.85714340209961,9.090909004211426,5,23.809524536132813,17.39130401611328,0,5,0,0,14.46575927734375,25769803776,0,17845075968,0
203,1790935986402,4,4,4,4,4,4,4,4,4,4,76.49182891845703,74.46975708007813,74.26548767089844,74.77457427978516,67.30894470214844,76.03683471679688,78.4375,40.90909194946289,61.904762268066406,19.047618865966797,13.636363983154297,9.523809432983398,9.523809432983398,0,9.090909004211426,0,0,14.46575927734375,25769803776,0,17841356800,0
209,1790935986605,4,4,4,4,4,4,4,4,4,4,76.49182891845703,74.46975708007813,74.26548767089844,74.77457427978516,67.30894470214844,76.03683471679688,78.4375,90,20,10,5.263157844543457,9.523809432983398,5.263157844543457,0,5,0,0,14.542108535766602,25769803776,0,17849663488,0
209,1790935986815,4,4,4,4,4,4,4,4,4,4,76.49182891845703,74.46975708007813,74.26548767089844,74.77457427978516,67.30894470214844,76.03683471679688,78.4375,71.42857360839844,19.047618865966797,13.636363983154297,4.545454502105713,0,0,0,9.523809432983398,0,0,14.542108535766602,25769803776,0,17849352192,0
209,1790935987025,4,4,4,4,4,4,4,4,4,4,76.49182891845703,74.48111724853516,74.40403747558594,74.77457427978516,67.5370101928711,75.9842758178711,78.4375,50,42.85714340209961,26.3157901763916,9.523809432983398,5,9.090909004211426,4.545454502105713,4.761904716491699,0,0,14.542108535766602,25769803776,0,17849204736,0
209,1790935987235,4,4,4,4,4,4,4,4,4,4,76.44739532470703,74.48111724853516,74.40403747558594,74.74938201904297,67.5370101928711,75.9842758178711,78.4375,63.15789031982422,33.333335876464844,22.72727394104004,10,9.523809432983398,5,0,9.523809432983398,0,0,14.542108535766602,25769803776,0,17844912128,0
209,1790935987445,4,4,4,4,4,4,4,4,4,4,76.44739532470703,74.48111724853516,74.40403747558594,74.74938201904297,67.5370101928711,75.9842758178711,78.4375,72.7272720336914,38.095237731933594,14.285715103149414,9.090909004211426,9.090909004211426,9.523809432983398,0,4.761904716491699,0,0,14.542108535766602,25769803776,0,17841455104,0
209,1790935987655,4,4,4,4,4,4,4,4,4,4,76.44739532470703,74.48111724853516,74.40403747558594,74.74938201904297,67.5370101928711,75.9842758178711,78.4375,80.95238494873047,20,23.809524536132813,9.523809432983398,9.523809432983398,9.090909004211426,0,9.523809432983398,4.545454502105713,0,14.481599807739258,25769803776,0,17849958400,0
209,1790935987865,4,4,4,4,4,4,4,4,4,4,76.44739532470703,74.48111724853516,74.40403747558594,74.74938201904297,67.5370101928711,75.9842758178711,78.4375,70,28.571430206298828,5,0,0,0,0,4.761904716491699,0,0,14.481599807739258,25769803776,0,17849958400,0
209,1790935988075,4,4,4,4,4,4,4,4,4,4,76.40965270996094,74.42650604248047,74.30951690673828,74.74137878417969,67.3831787109375,75.96966552734375,78.4375,45.45454788208008,68.18181610107422,22.72727394104004,18.18181800842285,14.285715103149414,14.285715103149414,0,9.523809432983398,0,0,14.481599807739258,25769803776,0,17847910400,0
206,1790935988285,4,4,4,4,4,4,4,4,4,4,76.40965270996094,74.42650604248047,74.30951690673828,74.74137878417969,67.3831787109375,75.96966552734375,78.4375,25,55,30.000001907348633,23.809524536132813,10,13.636363983154297,0,0,0,0,14.481599807739258,25769803776,0,17844600832,0
209,1790935988492,4,4,4,4,4,4,4,4,4,4,76.40965270996094,74.42650604248047,74.30951690673828,74.74137878417969,67.3831787109375,75.96966552734375,78.4375,76.19047546386719,28.571430206298828,9.523809432983398,5,5,5,0,9.523809432983398,0,0,14.481599807739258,25769803776,0,17850449920,0
209,1790935988702,4,4,4,4,4,4,4,4,4,4,76.40965270996094,74.42650604248047,74.30951690673828,74.74137878417969,67.3831787109375,75.96966552734375,78.4375,71.42857360839844,23.809524536132813,9.523809432983398,0,0,0,4.761904716491699,4.761904716491699,4.761904716491699,0,14.5336332321167,25769803776,0,17850564608,0
209,1790935988912,4,4,4,4,4,4,4,4,4,4,76.40965270996094,74.42650604248047,74.30951690673828,74.74137878417969,67.3831787109375,75.96966552734375,78.4375,61.904762268066406,45,19.047618865966797,9.523809432983398,4.761904716491699,9.090909004211426,0,5,0,0,14.5336332321167,25769803776,0,17850564608,0
209,1790935989122,4,4,4,4,4,4,4,4,4,4,76.42997741699219,74.42054748535156,74.36497497558594,74.70500946044922,67.45401763916016,75.9845962524414,78.4375,61.904762268066406,22.72727394104004,23.809524536132813,10,22.72727394104004,10,0,9.090909004211426,0,0,14.5336332321167,25769803776,0,17847730176,0
209,1790935989332,4,4,4,4,4,4,4,4,4,4,76.42997741699219,74.42054748535156,74.36497497558594,74.70500946044922,67.45401763916016,75.9845962524414,78.4375,35,35,28.571430206298828,13.636363983154297,28.571430206298828,9.523809432983398,0,5,4.545454502105713,0,14.5336332321167,25769803776,0,17843503104,0
209,1790935989542,4,4,4,4,4,4,4,4,4,4,76.42997741699219,74.42054748535156,74.36497497558594,74.70500946044922,67.45401763916016,75.9845962524414,78.4375,90.47618865966797,22.72727394104004,14.285715103149414,9.523809432983398,5,9.523809432983398,0,9.090909004211426,0,0,14.4793701171875,25769803776,0,17851498496,0
209,1790935989752,4,4,4,4,4,4,4,4,4,4,76.42997741699219,74.42054748535156,74.36497497558594,74.70500946044922,67.45401763916016,75.9845962524414,78.4375,76.19047546386719,15.000000953674316,9.523809432983398,0,0,0,0,9.523809432983398,0,0,14.4793701171875,25769803776,0,17851465728,0
209,1790935989962,4,4,4,4,4,4,4,4,4,4,76.42997741699219,74.42054748535156,74.36497497558594,74.70500946044922,67.45401763916016,75.9845962524414,78.4375,42.85714340209961,36.3636360168457,33.333335876464844,23.809524536132813,9.090909004211426,9.523809432983398,0,0,0,0,14.4793701171875,25769803776,0,17851465728,0
209,1790935990172,4,4,4,4,4,4,4,4,4,4,76.35649108886719,74.39387512207031,74.28134155273438,74.63996124267578,67.33013916015625,75.87873840332031,78.4375,27.272727966308594,25,47.619049072265625,33.333335876464844,38.095237731933594,14.285715103149414,4.545454502105713,4.761904716491699,0,0,14.4793701171875,25769803776,0,17844862976,0
209,1790935990382,4,4,4,4,4,4,4,4,4,4,76.35649108886719,74.39387512207031,74.28134155273438,74.63996124267578,67.33013916015625,75.87873840332031,78.4375,30.000001907348633,45.45454788208008,14.285715103149414,20,4.761904716491699,0,0,9.523809432983398,0,0,14.4793701171875,25769803776,0,17853562880,0
206,1790935990592,4,4,4,4,4,4,4,4,4,4,76.35649108886719,74.39387512207031,74.28134155273438,74.63996124267578,67.33013916015625,75.87873840332031,78.4375,68.18181610107422,30.000001907348633,19.047618865966797,13.043478012084961,4.761904716491699,4.761904716491699,5,4.545454502105713,0,0,14.376644134521484,25769803776,0,17851629568,0
209,1790935990799,4,4,4,4,4,4,4,4,4,4,76.35649108886719,74.39387512207031,74.28134155273438,74.63996124267578,67.33013916015625,75.87873840332031,78.4375,68.42105102539063,28.571430206298828,10,5.263157844543457,9.523809432983398,9.090909004211426,4.545454502105713,0,0,0,14.376644134521484,25769803776,0,17853726720,0
209,1790935991009,4,4,4,4,4,4,4,4,4,4,76.35649108886719,74.39387512207031,74.28134155273438,74.63996124267578,67.33013916015625,75.87873840332031,78.4375,72.7272720336914,40,19.047618865966797,14.285715103149414,5,14.285715103149414,4.761904716491699,17.39130401611328,4.545454502105713,0,14.376644134521484,25769803776,0,17853726720,0
209,1790935991219,4,4,4,4,4,4,4,4,4,4,76.35307312011719,74.56817626953125,74.29965209960938,74.62614440917969,67.32831573486328,75.90587615966797,79.140625,42.85714340209961,57.142860412597656,23.809524536132813,22.72727394104004,19.047618865966797,9.523809432983398,4.761904716491699,5,0,0,14.376644134521484,25769803776,0,17862000640,0
209,1790935991429,4,4,4,4,4,4,4,4,4,4,76.35307312011719,74.56817626953125,74.29965209960938,74.62614440917969,67.32831573486328,75.90587615966797,79.140625,60.000003814697266,52.38095474243164,19.047618865966797,5.263157844543457,4.761904716491699,10,0,4.761904716491699,0,4.545454502105713,14.376644134521484,25769803776,0,17862000640,0
209,1790935991639,4,4,4,4,4,4,4,4,4,4,76.35307312011719,74.56817626953125,74.29965209960938,74.62614440917969,67.32831573486328,75.90587615966797,79.140625,68.18181610107422,23.809524536132813,14.285715103149414,9.090909004211426,4.761904716491699,0,0,9.090909004211426,0,0,14.534799575805664,25769803776,0,17862000640,0
209,1790935991849,4,4,4,4,4,4,4,4,4,4,76.35307312011719,74.56817626953125,74.29965209960938,74.62614440917969,67.32831573486328,75.90587615966797,79.140625,60.000003814697266,45,33.333335876464844,15.000000953674316,9.523809432983398,13.636363983154297,9.090909004211426,0,0,0,14.534799575805664,25769803776,0,17862000640,0
209,1790935992059,4,4,4,4,4,4,4,4,4,4,76.31684112548828,74.52079772949219,74.20130920410156,74.62895965576172,67.14130401611328,75.86577606201172,79.734375,52.38095474243164,33.333335876464844,19.047618865966797,18.18181800842285,9.523809432983398,4.761904716491699,0,0,4.545454502105713,0,14.534799575805664,25769803776,0,17862000640,0
205,1790935992269,4,4,4,4,4,4,4,4,4,4,76.31684112548828,74.52079772949219,74.20130920410156,74.62895965576172,67.14130401611328,75.86577606201172,79.734375,47.619049072265625,40.90909194946289,25,40,27.272727966308594,14.285715103149414,0,9.090909004211426,0,0,14.534799575805664,25769803776,0,17869193216,0
209,1790935992475,4,4,4,4,4,4,4,4,4,4,76.31684112548828,74.52079772949219,74.20130920410156,74.62895965576172,67.14130401611328,75.86577606201172,79.734375,66.66667175292969,42.85714340209961,22.72727394104004,13.636363983154297,5,5,0,5,0,0,14.534799575805664,25769803776,0,17878122496,0
209,1790935992685,4,4,4,4,4,4,4,4,4,4,76.31684112548828,74.52079772949219,74.20130920410156,74.62895965576172,67.14130401611328,75.86577606201172,79.734375,75,15.789472579956055,9.523809432983398,0,0,0,4.761904716491699,4.761904716491699,0,0,14.376714706420898,25769803776,0,17878384640,0
209,1790935992895,4,4,4,4,4,4,4,4,4,4,76.31684112548828,74.52079772949219,74.20130920410156,74.62895965576172,67.14130401611328,75.86577606201172,79.734375,54.54545593261719,59.09090805053711,15.000000953674316,13.636363983154297,5,4.761904716491699,0,5,0,0,14.376714706420898,25769803776,0,17878368256,0
209,1790935993105,4,4,4,4,4,4,4,4,4,4,76.36117553710938,74.41864013671875,74.34465026855469,74.62026977539063,67.41397094726563,75.88916015625,78.4375,33.333335876464844,28.571430206298828,61.904762268066406,14.285715103149414,18.18181800842285,23.809524536132813,0,4.761904716491699,0,0,14.376714706420898,25769803776,0,17878368256,0
209,1790935993315,4,4,4,4,4,4,4,4,4,4,76.36117553710938,74.41864013671875,74.34465026855469,74.62026977539063,67.41397094726563,75.88916015625,78.4375,70,30.000001907348633,4.761904716491699,0,0,0,0,9.523809432983398,4.761904716491699,0,14.376714706420898,25769803776,0,17865457664,0
209,1790935993525,4,4,4,4,4,4,4,4,4,4,76.36117553710938,74.41864013671875,74.34465026855469,74.62026977539063,67.41397094726563,75.88916015625,78.4375,81.81818389892578,18.18181800842285,14.285715103149414,13.636363983154297,9.523809432983398,5,4.545454502105713,4.761904716491699,0,0,14.376714706420898,25769803776,0,17864228864,0
209,1790935993735,4,4,4,4,4,4,4,4,4,4,76.36117553710938,74.41864013671875,74.34465026855469,74.62026977539063,67.41397094726563,75.88916015625,78.4375,60.000003814697266,47.619049072265625,18.18181800842285,10,9.090909004211426,9.090909004211426,0,9.090909004211426,4.545454502105713,0,14.410148620605469,25769803776,0,17864114176,0
209,1790935993945,4,4,4,4,4,4,4,4,4,4,76.36117553710938,74.41864013671875,74.34465026855469,74.62026977539063,67.41397094726563,75.88916015625,78.4375,59.09090805053711,19.047618865966797,30.000001907348633,4.761904716491699,4.761904716491699,14.285715103149414,0,5,0,0,14.410148620605469,25769803776,0,17864114176,0
209,1790935994155,4,4,4,4,4,4,4,4,4,4,76.3466796875,74.34465026855469,74.21662139892578,74.62628936767578,67.20394134521484,75.89488983154297,78.203125,40,65,14.285715103149414,14.285715103149414,10,13.636363983154297,0,9.090909004211426,0,0,14.410148620605469,25769803776,0,17864114176,0
209,1790935994365,4,4,4,4,4,4,4,4,4,4,76.3466796875,74.34465026855469,74.21662139892578,74.62628936767578,67.20394134521484,75.89488983154297,78.203125,59.09090805053711,50,10,4.761904716491699,9.090909004211426,5,0,4.761904716491699,0,0,14.410148620605469,25769803776,0,17865080832,0
209,1790935994575,4,4,4,4,4,4,4,4,4,4,76.3466796875,74.34465026855469,74.21662139892578,74.62628936767578,67.20394134521484,75.89488983154297,78.203125,71.42857360839844,20,13.636363983154297,0,0,0,0,9.523809432983398,0,0,14.462203979492188,25769803776,0,17865064448,0
209,1790935994785,4,4,4,4,4,4,4,4,4,4,76.3466796875,74.34465026855469,74.21662139892578,74.62628936767578,67.20394134521484,75.89488983154297,78.203125,52.6315803527832,47.619049072265625,15.000000953674316,9.523809432983398,5,9.090909004211426,5,0,4.545454502105713,0,14.462203979492188,25769803776,0,17865162752,0
209,1790935994995,4,4,4,4,4,4,4,4,4,4,76.3466796875,74.34465026855469,74.21662139892578,74.62628936767578,67.20394134521484,75.89488983154297,78.203125,38.095237731933594,50,31.81818199157715,10,13.636363983154297,5.263157844543457,4.545454502105713,5,0,0,14.462203979492188,25769803776,0,17860198400,0
209,1790935995205,4,4,4,4,4,4,4,4,4,4,76.31896209716797,74.43163299560547,74.2461166381836,74.56555938720703,67.25865936279297,75.86351776123047,78.203125,40.90909194946289,50,30.000001907348633,17.39130401611328,4.761904716491699,4.761904716491699,4.761904716491699,0,0,0,14.462203979492188,25769803776,0,17857478656,0
209,1790935995415,4,4,4,4,4,4,4,4,4,4,76.31896209716797,74.43163299560547,74.2461166381836,74.56555938720703,67.25865936279297,75.86351776123047,78.203125,76.19047546386719,28.571430206298828,14.285715103149414,5,5,9.523809432983398,0,9.090909004211426,0,0,14.462203979492188,25769803776,0,17865768960,0
209,1790935995625,4,4,4,4,4,4,4,4,4,4,76.31896209716797,74.43163299560547,74.2461166381836,74.56555938720703,67.25865936279297,75.86351776123047,78.203125,71.42857360839844,28.571430206298828,19.047618865966797,4.761904716491699,0,0,4.545454502105713,4.761904716491699,0,0,14.410953521728516,25769803776,0,17866309632,0
201,1790935995835,4,4,4,4,4,4,4,4,4,4,76.31896209716797,74.43163299560547,74.2461166381836,74.56555938720703,67.25865936279297,75.86351776123047,78.203125,61.904762268066406,47.619049072265625,18.18181800842285,10,18.18181800842285,13.636363983154297,4.545454502105713,9.523809432983398,4.761904716491699,0,14.410953521728516,25769803776,0,17861640192,0
202,1790935996037,4,4,4,4,4,4,4,4,4,4,76.29536437988281,74.38262176513672,74.09842681884766,74.54596710205078,66.9825668334961,75.79244995117188,79.03125,63.15789031982422,35,15.789472579956055,19.047618865966797,15.789472579956055,10,0,0,0,0,14.410953521728516,25769803776,0,17861640192,0
209,1790935996240,4,4,4,4,4,4,4,4,4,4,76.29536437988281,74.38262176513672,74.09842681884766,74.54596710205078,66.9825668334961,75.79244995117188,79.03125,76.19047546386719,35,9.523809432983398,10,9.523809432983398,5,0,0,0,0,14.410953521728516,25769803776,0,17861640192,0
209,1790935996450,4,4,4,4,4,4,4,4,4,4,76.29536437988281,74.38262176513672,74.09842681884766,74.54596710205078,66.9825668334961,75.79244995117188,79.03125,66.66667175292969,23.809524536132813,18.18181800842285,0,0,4.761904716491699,0,9.090909004211426,0,0,14.410953521728516,25769803776,0,17866735616,0
209,1790935996660,4,4,4,4,4,4,4,4,4,4,76.29536437988281,74.38262176513672,74.09842681884766,74.54596710205078,66.9825668334961,75.79244995117188,79.03125,65,42.85714340209961,15.000000953674316,9.090909004211426,4.761904716491699,4.761904716491699,0,4.761904716491699,0,0,14.351223945617676,25769803776,0,17866571776,0
209,1790935996870,4,4,4,4,4,4,4,4,4,4,76.29536437988281,74.38262176513672,74.09842681884766,74.54596710205078,66.9825668334961,75.79244995117188,79.03125,23.809524536132813,42.85714340209961,30.000001907348633,5,22.72727394104004,14.285715103149414,0,5,0,0,14.351223945617676,25769803776,0,17862475776,0
209,1790935997080,4,4,4,4,4,4,4,4,4,4,76.2299575805664,74.32456970214844,74.28040313720703,74.52015686035156,67.32967376708984,75.73165130615234,78.203125,45.45454788208008,38.095237731933594,36.3636360168457,14.285715103149414,5,9.090909004211426,0,9.090909004211426,0,0,14.351223945617676,25769803776,0,17858297856,0
209,1790935997290,4,4,4,4,4,4,4,4,4,4,76.2299575805664,74.32456970214844,74.28040313720703,74.52015686035156,67.32967376708984,75.73165130615234,78.203125,65,23.809524536132813,30.000001907348633,14.285715103149414,9.523809432983398,5,0,5,0,0,14.351223945617676,25769803776,0,17866227712,0
209,1790935997500,4,4,4,4,4,4,4,4,4,4,76.2299575805664,74.32456970214844,74.28040313720703,74.52015686035156,67.32967376708984,75.73165130615234,78.203125,66.66667175292969,33.333335876464844,9.523809432983398,0,0,0,4.761904716491699,9.090909004211426,4.545454502105713,0,14.351223945617676,25769803776,0,17866506240,0
205,1790935997710,4,4,4,4,4,4,4,4,4,4,76.2299575805664,74.32456970214844,74.28040313720703,74.52015686035156,67.32967376708984,75.73165130615234,78.203125,65,25,14.285715103149414,13.636363983154297,9.090909004211426,28.571430206298828,0,4.761904716491699,0,0,14.360383987426758,25769803776,0,17866604544,0
209,1790935997916,4,4,4,4,4,4,4,4,4,4,76.2299575805664,74.32456970214844,74.28040313720703,74.52015686035156,67.32967376708984,75.73165130615234,78.203125,38.095237731933594,38.095237731933594,42.85714340209961,20,15.000000953674316,33.333335876464844,0,9.523809432983398,0,0,14.360383987426758,25769803776,0,17859821568,0
209,1790935998126,4,4,4,4,4,4,4,4,4,4,76.15808868408203,74.2111587524414,74.17105865478516,74.45372009277344,67.16649627685547,75.6809310913086,77.953125,38.095237731933594,66.66667175292969,0,0,0,0,4.761904716491699,5,0,0,14.360383987426758,25769803776,0,17859821568,0
209,1790935998336,4,4,4,4,4,4,4,4,4,4,76.15808868408203,74.2111587524414,74.17105865478516,74.45372009277344,67.16649627685547,75.6809310913086,77.953125,71.42857360839844,33.333335876464844,13.636363983154297,4.761904716491699,9.090909004211426,5,0,9.090909004211426,4.761904716491699,0,14.360383987426758,25769803776,0,17859821568,0
209,1790935998546,4,4,4,4,4,4,4,4,4,4,76.15808868408203,74.2111587524414,74.17105865478516,74.45372009277344,67.16649627685547,75.6809310913086,77.953125,71.42857360839844,25,10,0,0,0,0,5,0,0,14.300542831420898,25769803776,0,17866964992,0
209,1790935998756,4,4,4,4,4,4,4,4,4,4,76.15808868408203,74.2111587524414,74.17105865478516,74.45372009277344,67.16649627685547,75.6809310913086,77.953125,61.904762268066406,40.90909194946289,22.72727394104004,14.285715103149414,14.285715103149414,31.81818199157715,0,9.090909004211426,0,0,14.300542831420898,25769803776,0,17862623232,0
209,1790935998966,4,4,4,4,4,4,4,4,4,4,76.15808868408203,74.2111587524414,74.17105865478516,74.45372009277344,67.16649627685547,75.6809310913086,77.953125,28.571430206298828,47.619049072265625,19.047618865966797,23.809524536132813,9.523809432983398,15.000000953674316,4.761904716491699,0,0,0,14.300542831420898,25769803776,0,17862623232,0
209,1790935999176,4,4,4,4,4,4,4,4,4,4,76.20233154296875,74.29055786132813,74.14896392822266,74.45545196533203,67.13392639160156,75.73041534423828,78.203125,52.38095474243164,60.000003814697266,5,4.761904716491699,5,13.636363983154297,0,5,4.761904716491699,0,14.300542831420898,25769803776,0,17862623232,0
209,1790935999386,4,4,4,4,4,4,4,4,4,4,76.20233154296875,74.29055786132813,74.14896392822266,74.45545196533203,67.13392639160156,75.73041534423828,78.203125,66.66667175292969,31.81818199157715,9.523809432983398,4.545454502105713,4.545454502105713,0,0,9.090909004211426,0,0,14.300542831420898,25769803776,0,17862623232,0
206,1790935999596,4,4,4,4,4,4,4,4,4,4,76.20233154296875,74.29055786132813,74.14896392822266,74.45545196533203,67.13392639160156,75.73041534423828,78.203125,70,25,27.272727966308594,9.523809432983398,9.523809432983398,4.761904716491699,0,5,0,0,14.317306518554688,25769803776,0,17867472896,0
209,1790935999802,4,4,4,4,4,4,4,4,4,4,76.20233154296875,74.29055786132813,74.14896392822266,74.45545196533203,67.13392639160156,75.73041534423828,78.203125,59.09090805053711,35,10,5,5,10.526315689086914,4.545454502105713,9.090909004211426,0,0,14.317306518554688,25769803776,0,17859674112,0
209,1790936000012,4,4,4,4,4,4,4,4,4,4,76.20233154296875,74.29055786132813,74.14896392822266,74.45545196533203,67.13392639160156,75.73041534423828,78.203125,45,59.09090805053711,19.047618865966797,13.636363983154297,9.090909004211426,13.636363983154297,0,0,0,0,14.317306518554688,25769803776,0,17859674112,0
203,1790936000222,4,4,4,4,4,4,4,4,4,4,76.14322662353516,74.17948150634766,74.19927215576172,74.41908264160156,67.24664306640625,75.65255737304688,77.953125,80.95238494873047,23.809524536132813,9.523809432983398,5,5,9.523809432983398,0,4.761904716491699,0,0,14.317306518554688,25769803776,0,17859674112,0
209,1790936000426,4,4,4,4,4,4,4,4,4,4,76.14322662353516,74.17948150634766,74.19927215576172,74.41908264160156,67.24664306640625,75.65255737304688,77.953125,66.66667175292969,25,9.523809432983398,0,0,0,4.761904716491699,9.523809432983398,0,0,14.317306518554688,25769803776,0,17859674112,0
209,1790936000636,4,4,4,4,4,4,4,4,4,4,76.14322662353516,74.17948150634766,74.19927215576172,74.41908264160156,67.24664306640625,75.65255737304688,77.953125,42.85714340209961,71.42857360839844,15.000000953674316,4.761904716491699,9.523809432983398,4.761904716491699,0,4.761904716491699,4.545454502105713,0,14.262223243713379,25769803776,0,17867898880,0
209,1790936000846,4,4,4,4,4,4,4,4,4,4,76.14322662353516,74.17948150634766,74.19927215576172,74.41908264160156,67.24664306640625,75.65255737304688,77.953125,25,42.85714340209961,40.90909194946289,35,18.18181800842285,19.047618865966797,0,5,0,0,14.262223243713379,25769803776,0,17861066752,0
209,1790936001056,4,4,4,4,4,4,4,4,4,4,76.10296630859375,74.1783218383789,74.11843872070313,74.41506958007813,67.08865356445313,75.62950897216797,78.203125,61.904762268066406,33.333335876464844,0,17.39130401611328,0,0,0,9.090909004211426,4.545454502105713,0,14.262223243713379,25769803776,0,17861066752,0
209,1790936001266,4,4,4,4,4,4,4,4,4,4,76.10296630859375,74.1783218383789,74.11843872070313,74.41506958007813,67.08865356445313,75.62950897216797,78.203125,77.2727279663086,23.809524536132813,14.285715103149414,5,5,9.523809432983398,0,0,0,4.545454502105713,14.262223243713379,25769803776,0,17861066752,0
204,1790936001476,4,4,4,4,4,4,4,4,4,4,76.10296630859375,74.1783218383789,74.11843872070313,74.41506958007813,67.08865356445313,75.62950897216797,78.203125,70,35,19.047618865966797,19.047618865966797,5,4.761904716491699,0,9.523809432983398,0,0,14.262223243713379,25769803776,0,17861066752,0
209,1790936001681,4,4,4,4,4,4,4,4,4,4,76.10296630859375,74.1783218383789,74.11843872070313,74.41506958007813,67.08865356445313,75.62950897216797,78.203125,57.142860412597656,14.285715103149414,10,14.285715103149414,13.636363983154297,38.095237731933594,4.545454502105713,5,0,0,14.290792465209961,25769803776,0,17863786496,0
209,1790936001891,4,4,4,4,4,4,4,4,4,4,76.10296630859375,74.1783218383789,74.11843872070313,74.41506958007813,67.08865356445313,75.62950897216797,78.203125,40,28.571430206298828,19.047618865966797,19.047618865966797,25,19.047618865966797,0,13.043478012084961,0,0,14.290792465209961,25769803776,0,17860427776,0
209,1790936002101,4,4,4,4,4,4,4,4,4,4,76.1064453125,74.13032531738281,74.18717193603516,74.39727020263672,67.21929168701172,75.58663940429688,77.953125,63.6363639831543,50,18.18181800842285,9.523809432983398,9.523809432983398,5,0,5,4.545454502105713,0,14.290792465209961,25769803776,0,17932042240,0
209,1790936002311,4,4,4,4,4,4,4,4,4,4,76.1064453125,74.13032531738281,74.18717193603516,74.39727020263672,67.21929168701172,75.58663940429688,77.953125,80,45.45454788208008,35,5,4.761904716491699,4.545454502105713,0,5,0,0,14.290792465209961,25769803776,0,17932091392,0
209,1790936002521,4,4,4,4,4,4,4,4,4,4,76.1064453125,74.13032531738281,74.18717193603516,74.39727020263672,67.21929168701172,75.58663940429688,77.953125,61.904762268066406,45,22.72727394104004,13.636363983154297,23.809524536132813,5,0,9.090909004211426,0,0,14.290792465209961,25769803776,0,17932091392,0
209,1790936002731,4,4,4,4,4,4,4,4,4,4,76.1064453125,74.13032531738281,74.18717193603516,74.39727020263672,67.21929168701172,75.58663940429688,77.953125,35,14.285715103149414,47.619049072265625,30.000001907348633,14.285715103149414,14.285715103149414,4.545454502105713,5,0,0,14.218179702758789,25769803776,0,17892818944,0
209,1790936002941,4,4,4,4,4,4,4,4,4,4,76.1064453125,74.13032531738281,74.18717193603516,74.39727020263672,67.21929168701172,75.58663940429688,77.953125,50,42.85714340209961,33.333335876464844,9.523809432983398,9.523809432983398,9.523809432983398,0,9.090909004211426,0,0,14.218179702758789,25769803776,0,17892769792,0
209,1790936003151,4,4,4,4,4,4,4,4,4,4,76.10829162597656,74.20084381103516,74.18009948730469,74.40079498291016,67.19915008544922,75.63493347167969,77.953125,76.19047546386719,28.571430206298828,10,13.636363983154297,9.523809432983398,9.523809432983398,0,4.761904716491699,4.545454502105713,0,14.218179702758789,25769803776,0,17901158400,0
209,1790936003361,4,4,4,4,4,4,4,4,4,4,76.10829162597656,74.20084381103516,74.18009948730469,74.40079498291016,67.19915008544922,75.63493347167969,77.953125,71.42857360839844,23.809524536132813,13.636363983154297,0,0,4.545454502105713,0,9.523809432983398,0,0,14.218179702758789,25769803776,0,17900519424,0
209,1790936003571,4,4,4,4,4,4,4,4,4,4,76.10829162597656,74.20084381103516,74.18009948730469,74.40079498291016,67.19915008544922,75.63493347167969,77.953125,42.85714340209961,38.095237731933594,35,5,19.047618865966797,5,0,4.761904716491699,0,0,14.370622634887695,25769803776,0,17900519424,0
209,1790936003781,4,4,4,4,4,4,4,4,4,4,76.10829162597656,74.20084381103516,74.18009948730469,74.40079498291016,67.19915008544922,75.63493347167969,77.953125,23.809524536132813,42.85714340209961,33.333335876464844,28.571430206298828,33.333335876464844,18.18181800842285,0,9.090909004211426,0,0,14.370622634887695,25769803776,0,17896423424,0
209,1790936003991,4,4,4,4,4,4,4,4,4,4,76.10829162597656,74.20084381103516,74.18009948730469,74.40079498291016,67.19915008544922,75.63493347167969,77.953125,71.42857360839844,28.571430206298828,14.285715103149414,4.761904716491699,4.761904716491699,0,4.545454502105713,0,0,0,14.370622634887695,25769803776,0,17891999744,0
209,1790936004201,4,4,4,4,4,4,4,4,4,4,76.05376434326172,74.11632537841797,74.15064239501953,74.36024475097656,67.20622253417969,75.53294372558594,77.953125,75,25,9.523809432983398,4.761904716491699,4.761904716491699,9.090909004211426,0,4.761904716491699,0,0,14.370622634887695,25769803776,0,17888673792,0
209,1790936004411,4,4,4,4,4,4,4,4,4,4,76.05376434326172,74.11632537841797,74.15064239501953,74.36024475097656,67.20622253417969,75.53294372558594,77.953125,66.66667175292969,40.90909194946289,22.72727394104004,4.761904716491699,4.761904716491699,4.761904716491699,0,4.761904716491699,4.761904716491699,0,14.370622634887695,25769803776,0,17888854016,0
209,1790936004621,4,4,4,4,4,4,4,4,4,4,76.05376434326172,74.11632537841797,74.15064239501953,74.36024475097656,67.20622253417969,75.53294372558594,77.953125,28.571430206298828,55,5,14.285715103149414,4.761904716491699,20,0,5,0,0,14.238162994384766,25769803776,0,17888788480,0
209,1790936004831,4,4,4,4,4,4,4,4,4,4,76.05376434326172,74.11632537841797,74.15064239501953,74.36024475097656,67.20622253417969,75.53294372558594,77.953125,42.85714340209961,36.3636360168457,38.095237731933594,14.285715103149414,14.285715103149414,9.523809432983398,4.761904716491699,9.090909004211426,0,0,14.238162994384766,25769803776,0,17881071616,0
209,1790936005041,4,4,4,4,4,4,4,4,4,4,76.03443908691406,74.10157775878906,74.05150604248047,74.35665130615234,67.03498840332031,75.5037612915039,77.953125,61.904762268066406,52.38095474243164,9.523809432983398,9.523809432983398,9.523809432983398,13.636363983154297,0,4.761904716491699,0,0,14.238162994384766,25769803776,0,17881071616,0
209,1790936005251,4,4,4,4,4,4,4,4,4,4,76.03443908691406,74.10157775878906,74.05150604248047,74.35665130615234,67.03498840332031,75.5037612915039,77.953125,71.42857360839844,20,5,0,0,0,0,5,0,0,14.238162994384766,25769803776,0,17881071616,0
209,1790936005461,4,4,4,4,4,4,4,4,4,4,76.03443908691406,74.10157775878906,74.05150604248047,74.35665130615234,67.03498840332031,75.5037612915039,77.953125,57.142860412597656,28.571430206298828,28.571430206298828,9.523809432983398,14.285715103149414,9.523809432983398,0,9.090909004211426,4.545454502105713,0,14.238162994384766,25769803776,0,17881071616,0
203,1790936005671,4,4,4,4,4,4,4,4,4,4,76.03443908691406,74.10157775878906,74.05150604248047,74.35665130615234,67.03498840332031,75.5037612915039,77.953125,33.333335876464844,23.809524536132813,27.272727966308594,15.000000953674316,40,30.000001907348633,0,4.761904716491699,0,0,14.257855415344238,25769803776,0,17881071616,0
209,1790936005874,4,4,4,4,4,4,4,4,4,4,76.03443908691406,74.10157775878906,74.05150604248047,74.35665130615234,67.03498840332031,75.5037612915039,77.953125,75,33.333335876464844,5.263157844543457,9.090909004211426,9.090909004211426,4.761904716491699,0,5,0,0,14.257855415344238,25769803776,0,17881677824,0
209,1790936006084,4,4,4,4,4,4,4,4,4,4,76.00064849853516,74.08833312988281,74.11653900146484,74.33378601074219,67.14251708984375,75.4700698852539,77.953125,57.142860412597656,30.000001907348633,13.636363983154297,5,20,4.761904716491699,0,5,0,0,14.257855415344238,25769803776,0,17889787904,0
209,1790936006294,4,4,4,4,4,4,4,4,4,4,76.00064849853516,74.08833312988281,74.11653900146484,74.33378601074219,67.14251708984375,75.4700698852539,77.953125,76.19047546386719,23.809524536132813,5,4.761904716491699,0,4.761904716491699,4.545454502105713,9.090909004211426,0,0,14.257855415344238,25769803776,0,17889787904,0
209,1790936006504,4,4,4,4,4,4,4,4,4,4,76.00064849853516,74.08833312988281,74.11653900146484,74.33378601074219,67.14251708984375,75.4700698852539,77.953125,45,61.904762268066406,19.047618865966797,14.285715103149414,13.636363983154297,10,0,5,4.761904716491699,0,14.257855415344238,25769803776,0,17889787904,0
209,1790936006715,4,4,4,4,4,4,4,4,4,4,76.00064849853516,74.08833312988281,74.11653900146484,74.33378601074219,67.14251708984375,75.4700698852539,77.953125,50,27.272727966308594,40.90909194946289,14.285715103149414,14.285715103149414,38.095237731933594,4.545454502105713,9.090909004211426,4.545454502105713,0,14.191047668457031,25769803776,0,17889787904,0
209,1790936006925,4,4,4,4,4,4,4,4,4,4,76.00064849853516,74.08833312988281,74.11653900146484,74.33378601074219,67.14251708984375,75.4700698852539,77.953125,76.19047546386719,42.105262756347656,28.571430206298828,4.761904716491699,15.000000953674316,9.090909004211426,0,5,0,0,14.191047668457031,25769803776,0,17892376576,0
209,1790936007135,4,4,4,4,4,4,4,4,4,4,75.97907257080078,74.0762710571289,74.04405212402344,74.31465911865234,67.05616760253906,75.45631408691406,77.953125,71.42857360839844,27.272727966308594,9.523809432983398,4.761904716491699,0,0,0,9.090909004211426,0,0,14.191047668457031,25769803776,0,17890443264,0
205,1790936007345,4,4,4,4,4,4,4,4,4,4,75.97907257080078,74.0762710571289,74.04405212402344,74.31465911865234,67.05616760253906,75.45631408691406,77.953125,61.904762268066406,52.38095474243164,14.285715103149414,14.285715103149414,9.523809432983398,9.090909004211426,0,5,0,0,14.191047668457031,25769803776,0,17890983936,0
209,1790936007550,4,4,4,4,4,4,4,4,4,4,75.97907257080078,74.0762710571289,74.04405212402344,74.31465911865234,67.05616760253906,75.45631408691406,77.953125,35,25,10,38.095237731933594,23.809524536132813,5.263157844543457,0,9.090909004211426,0,0,14.203400611877441,25769803776,0,17887363072,0
209,1790936007760,4,4,4,4,4,4,4,4,4,4,75.97907257080078,74.0762710571289,74.04405212402344,74.31465911865234,67.05616760253906,75.45631408691406,77.953125,47.619049072265625,42.85714340209961,33.333335876464844,9.523809432983398,14.285715103149414,13.636363983154297,0,5,4.545454502105713,0,14.203400611877441,25769803776,0,17883398144,0
209,1790936007971,4,4,4,4,4,4,4,4,4,4,75.97907257080078,74.0762710571289,74.04405212402344,74.31465911865234,67.05616760253906,75.45631408691406,77.953125,52.38095474243164,47.619049072265625,9.523809432983398,5,4.761904716491699,4.761904716491699,0,9.090909004211426,0,0,14.203400611877441,25769803776,0,17891311616,0
204,1790936008180,4,4,4,4,4,4,4,4,4,4,75.9377670288086,74.05948638916016,74.09982299804688,74.27705383300781,67.17092895507813,75.43965911865234,77.71875,66.66667175292969,28.571430206298828,5,4.545454502105713,0,0,0,0,0,0,14.203400611877441,25769803776,0,17892917248,0
209,1790936008385,4,4,4,4,4,4,4,4,4,4,75.9377670288086,74.05948638916016,74.09982299804688,74.27705383300781,67.17092895507813,75.43965911865234,77.71875,75,35,19.047618865966797,10,10,9.523809432983398,0,9.523809432983398,0,0,14.203400611877441,25769803776,0,17891508224,0
209,1790936008595,4,4,4,4,4,4,4,4,4,4,75.9377670288086,74.05948638916016,74.09982299804688,74.27705383300781,67.17092895507813,75.43965911865234,77.71875,42.85714340209961,28.571430206298828,19.047618865966797,25,14.285715103149414,19.047618865966797,4.761904716491699,4.761904716491699,0,0,14.270187377929688,25769803776,0,17886543872,0
209,1790936008805,4,4,4,4,4,4,4,4,4,4,75.9377670288086,74.05948638916016,74.09982299804688,74.27705383300781,67.17092895507813,75.43965911865234,77.71875,38.095237731933594,45.45454788208008,35,9.523809432983398,9.523809432983398,5,0,4.761904716491699,0,0,14.270187377929688,25769803776,0,17884676096,0
209,1790936009015,4,4,4,4,4,4,4,4,4,4,75.9377670288086,74.05948638916016,74.09982299804688,74.27705383300781,67.17092895507813,75.43965911865234,77.71875,80,20,18.18181800842285,9.090909004211426,4.761904716491699,9.523809432983398,0,9.523809432983398,0,0,14.270187377929688,25769803776,0,17891803136,0
209,1790936009225,4,4,4,4,4,4,4,4,4,4,75.88756561279297,74.02307891845703,73.96539306640625,74.2278060913086,66.9464340209961,75.35540771484375,77.71875,61.904762268066406,33.333335876464844,14.285715103149414,4.761904716491699,0,0,0,4.761904716491699,4.545454502105713,0,14.270187377929688,25769803776,0,17891983360,0
204,1790936009435,4,4,4,4,4,4,4,4,4,4,75.88756561279297,74.02307891845703,73.96539306640625,74.2278060913086,66.9464340209961,75.35540771484375,77.71875,59.09090805053711,35,45,14.285715103149414,14.285715103149414,9.523809432983398,0,9.523809432983398,0,0,14.270187377929688,25769803776,0,17892392960,0
202,1790936009640,4,4,4,4,4,4,4,4,4,4,75.88756561279297,74.02307891845703,73.96539306640625,74.2278060913086,66.9464340209961,75.35540771484375,77.71875,25,33.333335876464844,23.809524536132813,35,14.285715103149414,25,5,0,0,0,14.137689590454102,25769803776,0,17892392960,0
209,1790936009843,4,4,4,4,4,4,4,4,4,4,75.88756561279297,74.02307891845703,73.96539306640625,74.2278060913086,66.9464340209961,75.35540771484375,77.71875,55,33.333335876464844,9.523809432983398,10,5,28.571430206298828,0,4.761904716491699,0,0,14.137689590454102,25769803776,0,17892392960,0
209,1790936010053,4,4,4,4,4,4,4,4,4,4,75.90564727783203,74.1871109008789,73.89351654052734,74.2076644897461,66.80321502685547,75.39405059814453,77.71875,71.42857360839844,20,9.523809432983398,4.545454502105713,0,0,9.090909004211426,0,0,0,14.137689590454102,25769803776,0,17892540416,0
209,1790936010263,4,4,4,4,4,4,4,4,4,4,75.90564727783203,74.1871109008789,73.89351654052734,74.2076644897461,66.80321502685547,75.39405059814453,77.71875,72.7272720336914,31.81818199157715,20,5,4.761904716491699,9.523809432983398,0,9.090909004211426,0,0,14.137689590454102,25769803776,0,17892966400,0
209,1790936010473,4,4,4,4,4,4,4,4,4,4,75.90564727783203,74.1871109008789,73.89351654052734,74.2076644897461,66.80321502685547,75.39405059814453,77.71875,15.000000953674316,40,42.85714340209961,4.761904716491699,14.285715103149414,10,0,5,0,0,14.137689590454102,25769803776,0,17889099776,0
204,1790936010683,4,4,4,4,4,4,4,4,4,4,75.90564727783203,74.1871109008789,73.89351654052734,74.2076644897461,66.80321502685547,75.39405059814453,77.71875,60.000003814697266,47.619049072265625,19.047618865966797,14.285715103149414,9.523809432983398,9.523809432983398,4.545454502105713,9.090909004211426,4.545454502105713,0,14.169990539550781,25769803776,0,17885478912,0
209,1790936010887,4,4,4,4,4,4,4,4,4,4,75.90564727783203,74.1871109008789,73.89351654052734,74.2076644897461,66.80321502685547,75.39405059814453,77.71875,77.2727279663086,28.571430206298828,14.285715103149414,9.523809432983398,9.523809432983398,9.523809432983398,0,0,0,0,14.169990539550781,25769803776,0,17893441536,0
203,1790936011097,4,4,4,4,4,4,4,4,4,4,75.85663604736328,73.97120666503906,73.93314361572266,74.1829833984375,66.9136962890625,75.34828186035156,77.71875,70,25,9.523809432983398,0,0,4.545454502105713,0,9.090909004211426,0,0,14.169990539550781,25769803776,0,17893605376,0
202,1790936011301,4,4,4,4,4,4,4,4,4,4,75.85663604736328,73.97120666503906,73.93314361572266,74.1829833984375,66.9136962890625,75.34828186035156,77.71875,42.85714340209961,60.000003814697266,15.789472579956055,19.047618865966797,5.263157844543457,5,0,5,0,0,14.169990539550781,25769803776,0,17893769216,0
209,1790936011503,4,4,4,4,4,4,4,4,4,4,75.85663604736328,73.97120666503906,73.93314361572266,74.1829833984375,66.9136962890625,75.34828186035156,77.71875,30.000001907348633,61.904762268066406,27.272727966308594,15.000000953674316,20,23.809524536132813,4.761904716491699,5,0,0,14.169990539550781,25769803776,0,17892212736,0
209,1790936011714,4,4,4,4,4,4,4,4,4,4,75.85663604736328,73.97120666503906,73.93314361572266,74.1829833984375,66.9136962890625,75.34828186035156,77.71875,28.571430206298828,28.571430206298828,20,33.333335876464844,4.545454502105713,0,0,4.761904716491699,0,0,14.067158699035645,25769803776,0,17888509952,0
203,1790936011924,4,4,4,4,4,4,4,4,4,4,75.85663604736328,73.97120666503906,73.93314361572266,74.1829833984375,66.9136962890625,75.34828186035156,77.71875,61.904762268066406,40.90909194946289,9.523809432983398,13.636363983154297,9.523809432983398,4.761904716491699,5,0,0,0,14.067158699035645,25769803776,0,17894735872,0
209,1790936012127,4,4,4,4,4,4,4,4,4,4,75.82447052001953,74.11688995361328,73.94666290283203,74.150390625,66.89553833007813,75.3290786743164,77.71875,71.42857360839844,26.3157901763916,5,0,0,0,0,5,4.761904716491699,0,14.067158699035645,25769803776,0,17894785024,0
209,1790936012337,4,4,4,4,4,4,4,4,4,4,75.82447052001953,74.11688995361328,73.94666290283203,74.150390625,66.89553833007813,75.3290786743164,77.71875,36.842105865478516,71.42857360839844,22.72727394104004,14.285715103149414,15.000000953674316,14.285715103149414,4.761904716491699,9.090909004211426,4.545454502105713,0,14.067158699035645,25769803776,0,17890607104,0
209,1790936012547,4,4,4,4,4,4,4,4,4,4,75.82447052001953,74.11688995361328,73.94666290283203,74.150390625,66.89553833007813,75.3290786743164,77.71875,31.81818199157715,40,28.571430206298828,25,14.285715103149414,9.523809432983398,4.545454502105713,5,0,0,14.242393493652344,25769803776,0,17891098624,0
209,1790936012757,4,4,4,4,4,4,4,4,4,4,75.82447052001953,74.11688995361328,73.94666290283203,74.150390625,66.89553833007813,75.3290786743164,77.71875,40,71.42857360839844,10,13.636363983154297,4.761904716491699,9.090909004211426,0,9.090909004211426,0,0,14.242393493652344,25769803776,0,17891098624,0
209,1790936012967,4,4,4,4,4,4,4,4,4,4,75.82447052001953,74.11688995361328,73.94666290283203,74.150390625,66.89553833007813,75.3290786743164,77.71875,76.19047546386719,22.72727394104004,9.523809432983398,0,4.761904716491699,0,0,4.761904716491699,0,0,14.242393493652344,25769803776,0,17891098624,0
209,1790936013177,4,4,4,4,4,4,4,4,4,4,75.79743957519531,73.95449829101563,73.91240692138672,74.12252044677734,66.8901596069336,75.2836685180664,77.71875,61.904762268066406,47.619049072265625,19.047618865966797,9.523809432983398,4.761904716491699,9.523809432983398,0,9.523809432983398,0,0,14.242393493652344,25769803776,0,17889427456,0
209,1790936013387,4,4,4,4,4,4,4,4,4,4,75.79743957519531,73.95449829101563,73.91240692138672,74.12252044677734,66.8901596069336,75.2836685180664,77.71875,23.809524536132813,52.38095474243164,28.571430206298828,9.090909004211426,5,19.047618865966797,0,4.761904716491699,0,0,14.242393493652344,25769803776,0,17886199808,0
209,1790936013597,4,4,4,4,4,4,4,4,4,4,75.79743957519531,73.95449829101563,73.91240692138672,74.12252044677734,66.8901596069336,75.2836685180664,77.71875,47.619049072265625,52.38095474243164,19.047618865966797,14.285715103149414,9.090909004211426,9.523809432983398,0,9.523809432983398,4.545454502105713,0,14.082107543945313,25769803776,0,17881694208,0
209,1790936013807,4,4,4,4,4,4,4,4,4,4,75.79743957519531,73.95449829101563,73.91240692138672,74.12252044677734,66.8901596069336,75.2836685180664,77.71875,57.142860412597656,45,10,5,9.523809432983398,4.761904716491699,0,4.761904716491699,0,0,14.082107543945313,25769803776,0,17891393536,0
209,1790936014017,4,4,4,4,4,4,4,4,4,4,75.79743957519531,73.95449829101563,73.91240692138672,74.12252044677734,66.8901596069336,75.2836685180664,77.71875,71.42857360839844,20,13.636363983154297,4.761904716491699,0,0,0,9.523809432983398,0,0,14.082107543945313,25769803776,0,17891393536,0
209,1790936014227,4,4,4,4,4,4,4,4,4,4,75.80685424804688,73.96612548828125,73.99691772460938,74.14273071289063,67.0491714477539,75.3193588256836,77.484375,60.000003814697266,54.54545593261719,19.047618865966797,9.523809432983398,4.761904716491699,9.523809432983398,0,4.761904716491699,0,0,14.082107543945313,25769803776,0,17890164736,0
209,1790936014437,4,4,4,4,4,4,4,4,4,4,75.80685424804688,73.96612548828125,73.99691772460938,74.14273071289063,67.0491714477539,75.3193588256836,77.484375,45.45454788208008,28.571430206298828,28.571430206298828,40.90909194946289,15.000000953674316,14.285715103149414,0,9.090909004211426,0,0,14.082107543945313,25769803776,0,17886707712,0
209,1790936014648,4,4,4,4,4,4,4,4,4,4,75.80685424804688,73.96612548828125,73.99691772460938,74.14273071289063,67.0491714477539,75.3193588256836,77.484375,52.38095474243164,28.571430206298828,10,0,0,19.047618865966797,8.69565200805664,0,0,0,14.162903785705566,25769803776,0,17886691328,0
209,1790936014858,4,4,4,4,4,4,4,4,4,4,75.80685424804688,73.96612548828125,73.99691772460938,74.14273071289063,67.0491714477539,75.3193588256836,77.484375,80.95238494873047,25,18.18181800842285,5,9.090909004211426,9.523809432983398,0,9.090909004211426,4.545454502105713,0,14.162903785705566,25769803776,0,17890361344,0
201,1790936015068,4,4,4,4,4,4,4,4,4,4,75.79558563232422,73.93019104003906,73.95381927490234,74.0860595703125,66.99774169921875,75.3041000366211,77.484375,65,36.3636360168457,19.047618865966797,8.69565200805664,4.761904716491699,4.761904716491699,0,4.761904716491699,0,0,14.162903785705566,25769803776,0,17890639872,0
209,1790936015269,4,4,4,4,4,4,4,4,4,4,75.79558563232422,73.93019104003906,73.95381927490234,74.0860595703125,66.99774169921875,75.3041000366211,77.484375,80.95238494873047,30.000001907348633,15.000000953674316,10,10,5,0,5.263157844543457,0,0,14.162903785705566,25769803776,0,17886314496,0
209,1790936015479,4,4,4,4,4,4,4,4,4,4,75.79558563232422,73.93019104003906,73.95381927490234,74.0860595703125,66.99774169921875,75.3041000366211,77.484375,28.571430206298828,38.095237731933594,19.047618865966797,35,15.000000953674316,23.809524536132813,9.090909004211426,0,0,0,14.162903785705566,25769803776,0,17882923008,0
209,1790936015689,4,4,4,4,4,4,4,4,4,4,75.79558563232422,73.93019104003906,73.95381927490234,74.0860595703125,66.99774169921875,75.3041000366211,77.484375,42.85714340209961,65,5,4.761904716491699,9.090909004211426,9.090909004211426,0,9.523809432983398,0,0,14.163238525390625,25769803776,0,17891131392,0
209,1790936015899,4,4,4,4,4,4,4,4,4,4,75.79558563232422,73.93019104003906,73.95381927490234,74.0860595703125,66.99774169921875,75.3041000366211,77.484375,75,22.72727394104004,9.523809432983398,9.090909004211426,0,0,0,4.761904716491699,0,0,14.163238525390625,25769803776,0,17891147776,0
205,1790936016109,4,4,4,4,4,4,4,4,4,4,75.74954986572266,74.03470611572266,73.79444122314453,74.05392456054688,66.69710540771484,75.26728820800781,77.484375,68.18181610107422,42.85714340209961,19.047618865966797,5,5,5,0,9.090909004211426,0,0,14.163238525390625,25769803776,0,17891393536,0
202,1790936016314,4,4,4,4,4,4,4,4,4,4,75.74954986572266,74.03470611572266,73.79444122314453,74.05392456054688,66.69710540771484,75.26728820800781,77.484375,75,15.000000953674316,9.523809432983398,10,14.285715103149414,5,0,0,0,0,14.163238525390625,25769803776,0,17890082816,0
209,1790936016517,4,4,4,4,4,4,4,4,4,4,75.74954986572266,74.03470611572266,73.79444122314453,74.05392456054688,66.69710540771484,75.26728820800781,77.484375,42.105262756347656,40,35,14.285715103149414,9.523809432983398,9.523809432983398,5,0,4.761904716491699,0,14.163238525390625,25769803776,0,17883627520,0
209,1790936016727,4,4,4,4,4,4,4,4,4,4,75.74954986572266,74.03470611572266,73.79444122314453,74.05392456054688,66.69710540771484,75.26728820800781,77.484375,63.6363639831543,47.619049072265625,14.285715103149414,9.523809432983398,5,5,0,9.090909004211426,0,0,14.188213348388672,25769803776,0,17891590144,0
209,1790936016937,4,4,4,4,4,4,4,4,4,4,75.74954986572266,74.03470611572266,73.79444122314453,74.05392456054688,66.69710540771484,75.26728820800781,77.484375,71.42857360839844,28.571430206298828,9.523809432983398,0,0,0,0,5,0,0,14.188213348388672,25769803776,0,17891590144,0
204,1790936017147,4,4,4,4,4,4,4,4,4,4,75.7632064819336,73.9845199584961,73.85637664794922,74.02640533447266,66.82244873046875,75.28807830810547,77.484375,38.095237731933594,30.000001907348633,19.047618865966797,5,9.523809432983398,50,4.545454502105713,9.090909004211426,0,0,14.188213348388672,25769803776,0,17891590144,0
209,1790936017351,4,4,4,4,4,4,4,4,4,4,75.7632064819336,73.9845199584961,73.85637664794922,74.02640533447266,66.82244873046875,75.28807830810547,77.484375,25,33.333335876464844,25,47.619049072265625,19.047618865966797,25,0,5,0,0,14.188213348388672,25769803776,0,17884430336,0
209,1790936017561,4,4,4,4,4,4,4,4,4,4,75.7632064819336,73.9845199584961,73.85637664794922,74.02640533447266,66.82244873046875,75.28807830810547,77.484375,40,61.904762268066406,9.523809432983398,4.761904716491699,0,0,0,9.523809432983398,0,0,14.041210174560547,25769803776,0,17891393536,0
203,1790936017771,4,4,4,4,4,4,4,4,4,4,75.7632064819336,73.9845199584961,73.85637664794922,74.02640533447266,66.82244873046875,75.28807830810547,77.484375,77.2727279663086,27.272727966308594,14.285715103149414,4.761904716491699,4.761904716491699,9.090909004211426,4.545454502105713,4.761904716491699,0,0,14.041210174560547,25769803776,0,17891999744,0
209,1790936017974,4,4,4,4,4,4,4,4,4,4,75.7632064819336,73.9845199584961,73.85637664794922,74.02640533447266,66.82244873046875,75.28807830810547,77.484375,75,15.789472579956055,10,5,0,0,0,5,4.545454502105713,0,14.041210174560547,25769803776,0,17891852288,0
209,1790936018184,4,4,4,4,4,4,4,4,4,4,75.7288589477539,73.87560272216797,73.83609008789063,74.01050567626953,66.80589294433594,75.27015686035156,77.484375,33.333335876464844,76.19047546386719,18.18181800842285,14.285715103149414,9.523809432983398,10,0,9.523809432983398,4.761904716491699,0,14.041210174560547,25769803776,0,17892147200,0
209,1790936018394,4,4,4,4,4,4,4,4,4,4,75.7288589477539,73.87560272216797,73.83609008789063,74.01050567626953,66.80589294433594,75.27015686035156,77.484375,42.85714340209961,42.85714340209961,33.333335876464844,18.18181800842285,14.285715103149414,18.18181800842285,0,4.761904716491699,0,0,14.041210174560547,25769803776,0,17884512256,0
209,1790936018605,4,4,4,4,4,4,4,4,4,4,75.7288589477539,73.87560272216797,73.83609008789063,74.01050567626953,66.80589294433594,75.27015686035156,77.484375,76.19047546386719,25,9.523809432983398,5,9.523809432983398,5,0,9.090909004211426,0,0,14.051641464233398,25769803776,0,17892982784,0
209,1790936018815,4,4,4,4,4,4,4,4,4,4,75.7288589477539,73.87560272216797,73.83609008789063,74.01050567626953,66.80589294433594,75.27015686035156,77.484375,80.95238494873047,18.18181800842285,5,0,0,0,0,4.761904716491699,0,0,14.051641464233398,25769803776,0,17893081088,0
209,1790936019025,4,4,4,4,4,4,4,4,4,4,75.7288589477539,73.86292266845703,73.86083221435547,74.01050567626953,66.86653137207031,75.27015686035156,77.484375,57.142860412597656,40,28.571430206298828,9.523809432983398,9.523809432983398,9.523809432983398,0,5,0,0,14.051641464233398,25769803776,0,17892982784,0
209,1790936019235,4,4,4,4,4,4,4,4,4,4,75.75585174560547,73.86292266845703,73.86083221435547,74.05017852783203,66.86653137207031,75.27859497070313,79.734375,23.809524536132813,45.45454788208008,28.571430206298828,9.523809432983398,27.272727966308594,9.090909004211426,0,9.090909004211426,0,0,14.051641464233398,25769803776,0,17885233152,0
209,1790936019445,4,4,4,4,4,4,4,4,4,4,75.75585174560547,73.86292266845703,73.86083221435547,74.05017852783203,66.86653137207031,75.27859497070313,79.734375,38.095237731933594,71.42857360839844,14.285715103149414,13.636363983154297,5,9.523809432983398,0,4.761904716491699,4.545454502105713,0,14.051641464233398,25769803776,0,17885298688,0
206,1790936019655,4,4,4,4,4,4,4,4,4,4,75.75585174560547,73.86292266845703,73.86083221435547,74.05017852783203,66.86653137207031,75.27859497070313,79.734375,65,42.85714340209961,13.636363983154297,5,9.090909004211426,5,9.090909004211426,0,0,0,14.026002883911133,25769803776,0,17893228544,0
209,1790936019861,4,4,4,4,4,4,4,4,4,4,75.75585174560547,73.86292266845703,73.86083221435547,74.05017852783203,66.86653137207031,75.27859497070313,79.734375,66.66667175292969,25,9.523809432983398,0,0,0,0,9.090909004211426,0,0,14.026002883911133,25769803776,0,17893195776,0
209,1790936020071,4,4,4,4,4,4,4,4,4,4,75.72613525390625,73.81605529785156,73.73564910888672,73.99115753173828,66.67827606201172,75.29127502441406,79.734375,38.095237731933594,71.42857360839844,15.000000953674316,9.523809432983398,4.761904716491699,9.523809432983398,0,5,0,0,14.026002883911133,25769803776,0,17893556224,0
203,1790936020281,4,4,4,4,4,4,4,4,4,4,75.72613525390625,73.81605529785156,73.73564910888672,73.99115753173828,66.67827606201172,75.29127502441406,79.734375,31.81818199157715,33.333335876464844,42.85714340209961,19.047618865966797,30.000001907348633,10,0,9.090909004211426,0,0,14.026002883911133,25769803776,0,17893556224,0
202,1790936020485,4,4,4,4,4,4,4,4,4,4,75.72613525390625,73.81605529785156,73.73564910888672,73.99115753173828,66.67827606201172,75.29127502441406,79.734375,63.15789031982422,35,14.285715103149414,0,0,4.761904716491699,0,0,4.761904716491699,0,14.026002883911133,25769803776,0,17893720064,0
209,1790936020688,4,4,4,4,4,4,4,4,4,4,75.72613525390625,73.81605529785156,73.73564910888672,73.99115753173828,66.67827606201172,75.29127502441406,79.734375,70,35,10.526315689086914,10,13.636363983154297,9.523809432983398,0,5,0,0,14.021881103515625,25769803776,0,17894014976,0
209,1790936020898,4,4,4,4,4,4,4,4,4,4,75.72613525390625,73.81605529785156,73.73564910888672,73.99115753173828,66.67827606201172,75.29127502441406,79.734375,66.66667175292969,38.095237731933594,27.272727966308594,10,5,4.761904716491699,0,9.090909004211426,0,0,14.021881103515625,25769803776,0,17896226816,0
209,1790936021108,4,4,4,4,4,4,4,4,4,4,75.70451354980469,73.83853912353516,73.84815979003906,73.98507690429688,66.86978912353516,75.27432250976563,79.140625,63.6363639831543,19.047618865966797,35,4.761904716491699,9.523809432983398,5,0,5,0,0,14.021881103515625,25769803776,0,17894014976,0
209,1790936021318,4,4,4,4,4,4,4,4,4,4,75.70451354980469,73.83853912353516,73.84815979003906,73.98507690429688,66.86978912353516,75.27432250976563,79.140625,25,52.38095474243164,38.095237731933594,14.285715103149414,9.523809432983398,14.285715103149414,0,9.090909004211426,0,0,14.021881103515625,25769803776,0,17894014976,0
209,1790936021528,4,4,4,4,4,4,4,4,4,4,75.70451354980469,73.83853912353516,73.84815979003906,73.98507690429688,66.86978912353516,75.27432250976563,79.140625,52.38095474243164,52.38095474243164,4.761904716491699,9.090909004211426,9.090909004211426,9.523809432983398,0,5,4.761904716491699,0,14.021881103515625,25769803776,0,17894490112,0
209,1790936021738,4,4,4,4,4,4,4,4,4,4,75.70451354980469,73.83853912353516,73.84815979003906,73.98507690429688,66.86978912353516,75.27432250976563,79.140625,65,33.333335876464844,13.636363983154297,0,0,0,0,9.090909004211426,0,0,14.04234504699707,25769803776,0,17894588416,0
209,1790936021948,4,4,4,4,4,4,4,4,4,4,75.70451354980469,73.83853912353516,73.84815979003906,73.98507690429688,66.86978912353516,75.27432250976563,79.140625,59.09090805053711,47.619049072265625,20,5,4.761904716491699,4.761904716491699,4.545454502105713,5,0,0,14.04234504699707,25769803776,0,17894653952,0
209,1790936022158,4,4,4,4,4,4,4,4,4,4,75.65949249267578,73.7834243774414,73.76580047607422,73.92144012451172,66.74634552001953,75.2400894165039,77.484375,19.047618865966797,42.85714340209961,9.523809432983398,4.761904716491699,40.90909194946289,14.285715103149414,0,9.090909004211426,0,0,14.04234504699707,25769803776,0,17894653952,0
209,1790936022368,4,4,4,4,4,4,4,4,4,4,75.65949249267578,73.7834243774414,73.76580047607422,73.92144012451172,66.74634552001953,75.2400894165039,77.484375,42.85714340209961,47.619049072265625,35,9.523809432983398,9.523809432983398,9.523809432983398,4.545454502105713,5,0,0,14.04234504699707,25769803776,0,17894653952,0
209,1790936022578,4,4,4,4,4,4,4,4,4,4,75.65949249267578,73.7834243774414,73.76580047607422,73.92144012451172,66.74634552001953,75.2400894165039,77.484375,65,61.904762268066406,23.809524536132813,14.285715103149414,10.526315689086914,13.636363983154297,0,4.761904716491699,0,0,13.958200454711914,25769803776,0,17887739904,0
209,1790936022788,4,4,4,4,4,4,4,4,4,4,75.65949249267578,73.7834243774414,73.76580047607422,73.92144012451172,66.74634552001953,75.2400894165039,77.484375,76.19047546386719,23.809524536132813,9.090909004211426,0,0,0,0,9.523809432983398,4.545454502105713,0,13.958200454711914,25769803776,0,17887477760,0
209,1790936022998,4,4,4,4,4,4,4,4,4,4,75.65949249267578,73.7834243774414,73.76580047607422,73.92144012451172,66.74634552001953,75.2400894165039,77.484375,42.85714340209961,60.000003814697266,15.000000953674316,19.047618865966797,9.090909004211426,5,0,4.761904716491699,0,0,13.958200454711914,25769803776,0,17880219648,0
209,1790936023208,4,4,4,4,4,4,4,4,4,4,75.64189147949219,73.83091735839844,73.85427856445313,73.90522766113281,66.89315795898438,75.24420166015625,77.484375,33.333335876464844,47.619049072265625,54.54545593261719,14.285715103149414,19.047618865966797,19.047618865966797,0,9.090909004211426,0,0,13.958200454711914,25769803776,0,17880219648,0
209,1790936023418,4,4,4,4,4,4,4,4,4,4,75.64189147949219,73.83091735839844,73.85427856445313,73.90522766113281,66.89315795898438,75.24420166015625,77.484375,47.619049072265625,45.45454788208008,19.047618865966797,9.090909004211426,0,0,0,5,0,0,13.958200454711914,25769803776,0,17880219648,0
209,1790936023628,4,4,4,4,4,4,4,4,4,4,75.64189147949219,73.83091735839844,73.85427856445313,73.90522766113281,66.89315795898438,75.24420166015625,77.484375,71.42857360839844,30.000001907348633,10,0,9.090909004211426,9.090909004211426,0,9.090909004211426,0,0,14.040182113647461,25769803776,0,17887641600,0
209,1790936023838,4,4,4,4,4,4,4,4,4,4,75.64189147949219,73.83091735839844,73.85427856445313,73.90522766113281,66.89315795898438,75.24420166015625,77.484375,66.66667175292969,38.095237731933594,19.047618865966797,13.043478012084961,4.761904716491699,4.761904716491699,0,5,0,0,14.040182113647461,25769803776,0,17888165888,0
209,1790936024048,4,4,4,4,4,4,4,4,4,4,75.66976928710938,73.76579284667969,73.7853012084961,73.9144058227539,66.80585479736328,75.25209045410156,79.734375,57.142860412597656,28.571430206298828,9.523809432983398,5,5,25,0,9.090909004211426,4.545454502105713,0,14.040182113647461,25769803776,0,17884069888,0
209,1790936024258,4,4,4,4,4,4,4,4,4,4,75.66976928710938,73.76579284667969,73.7853012084961,73.9144058227539,66.80585479736328,75.25209045410156,79.734375,38.095237731933594,47.619049072265625,27.272727966308594,14.285715103149414,13.636363983154297,19.047618865966797,0,5,0,0,14.040182113647461,25769803776,0,17880563712,0
203,1790936024468,4,4,4,4,4,4,4,4,4,4,75.66976928710938,73.76579284667969,73.7853012084961,73.9144058227539,66.80585479736328,75.25209045410156,79.734375,70,33.333335876464844,5,9.523809432983398,5,19.047618865966797,0,9.090909004211426,0,4.545454502105713,14.040182113647461,25769803776,0,17880563712,0
209,1790936024671,4,4,4,4,4,4,4,4,4,4,75.66976928710938,73.76579284667969,73.7853012084961,73.9144058227539,66.80585479736328,75.25209045410156,79.734375,70,21.052631378173828,10,0,0,0,9.523809432983398,0,0,0,13.92041015625,25769803776,0,17890361344,0
203,1790936024881,4,4,4,4,4,4,4,4,4,4,75.66976928710938,73.76579284667969,73.7853012084961,73.9144058227539,66.80585479736328,75.25209045410156,79.734375,66.66667175292969,36.3636360168457,27.272727966308594,9.523809432983398,13.043478012084961,5,0,0,0,0,13.92041015625,25769803776,0,17888722944,0
209,1790936025085,4,4,4,4,4,4,4,4,4,4,75.61241149902344,73.84616088867188,73.61990356445313,73.90602111816406,66.51185607910156,75.22012329101563,81.03125,23.809524536132813,61.904762268066406,25,15.000000953674316,10.526315689086914,9.523809432983398,0,5,0,0,13.92041015625,25769803776,0,17881497600,0
209,1790936025295,4,4,4,4,4,4,4,4,4,4,75.61241149902344,73.84616088867188,73.61990356445313,73.90602111816406,66.51185607910156,75.22012329101563,81.03125,42.85714340209961,70,9.523809432983398,9.090909004211426,9.090909004211426,9.523809432983398,0,9.523809432983398,0,0,13.92041015625,25769803776,0,17881055232,0
209,1790936025505,4,4,4,4,4,4,4,4,4,4,75.61241149902344,73.84616088867188,73.61990356445313,73.90602111816406,66.51185607910156,75.22012329101563,81.03125,66.66667175292969,38.095237731933594,10,9.523809432983398,5,4.761904716491699,0,4.761904716491699,4.545454502105713,0,13.92041015625,25769803776,0,17889017856,0
209,1790936025715,4,4,4,4,4,4,4,4,4,4,75.61241149902344,73.84616088867188,73.61990356445313,73.90602111816406,66.51185607910156,75.22012329101563,81.03125,70,23.809524536132813,13.636363983154297,0,0,0,4.545454502105713,9.090909004211426,0,0,13.957428932189941,25769803776,0,17889165312,0
204,1790936025925,4,4,4,4,4,4,4,4,4,4,75.61241149902344,73.84616088867188,73.61990356445313,73.90602111816406,66.51185607910156,75.22012329101563,81.03125,59.09090805053711,54.54545593261719,19.047618865966797,5,9.523809432983398,9.523809432983398,0,5,4.545454502105713,0,13.957428932189941,25769803776,0,17881743360,0
209,1790936026129,4,4,4,4,4,4,4,4,4,4,75.59550476074219,73.8156509399414,73.66559600830078,73.90259552001953,66.59510803222656,75.22378540039063,79.265625,20,47.36842346191406,45,25,15.000000953674316,10,4.761904716491699,0,0,0,13.957428932189941,25769803776,0,17882628096,0
203,1790936026339,4,4,4,4,4,4,4,4,4,4,75.59550476074219,73.8156509399414,73.66559600830078,73.90259552001953,66.59510803222656,75.22378540039063,79.265625,47.619049072265625,57.142860412597656,4.761904716491699,0,4.545454502105713,4.545454502105713,5,0,0,0,13.957428932189941,25769803776,0,17889542144,0
209,1790936026543,4,4,4,4,4,4,4,4,4,4,75.59550476074219,73.8156509399414,73.66559600830078,73.90259552001953,66.59510803222656,75.22378540039063,79.265625,75,25,19.047618865966797,9.523809432983398,5.263157844543457,5.263157844543457,4.761904716491699,9.523809432983398,0,0,13.929088592529297,25769803776,0,17889755136,0
209,1790936026753,4,4,4,4,4,4,4,4,4,4,75.59550476074219,73.8156509399414,73.66559600830078,73.90259552001953,66.59510803222656,75.22378540039063,79.265625,71.42857360839844,36.3636360168457,20,9.523809432983398,9.090909004211426,13.636363983154297,0,4.761904716491699,0,0,13.929088592529297,25769803776,0,17889886208,0
203,1790936026963,4,4,4,4,4,4,4,4,4,4,75.59550476074219,73.8156509399414,73.66559600830078,73.90259552001953,66.59510803222656,75.22378540039063,79.265625,33.333335876464844,15.000000953674316,40.90909194946289,4.761904716491699,14.285715103149414,28.571430206298828,0,5,0,0,13.929088592529297,25769803776,0,17885560832,0
209,1790936027166,4,4,4,4,4,4,4,4,4,4,75.56771087646484,73.81317901611328,73.56031036376953,73.89453125,66.41227722167969,75.2012939453125,80.203125,40,30.000001907348633,25,35,14.285715103149414,5,0,9.523809432983398,0,0,13.929088592529297,25769803776,0,17881841664,0
203,1790936027376,4,4,4,4,4,4,4,4,4,4,75.56771087646484,73.81317901611328,73.56031036376953,73.89453125,66.41227722167969,75.2012939453125,80.203125,52.38095474243164,52.38095474243164,10,14.285715103149414,5,9.523809432983398,4.545454502105713,4.761904716491699,0,0,13.929088592529297,25769803776,0,17889705984,0
202,1790936027580,4,4,4,4,4,4,4,4,4,4,75.56771087646484,73.81317901611328,73.56031036376953,73.89453125,66.41227722167969,75.2012939453125,80.203125,66.66667175292969,25,9.523809432983398,0,0,0,5,0,0,0,13.980866432189941,25769803776,0,17890033664,0
209,1790936027783,4,4,4,4,4,4,4,4,4,4,75.56771087646484,73.81317901611328,73.56031036376953,73.89453125,66.41227722167969,75.2012939453125,80.203125,65,45,15.000000953674316,5,5,5,0,9.523809432983398,4.761904716491699,0,13.980866432189941,25769803776,0,17890443264,0
203,1790936027993,4,4,4,4,4,4,4,4,4,4,75.56771087646484,73.81317901611328,73.56031036376953,73.89453125,66.41227722167969,75.2012939453125,80.203125,19.047618865966797,45.45454788208008,19.047618865966797,18.18181800842285,31.81818199157715,9.523809432983398,0,4.761904716491699,0,0,13.980866432189941,25769803776,0,17890443264,0
209,1790936028196,4,4,4,4,4,4,4,4,4,4,75.57093811035156,73.76515197753906,73.57965850830078,73.87519836425781,66.53021240234375,75.21357727050781,78.796875,65,25,28.571430206298828,10,15.000000953674316,9.523809432983398,0,0,0,0,13.980866432189941,25769803776,0,17890443264,0
209,1790936028406,4,4,4,4,4,4,4,4,4,4,75.57093811035156,73.76515197753906,73.57965850830078,73.87519836425781,66.53021240234375,75.21357727050781,78.796875,85.71428680419922,23.809524536132813,14.285715103149414,4.761904716491699,4.761904716491699,9.523809432983398,4.761904716491699,9.523809432983398,0,0,13.980866432189941,25769803776,0,17890443264,0
209,1790936028616,4,4,4,4,4,4,4,4,4,4,75.57093811035156,73.76515197753906,73.57965850830078,73.87519836425781,66.53021240234375,75.21357727050781,78.796875,76.19047546386719,19.047618865966797,5,0,0,0,0,4.761904716491699,0,0,13.884521484375,25769803776,0,17890443264,0
209,1790936028826,4,4,4,4,4,4,4,4,4,4,75.57093811035156,73.76515197753906,73.57965850830078,73.87519836425781,66.53021240234375,75.21357727050781,78.796875,71.42857360839844,47.619049072265625,23.809524536132813,14.285715103149414,17.39130401611328,9.523809432983398,0,9.523809432983398,0,0,13.884521484375,25769803776,0,17882873856,0
209,1790936029036,4,4,4,4,4,4,4,4,4,4,75.53813934326172,73.69290161132813,73.5943603515625,73.86419677734375,66.5387191772461,75.1961441040039,77.484375,20,40,20,31.81818199157715,14.285715103149414,25,0,4.761904716491699,4.761904716491699,0,13.884521484375,25769803776,0,17883807744,0
209,1790936029246,4,4,4,4,4,4,4,4,4,4,75.53813934326172,73.69290161132813,73.5943603515625,73.86419677734375,66.5387191772461,75.1961441040039,77.484375,72.7272720336914,40.90909194946289,13.636363983154297,5,5,4.761904716491699,0,4.761904716491699,0,0,13.884521484375,25769803776,0,17882988544,0
209,1790936029456,4,4,4,4,4,4,4,4,4,4,75.53813934326172,73.69290161132813,73.5943603515625,73.86419677734375,66.5387191772461,75.1961441040039,77.484375,75,19.047618865966797,4.761904716491699,0,0,0,4.761904716491699,5,0,0,13.884521484375,25769803776,0,17882988544,0
209,1790936029666,4,4,4,4,4,4,4,4,4,4,75.53813934326172,73.69290161132813,73.5943603515625,73.86419677734375,66.5387191772461,75.1961441040039,77.484375,61.904762268066406,42.85714340209961,20,9.523809432983398,4.761904716491699,9.090909004211426,0,9.090909004211426,0,0,13.969968795776367,25769803776,0,17882988544,0
209,1790936029876,4,4,4,4,4,4,4,4,4,4,75.53813934326172,73.69290161132813,73.5943603515625,73.86419677734375,66.5387191772461,75.1961441040039,77.484375,31.81818199157715,50,30.434782028198242,4.761904716491699,14.285715103149414,9.523809432983398,0,5,4.545454502105713,0,13.969968795776367,25769803776,0,17887297536,0
209,1790936030086,4,4,4,4,4,4,4,4,4,4,75.53632354736328,73.66981506347656,73.67054748535156,73.85223388671875,66.68306732177734,75.18773651123047,77.484375,40,57.142860412597656,15.000000953674316,14.285715103149414,19.047618865966797,9.523809432983398,0,4.761904716491699,0,0,13.969968795776367,25769803776,0,17883709440,0
206,1790936030296,4,4,4,4,4,4,4,4,4,4,75.53632354736328,73.66981506347656,73.67054748535156,73.85223388671875,66.68306732177734,75.18773651123047,77.484375,45,63.6363639831543,14.285715103149414,10,5,5,4.545454502105713,9.523809432983398,0,0,13.969968795776367,25769803776,0,17892196352,0
209,1790936030503,4,4,4,4,4,4,4,4,4,4,75.53632354736328,73.66981506347656,73.67054748535156,73.85223388671875,66.68306732177734,75.18773651123047,77.484375,68.18181610107422,25,14.285715103149414,4.761904716491699,0,0,0,4.761904716491699,0,0,13.969968795776367,25769803776,0,17892163584,0
209,1790936030713,4,4,4,4,4,4,4,4,4,4,75.53632354736328,73.66981506347656,73.67054748535156,73.85223388671875,66.68306732177734,75.18773651123047,77.484375,60.000003814697266,35,25,14.285715103149414,13.636363983154297,4.761904716491699,0,9.523809432983398,0,0,13.876972198486328,25769803776,0,17892311040,0
209,1790936030923,4,4,4,4,4,4,4,4,4,4,75.53632354736328,73.66981506347656,73.67054748535156,73.85223388671875,66.68306732177734,75.18773651123047,77.484375,47.619049072265625,42.85714340209961,23.809524536132813,14.285715103149414,19.047618865966797,14.285715103149414,0,4.761904716491699,0,0,13.876972198486328,25769803776,0,17887412224,0
209,1790936031133,4,4,4,4,4,4,4,4,4,4,75.541259765625,73.6758804321289,73.59947967529297,73.85467529296875,66.5457534790039,75.17793273925781,77.484375,50,52.38095474243164,13.636363983154297,4.761904716491699,0,4.761904716491699,9.523809432983398,4.761904716491699,0,0,13.876972198486328,25769803776,0,17884381184,0
209,1790936031343,4,4,4,4,4,4,4,4,4,4,75.541259765625,73.6758804321289,73.59947967529297,73.85467529296875,66.5457534790039,75.17793273925781,77.484375,80,23.809524536132813,10,9.523809432983398,9.090909004211426,9.090909004211426,0,4.761904716491699,0,0,13.876972198486328,25769803776,0,17892589568,0
209,1790936031553,4,4,4,4,4,4,4,4,4,4,75.541259765625,73.6758804321289,73.59947967529297,73.85467529296875,66.5457534790039,75.17793273925781,77.484375,71.42857360839844,23.809524536132813,9.523809432983398,0,0,0,0,4.761904716491699,4.545454502105713,0,13.978440284729004,25769803776,0,17892556800,0
209,1790936031763,4,4,4,4,4,4,4,4,4,4,75.541259765625,73.6758804321289,73.59947967529297,73.85467529296875,66.5457534790039,75.17793273925781,77.484375,61.904762268066406,50,23.809524536132813,14.285715103149414,14.285715103149414,10,0,9.523809432983398,0,0,13.978440284729004,25769803776,0,17892556800,0
209,1790936031973,4,4,4,4,4,4,4,4,4,4,75.541259765625,73.6758804321289,73.59947967529297,73.85467529296875,66.5457534790039,75.17793273925781,77.484375,23.809524536132813,45,35,9.523809432983398,13.636363983154297,23.809524536132813,0,4.761904716491699,4.761904716491699,0,13.978440284729004,25769803776,0,17887313920,0
209,1790936032183,4,4,4,4,4,4,4,4,4,4,75.54816436767578,73.73040008544922,73.5582275390625,73.8375473022461,66.51451110839844,75.17272186279297,77.484375,57.142860412597656,55,13.636363983154297,5,5,9.523809432983398,0,9.090909004211426,0,0,13.978440284729004,25769803776,0,17895145472,0
209,1790936032393,4,4,4,4,4,4,4,4,4,4,75.54816436767578,73.73040008544922,73.5582275390625,73.8375473022461,66.51451110839844,75.17272186279297,77.484375,66.66667175292969,27.272727966308594,9.523809432983398,8.69565200805664,9.090909004211426,0,0,0,0,0,13.978440284729004,25769803776,0,17893376000,0
209,1790936032603,4,4,4,4,4,4,4,4,4,4,75.54816436767578,73.73040008544922,73.5582275390625,73.8375473022461,66.51451110839844,75.17272186279297,77.484375,57.142860412597656,38.095237731933594,33.333335876464844,10.526315689086914,4.761904716491699,9.090909004211426,0,4.761904716491699,0,0,13.852662086486816,25769803776,0,17893539840,0
209,1790936032813,4,4,4,4,4,4,4,4,4,4,75.54816436767578,73.73040008544922,73.5582275390625,73.8375473022461,66.51451110839844,75.17272186279297,77.484375,33.333335876464844,42.85714340209961,5,13.636363983154297,5,30.000001907348633,0,9.523809432983398,0,0,13.852662086486816,25769803776,0,17890066432,0
209,1790936033023,4,4,4,4,4,4,4,4,4,4,75.54816436767578,73.64154052734375,73.5079574584961,73.8375473022461,66.51451110839844,75.17272186279297,77.484375,42.85714340209961,42.85714340209961,18.18181800842285,14.285715103149414,27.272727966308594,9.523809432983398,4.545454502105713,4.761904716491699,4.761904716491699,0,13.852662086486816,25769803776,0,17885872128,0
209,1790936033233,4,4,4,4,4,4,4,4,4,4,75.48381042480469,73.64154052734375,73.5079574584961,73.82762908935547,66.43695831298828,75.12391662597656,77.484375,76.19047546386719,30.000001907348633,10,4.761904716491699,5,9.523809432983398,4.545454502105713,4.761904716491699,0,4.545454502105713,13.852662086486816,25769803776,0,17893965824,0
209,1790936033443,4,4,4,4,4,4,4,4,4,4,75.48381042480469,73.64154052734375,73.5079574584961,73.82762908935547,66.43695831298828,75.12391662597656,77.484375,80,19.047618865966797,9.090909004211426,0,0,0,0,9.090909004211426,0,0,13.852662086486816,25769803776,0,17893965824,0
209,1790936033653,4,4,4,4,4,4,4,4,4,4,75.48381042480469,73.64154052734375,73.5079574584961,73.82762908935547,66.43695831298828,75.12391662597656,77.484375,45.45454788208008,61.904762268066406,19.047618865966797,5,9.523809432983398,4.761904716491699,0,5,0,0,13.921948432922363,25769803776,0,17893965824,0
209,1790936033863,4,4,4,4,4,4,4,4,4,4,75.48381042480469,73.64154052734375,73.5079574584961,73.82762908935547,66.43695831298828,75.12391662597656,77.484375,28.571430206298828,38.095237731933594,45,27.272727966308594,13.636363983154297,23.809524536132813,0,4.761904716491699,0,0,13.921948432922363,25769803776,0,17893965824,0
209,1790936034073,4,4,4,4,4,4,4,4,4,4,75.48064422607422,73.64350128173828,73.5676498413086,73.83026885986328,66.55750274658203,75.1222152709961,77.953125,57.142860412597656,47.619049072265625,13.636363983154297,4.761904716491699,4.761904716491699,0,0,4.761904716491699,0,0,13.921948432922363,25769803776,0,17886691328,0
209,1790936034283,4,4,4,4,4,4,4,4,4,4,75.48064422607422,73.64350128173828,73.5676498413086,73.83026885986328,66.55750274658203,75.1222152709961,77.953125,70,31.81818199157715,10,5,4.761904716491699,13.636363983154297,0,9.090909004211426,0,0,13.921948432922363,25769803776,0,17894604800,0
209,1790936034494,4,4,4,4,4,4,4,4,4,4,75.48064422607422,73.64350128173828,73.5676498413086,73.83026885986328,66.55750274658203,75.1222152709961,77.953125,68.18181610107422,30.000001907348633,19.047618865966797,0,0,0,0,0,4.545454502105713,9.090909004211426,13.921948432922363,25769803776,0,17888264192,0
209,1790936034704,4,4,4,4,4,4,4,4,4,4,75.48064422607422,73.64350128173828,73.5676498413086,73.83026885986328,66.55750274658203,75.1222152709961,77.953125,35,52.38095474243164,14.285715103149414,18.18181800842285,14.285715103149414,38.095237731933594,0,4.761904716491699,0,0,13.912079811096191,25769803776,0,17888264192,0
209,1790936034914,4,4,4,4,4,4,4,4,4,4,75.48064422607422,73.64350128173828,73.5676498413086,73.83026885986328,66.55750274658203,75.1222152709961,77.953125,38.095237731933594,36.3636360168457,23.809524536132813,33.333335876464844,18.18181800842285,10,4.761904716491699,9.090909004211426,0,0,13.912079811096191,25769803776,0,17888264192,0
209,1790936035124,4,4,4,4,4,4,4,4,4,4,75.52993774414063,73.55393981933594,73.37451171875,73.9557113647461,66.25506591796875,75.120361328125,87.5,47.619049072265625,21.052631378173828,42.85714340209961,9.523809432983398,5,9.090909004211426,4.545454502105713,5,0,0,13.912079811096191,25769803776,0,17888903168,0
209,1790936035334,4,4,4,4,4,4,4,4,4,4,75.52993774414063,73.55393981933594,73.37451171875,73.9557113647461,66.25506591796875,75.120361328125,87.5,76.19047546386719,27.272727966308594,4.761904716491699,0,0,0,0,9.090909004211426,0,0,13.912079811096191,25769803776,0,17888952320,0
209,1790936035544,4,4,4,4,4,4,4,4,4,4,75.52993774414063,73.55393981933594,73.37451171875,73.9557113647461,66.25506591796875,75.120361328125,87.5,57.142860412597656,40,23.809524536132813,4.761904716491699,4.761904716491699,9.523809432983398,0,0,0,0,13.891444206237793,25769803776,0,17888903168,0
209,1790936035754,4,4,4,4,4,4,4,4,4,4,75.52993774414063,73.55393981933594,73.37451171875,73.9557113647461,66.25506591796875,75.120361328125,87.5,52.38095474243164,14.285715103149414,14.285715103149414,42.85714340209961,9.523809432983398,4.761904716491699,0,9.090909004211426,0,0,13.891444206237793,25769803776,0,17885364224,0
209,1790936035964,4,4,4,4,4,4,4,4,4,4,75.52993774414063,73.55393981933594,73.37451171875,73.9557113647461,66.25506591796875,75.120361328125,87.5,40,40.90909194946289,27.272727966308594,28.571430206298828,13.636363983154297,9.523809432983398,0,4.761904716491699,0,0,13.891444206237793,25769803776,0,17885364224,0
206,1790936036174,4,4,4,4,4,4,4,4,4,4,75.47051239013672,73.58695983886719,73.58556365966797,73.80825805664063,66.59600067138672,75.04728698730469,78.671875,85.71428680419922,23.809524536132813,10,5,5,5,0,0,4.545454502105713,4.545454502105713,13.891444206237793,25769803776,0,17889263616,0
209,1790936036380,4,4,4,4,4,4,4,4,4,4,75.47051239013672,73.58695983886719,73.58556365966797,73.80825805664063,66.59600067138672,75.04728698730469,78.671875,66.66667175292969,20,14.285715103149414,0,0,0,0,9.523809432983398,0,0,13.891444206237793,25769803776,0,17889296384,0
209,1790936036590,4,4,4,4,4,4,4,4,4,4,75.47051239013672,73.58695983886719,73.58556365966797,73.80825805664063,66.59600067138672,75.04728698730469,78.671875,47.619049072265625,60.000003814697266,19.047618865966797,10,5,13.636363983154297,0,5,0,0,13.903178215026855,25769803776,0,17889329152,0
209,1790936036800,4,4,4,4,4,4,4,4,4,4,75.47051239013672,73.58695983886719,73.58556365966797,73.80825805664063,66.59600067138672,75.04728698730469,78.671875,38.095237731933594,68.18181610107422,25,36.3636360168457,40.90909194946289,30.000001907348633,0,9.090909004211426,0,0,13.903178215026855,25769803776,0,17889329152,0
209,1790936037010,4,4,4,4,4,4,4,4,4,4,75.47051239013672,73.58695983886719,73.58556365966797,73.80825805664063,66.59600067138672,75.04728698730469,78.671875,28.571430206298828,28.571430206298828,9.523809432983398,38.095237731933594,0,0,4.545454502105713,4.761904716491699,0,0,13.903178215026855,25769803776,0,17889329152,0
209,1790936037220,4,4,4,4,4,4,4,4,4,4,75.44346618652344,73.58238983154297,73.48616790771484,73.78856658935547,66.41273498535156,75.0545654296875,77.484375,70,40,23.809524536132813,14.285715103149414,5,13.636363983154297,4.761904716491699,9.523809432983398,4.761904716491699,0,13.903178215026855,25769803776,0,17890426880,0
202,1790936037430,4,4,4,4,4,4,4,4,4,4,75.44346618652344,73.58238983154297,73.48616790771484,73.78856658935547,66.41273498535156,75.0545654296875,77.484375,63.6363639831543,38.095237731933594,19.047618865966797,0,0,0,0,4.761904716491699,0,0,13.903178215026855,25769803776,0,17890295808,0
209,1790936037633,4,4,4,4,4,4,4,4,4,4,75.44346618652344,73.58238983154297,73.48616790771484,73.78856658935547,66.41273498535156,75.0545654296875,77.484375,68.42105102539063,52.38095474243164,20,19.047618865966797,14.285715103149414,10,35,15.000000953674316,0,0,13.883055686950684,25769803776,0,17886789632,0
209,1790936037843,4,4,4,4,4,4,4,4,4,4,75.44346618652344,73.58238983154297,73.48616790771484,73.78856658935547,66.41273498535156,75.0545654296875,77.484375,33.333335876464844,38.095237731933594,36.3636360168457,33.333335876464844,9.523809432983398,14.285715103149414,0,4.761904716491699,4.545454502105713,0,13.883055686950684,25769803776,0,17883594752,0
209,1790936038053,4,4,4,4,4,4,4,4,4,4,75.5635986328125,74.34203338623047,73.9708480834961,73.87787628173828,66.96121215820313,75.2247314453125,82.90625,85.71428680419922,23.809524536132813,14.285715103149414,9.523809432983398,9.523809432983398,9.523809432983398,0,4.761904716491699,0,0,13.883055686950684,25769803776,0,17891966976,0
209,1790936038263,4,4,4,4,4,4,4,4,4,4,75.5635986328125,74.34203338623047,73.9708480834961,73.87787628173828,66.96121215820313,75.2247314453125,82.90625,76.19047546386719,19.047618865966797,14.285715103149414,4.761904716491699,0,0,4.761904716491699,9.523809432983398,0,0,13.883055686950684,25769803776,0,17891835904,0
209,1790936038473,4,4,4,4,4,4,4,4,4,4,75.5635986328125,74.34203338623047,73.9708480834961,73.87787628173828,66.96121215820313,75.2247314453125,82.90625,66.66667175292969,38.095237731933594,10,9.523809432983398,13.043478012084961,14.285715103149414,0,4.761904716491699,0,0,13.883055686950684,25769803776,0,17892442112,0
209,1790936038683,4,4,4,4,4,4,4,4,4,4,75.5635986328125,74.34203338623047,73.9708480834961,73.87787628173828,66.96121215820313,75.2247314453125,82.90625,47.619049072265625,15.000000953674316,23.809524536132813,42.85714340209961,5,5,0,9.523809432983398,0,0,14.203725814819336,25769803776,0,17884397568,0
205,1790936038893,4,4,4,4,4,4,4,4,4,4,75.5635986328125,74.34203338623047,73.9708480834961,73.87787628173828,66.96121215820313,75.2247314453125,82.90625,63.6363639831543,45.45454788208008,22.72727394104004,15.000000953674316,19.047618865966797,14.285715103149414,0,4.761904716491699,0,0,14.203725814819336,25769803776,0,17891262464,0
209,1790936039099,4,4,4,4,4,4,4,4,4,4,75.44856262207031,73.55213928222656,73.4640121459961,73.78004455566406,66.3831787109375,75.02766418457031,77.484375,80,21.052631378173828,5.263157844543457,9.523809432983398,9.523809432983398,9.523809432983398,4.761904716491699,9.523809432983398,4.761904716491699,0,14.203725814819336,25769803776,0,17899388928,0
209,1790936039309,4,4,4,4,4,4,4,4,4,4,75.44856262207031,73.55213928222656,73.4640121459961,73.78004455566406,66.3831787109375,75.02766418457031,77.484375,70,27.272727966308594,9.523809432983398,0,0,0,0,4.761904716491699,0,0,14.203725814819336,25769803776,0,17899077632,0
209,1790936039519,4,4,4,4,4,4,4,4,4,4,75.44856262207031,73.55213928222656,73.4640121459961,73.78004455566406,66.3831787109375,75.02766418457031,77.484375,27.272727966308594,38.095237731933594,31.81818199157715,4.761904716491699,38.095237731933594,5,0,9.523809432983398,0,0,14.203725814819336,25769803776,0,17899487232,0
209,1790936039729,4,4,4,4,4,4,4,4,4,4,75.44856262207031,73.55213928222656,73.4640121459961,73.78004455566406,66.3831787109375,75.02766418457031,77.484375,61.904762268066406,28.571430206298828,19.047618865966797,31.81818199157715,15.000000953674316,22.72727394104004,0,4.761904716491699,0,0,13.609321594238281,25769803776,0,17899487232,0
204,1790936039939,4,4,4,4,4,4,4,4,4,4,75.44856262207031,73.55213928222656,73.4640121459961,73.78004455566406,66.3831787109375,75.02766418457031,77.484375,75,30.000001907348633,0,0,4.545454502105713,0,0,9.523809432983398,0,0,13.609321594238281,25769803776,0,17899487232,0
209,1790936040144,4,4,4,4,4,4,4,4,4,4,75.46648406982422,73.58598327636719,73.59184265136719,73.78369903564453,66.60662078857422,75.0765609741211,77.484375,71.42857360839844,33.333335876464844,14.285715103149414,5.263157844543457,9.523809432983398,10,0,0,0,0,13.609321594238281,25769803776,0,17899487232,0
209,1790936040354,4,4,4,4,4,4,4,4,4,4,75.46648406982422,73.58598327636719,73.59184265136719,73.78369903564453,66.60662078857422,75.0765609741211,77.484375,60.000003814697266,45,23.809524536132813,9.090909004211426,5,4.761904716491699,0,4.761904716491699,0,0,13.609321594238281,25769803776,0,17902026752,0
203,1790936040564,4,4,4,4,4,4,4,4,4,4,75.46648406982422,73.58598327636719,73.59184265136719,73.78369903564453,66.60662078857422,75.0765609741211,77.484375,36.3636360168457,47.619049072265625,15.000000953674316,28.571430206298828,4.761904716491699,9.523809432983398,0,4.761904716491699,4.545454502105713,0,14.089847564697266,25769803776,0,17895964672,0
202,1790936040767,4,4,4,4,4,4,4,4,4,4,75.46648406982422,73.58598327636719,73.59184265136719,73.78369903564453,66.60662078857422,75.0765609741211,77.484375,26.3157901763916,38.095237731933594,42.85714340209961,19.047618865966797,14.285715103149414,14.285715103149414,0,5,4.761904716491699,0,14.089847564697266,25769803776,0,17892343808,0
209,1790936040970,4,4,4,4,4,4,4,4,4,4,75.46648406982422,73.58598327636719,73.59184265136719,73.78369903564453,66.60662078857422,75.0765609741211,77.484375,80.95238494873047,20,14.285715103149414,5.263157844543457,9.523809432983398,15.000000953674316,4.761904716491699,10,0,0,14.089847564697266,25769803776,0,17900650496,0
203,1790936041180,4,4,4,4,4,4,4,4,4,4,75.40194702148438,73.5317153930664,73.43017578125,73.73304748535156,66.36514282226563,74.98502349853516,79.015625,71.42857360839844,28.571430206298828,5,4.761904716491699,0,0,4.545454502105713,4.761904716491699,0,0,14.089847564697266,25769803776,0,17900650496,0
209,1790936041384,4,4,4,4,4,4,4,4,4,4,75.40194702148438,73.5317153930664,73.43017578125,73.73304748535156,66.36514282226563,74.98502349853516,79.015625,60.000003814697266,42.85714340209961,20,9.523809432983398,5.263157844543457,5,0,9.523809432983398,0,0,14.089847564697266,25769803776,0,17900961792,0
209,1790936041594,4,4,4,4,4,4,4,4,4,4,75.40194702148438,73.5317153930664,73.43017578125,73.73304748535156,66.36514282226563,74.98502349853516,79.015625,25,75,13.636363983154297,10,9.090909004211426,4.761904716491699,0,5,0,0,13.826909065246582,25769803776,0,17897504768,0
209,1790936041804,4,4,4,4,4,4,4,4,4,4,75.40194702148438,73.5317153930664,73.43017578125,73.73304748535156,66.36514282226563,74.98502349853516,79.015625,38.095237731933594,45.45454788208008,33.333335876464844,19.047618865966797,10,13.636363983154297,0,9.090909004211426,0,0,13.826909065246582,25769803776,0,17897504768,0
209,1790936042014,4,4,4,4,4,4,4,4,4,4,75.40194702148438,73.5317153930664,73.43017578125,73.73304748535156,66.36514282226563,74.98502349853516,79.015625,71.42857360839844,20,14.285715103149414,9.090909004211426,9.090909004211426,15.000000953674316,0,4.761904716491699,4.545454502105713,0,13.826909065246582,25769803776,0,17897504768,0
209,1790936042224,4,4,4,4,4,4,4,4,4,4,75.3802719116211,73.54121398925781,73.5141372680664,73.7116470336914,66.52977752685547,74.9496841430664,77.25,65.21739196777344,33.333335876464844,9.523809432983398,0,0,0,0,9.523809432983398,0,0,13.826909065246582,25769803776,0,17897504768,0
209,1790936042434,4,4,4,4,4,4,4,4,4,4,75.3802719116211,73.54121398925781,73.5141372680664,73.7116470336914,66.52977752685547,74.9496841430664,77.25,57.894737243652344,30.000001907348633,50,9.523809432983398,20,19.047618865966797,0,4.761904716491699,0,0,13.826909065246582,25769803776,0,17893376000,0
209,1790936042644,4,4,4,4,4,4,4,4,4,4,75.3802719116211,73.54121398925781,73.5141372680664,73.7116470336914,66.52977752685547,74.9496841430664,77.25,31.81818199157715,36.3636360168457,31.81818199157715,20,19.047618865966797,45.45454788208008,0,9.090909004211426,0,0,13.883096694946289,25769803776,0,17886625792,0
209,1790936042854,4,4,4,4,4,4,4,4,4,4,75.3802719116211,73.54121398925781,73.5141372680664,73.7116470336914,66.52977752685547,74.9496841430664,77.25,35,57.142860412597656,20,8.69565200805664,0,0,0,5,0,4.545454502105713,13.883096694946289,25769803776,0,17893359616,0
209,1790936043064,4,4,4,4,4,4,4,4,4,4,75.42436981201172,73.43937683105469,73.41411590576172,73.73332977294922,66.40409088134766,75.00817108154297,77.484375,68.18181610107422,30.000001907348633,18.18181800842285,5,9.090909004211426,5,0,9.090909004211426,0,0,13.883096694946289,25769803776,0,17893998592,0
209,1790936043274,4,4,4,4,4,4,4,4,4,4,75.42436981201172,73.43937683105469,73.41411590576172,73.73332977294922,66.40409088134766,75.00817108154297,77.484375,61.904762268066406,38.095237731933594,15.000000953674316,0,0,0,0,0,4.761904716491699,0,13.883096694946289,25769803776,0,17893851136,0
209,1790936043484,4,4,4,4,4,4,4,4,4,4,75.42436981201172,73.43937683105469,73.41411590576172,73.73332977294922,66.40409088134766,75.00817108154297,77.484375,66.66667175292969,42.85714340209961,14.285715103149414,22.72727394104004,9.523809432983398,13.636363983154297,0,4.761904716491699,0,0,13.883096694946289,25769803776,0,17889394688,0
209,1790936043694,4,4,4,4,4,4,4,4,4,4,75.42436981201172,73.43937683105469,73.41411590576172,73.73332977294922,66.40409088134766,75.00817108154297,77.484375,50,33.333335876464844,23.809524536132813,14.285715103149414,14.285715103149414,19.047618865966797,0,9.090909004211426,0,0,13.86245059967041,25769803776,0,17886281728,0
209,1790936043904,4,4,4,4,4,4,4,4,4,4,75.42436981201172,73.43937683105469,73.41411590576172,73.73332977294922,66.40409088134766,75.00817108154297,77.484375,80.95238494873047,31.81818199157715,14.285715103149414,5,4.761904716491699,5,4.545454502105713,5,0,0,13.86245059967041,25769803776,0,17894375424,0
209,1790936044114,4,4,4,4,4,4,4,4,4,4,75.3939437866211,73.47457885742188,73.3955078125,73.72325897216797,66.33714294433594,74.93307495117188,77.953125,71.42857360839844,20,9.523809432983398,4.761904716491699,4.761904716491699,0,0,9.090909004211426,0,0,13.86245059967041,25769803776,0,17894375424,0
209,1790936044324,4,4,4,4,4,4,4,4,4,4,75.3939437866211,73.47457885742188,73.3955078125,73.72325897216797,66.33714294433594,74.93307495117188,77.953125,71.42857360839844,23.809524536132813,19.047618865966797,9.523809432983398,9.090909004211426,19.047618865966797,4.545454502105713,4.761904716491699,0,0,13.86245059967041,25769803776,0,17894375424,0
209,1790936044534,4,4,4,4,4,4,4,4,4,4,75.3939437866211,73.47457885742188,73.3955078125,73.72325897216797,66.33714294433594,74.93307495117188,77.953125,19.047618865966797,27.272727966308594,38.095237731933594,14.285715103149414,31.57894515991211,4.761904716491699,0,0,0,0,13.882393836975098,25769803776,0,17889656832,0
209,1790936044744,4,4,4,4,4,4,4,4,4,4,75.3939437866211,73.47457885742188,73.3955078125,73.72325897216797,66.33714294433594,74.93307495117188,77.953125,47.619049072265625,35,35,9.523809432983398,9.523809432983398,13.636363983154297,0,9.090909004211426,8.69565200805664,0,13.882393836975098,25769803776,0,17887068160,0
202,1790936044954,4,4,4,4,4,4,4,4,4,4,75.3939437866211,73.47457885742188,73.3955078125,73.72325897216797,66.33714294433594,74.93307495117188,77.953125,61.904762268066406,42.85714340209961,18.18181800842285,9.090909004211426,13.043478012084961,5,0,5,0,0,13.882393836975098,25769803776,0,17894719488,0
202,1790936045157,4,4,4,4,4,4,4,4,4,4,75.37580871582031,73.44813537597656,73.44683837890625,73.70674133300781,66.43756866455078,74.92959594726563,77.609375,66.66667175292969,30.000001907348633,10,0,0,0,0,9.523809432983398,0,0,13.882393836975098,25769803776,0,17894703104,0
209,1790936045360,4,4,4,4,4,4,4,4,4,4,75.37580871582031,73.44813537597656,73.44683837890625,73.70674133300781,66.43756866455078,74.92959594726563,77.609375,38.88888931274414,60.000003814697266,19.047618865966797,5,5,5,0,5,0,0,13.882393836975098,25769803776,0,17894883328,0
209,1790936045570,4,4,4,4,4,4,4,4,4,4,75.37580871582031,73.44813537597656,73.44683837890625,73.70674133300781,66.43756866455078,74.92959594726563,77.609375,34.78260803222656,23.809524536132813,30.000001907348633,50,20,19.047618865966797,0,9.090909004211426,0,0,13.828723907470703,25769803776,0,17888493568,0
209,1790936045780,4,4,4,4,4,4,4,4,4,4,75.37580871582031,73.44813537597656,73.44683837890625,73.70674133300781,66.43756866455078,74.92959594726563,77.609375,30.000001907348633,42.85714340209961,19.047618865966797,0,0,19.047618865966797,0,5,0,0,13.828723907470703,25769803776,0,17895358464,0
209,1790936045990,4,4,4,4,4,4,4,4,4,4,75.37580871582031,73.44813537597656,73.44683837890625,73.70674133300781,66.43756866455078,74.92959594726563,77.609375,66.66667175292969,23.809524536132813,28.571430206298828,5,13.636363983154297,9.090909004211426,0,9.090909004211426,0,0,13.828723907470703,25769803776,0,17895587840,0
209,1790936046200,4,4,4,4,4,4,4,4,4,4,75.33018493652344,73.40656280517578,73.34980010986328,73.67747497558594,66.27101135253906,74.85734558105469,77.015625,71.42857360839844,42.85714340209961,47.619049072265625,28.571430206298828,9.523809432983398,10,4.545454502105713,5,4.545454502105713,0,13.828723907470703,25769803776,0,17896308736,0
209,1790936046410,4,4,4,4,4,4,4,4,4,4,75.33018493652344,73.40656280517578,73.34980010986328,73.67747497558594,66.27101135253906,74.85734558105469,77.015625,38.095237731933594,52.38095474243164,5,14.285715103149414,15.000000953674316,18.18181800842285,0,9.090909004211426,0,0,13.828723907470703,25769803776,0,17896308736,0
209,1790936046620,4,4,4,4,4,4,4,4,4,4,75.33018493652344,73.40656280517578,73.34980010986328,73.67747497558594,66.27101135253906,74.85734558105469,77.015625,42.85714340209961,28.571430206298828,40.90909194946289,14.285715103149414,14.285715103149414,5,0,5,0,0,13.84006118774414,25769803776,0,17889296384,0
209,1790936046830,4,4,4,4,4,4,4,4,4,4,75.33018493652344,73.40656280517578,73.34980010986328,73.67747497558594,66.27101135253906,74.85734558105469,77.015625,76.19047546386719,45,38.095237731933594,27.272727966308594,14.285715103149414,9.090909004211426,4.545454502105713,4.761904716491699,0,0,13.84006118774414,25769803776,0,17898176512,0
209,1790936047040,4,4,4,4,4,4,4,4,4,4,75.38245391845703,73.55362701416016,73.48201751708984,73.69585418701172,66.44696807861328,74.95487213134766,77.25,70,28.571430206298828,10,0,4.545454502105713,0,0,9.090909004211426,0,0,13.84006118774414,25769803776,0,17897947136,0
209,1790936047250,4,4,4,4,4,4,4,4,4,4,75.38245391845703,73.55362701416016,73.48201751708984,73.69585418701172,66.44696807861328,74.95487213134766,77.25,42.85714340209961,57.142860412597656,23.809524536132813,4.761904716491699,5,4.761904716491699,0,9.523809432983398,0,0,13.84006118774414,25769803776,0,17897947136,0
209,1790936047460,4,4,4,4,4,4,4,4,4,4,75.38245391845703,73.55362701416016,73.48201751708984,73.69585418701172,66.44696807861328,74.95487213134766,77.25,33.333335876464844,42.85714340209961,28.571430206298828,25,31.81818199157715,19.047618865966797,0,4.761904716491699,4.545454502105713,0,13.84006118774414,25769803776,0,17897947136,0
209,1790936047670,4,4,4,4,4,4,4,4,4,4,75.38245391845703,73.55362701416016,73.48201751708984,73.69585418701172,66.44696807861328,74.95487213134766,77.25,61.904762268066406,23.809524536132813,22.72727394104004,4.545454502105713,4.761904716491699,4.761904716491699,0,5,0,0,14.193645477294922,25769803776,0,17898029056,0
209,1790936047880,4,4,4,4,4,4,4,4,4,4,75.38245391845703,73.55362701416016,73.48201751708984,73.69585418701172,66.44696807861328,74.95487213134766,77.25,76.19047546386719,28.571430206298828,14.285715103149414,9.090909004211426,5,13.636363983154297,4.545454502105713,9.090909004211426,0,0,14.193645477294922,25769803776,0,17898340352,0
209,1790936048090,4,4,4,4,4,4,4,4,4,4,75.30302429199219,73.41727447509766,73.33159637451172,73.66163635253906,66.25344848632813,74.81388854980469,77.015625,68.18181610107422,40.90909194946289,23.809524536132813,5,9.090909004211426,5,0,5,0,0,14.193645477294922,25769803776,0,17898913792,0
209,1790936048300,4,4,4,4,4,4,4,4,4,4,75.30302429199219,73.41727447509766,73.33159637451172,73.66163635253906,66.25344848632813,74.81388854980469,77.015625,36.842105865478516,65,35,14.285715103149414,5,4.761904716491699,0,9.090909004211426,0,0,14.193645477294922,25769803776,0,17900961792,0
209,1790936048510,4,4,4,4,4,4,4,4,4,4,75.30302429199219,73.41727447509766,73.33159637451172,73.66163635253906,66.25344848632813,74.81388854980469,77.015625,36.3636360168457,38.095237731933594,31.81818199157715,23.809524536132813,13.636363983154297,10,0,5,0,0,14.193645477294922,25769803776,0,17900961792,0
209,1790936048720,4,4,4,4,4,4,4,4,4,4,75.30302429199219,73.41727447509766,73.33159637451172,73.66163635253906,66.25344848632813,74.81388854980469,77.015625,80,33.333335876464844,10,9.523809432983398,9.523809432983398,13.043478012084961,0,9.090909004211426,4.545454502105713,0,13.927846908569336,25769803776,0,17905991680,0
209,1790936048930,4,4,4,4,4,4,4,4,4,4,75.30302429199219,73.41727447509766,73.33159637451172,73.66163635253906,66.25344848632813,74.81388854980469,77.015625,57.142860412597656,35,9.090909004211426,0,0,0,0,9.523809432983398,0,0,13.927846908569336,25769803776,0,17905926144,0
209,1790936049140,4,4,4,4,4,4,4,4,4,4,75.30619049072266,73.37495422363281,73.3714828491211,73.65176391601563,66.35408020019531,74.8117904663086,77.015625,52.38095474243164,61.904762268066406,15.000000953674316,14.285715103149414,10,5.263157844543457,0,4.761904716491699,0,0,13.927846908569336,25769803776,0,17906401280,0
209,1790936049350,4,4,4,4,4,4,4,4,4,4,75.30619049072266,73.37495422363281,73.3714828491211,73.65176391601563,66.35408020019531,74.8117904663086,77.015625,59.09090805053711,19.047618865966797,31.81818199157715,14.285715103149414,9.523809432983398,13.636363983154297,0,0,0,0,13.927846908569336,25769803776,0,17900519424,0
209,1790936049560,4,4,4,4,4,4,4,4,4,4,75.30619049072266,73.37495422363281,73.3714828491211,73.65176391601563,66.35408020019531,74.8117904663086,77.015625,40,50,14.285715103149414,23.809524536132813,13.636363983154297,4.761904716491699,0,4.761904716491699,0,0,13.857213973999023,25769803776,0,17898684416,0
209,1790936049770,4,4,4,4,4,4,4,4,4,4,75.30619049072266,73.37495422363281,73.3714828491211,73.65176391601563,66.35408020019531,74.8117904663086,77.015625,52.38095474243164,42.85714340209961,15.000000953674316,10,20,13.636363983154297,0,4.761904716491699,0,0,13.857213973999023,25769803776,0,17906958336,0
209,1790936049980,4,4,4,4,4,4,4,4,4,4,75.30619049072266,73.37495422363281,73.3714828491211,73.65176391601563,66.35408020019531,74.8117904663086,77.015625,54.54545593261719,36.842105865478516,14.285715103149414,4.545454502105713,0,0,0,5,8.69565200805664,0,13.857213973999023,25769803776,0,17906860032,0
209,1790936050190,4,4,4,4,4,4,4,4,4,4,75.2953872680664,73.30537414550781,73.30921173095703,73.65171813964844,66.32347106933594,74.81126403808594,77.015625,45,63.6363639831543,23.809524536132813,14.285715103149414,22.72727394104004,9.523809432983398,4.761904716491699,9.090909004211426,0,0,13.857213973999023,25769803776,0,17899323392,0
209,1790936050400,4,4,4,4,4,4,4,4,4,4,75.2953872680664,73.30537414550781,73.30921173095703,73.65171813964844,66.32347106933594,74.81126403808594,77.015625,23.809524536132813,38.095237731933594,40,23.809524536132813,10,19.047618865966797,4.545454502105713,4.761904716491699,0,0,13.857213973999023,25769803776,0,17899995136,0
206,1790936050610,4,4,4,4,4,4,4,4,4,4,75.2953872680664,73.30537414550781,73.30921173095703,73.65171813964844,66.32347106933594,74.81126403808594,77.015625,76.19047546386719,38.095237731933594,22.72727394104004,14.285715103149414,23.809524536132813,19.047618865966797,0,0,5,0,13.740694046020508,25769803776,0,17909301248,0
209,1790936050816,4,4,4,4,4,4,4,4,4,4,75.2953872680664,73.30537414550781,73.30921173095703,73.65171813964844,66.32347106933594,74.81126403808594,77.015625,76.19047546386719,38.095237731933594,20,5,4.761904716491699,0,5,0,0,0,13.740694046020508,25769803776,0,17907499008,0
209,1790936051026,4,4,4,4,4,4,4,4,4,4,75.40032958984375,73.40003967285156,73.09087371826172,73.6817398071289,65.87615203857422,75.00740051269531,77.484375,60.000003814697266,40,20,4.761904716491699,9.523809432983398,0,0,9.090909004211426,4.545454502105713,0,13.740694046020508,25769803776,0,17908219904,0
209,1790936051236,4,4,4,4,4,4,4,4,4,4,75.40032958984375,73.40003967285156,73.09087371826172,73.6817398071289,65.87615203857422,75.00740051269531,77.484375,52.38095474243164,61.904762268066406,17.39130401611328,9.523809432983398,9.523809432983398,13.636363983154297,0,5,4.545454502105713,0,13.740694046020508,25769803776,0,17903599616,0
209,1790936051446,4,4,4,4,4,4,4,4,4,4,75.40032958984375,73.40003967285156,73.09087371826172,73.6817398071289,65.87615203857422,75.00740051269531,77.484375,47.619049072265625,33.333335876464844,30.000001907348633,14.285715103149414,14.285715103149414,23.809524536132813,0,9.090909004211426,0,0,13.740694046020508,25769803776,0,17903599616,0
209,1790936051656,4,4,4,4,4,4,4,4,4,4,75.40032958984375,73.40003967285156,73.09087371826172,73.6817398071289,65.87615203857422,75.00740051269531,77.484375,50,57.142860412597656,19.047618865966797,13.636363983154297,9.523809432983398,9.523809432983398,0,5,0,0,13.871652603149414,25769803776,0,17903599616,0
209,1790936051866,4,4,4,4,4,4,4,4,4,4,75.40032958984375,73.40003967285156,73.09087371826172,73.6817398071289,65.87615203857422,75.00740051269531,77.484375,60.000003814697266,33.333335876464844,9.090909004211426,0,0,0,0,9.090909004211426,0,0,13.871652603149414,25769803776,0,17908236288,0
209,1790936052076,4,4,4,4,4,4,4,4,4,4,75.30976104736328,73.31808471679688,73.32523345947266,73.66545104980469,66.30973815917969,74.83040618896484,80.796875,57.142860412597656,52.38095474243164,20,9.523809432983398,9.523809432983398,5,0,5,0,4.545454502105713,13.871652603149414,25769803776,0,17908482048,0
209,1790936052286,4,4,4,4,4,4,4,4,4,4,75.30976104736328,73.31808471679688,73.32523345947266,73.66545104980469,66.30973815917969,74.83040618896484,80.796875,28.571430206298828,19.047618865966797,19.047618865966797,28.571430206298828,5,42.85714340209961,4.545454502105713,9.090909004211426,0,0,13.871652603149414,25769803776,0,17908482048,0
209,1790936052496,4,4,4,4,4,4,4,4,4,4,75.30976104736328,73.31808471679688,73.32523345947266,73.66545104980469,66.30973815917969,74.83040618896484,80.796875,45,33.333335876464844,28.571430206298828,14.285715103149414,22.72727394104004,9.523809432983398,0,5,4.545454502105713,0,13.871652603149414,25769803776,0,17908482048,0
209,1790936052706,4,4,4,4,4,4,4,4,4,4,75.30976104736328,73.31808471679688,73.32523345947266,73.66545104980469,66.30973815917969,74.83040618896484,80.796875,66.66667175292969,30.000001907348633,19.047618865966797,4.761904716491699,15.000000953674316,5,0,9.090909004211426,0,0,13.936844825744629,25769803776,0,17908482048,0
209,1790936052916,4,4,4,4,4,4,4,4,4,4,75.30976104736328,73.31808471679688,73.32523345947266,73.66545104980469,66.30973815917969,74.83040618896484,80.796875,76.19047546386719,23.809524536132813,9.523809432983398,0,4.545454502105713,4.545454502105713,0,5,0,0,13.936844825744629,25769803776,0,17908973568,0
209,1790936053126,4,4,4,4,4,4,4,4,4,4,75.26525115966797,73.30465698242188,73.22102355957031,73.64323425292969,66.14092254638672,74.75562286376953,77.015625,42.85714340209961,68.18181610107422,14.285715103149414,9.090909004211426,5,9.090909004211426,0,9.090909004211426,0,0,13.936844825744629,25769803776,0,17901584384,0
209,1790936053336,4,4,4,4,4,4,4,4,4,4,75.26525115966797,73.30465698242188,73.22102355957031,73.64323425292969,66.14092254638672,74.75562286376953,77.015625,40.90909194946289,52.38095474243164,28.571430206298828,15.000000953674316,22.72727394104004,14.285715103149414,4.545454502105713,5,0,0,13.936844825744629,25769803776,0,17901830144,0
200,1790936053547,4,4,4,4,4,4,4,4,4,4,75.26525115966797,73.30465698242188,73.22102355957031,73.64323425292969,66.14092254638672,74.75562286376953,77.015625,65,33.333335876464844,10,4.545454502105713,0,0,0,9.090909004211426,0,0,13.869243621826172,25769803776,0,17910857728,0
202,1790936053747,4,4,4,4,4,4,4,4,4,4,75.26525115966797,73.30465698242188,73.22102355957031,73.64323425292969,66.14092254638672,74.75562286376953,77.015625,60.000003814697266,40,14.285715103149414,10,10,5,0,5.263157844543457,4.761904716491699,0,13.869243621826172,25769803776,0,17908891648,0
209,1790936053950,4,4,4,4,4,4,4,4,4,4,75.26525115966797,73.30465698242188,73.22102355957031,73.64323425292969,66.14092254638672,74.75562286376953,77.015625,66.66667175292969,35,25,19.047618865966797,9.523809432983398,9.523809432983398,0,0,0,0,13.869243621826172,25769803776,0,17909039104,0
209,1790936054160,4,4,4,4,4,4,4,4,4,4,75.27444458007813,73.3749771118164,73.20863342285156,73.64019012451172,66.13607788085938,74.7799301147461,77.015625,30.000001907348633,47.619049072265625,9.523809432983398,10,25,14.285715103149414,9.090909004211426,4.545454502105713,4.545454502105713,0,13.869243621826172,25769803776,0,17904795648,0
201,1790936054370,4,4,4,4,4,4,4,4,4,4,75.27444458007813,73.3749771118164,73.20863342285156,73.64019012451172,66.13607788085938,74.7799301147461,77.015625,40,35,38.095237731933594,14.285715103149414,9.523809432983398,14.285715103149414,0,4.761904716491699,0,0,13.869243621826172,25769803776,0,17901076480,0
202,1790936054572,4,4,4,4,4,4,4,4,4,4,75.27444458007813,73.3749771118164,73.20863342285156,73.64019012451172,66.13607788085938,74.7799301147461,77.015625,80.95238494873047,25,10,5,9.523809432983398,5,0,10,0,0,13.7918119430542,25769803776,0,17900978176,0
209,1790936054775,4,4,4,4,4,4,4,4,4,4,75.27444458007813,73.3749771118164,73.20863342285156,73.64019012451172,66.13607788085938,74.7799301147461,77.015625,71.42857360839844,20,5,0,0,0,0,5,0,0,13.7918119430542,25769803776,0,17900978176,0
203,1790936054985,4,4,4,4,4,4,4,4,4,4,75.27444458007813,73.3749771118164,73.20863342285156,73.64019012451172,66.13607788085938,74.7799301147461,77.015625,70,40.90909194946289,33.333335876464844,13.636363983154297,14.285715103149414,17.39130401611328,0,13.636363983154297,0,0,13.7918119430542,25769803776,0,17910022144,0
209,1790936055189,4,4,4,4,4,4,4,4,4,4,75.25415802001953,73.32227325439453,73.28350067138672,73.63655853271484,66.26972961425781,74.75055694580078,79.015625,33.333335876464844,20,14.285715103149414,42.105262756347656,25,21.052631378173828,0,15.000000953674316,4.761904716491699,4.545454502105713,13.7918119430542,25769803776,0,17921179648,0
209,1790936055399,4,4,4,4,4,4,4,4,4,4,75.25415802001953,73.32227325439453,73.28350067138672,73.63655853271484,66.26972961425781,74.75055694580078,79.015625,65,42.85714340209961,15.000000953674316,9.523809432983398,9.523809432983398,9.523809432983398,4.545454502105713,9.523809432983398,0,0,13.7918119430542,25769803776,0,17921179648,0
209,1790936055609,4,4,4,4,4,4,4,4,4,4,75.25415802001953,73.32227325439453,73.28350067138672,73.63655853271484,66.26972961425781,74.75055694580078,79.015625,63.6363639831543,47.619049072265625,23.809524536132813,19.047618865966797,9.523809432983398,9.523809432983398,0,4.761904716491699,0,0,13.783269882202148,25769803776,0,17929224192,0
209,1790936055819,4,4,4,4,4,4,4,4,4,4,75.25415802001953,73.32227325439453,73.28350067138672,73.63655853271484,66.26972961425781,74.75055694580078,79.015625,65,52.38095474243164,38.095237731933594,13.636363983154297,14.285715103149414,9.523809432983398,0,9.523809432983398,0,0,13.783269882202148,25769803776,0,17929666560,0
209,1790936056029,4,4,4,4,4,4,4,4,4,4,75.27056884765625,73.42244720458984,73.38137817382813,73.64675903320313,66.34090423583984,74.79322814941406,77.484375,77.2727279663086,33.333335876464844,19.047618865966797,20,14.285715103149414,27.272727966308594,4.545454502105713,4.761904716491699,0,0,13.783269882202148,25769803776,0,17925455872,0
209,1790936056239,4,4,4,4,4,4,4,4,4,4,75.27056884765625,73.42244720458984,73.38137817382813,73.64675903320313,66.34090423583984,74.79322814941406,77.484375,40,40,19.047618865966797,36.3636360168457,10,19.047618865966797,0,9.523809432983398,0,0,13.783269882202148,25769803776,0,17923375104,0
209,1790936056449,4,4,4,4,4,4,4,4,4,4,75.27056884765625,73.42244720458984,73.38137817382813,73.64675903320313,66.34090423583984,74.79322814941406,77.484375,38.095237731933594,63.6363639831543,14.285715103149414,15.000000953674316,9.090909004211426,5,0,5,0,0,13.783269882202148,25769803776,0,17922457600,0
209,1790936056659,4,4,4,4,4,4,4,4,4,4,75.27056884765625,73.42244720458984,73.38137817382813,73.64675903320313,66.34090423583984,74.79322814941406,77.484375,76.19047546386719,19.047618865966797,9.523809432983398,0,4.545454502105713,0,0,9.090909004211426,4.545454502105713,0,13.808601379394531,25769803776,0,17922457600,0
206,1790936056869,4,4,4,4,4,4,4,4,4,4,75.27056884765625,73.42244720458984,73.38137817382813,73.64675903320313,66.34090423583984,74.79322814941406,77.484375,71.42857360839844,30.000001907348633,19.047618865966797,9.090909004211426,5,19.047618865966797,0,5,0,0,13.808601379394531,25769803776,0,17922457600,0
202,1790936057075,4,4,4,4,4,4,4,4,4,4,75.2527847290039,73.29736328125,73.1988296508789,73.63714599609375,66.11771392822266,74.73060607910156,77.015625,47.619049072265625,52.38095474243164,5,5,5,14.285715103149414,0,9.090909004211426,0,0,13.808601379394531,25769803776,0,17911513088,0
209,1790936057278,4,4,4,4,4,4,4,4,4,4,75.2527847290039,73.29736328125,73.1988296508789,73.63714599609375,66.11771392822266,74.73060607910156,77.015625,35,45,38.095237731933594,14.285715103149414,15.000000953674316,15.000000953674316,0,5.263157844543457,0,0,13.808601379394531,25769803776,0,17907777536,0
209,1790936057488,4,4,4,4,4,4,4,4,4,4,75.2527847290039,73.29736328125,73.1988296508789,73.63714599609375,66.11771392822266,74.73060607910156,77.015625,85.71428680419922,28.571430206298828,10,5,13.636363983154297,4.761904716491699,0,9.090909004211426,0,0,13.808601379394531,25769803776,0,17907777536,0
203,1790936057698,4,4,4,4,4,4,4,4,4,4,75.2527847290039,73.29736328125,73.1988296508789,73.63714599609375,66.11771392822266,74.73060607910156,77.015625,65,33.333335876464844,9.523809432983398,4.761904716491699,0,0,4.545454502105713,0,0,0,14.13007640838623,25769803776,0,17907777536,0
202,1790936057902,4,4,4,4,4,4,4,4,4,4,75.2527847290039,73.29736328125,73.1988296508789,73.63714599609375,66.11771392822266,74.73060607910156,77.015625,60.000003814697266,35,28.571430206298828,9.523809432983398,5,10,5,0,4.761904716491699,0,14.13007640838623,25769803776,0,17907777536,0
202,1790936058105,4,4,4,4,4,4,4,4,4,4,75.26583099365234,73.38550567626953,73.2129135131836,73.62107849121094,66.11048126220703,74.72242736816406,77.015625,42.85714340209961,40,20,10,20,9.523809432983398,0,10,0,0,14.13007640838623,25769803776,0,17908973568,0
202,1790936058308,4,4,4,4,4,4,4,4,4,4,75.26583099365234,73.38550567626953,73.2129135131836,73.62107849121094,66.11048126220703,74.72242736816406,77.015625,42.85714340209961,55,23.809524536132813,10.526315689086914,13.636363983154297,10,4.761904716491699,5,0,0,14.13007640838623,25769803776,0,17908989952,0
209,1790936058510,4,4,4,4,4,4,4,4,4,4,75.26583099365234,73.38550567626953,73.2129135131836,73.62107849121094,66.11048126220703,74.72242736816406,77.015625,60.000003814697266,42.85714340209961,15.789472579956055,14.285715103149414,5.263157844543457,5,0,9.523809432983398,0,0,14.13007640838623,25769803776,0,17917411328,0
209,1790936058720,4,4,4,4,4,4,4,4,4,4,75.26583099365234,73.38550567626953,73.2129135131836,73.62107849121094,66.11048126220703,74.72242736816406,77.015625,85.71428680419922,10,13.636363983154297,0,0,0,4.761904716491699,4.761904716491699,0,0,13.868642807006836,25769803776,0,17917607936,0
209,1790936058930,4,4,4,4,4,4,4,4,4,4,75.26583099365234,73.38550567626953,73.2129135131836,73.62107849121094,66.11048126220703,74.72242736816406,77.015625,45,68.18181610107422,10,4.761904716491699,4.761904716491699,4.761904716491699,0,9.523809432983398,0,0,13.868642807006836,25769803776,0,17917607936,0
209,1790936059140,4,4,4,4,4,4,4,4,4,4,75.23030090332031,73.22486877441406,73.15655517578125,73.61322021484375,66.07862091064453,74.6537094116211,77.015625,36.3636360168457,30.000001907348633,47.619049072265625,33.333335876464844,14.285715103149414,15.000000953674316,0,5,0,0,13.868642807006836,25769803776,0,17910906880,0
204,1790936059350,4,4,4,4,4,4,4,4,4,4,75.23030090332031,73.22486877441406,73.15655517578125,73.61322021484375,66.07862091064453,74.6537094116211,77.015625,55,47.619049072265625,4.545454502105713,9.090909004211426,0,4.545454502105713,0,9.090909004211426,0,0,13.868642807006836,25769803776,0,17917952000,0
209,1790936059555,4,4,4,4,4,4,4,4,4,4,75.23030090332031,73.22486877441406,73.15655517578125,73.61322021484375,66.07862091064453,74.6537094116211,77.015625,70,33.333335876464844,15.000000953674316,5.263157844543457,10,5,0,5,0,0,13.75468635559082,25769803776,0,17918607360,0
209,1790936059765,4,4,4,4,4,4,4,4,4,4,75.23030090332031,73.22486877441406,73.15655517578125,73.61322021484375,66.07862091064453,74.6537094116211,77.015625,70,35,19.047618865966797,9.090909004211426,4.761904716491699,4.761904716491699,0,9.523809432983398,4.545454502105713,0,13.75468635559082,25769803776,0,17919950848,0
209,1790936059975,4,4,4,4,4,4,4,4,4,4,75.23030090332031,73.22486877441406,73.15655517578125,73.61322021484375,66.07862091064453,74.6537094116211,77.015625,36.3636360168457,45.45454788208008,19.047618865966797,5,31.81818199157715,9.523809432983398,4.545454502105713,4.761904716491699,4.545454502105713,0,13.75468635559082,25769803776,0,17914413056,0
209,1790936060185,4,4,4,4,4,4,4,4,4,4,75.23515319824219,73.2839126586914,73.22972869873047,73.60853576660156,66.23218536376953,74.69139099121094,77.015625,57.142860412597656,20,38.095237731933594,14.285715103149414,9.523809432983398,14.285715103149414,0,9.523809432983398,0,0,13.75468635559082,25769803776,0,17911005184,0
209,1790936060395,4,4,4,4,4,4,4,4,4,4,75.23515319824219,73.2839126586914,73.22972869873047,73.60853576660156,66.23218536376953,74.69139099121094,77.015625,59.09090805053711,42.85714340209961,5,4.761904716491699,5,9.090909004211426,0,4.761904716491699,0,0,13.75468635559082,25769803776,0,17919344640,0
203,1790936060605,4,4,4,4,4,4,4,4,4,4,75.23515319824219,73.2839126586914,73.22972869873047,73.60853576660156,66.23218536376953,74.69139099121094,77.015625,75,23.809524536132813,9.523809432983398,4.761904716491699,0,0,0,9.523809432983398,0,0,13.817041397094727,25769803776,0,17919000576,0
204,1790936060809,4,4,4,4,4,4,4,4,4,4,75.23515319824219,73.2839126586914,73.22972869873047,73.60853576660156,66.23218536376953,74.69139099121094,77.015625,65,45,19.047618865966797,9.523809432983398,5,5.263157844543457,4.761904716491699,0,4.761904716491699,0,13.817041397094727,25769803776,0,17919344640,0
209,1790936061013,4,4,4,4,4,4,4,4,4,4,75.23515319824219,73.2839126586914,73.22972869873047,73.60853576660156,66.23218536376953,74.69139099121094,77.015625,47.619049072265625,40,10,15.000000953674316,18.18181800842285,14.285715103149414,0,5,0,0,13.817041397094727,25769803776,0,17919426560,0
203,1790936061223,4,4,4,4,4,4,4,4,4,4,75.23722839355469,73.23004913330078,73.12215423583984,73.6011734008789,66.05854034423828,74.67912292480469,77.015625,50,54.54545593261719,19.047618865966797,9.523809432983398,9.523809432983398,9.523809432983398,0,9.523809432983398,0,0,13.817041397094727,25769803776,0,17913577472,0
9,1790936061426,4,4,4,4,4,4,4,4,4,4,75.23722839355469,73.23004913330078,73.12215423583984,73.6011734008789,66.05854034423828,74.67912292480469,77.015625,76.19047546386719,30.000001907348633,14.285715103149414,5,5.263157844543457,5,9.523809432983398,5,0,0,13.817041397094727,25769803776,0,17901240320,0
