Delta,Time,CPU_FREQUENCY_0,CPU_FREQUENCY_1,CPU_FREQUENCY_2,CPU_FREQUENCY_3,CPU_FREQUENCY_4,CPU_FREQUENCY_5,CPU_FREQUENCY_6,CPU_FREQUENCY_7,CPU_FREQUENCY_8,CPU_FREQUENCY_9,CPU_TEMP_0,CPU_TEMP_1,CPU_TEMP_2,CPU_TEMP_3,CPU_TEMP_4,CPU_TEMP_5,CPU_TEMP_6,CPU_USAGE_0,CPU_USAGE_1,CPU_USAGE_2,CPU_USAGE_3,CPU_USAGE_4,CPU_USAGE_5,CPU_USAGE_6,CPU_USAGE_7,CPU_USAGE_8,CPU_USAGE_9,SYSTEM_POWER (Watts),TOTAL_MEMORY,TOTAL_SWAP,USED_MEMORY,USED_SWAP
0,1790715156711,4,4,4,4,4,4,4,4,4,4,72.36279296875,72.07093811035156,71.84314727783203,71.31739044189453,64.51652526855469,71.86709594726563,79.125,100,0,0,0,0,0,0,0,0,0,2.122933864593506,25769803776,0,17371250688,0
204,1790715156712,4,4,4,4,4,4,4,4,4,4,72.36279296875,72.07093811035156,71.84314727783203,71.31739044189453,64.51652526855469,71.86709594726563,79.125,50,0,NaN,0,0,0,0,NaN,0,0,2.122933864593506,25769803776,0,17371250688,0
200,1790715156917,4,4,4,4,4,4,4,4,4,4,72.36279296875,72.07093811035156,71.84314727783203,71.31739044189453,64.51652526855469,71.86709594726563,79.125,0,4.761904716491699,4.545454502105713,0,0,0,28.571430206298828,9.523809432983398,9.523809432983398,0,2.122933864593506,25769803776,0,17371250688,0
204,1790715157117,4,4,4,4,4,4,4,4,4,4,72.28779602050781,72.26620483398438,72.0503921508789,70.93898010253906,64.7450942993164,71.7298812866211,78.40625,4.761904716491699,0,0,0,0,0,4.761904716491699,10,0,0,2.122933864593506,25769803776,0,17371250688,0
202,1790715157322,4,4,4,4,4,4,4,4,4,4,72.28779602050781,72.26620483398438,72.0503921508789,70.93898010253906,64.7450942993164,71.7298812866211,78.40625,0,0,0,0,0,0,0,5,0,0,2.122933864593506,25769803776,0,17371250688,0
200,1790715157525,4,4,4,4,4,4,4,4,4,4,72.28779602050781,72.26620483398438,72.0503921508789,70.93898010253906,64.7450942993164,71.7298812866211,78.40625,5,5,0,0,0,0,0,5,0,0,2.1128385066986084,25769803776,0,17411260416,0
204,1790715157725,4,4,4,4,4,4,4,4,4,4,72.28779602050781,72.26620483398438,72.0503921508789,70.93898010253906,64.7450942993164,71.7298812866211,78.40625,0,0,0,0,0,0,0,5,0,0,2.1128385066986084,25769803776,0,17411260416,0
204,1790715157930,4,4,4,4,4,4,4,4,4,4,78.71627807617188,74.73865509033203,74.63127899169922,76.88219451904297,67.88902282714844,78.48770141601563,82.203125,9.523809432983398,4.761904716491699,0,0,0,0,4.545454502105713,9.523809432983398,0,0,2.1128385066986084,25769803776,0,17411260416,0
204,1790715158135,4,4,4,4,4,4,4,4,4,4,78.71627807617188,74.73865509033203,74.63127899169922,76.88219451904297,67.88902282714844,78.48770141601563,82.203125,0,0,0,0,0,0,0,5,4.545454502105713,0,2.1128385066986084,25769803776,0,17411260416,0
204,1790715158340,4,4,4,4,4,4,4,4,4,4,78.71627807617188,74.73865509033203,74.63127899169922,76.88219451904297,67.88902282714844,78.48770141601563,82.203125,5,4.761904716491699,4.761904716491699,0,0,0,0,9.090909004211426,0,0,2.1128385066986084,25769803776,0,17411260416,0
204,1790715158545,4,4,4,4,4,4,4,4,4,4,78.71627807617188,74.73865509033203,74.63127899169922,76.88219451904297,67.88902282714844,78.48770141601563,82.203125,4.761904716491699,4.761904716491699,0,4.761904716491699,0,0,0,5,0,0,2.7066752910614014,25769803776,0,17388371968,0
203,1790715158750,4,4,4,4,4,4,4,4,4,4,78.71627807617188,74.73865509033203,74.63127899169922,76.88219451904297,67.88902282714844,78.48770141601563,82.203125,0,0,0,0,0,0,4.761904716491699,9.523809432983398,4.761904716491699,0,2.7066752910614014,25769803776,0,17390403584,0
204,1790715158954,4,4,4,4,4,4,4,4,4,4,82.4712905883789,77.61296844482422,77.1884536743164,80.28678131103516,70.60131072998047,82.25775909423828,83.859375,4.761904716491699,0,4.761904716491699,0,0,0,0,0,0,0,2.7066752910614014,25769803776,0,17375510528,0
204,1790715159159,4,4,4,4,4,4,4,4,4,4,82.4712905883789,77.61296844482422,77.1884536743164,80.28678131103516,70.60131072998047,82.25775909423828,83.859375,0,0,0,0,0,0,0,0,0,0,2.7066752910614014,25769803776,0,17375625216,0
204,1790715159364,4,4,4,4,4,4,4,4,4,4,82.4712905883789,77.61296844482422,77.1884536743164,80.28678131103516,70.60131072998047,82.25775909423828,83.859375,0,0,0,0,0,0,0,4.761904716491699,0,0,2.7066752910614014,25769803776,0,17375625216,0
204,1790715159569,4,4,4,4,4,4,4,4,4,4,82.4712905883789,77.61296844482422,77.1884536743164,80.28678131103516,70.60131072998047,82.25775909423828,83.859375,4.761904716491699,0,0,0,0,0,0,9.523809432983398,0,0,23.206727981567383,25769803776,0,17374773248,0
201,1790715159774,4,4,4,4,4,4,4,4,4,4,82.4712905883789,77.61296844482422,77.1884536743164,80.28678131103516,70.60131072998047,82.25775909423828,83.859375,0,0,0,0,0,0,0,5,0,0,23.206727981567383,25769803776,0,17374773248,0
204,1790715159975,4,4,4,4,4,4,4,4,4,4,83.68055725097656,79.17638397216797,78.73896026611328,81.65221405029297,72.22156524658203,83.51447296142578,84.5625,0,4.761904716491699,0,0,0,0,9.523809432983398,0,0,0,23.206727981567383,25769803776,0,17374773248,0
202,1790715160180,4,4,4,4,4,4,4,4,4,4,83.68055725097656,79.17638397216797,78.73896026611328,81.65221405029297,72.22156524658203,83.51447296142578,84.5625,9.090909004211426,0,0,0,0,0,0,9.523809432983398,4.761904716491699,0,23.206727981567383,25769803776,0,17374773248,0
204,1790715160383,4,4,4,4,4,4,4,4,4,4,83.68055725097656,79.17638397216797,78.73896026611328,81.65221405029297,72.22156524658203,83.51447296142578,84.5625,0,0,0,0,0,0,4.761904716491699,5,0,0,23.206727981567383,25769803776,0,17374773248,0
204,1790715160588,4,4,4,4,4,4,4,4,4,4,83.68055725097656,79.17638397216797,78.73896026611328,81.65221405029297,72.22156524658203,83.51447296142578,84.5625,4.761904716491699,4.761904716491699,4.761904716491699,0,0,0,0,9.523809432983398,0,0,23.292909622192383,25769803776,0,17374707712,0
204,1790715160793,4,4,4,4,4,4,4,4,4,4,83.68055725097656,79.17638397216797,78.73896026611328,81.65221405029297,72.22156524658203,83.51447296142578,84.5625,0,0,0,0,0,0,0,0,0,0,23.292909622192383,25769803776,0,17374560256,0
204,1790715160998,4,4,4,4,4,4,4,4,4,4,83.41800689697266,79.60234069824219,79.42034912109375,81.59984588623047,72.93225860595703,83.27127838134766,84.796875,0,0,0,0,0,0,0,4.761904716491699,4.761904716491699,0,23.292909622192383,25769803776,0,17374560256,0
200,1790715161202,4,4,4,4,4,4,4,4,4,4,83.41800689697266,79.60234069824219,79.42034912109375,81.59984588623047,72.93225860595703,83.27127838134766,84.796875,9.523809432983398,4.761904716491699,4.761904716491699,4.761904716491699,0,0,0,9.523809432983398,0,0,23.292909622192383,25769803776,0,17374560256,0
200,1790715161403,4,4,4,4,4,4,4,4,4,4,83.41800689697266,79.60234069824219,79.42034912109375,81.59984588623047,72.93225860595703,83.27127838134766,84.796875,0,0,0,0,0,0,9.523809432983398,0,0,0,23.292909622192383,25769803776,0,17374560256,0
204,1790715161604,4,4,4,4,4,4,4,4,4,4,83.41800689697266,79.60234069824219,79.42034912109375,81.59984588623047,72.93225860595703,83.27127838134766,84.796875,0,0,0,0,0,0,0,5.263157844543457,0,0,21.795101165771484,25769803776,0,17374724096,0
204,1790715161809,4,4,4,4,4,4,4,4,4,4,83.41800689697266,79.60234069824219,79.42034912109375,81.59984588623047,72.93225860595703,83.27127838134766,84.796875,4.761904716491699,0,0,0,0,0,0,9.090909004211426,0,0,21.795101165771484,25769803776,0,17374593024,0
204,1790715162014,4,4,4,4,4,4,4,4,4,4,82.74989318847656,79.68356323242188,79.32341766357422,81.15394592285156,72.68036651611328,82.73372650146484,85.5,0,0,0,0,0,0,0,5,0,0,21.795101165771484,25769803776,0,17374593024,0
204,1790715162219,4,4,4,4,4,4,4,4,4,4,82.74989318847656,79.68356323242188,79.32341766357422,81.15394592285156,72.68036651611328,82.73372650146484,85.5,4.761904716491699,0,0,0,0,0,0,9.523809432983398,4.761904716491699,0,21.795101165771484,25769803776,0,17374593024,0
201,1790715162424,4,4,4,4,4,4,4,4,4,4,82.74989318847656,79.68356323242188,79.32341766357422,81.15394592285156,72.68036651611328,82.73372650146484,85.5,0,9.090909004211426,0,0,0,0,0,0,0,0,21.795101165771484,25769803776,0,17374593024,0
200,1790715162625,4,4,4,4,4,4,4,4,4,4,82.74989318847656,79.68356323242188,79.32341766357422,81.15394592285156,72.68036651611328,82.73372650146484,85.5,0,0,0,0,0,0,4.761904716491699,4.761904716491699,0,0,19.69728660583496,25769803776,0,17374380032,0
200,1790715162826,4,4,4,4,4,4,4,4,4,4,82.74989318847656,79.68356323242188,79.32341766357422,81.15394592285156,72.68036651611328,82.73372650146484,85.5,9.523809432983398,0,0,0,0,0,0,5,0,0,19.69728660583496,25769803776,0,17374281728,0
200,1790715163026,4,4,4,4,4,4,4,4,4,4,82.55924987792969,79.5665512084961,79.46742248535156,80.97218322753906,72.94898223876953,82.58065032958984,84.09375,0,0,0,0,0,0,4.761904716491699,5,0,0,19.69728660583496,25769803776,0,17374265344,0
204,1790715163227,4,4,4,4,4,4,4,4,4,4,82.55924987792969,79.5665512084961,79.46742248535156,80.97218322753906,72.94898223876953,82.58065032958984,84.09375,0,0,0,0,0,0,0,5,0,0,19.69728660583496,25769803776,0,17374265344,0
202,1790715163432,4,4,4,4,4,4,4,4,4,4,82.55924987792969,79.5665512084961,79.46742248535156,80.97218322753906,72.94898223876953,82.58065032958984,84.09375,4.761904716491699,0,0,0,0,0,0,9.523809432983398,0,0,18.20915985107422,25769803776,0,17374265344,0
200,1790715163634,4,4,4,4,4,4,4,4,4,4,82.55924987792969,79.5665512084961,79.46742248535156,80.97218322753906,72.94898223876953,82.58065032958984,84.09375,0,0,4.761904716491699,0,0,0,0,5,0,0,18.20915985107422,25769803776,0,17373478912,0
204,1790715163835,4,4,4,4,4,4,4,4,4,4,82.55924987792969,79.5665512084961,79.46742248535156,80.97218322753906,72.94898223876953,82.58065032958984,84.09375,5,9.523809432983398,0,0,0,0,4.761904716491699,5,0,0,18.20915985107422,25769803776,0,17373478912,0
204,1790715164040,4,4,4,4,4,4,4,4,4,4,82.70995330810547,79.68978118896484,79.52201080322266,81.1131820678711,72.91476440429688,82.70248413085938,84.328125,40,10,4.761904716491699,0,4.545454502105713,0,0,5,4.761904716491699,0,18.20915985107422,25769803776,0,17373478912,0
204,1790715164245,4,4,4,4,4,4,4,4,4,4,82.70995330810547,79.68978118896484,79.52201080322266,81.1131820678711,72.91476440429688,82.70248413085938,84.328125,33.333335876464844,5,0,0,0,0,0,9.523809432983398,0,0,18.20915985107422,25769803776,0,17373478912,0
204,1790715164450,4,4,4,4,4,4,4,4,4,4,82.70995330810547,79.68978118896484,79.52201080322266,81.1131820678711,72.91476440429688,82.70248413085938,84.328125,5,9.523809432983398,4.761904716491699,4.761904716491699,4.761904716491699,0,0,5,0,0,17.66172981262207,25769803776,0,17373478912,0
200,1790715164655,4,4,4,4,4,4,4,4,4,4,82.70995330810547,79.68978118896484,79.52201080322266,81.1131820678711,72.91476440429688,82.70248413085938,84.328125,5,0,0,0,0,0,0,9.523809432983398,0,0,17.66172981262207,25769803776,0,17373511680,0
200,1790715164856,4,4,4,4,4,4,4,4,4,4,82.70995330810547,79.68978118896484,79.52201080322266,81.1131820678711,72.91476440429688,82.70248413085938,84.328125,10,9.523809432983398,5,0,0,0,0,5,0,0,17.66172981262207,25769803776,0,17373446144,0
200,1790715165056,4,4,4,4,4,4,4,4,4,4,83.19007873535156,79.99886322021484,79.91999816894531,81.54049682617188,73.35549926757813,83.07438659667969,84.796875,15.000000953674316,5,0,4.761904716491699,0,0,5,9.523809432983398,0,0,17.66172981262207,25769803776,0,17373659136,0
204,1790715165257,4,4,4,4,4,4,4,4,4,4,83.19007873535156,79.99886322021484,79.91999816894531,81.54049682617188,73.35549926757813,83.07438659667969,84.796875,10,5,4.761904716491699,0,0,0,4.761904716491699,0,4.761904716491699,0,17.66172981262207,25769803776,0,17373691904,0
204,1790715165462,4,4,4,4,4,4,4,4,4,4,83.19007873535156,79.99886322021484,79.91999816894531,81.54049682617188,73.35549926757813,83.07438659667969,84.796875,10,5,4.761904716491699,0,0,4.761904716491699,0,9.523809432983398,0,0,17.949811935424805,25769803776,0,17373691904,0
203,1790715165667,4,4,4,4,4,4,4,4,4,4,83.19007873535156,79.99886322021484,79.91999816894531,81.54049682617188,73.35549926757813,83.07438659667969,84.796875,10,4.761904716491699,5,0,0,0,0,5,0,0,17.949811935424805,25769803776,0,17375690752,0
204,1790715165870,4,4,4,4,4,4,4,4,4,4,83.19007873535156,79.99886322021484,79.91999816894531,81.54049682617188,73.35549926757813,83.07438659667969,84.796875,9.523809432983398,5,0,4.761904716491699,0,0,0,0,0,0,17.949811935424805,25769803776,0,17373757440,0
204,1790715166075,4,4,4,4,4,4,4,4,4,4,83.48468780517578,80.26864624023438,80.12648010253906,81.84989166259766,73.6302490234375,83.3927993774414,85.03125,14.285715103149414,9.523809432983398,9.523809432983398,0,0,0,0,9.523809432983398,4.761904716491699,0,17.949811935424805,25769803776,0,17373757440,0
204,1790715166280,4,4,4,4,4,4,4,4,4,4,83.48468780517578,80.26864624023438,80.12648010253906,81.84989166259766,73.6302490234375,83.3927993774414,85.03125,10,0,0,0,0,0,0,4.761904716491699,0,0,17.949811935424805,25769803776,0,17373757440,0
204,1790715166485,4,4,4,4,4,4,4,4,4,4,83.48468780517578,80.26864624023438,80.12648010253906,81.84989166259766,73.6302490234375,83.3927993774414,85.03125,10,9.090909004211426,0,4.545454502105713,0,0,0,5,0,0,18.321056365966797,25769803776,0,17373757440,0
204,1790715166690,4,4,4,4,4,4,4,4,4,4,83.48468780517578,80.26864624023438,80.12648010253906,81.84989166259766,73.6302490234375,83.3927993774414,85.03125,10,5,9.523809432983398,0,0,0,0,5,0,0,18.321056365966797,25769803776,0,17367433216,0
204,1790715166895,4,4,4,4,4,4,4,4,4,4,83.48468780517578,80.26864624023438,80.12648010253906,81.84989166259766,73.6302490234375,83.3927993774414,85.03125,14.285715103149414,10,0,4.761904716491699,0,0,0,5,0,0,18.321056365966797,25769803776,0,17358536704,0
204,1790715167100,4,4,4,4,4,4,4,4,4,4,83.70628356933594,80.41987609863281,80.1420669555664,82.0904769897461,73.66590881347656,83.6701889038086,85.265625,9.523809432983398,10,9.090909004211426,0,0,0,9.090909004211426,9.523809432983398,0,0,18.321056365966797,25769803776,0,17358471168,0
204,1790715167305,4,4,4,4,4,4,4,4,4,4,83.70628356933594,80.41987609863281,80.1420669555664,82.0904769897461,73.66590881347656,83.6701889038086,85.265625,5.263157844543457,14.285715103149414,0,0,0,0,0,4.761904716491699,4.545454502105713,0,18.321056365966797,25769803776,0,17358487552,0
204,1790715167510,4,4,4,4,4,4,4,4,4,4,83.70628356933594,80.41987609863281,80.1420669555664,82.0904769897461,73.66590881347656,83.6701889038086,85.265625,9.523809432983398,5,0,0,0,0,0,10,0,0,18.186574935913086,25769803776,0,17358536704,0
204,1790715167715,4,4,4,4,4,4,4,4,4,4,83.70628356933594,80.41987609863281,80.1420669555664,82.0904769897461,73.66590881347656,83.6701889038086,85.265625,10,38.095237731933594,22.72727394104004,4.761904716491699,4.545454502105713,0,0,4.761904716491699,0,0,18.186574935913086,25769803776,0,17358979072,0
204,1790715167920,4,4,4,4,4,4,4,4,4,4,83.70628356933594,80.41987609863281,80.1420669555664,82.0904769897461,73.66590881347656,83.6701889038086,85.265625,9.523809432983398,0,0,0,0,0,0,9.523809432983398,0,0,18.186574935913086,25769803776,0,17358848000,0
204,1790715168125,4,4,4,4,4,4,4,4,4,4,83.86009216308594,80.63155364990234,80.47763061523438,82.19215393066406,74.06793212890625,83.87248992919922,85.265625,10,9.090909004211426,0,9.523809432983398,0,0,0,0,0,0,18.186574935913086,25769803776,0,17358815232,0
204,1790715168330,4,4,4,4,4,4,4,4,4,4,83.86009216308594,80.63155364990234,80.47763061523438,82.19215393066406,74.06793212890625,83.87248992919922,85.265625,0,0,9.090909004211426,0,0,0,0,9.523809432983398,0,0,18.186574935913086,25769803776,0,17358815232,0
204,1790715168536,4,4,4,4,4,4,4,4,4,4,83.86009216308594,80.63155364990234,80.47763061523438,82.19215393066406,74.06793212890625,83.87248992919922,85.265625,10,4.761904716491699,0,9.090909004211426,4.545454502105713,0,0,5,0,0,18.371965408325195,25769803776,0,17358815232,0
204,1790715168741,4,4,4,4,4,4,4,4,4,4,83.86009216308594,80.63155364990234,80.47763061523438,82.19215393066406,74.06793212890625,83.87248992919922,85.265625,9.523809432983398,5,0,0,0,0,0,9.523809432983398,4.545454502105713,0,18.371965408325195,25769803776,0,17358684160,0
204,1790715168946,4,4,4,4,4,4,4,4,4,4,83.9554672241211,80.73235321044922,80.55467987060547,82.26512145996094,74.10889434814453,83.95808410644531,85.5,5,4.761904716491699,4.761904716491699,4.761904716491699,0,0,0,4.761904716491699,0,0,18.371965408325195,25769803776,0,17348132864,0
204,1790715169151,4,4,4,4,4,4,4,4,4,4,83.9554672241211,80.73235321044922,80.55467987060547,82.26512145996094,74.10889434814453,83.95808410644531,85.5,5,4.761904716491699,5,5,0,0,0,9.523809432983398,0,0,18.371965408325195,25769803776,0,17345740800,0
204,1790715169356,4,4,4,4,4,4,4,4,4,4,83.9554672241211,80.73235321044922,80.55467987060547,82.26512145996094,74.10889434814453,83.95808410644531,85.5,10,5,4.761904716491699,5,0,0,0,0,0,0,18.371965408325195,25769803776,0,17345937408,0
200,1790715169561,4,4,4,4,4,4,4,4,4,4,83.9554672241211,80.73235321044922,80.55467987060547,82.26512145996094,74.10889434814453,83.95808410644531,85.5,9.523809432983398,0,4.761904716491699,4.761904716491699,0,0,4.761904716491699,9.523809432983398,0,0,18.360355377197266,25769803776,0,17345937408,0
201,1790715169761,4,4,4,4,4,4,4,4,4,4,83.9554672241211,80.73235321044922,80.55467987060547,82.26512145996094,74.10889434814453,83.95808410644531,85.5,5,9.523809432983398,0,4.761904716491699,0,0,5,4.761904716491699,0,0,18.360355377197266,25769803776,0,17346002944,0
204,1790715169962,4,4,4,4,4,4,4,4,4,4,83.97683715820313,80.8830795288086,80.44629669189453,82.30503845214844,73.83281707763672,83.96954345703125,85.5,5,0,0,0,0,0,4.761904716491699,0,0,0,18.360355377197266,25769803776,0,17346002944,0
204,1790715170167,4,4,4,4,4,4,4,4,4,4,83.97683715820313,80.8830795288086,80.44629669189453,82.30503845214844,73.83281707763672,83.96954345703125,85.5,5,4.761904716491699,0,0,0,0,0,0,0,0,18.360355377197266,25769803776,0,17346002944,0
204,1790715170372,4,4,4,4,4,4,4,4,4,4,83.97683715820313,80.8830795288086,80.44629669189453,82.30503845214844,73.83281707763672,83.96954345703125,85.5,4.761904716491699,0,4.761904716491699,0,0,0,0,9.523809432983398,4.545454502105713,0,18.360355377197266,25769803776,0,17346002944,0
204,1790715170577,4,4,4,4,4,4,4,4,4,4,83.97683715820313,80.8830795288086,80.44629669189453,82.30503845214844,73.83281707763672,83.96954345703125,85.5,9.523809432983398,4.761904716491699,0,4.761904716491699,0,0,0,5,0,0,18.147212982177734,25769803776,0,17346002944,0
204,1790715170782,4,4,4,4,4,4,4,4,4,4,83.97683715820313,80.8830795288086,80.44629669189453,82.30503845214844,73.83281707763672,83.96954345703125,85.5,5.263157844543457,5,4.761904716491699,4.545454502105713,0,4.761904716491699,0,9.090909004211426,4.761904716491699,0,18.147212982177734,25769803776,0,17346265088,0
204,1790715170987,4,4,4,4,4,4,4,4,4,4,84.12506103515625,80.89806365966797,80.69877624511719,82.47293853759766,74.17288970947266,84.07987213134766,85.734375,5,4.761904716491699,0,0,0,0,4.761904716491699,0,0,0,18.147212982177734,25769803776,0,17346183168,0
204,1790715171192,4,4,4,4,4,4,4,4,4,4,84.12506103515625,80.89806365966797,80.69877624511719,82.47293853759766,74.17288970947266,84.07987213134766,85.734375,9.523809432983398,5,0,0,0,0,5,4.761904716491699,0,0,18.147212982177734,25769803776,0,17346330624,0
204,1790715171397,4,4,4,4,4,4,4,4,4,4,84.12506103515625,80.89806365966797,80.69877624511719,82.47293853759766,74.17288970947266,84.07987213134766,85.734375,10,0,4.761904716491699,0,0,0,0,4.761904716491699,0,4.545454502105713,18.147212982177734,25769803776,0,17346330624,0
204,1790715171602,4,4,4,4,4,4,4,4,4,4,84.12506103515625,80.89806365966797,80.69877624511719,82.47293853759766,74.17288970947266,84.07987213134766,85.734375,9.523809432983398,9.523809432983398,4.761904716491699,0,0,0,0,5,0,0,18.141063690185547,25769803776,0,17346330624,0
204,1790715171808,4,4,4,4,4,4,4,4,4,4,84.12506103515625,80.89806365966797,80.69877624511719,82.47293853759766,74.17288970947266,84.07987213134766,85.734375,14.285715103149414,0,0,0,4.761904716491699,0,9.090909004211426,5,0,0,18.141063690185547,25769803776,0,17346396160,0
204,1790715172013,4,4,4,4,4,4,4,4,4,4,84.21019744873047,81.06967163085938,80.63622283935547,82.58785247802734,74.01993560791016,84.1458511352539,85.734375,10,9.090909004211426,4.761904716491699,4.761904716491699,4.761904716491699,0,0,9.523809432983398,0,0,18.141063690185547,25769803776,0,17346412544,0
204,1790715172218,4,4,4,4,4,4,4,4,4,4,84.21019744873047,81.06967163085938,80.63622283935547,82.58785247802734,74.01993560791016,84.1458511352539,85.734375,9.523809432983398,0,4.761904716491699,0,0,0,0,4.761904716491699,4.545454502105713,0,18.141063690185547,25769803776,0,17346461696,0
204,1790715172423,4,4,4,4,4,4,4,4,4,4,84.21019744873047,81.06967163085938,80.63622283935547,82.58785247802734,74.01993560791016,84.1458511352539,85.734375,10,5,0,0,0,0,0,5,0,0,18.141063690185547,25769803776,0,17346461696,0
204,1790715172628,4,4,4,4,4,4,4,4,4,4,84.21019744873047,81.06967163085938,80.63622283935547,82.58785247802734,74.01993560791016,84.1458511352539,85.734375,5,4.761904716491699,4.761904716491699,4.761904716491699,0,0,0,5,0,0,17.908233642578125,25769803776,0,17346428928,0
204,1790715172833,4,4,4,4,4,4,4,4,4,4,84.21019744873047,81.06967163085938,80.63622283935547,82.58785247802734,74.01993560791016,84.1458511352539,85.734375,5,5,4.761904716491699,0,0,0,0,4.761904716491699,0,0,17.908233642578125,25769803776,0,17346428928,0
204,1790715173038,4,4,4,4,4,4,4,4,4,4,84.39510345458984,81.0218734741211,80.79859161376953,82.7994384765625,74.1893539428711,84.21464538574219,89.609375,9.523809432983398,5,0,0,0,0,0,9.523809432983398,0,0,17.908233642578125,25769803776,0,17346428928,0
204,1790715173243,4,4,4,4,4,4,4,4,4,4,84.39510345458984,81.0218734741211,80.79859161376953,82.7994384765625,74.1893539428711,84.21464538574219,89.609375,5,9.523809432983398,0,0,0,0,0,5,0,0,17.908233642578125,25769803776,0,17346428928,0
204,1790715173448,4,4,4,4,4,4,4,4,4,4,84.39510345458984,81.0218734741211,80.79859161376953,82.7994384765625,74.1893539428711,84.21464538574219,89.609375,9.523809432983398,9.523809432983398,4.761904716491699,0,0,0,9.523809432983398,0,0,0,17.96224021911621,25769803776,0,17346428928,0
204,1790715173653,4,4,4,4,4,4,4,4,4,4,84.39510345458984,81.0218734741211,80.79859161376953,82.7994384765625,74.1893539428711,84.21464538574219,89.609375,0,0,4.761904716491699,0,0,0,0,4.761904716491699,0,0,17.96224021911621,25769803776,0,17346428928,0
204,1790715173858,4,4,4,4,4,4,4,4,4,4,84.39510345458984,81.0218734741211,80.79859161376953,82.7994384765625,74.1893539428711,84.21464538574219,89.609375,9.523809432983398,4.761904716491699,0,5,0,0,0,4.761904716491699,0,0,17.96224021911621,25769803776,0,17346379776,0
204,1790715174063,4,4,4,4,4,4,4,4,4,4,84.33905029296875,81.3211441040039,80.77101135253906,82.77394104003906,74.06967163085938,84.19039154052734,86.203125,9.523809432983398,5,0,4.761904716491699,0,0,5,0,0,4.545454502105713,17.96224021911621,25769803776,0,17346396160,0
204,1790715174268,4,4,4,4,4,4,4,4,4,4,84.33905029296875,81.3211441040039,80.77101135253906,82.77394104003906,74.06967163085938,84.19039154052734,86.203125,5,9.090909004211426,9.090909004211426,5,0,0,0,9.523809432983398,4.761904716491699,0,17.96224021911621,25769803776,0,17346396160,0
204,1790715174473,4,4,4,4,4,4,4,4,4,4,84.33905029296875,81.3211441040039,80.77101135253906,82.77394104003906,74.06967163085938,84.19039154052734,86.203125,9.523809432983398,0,0,4.761904716491699,0,0,0,0,0,0,17.862581253051758,25769803776,0,17345953792,0
204,1790715174678,4,4,4,4,4,4,4,4,4,4,84.33905029296875,81.3211441040039,80.77101135253906,82.77394104003906,74.06967163085938,84.19039154052734,86.203125,0,5,0,5,0,0,0,5,0,0,17.862581253051758,25769803776,0,17346084864,0
204,1790715174883,4,4,4,4,4,4,4,4,4,4,84.33905029296875,81.3211441040039,80.77101135253906,82.77394104003906,74.06967163085938,84.19039154052734,86.203125,9.523809432983398,0,0,0,0,0,4.761904716491699,9.523809432983398,4.761904716491699,0,17.862581253051758,25769803776,0,17346019328,0
200,1790715175088,4,4,4,4,4,4,4,4,4,4,84.52560424804688,81.13611602783203,80.86872100830078,82.82408905029297,74.20213317871094,84.305419921875,85.96875,5,0,4.545454502105713,4.761904716491699,0,0,0,4.761904716491699,0,0,17.862581253051758,25769803776,0,17346297856,0
200,1790715175288,4,4,4,4,4,4,4,4,4,4,84.52560424804688,81.13611602783203,80.86872100830078,82.82408905029297,74.20213317871094,84.305419921875,85.96875,0,4.761904716491699,0,0,0,0,4.761904716491699,10,0,0,17.862581253051758,25769803776,0,17346297856,0
204,1790715175489,4,4,4,4,4,4,4,4,4,4,84.52560424804688,81.13611602783203,80.86872100830078,82.82408905029297,74.20213317871094,84.305419921875,85.96875,9.523809432983398,5,4.761904716491699,0,0,0,0,0,0,0,17.737560272216797,25769803776,0,17346150400,0
201,1790715175694,4,4,4,4,4,4,4,4,4,4,84.52560424804688,81.13611602783203,80.86872100830078,82.82408905029297,74.20213317871094,84.305419921875,85.96875,5,0,0,4.761904716491699,0,0,0,9.523809432983398,4.761904716491699,0,17.737560272216797,25769803776,0,17346166784,0
204,1790715175896,4,4,4,4,4,4,4,4,4,4,84.52560424804688,81.13611602783203,80.86872100830078,82.82408905029297,74.20213317871094,84.305419921875,85.96875,9.523809432983398,0,0,4.761904716491699,0,0,0,5,0,0,17.737560272216797,25769803776,0,17345986560,0
202,1790715176101,4,4,4,4,4,4,4,4,4,4,84.49292755126953,81.24128723144531,81.0691146850586,82.83992004394531,74.49917602539063,84.24984741210938,85.96875,0,4.761904716491699,0,0,0,0,5,0,0,0,17.737560272216797,25769803776,0,17346019328,0
204,1790715176303,4,4,4,4,4,4,4,4,4,4,84.49292755126953,81.24128723144531,81.0691146850586,82.83992004394531,74.49917602539063,84.24984741210938,85.96875,4.761904716491699,0,0,0,0,0,0,9.090909004211426,0,0,17.737560272216797,25769803776,0,17346019328,0
204,1790715176508,4,4,4,4,4,4,4,4,4,4,84.49292755126953,81.24128723144531,81.0691146850586,82.83992004394531,74.49917602539063,84.24984741210938,85.96875,0,0,0,0,0,0,9.090909004211426,5,0,0,17.8104248046875,25769803776,0,17345888256,0
204,1790715176713,4,4,4,4,4,4,4,4,4,4,84.49292755126953,81.24128723144531,81.0691146850586,82.83992004394531,74.49917602539063,84.24984741210938,85.96875,0,0,0,0,0,0,0,9.523809432983398,0,0,17.8104248046875,25769803776,0,17345888256,0
204,1790715176918,4,4,4,4,4,4,4,4,4,4,84.49292755126953,81.24128723144531,81.0691146850586,82.83992004394531,74.49917602539063,84.24984741210938,85.96875,4.761904716491699,4.761904716491699,0,0,0,0,0,0,0,0,17.8104248046875,25769803776,0,17345757184,0
204,1790715177123,4,4,4,4,4,4,4,4,4,4,84.4540786743164,81.34841918945313,80.9995346069336,82.83805847167969,74.35653686523438,84.21637725830078,85.96875,0,0,4.761904716491699,0,0,0,0,5,0,0,17.8104248046875,25769803776,0,17345593344,0
204,1790715177328,4,4,4,4,4,4,4,4,4,4,84.4540786743164,81.34841918945313,80.9995346069336,82.83805847167969,74.35653686523438,84.21637725830078,85.96875,4.761904716491699,0,0,0,0,0,0,9.090909004211426,0,0,17.8104248046875,25769803776,0,17347379200,0
204,1790715177533,4,4,4,4,4,4,4,4,4,4,84.4540786743164,81.34841918945313,80.9995346069336,82.83805847167969,74.35653686523438,84.21637725830078,85.96875,4.761904716491699,0,0,0,0,0,0,0,0,0,17.720218658447266,25769803776,0,17345593344,0
200,1790715177738,4,4,4,4,4,4,4,4,4,4,84.4540786743164,81.34841918945313,80.9995346069336,82.83805847167969,74.35653686523438,84.21637725830078,85.96875,0,4.761904716491699,0,0,0,0,5,0,4.761904716491699,0,17.720218658447266,25769803776,0,17345593344,0
200,1790715177938,4,4,4,4,4,4,4,4,4,4,84.46253204345703,81.3943862915039,80.85065460205078,82.86079406738281,74.07647705078125,84.23749542236328,85.96875,0,0,4.761904716491699,0,0,0,9.523809432983398,9.523809432983398,0,0,17.720218658447266,25769803776,0,17345593344,0
204,1790715178139,4,4,4,4,4,4,4,4,4,4,84.46253204345703,81.3943862915039,80.85065460205078,82.86079406738281,74.07647705078125,84.23749542236328,85.96875,4.761904716491699,0,0,0,0,0,0,0,0,0,17.720218658447266,25769803776,0,17345626112,0
204,1790715178344,4,4,4,4,4,4,4,4,4,4,84.46253204345703,81.3943862915039,80.85065460205078,82.86079406738281,74.07647705078125,84.23749542236328,85.96875,0,0,0,0,0,0,0,9.523809432983398,0,0,17.720218658447266,25769803776,0,17345609728,0
204,1790715178549,4,4,4,4,4,4,4,4,4,4,84.46253204345703,81.3943862915039,80.85065460205078,82.86079406738281,74.07647705078125,84.23749542236328,85.96875,9.523809432983398,4.761904716491699,0,0,0,0,0,5,0,0,17.527185440063477,25769803776,0,17345609728,0
204,1790715178754,4,4,4,4,4,4,4,4,4,4,84.46253204345703,81.3943862915039,80.85065460205078,82.86079406738281,74.07647705078125,84.23749542236328,85.96875,0,0,0,0,0,0,0,5,0,0,17.527185440063477,25769803776,0,17339269120,0
204,1790715178959,4,4,4,4,4,4,4,4,4,4,84.52067565917969,81.2925033569336,81.1629867553711,82.91096496582031,74.60401916503906,84.23538970947266,85.96875,0,0,0,0,0,0,4.545454502105713,9.090909004211426,0,0,17.527185440063477,25769803776,0,17339269120,0
203,1790715179164,4,4,4,4,4,4,4,4,4,4,84.52067565917969,81.2925033569336,81.1629867553711,82.91096496582031,74.60401916503906,84.23538970947266,85.96875,4.761904716491699,0,0,0,0,0,0,5,0,0,17.527185440063477,25769803776,0,17339285504,0
204,1790715179368,4,4,4,4,4,4,4,4,4,4,84.52067565917969,81.2925033569336,81.1629867553711,82.91096496582031,74.60401916503906,84.23538970947266,85.96875,0,4.761904716491699,0,0,0,0,5,0,4.761904716491699,0,17.527185440063477,25769803776,0,17339580416,0
204,1790715179573,4,4,4,4,4,4,4,4,4,4,84.52067565917969,81.2925033569336,81.1629867553711,82.91096496582031,74.60401916503906,84.23538970947266,85.96875,0,4.761904716491699,0,4.545454502105713,0,0,0,9.523809432983398,0,0,17.558847427368164,25769803776,0,17339580416,0
204,1790715179778,4,4,4,4,4,4,4,4,4,4,84.52067565917969,81.2925033569336,81.1629867553711,82.91096496582031,74.60401916503906,84.23538970947266,85.96875,4.761904716491699,0,0,0,0,0,4.761904716491699,5,4.545454502105713,0,17.558847427368164,25769803776,0,17339580416,0
200,1790715179982,4,4,4,4,4,4,4,4,4,4,84.54727935791016,81.31172943115234,80.93742370605469,82.94013214111328,74.2520523071289,84.26033020019531,87.390625,0,0,0,0,0,0,0,5,0,0,17.558847427368164,25769803776,0,17339367424,0
200,1790715180182,4,4,4,4,4,4,4,4,4,4,84.54727935791016,81.31172943115234,80.93742370605469,82.94013214111328,74.2520523071289,84.26033020019531,87.390625,5,0,0,0,0,0,0,4.761904716491699,0,0,17.558847427368164,25769803776,0,17339383808,0
204,1790715180383,4,4,4,4,4,4,4,4,4,4,84.54727935791016,81.31172943115234,80.93742370605469,82.94013214111328,74.2520523071289,84.26033020019531,87.390625,4.761904716491699,0,0,0,0,0,9.523809432983398,0,0,0,17.558847427368164,25769803776,0,17339498496,0
204,1790715180588,4,4,4,4,4,4,4,4,4,4,84.54727935791016,81.31172943115234,80.93742370605469,82.94013214111328,74.2520523071289,84.26033020019531,87.390625,0,4.761904716491699,4.761904716491699,0,0,0,0,9.523809432983398,0,0,17.631616592407227,25769803776,0,17339400192,0
204,1790715180793,4,4,4,4,4,4,4,4,4,4,84.54727935791016,81.31172943115234,80.93742370605469,82.94013214111328,74.2520523071289,84.26033020019531,87.390625,0,0,0,0,0,0,0,4.761904716491699,0,0,17.631616592407227,25769803776,0,17339400192,0
204,1790715180997,4,4,4,4,4,4,4,4,4,4,84.51100158691406,81.41439819335938,81.0611343383789,82.90821075439453,74.39686584472656,84.25069427490234,85.96875,4.761904716491699,4.761904716491699,0,0,0,0,0,5,0,0,17.631616592407227,25769803776,0,17339351040,0
204,1790715181202,4,4,4,4,4,4,4,4,4,4,84.51100158691406,81.41439819335938,81.0611343383789,82.90821075439453,74.39686584472656,84.25069427490234,85.96875,4.761904716491699,0,4.761904716491699,0,0,0,5,0,0,0,17.631616592407227,25769803776,0,17339351040,0
204,1790715181407,4,4,4,4,4,4,4,4,4,4,84.51100158691406,81.41439819335938,81.0611343383789,82.90821075439453,74.39686584472656,84.25069427490234,85.96875,14.285715103149414,10,0,0,4.545454502105713,0,4.761904716491699,13.636363983154297,0,4.761904716491699,17.631616592407227,25769803776,0,17339351040,0
204,1790715181612,4,4,4,4,4,4,4,4,4,4,84.51100158691406,81.41439819335938,81.0611343383789,82.90821075439453,74.39686584472656,84.25069427490234,85.96875,10,4.761904716491699,5,0,0,0,5,0,4.761904716491699,0,17.517704010009766,25769803776,0,17339351040,0
204,1790715181817,4,4,4,4,4,4,4,4,4,4,84.51100158691406,81.41439819335938,81.0611343383789,82.90821075439453,74.39686584472656,84.25069427490234,85.96875,10,10,4.761904716491699,9.090909004211426,4.761904716491699,4.761904716491699,4.761904716491699,0,4.545454502105713,0,17.517704010009766,25769803776,0,17339351040,0
204,1790715182022,4,4,4,4,4,4,4,4,4,4,84.60556030273438,81.69871520996094,80.95027923583984,83.00285339355469,74.11580657958984,84.36744689941406,95.6875,5,0,0,0,0,0,0,5,0,0,17.517704010009766,25769803776,0,17357570048,0
204,1790715182228,4,4,4,4,4,4,4,4,4,4,84.60556030273438,81.69871520996094,80.95027923583984,83.00285339355469,74.11580657958984,84.36744689941406,95.6875,4.761904716491699,4.761904716491699,0,0,0,0,9.523809432983398,0,0,0,17.517704010009766,25769803776,0,17357619200,0
204,1790715182433,4,4,4,4,4,4,4,4,4,4,84.60556030273438,81.69871520996094,80.95027923583984,83.00285339355469,74.11580657958984,84.36744689941406,95.6875,5,4.761904716491699,4.761904716491699,0,0,0,0,9.523809432983398,0,0,17.492380142211914,25769803776,0,17357619200,0
204,1790715182638,4,4,4,4,4,4,4,4,4,4,84.60556030273438,81.69871520996094,80.95027923583984,83.00285339355469,74.11580657958984,84.36744689941406,95.6875,0,0,0,0,0,0,0,5,0,0,17.492380142211914,25769803776,0,17357619200,0
204,1790715182843,4,4,4,4,4,4,4,4,4,4,84.60556030273438,81.69871520996094,80.95027923583984,83.00285339355469,74.11580657958984,84.36744689941406,95.6875,4.761904716491699,0,0,0,0,0,0,9.523809432983398,0,0,17.492380142211914,25769803776,0,17357619200,0
204,1790715183048,4,4,4,4,4,4,4,4,4,4,84.36425018310547,81.28244018554688,80.92890167236328,82.78683471679688,74.22931671142578,84.23237609863281,85.96875,4.761904716491699,0,0,0,0,0,0,0,4.761904716491699,0,17.492380142211914,25769803776,0,17357914112,0
204,1790715183253,4,4,4,4,4,4,4,4,4,4,84.36425018310547,81.28244018554688,80.92890167236328,82.78683471679688,74.22931671142578,84.23237609863281,85.96875,0,0,0,0,0,0,0,9.523809432983398,0,0,17.492380142211914,25769803776,0,17357897728,0
204,1790715183458,4,4,4,4,4,4,4,4,4,4,84.36425018310547,81.28244018554688,80.92890167236328,82.78683471679688,74.22931671142578,84.23237609863281,85.96875,4.761904716491699,9.090909004211426,0,0,0,0,0,5,0,0,17.50505256652832,25769803776,0,17357864960,0
204,1790715183663,4,4,4,4,4,4,4,4,4,4,84.36425018310547,81.28244018554688,80.92890167236328,82.78683471679688,74.22931671142578,84.23237609863281,85.96875,0,0,0,0,0,0,4.545454502105713,9.090909004211426,0,0,17.50505256652832,25769803776,0,17357668352,0
204,1790715183868,4,4,4,4,4,4,4,4,4,4,84.36425018310547,81.28244018554688,80.92890167236328,82.78683471679688,74.22931671142578,84.23237609863281,85.96875,5,0,0,0,0,0,0,5,0,0,17.50505256652832,25769803776,0,17357717504,0
204,1790715184073,4,4,4,4,4,4,4,4,4,4,84.39518737792969,81.24547576904297,81.11809539794922,82.81787109375,74.552001953125,84.23859405517578,85.96875,5,0,0,0,0,0,0,5,4.761904716491699,0,17.50505256652832,25769803776,0,17342988288,0
201,1790715184278,4,4,4,4,4,4,4,4,4,4,84.39518737792969,81.24547576904297,81.11809539794922,82.81787109375,74.552001953125,84.23859405517578,85.96875,4.545454502105713,0,0,0,0,0,0,9.523809432983398,0,0,17.50505256652832,25769803776,0,17343152128,0
204,1790715184479,4,4,4,4,4,4,4,4,4,4,84.39518737792969,81.24547576904297,81.11809539794922,82.81787109375,74.552001953125,84.23859405517578,85.96875,0,0,0,0,0,0,0,0,4.761904716491699,0,17.18241310119629,25769803776,0,17342726144,0
204,1790715184684,4,4,4,4,4,4,4,4,4,4,84.39518737792969,81.24547576904297,81.11809539794922,82.81787109375,74.552001953125,84.23859405517578,85.96875,0,0,4.761904716491699,0,0,0,0,9.523809432983398,0,0,17.18241310119629,25769803776,0,17342726144,0
204,1790715184889,4,4,4,4,4,4,4,4,4,4,84.39518737792969,81.24547576904297,81.11809539794922,82.81787109375,74.552001953125,84.23859405517578,85.96875,4.761904716491699,4.761904716491699,4.545454502105713,0,0,0,9.523809432983398,0,0,0,17.18241310119629,25769803776,0,17343004672,0
204,1790715185094,4,4,4,4,4,4,4,4,4,4,84.38994598388672,81.28813171386719,80.99650573730469,82.79137420654297,74.35468292236328,84.25183868408203,85.96875,0,0,0,0,0,0,0,5,0,0,17.18241310119629,25769803776,0,17343021056,0
204,1790715185298,4,4,4,4,4,4,4,4,4,4,84.38994598388672,81.28813171386719,80.99650573730469,82.79137420654297,74.35468292236328,84.25183868408203,85.96875,0,0,0,0,0,0,0,9.090909004211426,4.761904716491699,0,17.18241310119629,25769803776,0,17344741376,0
201,1790715185503,4,4,4,4,4,4,4,4,4,4,84.38994598388672,81.28813171386719,80.99650573730469,82.79137420654297,74.35468292236328,84.25183868408203,85.96875,4.761904716491699,0,0,0,0,0,0,0,0,0,17.35787582397461,25769803776,0,17344741376,0
204,1790715185705,4,4,4,4,4,4,4,4,4,4,84.38994598388672,81.28813171386719,80.99650573730469,82.79137420654297,74.35468292236328,84.25183868408203,85.96875,0,0,0,0,0,0,0,0,5,0,17.35787582397461,25769803776,0,17344741376,0
204,1790715185910,4,4,4,4,4,4,4,4,4,4,84.38994598388672,81.28813171386719,80.99650573730469,82.79137420654297,74.35468292236328,84.25183868408203,85.96875,0,9.090909004211426,0,0,0,0,9.523809432983398,0,0,0,17.35787582397461,25769803776,0,17344741376,0
204,1790715186115,4,4,4,4,4,4,4,4,4,4,84.35708618164063,81.21317291259766,80.70852661132813,82.72862243652344,73.90572357177734,84.39572143554688,86.4375,4.761904716491699,0,0,0,0,0,0,9.090909004211426,0,0,17.35787582397461,25769803776,0,17343053824,0
204,1790715186320,4,4,4,4,4,4,4,4,4,4,84.35708618164063,81.21317291259766,80.70852661132813,82.72862243652344,73.90572357177734,84.39572143554688,86.4375,5,0,0,4.761904716491699,0,0,0,5,0,0,17.35787582397461,25769803776,0,17343135744,0
204,1790715186525,4,4,4,4,4,4,4,4,4,4,84.35708618164063,81.21317291259766,80.70852661132813,82.72862243652344,73.90572357177734,84.39572143554688,86.4375,4.761904716491699,0,0,0,0,0,0,5,0,0,17.258188247680664,25769803776,0,17343004672,0
204,1790715186730,4,4,4,4,4,4,4,4,4,4,84.35708618164063,81.21317291259766,80.70852661132813,82.72862243652344,73.90572357177734,84.39572143554688,86.4375,0,0,0,0,0,0,4.761904716491699,9.523809432983398,0,0,17.258188247680664,25769803776,0,17343021056,0
204,1790715186935,4,4,4,4,4,4,4,4,4,4,84.10477447509766,81.16644287109375,81.05120849609375,82.65271759033203,74.47083282470703,84.13072204589844,88.671875,0,0,0,0,0,0,0,5,0,0,17.258188247680664,25769803776,0,17343021056,0
200,1790715187140,4,4,4,4,4,4,4,4,4,4,84.10477447509766,81.16644287109375,81.05120849609375,82.65271759033203,74.47083282470703,84.13072204589844,88.671875,4.761904716491699,4.761904716491699,4.761904716491699,0,0,0,0,4.761904716491699,4.761904716491699,0,17.258188247680664,25769803776,0,17342726144,0
204,1790715187340,4,4,4,4,4,4,4,4,4,4,84.10477447509766,81.16644287109375,81.05120849609375,82.65271759033203,74.47083282470703,84.13072204589844,88.671875,5.263157844543457,5,0,0,0,0,0,5,0,0,17.258188247680664,25769803776,0,17342840832,0
204,1790715187545,4,4,4,4,4,4,4,4,4,4,84.10477447509766,81.16644287109375,81.05120849609375,82.65271759033203,74.47083282470703,84.13072204589844,88.671875,4.761904716491699,0,0,0,0,0,0,9.523809432983398,0,0,17.13479995727539,25769803776,0,17342513152,0
204,1790715187750,4,4,4,4,4,4,4,4,4,4,84.10477447509766,81.16644287109375,81.05120849609375,82.65271759033203,74.47083282470703,84.13072204589844,88.671875,0,0,0,0,0,0,4.761904716491699,5,4.545454502105713,0,17.13479995727539,25769803776,0,17342513152,0
204,1790715187955,4,4,4,4,4,4,4,4,4,4,83.94127655029297,81.12345886230469,80.96793365478516,82.48918914794922,74.39312744140625,84.05052947998047,87.265625,4.761904716491699,14.285715103149414,0,13.636363983154297,0,0,0,0,0,4.761904716491699,17.13479995727539,25769803776,0,17342513152,0
204,1790715188160,4,4,4,4,4,4,4,4,4,4,83.94127655029297,81.12345886230469,80.96793365478516,82.48918914794922,74.39312744140625,84.05052947998047,87.265625,0,0,4.761904716491699,0,0,0,4.761904716491699,9.090909004211426,0,0,17.13479995727539,25769803776,0,16886792192,0
204,1790715188365,4,4,4,4,4,4,4,4,4,4,83.94127655029297,81.12345886230469,80.96793365478516,82.48918914794922,74.39312744140625,84.05052947998047,87.265625,9.523809432983398,0,0,0,0,0,0,5,0,0,17.13479995727539,25769803776,0,16886775808,0
204,1790715188571,4,4,4,4,4,4,4,4,4,4,83.94127655029297,81.12345886230469,80.96793365478516,82.48918914794922,74.39312744140625,84.05052947998047,87.265625,0,0,0,0,0,0,0,9.523809432983398,0,0,17.09666633605957,25769803776,0,16886841344,0
204,1790715188775,4,4,4,4,4,4,4,4,4,4,83.94127655029297,81.12345886230469,80.96793365478516,82.48918914794922,74.39312744140625,84.05052947998047,87.265625,0,0,4.761904716491699,0,0,0,0,5,4.761904716491699,0,17.09666633605957,25769803776,0,16886824960,0
204,1790715188980,4,4,4,4,4,4,4,4,4,4,83.907470703125,81.03889465332031,80.83306884765625,82.40247344970703,74.2136001586914,83.97299194335938,85.734375,0,4.761904716491699,0,0,0,0,0,4.761904716491699,0,0,17.09666633605957,25769803776,0,16888610816,0
204,1790715189186,4,4,4,4,4,4,4,4,4,4,83.907470703125,81.03889465332031,80.83306884765625,82.40247344970703,74.2136001586914,83.97299194335938,85.734375,4.761904716491699,0,0,0,0,0,0,0,0,0,17.09666633605957,25769803776,0,16886530048,0
204,1790715189391,4,4,4,4,4,4,4,4,4,4,83.907470703125,81.03889465332031,80.83306884765625,82.40247344970703,74.2136001586914,83.97299194335938,85.734375,0,0,0,0,0,0,9.523809432983398,0,0,0,17.09666633605957,25769803776,0,16886611968,0
201,1790715189596,4,4,4,4,4,4,4,4,4,4,83.907470703125,81.03889465332031,80.83306884765625,82.40247344970703,74.2136001586914,83.97299194335938,85.734375,4.761904716491699,0,0,0,0,0,0,5,0,0,17.033573150634766,25769803776,0,16886611968,0
200,1790715189797,4,4,4,4,4,4,4,4,4,4,83.907470703125,81.03889465332031,80.83306884765625,82.40247344970703,74.2136001586914,83.97299194335938,85.734375,0,0,0,4.761904716491699,0,0,0,9.523809432983398,0,0,17.033573150634766,25769803776,0,16886611968,0
204,1790715189998,4,4,4,4,4,4,4,4,4,4,83.82362365722656,81.09439086914063,80.81002807617188,82.2744369506836,74.17877960205078,83.90090942382813,85.5,9.523809432983398,5,0,0,0,0,0,5,4.761904716491699,0,17.033573150634766,25769803776,0,16886611968,0
204,1790715190203,4,4,4,4,4,4,4,4,4,4,83.82362365722656,81.09439086914063,80.81002807617188,82.2744369506836,74.17877960205078,83.90090942382813,85.5,0,0,0,0,0,0,0,9.523809432983398,0,0,17.033573150634766,25769803776,0,16879992832,0
204,1790715190408,4,4,4,4,4,4,4,4,4,4,83.82362365722656,81.09439086914063,80.81002807617188,82.2744369506836,74.17877960205078,83.90090942382813,85.5,0,4.761904716491699,0,0,0,0,0,5,0,0,17.033573150634766,25769803776,0,16879992832,0
204,1790715190613,4,4,4,4,4,4,4,4,4,4,83.82362365722656,81.09439086914063,80.81002807617188,82.2744369506836,74.17877960205078,83.90090942382813,85.5,4.761904716491699,0,4.761904716491699,0,0,0,0,9.523809432983398,0,0,16.9354305267334,25769803776,0,16879992832,0
204,1790715190818,4,4,4,4,4,4,4,4,4,4,83.82362365722656,81.09439086914063,80.81002807617188,82.2744369506836,74.17877960205078,83.90090942382813,85.5,0,0,0,0,0,0,0,5,0,0,16.9354305267334,25769803776,0,16879992832,0
204,1790715191023,4,4,4,4,4,4,4,4,4,4,83.74861145019531,80.91246795654297,80.82335662841797,82.21440887451172,74.27680206298828,83.80229187011719,85.5,0,0,0,0,0,0,0,4.761904716491699,0,0,16.9354305267334,25769803776,0,16879992832,0
204,1790715191228,4,4,4,4,4,4,4,4,4,4,83.74861145019531,80.91246795654297,80.82335662841797,82.21440887451172,74.27680206298828,83.80229187011719,85.5,4.761904716491699,0,0,0,0,0,0,5,4.761904716491699,0,16.9354305267334,25769803776,0,16879845376,0
204,1790715191433,4,4,4,4,4,4,4,4,4,4,83.74861145019531,80.91246795654297,80.82335662841797,82.21440887451172,74.27680206298828,83.80229187011719,85.5,0,0,4.545454502105713,0,0,0,4.545454502105713,9.523809432983398,0,0,16.976320266723633,25769803776,0,16879845376,0
204,1790715191638,4,4,4,4,4,4,4,4,4,4,83.74861145019531,80.91246795654297,80.82335662841797,82.21440887451172,74.27680206298828,83.80229187011719,85.5,5,9.090909004211426,0,0,0,0,4.761904716491699,5,0,0,16.976320266723633,25769803776,0,16879845376,0
204,1790715191843,4,4,4,4,4,4,4,4,4,4,83.74861145019531,80.91246795654297,80.82335662841797,82.21440887451172,74.27680206298828,83.80229187011719,85.5,5,0,0,0,0,0,0,9.090909004211426,0,0,16.976320266723633,25769803776,0,16879845376,0
204,1790715192048,4,4,4,4,4,4,4,4,4,4,83.69023895263672,80.85816955566406,80.6865005493164,82.185546875,74.08650970458984,83.72345733642578,88.90625,9.090909004211426,9.523809432983398,5,0,0,0,0,0,0,0,16.976320266723633,25769803776,0,16879845376,0
204,1790715192253,4,4,4,4,4,4,4,4,4,4,83.69023895263672,80.85816955566406,80.6865005493164,82.185546875,74.08650970458984,83.72345733642578,88.90625,0,0,0,0,0,0,0,9.523809432983398,0,0,16.976320266723633,25769803776,0,16879632384,0
203,1790715192458,4,4,4,4,4,4,4,4,4,4,83.69023895263672,80.85816955566406,80.6865005493164,82.185546875,74.08650970458984,83.72345733642578,88.90625,5,4.761904716491699,4.761904716491699,0,0,0,0,5,4.761904716491699,0,16.86246109008789,25769803776,0,16879632384,0
204,1790715192661,4,4,4,4,4,4,4,4,4,4,83.69023895263672,80.85816955566406,80.6865005493164,82.185546875,74.08650970458984,83.72345733642578,88.90625,9.090909004211426,5,0,0,0,0,0,4.761904716491699,0,0,16.86246109008789,25769803776,0,16879632384,0
204,1790715192866,4,4,4,4,4,4,4,4,4,4,83.69023895263672,80.85816955566406,80.6865005493164,82.185546875,74.08650970458984,83.72345733642578,88.90625,5,0,0,0,0,0,0,9.523809432983398,0,0,16.86246109008789,25769803776,0,16879632384,0
204,1790715193071,4,4,4,4,4,4,4,4,4,4,83.52870178222656,80.84559631347656,80.74282836914063,82.0982437133789,74.2064208984375,83.5732650756836,87.03125,0,9.523809432983398,0,0,0,0,4.761904716491699,0,0,0,16.86246109008789,25769803776,0,16879632384,0
204,1790715193276,4,4,4,4,4,4,4,4,4,4,83.52870178222656,80.84559631347656,80.74282836914063,82.0982437133789,74.2064208984375,83.5732650756836,87.03125,9.090909004211426,9.523809432983398,4.761904716491699,0,0,0,4.761904716491699,0,0,0,16.86246109008789,25769803776,0,16877240320,0
204,1790715193481,4,4,4,4,4,4,4,4,4,4,83.52870178222656,80.84559631347656,80.74282836914063,82.0982437133789,74.2064208984375,83.5732650756836,87.03125,9.523809432983398,0,4.761904716491699,4.545454502105713,0,0,0,9.523809432983398,0,0,16.726497650146484,25769803776,0,16877305856,0
204,1790715193686,4,4,4,4,4,4,4,4,4,4,83.52870178222656,80.84559631347656,80.74282836914063,82.0982437133789,74.2064208984375,83.5732650756836,87.03125,0,9.523809432983398,0,0,4.761904716491699,0,0,5,0,0,16.726497650146484,25769803776,0,16877305856,0
204,1790715193892,4,4,4,4,4,4,4,4,4,4,83.52870178222656,80.84559631347656,80.74282836914063,82.0982437133789,74.2064208984375,83.5732650756836,87.03125,9.523809432983398,0,0,4.761904716491699,0,0,4.761904716491699,5,0,0,16.726497650146484,25769803776,0,16877305856,0
204,1790715194097,4,4,4,4,4,4,4,4,4,4,83.394775390625,80.8560562133789,80.46040344238281,81.98011779785156,73.80366516113281,83.36117553710938,86.796875,15.000000953674316,68.18181610107422,10,0,4.761904716491699,4.761904716491699,0,4.761904716491699,4.761904716491699,0,16.726497650146484,25769803776,0,16877305856,0
204,1790715194302,4,4,4,4,4,4,4,4,4,4,83.394775390625,80.8560562133789,80.46040344238281,81.98011779785156,73.80366516113281,83.36117553710938,86.796875,9.523809432983398,0,4.761904716491699,0,0,0,5,0,4.761904716491699,0,16.726497650146484,25769803776,0,16877748224,0
204,1790715194507,4,4,4,4,4,4,4,4,4,4,83.394775390625,80.8560562133789,80.46040344238281,81.98011779785156,73.80366516113281,83.36117553710938,86.796875,10,9.523809432983398,0,9.090909004211426,0,0,4.761904716491699,4.761904716491699,0,0,16.746652603149414,25769803776,0,16877748224,0
204,1790715194712,4,4,4,4,4,4,4,4,4,4,83.394775390625,80.8560562133789,80.46040344238281,81.98011779785156,73.80366516113281,83.36117553710938,86.796875,0,5,4.761904716491699,0,0,0,5,0,0,0,16.746652603149414,25769803776,0,16877748224,0
204,1790715194917,4,4,4,4,4,4,4,4,4,4,83.394775390625,80.8560562133789,80.46040344238281,81.98011779785156,73.80366516113281,83.36117553710938,86.796875,9.523809432983398,9.523809432983398,4.761904716491699,0,0,0,9.523809432983398,4.545454502105713,0,0,16.746652603149414,25769803776,0,16877748224,0
204,1790715195122,4,4,4,4,4,4,4,4,4,4,83.32760620117188,81.12576293945313,80.20850372314453,81.83647918701172,73.3986587524414,83.36006927490234,85.03125,5,5,0,0,0,0,5,0,4.761904716491699,0,16.746652603149414,25769803776,0,16877748224,0
204,1790715195327,4,4,4,4,4,4,4,4,4,4,83.32760620117188,81.12576293945313,80.20850372314453,81.83647918701172,73.3986587524414,83.36006927490234,85.03125,9.523809432983398,5,0,0,0,0,4.761904716491699,0,0,0,16.746652603149414,25769803776,0,16877404160,0
204,1790715195532,4,4,4,4,4,4,4,4,4,4,83.32760620117188,81.12576293945313,80.20850372314453,81.83647918701172,73.3986587524414,83.36006927490234,85.03125,9.523809432983398,9.523809432983398,4.761904716491699,0,0,0,5,0,0,0,16.54118537902832,25769803776,0,16877420544,0
204,1790715195737,4,4,4,4,4,4,4,4,4,4,83.32760620117188,81.12576293945313,80.20850372314453,81.83647918701172,73.3986587524414,83.36006927490234,85.03125,0,5,5,0,0,0,9.523809432983398,0,0,0,16.54118537902832,25769803776,0,16877420544,0
204,1790715195942,4,4,4,4,4,4,4,4,4,4,83.1716537475586,81.08131408691406,79.9225082397461,81.71028137207031,73.09149932861328,83.19102478027344,87.03125,10,4.761904716491699,0,0,4.761904716491699,0,4.761904716491699,0,0,0,16.54118537902832,25769803776,0,16877420544,0
204,1790715196147,4,4,4,4,4,4,4,4,4,4,83.1716537475586,81.08131408691406,79.9225082397461,81.71028137207031,73.09149932861328,83.19102478027344,87.03125,9.523809432983398,5,4.761904716491699,4.545454502105713,0,0,0,4.761904716491699,0,0,16.54118537902832,25769803776,0,16877420544,0
204,1790715196352,4,4,4,4,4,4,4,4,4,4,83.1716537475586,81.08131408691406,79.9225082397461,81.71028137207031,73.09149932861328,83.19102478027344,87.03125,9.523809432983398,9.523809432983398,4.761904716491699,4.761904716491699,0,4.545454502105713,9.090909004211426,0,4.545454502105713,0,16.54118537902832,25769803776,0,16877633536,0
204,1790715196557,4,4,4,4,4,4,4,4,4,4,83.1716537475586,81.08131408691406,79.9225082397461,81.71028137207031,73.09149932861328,83.19102478027344,87.03125,5,10,0,0,0,0,0,4.761904716491699,0,0,16.507295608520508,25769803776,0,16877649920,0
204,1790715196762,4,4,4,4,4,4,4,4,4,4,83.1716537475586,81.08131408691406,79.9225082397461,81.71028137207031,73.09149932861328,83.19102478027344,87.03125,9.523809432983398,0,0,0,0,0,4.761904716491699,0,0,0,16.507295608520508,25769803776,0,16879452160,0
204,1790715196967,4,4,4,4,4,4,4,4,4,4,83.0667724609375,80.81260681152344,79.91766357421875,81.6335678100586,73.1694107055664,83.08109283447266,84.796875,10,9.523809432983398,9.090909004211426,0,0,0,4.761904716491699,0,0,0,16.507295608520508,25769803776,0,16877502464,0
200,1790715197172,4,4,4,4,4,4,4,4,4,4,83.0667724609375,80.81260681152344,79.91766357421875,81.6335678100586,73.1694107055664,83.08109283447266,84.796875,14.285715103149414,0,0,0,0,0,5,4.545454502105713,0,0,16.507295608520508,25769803776,0,16877502464,0
204,1790715197372,4,4,4,4,4,4,4,4,4,4,83.0667724609375,80.81260681152344,79.91766357421875,81.6335678100586,73.1694107055664,83.08109283447266,84.796875,0,5,0,0,0,0,5,0,0,0,16.507295608520508,25769803776,0,16877748224,0
204,1790715197577,4,4,4,4,4,4,4,4,4,4,83.0667724609375,80.81260681152344,79.91766357421875,81.6335678100586,73.1694107055664,83.08109283447266,84.796875,9.523809432983398,5,4.761904716491699,0,4.545454502105713,0,9.523809432983398,0,0,0,16.317359924316406,25769803776,0,16877748224,0
204,1790715197782,4,4,4,4,4,4,4,4,4,4,83.0667724609375,80.81260681152344,79.91766357421875,81.6335678100586,73.1694107055664,83.08109283447266,84.796875,9.523809432983398,4.761904716491699,5,0,0,0,5,0,0,0,16.317359924316406,25769803776,0,16877748224,0
204,1790715197987,4,4,4,4,4,4,4,4,4,4,82.89506530761719,80.95369720458984,79.8246841430664,81.48876953125,72.98301696777344,82.92872619628906,84.5625,10,9.523809432983398,0,9.090909004211426,0,0,9.090909004211426,4.761904716491699,0,0,16.317359924316406,25769803776,0,16877748224,0
204,1790715198192,4,4,4,4,4,4,4,4,4,4,82.89506530761719,80.95369720458984,79.8246841430664,81.48876953125,72.98301696777344,82.92872619628906,84.5625,9.523809432983398,0,9.090909004211426,0,0,0,0,0,4.761904716491699,0,16.317359924316406,25769803776,0,16877748224,0
202,1790715198397,4,4,4,4,4,4,4,4,4,4,82.89506530761719,80.95369720458984,79.8246841430664,81.48876953125,72.98301696777344,82.92872619628906,84.5625,0,4.761904716491699,0,0,0,0,5,0,4.761904716491699,0,16.317359924316406,25769803776,0,16878059520,0
200,1790715198600,4,4,4,4,4,4,4,4,4,4,82.89506530761719,80.95369720458984,79.8246841430664,81.48876953125,72.98301696777344,82.92872619628906,84.5625,9.523809432983398,4.761904716491699,0,0,0,0,9.523809432983398,5,0,0,16.175582885742188,25769803776,0,16878075904,0
199,1790715198801,4,4,4,4,4,4,4,4,4,4,82.89506530761719,80.95369720458984,79.8246841430664,81.48876953125,72.98301696777344,82.92872619628906,84.5625,5,0,0,0,0,0,5,0,0,0,16.175582885742188,25769803776,0,16878075904,0
204,1790715199001,4,4,4,4,4,4,4,4,4,4,82.83079528808594,80.74424743652344,79.72640228271484,81.3848648071289,72.87439727783203,82.89036560058594,84.5625,0,9.523809432983398,4.761904716491699,0,0,0,10,0,0,0,16.175582885742188,25769803776,0,16878075904,0
204,1790715199206,4,4,4,4,4,4,4,4,4,4,82.83079528808594,80.74424743652344,79.72640228271484,81.3848648071289,72.87439727783203,82.89036560058594,84.5625,9.090909004211426,0,4.761904716491699,0,0,0,4.761904716491699,0,0,0,16.175582885742188,25769803776,0,16877682688,0
202,1790715199411,4,4,4,4,4,4,4,4,4,4,82.83079528808594,80.74424743652344,79.72640228271484,81.3848648071289,72.87439727783203,82.89036560058594,84.5625,5.263157844543457,9.523809432983398,0,0,0,0,5,4.545454502105713,0,0,16.175582885742188,25769803776,0,16877912064,0
204,1790715199614,4,4,4,4,4,4,4,4,4,4,82.83079528808594,80.74424743652344,79.72640228271484,81.3848648071289,72.87439727783203,82.89036560058594,84.5625,9.523809432983398,0,5,4.761904716491699,0,0,5,0,0,0,16.201271057128906,25769803776,0,16878010368,0
204,1790715199819,4,4,4,4,4,4,4,4,4,4,82.83079528808594,80.74424743652344,79.72640228271484,81.3848648071289,72.87439727783203,82.89036560058594,84.5625,5,9.523809432983398,0,0,0,0,9.523809432983398,0,0,0,16.201271057128906,25769803776,0,16878043136,0
204,1790715200024,4,4,4,4,4,4,4,4,4,4,82.65591430664063,80.8228988647461,79.71480560302734,81.2017593383789,72.78971862792969,82.752197265625,84.5625,5,5,4.761904716491699,0,4.761904716491699,0,0,0,4.761904716491699,0,16.201271057128906,25769803776,0,16878043136,0
204,1790715200229,4,4,4,4,4,4,4,4,4,4,82.65591430664063,80.8228988647461,79.71480560302734,81.2017593383789,72.78971862792969,82.752197265625,84.5625,9.523809432983398,5,0,0,0,0,5,0,4.761904716491699,0,16.201271057128906,25769803776,0,16878043136,0
201,1790715200434,4,4,4,4,4,4,4,4,4,4,82.65591430664063,80.8228988647461,79.71480560302734,81.2017593383789,72.78971862792969,82.752197265625,84.5625,5,9.523809432983398,4.761904716491699,4.545454502105713,0,0,9.090909004211426,0,0,0,16.09566307067871,25769803776,0,16861216768,0
204,1790715200636,4,4,4,4,4,4,4,4,4,4,82.65591430664063,80.8228988647461,79.71480560302734,81.2017593383789,72.78971862792969,82.752197265625,84.5625,5,5,5,0,0,0,0,0,0,0,16.09566307067871,25769803776,0,16859463680,0
204,1790715200841,4,4,4,4,4,4,4,4,4,4,82.65591430664063,80.8228988647461,79.71480560302734,81.2017593383789,72.78971862792969,82.752197265625,84.5625,10,5,0,0,0,0,4.761904716491699,0,0,0,16.09566307067871,25769803776,0,16859463680,0
204,1790715201046,4,4,4,4,4,4,4,4,4,4,82.73674774169922,80.57009887695313,79.60543060302734,81.19600677490234,72.68016052246094,82.92366790771484,85.03125,9.523809432983398,4.761904716491699,4.761904716491699,0,0,0,9.523809432983398,4.761904716491699,4.761904716491699,0,16.09566307067871,25769803776,0,16859463680,0
204,1790715201251,4,4,4,4,4,4,4,4,4,4,82.73674774169922,80.57009887695313,79.60543060302734,81.19600677490234,72.68016052246094,82.92366790771484,85.03125,10,5,0,4.761904716491699,0,0,5,0,0,0,16.09566307067871,25769803776,0,16859463680,0
204,1790715201456,4,4,4,4,4,4,4,4,4,4,82.73674774169922,80.57009887695313,79.60543060302734,81.19600677490234,72.68016052246094,82.92366790771484,85.03125,9.523809432983398,0,4.761904716491699,0,4.761904716491699,0,9.523809432983398,0,0,0,16.06821060180664,25769803776,0,16859611136,0
204,1790715201661,4,4,4,4,4,4,4,4,4,4,82.73674774169922,80.57009887695313,79.60543060302734,81.19600677490234,72.68016052246094,82.92366790771484,85.03125,5,4.761904716491699,0,5,0,0,5,4.761904716491699,0,0,16.06821060180664,25769803776,0,16859545600,0
204,1790715201866,4,4,4,4,4,4,4,4,4,4,82.73674774169922,80.57009887695313,79.60543060302734,81.19600677490234,72.68016052246094,82.92366790771484,85.03125,5,4.761904716491699,4.761904716491699,4.761904716491699,0,0,5,0,0,0,16.06821060180664,25769803776,0,16859578368,0
204,1790715202071,4,4,4,4,4,4,4,4,4,4,82.47111511230469,80.54370880126953,79.55397033691406,81.0265884399414,72.60126495361328,82.58734130859375,84.328125,9.523809432983398,0,0,0,0,0,5,0,0,0,16.06821060180664,25769803776,0,16859611136,0
204,1790715202276,4,4,4,4,4,4,4,4,4,4,82.47111511230469,80.54370880126953,79.55397033691406,81.0265884399414,72.60126495361328,82.58734130859375,84.328125,5,0,0,4.761904716491699,0,0,4.761904716491699,0,0,0,16.06821060180664,25769803776,0,16859643904,0
204,1790715202481,4,4,4,4,4,4,4,4,4,4,82.47111511230469,80.54370880126953,79.55397033691406,81.0265884399414,72.60126495361328,82.58734130859375,84.328125,4.761904716491699,0,0,0,0,0,0,4.761904716491699,0,4.761904716491699,16.020959854125977,25769803776,0,16859643904,0
204,1790715202686,4,4,4,4,4,4,4,4,4,4,82.47111511230469,80.54370880126953,79.55397033691406,81.0265884399414,72.60126495361328,82.58734130859375,84.328125,5,9.090909004211426,0,0,0,0,9.523809432983398,0,9.090909004211426,0,16.020959854125977,25769803776,0,16859447296,0
204,1790715202891,4,4,4,4,4,4,4,4,4,4,82.47111511230469,80.54370880126953,79.55397033691406,81.0265884399414,72.60126495361328,82.58734130859375,84.328125,5,0,0,0,0,0,5,0,0,0,16.020959854125977,25769803776,0,16859463680,0
204,1790715203096,4,4,4,4,4,4,4,4,4,4,82.4395980834961,80.44560241699219,79.60034942626953,80.99809265136719,72.6891860961914,82.55644989013672,87.96875,9.523809432983398,0,0,4.761904716491699,0,0,9.523809432983398,0,0,0,16.020959854125977,25769803776,0,16859463680,0
204,1790715203301,4,4,4,4,4,4,4,4,4,4,82.4395980834961,80.44560241699219,79.60034942626953,80.99809265136719,72.6891860961914,82.55644989013672,87.96875,0,4.761904716491699,0,0,0,0,5,0,0,0,16.020959854125977,25769803776,0,16859463680,0
204,1790715203506,4,4,4,4,4,4,4,4,4,4,82.4395980834961,80.44560241699219,79.60034942626953,80.99809265136719,72.6891860961914,82.55644989013672,87.96875,9.523809432983398,4.761904716491699,4.761904716491699,0,0,0,9.523809432983398,0,0,0,15.871105194091797,25769803776,0,16859398144,0
204,1790715203711,4,4,4,4,4,4,4,4,4,4,82.4395980834961,80.44560241699219,79.60034942626953,80.99809265136719,72.6891860961914,82.55644989013672,87.96875,9.523809432983398,0,0,0,0,0,4.761904716491699,0,0,0,15.871105194091797,25769803776,0,16859398144,0
204,1790715203916,4,4,4,4,4,4,4,4,4,4,82.4395980834961,80.44560241699219,79.60034942626953,80.99809265136719,72.6891860961914,82.55644989013672,87.96875,5,0,0,0,0,0,5,4.761904716491699,0,0,15.871105194091797,25769803776,0,16859283456,0
204,1790715204121,4,4,4,4,4,4,4,4,4,4,82.30858612060547,80.43550872802734,79.44157409667969,80.85652160644531,72.431640625,82.4238510131836,84.09375,9.523809432983398,4.761904716491699,0,0,0,0,5,4.761904716491699,4.761904716491699,0,15.871105194091797,25769803776,0,16859283456,0
204,1790715204326,4,4,4,4,4,4,4,4,4,4,82.30858612060547,80.43550872802734,79.44157409667969,80.85652160644531,72.431640625,82.4238510131836,84.09375,5,0,0,0,0,0,4.761904716491699,0,0,0,15.871105194091797,25769803776,0,16859283456,0
204,1790715204531,4,4,4,4,4,4,4,4,4,4,82.30858612060547,80.43550872802734,79.44157409667969,80.85652160644531,72.431640625,82.4238510131836,84.09375,5,4.761904716491699,0,0,0,0,0,0,0,0,15.903310775756836,25769803776,0,16859086848,0
204,1790715204736,4,4,4,4,4,4,4,4,4,4,82.30858612060547,80.43550872802734,79.44157409667969,80.85652160644531,72.431640625,82.4238510131836,84.09375,9.523809432983398,0,4.761904716491699,0,0,0,9.523809432983398,0,4.761904716491699,0,15.903310775756836,25769803776,0,16858808320,0
200,1790715204941,4,4,4,4,4,4,4,4,4,4,82.2915267944336,80.1993179321289,79.31520080566406,80.74107360839844,72.29759979248047,82.41522216796875,84.09375,5,4.761904716491699,4.761904716491699,4.761904716491699,0,0,5,0,0,0,15.903310775756836,25769803776,0,16859086848,0
200,1790715205142,4,4,4,4,4,4,4,4,4,4,82.2915267944336,80.1993179321289,79.31520080566406,80.74107360839844,72.29759979248047,82.41522216796875,84.09375,0,0,0,0,0,0,9.523809432983398,0,0,0,15.903310775756836,25769803776,0,16858726400,0
204,1790715205342,4,4,4,4,4,4,4,4,4,4,82.2915267944336,80.1993179321289,79.31520080566406,80.74107360839844,72.29759979248047,82.41522216796875,84.09375,4.761904716491699,0,0,0,0,0,0,0,0,0,15.903310775756836,25769803776,0,16858726400,0
204,1790715205547,4,4,4,4,4,4,4,4,4,4,82.2915267944336,80.1993179321289,79.31520080566406,80.74107360839844,72.29759979248047,82.41522216796875,84.09375,0,0,0,0,0,0,4.761904716491699,4.761904716491699,0,0,15.857522964477539,25769803776,0,16858726400,0
204,1790715205752,4,4,4,4,4,4,4,4,4,4,82.2915267944336,80.1993179321289,79.31520080566406,80.74107360839844,72.29759979248047,82.41522216796875,84.09375,9.523809432983398,5,0,0,0,0,9.523809432983398,0,4.761904716491699,0,15.857522964477539,25769803776,0,16858775552,0
204,1790715205957,4,4,4,4,4,4,4,4,4,4,82.17301177978516,80.23917388916016,79.31714630126953,80.5783920288086,72.34840393066406,82.25553131103516,84.09375,0,4.545454502105713,0,0,0,0,5,0,0,0,15.857522964477539,25769803776,0,16858775552,0
204,1790715206162,4,4,4,4,4,4,4,4,4,4,82.17301177978516,80.23917388916016,79.31714630126953,80.5783920288086,72.34840393066406,82.25553131103516,84.09375,0,0,0,0,0,0,9.523809432983398,0,0,0,15.857522964477539,25769803776,0,16858513408,0
203,1790715206367,4,4,4,4,4,4,4,4,4,4,82.17301177978516,80.23917388916016,79.31714630126953,80.5783920288086,72.34840393066406,82.25553131103516,84.09375,4.761904716491699,0,0,0,0,0,5,4.761904716491699,0,0,15.857522964477539,25769803776,0,16858611712,0
204,1790715206571,4,4,4,4,4,4,4,4,4,4,82.17301177978516,80.23917388916016,79.31714630126953,80.5783920288086,72.34840393066406,82.25553131103516,84.09375,0,4.761904716491699,0,0,0,0,5,0,0,0,15.65650463104248,25769803776,0,16858529792,0
204,1790715206776,4,4,4,4,4,4,4,4,4,4,82.17301177978516,80.23917388916016,79.31714630126953,80.5783920288086,72.34840393066406,82.25553131103516,84.09375,0,0,0,0,0,0,4.761904716491699,0,0,0,15.65650463104248,25769803776,0,16858562560,0
203,1790715206981,4,4,4,4,4,4,4,4,4,4,82.10694885253906,80.09342193603516,79.1683349609375,80.48674011230469,72.21265411376953,82.14228820800781,83.859375,4.761904716491699,4.761904716491699,0,0,0,0,5,0,0,0,15.65650463104248,25769803776,0,16858251264,0
200,1790715207185,4,4,4,4,4,4,4,4,4,4,82.10694885253906,80.09342193603516,79.1683349609375,80.48674011230469,72.21265411376953,82.14228820800781,83.859375,0,0,0,0,0,0,9.523809432983398,4.761904716491699,0,0,15.65650463104248,25769803776,0,16858120192,0
200,1790715207385,4,4,4,4,4,4,4,4,4,4,82.10694885253906,80.09342193603516,79.1683349609375,80.48674011230469,72.21265411376953,82.14228820800781,83.859375,5,0,4.761904716491699,0,0,0,5,0,4.761904716491699,0,15.65650463104248,25769803776,0,16857956352,0
204,1790715207586,4,4,4,4,4,4,4,4,4,4,82.10694885253906,80.09342193603516,79.1683349609375,80.48674011230469,72.21265411376953,82.14228820800781,83.859375,4.761904716491699,0,0,0,0,0,5,5,0,0,15.68433952331543,25769803776,0,16857956352,0
204,1790715207791,4,4,4,4,4,4,4,4,4,4,82.10694885253906,80.09342193603516,79.1683349609375,80.48674011230469,72.21265411376953,82.14228820800781,83.859375,0,0,0,0,0,0,0,4.761904716491699,0,0,15.68433952331543,25769803776,0,16859774976,0
204,1790715207996,4,4,4,4,4,4,4,4,4,4,82.03754425048828,80.00716400146484,79.25199890136719,80.42876434326172,72.3956527709961,82.03299713134766,83.859375,0,0,4.761904716491699,0,0,0,4.761904716491699,0,0,0,15.68433952331543,25769803776,0,16857989120,0
204,1790715208201,4,4,4,4,4,4,4,4,4,4,82.03754425048828,80.00716400146484,79.25199890136719,80.42876434326172,72.3956527709961,82.03299713134766,83.859375,4.761904716491699,4.761904716491699,0,0,0,0,5,0,0,0,15.68433952331543,25769803776,0,16857989120,0
200,1790715208406,4,4,4,4,4,4,4,4,4,4,82.03754425048828,80.00716400146484,79.25199890136719,80.42876434326172,72.3956527709961,82.03299713134766,83.859375,0,0,0,0,0,0,5,0,0,0,15.68433952331543,25769803776,0,16857989120,0
204,1790715208607,4,4,4,4,4,4,4,4,4,4,82.03754425048828,80.00716400146484,79.25199890136719,80.42876434326172,72.3956527709961,82.03299713134766,83.859375,9.090909004211426,0,0,0,0,0,5,0,0,0,15.680097579956055,25769803776,0,16858152960,0
204,1790715208812,4,4,4,4,4,4,4,4,4,4,82.03754425048828,80.00716400146484,79.25199890136719,80.42876434326172,72.3956527709961,82.03299713134766,83.859375,0,0,0,0,0,0,9.090909004211426,4.761904716491699,4.761904716491699,0,15.680097579956055,25769803776,0,16858152960,0
204,1790715209017,4,4,4,4,4,4,4,4,4,4,82.00690460205078,80.00496673583984,79.05859375,80.36264038085938,72.1514663696289,81.9677963256836,83.859375,0,4.761904716491699,0,0,0,0,5,0,0,0,15.680097579956055,25769803776,0,16858152960,0
204,1790715209222,4,4,4,4,4,4,4,4,4,4,82.00690460205078,80.00496673583984,79.05859375,80.36264038085938,72.1514663696289,81.9677963256836,83.859375,4.761904716491699,0,0,0,0,0,9.523809432983398,0,0,0,15.680097579956055,25769803776,0,16858152960,0
204,1790715209427,4,4,4,4,4,4,4,4,4,4,82.00690460205078,80.00496673583984,79.05859375,80.36264038085938,72.1514663696289,81.9677963256836,83.859375,0,4.761904716491699,0,0,0,0,5,0,0,0,15.680097579956055,25769803776,0,16858152960,0
204,1790715209632,4,4,4,4,4,4,4,4,4,4,82.00690460205078,80.00496673583984,79.05859375,80.36264038085938,72.1514663696289,81.9677963256836,83.859375,9.090909004211426,0,0,0,0,0,5,0,4.761904716491699,0,15.541420936584473,25769803776,0,16858382336,0
204,1790715209837,4,4,4,4,4,4,4,4,4,4,82.00690460205078,80.00496673583984,79.05859375,80.36264038085938,72.1514663696289,81.9677963256836,83.859375,0,0,0,0,0,0,5,4.761904716491699,0,0,15.541420936584473,25769803776,0,16858611712,0
204,1790715210042,4,4,4,4,4,4,4,4,4,4,81.9221420288086,79.85977172851563,78.91887664794922,80.31553649902344,72.02835083007813,81.8715591430664,83.625,5,0,4.545454502105713,0,0,0,0,0,0,0,15.541420936584473,25769803776,0,16858546176,0
204,1790715210247,4,4,4,4,4,4,4,4,4,4,81.9221420288086,79.85977172851563,78.91887664794922,80.31553649902344,72.02835083007813,81.8715591430664,83.625,0,0,0,4.545454502105713,4.761904716491699,0,5,4.761904716491699,0,0,15.541420936584473,25769803776,0,16858710016,0
204,1790715210452,4,4,4,4,4,4,4,4,4,4,81.9221420288086,79.85977172851563,78.91887664794922,80.31553649902344,72.02835083007813,81.8715591430664,83.625,0,0,0,0,0,0,9.523809432983398,0,9.090909004211426,0,15.62887954711914,25769803776,0,16858710016,0
204,1790715210657,4,4,4,4,4,4,4,4,4,4,81.9221420288086,79.85977172851563,78.91887664794922,80.31553649902344,72.02835083007813,81.8715591430664,83.625,5,9.090909004211426,4.545454502105713,0,0,4.545454502105713,5,0,0,0,15.62887954711914,25769803776,0,16858791936,0
204,1790715210862,4,4,4,4,4,4,4,4,4,4,81.9221420288086,79.85977172851563,78.91887664794922,80.31553649902344,72.02835083007813,81.8715591430664,83.625,0,0,0,0,0,0,4.761904716491699,0,0,0,15.62887954711914,25769803776,0,16858710016,0
204,1790715211067,4,4,4,4,4,4,4,4,4,4,82.05764770507813,79.70034790039063,78.79547882080078,80.34684753417969,71.93325805664063,82.07337951660156,84.09375,4.761904716491699,0,0,0,0,0,9.523809432983398,0,0,0,15.62887954711914,25769803776,0,16858710016,0
204,1790715211272,4,4,4,4,4,4,4,4,4,4,82.05764770507813,79.70034790039063,78.79547882080078,80.34684753417969,71.93325805664063,82.07337951660156,84.09375,0,0,0,0,0,0,0,0,0,0,15.62887954711914,25769803776,0,16858726400,0
204,1790715211477,4,4,4,4,4,4,4,4,4,4,82.05764770507813,79.70034790039063,78.79547882080078,80.34684753417969,71.93325805664063,82.07337951660156,84.09375,0,0,0,0,0,0,4.761904716491699,5,0,0,15.569204330444336,25769803776,0,16860528640,0
202,1790715211682,4,4,4,4,4,4,4,4,4,4,82.05764770507813,79.70034790039063,78.79547882080078,80.34684753417969,71.93325805664063,82.07337951660156,84.09375,4.761904716491699,0,0,0,0,0,4.545454502105713,4.761904716491699,4.761904716491699,0,15.569204330444336,25769803776,0,16858693632,0
200,1790715211884,4,4,4,4,4,4,4,4,4,4,82.05764770507813,79.70034790039063,78.79547882080078,80.34684753417969,71.93325805664063,82.07337951660156,84.09375,0,0,0,0,0,0,5,0,0,0,15.569204330444336,25769803776,0,16858693632,0
204,1790715212085,4,4,4,4,4,4,4,4,4,4,81.80183410644531,79.55250549316406,78.86296081542969,80.2339859008789,72.11013793945313,81.6783676147461,86.328125,0,0,0,0,0,0,0,5,0,0,15.569204330444336,25769803776,0,16858791936,0
204,1790715212290,4,4,4,4,4,4,4,4,4,4,81.80183410644531,79.55250549316406,78.86296081542969,80.2339859008789,72.11013793945313,81.6783676147461,86.328125,8.69565200805664,4.761904716491699,0,0,0,0,9.090909004211426,0,0,0,15.569204330444336,25769803776,0,16858791936,0
204,1790715212495,4,4,4,4,4,4,4,4,4,4,81.80183410644531,79.55250549316406,78.86296081542969,80.2339859008789,72.11013793945313,81.6783676147461,86.328125,0,0,0,0,0,0,0,0,0,0,15.533249855041504,25769803776,0,16858791936,0
204,1790715212700,4,4,4,4,4,4,4,4,4,4,81.80183410644531,79.55250549316406,78.86296081542969,80.2339859008789,72.11013793945313,81.6783676147461,86.328125,0,0,0,0,0,0,9.523809432983398,0,0,0,15.533249855041504,25769803776,0,16858791936,0
204,1790715212905,4,4,4,4,4,4,4,4,4,4,81.80183410644531,79.55250549316406,78.86296081542969,80.2339859008789,72.11013793945313,81.6783676147461,86.328125,4.761904716491699,0,0,4.545454502105713,0,0,5,0,0,0,15.533249855041504,25769803776,0,16858791936,0
204,1790715213110,4,4,4,4,4,4,4,4,4,4,81.6669921875,79.57864379882813,78.65967559814453,80.12567138671875,71.76860809326172,81.52779388427734,86.5625,0,4.545454502105713,0,0,0,0,5,0,0,0,15.533249855041504,25769803776,0,16858791936,0
204,1790715213315,4,4,4,4,4,4,4,4,4,4,81.6669921875,79.57864379882813,78.65967559814453,80.12567138671875,71.76860809326172,81.52779388427734,86.5625,0,0,0,0,0,0,9.090909004211426,9.090909004211426,0,0,15.533249855041504,25769803776,0,16858791936,0
204,1790715213520,4,4,4,4,4,4,4,4,4,4,81.6669921875,79.57864379882813,78.65967559814453,80.12567138671875,71.76860809326172,81.52779388427734,86.5625,4.761904716491699,4.761904716491699,4.545454502105713,0,0,0,5,0,4.761904716491699,0,15.456978797912598,25769803776,0,16858791936,0
200,1790715213724,4,4,4,4,4,4,4,4,4,4,81.6669921875,79.57864379882813,78.65967559814453,80.12567138671875,71.76860809326172,81.52779388427734,86.5625,0,0,0,0,0,0,9.523809432983398,0,0,0,15.456978797912598,25769803776,0,16858775552,0
204,1790715213925,4,4,4,4,4,4,4,4,4,4,81.6669921875,79.58849334716797,78.58879089355469,80.12567138671875,71.68536376953125,81.52779388427734,86.5625,0,0,0,0,0,0,0,0,0,0,15.456978797912598,25769803776,0,16858775552,0
201,1790715214130,4,4,4,4,4,4,4,4,4,4,81.55005645751953,79.58849334716797,78.58879089355469,79.93075561523438,71.68536376953125,81.4049072265625,83.15625,4.761904716491699,0,0,0,0,0,5,0,4.545454502105713,0,15.456978797912598,25769803776,0,16858775552,0
204,1790715214331,4,4,4,4,4,4,4,4,4,4,81.55005645751953,79.58849334716797,78.58879089355469,79.93075561523438,71.68536376953125,81.4049072265625,83.15625,0,0,0,0,0,0,9.523809432983398,0,0,0,15.456978797912598,25769803776,0,16858775552,0
204,1790715214536,4,4,4,4,4,4,4,4,4,4,81.55005645751953,79.58849334716797,78.58879089355469,79.93075561523438,71.68536376953125,81.4049072265625,83.15625,4.761904716491699,0,0,0,0,0,5,0,0,0,15.26705265045166,25769803776,0,16858775552,0
204,1790715214741,4,4,4,4,4,4,4,4,4,4,81.55005645751953,79.58849334716797,78.58879089355469,79.93075561523438,71.68536376953125,81.4049072265625,83.15625,0,0,0,0,0,0,9.523809432983398,0,0,0,15.26705265045166,25769803776,0,16858464256,0
203,1790715214946,4,4,4,4,4,4,4,4,4,4,81.4431381225586,79.37350463867188,78.43383026123047,79.80474853515625,71.50879669189453,81.30734252929688,83.15625,0,0,0,0,0,0,5,4.761904716491699,0,0,15.26705265045166,25769803776,0,16858759168,0
204,1790715215150,4,4,4,4,4,4,4,4,4,4,81.4431381225586,79.37350463867188,78.43383026123047,79.80474853515625,71.50879669189453,81.30734252929688,83.15625,5,0,0,0,0,0,0,0,0,0,15.26705265045166,25769803776,0,16860708864,0
201,1790715215355,4,4,4,4,4,4,4,4,4,4,81.4431381225586,79.37350463867188,78.43383026123047,79.80474853515625,71.50879669189453,81.30734252929688,83.15625,4.761904716491699,4.761904716491699,4.761904716491699,0,0,0,9.523809432983398,4.545454502105713,4.761904716491699,0,15.26705265045166,25769803776,0,16858759168,0
204,1790715215557,4,4,4,4,4,4,4,4,4,4,81.4431381225586,79.37350463867188,78.43383026123047,79.80474853515625,71.50879669189453,81.30734252929688,83.15625,0,0,0,0,0,0,0,0,0,0,15.290543556213379,25769803776,0,16858759168,0
204,1790715215762,4,4,4,4,4,4,4,4,4,4,81.4431381225586,79.37350463867188,78.43383026123047,79.80474853515625,71.50879669189453,81.30734252929688,83.15625,4.761904716491699,0,0,0,0,0,9.523809432983398,0,0,0,15.290543556213379,25769803776,0,16858333184,0
204,1790715215967,4,4,4,4,4,4,4,4,4,4,81.31114959716797,79.43501281738281,78.40409851074219,79.66033935546875,71.47076416015625,81.20613861083984,83.15625,5,4.761904716491699,0,0,0,0,5,0,0,0,15.290543556213379,25769803776,0,16858431488,0
204,1790715216172,4,4,4,4,4,4,4,4,4,4,81.31114959716797,79.43501281738281,78.40409851074219,79.66033935546875,71.47076416015625,81.20613861083984,83.15625,0,4.761904716491699,0,0,0,0,9.523809432983398,0,0,0,15.290543556213379,25769803776,0,16858431488,0
204,1790715216377,4,4,4,4,4,4,4,4,4,4,81.31114959716797,79.43501281738281,78.40409851074219,79.66033935546875,71.47076416015625,81.20613861083984,83.15625,4.761904716491699,0,0,0,0,4.761904716491699,4.761904716491699,0,0,0,15.290543556213379,25769803776,0,16858611712,0
204,1790715216582,4,4,4,4,4,4,4,4,4,4,81.31114959716797,79.43501281738281,78.40409851074219,79.66033935546875,71.47076416015625,81.20613861083984,83.15625,0,0,4.545454502105713,0,0,0,5,4.761904716491699,0,0,15.255881309509277,25769803776,0,16858644480,0
204,1790715216787,4,4,4,4,4,4,4,4,4,4,81.31114959716797,79.43501281738281,78.40409851074219,79.66033935546875,71.47076416015625,81.20613861083984,83.15625,4.761904716491699,0,0,0,0,0,5,0,4.761904716491699,0,15.255881309509277,25769803776,0,16858546176,0
204,1790715216992,4,4,4,4,4,4,4,4,4,4,81.2607421875,79.32357025146484,78.31029510498047,79.58114624023438,71.37448120117188,81.19368743896484,83.15625,0,0,0,0,0,0,5,0,0,0,15.255881309509277,25769803776,0,16858529792,0
204,1790715217197,4,4,4,4,4,4,4,4,4,4,81.2607421875,79.32357025146484,78.31029510498047,79.58114624023438,71.37448120117188,81.19368743896484,83.15625,4.761904716491699,0,0,0,0,0,9.090909004211426,0,0,0,15.255881309509277,25769803776,0,16858529792,0
204,1790715217402,4,4,4,4,4,4,4,4,4,4,81.2607421875,79.32357025146484,78.31029510498047,79.58114624023438,71.37448120117188,81.19368743896484,83.15625,0,0,0,4.761904716491699,0,0,5,0,0,0,15.255881309509277,25769803776,0,16858398720,0
204,1790715217607,4,4,4,4,4,4,4,4,4,4,81.2607421875,79.32357025146484,78.31029510498047,79.58114624023438,71.37448120117188,81.19368743896484,83.15625,0,0,0,0,0,0,5,0,0,0,15.1546630859375,25769803776,0,16858398720,0
204,1790715217812,4,4,4,4,4,4,4,4,4,4,81.2607421875,79.32357025146484,78.31029510498047,79.58114624023438,71.37448120117188,81.19368743896484,83.15625,0,4.761904716491699,0,0,0,0,9.523809432983398,4.761904716491699,4.761904716491699,0,15.1546630859375,25769803776,0,16858398720,0
204,1790715218017,4,4,4,4,4,4,4,4,4,4,81.0725326538086,79.10655975341797,78.14346313476563,79.48087310791016,71.23588562011719,81.087158203125,86.5625,4.761904716491699,0,0,0,0,0,0,0,0,0,15.1546630859375,25769803776,0,16858398720,0
204,1790715218222,4,4,4,4,4,4,4,4,4,4,81.0725326538086,79.10655975341797,78.14346313476563,79.48087310791016,71.23588562011719,81.087158203125,86.5625,0,0,0,0,0,0,5,0,0,0,15.1546630859375,25769803776,0,16858398720,0
204,1790715218427,4,4,4,4,4,4,4,4,4,4,81.0725326538086,79.10655975341797,78.14346313476563,79.48087310791016,71.23588562011719,81.087158203125,86.5625,0,0,0,0,0,0,9.523809432983398,0,4.761904716491699,0,15.1546630859375,25769803776,0,16858398720,0
204,1790715218632,4,4,4,4,4,4,4,4,4,4,81.0725326538086,79.10655975341797,78.14346313476563,79.48087310791016,71.23588562011719,81.087158203125,86.5625,0,4.545454502105713,4.761904716491699,0,0,0,5,0,0,0,15.171220779418945,25769803776,0,16858398720,0
204,1790715218837,4,4,4,4,4,4,4,4,4,4,81.0725326538086,79.10655975341797,78.14346313476563,79.48087310791016,71.23588562011719,81.087158203125,86.5625,4.761904716491699,0,0,0,0,0,9.090909004211426,0,0,0,15.171220779418945,25769803776,0,16858333184,0
200,1790715219042,4,4,4,4,4,4,4,4,4,4,80.88623809814453,79.15071105957031,78.06172943115234,79.31924438476563,71.12004852294922,81.0048599243164,85.625,4.545454502105713,0,0,0,0,0,5,0,0,0,15.171220779418945,25769803776,0,16858333184,0
200,1790715219242,4,4,4,4,4,4,4,4,4,4,80.88623809814453,79.15071105957031,78.06172943115234,79.31924438476563,71.12004852294922,81.0048599243164,85.625,0,0,0,0,4.761904716491699,0,0,5,4.761904716491699,0,15.171220779418945,25769803776,0,16858333184,0
204,1790715219443,4,4,4,4,4,4,4,4,4,4,80.88623809814453,79.15071105957031,78.06172943115234,79.31924438476563,71.12004852294922,81.0048599243164,85.625,4.761904716491699,0,4.761904716491699,0,0,0,5,0,0,0,15.038049697875977,25769803776,0,16858333184,0
204,1790715219648,4,4,4,4,4,4,4,4,4,4,80.88623809814453,79.15071105957031,78.06172943115234,79.31924438476563,71.12004852294922,81.0048599243164,85.625,0,4.761904716491699,0,0,0,0,5,0,0,0,15.038049697875977,25769803776,0,16858333184,0
204,1790715219853,4,4,4,4,4,4,4,4,4,4,80.88623809814453,79.15071105957031,78.06172943115234,79.31924438476563,71.12004852294922,81.0048599243164,85.625,4.761904716491699,0,0,0,0,0,9.090909004211426,0,0,0,15.038049697875977,25769803776,0,16858382336,0
204,1790715220058,4,4,4,4,4,4,4,4,4,4,80.72489166259766,79.08313751220703,77.95108795166016,79.1970443725586,70.98487091064453,80.87784576416016,82.671875,0,0,0,4.761904716491699,0,0,5,4.761904716491699,0,0,15.038049697875977,25769803776,0,16858497024,0
204,1790715220263,4,4,4,4,4,4,4,4,4,4,80.72489166259766,79.08313751220703,77.95108795166016,79.1970443725586,70.98487091064453,80.87784576416016,82.671875,0,0,0,0,0,0,5,0,0,0,15.038049697875977,25769803776,0,16858546176,0
204,1790715220468,4,4,4,4,4,4,4,4,4,4,80.72489166259766,79.08313751220703,77.95108795166016,79.1970443725586,70.98487091064453,80.87784576416016,82.671875,5,0,0,0,0,0,9.523809432983398,0,0,0,14.924384117126465,25769803776,0,16858546176,0
204,1790715220673,4,4,4,4,4,4,4,4,4,4,80.72489166259766,79.08313751220703,77.95108795166016,79.1970443725586,70.98487091064453,80.87784576416016,82.671875,0,0,0,0,0,0,4.761904716491699,0,4.761904716491699,0,14.924384117126465,25769803776,0,16858546176,0
204,1790715220878,4,4,4,4,4,4,4,4,4,4,80.72489166259766,79.08313751220703,77.95108795166016,79.1970443725586,70.98487091064453,80.87784576416016,82.671875,4.761904716491699,0,0,0,0,0,9.523809432983398,0,0,0,14.924384117126465,25769803776,0,16858497024,0
204,1790715221083,4,4,4,4,4,4,4,4,4,4,80.69615173339844,78.8850326538086,77.86481475830078,79.1696548461914,70.9088134765625,80.86611938476563,82.671875,14.285715103149414,19.047618865966797,5,0,0,0,5.263157844543457,5,4.545454502105713,0,14.924384117126465,25769803776,0,16859217920,0
202,1790715221288,4,4,4,4,4,4,4,4,4,4,80.69615173339844,78.8850326538086,77.86481475830078,79.1696548461914,70.9088134765625,80.86611938476563,82.671875,0,5,4.761904716491699,0,0,0,4.761904716491699,0,0,0,14.924384117126465,25769803776,0,16859267072,0
204,1790715221491,4,4,4,4,4,4,4,4,4,4,80.69615173339844,78.8850326538086,77.86481475830078,79.1696548461914,70.9088134765625,80.86611938476563,82.671875,0,5,10,0,0,0,9.523809432983398,0,5,35,14.996358871459961,25769803776,0,16859267072,0
204,1790715221696,4,4,4,4,4,4,4,4,4,4,80.69615173339844,78.8850326538086,77.86481475830078,79.1696548461914,70.9088134765625,80.86611938476563,82.671875,9.090909004211426,0,0,0,0,0,5,4.761904716491699,0,0,14.996358871459961,25769803776,0,16859267072,0
204,1790715221901,4,4,4,4,4,4,4,4,4,4,80.69615173339844,78.8850326538086,77.86481475830078,79.1696548461914,70.9088134765625,80.86611938476563,82.671875,0,4.761904716491699,4.761904716491699,0,0,0,5,0,0,0,14.996358871459961,25769803776,0,16859267072,0
204,1790715222106,4,4,4,4,4,4,4,4,4,4,81.06665802001953,79.07115936279297,78.08566284179688,80.01782989501953,71.18965148925781,81.1639404296875,100.125,4.761904716491699,0,0,0,0,0,5,0,0,4.761904716491699,14.996358871459961,25769803776,0,16859299840,0
200,1790715222311,4,4,4,4,4,4,4,4,4,4,81.06665802001953,79.07115936279297,78.08566284179688,80.01782989501953,71.18965148925781,81.1639404296875,100.125,5,4.761904716491699,0,9.090909004211426,0,0,5,0,0,0,14.996358871459961,25769803776,0,16859267072,0
204,1790715222511,4,4,4,4,4,4,4,4,4,4,81.06665802001953,79.07115936279297,78.08566284179688,80.01782989501953,71.18965148925781,81.1639404296875,100.125,0,0,0,0,0,0,9.523809432983398,5,0,0,15.004755973815918,25769803776,0,16859365376,0
204,1790715222716,4,4,4,4,4,4,4,4,4,4,81.06665802001953,79.07115936279297,78.08566284179688,80.01782989501953,71.18965148925781,81.1639404296875,100.125,9.090909004211426,0,4.761904716491699,0,0,0,4.761904716491699,0,0,0,15.004755973815918,25769803776,0,16854843392,0
204,1790715222921,4,4,4,4,4,4,4,4,4,4,81.06665802001953,79.07115936279297,78.08566284179688,80.01782989501953,71.18965148925781,81.1639404296875,100.125,25,9.523809432983398,5,0,0,0,0,0,4.761904716491699,0,15.004755973815918,25769803776,0,16859725824,0
204,1790715223126,4,4,4,4,4,4,4,4,4,4,80.4857406616211,78.7113265991211,77.73221588134766,79.08577728271484,70.7600326538086,80.57807922363281,82.5625,0,0,0,0,0,0,9.523809432983398,0,0,0,15.004755973815918,25769803776,0,16859725824,0
204,1790715223331,4,4,4,4,4,4,4,4,4,4,80.4857406616211,78.7113265991211,77.73221588134766,79.08577728271484,70.7600326538086,80.57807922363281,82.5625,4.761904716491699,0,0,0,0,0,5,0,0,0,15.004755973815918,25769803776,0,16859987968,0
204,1790715223536,4,4,4,4,4,4,4,4,4,4,80.4857406616211,78.7113265991211,77.73221588134766,79.08577728271484,70.7600326538086,80.57807922363281,82.5625,0,0,4.545454502105713,0,0,0,9.090909004211426,0,4.761904716491699,0,14.865448951721191,25769803776,0,16859987968,0
204,1790715223741,4,4,4,4,4,4,4,4,4,4,80.4857406616211,78.7113265991211,77.73221588134766,79.08577728271484,70.7600326538086,80.57807922363281,82.5625,0,0,0,0,0,0,0,0,0,0,14.865448951721191,25769803776,0,16859987968,0
204,1790715223946,4,4,4,4,4,4,4,4,4,4,80.46559143066406,78.7919692993164,77.71583557128906,79.0793228149414,70.70870971679688,80.5885238647461,82.4375,9.523809432983398,9.090909004211426,0,0,0,0,5,4.761904716491699,0,0,14.865448951721191,25769803776,0,16860037120,0
204,1790715224151,4,4,4,4,4,4,4,4,4,4,80.46559143066406,78.7919692993164,77.71583557128906,79.0793228149414,70.70870971679688,80.5885238647461,82.4375,5,0,61.904762268066406,4.761904716491699,0,0,9.523809432983398,0,0,0,14.865448951721191,25769803776,0,16860151808,0
204,1790715224356,4,4,4,4,4,4,4,4,4,4,80.46559143066406,78.7919692993164,77.71583557128906,79.0793228149414,70.70870971679688,80.5885238647461,82.4375,0,0,0,0,0,0,4.761904716491699,4.761904716491699,0,0,14.865448951721191,25769803776,0,16860151808,0
204,1790715224561,4,4,4,4,4,4,4,4,4,4,80.46559143066406,78.7919692993164,77.71583557128906,79.0793228149414,70.70870971679688,80.5885238647461,82.4375,4.761904716491699,0,0,0,4.545454502105713,0,0,0,4.761904716491699,0,14.972807884216309,25769803776,0,16860151808,0
204,1790715224766,4,4,4,4,4,4,4,4,4,4,80.46559143066406,78.7919692993164,77.71583557128906,79.0793228149414,70.70870971679688,80.5885238647461,82.4375,4.761904716491699,4.761904716491699,0,0,0,0,0,9.523809432983398,0,0,14.972807884216309,25769803776,0,16860151808,0
204,1790715224972,4,4,4,4,4,4,4,4,4,4,80.3819351196289,78.38239288330078,77.89102172851563,79.04193115234375,71.14753723144531,80.53250122070313,82.4375,0,0,4.761904716491699,0,0,0,0,4.761904716491699,0,0,14.972807884216309,25769803776,0,16860069888,0
204,1790715225177,4,4,4,4,4,4,4,4,4,4,80.3819351196289,78.38239288330078,77.89102172851563,79.04193115234375,71.14753723144531,80.53250122070313,82.4375,5,4.761904716491699,0,0,0,0,4.761904716491699,5,0,0,14.972807884216309,25769803776,0,16860053504,0
204,1790715225381,4,4,4,4,4,4,4,4,4,4,80.3819351196289,78.38239288330078,77.89102172851563,79.04193115234375,71.14753723144531,80.53250122070313,82.4375,0,0,0,0,0,0,0,9.523809432983398,0,0,14.972807884216309,25769803776,0,16860053504,0
204,1790715225586,4,4,4,4,4,4,4,4,4,4,80.3819351196289,78.38239288330078,77.89102172851563,79.04193115234375,71.14753723144531,80.53250122070313,82.4375,0,0,0,0,0,0,0,5,0,0,14.963366508483887,25769803776,0,16860053504,0
204,1790715225791,4,4,4,4,4,4,4,4,4,4,80.3819351196289,78.38239288330078,77.89102172851563,79.04193115234375,71.14753723144531,80.53250122070313,82.4375,4.761904716491699,0,0,0,0,0,0,9.523809432983398,0,0,14.963366508483887,25769803776,0,16860053504,0
204,1790715225996,4,4,4,4,4,4,4,4,4,4,80.12971496582031,78.03746795654297,77.85214233398438,78.89839935302734,71.21451568603516,80.3438491821289,82.4375,0,4.545454502105713,0,0,0,0,4.761904716491699,0,9.090909004211426,0,14.963366508483887,25769803776,0,16860020736,0
204,1790715226201,4,4,4,4,4,4,4,4,4,4,80.12971496582031,78.03746795654297,77.85214233398438,78.89839935302734,71.21451568603516,80.3438491821289,82.4375,9.090909004211426,0,0,0,0,0,0,4.545454502105713,0,0,14.963366508483887,25769803776,0,16860020736,0
204,1790715226406,4,4,4,4,4,4,4,4,4,4,80.12971496582031,78.03746795654297,77.85214233398438,78.89839935302734,71.21451568603516,80.3438491821289,82.4375,0,0,4.761904716491699,0,0,0,0,9.523809432983398,0,0,14.963366508483887,25769803776,0,16859906048,0
204,1790715226611,4,4,4,4,4,4,4,4,4,4,80.12971496582031,78.03746795654297,77.85214233398438,78.89839935302734,71.21451568603516,80.3438491821289,82.4375,0,0,0,0,0,0,4.761904716491699,0,0,0,14.729963302612305,25769803776,0,16859906048,0
204,1790715226816,4,4,4,4,4,4,4,4,4,4,80.12971496582031,78.03746795654297,77.85214233398438,78.89839935302734,71.21451568603516,80.3438491821289,82.4375,0,0,0,0,0,0,4.761904716491699,4.761904716491699,0,0,14.729963302612305,25769803776,0,16859906048,0
204,1790715227021,4,4,4,4,4,4,4,4,4,4,80.00717163085938,78.09048461914063,77.79888916015625,78.77953338623047,71.15436553955078,80.2389144897461,82.4375,4.761904716491699,0,0,0,0,0,0,5,0,0,14.729963302612305,25769803776,0,16859971584,0
202,1790715227226,4,4,4,4,4,4,4,4,4,4,80.00717163085938,78.09048461914063,77.79888916015625,78.77953338623047,71.15436553955078,80.2389144897461,82.4375,0,0,0,0,0,0,0,4.761904716491699,0,0,14.729963302612305,25769803776,0,16859971584,0
204,1790715227429,4,4,4,4,4,4,4,4,4,4,80.00717163085938,78.09048461914063,77.79888916015625,78.77953338623047,71.15436553955078,80.2389144897461,82.4375,0,0,0,0,0,0,0,5,0,0,14.66468620300293,25769803776,0,16859971584,0
204,1790715227634,4,4,4,4,4,4,4,4,4,4,80.00717163085938,78.09048461914063,77.79888916015625,78.77953338623047,71.15436553955078,80.2389144897461,82.4375,4.761904716491699,4.761904716491699,4.761904716491699,0,0,0,0,9.523809432983398,0,0,14.66468620300293,25769803776,0,16859971584,0
204,1790715227839,4,4,4,4,4,4,4,4,4,4,80.00717163085938,78.09048461914063,77.79888916015625,78.77953338623047,71.15436553955078,80.2389144897461,82.4375,0,4.761904716491699,0,0,0,0,0,5,0,0,14.66468620300293,25769803776,0,16859971584,0
204,1790715228044,4,4,4,4,4,4,4,4,4,4,79.85246276855469,77.9156723022461,77.710693359375,78.67729187011719,71.1709213256836,80.10454559326172,82.203125,0,0,0,4.761904716491699,0,0,4.761904716491699,4.761904716491699,4.761904716491699,0,14.66468620300293,25769803776,0,16859512832,0
204,1790715228249,4,4,4,4,4,4,4,4,4,4,79.85246276855469,77.9156723022461,77.710693359375,78.67729187011719,71.1709213256836,80.10454559326172,82.203125,9.090909004211426,0,0,0,0,0,0,5,0,0,14.66468620300293,25769803776,0,16859512832,0
202,1790715228454,4,4,4,4,4,4,4,4,4,4,79.85246276855469,77.9156723022461,77.710693359375,78.67729187011719,71.1709213256836,80.10454559326172,82.203125,0,0,4.761904716491699,0,0,0,0,5,0,4.545454502105713,14.649621963500977,25769803776,0,16859136000,0
204,1790715228656,4,4,4,4,4,4,4,4,4,4,79.85246276855469,77.9156723022461,77.710693359375,78.67729187011719,71.1709213256836,80.10454559326172,82.203125,4.761904716491699,0,0,0,0,0,4.761904716491699,9.523809432983398,0,0,14.649621963500977,25769803776,0,16859152384,0
204,1790715228861,4,4,4,4,4,4,4,4,4,4,79.85246276855469,77.9156723022461,77.710693359375,78.67729187011719,71.1709213256836,80.10454559326172,82.203125,0,0,0,0,0,0,0,5,0,0,14.649621963500977,25769803776,0,16859152384,0
204,1790715229066,4,4,4,4,4,4,4,4,4,4,79.73482513427734,77.8558349609375,77.57483673095703,78.65816497802734,70.95211029052734,80.03855895996094,84.671875,0,0,0,0,0,0,0,9.090909004211426,0,0,14.649621963500977,25769803776,0,16859021312,0
204,1790715229271,4,4,4,4,4,4,4,4,4,4,79.73482513427734,77.8558349609375,77.57483673095703,78.65816497802734,70.95211029052734,80.03855895996094,84.671875,4.761904716491699,0,0,0,0,0,0,0,0,0,14.649621963500977,25769803776,0,16859037696,0
204,1790715229476,4,4,4,4,4,4,4,4,4,4,79.73482513427734,77.8558349609375,77.57483673095703,78.65816497802734,70.95211029052734,80.03855895996094,84.671875,4.761904716491699,9.090909004211426,5,0,0,0,4.545454502105713,5,0,0,14.65491008758545,25769803776,0,16859136000,0
204,1790715229681,4,4,4,4,4,4,4,4,4,4,79.73482513427734,77.8558349609375,77.57483673095703,78.65816497802734,70.95211029052734,80.03855895996094,84.671875,0,0,0,0,0,0,0,9.523809432983398,4.545454502105713,0,14.65491008758545,25769803776,0,16859185152,0
204,1790715229886,4,4,4,4,4,4,4,4,4,4,79.73482513427734,77.8558349609375,77.57483673095703,78.65816497802734,70.95211029052734,80.03855895996094,84.671875,4.545454502105713,0,0,0,0,0,0,5,0,0,14.65491008758545,25769803776,0,16858988544,0
204,1790715230091,4,4,4,4,4,4,4,4,4,4,79.63432312011719,77.78045654296875,77.60851287841797,78.5992202758789,71.05961608886719,79.98998260498047,82.203125,0,0,0,0,0,0,0,9.090909004211426,0,0,14.65491008758545,25769803776,0,16858988544,0
204,1790715230297,4,4,4,4,4,4,4,4,4,4,79.63432312011719,77.78045654296875,77.60851287841797,78.5992202758789,71.05961608886719,79.98998260498047,82.203125,4.761904716491699,0,0,0,0,0,0,5,0,0,14.65491008758545,25769803776,0,16858988544,0
204,1790715230502,4,4,4,4,4,4,4,4,4,4,79.63432312011719,77.78045654296875,77.60851287841797,78.5992202758789,71.05961608886719,79.98998260498047,82.203125,0,0,4.761904716491699,0,0,0,0,5,4.761904716491699,0,14.620282173156738,25769803776,0,16858988544,0
204,1790715230707,4,4,4,4,4,4,4,4,4,4,79.63432312011719,77.78045654296875,77.60851287841797,78.5992202758789,71.05961608886719,79.98998260498047,82.203125,0,0,0,0,0,0,0,5,0,0,14.620282173156738,25769803776,0,16858824704,0
204,1790715230912,4,4,4,4,4,4,4,4,4,4,79.63432312011719,77.78045654296875,77.60851287841797,78.5992202758789,71.05961608886719,79.98998260498047,82.203125,0,4.761904716491699,0,0,0,0,0,4.761904716491699,4.761904716491699,0,14.620282173156738,25769803776,0,16860610560,0
204,1790715231117,4,4,4,4,4,4,4,4,4,4,79.50605773925781,77.69454956054688,77.42914581298828,78.53265380859375,70.89500427246094,79.89842224121094,81.96875,4.761904716491699,0,0,0,0,0,0,4.761904716491699,0,0,14.620282173156738,25769803776,0,16858824704,0
204,1790715231321,4,4,4,4,4,4,4,4,4,4,79.50605773925781,77.69454956054688,77.42914581298828,78.53265380859375,70.89500427246094,79.89842224121094,81.96875,4.761904716491699,0,0,0,0,0,9.090909004211426,5,0,0,14.620282173156738,25769803776,0,16858873856,0
204,1790715231526,4,4,4,4,4,4,4,4,4,4,79.50605773925781,77.69454956054688,77.42914581298828,78.53265380859375,70.89500427246094,79.89842224121094,81.96875,4.761904716491699,4.761904716491699,0,0,0,0,0,9.523809432983398,0,0,14.48054313659668,25769803776,0,16858873856,0
204,1790715231731,4,4,4,4,4,4,4,4,4,4,79.50605773925781,77.69454956054688,77.42914581298828,78.53265380859375,70.89500427246094,79.89842224121094,81.96875,0,0,0,0,0,0,0,5,0,0,14.48054313659668,25769803776,0,16858923008,0
204,1790715231936,4,4,4,4,4,4,4,4,4,4,79.30841827392578,77.60816192626953,77.36397552490234,78.41818237304688,70.79974365234375,79.75340270996094,81.96875,4.761904716491699,4.761904716491699,0,0,0,0,0,9.523809432983398,0,0,14.48054313659668,25769803776,0,16858791936,0
204,1790715232140,4,4,4,4,4,4,4,4,4,4,79.30841827392578,77.60816192626953,77.36397552490234,78.41818237304688,70.79974365234375,79.75340270996094,81.96875,0,0,0,0,0,0,0,0,0,0,14.48054313659668,25769803776,0,16858791936,0
204,1790715232345,4,4,4,4,4,4,4,4,4,4,79.30841827392578,77.60816192626953,77.36397552490234,78.41818237304688,70.79974365234375,79.75340270996094,81.96875,0,0,0,0,0,0,0,9.090909004211426,0,0,14.48054313659668,25769803776,0,16858791936,0
204,1790715232550,4,4,4,4,4,4,4,4,4,4,79.30841827392578,77.60816192626953,77.36397552490234,78.41818237304688,70.79974365234375,79.75340270996094,81.96875,4.761904716491699,0,4.761904716491699,0,0,0,0,5,0,0,14.546513557434082,25769803776,0,16858742784,0
204,1790715232755,4,4,4,4,4,4,4,4,4,4,79.30841827392578,77.60816192626953,77.36397552490234,78.41818237304688,70.79974365234375,79.75340270996094,81.96875,0,0,0,0,0,0,0,5,4.761904716491699,0,14.546513557434082,25769803776,0,16858742784,0
204,1790715232960,4,4,4,4,4,4,4,4,4,4,79.2824935913086,77.52061462402344,77.289306640625,78.33247375488281,70.77991485595703,79.75004577636719,81.734375,4.761904716491699,0,4.545454502105713,0,0,0,0,9.523809432983398,0,0,14.546513557434082,25769803776,0,16858775552,0
203,1790715233165,4,4,4,4,4,4,4,4,4,4,79.2824935913086,77.52061462402344,77.289306640625,78.33247375488281,70.77991485595703,79.75004577636719,81.734375,0,4.545454502105713,0,0,0,0,4.761904716491699,4.761904716491699,0,0,14.546513557434082,25769803776,0,16858775552,0
204,1790715233369,4,4,4,4,4,4,4,4,4,4,79.2824935913086,77.52061462402344,77.289306640625,78.33247375488281,70.77991485595703,79.75004577636719,81.734375,4.761904716491699,0,0,0,0,0,0,5,0,0,14.546513557434082,25769803776,0,16858808320,0
204,1790715233574,4,4,4,4,4,4,4,4,4,4,79.2824935913086,77.52061462402344,77.289306640625,78.33247375488281,70.77991485595703,79.75004577636719,81.734375,5,4.761904716491699,0,4.761904716491699,0,0,0,5,0,0,14.446572303771973,25769803776,0,16858775552,0
204,1790715233779,4,4,4,4,4,4,4,4,4,4,79.2824935913086,77.52061462402344,77.289306640625,78.33247375488281,70.77991485595703,79.75004577636719,81.734375,0,0,0,0,0,0,0,9.523809432983398,0,0,14.446572303771973,25769803776,0,16858775552,0
204,1790715233984,4,4,4,4,4,4,4,4,4,4,79.11522674560547,77.45565032958984,77.13990020751953,78.245361328125,70.58654022216797,79.6073989868164,81.734375,0,0,0,0,0,0,0,5,0,0,14.446572303771973,25769803776,0,16858775552,0
204,1790715234189,4,4,4,4,4,4,4,4,4,4,79.11522674560547,77.45565032958984,77.13990020751953,78.245361328125,70.58654022216797,79.6073989868164,81.734375,4.761904716491699,0,0,0,0,0,0,9.523809432983398,0,0,14.446572303771973,25769803776,0,16858808320,0
204,1790715234394,4,4,4,4,4,4,4,4,4,4,79.11522674560547,77.45565032958984,77.13990020751953,78.245361328125,70.58654022216797,79.6073989868164,81.734375,0,0,0,0,0,0,4.761904716491699,5,0,0,14.446572303771973,25769803776,0,16858759168,0
204,1790715234599,4,4,4,4,4,4,4,4,4,4,79.11522674560547,77.45565032958984,77.13990020751953,78.245361328125,70.58654022216797,79.6073989868164,81.734375,4.761904716491699,4.761904716491699,0,0,0,0,0,9.090909004211426,9.090909004211426,0,14.368291854858398,25769803776,0,16858759168,0
204,1790715234804,4,4,4,4,4,4,4,4,4,4,79.11522674560547,77.45565032958984,77.13990020751953,78.245361328125,70.58654022216797,79.6073989868164,81.734375,4.761904716491699,0,0,0,0,0,4.761904716491699,0,0,0,14.368291854858398,25769803776,0,16858759168,0
202,1790715235009,4,4,4,4,4,4,4,4,4,4,79.04512023925781,77.40962219238281,77.21649932861328,78.1786880493164,70.6867446899414,79.54901885986328,81.734375,0,0,0,0,0,0,0,5,0,0,14.368291854858398,25769803776,0,16858759168,0
204,1790715235212,4,4,4,4,4,4,4,4,4,4,79.04512023925781,77.40962219238281,77.21649932861328,78.1786880493164,70.6867446899414,79.54901885986328,81.734375,4.761904716491699,0,0,0,0,0,0,0,0,0,14.368291854858398,25769803776,0,16858677248,0
204,1790715235417,4,4,4,4,4,4,4,4,4,4,79.04512023925781,77.40962219238281,77.21649932861328,78.1786880493164,70.6867446899414,79.54901885986328,81.734375,0,0,4.545454502105713,0,0,0,0,9.090909004211426,0,0,14.368291854858398,25769803776,0,16858808320,0
204,1790715235622,4,4,4,4,4,4,4,4,4,4,79.04512023925781,77.40962219238281,77.21649932861328,78.1786880493164,70.6867446899414,79.54901885986328,81.734375,0,0,0,0,0,0,0,5,0,0,14.436768531799316,25769803776,0,16858841088,0
204,1790715235827,4,4,4,4,4,4,4,4,4,4,79.04512023925781,77.40962219238281,77.21649932861328,78.1786880493164,70.6867446899414,79.54901885986328,81.734375,9.523809432983398,9.090909004211426,4.761904716491699,4.545454502105713,4.545454502105713,0,0,9.523809432983398,0,0,14.436768531799316,25769803776,0,16859152384,0
204,1790715236032,4,4,4,4,4,4,4,4,4,4,79.01114654541016,77.27540588378906,77.08810424804688,78.10285186767578,70.52177429199219,79.48339080810547,81.5,0,0,0,0,0,0,0,5,0,0,14.436768531799316,25769803776,0,16859136000,0
204,1790715236237,4,4,4,4,4,4,4,4,4,4,79.01114654541016,77.27540588378906,77.08810424804688,78.10285186767578,70.52177429199219,79.48339080810547,81.5,4.761904716491699,0,0,0,0,0,4.761904716491699,0,0,0,14.436768531799316,25769803776,0,16859136000,0
204,1790715236442,4,4,4,4,4,4,4,4,4,4,79.01114654541016,77.27540588378906,77.08810424804688,78.10285186767578,70.52177429199219,79.48339080810547,81.5,0,0,0,0,0,0,4.545454502105713,9.090909004211426,0,0,14.33682918548584,25769803776,0,16859119616,0
204,1790715236647,4,4,4,4,4,4,4,4,4,4,79.01114654541016,77.27540588378906,77.08810424804688,78.10285186767578,70.52177429199219,79.48339080810547,81.5,0,0,0,0,0,0,0,5,4.761904716491699,0,14.33682918548584,25769803776,0,16859119616,0
201,1790715236852,4,4,4,4,4,4,4,4,4,4,79.01114654541016,77.27540588378906,77.08810424804688,78.10285186767578,70.52177429199219,79.48339080810547,81.5,4.761904716491699,0,0,0,0,0,0,9.523809432983398,0,0,14.33682918548584,25769803776,0,16859119616,0
204,1790715237053,4,4,4,4,4,4,4,4,4,4,78.92329406738281,77.23763275146484,76.97720336914063,78.03831481933594,70.39443969726563,79.35305786132813,81.5,0,4.761904716491699,0,0,0,0,0,5,0,0,14.33682918548584,25769803776,0,16858972160,0
204,1790715237258,4,4,4,4,4,4,4,4,4,4,78.92329406738281,77.23763275146484,76.97720336914063,78.03831481933594,70.39443969726563,79.35305786132813,81.5,4.761904716491699,0,0,0,0,0,0,9.523809432983398,0,0,14.33682918548584,25769803776,0,16858988544,0
204,1790715237463,4,4,4,4,4,4,4,4,4,4,78.92329406738281,77.23763275146484,76.97720336914063,78.03831481933594,70.39443969726563,79.35305786132813,81.5,0,0,0,0,0,0,0,5,0,0,14.331661224365234,25769803776,0,16858988544,0
204,1790715237668,4,4,4,4,4,4,4,4,4,4,78.92329406738281,77.23763275146484,76.97720336914063,78.03831481933594,70.39443969726563,79.35305786132813,81.5,0,0,0,0,0,0,4.761904716491699,5,0,0,14.331661224365234,25769803776,0,16858988544,0
204,1790715237873,4,4,4,4,4,4,4,4,4,4,78.92329406738281,77.23763275146484,76.97720336914063,78.03831481933594,70.39443969726563,79.35305786132813,81.5,0,0,0,0,0,0,0,4.761904716491699,0,0,14.331661224365234,25769803776,0,16858988544,0
202,1790715238078,4,4,4,4,4,4,4,4,4,4,78.90901947021484,77.14985656738281,76.98965454101563,77.96571350097656,70.41507720947266,79.32821655273438,81.265625,4.761904716491699,0,4.761904716491699,0,0,0,0,5,9.090909004211426,0,14.331661224365234,25769803776,0,16858988544,0
204,1790715238282,4,4,4,4,4,4,4,4,4,4,78.90901947021484,77.14985656738281,76.98965454101563,77.96571350097656,70.41507720947266,79.32821655273438,81.265625,5,0,0,0,0,0,0,9.523809432983398,0,0,14.331661224365234,25769803776,0,16858988544,0
204,1790715238487,4,4,4,4,4,4,4,4,4,4,78.90901947021484,77.14985656738281,76.98965454101563,77.96571350097656,70.41507720947266,79.32821655273438,81.265625,0,4.545454502105713,4.761904716491699,0,0,0,0,5,0,0,14.40475082397461,25769803776,0,16860954624,0
204,1790715238692,4,4,4,4,4,4,4,4,4,4,78.90901947021484,77.14985656738281,76.98965454101563,77.96571350097656,70.41507720947266,79.32821655273438,81.265625,4.761904716491699,4.761904716491699,0,0,0,4.761904716491699,0,0,0,0,14.40475082397461,25769803776,0,16859136000,0
204,1790715238897,4,4,4,4,4,4,4,4,4,4,78.90901947021484,77.14985656738281,76.98965454101563,77.96571350097656,70.41507720947266,79.32821655273438,81.265625,0,0,0,0,0,0,9.090909004211426,0,0,0,14.40475082397461,25769803776,0,16859136000,0
200,1790715239102,4,4,4,4,4,4,4,4,4,4,78.88956451416016,77.0703353881836,76.76958465576172,77.86134338378906,70.05209350585938,79.26862335205078,81.265625,0,0,0,0,0,0,0,9.523809432983398,0,0,14.40475082397461,25769803776,0,16859136000,0
204,1790715239302,4,4,4,4,4,4,4,4,4,4,78.88956451416016,77.0703353881836,76.76958465576172,77.86134338378906,70.05209350585938,79.26862335205078,81.265625,4.761904716491699,0,0,0,0,0,0,5,0,0,14.40475082397461,25769803776,0,16859185152,0
204,1790715239507,4,4,4,4,4,4,4,4,4,4,78.88956451416016,77.0703353881836,76.76958465576172,77.86134338378906,70.05209350585938,79.26862335205078,81.265625,0,0,0,0,0,0,0,0,0,0,14.463577270507813,25769803776,0,16859185152,0
204,1790715239712,4,4,4,4,4,4,4,4,4,4,78.88956451416016,77.0703353881836,76.76958465576172,77.86134338378906,70.05209350585938,79.26862335205078,81.265625,4.761904716491699,0,0,0,0,0,0,9.090909004211426,4.545454502105713,0,14.463577270507813,25769803776,0,16859217920,0
204,1790715239917,4,4,4,4,4,4,4,4,4,4,78.88956451416016,77.0703353881836,76.76958465576172,77.86134338378906,70.05209350585938,79.26862335205078,81.265625,0,0,0,0,0,0,0,5,0,0,14.463577270507813,25769803776,0,16859217920,0
204,1790715240122,4,4,4,4,4,4,4,4,4,4,78.80918884277344,76.99695587158203,76.82430267333984,77.74645233154297,70.13616180419922,79.12989044189453,81.265625,0,4.761904716491699,0,0,0,0,4.545454502105713,9.523809432983398,0,0,14.463577270507813,25769803776,0,16859217920,0
204,1790715240327,4,4,4,4,4,4,4,4,4,4,78.80918884277344,76.99695587158203,76.82430267333984,77.74645233154297,70.13616180419922,79.12989044189453,81.265625,4.761904716491699,0,0,0,0,0,0,5,0,0,14.463577270507813,25769803776,0,16859480064,0
204,1790715240532,4,4,4,4,4,4,4,4,4,4,78.80918884277344,76.99695587158203,76.82430267333984,77.74645233154297,70.13616180419922,79.12989044189453,81.265625,0,0,0,0,0,0,0,9.523809432983398,4.545454502105713,0,14.259915351867676,25769803776,0,16859480064,0
204,1790715240737,4,4,4,4,4,4,4,4,4,4,78.80918884277344,76.99695587158203,76.82430267333984,77.74645233154297,70.13616180419922,79.12989044189453,81.265625,5,0,0,0,0,0,0,5,0,0,14.259915351867676,25769803776,0,16859480064,0
200,1790715240942,4,4,4,4,4,4,4,4,4,4,78.7697982788086,76.9405288696289,76.83954620361328,77.69984436035156,70.17288208007813,79.1096420288086,81.265625,0,4.761904716491699,0,0,0,0,4.761904716491699,0,0,0,14.259915351867676,25769803776,0,16859480064,0
204,1790715241143,4,4,4,4,4,4,4,4,4,4,78.7697982788086,76.9405288696289,76.83954620361328,77.69984436035156,70.17288208007813,79.1096420288086,81.265625,4.761904716491699,0,0,0,0,0,0,9.523809432983398,0,0,14.259915351867676,25769803776,0,16859480064,0
204,1790715241348,4,4,4,4,4,4,4,4,4,4,78.7697982788086,76.9405288696289,76.83954620361328,77.69984436035156,70.17288208007813,79.1096420288086,81.265625,4.761904716491699,4.761904716491699,4.545454502105713,0,0,0,0,5,0,0,14.259915351867676,25769803776,0,16859365376,0
204,1790715241553,4,4,4,4,4,4,4,4,4,4,78.7697982788086,76.9405288696289,76.83954620361328,77.69984436035156,70.17288208007813,79.1096420288086,81.265625,0,0,0,0,0,0,4.761904716491699,9.523809432983398,4.761904716491699,0,14.3060884475708,25769803776,0,16859414528,0
204,1790715241758,4,4,4,4,4,4,4,4,4,4,78.7697982788086,76.9405288696289,76.83954620361328,77.69984436035156,70.17288208007813,79.1096420288086,81.265625,4.761904716491699,0,4.761904716491699,0,0,0,0,5,0,0,14.3060884475708,25769803776,0,16859283456,0
204,1790715241963,4,4,4,4,4,4,4,4,4,4,78.72130584716797,76.8968734741211,76.646484375,77.66033935546875,69.85450744628906,79.03564453125,81.03125,4.761904716491699,4.761904716491699,0,0,4.545454502105713,0,0,0,0,0,14.3060884475708,25769803776,0,16859529216,0
204,1790715242168,4,4,4,4,4,4,4,4,4,4,78.72130584716797,76.8968734741211,76.646484375,77.66033935546875,69.85450744628906,79.03564453125,81.03125,0,0,0,4.761904716491699,0,0,5,9.090909004211426,0,0,14.3060884475708,25769803776,0,16859594752,0
204,1790715242373,4,4,4,4,4,4,4,4,4,4,78.72130584716797,76.8968734741211,76.646484375,77.66033935546875,69.85450744628906,79.03564453125,81.03125,9.090909004211426,4.761904716491699,0,0,0,0,0,0,0,0,14.3060884475708,25769803776,0,16859906048,0
204,1790715242578,4,4,4,4,4,4,4,4,4,4,78.72130584716797,76.8968734741211,76.646484375,77.66033935546875,69.85450744628906,79.03564453125,81.03125,0,0,0,0,0,0,0,0,0,0,14.30430793762207,25769803776,0,16859594752,0
204,1790715242783,4,4,4,4,4,4,4,4,4,4,78.72130584716797,76.8968734741211,76.646484375,77.66033935546875,69.85450744628906,79.03564453125,81.03125,0,0,4.761904716491699,4.761904716491699,0,0,0,9.090909004211426,9.090909004211426,0,14.30430793762207,25769803776,0,16859594752,0
204,1790715242988,4,4,4,4,4,4,4,4,4,4,78.69244384765625,76.92169189453125,76.6297378540039,77.63267517089844,69.81553649902344,79.01952362060547,83.03125,4.761904716491699,0,0,0,0,0,0,5,0,0,14.30430793762207,25769803776,0,16859594752,0
204,1790715243193,4,4,4,4,4,4,4,4,4,4,78.69244384765625,76.92169189453125,76.6297378540039,77.63267517089844,69.81553649902344,79.01952362060547,83.03125,0,0,0,0,0,0,0,5,0,0,14.30430793762207,25769803776,0,16859594752,0
9,1790715243398,4,4,4,4,4,4,4,4,4,4,78.69244384765625,76.92169189453125,76.6297378540039,77.63267517089844,69.81553649902344,79.01952362060547,83.03125,0,0,0,0,0,0,4.761904716491699,13.636363983154297,0,0,14.30430793762207,25769803776,0,16838803456,0
