Delta,Time,CPU_FREQUENCY_0,CPU_FREQUENCY_1,CPU_FREQUENCY_2,CPU_FREQUENCY_3,CPU_FREQUENCY_4,CPU_FREQUENCY_5,CPU_FREQUENCY_6,CPU_FREQUENCY_7,CPU_FREQUENCY_8,CPU_FREQUENCY_9,CPU_TEMP_0,CPU_TEMP_1,CPU_TEMP_2,CPU_TEMP_3,CPU_TEMP_4,CPU_TEMP_5,CPU_TEMP_6,CPU_USAGE_0,CPU_USAGE_1,CPU_USAGE_2,CPU_USAGE_3,CPU_USAGE_4,CPU_USAGE_5,CPU_USAGE_6,CPU_USAGE_7,CPU_USAGE_8,CPU_USAGE_9,SYSTEM_POWER (Watts),TOTAL_MEMORY,TOTAL_SWAP,USED_MEMORY,USED_SWAP
0,1790939265179,4,4,4,4,4,4,4,4,4,4,65.8885726928711,66.14551544189453,66.06456756591797,65.32833862304688,59.071224212646484,66.01976776123047,72.75,NaN,0,0,0,0,0,0,0,0,0,2.039942502975464,25769803776,0,18679087104,0
202,1790939265179,4,4,4,4,4,4,4,4,4,4,65.8885726928711,66.14551544189453,66.06456756591797,65.32833862304688,59.071224212646484,66.01976776123047,72.75,100,NaN,0,NaN,0,NaN,0,0,0,NaN,2.039942502975464,25769803776,0,18680758272,0
204,1790939265382,4,4,4,4,4,4,4,4,4,4,65.8885726928711,66.14551544189453,66.06456756591797,65.32833862304688,59.071224212646484,66.01976776123047,72.75,4.761904716491699,4.761904716491699,0,0,0,0,5,40,0,0,2.039942502975464,25769803776,0,18712641536,0
204,1790939265587,4,4,4,4,4,4,4,4,4,4,65.8885726928711,66.14551544189453,66.06456756591797,65.32833862304688,59.071224212646484,66.01976776123047,72.75,0,0,4.761904716491699,0,0,0,0,13.636363983154297,0,0,2.039942502975464,25769803776,0,18712641536,0
202,1790939265792,4,4,4,4,4,4,4,4,4,4,65.8885726928711,66.14551544189453,66.06456756591797,65.32833862304688,59.071224212646484,66.01976776123047,72.75,4.545454502105713,0,0,0,0,0,0,0,0,0,2.0013673305511475,25769803776,0,18712641536,0
204,1790939265994,4,4,4,4,4,4,4,4,4,4,65.8885726928711,66.14551544189453,66.06456756591797,65.32833862304688,59.071224212646484,66.01976776123047,72.75,0,4.761904716491699,0,0,0,0,0,4.761904716491699,0,0,2.0013673305511475,25769803776,0,18702057472,0
204,1790939266199,4,4,4,4,4,4,4,4,4,4,73.98904418945313,69.00833129882813,69.24591064453125,71.9743423461914,62.600196838378906,73.27110290527344,78.4375,0,0,0,0,0,0,4.545454502105713,9.523809432983398,0,0,2.0013673305511475,25769803776,0,18689376256,0
204,1790939266404,4,4,4,4,4,4,4,4,4,4,73.98904418945313,69.00833129882813,69.24591064453125,71.9743423461914,62.600196838378906,73.27110290527344,78.4375,9.523809432983398,5,4.761904716491699,0,0,0,0,5,0,0,2.0013673305511475,25769803776,0,18689638400,0
204,1790939266609,4,4,4,4,4,4,4,4,4,4,73.98904418945313,69.00833129882813,69.24591064453125,71.9743423461914,62.600196838378906,73.27110290527344,78.4375,0,0,0,0,0,0,0,4.761904716491699,0,0,13.170686721801758,25769803776,0,18689638400,0
204,1790939266815,4,4,4,4,4,4,4,4,4,4,73.98904418945313,69.00833129882813,69.24591064453125,71.9743423461914,62.600196838378906,73.27110290527344,78.4375,4.761904716491699,4.761904716491699,0,0,0,0,0,5,0,0,13.170686721801758,25769803776,0,18689638400,0
204,1790939267020,4,4,4,4,4,4,4,4,4,4,73.98904418945313,69.00833129882813,69.24591064453125,71.9743423461914,62.600196838378906,73.27110290527344,78.4375,5,5,0,8.69565200805664,0,0,0,5,4.545454502105713,0,13.170686721801758,25769803776,0,18689343488,0
204,1790939267225,4,4,4,4,4,4,4,4,4,4,78.07207489013672,72.77669525146484,72.69219207763672,76.06509399414063,65.97823333740234,77.63446044921875,79.140625,5,4.761904716491699,0,0,4.761904716491699,0,0,9.523809432983398,0,0,13.170686721801758,25769803776,0,18676940800,0
204,1790939267430,4,4,4,4,4,4,4,4,4,4,78.07207489013672,72.77669525146484,72.69219207763672,76.06509399414063,65.97823333740234,77.63446044921875,79.140625,0,0,0,0,0,0,0,0,0,0,13.170686721801758,25769803776,0,18676940800,0
204,1790939267635,4,4,4,4,4,4,4,4,4,4,78.07207489013672,72.77669525146484,72.69219207763672,76.06509399414063,65.97823333740234,77.63446044921875,79.140625,4.545454502105713,0,0,0,0,0,0,4.761904716491699,4.761904716491699,0,23.123098373413086,25769803776,0,18676940800,0
204,1790939267840,4,4,4,4,4,4,4,4,4,4,78.07207489013672,72.77669525146484,72.69219207763672,76.06509399414063,65.97823333740234,77.63446044921875,79.140625,0,0,4.545454502105713,0,0,0,4.761904716491699,0,0,0,23.123098373413086,25769803776,0,18676940800,0
204,1790939268044,4,4,4,4,4,4,4,4,4,4,78.07207489013672,72.77669525146484,72.69219207763672,76.06509399414063,65.97823333740234,77.63446044921875,79.140625,0,0,0,0,0,0,9.523809432983398,0,0,0,23.123098373413086,25769803776,0,18676989952,0
202,1790939268249,4,4,4,4,4,4,4,4,4,4,77.87213897705078,73.69204711914063,73.16835021972656,75.9222412109375,66.04187774658203,77.3468246459961,79.140625,9.090909004211426,4.761904716491699,0,0,0,0,5,0,0,0,23.123098373413086,25769803776,0,18677006336,0
200,1790939268452,4,4,4,4,4,4,4,4,4,4,77.87213897705078,73.69204711914063,73.16835021972656,75.9222412109375,66.04187774658203,77.3468246459961,79.140625,0,0,0,0,0,0,0,0,0,0,23.123098373413086,25769803776,0,18676973568,0
200,1790939268652,4,4,4,4,4,4,4,4,4,4,77.87213897705078,73.69204711914063,73.16835021972656,75.9222412109375,66.04187774658203,77.3468246459961,79.140625,4.761904716491699,0,0,0,0,0,9.523809432983398,4.761904716491699,0,0,17.569929122924805,25769803776,0,18676973568,0
200,1790939268853,4,4,4,4,4,4,4,4,4,4,77.87213897705078,73.69204711914063,73.16835021972656,75.9222412109375,66.04187774658203,77.3468246459961,79.140625,0,5,5,0,0,0,5.263157844543457,0,0,0,17.569929122924805,25769803776,0,18676973568,0
204,1790939269054,4,4,4,4,4,4,4,4,4,4,77.87213897705078,73.69204711914063,73.16835021972656,75.9222412109375,66.04187774658203,77.3468246459961,79.140625,0,0,0,0,4.761904716491699,0,5,0,0,0,17.569929122924805,25769803776,0,18676908032,0
202,1790939269259,4,4,4,4,4,4,4,4,4,4,77.5982666015625,74.0019760131836,73.25056457519531,75.70943450927734,65.9781265258789,77.08727264404297,78.90625,4.761904716491699,4.761904716491699,0,0,0,0,9.090909004211426,0,0,0,17.569929122924805,25769803776,0,18676908032,0
204,1790939269461,4,4,4,4,4,4,4,4,4,4,77.5982666015625,74.0019760131836,73.25056457519531,75.70943450927734,65.9781265258789,77.08727264404297,78.90625,4.761904716491699,0,0,0,0,0,0,0,4.761904716491699,0,17.569929122924805,25769803776,0,18676908032,0
204,1790939269666,4,4,4,4,4,4,4,4,4,4,77.5982666015625,74.0019760131836,73.25056457519531,75.70943450927734,65.9781265258789,77.08727264404297,78.90625,0,0,0,0,0,0,5,0,0,0,15.658852577209473,25769803776,0,18676908032,0
204,1790939269871,4,4,4,4,4,4,4,4,4,4,77.5982666015625,74.0019760131836,73.25056457519531,75.70943450927734,65.9781265258789,77.08727264404297,78.90625,4.761904716491699,0,0,0,0,0,9.090909004211426,0,0,0,15.658852577209473,25769803776,0,18676908032,0
204,1790939270076,4,4,4,4,4,4,4,4,4,4,77.5982666015625,74.0019760131836,73.25056457519531,75.70943450927734,65.9781265258789,77.08727264404297,78.90625,0,0,0,0,0,0,5,4.761904716491699,0,0,15.658852577209473,25769803776,0,18669862912,0
201,1790939270281,4,4,4,4,4,4,4,4,4,4,77.59794616699219,74.2022933959961,73.37419128417969,75.712158203125,66.08438110351563,77.06476593017578,78.90625,4.761904716491699,4.761904716491699,0,0,0,0,5,0,0,0,15.658852577209473,25769803776,0,18670026752,0
204,1790939270483,4,4,4,4,4,4,4,4,4,4,77.59794616699219,74.2022933959961,73.37419128417969,75.712158203125,66.08438110351563,77.06476593017578,78.90625,0,0,0,0,0,0,5,0,0,0,15.658852577209473,25769803776,0,18670026752,0
204,1790939270688,4,4,4,4,4,4,4,4,4,4,77.59794616699219,74.2022933959961,73.37419128417969,75.712158203125,66.08438110351563,77.06476593017578,78.90625,0,0,0,0,0,0,4.761904716491699,4.761904716491699,0,0,14.931995391845703,25769803776,0,18669715456,0
204,1790939270893,4,4,4,4,4,4,4,4,4,4,77.59794616699219,74.2022933959961,73.37419128417969,75.712158203125,66.08438110351563,77.06476593017578,78.90625,4.761904716491699,4.545454502105713,0,0,0,0,5,0,0,0,14.931995391845703,25769803776,0,18669715456,0
204,1790939271097,4,4,4,4,4,4,4,4,4,4,77.59794616699219,74.2022933959961,73.37419128417969,75.712158203125,66.08438110351563,77.06476593017578,78.90625,0,0,0,0,0,0,0,0,0,0,14.931995391845703,25769803776,0,18669830144,0
204,1790939271302,4,4,4,4,4,4,4,4,4,4,77.7410888671875,74.28709411621094,73.57080841064453,75.93915557861328,66.33736419677734,77.22915649414063,79.140625,0,0,0,0,0,0,4.761904716491699,0,0,0,14.931995391845703,25769803776,0,18669699072,0
204,1790939271507,4,4,4,4,4,4,4,4,4,4,77.7410888671875,74.28709411621094,73.57080841064453,75.93915557861328,66.33736419677734,77.22915649414063,79.140625,0,0,4.761904716491699,0,0,0,9.523809432983398,0,0,0,14.931995391845703,25769803776,0,18669600768,0
204,1790939271712,4,4,4,4,4,4,4,4,4,4,77.7410888671875,74.28709411621094,73.57080841064453,75.93915557861328,66.33736419677734,77.22915649414063,79.140625,4.545454502105713,0,0,0,0,0,0,4.761904716491699,0,0,14.73316478729248,25769803776,0,18669617152,0
201,1790939271917,4,4,4,4,4,4,4,4,4,4,77.7410888671875,74.28709411621094,73.57080841064453,75.93915557861328,66.33736419677734,77.22915649414063,79.140625,0,4.761904716491699,0,0,0,0,9.090909004211426,0,0,0,14.73316478729248,25769803776,0,18669617152,0
204,1790939272119,4,4,4,4,4,4,4,4,4,4,78.2853775024414,74.79151916503906,73.93147277832031,76.48173522949219,66.79896545410156,78.12931823730469,80.796875,9.523809432983398,0,0,0,0,0,0,0,5,0,14.73316478729248,25769803776,0,18669174784,0
204,1790939272324,4,4,4,4,4,4,4,4,4,4,78.2853775024414,74.79151916503906,73.93147277832031,76.48173522949219,66.79896545410156,78.12931823730469,80.796875,0,0,0,0,0,0,5,0,0,0,14.73316478729248,25769803776,0,18668568576,0
204,1790939272529,4,4,4,4,4,4,4,4,4,4,78.2853775024414,74.79151916503906,73.93147277832031,76.48173522949219,66.79896545410156,78.12931823730469,80.796875,0,0,0,0,0,0,9.523809432983398,0,0,0,14.73316478729248,25769803776,0,18668568576,0
204,1790939272734,4,4,4,4,4,4,4,4,4,4,78.2853775024414,74.79151916503906,73.93147277832031,76.48173522949219,66.79896545410156,78.12931823730469,80.796875,4.761904716491699,0,0,0,0,0,0,0,9.523809432983398,0,15.122736930847168,25769803776,0,18668568576,0
204,1790939272939,4,4,4,4,4,4,4,4,4,4,78.2853775024414,74.79151916503906,73.93147277832031,76.48173522949219,66.79896545410156,78.12931823730469,80.796875,0,0,0,0,0,0,9.523809432983398,4.761904716491699,0,0,15.122736930847168,25769803776,0,18668568576,0
202,1790939273144,4,4,4,4,4,4,4,4,4,4,79.51793670654297,75.97706604003906,74.94602966308594,77.951171875,67.92315673828125,79.74669647216797,85.03125,4.761904716491699,0,0,0,0,0,5,0,4.545454502105713,0,15.122736930847168,25769803776,0,18668437504,0
204,1790939273346,4,4,4,4,4,4,4,4,4,4,79.51793670654297,75.97706604003906,74.94602966308594,77.951171875,67.92315673828125,79.74669647216797,85.03125,0,4.761904716491699,0,0,0,0,9.523809432983398,4.761904716491699,0,0,15.122736930847168,25769803776,0,18668290048,0
202,1790939273552,4,4,4,4,4,4,4,4,4,4,79.51793670654297,75.97706604003906,74.94602966308594,77.951171875,67.92315673828125,79.74669647216797,85.03125,0,0,4.761904716491699,0,0,0,5,0,0,0,15.122736930847168,25769803776,0,18668290048,0
200,1790939273754,4,4,4,4,4,4,4,4,4,4,79.51793670654297,75.97706604003906,74.94602966308594,77.951171875,67.92315673828125,79.74669647216797,85.03125,4.761904716491699,4.761904716491699,0,0,0,0,9.523809432983398,0,0,0,20.944719314575195,25769803776,0,18668273664,0
200,1790939273955,4,4,4,4,4,4,4,4,4,4,79.51793670654297,75.97706604003906,74.94602966308594,77.951171875,67.92315673828125,79.74669647216797,85.03125,5,0,0,0,0,0,0,9.523809432983398,0,0,20.944719314575195,25769803776,0,18668273664,0
204,1790939274155,4,4,4,4,4,4,4,4,4,4,78.90352630615234,76.30492401123047,75.49169158935547,77.64356231689453,68.49295806884766,79.17761993408203,80.796875,4.761904716491699,0,4.761904716491699,0,0,0,5.263157844543457,0,0,0,20.944719314575195,25769803776,0,18668208128,0
204,1790939274360,4,4,4,4,4,4,4,4,4,4,78.90352630615234,76.30492401123047,75.49169158935547,77.64356231689453,68.49295806884766,79.17761993408203,80.796875,0,4.761904716491699,0,0,0,0,9.090909004211426,0,0,0,20.944719314575195,25769803776,0,18668208128,0
204,1790939274565,4,4,4,4,4,4,4,4,4,4,78.90352630615234,76.30492401123047,75.49169158935547,77.64356231689453,68.49295806884766,79.17761993408203,80.796875,0,0,0,4.761904716491699,4.545454502105713,0,0,0,0,0,20.944719314575195,25769803776,0,18669207552,0
204,1790939274770,4,4,4,4,4,4,4,4,4,4,78.90352630615234,76.30492401123047,75.49169158935547,77.64356231689453,68.49295806884766,79.17761993408203,80.796875,4.761904716491699,0,0,4.761904716491699,0,0,4.761904716491699,0,0,0,18.84280776977539,25769803776,0,18669207552,0
203,1790939274975,4,4,4,4,4,4,4,4,4,4,78.90352630615234,76.30492401123047,75.49169158935547,77.64356231689453,68.49295806884766,79.17761993408203,80.796875,0,0,0,0,0,0,5,0,0,0,18.84280776977539,25769803776,0,18669207552,0
204,1790939275178,4,4,4,4,4,4,4,4,4,4,78.08942413330078,76.02122497558594,75.02457427978516,76.50023651123047,67.8963623046875,78.0347671508789,80.3125,4.761904716491699,4.761904716491699,0,0,4.545454502105713,0,5,0,4.545454502105713,0,18.84280776977539,25769803776,0,18661998592,0
204,1790939275383,4,4,4,4,4,4,4,4,4,4,78.08942413330078,76.02122497558594,75.02457427978516,76.50023651123047,67.8963623046875,78.0347671508789,80.3125,9.523809432983398,4.761904716491699,4.545454502105713,0,0,0,9.523809432983398,4.761904716491699,0,0,18.84280776977539,25769803776,0,18652856320,0
204,1790939275588,4,4,4,4,4,4,4,4,4,4,78.08942413330078,76.02122497558594,75.02457427978516,76.50023651123047,67.8963623046875,78.0347671508789,80.3125,0,0,0,0,0,0,5,0,4.761904716491699,0,18.84280776977539,25769803776,0,18652856320,0
204,1790939275793,4,4,4,4,4,4,4,4,4,4,78.08942413330078,76.02122497558594,75.02457427978516,76.50023651123047,67.8963623046875,78.0347671508789,80.3125,5,0,0,0,0,0,9.523809432983398,4.761904716491699,0,0,15.149538040161133,25769803776,0,18652872704,0
204,1790939275998,4,4,4,4,4,4,4,4,4,4,78.08942413330078,76.02122497558594,75.02457427978516,76.50023651123047,67.8963623046875,78.0347671508789,80.3125,0,0,0,0,0,0,4.761904716491699,0,0,0,15.149538040161133,25769803776,0,18652872704,0
204,1790939276203,4,4,4,4,4,4,4,4,4,4,77.99083709716797,75.72183990478516,74.78474426269531,76.26573944091797,67.63800048828125,77.84087371826172,79.84375,9.523809432983398,5,0,0,0,0,9.523809432983398,0,0,0,15.149538040161133,25769803776,0,18653085696,0
204,1790939276408,4,4,4,4,4,4,4,4,4,4,77.99083709716797,75.72183990478516,74.78474426269531,76.26573944091797,67.63800048828125,77.84087371826172,79.84375,0,0,0,0,0,0,0,0,0,0,15.149538040161133,25769803776,0,18653085696,0
204,1790939276613,4,4,4,4,4,4,4,4,4,4,77.99083709716797,75.72183990478516,74.78474426269531,76.26573944091797,67.63800048828125,77.84087371826172,79.84375,0,4.761904716491699,0,0,0,0,5,0,0,0,14.871545791625977,25769803776,0,18653085696,0
204,1790939276818,4,4,4,4,4,4,4,4,4,4,77.99083709716797,75.72183990478516,74.78474426269531,76.26573944091797,67.63800048828125,77.84087371826172,79.84375,4.761904716491699,0,0,0,0,0,9.523809432983398,0,4.761904716491699,0,14.871545791625977,25769803776,0,18653085696,0
204,1790939277023,4,4,4,4,4,4,4,4,4,4,77.99083709716797,75.72183990478516,74.78474426269531,76.26573944091797,67.63800048828125,77.84087371826172,79.84375,0,0,0,0,0,0,5,0,0,0,14.871545791625977,25769803776,0,18653085696,0
204,1790939277228,4,4,4,4,4,4,4,4,4,4,78.10725402832031,75.83688354492188,74.9123306274414,76.54573059082031,67.76565551757813,78.13137817382813,79.84375,4.761904716491699,0,0,0,0,0,9.523809432983398,4.761904716491699,0,0,14.871545791625977,25769803776,0,18640519168,0
204,1790939277433,4,4,4,4,4,4,4,4,4,4,78.10725402832031,75.83688354492188,74.9123306274414,76.54573059082031,67.76565551757813,78.13137817382813,79.84375,0,0,0,0,0,0,5,4.545454502105713,0,0,14.871545791625977,25769803776,0,18640519168,0
200,1790939277638,4,4,4,4,4,4,4,4,4,4,78.10725402832031,75.83688354492188,74.9123306274414,76.54573059082031,67.76565551757813,78.13137817382813,79.84375,9.523809432983398,0,4.761904716491699,0,0,0,9.090909004211426,0,0,0,15.60096549987793,25769803776,0,18640551936,0
204,1790939277839,4,4,4,4,4,4,4,4,4,4,78.10725402832031,75.83688354492188,74.9123306274414,76.54573059082031,67.76565551757813,78.13137817382813,79.84375,0,4.761904716491699,0,0,0,0,0,0,0,4.761904716491699,15.60096549987793,25769803776,0,18640486400,0
204,1790939278044,4,4,4,4,4,4,4,4,4,4,78.10725402832031,75.83688354492188,74.9123306274414,76.54573059082031,67.76565551757813,78.13137817382813,79.84375,0,0,0,0,0,0,9.523809432983398,0,0,0,15.60096549987793,25769803776,0,18640486400,0
204,1790939278249,4,4,4,4,4,4,4,4,4,4,78.29667663574219,76.0804672241211,75.05970764160156,76.97611999511719,67.9305648803711,78.45975494384766,83.96875,5,0,0,0,0,0,5,0,0,0,15.60096549987793,25769803776,0,18640601088,0
204,1790939278454,4,4,4,4,4,4,4,4,4,4,78.29667663574219,76.0804672241211,75.05970764160156,76.97611999511719,67.9305648803711,78.45975494384766,83.96875,4.761904716491699,4.761904716491699,4.761904716491699,0,0,0,4.761904716491699,0,0,0,15.60096549987793,25769803776,0,18642436096,0
204,1790939278659,4,4,4,4,4,4,4,4,4,4,78.29667663574219,76.0804672241211,75.05970764160156,76.97611999511719,67.9305648803711,78.45975494384766,83.96875,4.761904716491699,0,0,0,0,0,5,4.761904716491699,0,0,16.140117645263672,25769803776,0,18640633856,0
204,1790939278864,4,4,4,4,4,4,4,4,4,4,78.29667663574219,76.0804672241211,75.05970764160156,76.97611999511719,67.9305648803711,78.45975494384766,83.96875,0,0,0,4.761904716491699,0,0,5,0,4.761904716491699,0,16.140117645263672,25769803776,0,18640633856,0
204,1790939279069,4,4,4,4,4,4,4,4,4,4,78.29667663574219,76.0804672241211,75.05970764160156,76.97611999511719,67.9305648803711,78.45975494384766,83.96875,0,4.761904716491699,0,0,0,0,9.090909004211426,4.761904716491699,4.761904716491699,0,16.140117645263672,25769803776,0,18640633856,0
204,1790939279274,4,4,4,4,4,4,4,4,4,4,78.3998794555664,76.12127685546875,75.19104766845703,77.13127899169922,68.14169311523438,78.57237243652344,81.734375,4.761904716491699,0,0,0,0,0,0,0,0,0,16.140117645263672,25769803776,0,18640551936,0
201,1790939279479,4,4,4,4,4,4,4,4,4,4,78.3998794555664,76.12127685546875,75.19104766845703,77.13127899169922,68.14169311523438,78.57237243652344,81.734375,0,0,0,4.761904716491699,0,0,9.523809432983398,0,0,0,16.140117645263672,25769803776,0,18640551936,0
204,1790939279681,4,4,4,4,4,4,4,4,4,4,78.3998794555664,76.12127685546875,75.19104766845703,77.13127899169922,68.14169311523438,78.57237243652344,81.734375,5,0,5,0,0,0,5,0,0,0,16.169591903686523,25769803776,0,18640617472,0
202,1790939279886,4,4,4,4,4,4,4,4,4,4,78.3998794555664,76.12127685546875,75.19104766845703,77.13127899169922,68.14169311523438,78.57237243652344,81.734375,0,0,0,0,0,0,9.523809432983398,0,0,0,16.169591903686523,25769803776,0,18640617472,0
204,1790939280089,4,4,4,4,4,4,4,4,4,4,78.3998794555664,76.12127685546875,75.19104766845703,77.13127899169922,68.14169311523438,78.57237243652344,81.734375,9.523809432983398,4.761904716491699,0,0,0,0,5,4.761904716491699,0,0,16.169591903686523,25769803776,0,18640568320,0
204,1790939280294,4,4,4,4,4,4,4,4,4,4,78.54999542236328,76.48133087158203,75.46490478515625,77.2834243774414,68.34173583984375,78.7118911743164,80.796875,4.761904716491699,0,0,0,0,0,9.523809432983398,0,0,0,16.169591903686523,25769803776,0,18653806592,0
204,1790939280499,4,4,4,4,4,4,4,4,4,4,78.54999542236328,76.48133087158203,75.46490478515625,77.2834243774414,68.34173583984375,78.7118911743164,80.796875,0,4.761904716491699,0,0,0,0,0,0,4.545454502105713,0,16.169591903686523,25769803776,0,18653806592,0
200,1790939280703,4,4,4,4,4,4,4,4,4,4,78.54999542236328,76.48133087158203,75.46490478515625,77.2834243774414,68.34173583984375,78.7118911743164,80.796875,0,0,0,0,0,0,5,0,0,0,16.08522605895996,25769803776,0,18653806592,0
204,1790939280903,4,4,4,4,4,4,4,4,4,4,78.54999542236328,76.48133087158203,75.46490478515625,77.2834243774414,68.34173583984375,78.7118911743164,80.796875,5,0,0,0,4.761904716491699,0,9.523809432983398,4.761904716491699,0,0,16.08522605895996,25769803776,0,18653806592,0
204,1790939281108,4,4,4,4,4,4,4,4,4,4,78.67290496826172,76.63091278076172,75.58891296386719,77.46107482910156,68.4189682006836,78.88091278076172,80.796875,0,0,4.761904716491699,0,0,0,4.761904716491699,0,0,0,16.08522605895996,25769803776,0,18653806592,0
204,1790939281314,4,4,4,4,4,4,4,4,4,4,78.67290496826172,76.63091278076172,75.58891296386719,77.46107482910156,68.4189682006836,78.88091278076172,80.796875,4.761904716491699,0,0,0,0,0,9.523809432983398,0,0,0,16.08522605895996,25769803776,0,18640666624,0
204,1790939281519,4,4,4,4,4,4,4,4,4,4,78.67290496826172,76.63091278076172,75.58891296386719,77.46107482910156,68.4189682006836,78.88091278076172,80.796875,0,0,0,0,0,0,5,0,0,0,16.08522605895996,25769803776,0,18640666624,0
204,1790939281724,4,4,4,4,4,4,4,4,4,4,78.67290496826172,76.63091278076172,75.58891296386719,77.46107482910156,68.4189682006836,78.88091278076172,80.796875,4.761904716491699,4.545454502105713,0,0,0,0,9.523809432983398,4.761904716491699,0,0,16.11330223083496,25769803776,0,18640666624,0
204,1790939281929,4,4,4,4,4,4,4,4,4,4,78.67290496826172,76.63091278076172,75.58891296386719,77.46107482910156,68.4189682006836,78.88091278076172,80.796875,0,0,0,0,0,0,5,0,0,0,16.11330223083496,25769803776,0,18640568320,0
204,1790939282134,4,4,4,4,4,4,4,4,4,4,78.75164794921875,76.68009185791016,75.67752075195313,77.59689331054688,68.47792053222656,78.97028350830078,80.796875,0,0,0,0,0,0,5,0,0,0,16.11330223083496,25769803776,0,18640568320,0
200,1790939282339,4,4,4,4,4,4,4,4,4,4,78.75164794921875,76.68009185791016,75.67752075195313,77.59689331054688,68.47792053222656,78.97028350830078,80.796875,9.523809432983398,0,0,0,0,0,4.761904716491699,0,4.761904716491699,0,16.11330223083496,25769803776,0,18640437248,0
204,1790939282539,4,4,4,4,4,4,4,4,4,4,78.75164794921875,76.68009185791016,75.67752075195313,77.59689331054688,68.47792053222656,78.97028350830078,80.796875,5,0,0,0,0,0,0,0,4.761904716491699,0,16.11330223083496,25769803776,0,18640453632,0
204,1790939282744,4,4,4,4,4,4,4,4,4,4,78.75164794921875,76.68009185791016,75.67752075195313,77.59689331054688,68.47792053222656,78.97028350830078,80.796875,0,0,0,0,0,0,9.523809432983398,4.545454502105713,0,0,16.133804321289063,25769803776,0,18640453632,0
204,1790939282949,4,4,4,4,4,4,4,4,4,4,78.75164794921875,76.68009185791016,75.67752075195313,77.59689331054688,68.47792053222656,78.97028350830078,80.796875,0,0,0,0,0,0,5,0,0,0,16.133804321289063,25769803776,0,18640453632,0
199,1790939283154,4,4,4,4,4,4,4,4,4,4,78.87974548339844,76.93415069580078,75.8089599609375,77.677734375,68.6024398803711,79.14198303222656,80.796875,4.761904716491699,0,0,0,0,0,9.523809432983398,0,0,0,16.133804321289063,25769803776,0,18640453632,0
204,1790939283354,4,4,4,4,4,4,4,4,4,4,78.87974548339844,76.93415069580078,75.8089599609375,77.677734375,68.6024398803711,79.14198303222656,80.796875,0,0,0,0,0,0,5,0,0,0,16.133804321289063,25769803776,0,18640257024,0
204,1790939283559,4,4,4,4,4,4,4,4,4,4,78.87974548339844,76.93415069580078,75.8089599609375,77.677734375,68.6024398803711,79.14198303222656,80.796875,4.761904716491699,4.545454502105713,0,0,0,0,9.523809432983398,0,0,0,16.133804321289063,25769803776,0,18640322560,0
204,1790939283764,4,4,4,4,4,4,4,4,4,4,78.87974548339844,76.93415069580078,75.8089599609375,77.677734375,68.6024398803711,79.14198303222656,80.796875,0,4.761904716491699,4.761904716491699,0,0,0,0,9.090909004211426,4.761904716491699,0,16.214258193969727,25769803776,0,18640322560,0
204,1790939283969,4,4,4,4,4,4,4,4,4,4,78.87974548339844,76.93415069580078,75.8089599609375,77.677734375,68.6024398803711,79.14198303222656,80.796875,4.761904716491699,0,0,0,0,0,5,0,0,0,16.214258193969727,25769803776,0,18640322560,0
204,1790939284174,4,4,4,4,4,4,4,4,4,4,79.00389862060547,76.94139862060547,75.98262023925781,77.85358428955078,68.85801696777344,79.37442016601563,81.03125,4.761904716491699,0,0,0,0,0,9.523809432983398,0,0,0,16.214258193969727,25769803776,0,18640322560,0
203,1790939284379,4,4,4,4,4,4,4,4,4,4,79.00389862060547,76.94139862060547,75.98262023925781,77.85358428955078,68.85801696777344,79.37442016601563,81.03125,0,0,0,0,0,0,5,0,0,0,16.214258193969727,25769803776,0,18640175104,0
204,1790939284583,4,4,4,4,4,4,4,4,4,4,79.00389862060547,76.94139862060547,75.98262023925781,77.85358428955078,68.85801696777344,79.37442016601563,81.03125,4.761904716491699,0,0,0,0,0,9.523809432983398,0,0,0,16.214258193969727,25769803776,0,18640093184,0
204,1790939284788,4,4,4,4,4,4,4,4,4,4,79.00389862060547,76.94139862060547,75.98262023925781,77.85358428955078,68.85801696777344,79.37442016601563,81.03125,0,0,0,4.761904716491699,0,0,0,0,0,0,16.262815475463867,25769803776,0,18640093184,0
204,1790939284993,4,4,4,4,4,4,4,4,4,4,79.00389862060547,76.94139862060547,75.98262023925781,77.85358428955078,68.85801696777344,79.37442016601563,81.03125,0,4.761904716491699,0,0,0,0,9.523809432983398,0,4.761904716491699,0,16.262815475463867,25769803776,0,18640093184,0
204,1790939285198,4,4,4,4,4,4,4,4,4,4,79.04188537597656,77.11588287353516,76.07156372070313,78.0118637084961,68.8570556640625,79.46802520751953,81.265625,9.523809432983398,65,4.761904716491699,0,0,9.090909004211426,5,0,0,0,16.262815475463867,25769803776,0,18640093184,0
204,1790939285403,4,4,4,4,4,4,4,4,4,4,79.04188537597656,77.11588287353516,76.07156372070313,78.0118637084961,68.8570556640625,79.46802520751953,81.265625,0,9.090909004211426,0,0,0,0,9.523809432983398,4.761904716491699,0,4.761904716491699,16.262815475463867,25769803776,0,18640158720,0
204,1790939285608,4,4,4,4,4,4,4,4,4,4,79.04188537597656,77.11588287353516,76.07156372070313,78.0118637084961,68.8570556640625,79.46802520751953,81.265625,4.761904716491699,0,0,0,4.761904716491699,0,0,0,0,0,16.244949340820313,25769803776,0,18640191488,0
204,1790939285813,4,4,4,4,4,4,4,4,4,4,79.04188537597656,77.11588287353516,76.07156372070313,78.0118637084961,68.8570556640625,79.46802520751953,81.265625,0,0,0,0,0,0,9.090909004211426,4.545454502105713,0,0,16.244949340820313,25769803776,0,18640027648,0
204,1790939286018,4,4,4,4,4,4,4,4,4,4,79.04188537597656,77.11588287353516,76.07156372070313,78.0118637084961,68.8570556640625,79.46802520751953,81.265625,0,0,0,0,0,0,9.523809432983398,0,0,0,16.244949340820313,25769803776,0,18640027648,0
204,1790939286223,4,4,4,4,4,4,4,4,4,4,79.20494842529297,77.33306884765625,76.2431640625,78.15399169921875,69.09650421142578,79.60623168945313,82.4375,9.090909004211426,0,0,4.761904716491699,0,0,0,0,4.761904716491699,0,16.244949340820313,25769803776,0,18640027648,0
204,1790939286428,4,4,4,4,4,4,4,4,4,4,79.20494842529297,77.33306884765625,76.2431640625,78.15399169921875,69.09650421142578,79.60623168945313,82.4375,0,4.545454502105713,0,0,0,0,5,0,4.545454502105713,0,16.244949340820313,25769803776,0,18640125952,0
204,1790939286633,4,4,4,4,4,4,4,4,4,4,79.20494842529297,77.33306884765625,76.2431640625,78.15399169921875,69.09650421142578,79.60623168945313,82.4375,0,0,0,0,0,0,9.523809432983398,0,0,0,16.313907623291016,25769803776,0,18640142336,0
204,1790939286838,4,4,4,4,4,4,4,4,4,4,79.20494842529297,77.33306884765625,76.2431640625,78.15399169921875,69.09650421142578,79.60623168945313,82.4375,0,0,0,0,0,0,4.761904716491699,0,0,0,16.313907623291016,25769803776,0,18640142336,0
204,1790939287043,4,4,4,4,4,4,4,4,4,4,79.20494842529297,77.33306884765625,76.2431640625,78.15399169921875,69.09650421142578,79.60623168945313,82.4375,4.761904716491699,0,0,0,0,0,5,4.761904716491699,0,0,16.313907623291016,25769803776,0,18640125952,0
204,1790939287248,4,4,4,4,4,4,4,4,4,4,79.29803466796875,77.35823059082031,76.28385162353516,78.23381805419922,69.1393051147461,79.67318725585938,81.5,0,0,0,0,0,0,5,0,0,0,16.313907623291016,25769803776,0,18640240640,0
204,1790939287453,4,4,4,4,4,4,4,4,4,4,79.29803466796875,77.35823059082031,76.28385162353516,78.23381805419922,69.1393051147461,79.67318725585938,81.5,4.761904716491699,0,0,0,0,0,0,4.761904716491699,0,0,16.313907623291016,25769803776,0,18640257024,0
204,1790939287658,4,4,4,4,4,4,4,4,4,4,79.29803466796875,77.35823059082031,76.28385162353516,78.23381805419922,69.1393051147461,79.67318725585938,81.5,0,0,0,0,0,0,9.523809432983398,4.761904716491699,0,0,16.250038146972656,25769803776,0,18640306176,0
204,1790939287863,4,4,4,4,4,4,4,4,4,4,79.29803466796875,77.35823059082031,76.28385162353516,78.23381805419922,69.1393051147461,79.67318725585938,81.5,0,4.545454502105713,0,0,0,0,4.761904716491699,0,0,0,16.250038146972656,25769803776,0,18640338944,0
204,1790939288068,4,4,4,4,4,4,4,4,4,4,79.29803466796875,77.35823059082031,76.28385162353516,78.23381805419922,69.1393051147461,79.67318725585938,81.5,4.761904716491699,0,0,0,0,0,9.523809432983398,0,0,0,16.250038146972656,25769803776,0,18640338944,0
204,1790939288273,4,4,4,4,4,4,4,4,4,4,79.48511505126953,77.30493927001953,76.46920013427734,78.39659881591797,69.47480010986328,79.79226684570313,82.203125,0,0,4.545454502105713,0,0,0,0,0,4.545454502105713,0,16.250038146972656,25769803776,0,18640338944,0
204,1790939288478,4,4,4,4,4,4,4,4,4,4,79.48511505126953,77.30493927001953,76.46920013427734,78.39659881591797,69.47480010986328,79.79226684570313,82.203125,4.761904716491699,0,0,0,0,0,9.523809432983398,0,0,0,16.250038146972656,25769803776,0,18640322560,0
204,1790939288683,4,4,4,4,4,4,4,4,4,4,79.48511505126953,77.30493927001953,76.46920013427734,78.39659881591797,69.47480010986328,79.79226684570313,82.203125,5,5,0,0,0,0,4.761904716491699,0,0,4.545454502105713,16.211788177490234,25769803776,0,18640371712,0
204,1790939288888,4,4,4,4,4,4,4,4,4,4,79.48511505126953,77.30493927001953,76.46920013427734,78.39659881591797,69.47480010986328,79.79226684570313,82.203125,4.761904716491699,0,4.761904716491699,0,0,0,9.523809432983398,0,0,0,16.211788177490234,25769803776,0,18640371712,0
204,1790939289093,4,4,4,4,4,4,4,4,4,4,79.48511505126953,77.30493927001953,76.46920013427734,78.39659881591797,69.47480010986328,79.79226684570313,82.203125,5,4.761904716491699,0,0,0,0,5,0,0,0,16.211788177490234,25769803776,0,18640633856,0
204,1790939289298,4,4,4,4,4,4,4,4,4,4,79.60838317871094,77.541259765625,76.43803405761719,78.4805908203125,69.39158630371094,79.88821411132813,81.734375,4.761904716491699,4.761904716491699,0,0,0,0,5,9.090909004211426,0,0,16.211788177490234,25769803776,0,18640633856,0
204,1790939289503,4,4,4,4,4,4,4,4,4,4,79.60838317871094,77.541259765625,76.43803405761719,78.4805908203125,69.39158630371094,79.88821411132813,81.734375,0,0,0,0,4.545454502105713,0,4.761904716491699,0,0,0,16.211788177490234,25769803776,0,18640699392,0
204,1790939289708,4,4,4,4,4,4,4,4,4,4,79.60838317871094,77.541259765625,76.43803405761719,78.4805908203125,69.39158630371094,79.88821411132813,81.734375,0,0,0,0,0,0,9.523809432983398,0,0,0,16.32413101196289,25769803776,0,18640797696,0
204,1790939289913,4,4,4,4,4,4,4,4,4,4,79.60838317871094,77.541259765625,76.43803405761719,78.4805908203125,69.39158630371094,79.88821411132813,81.734375,4.761904716491699,0,0,0,0,0,5,0,0,0,16.32413101196289,25769803776,0,18640797696,0
204,1790939290118,4,4,4,4,4,4,4,4,4,4,79.73856353759766,77.57852172851563,76.54991912841797,78.57947540283203,69.59931945800781,79.94178771972656,82.203125,0,0,0,0,0,0,0,0,0,0,16.32413101196289,25769803776,0,18641682432,0
200,1790939290323,4,4,4,4,4,4,4,4,4,4,79.73856353759766,77.57852172851563,76.54991912841797,78.57947540283203,69.59931945800781,79.94178771972656,82.203125,9.523809432983398,9.090909004211426,0,0,0,0,4.761904716491699,0,9.090909004211426,0,16.32413101196289,25769803776,0,18640814080,0
204,1790939290524,4,4,4,4,4,4,4,4,4,4,79.73856353759766,77.57852172851563,76.54991912841797,78.57947540283203,69.59931945800781,79.94178771972656,82.203125,0,0,0,4.761904716491699,0,0,5.263157844543457,0,0,0,16.32413101196289,25769803776,0,18640879616,0
204,1790939290729,4,4,4,4,4,4,4,4,4,4,79.73856353759766,77.57852172851563,76.54991912841797,78.57947540283203,69.59931945800781,79.94178771972656,82.203125,0,0,0,0,0,0,4.761904716491699,4.761904716491699,0,0,16.395627975463867,25769803776,0,18640994304,0
204,1790939290934,4,4,4,4,4,4,4,4,4,4,79.73856353759766,77.57852172851563,76.54991912841797,78.57947540283203,69.59931945800781,79.94178771972656,82.203125,9.090909004211426,0,0,0,0,0,9.523809432983398,0,0,0,16.395627975463867,25769803776,0,18634948608,0
204,1790939291139,4,4,4,4,4,4,4,4,4,4,79.97492218017578,77.81758880615234,76.63544464111328,78.6220703125,69.69304656982422,80.12944030761719,81.96875,0,0,0,0,0,0,5,0,0,0,16.395627975463867,25769803776,0,18634948608,0
204,1790939291344,4,4,4,4,4,4,4,4,4,4,79.97492218017578,77.81758880615234,76.63544464111328,78.6220703125,69.69304656982422,80.12944030761719,81.96875,4.761904716491699,0,4.761904716491699,0,0,0,9.523809432983398,0,0,0,16.395627975463867,25769803776,0,18634948608,0
204,1790939291549,4,4,4,4,4,4,4,4,4,4,79.97492218017578,77.81758880615234,76.63544464111328,78.6220703125,69.69304656982422,80.12944030761719,81.96875,10,9.523809432983398,9.523809432983398,0,4.761904716491699,0,10.526315689086914,13.636363983154297,4.761904716491699,0,16.395627975463867,25769803776,0,18654658560,0
204,1790939291754,4,4,4,4,4,4,4,4,4,4,79.97492218017578,77.81758880615234,76.63544464111328,78.6220703125,69.69304656982422,80.12944030761719,81.96875,0,9.523809432983398,0,0,0,0,9.523809432983398,0,0,0,16.354764938354492,25769803776,0,18654691328,0
204,1790939291959,4,4,4,4,4,4,4,4,4,4,79.97492218017578,77.81758880615234,76.63544464111328,78.6220703125,69.69304656982422,80.12944030761719,81.96875,9.523809432983398,0,0,4.761904716491699,0,0,9.523809432983398,0,0,0,16.354764938354492,25769803776,0,18654691328,0
204,1790939292164,4,4,4,4,4,4,4,4,4,4,80.027587890625,78.10881805419922,76.83552551269531,78.65947723388672,69.9208755493164,80.16004180908203,84.90625,9.523809432983398,5,4.761904716491699,0,0,0,5,0,0,0,16.354764938354492,25769803776,0,18654691328,0
203,1790939292369,4,4,4,4,4,4,4,4,4,4,80.027587890625,78.10881805419922,76.83552551269531,78.65947723388672,69.9208755493164,80.16004180908203,84.90625,0,4.761904716491699,0,4.545454502105713,0,0,4.761904716491699,0,0,0,16.354764938354492,25769803776,0,18654691328,0
200,1790939292573,4,4,4,4,4,4,4,4,4,4,80.027587890625,78.10881805419922,76.83552551269531,78.65947723388672,69.9208755493164,80.16004180908203,84.90625,9.090909004211426,0,4.761904716491699,0,0,0,10,0,0,0,16.354764938354492,25769803776,0,18654707712,0
204,1790939292773,4,4,4,4,4,4,4,4,4,4,80.027587890625,78.10881805419922,76.83552551269531,78.65947723388672,69.9208755493164,80.16004180908203,84.90625,0,0,0,0,0,0,9.523809432983398,0,0,0,16.38542938232422,25769803776,0,18655019008,0
204,1790939292978,4,4,4,4,4,4,4,4,4,4,80.027587890625,78.10881805419922,76.83552551269531,78.65947723388672,69.9208755493164,80.16004180908203,84.90625,4.761904716491699,4.761904716491699,0,0,0,0,0,0,0,0,16.38542938232422,25769803776,0,18655019008,0
204,1790939293183,4,4,4,4,4,4,4,4,4,4,80.00579833984375,77.87225341796875,76.66895294189453,78.64517211914063,69.76602935791016,80.14615631103516,81.96875,4.761904716491699,4.761904716491699,0,0,0,0,9.523809432983398,9.090909004211426,0,0,16.38542938232422,25769803776,0,18655019008,0
204,1790939293388,4,4,4,4,4,4,4,4,4,4,80.00579833984375,77.87225341796875,76.66895294189453,78.64517211914063,69.76602935791016,80.14615631103516,81.96875,0,0,0,0,0,0,4.761904716491699,0,4.761904716491699,0,16.38542938232422,25769803776,0,18655019008,0
201,1790939293593,4,4,4,4,4,4,4,4,4,4,80.00579833984375,77.87225341796875,76.66895294189453,78.64517211914063,69.76602935791016,80.14615631103516,81.96875,4.761904716491699,0,0,0,0,0,5,0,0,0,16.38542938232422,25769803776,0,18654904320,0
204,1790939293794,4,4,4,4,4,4,4,4,4,4,80.00579833984375,77.87225341796875,76.66895294189453,78.64517211914063,69.76602935791016,80.14615631103516,81.96875,0,4.761904716491699,0,0,0,0,9.523809432983398,0,0,0,16.100692749023438,25769803776,0,18654904320,0
201,1790939293999,4,4,4,4,4,4,4,4,4,4,80.00579833984375,77.87225341796875,76.66895294189453,78.64517211914063,69.76602935791016,80.14615631103516,81.96875,4.761904716491699,0,0,0,0,0,0,0,4.761904716491699,0,16.100692749023438,25769803776,0,18656722944,0
204,1790939294201,4,4,4,4,4,4,4,4,4,4,80.40324401855469,78.11429595947266,76.89998626708984,78.93449401855469,69.99695587158203,80.44633483886719,82.203125,0,0,0,0,0,0,9.090909004211426,0,0,0,16.100692749023438,25769803776,0,18640125952,0
204,1790939294406,4,4,4,4,4,4,4,4,4,4,80.40324401855469,78.11429595947266,76.89998626708984,78.93449401855469,69.99695587158203,80.44633483886719,82.203125,0,0,0,0,0,0,0,0,5,0,16.100692749023438,25769803776,0,18640125952,0
204,1790939294611,4,4,4,4,4,4,4,4,4,4,80.40324401855469,78.11429595947266,76.89998626708984,78.93449401855469,69.99695587158203,80.44633483886719,82.203125,4.761904716491699,0,0,0,0,0,5,4.761904716491699,0,0,16.583269119262695,25769803776,0,18640125952,0
204,1790939294816,4,4,4,4,4,4,4,4,4,4,80.40324401855469,78.11429595947266,76.89998626708984,78.93449401855469,69.99695587158203,80.44633483886719,82.203125,5,0,4.761904716491699,0,4.545454502105713,0,9.523809432983398,0,0,0,16.583269119262695,25769803776,0,18640158720,0
204,1790939295021,4,4,4,4,4,4,4,4,4,4,80.40324401855469,78.11429595947266,76.89998626708984,78.93449401855469,69.99695587158203,80.44633483886719,82.203125,0,4.761904716491699,0,0,0,0,0,4.545454502105713,0,0,16.583269119262695,25769803776,0,18640158720,0
204,1790939295226,4,4,4,4,4,4,4,4,4,4,80.65596771240234,78.0938491821289,76.90483093261719,79.06726837158203,69.97714233398438,80.72859954833984,82.90625,4.761904716491699,0,0,0,0,0,9.090909004211426,0,0,0,16.583269119262695,25769803776,0,18640158720,0
202,1790939295431,4,4,4,4,4,4,4,4,4,4,80.65596771240234,78.0938491821289,76.90483093261719,79.06726837158203,69.97714233398438,80.72859954833984,82.90625,0,4.545454502105713,0,0,0,0,5,0,4.545454502105713,0,16.583269119262695,25769803776,0,18640158720,0
204,1790939295634,4,4,4,4,4,4,4,4,4,4,80.65596771240234,78.0938491821289,76.90483093261719,79.06726837158203,69.97714233398438,80.72859954833984,82.90625,4.761904716491699,0,0,0,0,0,9.523809432983398,0,4.761904716491699,0,16.547561645507813,25769803776,0,18639831040,0
204,1790939295839,4,4,4,4,4,4,4,4,4,4,80.65596771240234,78.0938491821289,76.90483093261719,79.06726837158203,69.97714233398438,80.72859954833984,82.90625,0,0,0,0,0,0,5,0,0,0,16.547561645507813,25769803776,0,18639831040,0
204,1790939296044,4,4,4,4,4,4,4,4,4,4,80.65596771240234,78.0938491821289,76.90483093261719,79.06726837158203,69.97714233398438,80.72859954833984,82.90625,0,0,4.761904716491699,0,0,0,5,0,0,0,16.547561645507813,25769803776,0,18639699968,0
200,1790939296249,4,4,4,4,4,4,4,4,4,4,80.55892181396484,78.13134002685547,76.97254943847656,79.05095672607422,70.02276611328125,80.58948516845703,82.203125,10,4.761904716491699,10,0,0,0,5,4.761904716491699,0,0,16.547561645507813,25769803776,0,18639699968,0
204,1790939296449,4,4,4,4,4,4,4,4,4,4,80.55892181396484,78.13134002685547,76.97254943847656,79.05095672607422,70.02276611328125,80.58948516845703,82.203125,5,0,0,0,0,0,5,0,0,0,16.547561645507813,25769803776,0,18639699968,0
204,1790939296654,4,4,4,4,4,4,4,4,4,4,80.55892181396484,78.13134002685547,76.97254943847656,79.05095672607422,70.02276611328125,80.58948516845703,82.203125,4.761904716491699,0,9.090909004211426,4.761904716491699,0,0,9.523809432983398,0,0,0,16.343280792236328,25769803776,0,18183831552,0
203,1790939296859,4,4,4,4,4,4,4,4,4,4,80.55892181396484,78.13134002685547,76.97254943847656,79.05095672607422,70.02276611328125,80.58948516845703,82.203125,0,0,0,0,0,0,4.761904716491699,0,0,0,16.343280792236328,25769803776,0,18183520256,0
204,1790939297063,4,4,4,4,4,4,4,4,4,4,80.55892181396484,78.13134002685547,76.97254943847656,79.05095672607422,70.02276611328125,80.58948516845703,82.203125,4.761904716491699,0,0,0,0,0,5,4.761904716491699,4.761904716491699,0,16.343280792236328,25769803776,0,18183520256,0
204,1790939297268,4,4,4,4,4,4,4,4,4,4,80.6048355102539,78.2980728149414,77.13085174560547,79.07722473144531,70.17977905273438,80.65397644042969,82.4375,0,0,0,0,0,0,9.523809432983398,0,4.761904716491699,0,16.343280792236328,25769803776,0,18183520256,0
204,1790939297473,4,4,4,4,4,4,4,4,4,4,80.6048355102539,78.2980728149414,77.13085174560547,79.07722473144531,70.17977905273438,80.65397644042969,82.4375,4.761904716491699,0,0,0,0,0,5,0,0,0,16.343280792236328,25769803776,0,18183520256,0
200,1790939297678,4,4,4,4,4,4,4,4,4,4,80.6048355102539,78.2980728149414,77.13085174560547,79.07722473144531,70.17977905273438,80.65397644042969,82.4375,0,0,0,0,0,0,4.761904716491699,5,0,0,16.30113983154297,25769803776,0,18183585792,0
204,1790939297878,4,4,4,4,4,4,4,4,4,4,80.6048355102539,78.2980728149414,77.13085174560547,79.07722473144531,70.17977905273438,80.65397644042969,82.4375,0,4.761904716491699,0,0,0,0,0,0,0,0,16.30113983154297,25769803776,0,18183864320,0
204,1790939298083,4,4,4,4,4,4,4,4,4,4,80.6048355102539,78.2980728149414,77.13085174560547,79.07722473144531,70.17977905273438,80.65397644042969,82.4375,4.761904716491699,0,0,0,0,0,0,9.523809432983398,0,0,16.30113983154297,25769803776,0,18176311296,0
204,1790939298288,4,4,4,4,4,4,4,4,4,4,80.56168365478516,78.06047058105469,77.36012268066406,79.08155822753906,70.54350280761719,80.5729751586914,82.4375,0,0,0,0,0,0,5,0,0,0,16.30113983154297,25769803776,0,18176376832,0
204,1790939298493,4,4,4,4,4,4,4,4,4,4,80.56168365478516,78.06047058105469,77.36012268066406,79.08155822753906,70.54350280761719,80.5729751586914,82.4375,4.761904716491699,0,0,0,0,0,9.523809432983398,0,0,0,16.30113983154297,25769803776,0,18176376832,0
204,1790939298698,4,4,4,4,4,4,4,4,4,4,80.56168365478516,78.06047058105469,77.36012268066406,79.08155822753906,70.54350280761719,80.5729751586914,82.4375,0,4.545454502105713,0,0,0,0,0,9.523809432983398,4.761904716491699,0,16.33051300048828,25769803776,0,18176278528,0
204,1790939298903,4,4,4,4,4,4,4,4,4,4,80.56168365478516,78.06047058105469,77.36012268066406,79.08155822753906,70.54350280761719,80.5729751586914,82.4375,0,0,0,0,0,0,0,5,0,0,16.33051300048828,25769803776,0,18176278528,0
204,1790939299108,4,4,4,4,4,4,4,4,4,4,80.63310241699219,78.10475158691406,77.64293670654297,79.10111999511719,70.9017333984375,80.6810302734375,82.4375,4.761904716491699,0,0,0,0,0,0,9.523809432983398,0,0,16.33051300048828,25769803776,0,18176278528,0
204,1790939299313,4,4,4,4,4,4,4,4,4,4,80.63310241699219,78.10475158691406,77.64293670654297,79.10111999511719,70.9017333984375,80.6810302734375,82.4375,0,4.761904716491699,0,0,0,0,0,5,0,0,16.33051300048828,25769803776,0,18176278528,0
204,1790939299518,4,4,4,4,4,4,4,4,4,4,80.63310241699219,78.10475158691406,77.64293670654297,79.10111999511719,70.9017333984375,80.6810302734375,82.4375,0,0,0,0,0,0,0,5,0,0,16.33051300048828,25769803776,0,18176278528,0
204,1790939299723,4,4,4,4,4,4,4,4,4,4,80.63310241699219,78.10475158691406,77.64293670654297,79.10111999511719,70.9017333984375,80.6810302734375,82.4375,9.090909004211426,0,0,0,0,0,0,5,0,0,16.38407325744629,25769803776,0,18176114688,0
204,1790939299928,4,4,4,4,4,4,4,4,4,4,80.63310241699219,78.10475158691406,77.64293670654297,79.10111999511719,70.9017333984375,80.6810302734375,82.4375,0,0,4.761904716491699,0,0,0,4.761904716491699,9.523809432983398,0,0,16.38407325744629,25769803776,0,18176229376,0
200,1790939300134,4,4,4,4,4,4,4,4,4,4,80.72405242919922,77.93545532226563,77.9009017944336,79.12796783447266,71.33493041992188,80.76390838623047,82.671875,4.761904716491699,0,0,0,0,0,4.761904716491699,4.761904716491699,0,0,16.38407325744629,25769803776,0,18176229376,0
204,1790939300334,4,4,4,4,4,4,4,4,4,4,80.72405242919922,77.93545532226563,77.9009017944336,79.12796783447266,71.33493041992188,80.76390838623047,82.671875,0,0,0,0,0,0,0,10,4.761904716491699,0,16.38407325744629,25769803776,0,18176229376,0
204,1790939300539,4,4,4,4,4,4,4,4,4,4,80.72405242919922,77.93545532226563,77.9009017944336,79.12796783447266,71.33493041992188,80.76390838623047,82.671875,4.761904716491699,4.761904716491699,5,0,0,0,0,0,0,0,16.38407325744629,25769803776,0,18176229376,0
204,1790939300744,4,4,4,4,4,4,4,4,4,4,80.72405242919922,77.93545532226563,77.9009017944336,79.12796783447266,71.33493041992188,80.76390838623047,82.671875,0,0,0,0,0,0,0,9.523809432983398,0,0,16.27816390991211,25769803776,0,18176212992,0
204,1790939300949,4,4,4,4,4,4,4,4,4,4,80.72405242919922,77.93545532226563,77.9009017944336,79.12796783447266,71.33493041992188,80.76390838623047,82.671875,0,0,0,0,0,0,0,5,4.761904716491699,0,16.27816390991211,25769803776,0,18176229376,0
204,1790939301154,4,4,4,4,4,4,4,4,4,4,80.80929565429688,77.95174407958984,77.77655029296875,79.1580810546875,71.11653137207031,80.84950256347656,82.671875,4.761904716491699,0,0,0,0,0,0,9.523809432983398,0,0,16.27816390991211,25769803776,0,18176229376,0
204,1790939301359,4,4,4,4,4,4,4,4,4,4,80.80929565429688,77.95174407958984,77.77655029296875,79.1580810546875,71.11653137207031,80.84950256347656,82.671875,0,4.761904716491699,0,0,4.545454502105713,0,4.761904716491699,4.761904716491699,0,0,16.27816390991211,25769803776,0,18176229376,0
204,1790939301564,4,4,4,4,4,4,4,4,4,4,80.80929565429688,77.95174407958984,77.77655029296875,79.1580810546875,71.11653137207031,80.84950256347656,82.671875,0,0,0,0,0,0,0,0,4.761904716491699,0,16.27816390991211,25769803776,0,18176229376,0
204,1790939301769,4,4,4,4,4,4,4,4,4,4,80.80929565429688,77.95174407958984,77.77655029296875,79.1580810546875,71.11653137207031,80.84950256347656,82.671875,4.761904716491699,0,0,0,0,0,4.545454502105713,9.523809432983398,0,0,16.292205810546875,25769803776,0,18175787008,0
202,1790939301974,4,4,4,4,4,4,4,4,4,4,80.80929565429688,77.95174407958984,77.77655029296875,79.1580810546875,71.11653137207031,80.84950256347656,82.671875,0,4.761904716491699,0,0,0,0,0,0,0,0,16.292205810546875,25769803776,0,18175787008,0
200,1790939302176,4,4,4,4,4,4,4,4,4,4,80.81014251708984,78.03800964355469,77.94379425048828,79.1810531616211,71.35933685302734,80.86332702636719,82.671875,9.523809432983398,0,4.761904716491699,4.761904716491699,0,0,0,5,0,0,16.292205810546875,25769803776,0,18175787008,0
204,1790939302377,4,4,4,4,4,4,4,4,4,4,80.81014251708984,78.03800964355469,77.94379425048828,79.1810531616211,71.35933685302734,80.86332702636719,82.671875,0,4.761904716491699,0,0,0,0,0,9.523809432983398,0,0,16.292205810546875,25769803776,0,18175787008,0
204,1790939302582,4,4,4,4,4,4,4,4,4,4,80.81014251708984,78.03800964355469,77.94379425048828,79.1810531616211,71.35933685302734,80.86332702636719,82.671875,9.090909004211426,0,0,0,0,0,0,5,0,0,16.292205810546875,25769803776,0,18175787008,0
204,1790939302787,4,4,4,4,4,4,4,4,4,4,80.81014251708984,78.03800964355469,77.94379425048828,79.1810531616211,71.35933685302734,80.86332702636719,82.671875,0,4.761904716491699,4.545454502105713,0,4.761904716491699,0,0,9.523809432983398,0,0,16.186260223388672,25769803776,0,18175344640,0
204,1790939302992,4,4,4,4,4,4,4,4,4,4,80.81014251708984,78.03800964355469,77.94379425048828,79.1810531616211,71.35933685302734,80.86332702636719,82.671875,0,0,0,0,0,0,9.090909004211426,4.761904716491699,0,0,16.186260223388672,25769803776,0,18173919232,0
204,1790939303197,4,4,4,4,4,4,4,4,4,4,80.82151794433594,78.09180450439453,78.0289306640625,79.19387817382813,71.44110107421875,80.87760162353516,82.90625,4.761904716491699,0,0,0,0,0,0,9.523809432983398,4.761904716491699,0,16.186260223388672,25769803776,0,18173640704,0
204,1790939303402,4,4,4,4,4,4,4,4,4,4,80.82151794433594,78.09180450439453,78.0289306640625,79.19387817382813,71.44110107421875,80.87760162353516,82.90625,0,0,0,0,0,0,0,0,0,0,16.186260223388672,25769803776,0,18173640704,0
204,1790939303607,4,4,4,4,4,4,4,4,4,4,80.82151794433594,78.09180450439453,78.0289306640625,79.19387817382813,71.44110107421875,80.87760162353516,82.90625,4.761904716491699,0,0,0,0,0,0,9.523809432983398,0,0,16.25263214111328,25769803776,0,18173640704,0
204,1790939303812,4,4,4,4,4,4,4,4,4,4,80.82151794433594,78.09180450439453,78.0289306640625,79.19387817382813,71.44110107421875,80.87760162353516,82.90625,5,4.761904716491699,0,4.761904716491699,0,0,0,5,0,0,16.25263214111328,25769803776,0,18173853696,0
204,1790939304017,4,4,4,4,4,4,4,4,4,4,80.82151794433594,78.09180450439453,78.0289306640625,79.19387817382813,71.44110107421875,80.87760162353516,82.90625,0,0,0,0,0,0,0,9.523809432983398,4.761904716491699,0,16.25263214111328,25769803776,0,18173935616,0
204,1790939304222,4,4,4,4,4,4,4,4,4,4,80.9213638305664,78.04859161376953,77.94354248046875,79.2475814819336,71.30200958251953,80.96871185302734,82.671875,4.761904716491699,0,0,0,0,0,0,4.761904716491699,0,0,16.25263214111328,25769803776,0,18174017536,0
204,1790939304427,4,4,4,4,4,4,4,4,4,4,80.9213638305664,78.04859161376953,77.94354248046875,79.2475814819336,71.30200958251953,80.96871185302734,82.671875,0,0,0,0,0,0,0,9.523809432983398,4.761904716491699,0,16.25263214111328,25769803776,0,18173984768,0
204,1790939304632,4,4,4,4,4,4,4,4,4,4,80.9213638305664,78.04859161376953,77.94354248046875,79.2475814819336,71.30200958251953,80.96871185302734,82.671875,0,0,0,0,0,0,0,0,0,0,16.214332580566406,25769803776,0,18173984768,0
204,1790939304837,4,4,4,4,4,4,4,4,4,4,80.9213638305664,78.04859161376953,77.94354248046875,79.2475814819336,71.30200958251953,80.96871185302734,82.671875,4.761904716491699,4.761904716491699,0,0,0,0,0,9.523809432983398,0,0,16.214332580566406,25769803776,0,18173804544,0
204,1790939305042,4,4,4,4,4,4,4,4,4,4,80.9213638305664,78.04859161376953,77.94354248046875,79.2475814819336,71.30200958251953,80.96871185302734,82.671875,0,0,0,0,0,0,4.761904716491699,5,0,0,16.214332580566406,25769803776,0,18173820928,0
204,1790939305247,4,4,4,4,4,4,4,4,4,4,80.92984771728516,78.14509582519531,78.1200942993164,79.26071166992188,71.56173706054688,80.94674682617188,82.90625,0,0,0,0,0,0,4.761904716491699,9.523809432983398,0,0,16.214332580566406,25769803776,0,18173804544,0
204,1790939305452,4,4,4,4,4,4,4,4,4,4,80.92984771728516,78.14509582519531,78.1200942993164,79.26071166992188,71.56173706054688,80.94674682617188,82.90625,4.761904716491699,0,0,0,0,0,0,4.761904716491699,0,0,16.214332580566406,25769803776,0,18173804544,0
204,1790939305657,4,4,4,4,4,4,4,4,4,4,80.92984771728516,78.14509582519531,78.1200942993164,79.26071166992188,71.56173706054688,80.94674682617188,82.90625,0,4.545454502105713,0,0,0,0,0,9.523809432983398,4.761904716491699,0,16.233501434326172,25769803776,0,18173804544,0
204,1790939305862,4,4,4,4,4,4,4,4,4,4,80.92984771728516,78.14509582519531,78.1200942993164,79.26071166992188,71.56173706054688,80.94674682617188,82.90625,0,0,4.761904716491699,0,0,0,0,0,0,0,16.233501434326172,25769803776,0,18173509632,0
204,1790939306067,4,4,4,4,4,4,4,4,4,4,80.92984771728516,78.14509582519531,78.1200942993164,79.26071166992188,71.56173706054688,80.94674682617188,82.90625,4.761904716491699,0,4.545454502105713,0,0,0,0,9.523809432983398,0,0,16.233501434326172,25769803776,0,18173935616,0
204,1790939306272,4,4,4,4,4,4,4,4,4,4,80.95447540283203,78.18919372558594,78.12417602539063,79.27316284179688,71.54553985595703,80.96665954589844,82.90625,5,4.761904716491699,0,0,0,0,0,4.761904716491699,0,0,16.233501434326172,25769803776,0,18175721472,0
204,1790939306477,4,4,4,4,4,4,4,4,4,4,80.95447540283203,78.18919372558594,78.12417602539063,79.27316284179688,71.54553985595703,80.96665954589844,82.90625,4.761904716491699,0,0,4.545454502105713,0,0,0,0,0,0,16.233501434326172,25769803776,0,18173902848,0
204,1790939306682,4,4,4,4,4,4,4,4,4,4,80.95447540283203,78.18919372558594,78.12417602539063,79.27316284179688,71.54553985595703,80.96665954589844,82.90625,0,0,0,0,0,0,0,5,0,0,16.102100372314453,25769803776,0,18173902848,0
204,1790939306887,4,4,4,4,4,4,4,4,4,4,80.95447540283203,78.18919372558594,78.12417602539063,79.27316284179688,71.54553985595703,80.96665954589844,82.90625,9.523809432983398,4.761904716491699,0,0,0,0,4.761904716491699,9.523809432983398,0,0,16.102100372314453,25769803776,0,18173984768,0
204,1790939307093,4,4,4,4,4,4,4,4,4,4,80.95447540283203,78.18919372558594,78.12417602539063,79.27316284179688,71.54553985595703,80.96665954589844,82.90625,0,4.761904716491699,0,0,0,0,4.545454502105713,9.523809432983398,4.761904716491699,0,16.102100372314453,25769803776,0,18173984768,0
204,1790939307298,4,4,4,4,4,4,4,4,4,4,81.06664276123047,78.1512222290039,77.99667358398438,79.3221435546875,71.35906219482422,81.05412292480469,82.90625,0,0,0,4.761904716491699,0,0,0,0,5,0,16.102100372314453,25769803776,0,18173984768,0
200,1790939307503,4,4,4,4,4,4,4,4,4,4,81.06664276123047,78.1512222290039,77.99667358398438,79.3221435546875,71.35906219482422,81.05412292480469,82.90625,4.761904716491699,0,0,0,0,0,0,5,0,0,16.102100372314453,25769803776,0,18173984768,0
200,1790939307703,4,4,4,4,4,4,4,4,4,4,81.06664276123047,78.1512222290039,77.99667358398438,79.3221435546875,71.35906219482422,81.05412292480469,82.90625,0,0,0,0,0,0,0,5.263157844543457,4.761904716491699,0,16.188793182373047,25769803776,0,18173984768,0
204,1790939307904,4,4,4,4,4,4,4,4,4,4,81.06664276123047,78.1512222290039,77.99667358398438,79.3221435546875,71.35906219482422,81.05412292480469,82.90625,5,4.761904716491699,4.761904716491699,0,0,0,0,5,0,0,16.188793182373047,25769803776,0,18173968384,0
204,1790939308109,4,4,4,4,4,4,4,4,4,4,81.19566345214844,78.22250366210938,78.07148742675781,79.3936996459961,71.4300765991211,81.22887420654297,83.390625,4.761904716491699,0,0,0,0,0,0,9.523809432983398,0,0,16.188793182373047,25769803776,0,18173968384,0
204,1790939308314,4,4,4,4,4,4,4,4,4,4,81.19566345214844,78.22250366210938,78.07148742675781,79.3936996459961,71.4300765991211,81.22887420654297,83.390625,0,0,0,0,0,0,0,5,0,0,16.188793182373047,25769803776,0,18155356160,0
204,1790939308518,4,4,4,4,4,4,4,4,4,4,81.19566345214844,78.22250366210938,78.07148742675781,79.3936996459961,71.4300765991211,81.22887420654297,83.390625,4.761904716491699,0,0,0,0,0,4.761904716491699,9.090909004211426,0,0,16.188793182373047,25769803776,0,18155356160,0
200,1790939308723,4,4,4,4,4,4,4,4,4,4,81.19566345214844,78.22250366210938,78.07148742675781,79.3936996459961,71.4300765991211,81.22887420654297,83.390625,0,0,0,0,0,0,0,0,0,0,16.142900466918945,25769803776,0,18155356160,0
204,1790939308924,4,4,4,4,4,4,4,4,4,4,81.19566345214844,78.22250366210938,78.07148742675781,79.3936996459961,71.4300765991211,81.22887420654297,83.390625,0,0,4.761904716491699,0,0,0,0,5,4.761904716491699,0,16.142900466918945,25769803776,0,18155307008,0
204,1790939309129,4,4,4,4,4,4,4,4,4,4,81.09612274169922,78.24224090576172,78.17435455322266,79.3425521850586,71.58616638183594,81.0802993774414,82.90625,4.761904716491699,0,0,0,0,0,4.545454502105713,9.523809432983398,0,0,16.142900466918945,25769803776,0,18155307008,0
204,1790939309334,4,4,4,4,4,4,4,4,4,4,81.09612274169922,78.24224090576172,78.17435455322266,79.3425521850586,71.58616638183594,81.0802993774414,82.90625,0,0,0,0,0,0,0,5,0,0,16.142900466918945,25769803776,0,18155307008,0
199,1790939309538,4,4,4,4,4,4,4,4,4,4,81.09612274169922,78.24224090576172,78.17435455322266,79.3425521850586,71.58616638183594,81.0802993774414,82.90625,4.761904716491699,8.69565200805664,0,0,4.545454502105713,0,0,9.523809432983398,4.761904716491699,0,16.142900466918945,25769803776,0,18155307008,0
204,1790939309738,4,4,4,4,4,4,4,4,4,4,81.09612274169922,78.24224090576172,78.17435455322266,79.3425521850586,71.58616638183594,81.0802993774414,82.90625,5,0,0,0,0,0,5,5,0,0,16.061132431030273,25769803776,0,18155307008,0
204,1790939309943,4,4,4,4,4,4,4,4,4,4,81.09612274169922,78.24224090576172,78.17435455322266,79.3425521850586,71.58616638183594,81.0802993774414,82.90625,0,0,0,0,0,4.545454502105713,0,4.761904716491699,0,0,16.061132431030273,25769803776,0,18157060096,0
204,1790939310148,4,4,4,4,4,4,4,4,4,4,81.07229614257813,78.29844665527344,78.11701202392578,79.33809661865234,71.44628143310547,81.02539825439453,82.90625,4.761904716491699,0,0,0,0,0,0,0,0,0,16.061132431030273,25769803776,0,18155307008,0
204,1790939310353,4,4,4,4,4,4,4,4,4,4,81.07229614257813,78.29844665527344,78.11701202392578,79.33809661865234,71.44628143310547,81.02539825439453,82.90625,5,0,4.761904716491699,0,0,0,9.523809432983398,4.545454502105713,0,0,16.061132431030273,25769803776,0,18155356160,0
204,1790939310558,4,4,4,4,4,4,4,4,4,4,81.07229614257813,78.29844665527344,78.11701202392578,79.33809661865234,71.44628143310547,81.02539825439453,82.90625,4.761904716491699,0,0,0,0,0,0,5,0,0,16.061132431030273,25769803776,0,18155356160,0
204,1790939310763,4,4,4,4,4,4,4,4,4,4,81.07229614257813,78.29844665527344,78.11701202392578,79.33809661865234,71.44628143310547,81.02539825439453,82.90625,0,4.761904716491699,0,0,0,0,0,5,0,0,16.096906661987305,25769803776,0,18155356160,0
204,1790939310968,4,4,4,4,4,4,4,4,4,4,81.07229614257813,78.29844665527344,78.11701202392578,79.33809661865234,71.44628143310547,81.02539825439453,82.90625,0,0,0,0,0,0,0,5,0,0,16.096906661987305,25769803776,0,18155388928,0
200,1790939311173,4,4,4,4,4,4,4,4,4,4,81.14061737060547,78.38729858398438,78.12030029296875,79.35978698730469,71.45394897460938,81.07500457763672,82.90625,4.761904716491699,0,0,0,4.761904716491699,0,0,9.523809432983398,0,0,16.096906661987305,25769803776,0,18155372544,0
204,1790939311373,4,4,4,4,4,4,4,4,4,4,81.14061737060547,78.38729858398438,78.12030029296875,79.35978698730469,71.45394897460938,81.07500457763672,82.90625,0,0,0,0,0,0,0,5,9.090909004211426,0,16.096906661987305,25769803776,0,18155323392,0
204,1790939311578,4,4,4,4,4,4,4,4,4,4,81.14061737060547,78.38729858398438,78.12030029296875,79.35978698730469,71.45394897460938,81.07500457763672,82.90625,0,4.761904716491699,0,0,0,0,4.761904716491699,5,0,0,16.096906661987305,25769803776,0,18155323392,0
204,1790939311783,4,4,4,4,4,4,4,4,4,4,81.14061737060547,78.38729858398438,78.12030029296875,79.35978698730469,71.45394897460938,81.07500457763672,82.90625,4.761904716491699,0,0,4.761904716491699,0,0,0,9.090909004211426,0,0,15.952740669250488,25769803776,0,18155323392,0
204,1790939311988,4,4,4,4,4,4,4,4,4,4,81.14061737060547,78.38729858398438,78.12030029296875,79.35978698730469,71.45394897460938,81.07500457763672,82.90625,0,0,0,0,0,0,0,0,0,0,15.952740669250488,25769803776,0,18155307008,0
200,1790939312193,4,4,4,4,4,4,4,4,4,4,81.10374450683594,78.24935913085938,78.10157775878906,79.37142181396484,71.45103454589844,81.07725524902344,82.90625,9.523809432983398,0,4.761904716491699,5,0,0,4.761904716491699,9.523809432983398,0,0,15.952740669250488,25769803776,0,18155454464,0
204,1790939312394,4,4,4,4,4,4,4,4,4,4,81.10374450683594,78.24935913085938,78.10157775878906,79.37142181396484,71.45103454589844,81.07725524902344,82.90625,5,9.523809432983398,5,0,0,0,0,5,0,0,15.952740669250488,25769803776,0,18155421696,0
204,1790939312599,4,4,4,4,4,4,4,4,4,4,81.10374450683594,78.24935913085938,78.10157775878906,79.37142181396484,71.45103454589844,81.07725524902344,82.90625,5,5,0,0,0,0,0,9.523809432983398,0,0,15.952740669250488,25769803776,0,18155421696,0
204,1790939312804,4,4,4,4,4,4,4,4,4,4,81.10374450683594,78.24935913085938,78.10157775878906,79.37142181396484,71.45103454589844,81.07725524902344,82.90625,9.523809432983398,4.761904716491699,4.761904716491699,0,0,0,0,5,0,0,15.99604320526123,25769803776,0,18155421696,0
204,1790939313009,4,4,4,4,4,4,4,4,4,4,81.10374450683594,78.24935913085938,78.10157775878906,79.37142181396484,71.45103454589844,81.07725524902344,82.90625,5,0,0,0,0,0,0,9.523809432983398,0,0,15.99604320526123,25769803776,0,18155388928,0
204,1790939313214,4,4,4,4,4,4,4,4,4,4,81.03807830810547,78.369384765625,78.3130111694336,79.35343933105469,71.72945404052734,81.02091217041016,82.90625,0,5,0,0,0,0,4.545454502105713,5,0,0,15.99604320526123,25769803776,0,18155388928,0
204,1790939313419,4,4,4,4,4,4,4,4,4,4,81.03807830810547,78.369384765625,78.3130111694336,79.35343933105469,71.72945404052734,81.02091217041016,82.90625,9.523809432983398,4.761904716491699,4.761904716491699,0,0,0,0,5,4.545454502105713,0,15.99604320526123,25769803776,0,18155601920,0
204,1790939313624,4,4,4,4,4,4,4,4,4,4,81.03807830810547,78.369384765625,78.3130111694336,79.35343933105469,71.72945404052734,81.02091217041016,82.90625,4.761904716491699,5,4.761904716491699,4.761904716491699,0,0,0,5,0,0,16.029319763183594,25769803776,0,18157273088,0
204,1790939313829,4,4,4,4,4,4,4,4,4,4,81.03807830810547,78.369384765625,78.3130111694336,79.35343933105469,71.72945404052734,81.02091217041016,82.90625,0,0,0,0,0,0,0,4.761904716491699,0,0,16.029319763183594,25769803776,0,18157273088,0
201,1790939314034,4,4,4,4,4,4,4,4,4,4,81.03807830810547,78.369384765625,78.3130111694336,79.35343933105469,71.72945404052734,81.02091217041016,82.90625,9.523809432983398,9.523809432983398,0,4.545454502105713,4.761904716491699,0,9.523809432983398,0,0,0,16.029319763183594,25769803776,0,18155257856,0
200,1790939314236,4,4,4,4,4,4,4,4,4,4,81.0385513305664,78.42798614501953,78.19026184082031,79.3433609008789,71.52415466308594,81.03392028808594,82.90625,10,5,4.761904716491699,0,0,0,0,5.263157844543457,0,0,16.029319763183594,25769803776,0,18155257856,0
204,1790939314436,4,4,4,4,4,4,4,4,4,4,81.0385513305664,78.42798614501953,78.19026184082031,79.3433609008789,71.52415466308594,81.03392028808594,82.90625,5,5,5,0,0,0,0,9.523809432983398,0,0,16.029319763183594,25769803776,0,18155257856,0
204,1790939314641,4,4,4,4,4,4,4,4,4,4,81.0385513305664,78.42798614501953,78.19026184082031,79.3433609008789,71.52415466308594,81.03392028808594,82.90625,5,9.523809432983398,0,0,0,0,0,4.761904716491699,0,0,15.886448860168457,25769803776,0,18155257856,0
204,1790939314846,4,4,4,4,4,4,4,4,4,4,81.0385513305664,78.42798614501953,78.19026184082031,79.3433609008789,71.52415466308594,81.03392028808594,82.90625,10,5,0,4.761904716491699,0,0,0,5,4.761904716491699,0,15.886448860168457,25769803776,0,18155257856,0
204,1790939315051,4,4,4,4,4,4,4,4,4,4,81.0385513305664,78.42798614501953,78.19026184082031,79.3433609008789,71.52415466308594,81.03392028808594,82.90625,9.523809432983398,25,9.090909004211426,0,0,0,4.761904716491699,9.523809432983398,4.761904716491699,0,15.886448860168457,25769803776,0,18155388928,0
204,1790939315256,4,4,4,4,4,4,4,4,4,4,80.98905181884766,78.32247924804688,78.12005615234375,79.30420684814453,71.45372772216797,81.0007095336914,82.90625,5.263157844543457,55,0,4.761904716491699,4.761904716491699,0,0,0,0,0,15.886448860168457,25769803776,0,18155405312,0
204,1790939315461,4,4,4,4,4,4,4,4,4,4,80.98905181884766,78.32247924804688,78.12005615234375,79.30420684814453,71.45372772216797,81.0007095336914,82.90625,9.523809432983398,9.523809432983398,0,4.761904716491699,0,0,0,9.523809432983398,0,0,15.886448860168457,25769803776,0,18155307008,0
203,1790939315666,4,4,4,4,4,4,4,4,4,4,80.98905181884766,78.32247924804688,78.12005615234375,79.30420684814453,71.45372772216797,81.0007095336914,82.90625,9.523809432983398,9.523809432983398,9.090909004211426,0,0,0,0,5,0,0,15.821041107177734,25769803776,0,18155307008,0
200,1790939315870,4,4,4,4,4,4,4,4,4,4,80.98905181884766,78.32247924804688,78.12005615234375,79.30420684814453,71.45372772216797,81.0007095336914,82.90625,5,5,0,0,0,0,4.761904716491699,9.090909004211426,0,0,15.821041107177734,25769803776,0,18155307008,0
204,1790939316071,4,4,4,4,4,4,4,4,4,4,80.98905181884766,78.32247924804688,78.12005615234375,79.30420684814453,71.45372772216797,81.0007095336914,82.90625,10,5,5,0,4.761904716491699,0,0,5.263157844543457,4.761904716491699,0,15.821041107177734,25769803776,0,18155421696,0
204,1790939316276,4,4,4,4,4,4,4,4,4,4,81.05905151367188,78.34292602539063,78.30290222167969,79.33328247070313,71.72058868408203,81.07044982910156,82.90625,0,5,4.761904716491699,4.761904716491699,0,0,0,9.523809432983398,0,0,15.821041107177734,25769803776,0,18155421696,0
204,1790939316481,4,4,4,4,4,4,4,4,4,4,81.05905151367188,78.34292602539063,78.30290222167969,79.33328247070313,71.72058868408203,81.07044982910156,82.90625,9.523809432983398,9.523809432983398,0,0,0,0,0,4.761904716491699,0,0,15.821041107177734,25769803776,0,18155421696,0
204,1790939316686,4,4,4,4,4,4,4,4,4,4,81.05905151367188,78.34292602539063,78.30290222167969,79.33328247070313,71.72058868408203,81.07044982910156,82.90625,5,5,0,0,0,0,0,5,0,0,15.865899085998535,25769803776,0,18155438080,0
204,1790939316891,4,4,4,4,4,4,4,4,4,4,81.05905151367188,78.34292602539063,78.30290222167969,79.33328247070313,71.72058868408203,81.07044982910156,82.90625,10,9.523809432983398,5,4.761904716491699,0,0,0,5,0,0,15.865899085998535,25769803776,0,18155454464,0
204,1790939317096,4,4,4,4,4,4,4,4,4,4,81.05905151367188,78.34292602539063,78.30290222167969,79.33328247070313,71.72058868408203,81.07044982910156,82.90625,9.523809432983398,5,4.761904716491699,0,0,4.761904716491699,0,9.523809432983398,0,0,15.865899085998535,25769803776,0,18155520000,0
201,1790939317301,4,4,4,4,4,4,4,4,4,4,80.82872772216797,78.27462005615234,78.23004913330078,79.23847961425781,71.65137481689453,80.93401336669922,82.90625,0,5,0,4.761904716491699,0,0,0,5,0,0,15.865899085998535,25769803776,0,18155700224,0
204,1790939317502,4,4,4,4,4,4,4,4,4,4,80.82872772216797,78.27462005615234,78.23004913330078,79.23847961425781,71.65137481689453,80.93401336669922,82.90625,9.523809432983398,0,4.761904716491699,0,0,0,9.090909004211426,9.523809432983398,0,0,15.865899085998535,25769803776,0,18155651072,0
202,1790939317707,4,4,4,4,4,4,4,4,4,4,80.82872772216797,78.27462005615234,78.23004913330078,79.23847961425781,71.65137481689453,80.93401336669922,82.90625,4.761904716491699,9.090909004211426,0,0,0,0,0,0,4.761904716491699,0,15.544368743896484,25769803776,0,18157486080,0
204,1790939317909,4,4,4,4,4,4,4,4,4,4,80.82872772216797,78.27462005615234,78.23004913330078,79.23847961425781,71.65137481689453,80.93401336669922,82.90625,0,0,0,0,0,0,0,5,0,0,15.544368743896484,25769803776,0,18157486080,0
202,1790939318114,4,4,4,4,4,4,4,4,4,4,80.75888061523438,78.23271942138672,78.08648681640625,79.21324920654297,71.42533874511719,80.8700180053711,82.671875,9.523809432983398,0,0,0,0,0,0,9.523809432983398,4.545454502105713,0,15.544368743896484,25769803776,0,18155814912,0
204,1790939318317,4,4,4,4,4,4,4,4,4,4,80.75888061523438,78.23271942138672,78.08648681640625,79.21324920654297,71.42533874511719,80.8700180053711,82.671875,10,9.523809432983398,0,0,0,0,0,0,0,0,15.544368743896484,25769803776,0,18155831296,0
202,1790939318522,4,4,4,4,4,4,4,4,4,4,80.75888061523438,78.23271942138672,78.08648681640625,79.21324920654297,71.42533874511719,80.8700180053711,82.671875,4.761904716491699,0,0,0,0,0,0,9.523809432983398,0,0,15.544368743896484,25769803776,0,18155716608,0
204,1790939318724,4,4,4,4,4,4,4,4,4,4,80.75888061523438,78.23271942138672,78.08648681640625,79.21324920654297,71.42533874511719,80.8700180053711,82.671875,10,0,0,0,0,0,0,5,0,4.761904716491699,15.59242057800293,25769803776,0,18155716608,0
204,1790939318929,4,4,4,4,4,4,4,4,4,4,80.75888061523438,78.23271942138672,78.08648681640625,79.21324920654297,71.42533874511719,80.8700180053711,82.671875,0,0,4.761904716491699,0,0,0,0,4.761904716491699,0,0,15.59242057800293,25769803776,0,18155716608,0
204,1790939319134,4,4,4,4,4,4,4,4,4,4,80.79442596435547,78.22594451904297,78.16996002197266,79.27054595947266,71.55948638916016,80.89004516601563,88.09375,5,9.090909004211426,4.761904716491699,0,0,0,0,9.523809432983398,0,0,15.59242057800293,25769803776,0,18155667456,0
204,1790939319339,4,4,4,4,4,4,4,4,4,4,80.79442596435547,78.22594451904297,78.16996002197266,79.27054595947266,71.55948638916016,80.89004516601563,88.09375,0,0,0,0,0,0,9.090909004211426,5,0,0,15.59242057800293,25769803776,0,18155667456,0
204,1790939319544,4,4,4,4,4,4,4,4,4,4,80.79442596435547,78.22594451904297,78.16996002197266,79.27054595947266,71.55948638916016,80.89004516601563,88.09375,0,0,0,0,0,0,0,9.523809432983398,0,0,15.59242057800293,25769803776,0,18155667456,0
202,1790939319749,4,4,4,4,4,4,4,4,4,4,80.79442596435547,78.22594451904297,78.16996002197266,79.27054595947266,71.55948638916016,80.89004516601563,88.09375,4.761904716491699,0,0,0,0,0,0,0,0,0,15.592975616455078,25769803776,0,18155667456,0
204,1790939319952,4,4,4,4,4,4,4,4,4,4,80.79442596435547,78.22594451904297,78.16996002197266,79.27054595947266,71.55948638916016,80.89004516601563,88.09375,0,0,0,4.761904716491699,0,0,0,9.523809432983398,4.761904716491699,0,15.592975616455078,25769803776,0,18155667456,0
204,1790939320157,4,4,4,4,4,4,4,4,4,4,80.7447280883789,78.1690444946289,78.11182403564453,79.18269348144531,71.4864273071289,80.8497543334961,82.90625,4.761904716491699,0,0,0,0,0,0,4.761904716491699,0,0,15.592975616455078,25769803776,0,18155667456,0
204,1790939320362,4,4,4,4,4,4,4,4,4,4,80.7447280883789,78.1690444946289,78.11182403564453,79.18269348144531,71.4864273071289,80.8497543334961,82.90625,4.761904716491699,4.761904716491699,0,0,0,0,0,5,0,0,15.592975616455078,25769803776,0,18155716608,0
204,1790939320567,4,4,4,4,4,4,4,4,4,4,80.7447280883789,78.1690444946289,78.11182403564453,79.18269348144531,71.4864273071289,80.8497543334961,82.90625,4.761904716491699,0,0,0,4.545454502105713,0,0,9.523809432983398,0,0,15.592975616455078,25769803776,0,18155405312,0
204,1790939320772,4,4,4,4,4,4,4,4,4,4,80.7447280883789,78.1690444946289,78.11182403564453,79.18269348144531,71.4864273071289,80.8497543334961,82.90625,0,0,0,0,4.761904716491699,0,4.545454502105713,5,0,0,15.420373916625977,25769803776,0,18155405312,0
204,1790939320977,4,4,4,4,4,4,4,4,4,4,80.7447280883789,78.1690444946289,78.11182403564453,79.18269348144531,71.4864273071289,80.8497543334961,82.90625,0,0,0,0,0,0,0,9.523809432983398,0,0,15.420373916625977,25769803776,0,18155405312,0
204,1790939321182,4,4,4,4,4,4,4,4,4,4,80.773681640625,78.19824981689453,78.07896423339844,79.22261810302734,71.41224670410156,80.8644027709961,83.96875,4.761904716491699,0,0,0,0,0,0,0,4.761904716491699,0,15.420373916625977,25769803776,0,18155388928,0
200,1790939321387,4,4,4,4,4,4,4,4,4,4,80.773681640625,78.19824981689453,78.07896423339844,79.22261810302734,71.41224670410156,80.8644027709961,83.96875,0,0,0,0,0,0,4.761904716491699,9.090909004211426,0,0,15.420373916625977,25769803776,0,18157191168,0
204,1790939321588,4,4,4,4,4,4,4,4,4,4,80.773681640625,78.19824981689453,78.07896423339844,79.22261810302734,71.41224670410156,80.8644027709961,83.96875,9.523809432983398,4.761904716491699,9.090909004211426,0,0,0,0,0,0,0,15.420373916625977,25769803776,0,18155356160,0
204,1790939321793,4,4,4,4,4,4,4,4,4,4,80.773681640625,78.19824981689453,78.07896423339844,79.22261810302734,71.41224670410156,80.8644027709961,83.96875,0,0,0,0,0,0,0,4.761904716491699,0,0,15.536473274230957,25769803776,0,18155372544,0
204,1790939321998,4,4,4,4,4,4,4,4,4,4,80.773681640625,78.19824981689453,78.07896423339844,79.22261810302734,71.41224670410156,80.8644027709961,83.96875,0,4.545454502105713,0,0,0,0,0,9.523809432983398,0,0,15.536473274230957,25769803776,0,18155372544,0
204,1790939322202,4,4,4,4,4,4,4,4,4,4,80.76182556152344,78.2214584350586,78.18134307861328,79.21757507324219,71.59349060058594,80.84452819824219,85.859375,4.761904716491699,0,0,0,0,0,4.761904716491699,5,0,0,15.536473274230957,25769803776,0,18155241472,0
204,1790939322407,4,4,4,4,4,4,4,4,4,4,80.76182556152344,78.2214584350586,78.18134307861328,79.21757507324219,71.59349060058594,80.84452819824219,85.859375,9.523809432983398,0,0,0,0,0,0,9.523809432983398,0,0,15.536473274230957,25769803776,0,18155077632,0
204,1790939322612,4,4,4,4,4,4,4,4,4,4,80.76182556152344,78.2214584350586,78.18134307861328,79.21757507324219,71.59349060058594,80.84452819824219,85.859375,0,0,0,0,0,0,0,0,4.761904716491699,0,15.585086822509766,25769803776,0,18154979328,0
204,1790939322817,4,4,4,4,4,4,4,4,4,4,80.76182556152344,78.2214584350586,78.18134307861328,79.21757507324219,71.59349060058594,80.84452819824219,85.859375,4.761904716491699,0,0,0,0,0,0,9.523809432983398,0,0,15.585086822509766,25769803776,0,18154946560,0
200,1790939323022,4,4,4,4,4,4,4,4,4,4,80.76182556152344,78.2214584350586,78.18134307861328,79.21757507324219,71.59349060058594,80.84452819824219,85.859375,0,0,0,0,0,0,0,5,0,0,15.585086822509766,25769803776,0,18154946560,0
200,1790939323223,4,4,4,4,4,4,4,4,4,4,80.7233657836914,78.1570816040039,78.05487060546875,79.18508911132813,71.38631439208984,80.80563354492188,82.671875,0,5,0,0,0,0,4.761904716491699,9.523809432983398,0,0,15.585086822509766,25769803776,0,18154913792,0
200,1790939323424,4,4,4,4,4,4,4,4,4,4,80.7233657836914,78.1570816040039,78.05487060546875,79.18508911132813,71.38631439208984,80.80563354492188,82.671875,9.523809432983398,5,0,0,0,0,0,5,0,0,15.585086822509766,25769803776,0,18155159552,0
204,1790939323624,4,4,4,4,4,4,4,4,4,4,80.7233657836914,78.1570816040039,78.05487060546875,79.18508911132813,71.38631439208984,80.80563354492188,82.671875,15.000000953674316,15.000000953674316,4.761904716491699,5,0,0,4.761904716491699,9.523809432983398,0,0,15.473857879638672,25769803776,0,18155323392,0
202,1790939323829,4,4,4,4,4,4,4,4,4,4,80.7233657836914,78.1570816040039,78.05487060546875,79.18508911132813,71.38631439208984,80.80563354492188,82.671875,0,4.761904716491699,0,0,0,0,0,0,0,0,15.473857879638672,25769803776,0,18155323392,0
200,1790939324031,4,4,4,4,4,4,4,4,4,4,80.7233657836914,78.1570816040039,78.05487060546875,79.18508911132813,71.38631439208984,80.80563354492188,82.671875,15.789472579956055,20,5,0,0,0,0,9.523809432983398,0,0,15.473857879638672,25769803776,0,18155323392,0
204,1790939324232,4,4,4,4,4,4,4,4,4,4,80.76332092285156,78.20789337158203,78.1457748413086,79.19194793701172,71.54292297363281,80.87271881103516,82.90625,4.761904716491699,0,4.761904716491699,4.761904716491699,0,0,5,0,0,0,15.473857879638672,25769803776,0,18155438080,0
204,1790939324437,4,4,4,4,4,4,4,4,4,4,80.76332092285156,78.20789337158203,78.1457748413086,79.19194793701172,71.54292297363281,80.87271881103516,82.90625,5,0,0,0,0,0,4.761904716491699,5,9.090909004211426,0,15.473857879638672,25769803776,0,18155814912,0
204,1790939324642,4,4,4,4,4,4,4,4,4,4,80.76332092285156,78.20789337158203,78.1457748413086,79.19194793701172,71.54292297363281,80.87271881103516,82.90625,0,0,0,0,0,0,0,5,0,0,15.523704528808594,25769803776,0,18155814912,0
204,1790939324847,4,4,4,4,4,4,4,4,4,4,80.76332092285156,78.20789337158203,78.1457748413086,79.19194793701172,71.54292297363281,80.87271881103516,82.90625,9.523809432983398,9.090909004211426,0,0,0,0,0,9.090909004211426,0,0,15.523704528808594,25769803776,0,18157600768,0
204,1790939325052,4,4,4,4,4,4,4,4,4,4,80.76332092285156,78.20789337158203,78.1457748413086,79.19194793701172,71.54292297363281,80.87271881103516,82.90625,0,0,0,0,0,0,0,0,0,0,15.523704528808594,25769803776,0,18157600768,0
204,1790939325257,4,4,4,4,4,4,4,4,4,4,80.64661407470703,78.25078582763672,78.02005004882813,79.13593292236328,71.32535552978516,80.73007202148438,84.4375,4.761904716491699,0,0,0,0,0,0,9.090909004211426,0,0,15.523704528808594,25769803776,0,18155831296,0
204,1790939325462,4,4,4,4,4,4,4,4,4,4,80.64661407470703,78.25078582763672,78.02005004882813,79.13593292236328,71.32535552978516,80.73007202148438,84.4375,0,0,0,0,0,0,0,5,0,0,15.523704528808594,25769803776,0,18155782144,0
204,1790939325667,4,4,4,4,4,4,4,4,4,4,80.64661407470703,78.25078582763672,78.02005004882813,79.13593292236328,71.32535552978516,80.73007202148438,84.4375,0,0,0,0,0,0,4.545454502105713,5,0,0,15.362089157104492,25769803776,0,18155536384,0
204,1790939325872,4,4,4,4,4,4,4,4,4,4,80.64661407470703,78.25078582763672,78.02005004882813,79.13593292236328,71.32535552978516,80.73007202148438,84.4375,4.761904716491699,0,4.761904716491699,0,0,0,0,5,0,0,15.362089157104492,25769803776,0,18155552768,0
202,1790939326077,4,4,4,4,4,4,4,4,4,4,80.64661407470703,78.25078582763672,78.02005004882813,79.13593292236328,71.32535552978516,80.73007202148438,84.4375,0,4.761904716491699,0,0,4.545454502105713,0,4.761904716491699,4.761904716491699,0,0,15.362089157104492,25769803776,0,18155651072,0
204,1790939326280,4,4,4,4,4,4,4,4,4,4,80.65467071533203,78.08055114746094,77.95005798339844,79.12515258789063,71.2597427368164,80.70420837402344,82.671875,5,0,0,0,0,0,0,9.523809432983398,4.761904716491699,0,15.362089157104492,25769803776,0,18155601920,0
202,1790939326485,4,4,4,4,4,4,4,4,4,4,80.65467071533203,78.08055114746094,77.95005798339844,79.12515258789063,71.2597427368164,80.70420837402344,82.671875,4.761904716491699,4.761904716491699,0,0,0,0,0,5,0,0,15.362089157104492,25769803776,0,18155601920,0
204,1790939326687,4,4,4,4,4,4,4,4,4,4,80.65467071533203,78.08055114746094,77.95005798339844,79.12515258789063,71.2597427368164,80.70420837402344,82.671875,0,0,0,4.761904716491699,0,0,0,9.523809432983398,0,0,15.323054313659668,25769803776,0,18155618304,0
204,1790939326892,4,4,4,4,4,4,4,4,4,4,80.65467071533203,78.08055114746094,77.95005798339844,79.12515258789063,71.2597427368164,80.70420837402344,82.671875,4.761904716491699,0,0,0,0,0,0,5,0,0,15.323054313659668,25769803776,0,18155618304,0
202,1790939327097,4,4,4,4,4,4,4,4,4,4,80.65467071533203,78.08055114746094,77.95005798339844,79.12515258789063,71.2597427368164,80.70420837402344,82.671875,30.000001907348633,30.000001907348633,30.000001907348633,25,23.809524536132813,20,4.761904716491699,5,0,0,15.323054313659668,25769803776,0,18155618304,0
204,1790939327300,4,4,4,4,4,4,4,4,4,4,80.62226867675781,78.12376403808594,78.0675277709961,79.10920715332031,71.46022033691406,80.66313171386719,82.671875,70,45,30.000001907348633,15.000000953674316,10,28.571430206298828,0,9.523809432983398,0,0,15.323054313659668,25769803776,0,18174361600,0
202,1790939327505,4,4,4,4,4,4,4,4,4,4,80.62226867675781,78.12376403808594,78.0675277709961,79.10920715332031,71.46022033691406,80.66313171386719,82.671875,60.000003814697266,35,20,10,5,4.761904716491699,4.761904716491699,0,0,4.545454502105713,15.323054313659668,25769803776,0,18174410752,0
204,1790939327707,4,4,4,4,4,4,4,4,4,4,80.62226867675781,78.12376403808594,78.0675277709961,79.10920715332031,71.46022033691406,80.66313171386719,82.671875,50,47.619049072265625,30.000001907348633,9.523809432983398,5,5,5,4.761904716491699,0,0,15.32184886932373,25769803776,0,18174640128,0
204,1790939327912,4,4,4,4,4,4,4,4,4,4,80.62226867675781,78.12376403808594,78.0675277709961,79.10920715332031,71.46022033691406,80.66313171386719,82.671875,61.904762268066406,60.000003814697266,28.571430206298828,19.047618865966797,4.761904716491699,5,5,4.761904716491699,0,0,15.32184886932373,25769803776,0,18175033344,0
204,1790939328117,4,4,4,4,4,4,4,4,4,4,80.2502670288086,78.40974426269531,77.75275421142578,78.94396209716797,70.878173828125,80.41374206542969,84.203125,15.000000953674316,20,19.047618865966797,0,0,0,9.090909004211426,0,8.69565200805664,0,15.32184886932373,25769803776,0,18175033344,0
204,1790939328322,4,4,4,4,4,4,4,4,4,4,80.2502670288086,78.40974426269531,77.75275421142578,78.94396209716797,70.878173828125,80.41374206542969,84.203125,0,4.761904716491699,4.761904716491699,0,0,0,0,0,0,0,15.32184886932373,25769803776,0,18174525440,0
201,1790939328527,4,4,4,4,4,4,4,4,4,4,80.2502670288086,78.40974426269531,77.75275421142578,78.94396209716797,70.878173828125,80.41374206542969,84.203125,4.761904716491699,0,0,0,0,0,4.761904716491699,0,0,0,15.32184886932373,25769803776,0,18176098304,0
204,1790939328729,4,4,4,4,4,4,4,4,4,4,80.2502670288086,78.40974426269531,77.75275421142578,78.94396209716797,70.878173828125,80.41374206542969,84.203125,0,0,0,0,0,0,5,0,0,0,14.833199501037598,25769803776,0,18174459904,0
202,1790939328934,4,4,4,4,4,4,4,4,4,4,80.2502670288086,78.40974426269531,77.75275421142578,78.94396209716797,70.878173828125,80.41374206542969,84.203125,9.090909004211426,0,0,0,0,0,5,0,0,0,14.833199501037598,25769803776,0,18174459904,0
204,1790939329136,4,4,4,4,4,4,4,4,4,4,80.6368637084961,78.5147705078125,77.51034545898438,79.09960174560547,70.48582458496094,80.69586944580078,82.4375,0,0,0,0,0,0,9.523809432983398,0,0,0,14.833199501037598,25769803776,0,18174459904,0
202,1790939329341,4,4,4,4,4,4,4,4,4,4,80.6368637084961,78.5147705078125,77.51034545898438,79.09960174560547,70.48582458496094,80.69586944580078,82.4375,0,4.761904716491699,0,0,0,0,5,4.761904716491699,0,0,14.833199501037598,25769803776,0,18159468544,0
204,1790939329543,4,4,4,4,4,4,4,4,4,4,80.6368637084961,78.5147705078125,77.51034545898438,79.09960174560547,70.48582458496094,80.69586944580078,82.4375,4.761904716491699,4.761904716491699,0,0,0,0,9.523809432983398,0,0,0,14.833199501037598,25769803776,0,18159484928,0
204,1790939329749,4,4,4,4,4,4,4,4,4,4,80.6368637084961,78.5147705078125,77.51034545898438,79.09960174560547,70.48582458496094,80.69586944580078,82.4375,0,0,0,0,0,0,5,4.761904716491699,0,0,15.586310386657715,25769803776,0,18159321088,0
203,1790939329954,4,4,4,4,4,4,4,4,4,4,80.6368637084961,78.5147705078125,77.51034545898438,79.09960174560547,70.48582458496094,80.69586944580078,82.4375,4.761904716491699,0,0,0,0,0,5,0,0,0,15.586310386657715,25769803776,0,18159321088,0
200,1790939330157,4,4,4,4,4,4,4,4,4,4,80.65916442871094,78.63247680664063,77.60816192626953,79.12177276611328,70.59221649169922,80.77896118164063,82.4375,0,0,0,0,0,0,5,0,0,0,15.586310386657715,25769803776,0,18159321088,0
200,1790939330357,4,4,4,4,4,4,4,4,4,4,80.65916442871094,78.63247680664063,77.60816192626953,79.12177276611328,70.59221649169922,80.77896118164063,82.4375,9.523809432983398,4.761904716491699,0,4.761904716491699,0,0,5,0,4.761904716491699,0,15.586310386657715,25769803776,0,18159632384,0
200,1790939330558,4,4,4,4,4,4,4,4,4,4,80.65916442871094,78.63247680664063,77.60816192626953,79.12177276611328,70.59221649169922,80.77896118164063,82.4375,0,0,0,0,0,0,9.523809432983398,4.761904716491699,5,0,15.586310386657715,25769803776,0,18159632384,0
204,1790939330758,4,4,4,4,4,4,4,4,4,4,80.65916442871094,78.63247680664063,77.60816192626953,79.12177276611328,70.59221649169922,80.77896118164063,82.4375,5,0,4.761904716491699,0,4.761904716491699,0,5,0,0,0,15.697507858276367,25769803776,0,18159632384,0
200,1790939330964,4,4,4,4,4,4,4,4,4,4,80.65916442871094,78.63247680664063,77.60816192626953,79.12177276611328,70.59221649169922,80.77896118164063,82.4375,0,4.761904716491699,0,0,0,0,9.523809432983398,0,0,0,15.697507858276367,25769803776,0,18159632384,0
204,1790939331164,4,4,4,4,4,4,4,4,4,4,80.56866455078125,78.41557312011719,77.48612976074219,79.0848388671875,70.48384094238281,80.61947631835938,82.4375,10,5,4.761904716491699,0,0,0,0,0,0,0,15.697507858276367,25769803776,0,18159632384,0
201,1790939331369,4,4,4,4,4,4,4,4,4,4,80.56866455078125,78.41557312011719,77.48612976074219,79.0848388671875,70.48384094238281,80.61947631835938,82.4375,0,0,0,0,0,0,5,0,0,0,15.697507858276367,25769803776,0,18160238592,0
204,1790939331571,4,4,4,4,4,4,4,4,4,4,80.56866455078125,78.41557312011719,77.48612976074219,79.0848388671875,70.48384094238281,80.61947631835938,82.4375,4.761904716491699,0,0,0,0,0,9.523809432983398,4.761904716491699,0,0,15.697507858276367,25769803776,0,18160173056,0
204,1790939331776,4,4,4,4,4,4,4,4,4,4,80.56866455078125,78.41557312011719,77.48612976074219,79.0848388671875,70.48384094238281,80.61947631835938,82.4375,0,0,0,0,0,0,0,4.761904716491699,0,0,15.176645278930664,25769803776,0,18160041984,0
204,1790939331981,4,4,4,4,4,4,4,4,4,4,80.56866455078125,78.41557312011719,77.48612976074219,79.0848388671875,70.48384094238281,80.61947631835938,82.4375,4.761904716491699,0,0,4.761904716491699,0,0,4.761904716491699,0,0,0,15.176645278930664,25769803776,0,18159992832,0
204,1790939332185,4,4,4,4,4,4,4,4,4,4,80.4371566772461,78.48080444335938,77.44625854492188,79.05448913574219,70.45574188232422,80.53816986083984,82.4375,4.761904716491699,9.090909004211426,0,0,0,0,9.523809432983398,0,4.761904716491699,0,15.176645278930664,25769803776,0,18159976448,0
204,1790939332390,4,4,4,4,4,4,4,4,4,4,80.4371566772461,78.48080444335938,77.44625854492188,79.05448913574219,70.45574188232422,80.53816986083984,82.4375,5,0,0,0,0,0,5,0,0,0,15.176645278930664,25769803776,0,18159271936,0
204,1790939332595,4,4,4,4,4,4,4,4,4,4,80.4371566772461,78.48080444335938,77.44625854492188,79.05448913574219,70.45574188232422,80.53816986083984,82.4375,14.285715103149414,5,9.523809432983398,0,4.545454502105713,0,9.523809432983398,0,0,0,15.176645278930664,25769803776,0,18159616000,0
204,1790939332800,4,4,4,4,4,4,4,4,4,4,80.4371566772461,78.48080444335938,77.44625854492188,79.05448913574219,70.45574188232422,80.53816986083984,82.4375,10,14.285715103149414,4.761904716491699,5,0,4.761904716491699,0,0,0,0,15.171016693115234,25769803776,0,18160893952,0
204,1790939333005,4,4,4,4,4,4,4,4,4,4,80.4371566772461,78.48080444335938,77.44625854492188,79.05448913574219,70.45574188232422,80.53816986083984,82.4375,0,4.761904716491699,0,0,0,0,9.523809432983398,0,0,0,15.171016693115234,25769803776,0,18160828416,0
204,1790939333210,4,4,4,4,4,4,4,4,4,4,80.33601379394531,78.493896484375,77.36725616455078,79.00702667236328,70.33128356933594,80.47044372558594,82.4375,9.090909004211426,0,0,0,0,0,5,0,0,0,15.171016693115234,25769803776,0,18160828416,0
204,1790939333415,4,4,4,4,4,4,4,4,4,4,80.33601379394531,78.493896484375,77.36725616455078,79.00702667236328,70.33128356933594,80.47044372558594,82.4375,0,0,0,0,0,0,9.523809432983398,4.761904716491699,0,0,15.171016693115234,25769803776,0,18160566272,0
200,1790939333620,4,4,4,4,4,4,4,4,4,4,80.33601379394531,78.493896484375,77.36725616455078,79.00702667236328,70.33128356933594,80.47044372558594,82.4375,4.761904716491699,0,0,4.761904716491699,0,0,4.761904716491699,0,9.090909004211426,0,15.111651420593262,25769803776,0,18160631808,0
204,1790939333821,4,4,4,4,4,4,4,4,4,4,80.33601379394531,78.493896484375,77.36725616455078,79.00702667236328,70.33128356933594,80.47044372558594,82.4375,0,9.523809432983398,0,0,0,0,9.523809432983398,0,0,0,15.111651420593262,25769803776,0,18160631808,0
202,1790939334026,4,4,4,4,4,4,4,4,4,4,80.33601379394531,78.493896484375,77.36725616455078,79.00702667236328,70.33128356933594,80.47044372558594,82.4375,9.523809432983398,0,0,0,0,0,0,0,0,0,15.111651420593262,25769803776,0,18160631808,0
200,1790939334228,4,4,4,4,4,4,4,4,4,4,80.33499908447266,78.28939056396484,77.32170867919922,78.99444580078125,70.31369018554688,80.46865844726563,82.203125,30.000001907348633,20,9.523809432983398,0,0,0,4.761904716491699,5,0,0,15.111651420593262,25769803776,0,18160631808,0
204,1790939334429,4,4,4,4,4,4,4,4,4,4,80.33499908447266,78.28939056396484,77.32170867919922,78.99444580078125,70.31369018554688,80.46865844726563,82.203125,0,4.761904716491699,0,0,0,0,10,0,0,0,15.111651420593262,25769803776,0,18160746496,0
204,1790939334634,4,4,4,4,4,4,4,4,4,4,80.33499908447266,78.28939056396484,77.32170867919922,78.99444580078125,70.31369018554688,80.46865844726563,82.203125,4.761904716491699,0,0,0,4.761904716491699,0,0,0,0,0,14.92487621307373,25769803776,0,18154012672,0
204,1790939334838,4,4,4,4,4,4,4,4,4,4,80.33499908447266,78.28939056396484,77.32170867919922,78.99444580078125,70.31369018554688,80.46865844726563,82.203125,0,0,0,0,0,0,9.090909004211426,9.090909004211426,0,0,14.92487621307373,25769803776,0,18154012672,0
204,1790939335043,4,4,4,4,4,4,4,4,4,4,80.33499908447266,78.28939056396484,77.32170867919922,78.99444580078125,70.31369018554688,80.46865844726563,82.203125,9.523809432983398,4.761904716491699,0,4.545454502105713,0,0,5,0,4.761904716491699,0,14.92487621307373,25769803776,0,18154012672,0
204,1790939335248,4,4,4,4,4,4,4,4,4,4,80.28559875488281,78.33625793457031,77.45109558105469,78.94632720947266,70.52688598632813,80.40787506103516,82.203125,0,0,0,0,0,0,5,0,0,0,14.92487621307373,25769803776,0,18154012672,0
204,1790939335453,4,4,4,4,4,4,4,4,4,4,80.28559875488281,78.33625793457031,77.45109558105469,78.94632720947266,70.52688598632813,80.40787506103516,82.203125,4.761904716491699,4.545454502105713,0,0,0,0,9.523809432983398,0,0,0,14.92487621307373,25769803776,0,18153816064,0
204,1790939335658,4,4,4,4,4,4,4,4,4,4,80.28559875488281,78.33625793457031,77.45109558105469,78.94632720947266,70.52688598632813,80.40787506103516,82.203125,0,0,0,0,0,0,0,0,0,0,15.070033073425293,25769803776,0,18155323392,0
201,1790939335863,4,4,4,4,4,4,4,4,4,4,80.28559875488281,78.33625793457031,77.45109558105469,78.94632720947266,70.52688598632813,80.40787506103516,82.203125,4.761904716491699,0,0,0,0,0,9.090909004211426,0,0,0,15.070033073425293,25769803776,0,18153504768,0
204,1790939336065,4,4,4,4,4,4,4,4,4,4,80.28559875488281,78.33625793457031,77.45109558105469,78.94632720947266,70.52688598632813,80.40787506103516,82.203125,0,0,4.761904716491699,0,4.761904716491699,0,0,0,9.523809432983398,0,15.070033073425293,25769803776,0,18153504768,0
204,1790939336270,4,4,4,4,4,4,4,4,4,4,80.33494567871094,78.1007308959961,77.22116088867188,78.9471435546875,70.2906494140625,80.52986907958984,84.90625,9.523809432983398,5,4.761904716491699,0,0,0,0,9.090909004211426,0,0,15.070033073425293,25769803776,0,18153504768,0
204,1790939336475,4,4,4,4,4,4,4,4,4,4,80.33494567871094,78.1007308959961,77.22116088867188,78.9471435546875,70.2906494140625,80.52986907958984,84.90625,0,0,0,0,0,0,5,0,0,0,15.070033073425293,25769803776,0,18153586688,0
204,1790939336679,4,4,4,4,4,4,4,4,4,4,80.33494567871094,78.1007308959961,77.22116088867188,78.9471435546875,70.2906494140625,80.52986907958984,84.90625,4.761904716491699,4.761904716491699,0,0,0,0,9.523809432983398,0,0,0,14.909785270690918,25769803776,0,18153570304,0
204,1790939336884,4,4,4,4,4,4,4,4,4,4,80.33494567871094,78.1007308959961,77.22116088867188,78.9471435546875,70.2906494140625,80.52986907958984,84.90625,0,0,0,0,0,0,5,0,0,0,14.909785270690918,25769803776,0,18153570304,0
204,1790939337089,4,4,4,4,4,4,4,4,4,4,80.33494567871094,78.1007308959961,77.22116088867188,78.9471435546875,70.2906494140625,80.52986907958984,84.90625,4.761904716491699,4.761904716491699,0,0,0,0,5,0,0,0,14.909785270690918,25769803776,0,18153570304,0
200,1790939337294,4,4,4,4,4,4,4,4,4,4,80.1511001586914,78.22953033447266,77.22196197509766,78.86405944824219,70.20530700683594,80.33255004882813,82.203125,5,0,0,0,0,0,4.761904716491699,4.761904716491699,0,4.761904716491699,14.909785270690918,25769803776,0,18153570304,0
202,1790939337494,4,4,4,4,4,4,4,4,4,4,80.1511001586914,78.22953033447266,77.22196197509766,78.86405944824219,70.20530700683594,80.33255004882813,82.203125,0,0,0,0,0,0,10,0,0,0,14.909785270690918,25769803776,0,18153570304,0
204,1790939337697,4,4,4,4,4,4,4,4,4,4,80.1511001586914,78.22953033447266,77.22196197509766,78.86405944824219,70.20530700683594,80.33255004882813,82.203125,0,0,0,0,0,0,5,0,4.761904716491699,0,14.967874526977539,25769803776,0,18153455616,0
204,1790939337902,4,4,4,4,4,4,4,4,4,4,80.1511001586914,78.22953033447266,77.22196197509766,78.86405944824219,70.20530700683594,80.33255004882813,82.203125,4.761904716491699,0,0,0,0,0,4.761904716491699,0,0,0,14.967874526977539,25769803776,0,18153472000,0
204,1790939338107,4,4,4,4,4,4,4,4,4,4,80.03607177734375,78.28335571289063,77.21061706542969,78.74717712402344,70.20318603515625,80.23657989501953,82.203125,0,4.761904716491699,4.761904716491699,0,0,4.761904716491699,5,4.761904716491699,0,0,14.967874526977539,25769803776,0,18153029632,0
204,1790939338312,4,4,4,4,4,4,4,4,4,4,80.03607177734375,78.28335571289063,77.21061706542969,78.74717712402344,70.20318603515625,80.23657989501953,82.203125,4.761904716491699,0,0,0,0,0,5,0,4.761904716491699,0,14.967874526977539,25769803776,0,18153029632,0
204,1790939338517,4,4,4,4,4,4,4,4,4,4,80.03607177734375,78.28335571289063,77.21061706542969,78.74717712402344,70.20318603515625,80.23657989501953,82.203125,4.761904716491699,4.761904716491699,0,0,0,0,9.523809432983398,0,0,0,14.967874526977539,25769803776,0,18152357888,0
204,1790939338722,4,4,4,4,4,4,4,4,4,4,80.03607177734375,78.28335571289063,77.21061706542969,78.74717712402344,70.20318603515625,80.23657989501953,82.203125,5,0,0,0,0,0,5,4.761904716491699,0,0,14.890084266662598,25769803776,0,18150899712,0
202,1790939338927,4,4,4,4,4,4,4,4,4,4,80.03607177734375,78.28335571289063,77.21061706542969,78.74717712402344,70.20318603515625,80.23657989501953,82.203125,0,0,4.761904716491699,0,0,0,9.523809432983398,0,0,0,14.890084266662598,25769803776,0,18150899712,0
201,1790939339130,4,4,4,4,4,4,4,4,4,4,79.96255493164063,78.168701171875,77.0924072265625,78.693359375,70.08728790283203,80.18623352050781,82.203125,9.523809432983398,9.090909004211426,0,0,0,0,0,0,0,0,14.890084266662598,25769803776,0,18150801408,0
204,1790939339331,4,4,4,4,4,4,4,4,4,4,79.96255493164063,78.168701171875,77.0924072265625,78.693359375,70.08728790283203,80.18623352050781,82.203125,0,0,0,0,0,0,0,4.761904716491699,0,0,14.890084266662598,25769803776,0,18153046016,0
200,1790939339536,4,4,4,4,4,4,4,4,4,4,79.96255493164063,78.168701171875,77.0924072265625,78.693359375,70.08728790283203,80.18623352050781,82.203125,0,0,0,0,0,0,5,4.761904716491699,4.545454502105713,0,14.890084266662598,25769803776,0,18150801408,0
200,1790939339737,4,4,4,4,4,4,4,4,4,4,79.96255493164063,78.168701171875,77.0924072265625,78.693359375,70.08728790283203,80.18623352050781,82.203125,5,0,0,4.761904716491699,0,0,9.523809432983398,0,0,0,14.779813766479492,25769803776,0,18150653952,0
200,1790939339937,4,4,4,4,4,4,4,4,4,4,79.96255493164063,78.168701171875,77.0924072265625,78.693359375,70.08728790283203,80.18623352050781,82.203125,9.523809432983398,4.761904716491699,5,4.761904716491699,0,0,5,0,0,0,14.779813766479492,25769803776,0,18150653952,0
200,1790939340138,4,4,4,4,4,4,4,4,4,4,79.92185974121094,78.1925277709961,77.22232818603516,78.67383575439453,70.3028793334961,80.14466857910156,82.203125,0,0,0,0,0,0,5,0,0,0,14.779813766479492,25769803776,0,18150653952,0
200,1790939340338,4,4,4,4,4,4,4,4,4,4,79.92185974121094,78.1925277709961,77.22232818603516,78.67383575439453,70.3028793334961,80.14466857910156,82.203125,0,4.761904716491699,0,0,0,0,5,0,0,0,14.779813766479492,25769803776,0,18150653952,0
200,1790939340539,4,4,4,4,4,4,4,4,4,4,79.92185974121094,78.1925277709961,77.22232818603516,78.67383575439453,70.3028793334961,80.14466857910156,82.203125,4.761904716491699,0,0,0,0,0,0,5,0,0,14.779813766479492,25769803776,0,18150506496,0
200,1790939340740,4,4,4,4,4,4,4,4,4,4,79.92185974121094,78.1925277709961,77.22232818603516,78.67383575439453,70.3028793334961,80.14466857910156,82.203125,0,0,0,0,0,0,9.523809432983398,0,0,0,14.854094505310059,25769803776,0,18150539264,0
204,1790939340940,4,4,4,4,4,4,4,4,4,4,79.92185974121094,78.1925277709961,77.22232818603516,78.67383575439453,70.3028793334961,80.14466857910156,82.203125,4.761904716491699,0,0,0,0,0,0,9.523809432983398,0,0,14.854094505310059,25769803776,0,18150539264,0
204,1790939341145,4,4,4,4,4,4,4,4,4,4,79.85741424560547,78.0240478515625,77.28254699707031,78.6463394165039,70.44097137451172,80.11162567138672,82.203125,5,4.761904716491699,0,0,4.761904716491699,0,5,0,0,0,14.854094505310059,25769803776,0,18150539264,0
204,1790939341350,4,4,4,4,4,4,4,4,4,4,79.85741424560547,78.0240478515625,77.28254699707031,78.6463394165039,70.44097137451172,80.11162567138672,82.203125,4.761904716491699,0,0,0,0,0,9.523809432983398,0,8.69565200805664,0,14.854094505310059,25769803776,0,18150539264,0
204,1790939341555,4,4,4,4,4,4,4,4,4,4,79.85741424560547,78.0240478515625,77.28254699707031,78.6463394165039,70.44097137451172,80.11162567138672,82.203125,0,0,4.761904716491699,0,0,0,4.761904716491699,4.761904716491699,0,0,14.854094505310059,25769803776,0,18150604800,0
204,1790939341760,4,4,4,4,4,4,4,4,4,4,79.85741424560547,78.0240478515625,77.28254699707031,78.6463394165039,70.44097137451172,80.11162567138672,82.203125,0,0,0,0,0,0,9.523809432983398,4.761904716491699,0,0,14.813457489013672,25769803776,0,18150604800,0
204,1790939341965,4,4,4,4,4,4,4,4,4,4,79.85741424560547,78.0240478515625,77.28254699707031,78.6463394165039,70.44097137451172,80.11162567138672,82.203125,4.761904716491699,0,0,0,0,0,0,0,0,0,14.813457489013672,25769803776,0,18150506496,0
204,1790939342170,4,4,4,4,4,4,4,4,4,4,79.76651000976563,78.05634307861328,76.99848175048828,78.61656188964844,70.04299926757813,80.03810119628906,81.96875,0,0,0,0,0,0,9.523809432983398,0,0,0,14.813457489013672,25769803776,0,18150539264,0
204,1790939342375,4,4,4,4,4,4,4,4,4,4,79.76651000976563,78.05634307861328,76.99848175048828,78.61656188964844,70.04299926757813,80.03810119628906,81.96875,5,0,5,0,0,0,4.761904716491699,0,0,0,14.813457489013672,25769803776,0,18152325120,0
203,1790939342580,4,4,4,4,4,4,4,4,4,4,79.76651000976563,78.05634307861328,76.99848175048828,78.61656188964844,70.04299926757813,80.03810119628906,81.96875,9.090909004211426,0,0,0,0,0,0,0,4.761904716491699,0,14.813457489013672,25769803776,0,18150473728,0
204,1790939342784,4,4,4,4,4,4,4,4,4,4,79.76651000976563,78.05634307861328,76.99848175048828,78.61656188964844,70.04299926757813,80.03810119628906,81.96875,0,8.69565200805664,0,0,0,0,9.523809432983398,0,0,0,14.67184829711914,25769803776,0,18150293504,0
202,1790939342989,4,4,4,4,4,4,4,4,4,4,79.76651000976563,78.05634307861328,76.99848175048828,78.61656188964844,70.04299926757813,80.03810119628906,81.96875,0,0,0,0,0,0,5,0,0,0,14.67184829711914,25769803776,0,18150293504,0
200,1790939343192,4,4,4,4,4,4,4,4,4,4,79.75328826904297,78.14085388183594,76.94947052001953,78.61457061767578,69.99512481689453,80.03659057617188,85.734375,4.761904716491699,0,4.761904716491699,0,0,0,9.523809432983398,4.761904716491699,0,0,14.67184829711914,25769803776,0,18150408192,0
204,1790939343392,4,4,4,4,4,4,4,4,4,4,79.75328826904297,78.14085388183594,76.94947052001953,78.61457061767578,69.99512481689453,80.03659057617188,85.734375,0,0,0,0,0,0,0,4.761904716491699,0,0,14.67184829711914,25769803776,0,18150408192,0
204,1790939343597,4,4,4,4,4,4,4,4,4,4,79.75328826904297,78.14085388183594,76.94947052001953,78.61457061767578,69.99512481689453,80.03659057617188,85.734375,5,0,0,0,0,0,5,0,0,0,14.67184829711914,25769803776,0,18150293504,0
204,1790939343802,4,4,4,4,4,4,4,4,4,4,79.75328826904297,78.14085388183594,76.94947052001953,78.61457061767578,69.99512481689453,80.03659057617188,85.734375,0,0,0,0,0,0,9.523809432983398,0,0,0,14.739148139953613,25769803776,0,18150293504,0
204,1790939344008,4,4,4,4,4,4,4,4,4,4,79.75328826904297,78.14085388183594,76.94947052001953,78.61457061767578,69.99512481689453,80.03659057617188,85.734375,9.090909004211426,4.761904716491699,0,0,0,0,5,0,0,0,14.739148139953613,25769803776,0,18150293504,0
204,1790939344213,4,4,4,4,4,4,4,4,4,4,79.59700012207031,78.03910827636719,76.88728332519531,78.58220672607422,69.96170043945313,79.93319702148438,81.96875,0,0,0,0,0,0,9.523809432983398,0,4.761904716491699,0,14.739148139953613,25769803776,0,18150293504,0
203,1790939344418,4,4,4,4,4,4,4,4,4,4,79.59700012207031,78.03910827636719,76.88728332519531,78.58220672607422,69.96170043945313,79.93319702148438,81.96875,4.761904716491699,0,0,0,0,0,9.523809432983398,0,0,0,14.739148139953613,25769803776,0,18150293504,0
200,1790939344621,4,4,4,4,4,4,4,4,4,4,79.59700012207031,78.03910827636719,76.88728332519531,78.58220672607422,69.96170043945313,79.93319702148438,81.96875,0,0,0,0,0,0,5,0,0,0,14.696233749389648,25769803776,0,18150146048,0
204,1790939344822,4,4,4,4,4,4,4,4,4,4,79.59700012207031,78.03910827636719,76.88728332519531,78.58220672607422,69.96170043945313,79.93319702148438,81.96875,0,0,4.761904716491699,0,0,0,0,4.761904716491699,0,0,14.696233749389648,25769803776,0,18150162432,0
202,1790939345027,4,4,4,4,4,4,4,4,4,4,79.59700012207031,78.03910827636719,76.88728332519531,78.58220672607422,69.96170043945313,79.93319702148438,81.96875,5,5,0,0,0,0,9.523809432983398,4.761904716491699,0,0,14.696233749389648,25769803776,0,18150178816,0
200,1790939345229,4,4,4,4,4,4,4,4,4,4,79.51349639892578,78.06672668457031,76.88516235351563,78.54222869873047,69.94427490234375,79.8777847290039,81.96875,4.761904716491699,65,0,0,0,0,4.761904716491699,0,0,0,14.696233749389648,25769803776,0,18150178816,0
204,1790939345430,4,4,4,4,4,4,4,4,4,4,79.51349639892578,78.06672668457031,76.88516235351563,78.54222869873047,69.94427490234375,79.8777847290039,81.96875,0,4.761904716491699,0,0,0,0,5,4.761904716491699,0,0,14.696233749389648,25769803776,0,18150178816,0
204,1790939345634,4,4,4,4,4,4,4,4,4,4,79.51349639892578,78.06672668457031,76.88516235351563,78.54222869873047,69.94427490234375,79.8777847290039,81.96875,4.761904716491699,4.761904716491699,0,0,0,0,5,0,0,0,14.603425025939941,25769803776,0,18150195200,0
204,1790939345839,4,4,4,4,4,4,4,4,4,4,79.51349639892578,78.06672668457031,76.88516235351563,78.54222869873047,69.94427490234375,79.8777847290039,81.96875,0,0,0,0,4.545454502105713,0,5,0,0,0,14.603425025939941,25769803776,0,18149736448,0
200,1790939346044,4,4,4,4,4,4,4,4,4,4,79.51349639892578,78.06672668457031,76.88516235351563,78.54222869873047,69.94427490234375,79.8777847290039,81.96875,4.761904716491699,0,0,0,0,0,9.090909004211426,0,0,0,14.603425025939941,25769803776,0,18151817216,0
204,1790939346245,4,4,4,4,4,4,4,4,4,4,79.53938293457031,77.96405029296875,76.9328842163086,78.53234100341797,70.09744262695313,79.9137954711914,81.96875,5,0,0,4.761904716491699,0,0,0,0,0,0,14.603425025939941,25769803776,0,18150031360,0
202,1790939346450,4,4,4,4,4,4,4,4,4,4,79.53938293457031,77.96405029296875,76.9328842163086,78.53234100341797,70.09744262695313,79.9137954711914,81.96875,4.761904716491699,0,0,0,0,0,9.523809432983398,0,4.761904716491699,0,14.603425025939941,25769803776,0,18149965824,0
204,1790939346652,4,4,4,4,4,4,4,4,4,4,79.53938293457031,77.96405029296875,76.9328842163086,78.53234100341797,70.09744262695313,79.9137954711914,81.96875,0,4.761904716491699,0,0,0,0,5,4.761904716491699,0,0,14.700833320617676,25769803776,0,18149933056,0
204,1790939346857,4,4,4,4,4,4,4,4,4,4,79.53938293457031,77.96405029296875,76.9328842163086,78.53234100341797,70.09744262695313,79.9137954711914,81.96875,0,4.761904716491699,4.545454502105713,0,0,0,0,0,4.545454502105713,0,14.700833320617676,25769803776,0,18149933056,0
204,1790939347062,4,4,4,4,4,4,4,4,4,4,79.53938293457031,77.96405029296875,76.9328842163086,78.53234100341797,70.09744262695313,79.9137954711914,81.96875,4.761904716491699,0,0,0,0,0,9.523809432983398,4.761904716491699,0,0,14.700833320617676,25769803776,0,18149933056,0
204,1790939347267,4,4,4,4,4,4,4,4,4,4,79.41738891601563,77.88115692138672,76.7335433959961,78.46765899658203,69.8419189453125,79.81074523925781,83.15625,0,0,0,0,0,0,5,0,0,0,14.700833320617676,25769803776,0,18149933056,0
204,1790939347472,4,4,4,4,4,4,4,4,4,4,79.41738891601563,77.88115692138672,76.7335433959961,78.46765899658203,69.8419189453125,79.81074523925781,83.15625,9.523809432983398,0,0,0,0,0,9.523809432983398,0,0,0,14.700833320617676,25769803776,0,18149933056,0
204,1790939347677,4,4,4,4,4,4,4,4,4,4,79.41738891601563,77.88115692138672,76.7335433959961,78.46765899658203,69.8419189453125,79.81074523925781,83.15625,0,4.761904716491699,0,0,0,0,5,0,0,0,14.605711936950684,25769803776,0,18150375424,0
204,1790939347882,4,4,4,4,4,4,4,4,4,4,79.41738891601563,77.88115692138672,76.7335433959961,78.46765899658203,69.8419189453125,79.81074523925781,83.15625,4.761904716491699,0,0,0,0,0,9.523809432983398,0,0,0,14.605711936950684,25769803776,0,18150342656,0
204,1790939348087,4,4,4,4,4,4,4,4,4,4,79.41738891601563,77.88115692138672,76.7335433959961,78.46765899658203,69.8419189453125,79.81074523925781,83.15625,0,4.545454502105713,0,0,4.545454502105713,0,5,0,0,0,14.605711936950684,25769803776,0,18150342656,0
204,1790939348292,4,4,4,4,4,4,4,4,4,4,79.37226867675781,77.98815155029297,76.73766326904297,78.42486572265625,69.82769775390625,79.7959976196289,81.734375,9.523809432983398,0,4.761904716491699,4.761904716491699,0,0,9.523809432983398,0,4.761904716491699,0,14.605711936950684,25769803776,0,18150342656,0
204,1790939348497,4,4,4,4,4,4,4,4,4,4,79.37226867675781,77.98815155029297,76.73766326904297,78.42486572265625,69.82769775390625,79.7959976196289,81.734375,0,0,0,0,0,0,0,4.761904716491699,0,0,14.605711936950684,25769803776,0,18150342656,0
204,1790939348702,4,4,4,4,4,4,4,4,4,4,79.37226867675781,77.98815155029297,76.73766326904297,78.42486572265625,69.82769775390625,79.7959976196289,81.734375,0,0,0,0,0,0,5,0,0,0,14.495351791381836,25769803776,0,18150375424,0
201,1790939348907,4,4,4,4,4,4,4,4,4,4,79.37226867675781,77.98815155029297,76.73766326904297,78.42486572265625,69.82769775390625,79.7959976196289,81.734375,4.761904716491699,9.090909004211426,0,0,0,0,9.523809432983398,4.545454502105713,0,0,14.495351791381836,25769803776,0,18150309888,0
204,1790939349109,4,4,4,4,4,4,4,4,4,4,79.34944152832031,77.89407348632813,76.72235107421875,78.3759765625,69.7888412475586,79.77690124511719,81.734375,0,0,0,0,0,0,5,0,0,0,14.495351791381836,25769803776,0,18150309888,0
204,1790939349314,4,4,4,4,4,4,4,4,4,4,79.34944152832031,77.89407348632813,76.72235107421875,78.3759765625,69.7888412475586,79.77690124511719,81.734375,0,0,0,0,0,0,9.523809432983398,0,0,0,14.495351791381836,25769803776,0,18150375424,0
201,1790939349520,4,4,4,4,4,4,4,4,4,4,79.34944152832031,77.89407348632813,76.72235107421875,78.3759765625,69.7888412475586,79.77690124511719,81.734375,4.761904716491699,0,4.761904716491699,0,0,0,5,0,0,0,14.495351791381836,25769803776,0,18150375424,0
204,1790939349721,4,4,4,4,4,4,4,4,4,4,79.34944152832031,77.89407348632813,76.72235107421875,78.3759765625,69.7888412475586,79.77690124511719,81.734375,0,0,0,0,0,0,0,0,0,0,14.571977615356445,25769803776,0,18150735872,0
204,1790939349926,4,4,4,4,4,4,4,4,4,4,79.34944152832031,77.89407348632813,76.72235107421875,78.3759765625,69.7888412475586,79.77690124511719,81.734375,9.090909004211426,0,0,0,0,0,9.090909004211426,0,4.761904716491699,0,14.571977615356445,25769803776,0,18150375424,0
204,1790939350131,4,4,4,4,4,4,4,4,4,4,79.27117919921875,77.7238998413086,76.70955657958984,78.33601379394531,69.78407287597656,79.71187591552734,81.734375,0,0,0,0,0,0,0,0,0,0,14.571977615356445,25769803776,0,18150178816,0
204,1790939350336,4,4,4,4,4,4,4,4,4,4,79.27117919921875,77.7238998413086,76.70955657958984,78.33601379394531,69.78407287597656,79.71187591552734,81.734375,0,4.761904716491699,0,0,0,0,9.523809432983398,9.090909004211426,4.545454502105713,0,14.571977615356445,25769803776,0,18150195200,0
204,1790939350541,4,4,4,4,4,4,4,4,4,4,79.27117919921875,77.7238998413086,76.70955657958984,78.33601379394531,69.78407287597656,79.71187591552734,81.734375,4.761904716491699,4.545454502105713,4.545454502105713,0,0,0,5,0,0,0,14.571977615356445,25769803776,0,18150195200,0
204,1790939350746,4,4,4,4,4,4,4,4,4,4,79.27117919921875,77.7238998413086,76.70955657958984,78.33601379394531,69.78407287597656,79.71187591552734,81.734375,0,0,0,4.545454502105713,0,0,9.090909004211426,0,0,0,14.465278625488281,25769803776,0,18150211584,0
204,1790939350951,4,4,4,4,4,4,4,4,4,4,79.27117919921875,77.7238998413086,76.70955657958984,78.33601379394531,69.78407287597656,79.71187591552734,81.734375,0,0,0,0,0,0,5,0,0,0,14.465278625488281,25769803776,0,18150260736,0
204,1790939351156,4,4,4,4,4,4,4,4,4,4,79.25070190429688,77.81275177001953,76.66944122314453,78.2922592163086,69.70884704589844,79.70623779296875,81.734375,4.761904716491699,0,0,0,0,0,5,0,0,0,14.465278625488281,25769803776,0,18150260736,0
204,1790939351361,4,4,4,4,4,4,4,4,4,4,79.25070190429688,77.81275177001953,76.66944122314453,78.2922592163086,69.70884704589844,79.70623779296875,81.734375,5,0,0,0,0,0,5,0,0,0,14.465278625488281,25769803776,0,18150260736,0
204,1790939351566,4,4,4,4,4,4,4,4,4,4,79.25070190429688,77.81275177001953,76.66944122314453,78.2922592163086,69.70884704589844,79.70623779296875,81.734375,4.761904716491699,4.545454502105713,0,0,0,0,5,0,0,0,14.465278625488281,25769803776,0,18150260736,0
204,1790939351771,4,4,4,4,4,4,4,4,4,4,79.25070190429688,77.81275177001953,76.66944122314453,78.2922592163086,69.70884704589844,79.70623779296875,81.734375,0,0,0,0,0,0,9.090909004211426,4.761904716491699,0,0,14.533663749694824,25769803776,0,18150326272,0
204,1790939351976,4,4,4,4,4,4,4,4,4,4,79.25070190429688,77.81275177001953,76.66944122314453,78.2922592163086,69.70884704589844,79.70623779296875,81.734375,4.761904716491699,0,0,0,0,0,5,0,4.761904716491699,0,14.533663749694824,25769803776,0,18150227968,0
204,1790939352181,4,4,4,4,4,4,4,4,4,4,79.20258331298828,77.61800384521484,76.6114730834961,78.245361328125,69.68805694580078,79.67449188232422,81.5,0,0,0,0,0,0,5,4.545454502105713,0,0,14.533663749694824,25769803776,0,18150178816,0
204,1790939352386,4,4,4,4,4,4,4,4,4,4,79.20258331298828,77.61800384521484,76.6114730834961,78.245361328125,69.68805694580078,79.67449188232422,81.5,5,5,0,0,0,0,9.523809432983398,0,4.761904716491699,0,14.533663749694824,25769803776,0,18150178816,0
204,1790939352591,4,4,4,4,4,4,4,4,4,4,79.20258331298828,77.61800384521484,76.6114730834961,78.245361328125,69.68805694580078,79.67449188232422,81.5,4.761904716491699,0,0,0,0,0,0,0,0,0,14.533663749694824,25769803776,0,18150178816,0
204,1790939352796,4,4,4,4,4,4,4,4,4,4,79.20258331298828,77.61800384521484,76.6114730834961,78.245361328125,69.68805694580078,79.67449188232422,81.5,0,0,0,0,0,0,9.523809432983398,0,0,0,14.495356559753418,25769803776,0,18150096896,0
204,1790939353001,4,4,4,4,4,4,4,4,4,4,79.20258331298828,77.61800384521484,76.6114730834961,78.245361328125,69.68805694580078,79.67449188232422,81.5,0,4.761904716491699,4.761904716491699,0,0,0,0,9.090909004211426,0,0,14.495356559753418,25769803776,0,18149883904,0
204,1790939353206,4,4,4,4,4,4,4,4,4,4,79.12785339355469,77.65280151367188,76.73475646972656,78.20842742919922,69.86612701416016,79.60782623291016,81.5,4.761904716491699,0,0,0,0,0,5,0,0,0,14.495356559753418,25769803776,0,18149883904,0
204,1790939353411,4,4,4,4,4,4,4,4,4,4,79.12785339355469,77.65280151367188,76.73475646972656,78.20842742919922,69.86612701416016,79.60782623291016,81.5,0,0,0,0,0,0,9.523809432983398,0,0,0,14.495356559753418,25769803776,0,18151899136,0
204,1790939353616,4,4,4,4,4,4,4,4,4,4,79.12785339355469,77.65280151367188,76.73475646972656,78.20842742919922,69.86612701416016,79.60782623291016,81.5,4.761904716491699,0,0,0,0,0,0,0,4.761904716491699,0,14.380414009094238,25769803776,0,18151899136,0
200,1790939353820,4,4,4,4,4,4,4,4,4,4,79.12785339355469,77.65280151367188,76.73475646972656,78.20842742919922,69.86612701416016,79.60782623291016,81.5,0,4.761904716491699,0,0,0,0,4.761904716491699,0,0,0,14.380414009094238,25769803776,0,18149736448,0
204,1790939354021,4,4,4,4,4,4,4,4,4,4,79.12785339355469,77.65280151367188,76.73475646972656,78.20842742919922,69.86612701416016,79.60782623291016,81.5,0,0,0,0,0,0,10,0,0,0,14.380414009094238,25769803776,0,18149736448,0
204,1790939354226,4,4,4,4,4,4,4,4,4,4,79.14960479736328,77.54969024658203,76.6772689819336,78.18449401855469,69.7599105834961,79.6280746459961,81.5,4.761904716491699,0,0,0,0,0,0,9.090909004211426,0,0,14.380414009094238,25769803776,0,18149736448,0
202,1790939354431,4,4,4,4,4,4,4,4,4,4,79.14960479736328,77.54969024658203,76.6772689819336,78.18449401855469,69.7599105834961,79.6280746459961,81.5,0,4.761904716491699,0,0,0,0,5,0,0,0,14.380414009094238,25769803776,0,18149736448,0
204,1790939354634,4,4,4,4,4,4,4,4,4,4,79.14960479736328,77.54969024658203,76.6772689819336,78.18449401855469,69.7599105834961,79.6280746459961,81.5,0,0,0,0,0,0,9.523809432983398,0,0,0,14.446532249450684,25769803776,0,18149736448,0
204,1790939354839,4,4,4,4,4,4,4,4,4,4,79.14960479736328,77.54969024658203,76.6772689819336,78.18449401855469,69.7599105834961,79.6280746459961,81.5,4.761904716491699,0,0,0,0,0,5,0,4.761904716491699,0,14.446532249450684,25769803776,0,18149687296,0
204,1790939355044,4,4,4,4,4,4,4,4,4,4,79.14960479736328,77.54969024658203,76.6772689819336,78.18449401855469,69.7599105834961,79.6280746459961,81.5,4.761904716491699,0,0,0,8.69565200805664,4.545454502105713,5,4.761904716491699,0,0,14.446532249450684,25769803776,0,18149736448,0
204,1790939355249,4,4,4,4,4,4,4,4,4,4,79.11044311523438,77.51828002929688,76.50579071044922,78.15795135498047,69.4884033203125,79.58496856689453,81.5,4.761904716491699,0,4.761904716491699,0,0,0,9.523809432983398,0,4.545454502105713,0,14.446532249450684,25769803776,0,18149687296,0
204,1790939355454,4,4,4,4,4,4,4,4,4,4,79.11044311523438,77.51828002929688,76.50579071044922,78.15795135498047,69.4884033203125,79.58496856689453,81.5,10,9.523809432983398,0,0,0,0,10,5,0,0,14.446532249450684,25769803776,0,18150604800,0
202,1790939355659,4,4,4,4,4,4,4,4,4,4,79.11044311523438,77.51828002929688,76.50579071044922,78.15795135498047,69.4884033203125,79.58496856689453,81.5,10,0,0,0,0,0,9.523809432983398,4.761904716491699,0,0,14.45704460144043,25769803776,0,18163417088,0
204,1790939355862,4,4,4,4,4,4,4,4,4,4,79.11044311523438,77.51828002929688,76.50579071044922,78.15795135498047,69.4884033203125,79.58496856689453,81.5,5,9.523809432983398,4.761904716491699,4.761904716491699,0,0,0,0,0,0,14.45704460144043,25769803776,0,18163154944,0
204,1790939356067,4,4,4,4,4,4,4,4,4,4,79.11044311523438,77.51828002929688,76.50579071044922,78.15795135498047,69.4884033203125,79.58496856689453,81.5,9.523809432983398,0,4.761904716491699,4.761904716491699,0,0,4.761904716491699,0,0,0,14.45704460144043,25769803776,0,18163417088,0
204,1790939356272,4,4,4,4,4,4,4,4,4,4,79.00357818603516,77.67833709716797,76.67265319824219,78.1052474975586,69.69892120361328,79.47114562988281,84.671875,9.523809432983398,0,0,0,0,0,9.523809432983398,0,0,4.761904716491699,14.45704460144043,25769803776,0,18163499008,0
204,1790939356477,4,4,4,4,4,4,4,4,4,4,79.00357818603516,77.67833709716797,76.67265319824219,78.1052474975586,69.69892120361328,79.47114562988281,84.671875,0,9.523809432983398,0,0,0,0,5,4.761904716491699,0,0,14.45704460144043,25769803776,0,18163499008,0
204,1790939356682,4,4,4,4,4,4,4,4,4,4,79.00357818603516,77.67833709716797,76.67265319824219,78.1052474975586,69.69892120361328,79.47114562988281,84.671875,30.000001907348633,9.523809432983398,9.523809432983398,0,0,0,9.090909004211426,4.545454502105713,0,0,14.099457740783691,25769803776,0,18163499008,0
204,1790939356887,4,4,4,4,4,4,4,4,4,4,79.00357818603516,77.67833709716797,76.67265319824219,78.1052474975586,69.69892120361328,79.47114562988281,84.671875,4.761904716491699,0,0,0,0,0,0,0,0,0,14.099457740783691,25769803776,0,18170658816,0
201,1790939357092,4,4,4,4,4,4,4,4,4,4,79.00357818603516,77.67833709716797,76.67265319824219,78.1052474975586,69.69892120361328,79.47114562988281,84.671875,0,0,0,0,0,0,9.523809432983398,0,4.761904716491699,0,14.099457740783691,25769803776,0,18170658816,0
204,1790939357294,4,4,4,4,4,4,4,4,4,4,78.98241424560547,77.48138427734375,76.46625518798828,78.04964447021484,69.44011688232422,79.39716339111328,85.96875,4.761904716491699,0,0,0,0,0,0,0,0,0,14.099457740783691,25769803776,0,18170527744,0
200,1790939357499,4,4,4,4,4,4,4,4,4,4,78.98241424560547,77.48138427734375,76.46625518798828,78.04964447021484,69.44011688232422,79.39716339111328,85.96875,0,0,0,0,0,0,0,5,0,4.761904716491699,14.099457740783691,25769803776,0,18170527744,0
200,1790939357699,4,4,4,4,4,4,4,4,4,4,78.98241424560547,77.48138427734375,76.46625518798828,78.04964447021484,69.44011688232422,79.39716339111328,85.96875,0,0,0,0,0,0,0,9.523809432983398,5,0,14.455913543701172,25769803776,0,18170527744,0
200,1790939357900,4,4,4,4,4,4,4,4,4,4,78.98241424560547,77.48138427734375,76.46625518798828,78.04964447021484,69.44011688232422,79.39716339111328,85.96875,4.761904716491699,4.761904716491699,0,0,0,0,5,5,0,0,14.455913543701172,25769803776,0,18170576896,0
204,1790939358100,4,4,4,4,4,4,4,4,4,4,78.98241424560547,77.01808166503906,76.8308334350586,78.04964447021484,70.11737823486328,79.39716339111328,85.96875,0,0,0,0,0,0,0,0,0,0,14.455913543701172,25769803776,0,18170593280,0
202,1790939358305,4,4,4,4,4,4,4,4,4,4,79.07568359375,77.01808166503906,76.8308334350586,78.23583984375,70.11737823486328,79.53340911865234,86.203125,5,0,0,0,0,0,0,9.523809432983398,0,0,14.455913543701172,25769803776,0,18157748224,0
204,1790939358508,4,4,4,4,4,4,4,4,4,4,79.07568359375,77.01808166503906,76.8308334350586,78.23583984375,70.11737823486328,79.53340911865234,86.203125,0,0,0,0,0,0,0,5,0,0,14.455913543701172,25769803776,0,18157780992,0
204,1790939358713,4,4,4,4,4,4,4,4,4,4,79.07568359375,77.01808166503906,76.8308334350586,78.23583984375,70.11737823486328,79.53340911865234,86.203125,0,0,0,0,0,0,0,9.523809432983398,0,0,14.562847137451172,25769803776,0,18157780992,0
204,1790939358918,4,4,4,4,4,4,4,4,4,4,79.07568359375,77.01808166503906,76.8308334350586,78.23583984375,70.11737823486328,79.53340911865234,86.203125,9.090909004211426,4.545454502105713,0,0,0,0,0,5,0,0,14.562847137451172,25769803776,0,18157764608,0
204,1790939359122,4,4,4,4,4,4,4,4,4,4,78.97566223144531,77.05902862548828,76.97270202636719,78.05596923828125,70.36014556884766,79.40731048583984,83.265625,0,5,4.761904716491699,4.761904716491699,0,0,4.761904716491699,9.523809432983398,4.545454502105713,0,14.562847137451172,25769803776,0,18157764608,0
204,1790939359327,4,4,4,4,4,4,4,4,4,4,78.97566223144531,77.05902862548828,76.97270202636719,78.05596923828125,70.36014556884766,79.40731048583984,83.265625,4.761904716491699,0,4.761904716491699,0,0,0,0,0,0,0,14.562847137451172,25769803776,0,18157764608,0
204,1790939359532,4,4,4,4,4,4,4,4,4,4,78.97566223144531,77.05902862548828,76.97270202636719,78.05596923828125,70.36014556884766,79.40731048583984,83.265625,0,0,0,0,0,0,4.761904716491699,9.523809432983398,0,0,14.562847137451172,25769803776,0,18157764608,0
200,1790939359736,4,4,4,4,4,4,4,4,4,4,78.97566223144531,77.05902862548828,76.97270202636719,78.05596923828125,70.36014556884766,79.40731048583984,83.265625,0,0,0,0,0,0,0,5,0,0,14.292139053344727,25769803776,0,18157764608,0
204,1790939359937,4,4,4,4,4,4,4,4,4,4,78.97566223144531,77.05902862548828,76.97270202636719,78.05596923828125,70.36014556884766,79.40731048583984,83.265625,9.090909004211426,0,0,0,0,0,0,5,0,0,14.292139053344727,25769803776,0,18157518848,0
201,1790939360142,4,4,4,4,4,4,4,4,4,4,78.89234924316406,76.97327423095703,76.78998565673828,77.92446899414063,70.0733871459961,79.20866394042969,81.265625,0,4.761904716491699,0,4.761904716491699,0,0,0,9.523809432983398,0,0,14.292139053344727,25769803776,0,18157666304,0
200,1790939360344,4,4,4,4,4,4,4,4,4,4,78.89234924316406,76.97327423095703,76.78998565673828,77.92446899414063,70.0733871459961,79.20866394042969,81.265625,0,0,0,0,0,0,0,5,0,0,14.292139053344727,25769803776,0,18157699072,0
204,1790939360544,4,4,4,4,4,4,4,4,4,4,78.89234924316406,76.97327423095703,76.78998565673828,77.92446899414063,70.0733871459961,79.20866394042969,81.265625,4.761904716491699,5,0,0,0,0,0,5,0,0,14.292139053344727,25769803776,0,18157699072,0
204,1790939360750,4,4,4,4,4,4,4,4,4,4,78.89234924316406,76.97327423095703,76.78998565673828,77.92446899414063,70.0733871459961,79.20866394042969,81.265625,0,0,0,0,0,0,4.545454502105713,4.761904716491699,0,0,14.191075325012207,25769803776,0,18157699072,0
204,1790939360955,4,4,4,4,4,4,4,4,4,4,78.89234924316406,76.97327423095703,76.78998565673828,77.92446899414063,70.0733871459961,79.20866394042969,81.265625,4.761904716491699,0,0,0,0,0,5,0,0,0,14.191075325012207,25769803776,0,18157420544,0
204,1790939361160,4,4,4,4,4,4,4,4,4,4,78.92832946777344,77.12850952148438,76.7049560546875,77.93559265136719,69.86811828613281,79.2794189453125,81.265625,0,4.761904716491699,0,0,0,0,5,0,9.090909004211426,0,14.191075325012207,25769803776,0,18157469696,0
204,1790939361365,4,4,4,4,4,4,4,4,4,4,78.92832946777344,77.12850952148438,76.7049560546875,77.93559265136719,69.86811828613281,79.2794189453125,81.265625,4.761904716491699,0,0,0,0,0,0,9.523809432983398,0,0,14.191075325012207,25769803776,0,18157469696,0
204,1790939361570,4,4,4,4,4,4,4,4,4,4,78.92832946777344,77.12850952148438,76.7049560546875,77.93559265136719,69.86811828613281,79.2794189453125,81.265625,4.761904716491699,0,0,0,0,0,0,0,0,0,14.191075325012207,25769803776,0,18157469696,0
204,1790939361775,4,4,4,4,4,4,4,4,4,4,78.92832946777344,77.12850952148438,76.7049560546875,77.93559265136719,69.86811828613281,79.2794189453125,81.265625,0,0,0,0,4.545454502105713,0,4.545454502105713,9.523809432983398,0,0,14.212174415588379,25769803776,0,18157469696,0
204,1790939361980,4,4,4,4,4,4,4,4,4,4,78.92832946777344,77.12850952148438,76.7049560546875,77.93559265136719,69.86811828613281,79.2794189453125,81.265625,0,0,4.761904716491699,0,0,0,4.761904716491699,5,0,4.761904716491699,14.212174415588379,25769803776,0,18157240320,0
204,1790939362185,4,4,4,4,4,4,4,4,4,4,78.8730239868164,76.95447540283203,76.8293685913086,77.8891830444336,70.1141357421875,79.1663589477539,81.265625,4.761904716491699,4.761904716491699,0,0,0,0,0,5,0,0,14.212174415588379,25769803776,0,18156912640,0
204,1790939362390,4,4,4,4,4,4,4,4,4,4,78.8730239868164,76.95447540283203,76.8293685913086,77.8891830444336,70.1141357421875,79.1663589477539,81.265625,0,0,0,0,0,0,0,9.090909004211426,0,0,14.212174415588379,25769803776,0,18156912640,0
204,1790939362595,4,4,4,4,4,4,4,4,4,4,78.8730239868164,76.95447540283203,76.8293685913086,77.8891830444336,70.1141357421875,79.1663589477539,81.265625,4.761904716491699,0,0,4.761904716491699,0,0,0,0,0,0,14.212174415588379,25769803776,0,18156929024,0
204,1790939362800,4,4,4,4,4,4,4,4,4,4,78.8730239868164,76.95447540283203,76.8293685913086,77.8891830444336,70.1141357421875,79.1663589477539,81.265625,5,5,0,0,0,0,0,9.523809432983398,0,0,14.257177352905273,25769803776,0,18156929024,0
202,1790939363005,4,4,4,4,4,4,4,4,4,4,78.8730239868164,76.95447540283203,76.8293685913086,77.8891830444336,70.1141357421875,79.1663589477539,81.265625,0,0,4.761904716491699,0,0,0,0,5,4.545454502105713,0,14.257177352905273,25769803776,0,18156830720,0
200,1790939363207,4,4,4,4,4,4,4,4,4,4,78.84192657470703,76.89127349853516,76.70574188232422,77.8346939086914,69.92974090576172,79.0911636352539,83.734375,9.523809432983398,0,0,0,0,0,9.523809432983398,0,0,0,14.257177352905273,25769803776,0,18157289472,0
204,1790939363408,4,4,4,4,4,4,4,4,4,4,78.84192657470703,76.89127349853516,76.70574188232422,77.8346939086914,69.92974090576172,79.0911636352539,83.734375,0,0,0,0,0,0,0,9.523809432983398,0,0,14.257177352905273,25769803776,0,18157322240,0
204,1790939363613,4,4,4,4,4,4,4,4,4,4,78.84192657470703,76.89127349853516,76.70574188232422,77.8346939086914,69.92974090576172,79.0911636352539,83.734375,5,4.761904716491699,0,0,0,0,0,5,0,0,14.18996524810791,25769803776,0,18157322240,0
204,1790939363818,4,4,4,4,4,4,4,4,4,4,78.84192657470703,76.89127349853516,76.70574188232422,77.8346939086914,69.92974090576172,79.0911636352539,83.734375,0,0,0,0,0,0,0,9.523809432983398,0,0,14.18996524810791,25769803776,0,18157322240,0
204,1790939364023,4,4,4,4,4,4,4,4,4,4,78.84192657470703,76.89127349853516,76.70574188232422,77.8346939086914,69.92974090576172,79.0911636352539,83.734375,4.761904716491699,0,0,0,0,0,4.761904716491699,4.761904716491699,0,0,14.18996524810791,25769803776,0,18157338624,0
201,1790939364228,4,4,4,4,4,4,4,4,4,4,78.83002471923828,76.96859741210938,76.69953918457031,77.76739501953125,69.91336822509766,79.11565399169922,82.5625,0,4.761904716491699,4.545454502105713,0,0,0,0,5,0,0,14.18996524810791,25769803776,0,18159353856,0
204,1790939364430,4,4,4,4,4,4,4,4,4,4,78.83002471923828,76.96859741210938,76.69953918457031,77.76739501953125,69.91336822509766,79.11565399169922,82.5625,9.090909004211426,0,0,0,4.761904716491699,0,0,4.761904716491699,0,0,14.18996524810791,25769803776,0,18157338624,0
202,1790939364634,4,4,4,4,4,4,4,4,4,4,78.83002471923828,76.96859741210938,76.69953918457031,77.76739501953125,69.91336822509766,79.11565399169922,82.5625,0,0,0,0,0,0,4.761904716491699,0,0,0,14.106698036193848,25769803776,0,18157338624,0
204,1790939364837,4,4,4,4,4,4,4,4,4,4,78.83002471923828,76.96859741210938,76.69953918457031,77.76739501953125,69.91336822509766,79.11565399169922,82.5625,5,0,0,0,0,0,0,9.523809432983398,0,0,14.106698036193848,25769803776,0,18157338624,0
204,1790939365042,4,4,4,4,4,4,4,4,4,4,78.83002471923828,76.96859741210938,76.69953918457031,77.76739501953125,69.91336822509766,79.11565399169922,82.5625,0,0,0,0,0,0,0,5,4.761904716491699,0,14.106698036193848,25769803776,0,18157502464,0
204,1790939365247,4,4,4,4,4,4,4,4,4,4,78.77998352050781,76.8248062133789,76.71011352539063,77.6990966796875,69.94969177246094,79.0728988647461,81.03125,0,0,0,0,0,0,0,5,4.761904716491699,0,14.106698036193848,25769803776,0,18157486080,0
204,1790939365451,4,4,4,4,4,4,4,4,4,4,78.77998352050781,76.8248062133789,76.71011352539063,77.6990966796875,69.94969177246094,79.0728988647461,81.03125,4.761904716491699,4.761904716491699,0,0,0,0,4.545454502105713,9.523809432983398,0,0,14.106698036193848,25769803776,0,18157486080,0
204,1790939365656,4,4,4,4,4,4,4,4,4,4,78.77998352050781,76.8248062133789,76.71011352539063,77.6990966796875,69.94969177246094,79.0728988647461,81.03125,0,0,0,0,0,0,0,4.761904716491699,0,0,14.127216339111328,25769803776,0,18157486080,0
204,1790939365861,4,4,4,4,4,4,4,4,4,4,78.77998352050781,76.8248062133789,76.71011352539063,77.6990966796875,69.94969177246094,79.0728988647461,81.03125,4.761904716491699,0,0,0,0,0,0,9.523809432983398,0,0,14.127216339111328,25769803776,0,18157486080,0
203,1790939366067,4,4,4,4,4,4,4,4,4,4,78.77998352050781,76.8248062133789,76.71011352539063,77.6990966796875,69.94969177246094,79.0728988647461,81.03125,0,0,0,0,0,0,0,0,0,0,14.127216339111328,25769803776,0,18157240320,0
204,1790939366270,4,4,4,4,4,4,4,4,4,4,78.76998138427734,76.8207015991211,76.6588363647461,77.68778228759766,69.86580657958984,79.04776763916016,81.03125,4.761904716491699,0,0,0,0,0,0,9.523809432983398,0,0,14.127216339111328,25769803776,0,18157240320,0
204,1790939366475,4,4,4,4,4,4,4,4,4,4,78.76998138427734,76.8207015991211,76.6588363647461,77.68778228759766,69.86580657958984,79.04776763916016,81.03125,0,0,0,0,0,0,0,5,0,0,14.127216339111328,25769803776,0,18157240320,0
201,1790939366680,4,4,4,4,4,4,4,4,4,4,78.76998138427734,76.8207015991211,76.6588363647461,77.68778228759766,69.86580657958984,79.04776763916016,81.03125,0,0,0,0,0,0,0,4.761904716491699,4.761904716491699,0,14.151653289794922,25769803776,0,18157191168,0
204,1790939366881,4,4,4,4,4,4,4,4,4,4,78.76998138427734,76.8207015991211,76.6588363647461,77.68778228759766,69.86580657958984,79.04776763916016,81.03125,9.090909004211426,9.090909004211426,0,0,0,0,4.761904716491699,9.523809432983398,0,0,14.151653289794922,25769803776,0,18157191168,0
204,1790939367086,4,4,4,4,4,4,4,4,4,4,78.76998138427734,76.8207015991211,76.6588363647461,77.68778228759766,69.86580657958984,79.04776763916016,81.03125,0,0,0,0,0,0,0,0,0,0,14.151653289794922,25769803776,0,18155077632,0
204,1790939367291,4,4,4,4,4,4,4,4,4,4,78.7789077758789,76.76509094238281,76.65342712402344,77.70649719238281,69.87026977539063,79.07427215576172,83.5,0,0,0,0,0,0,4.761904716491699,9.523809432983398,0,0,14.151653289794922,25769803776,0,18155110400,0
204,1790939367497,4,4,4,4,4,4,4,4,4,4,78.7789077758789,76.76509094238281,76.65342712402344,77.70649719238281,69.87026977539063,79.07427215576172,83.5,4.761904716491699,0,0,0,0,0,0,5,0,0,14.151653289794922,25769803776,0,18155110400,0
204,1790939367701,4,4,4,4,4,4,4,4,4,4,78.7789077758789,76.76509094238281,76.65342712402344,77.70649719238281,69.87026977539063,79.07427215576172,83.5,0,0,0,0,0,0,0,4.761904716491699,0,0,14.099453926086426,25769803776,0,18155110400,0
204,1790939367906,4,4,4,4,4,4,4,4,4,4,78.7789077758789,76.76509094238281,76.65342712402344,77.70649719238281,69.87026977539063,79.07427215576172,83.5,0,0,0,0,0,0,0,9.523809432983398,0,0,14.099453926086426,25769803776,0,18155110400,0
204,1790939368111,4,4,4,4,4,4,4,4,4,4,78.68773651123047,76.69818878173828,76.55269622802734,77.6463394165039,69.73540496826172,78.90465545654297,80.796875,4.761904716491699,0,0,0,4.545454502105713,0,0,0,4.545454502105713,0,14.099453926086426,25769803776,0,18156994560,0
200,1790939368315,4,4,4,4,4,4,4,4,4,4,78.68773651123047,76.69818878173828,76.55269622802734,77.6463394165039,69.73540496826172,78.90465545654297,80.796875,0,0,4.545454502105713,0,0,0,4.761904716491699,4.761904716491699,0,0,14.099453926086426,25769803776,0,18155012096,0
204,1790939368516,4,4,4,4,4,4,4,4,4,4,78.68773651123047,76.69818878173828,76.55269622802734,77.6463394165039,69.73540496826172,78.90465545654297,80.796875,4.761904716491699,0,0,0,0,0,0,9.523809432983398,0,0,14.099453926086426,25769803776,0,18155012096,0
200,1790939368721,4,4,4,4,4,4,4,4,4,4,78.68773651123047,76.69818878173828,76.55269622802734,77.6463394165039,69.73540496826172,78.90465545654297,80.796875,5,9.090909004211426,0,0,0,0,4.761904716491699,5,0,0,14.139984130859375,25769803776,0,18155241472,0
204,1790939368922,4,4,4,4,4,4,4,4,4,4,78.68773651123047,76.69818878173828,76.55269622802734,77.6463394165039,69.73540496826172,78.90465545654297,80.796875,5,0,5,0,0,0,0,5,0,0,14.139984130859375,25769803776,0,18155274240,0
204,1790939369127,4,4,4,4,4,4,4,4,4,4,78.62336730957031,76.73050689697266,76.61762237548828,77.61412811279297,69.82574462890625,78.84107208251953,80.796875,4.761904716491699,5,0,9.090909004211426,0,0,0,5,0,0,14.139984130859375,25769803776,0,18155388928,0
204,1790939369332,4,4,4,4,4,4,4,4,4,4,78.62336730957031,76.73050689697266,76.61762237548828,77.61412811279297,69.82574462890625,78.84107208251953,80.796875,5,0,0,0,0,0,4.761904716491699,9.523809432983398,0,0,14.139984130859375,25769803776,0,18155421696,0
204,1790939369537,4,4,4,4,4,4,4,4,4,4,78.62336730957031,76.73050689697266,76.61762237548828,77.61412811279297,69.82574462890625,78.84107208251953,80.796875,0,4.545454502105713,4.761904716491699,0,0,0,0,4.761904716491699,0,0,14.139984130859375,25769803776,0,18155552768,0
204,1790939369742,4,4,4,4,4,4,4,4,4,4,78.62336730957031,76.73050689697266,76.61762237548828,77.61412811279297,69.82574462890625,78.84107208251953,80.796875,4.761904716491699,0,0,0,0,0,0,5,4.545454502105713,0,14.011160850524902,25769803776,0,18155552768,0
10,1790939369947,4,4,4,4,4,4,4,4,4,4,78.62336730957031,76.73050689697266,76.61762237548828,77.61412811279297,69.82574462890625,78.84107208251953,80.796875,5,0,0,0,0,0,9.090909004211426,9.523809432983398,4.761904716491699,0,14.011160850524902,25769803776,0,18134777856,0
