Delta,Time,CPU_FREQUENCY_0,CPU_FREQUENCY_1,CPU_FREQUENCY_2,CPU_FREQUENCY_3,CPU_FREQUENCY_4,CPU_FREQUENCY_5,CPU_FREQUENCY_6,CPU_FREQUENCY_7,CPU_FREQUENCY_8,CPU_FREQUENCY_9,CPU_TEMP_0,CPU_TEMP_1,CPU_TEMP_2,CPU_TEMP_3,CPU_TEMP_4,CPU_TEMP_5,CPU_TEMP_6,CPU_USAGE_0,CPU_USAGE_1,CPU_USAGE_2,CPU_USAGE_3,CPU_USAGE_4,CPU_USAGE_5,CPU_USAGE_6,CPU_USAGE_7,CPU_USAGE_8,CPU_USAGE_9,SYSTEM_POWER (Watts),TOTAL_MEMORY,TOTAL_SWAP,USED_MEMORY,USED_SWAP
0,1790454339513,4,4,4,4,4,4,4,4,4,4,71.3326644897461,70.85692596435547,70.82818603515625,69.99223327636719,63.55952453613281,70.6424560546875,77.703125,0,0,0,0,0,0,0,0,0,0,2.875267744064331,25769803776,2147483648,17784963072,765329408
204,1790454339514,4,4,4,4,4,4,4,4,4,4,71.3326644897461,70.85692596435547,70.82818603515625,69.99223327636719,63.55952453613281,70.6424560546875,77.703125,100,0,0,0,0,0,0,0,0,0,2.875267744064331,25769803776,2147483648,17784750080,765329408
204,1790454339719,4,4,4,4,4,4,4,4,4,4,71.3326644897461,70.85692596435547,70.82818603515625,69.99223327636719,63.55952453613281,70.6424560546875,77.703125,10,9.523809432983398,0,0,0,0,63.15789031982422,30.000001907348633,0,5,2.875267744064331,25769803776,2147483648,17859002368,765329408
204,1790454339924,4,4,4,4,4,4,4,4,4,4,71.3326644897461,70.85692596435547,70.82818603515625,69.99223327636719,63.55952453613281,70.6424560546875,77.703125,0,0,0,0,0,0,100,9.090909004211426,0,0,2.879589557647705,25769803776,2147483648,17859002368,765329408
204,1790454340129,4,4,4,4,4,4,4,4,4,4,71.3326644897461,70.85692596435547,70.82818603515625,69.99223327636719,63.55952453613281,70.6424560546875,77.703125,5,0,4.545454502105713,0,0,0,100,5,0,4.761904716491699,2.879589557647705,25769803776,2147483648,17859002368,765329408
204,1790454340334,4,4,4,4,4,4,4,4,4,4,73.37108612060547,80.89993286132813,75.8302993774414,71.88043975830078,68.11585235595703,73.29742431640625,87.03125,4.761904716491699,4.761904716491699,0,0,0,0,20,0,4.761904716491699,4.545454502105713,2.879589557647705,25769803776,2147483648,18441551872,765329408
204,1790454340539,4,4,4,4,4,4,4,4,4,4,73.37108612060547,80.89993286132813,75.8302993774414,71.88043975830078,68.11585235595703,73.29742431640625,87.03125,15.000000953674316,9.523809432983398,0,0,0,0,4.761904716491699,10,0,0,2.879589557647705,25769803776,2147483648,18445795328,765329408
204,1790454340744,4,4,4,4,4,4,4,4,4,4,73.37108612060547,80.89993286132813,75.8302993774414,71.88043975830078,68.11585235595703,73.29742431640625,87.03125,4.761904716491699,0,4.761904716491699,0,0,0,0,4.761904716491699,0,0,2.879589557647705,25769803776,2147483648,18437210112,765329408
204,1790454340949,4,4,4,4,4,4,4,4,4,4,73.37108612060547,80.89993286132813,75.8302993774414,71.88043975830078,68.11585235595703,73.29742431640625,87.03125,0,0,4.761904716491699,0,0,0,0,9.523809432983398,0,0,5.370862007141113,25769803776,2147483648,18437210112,765329408
204,1790454341154,4,4,4,4,4,4,4,4,4,4,73.37108612060547,80.89993286132813,75.8302993774414,71.88043975830078,68.11585235595703,73.29742431640625,87.03125,0,0,0,0,0,0,0,0,0,0,5.370862007141113,25769803776,2147483648,18437210112,765329408
204,1790454341359,4,4,4,4,4,4,4,4,4,4,80.78694152832031,74.59260559082031,74.37744140625,78.4942398071289,67.59437561035156,79.96257019042969,84.09375,0,0,0,0,4.545454502105713,0,0,4.761904716491699,0,0,5.370862007141113,25769803776,2147483648,18428772352,765329408
200,1790454341564,4,4,4,4,4,4,4,4,4,4,80.78694152832031,74.59260559082031,74.37744140625,78.4942398071289,67.59437561035156,79.96257019042969,84.09375,4.761904716491699,4.545454502105713,0,0,0,0,0,0,0,0,5.370862007141113,25769803776,2147483648,18423922688,765329408
200,1790454341764,4,4,4,4,4,4,4,4,4,4,80.78694152832031,74.59260559082031,74.37744140625,78.4942398071289,67.59437561035156,79.96257019042969,84.09375,0,0,0,0,0,0,9.523809432983398,0,0,0,5.370862007141113,25769803776,2147483648,18424037376,765329408
200,1790454341964,4,4,4,4,4,4,4,4,4,4,80.78694152832031,74.59260559082031,74.37744140625,78.4942398071289,67.59437561035156,79.96257019042969,84.09375,4.761904716491699,0,0,0,0,0,0,9.523809432983398,4.761904716491699,0,18.5800724029541,25769803776,2147483648,18424037376,765329408
204,1790454342165,4,4,4,4,4,4,4,4,4,4,80.78694152832031,74.59260559082031,74.37744140625,78.4942398071289,67.59437561035156,79.96257019042969,84.09375,5,4.761904716491699,0,0,0,0,0,5,0,0,18.5800724029541,25769803776,2147483648,18424037376,765329408
204,1790454342370,4,4,4,4,4,4,4,4,4,4,85.22077941894531,78.98528289794922,78.51729583740234,82.80573272705078,72.00135040283203,84.80538940429688,85.96875,4.761904716491699,0,0,0,0,0,0,9.523809432983398,0,0,18.5800724029541,25769803776,2147483648,18411438080,765329408
204,1790454342575,4,4,4,4,4,4,4,4,4,4,85.22077941894531,78.98528289794922,78.51729583740234,82.80573272705078,72.00135040283203,84.80538940429688,85.96875,0,0,0,0,0,0,0,5,0,0,18.5800724029541,25769803776,2147483648,18411470848,765329408
204,1790454342780,4,4,4,4,4,4,4,4,4,4,85.22077941894531,78.98528289794922,78.51729583740234,82.80573272705078,72.00135040283203,84.80538940429688,85.96875,0,0,0,0,0,0,4.761904716491699,9.523809432983398,0,0,18.5800724029541,25769803776,2147483648,18411569152,765329408
204,1790454342985,4,4,4,4,4,4,4,4,4,4,85.22077941894531,78.98528289794922,78.51729583740234,82.80573272705078,72.00135040283203,84.80538940429688,85.96875,4.761904716491699,0,0,0,0,0,0,5,0,0,30.2368106842041,25769803776,2147483648,18411569152,765329408
204,1790454343190,4,4,4,4,4,4,4,4,4,4,85.22077941894531,78.98528289794922,78.51729583740234,82.80573272705078,72.00135040283203,84.80538940429688,85.96875,0,4.761904716491699,0,0,0,0,0,0,0,0,30.2368106842041,25769803776,2147483648,18411438080,765329408
204,1790454343395,4,4,4,4,4,4,4,4,4,4,84.82093811035156,79.45170593261719,79.26734161376953,82.51543426513672,72.76081085205078,84.36099243164063,88.671875,0,0,0,4.761904716491699,0,0,0,9.090909004211426,0,0,30.2368106842041,25769803776,2147483648,18411372544,765329408
204,1790454343600,4,4,4,4,4,4,4,4,4,4,84.82093811035156,79.45170593261719,79.26734161376953,82.51543426513672,72.76081085205078,84.36099243164063,88.671875,4.761904716491699,0,0,4.761904716491699,0,0,4.761904716491699,5,0,0,30.2368106842041,25769803776,2147483648,18411307008,765329408
204,1790454343805,4,4,4,4,4,4,4,4,4,4,84.82093811035156,79.45170593261719,79.26734161376953,82.51543426513672,72.76081085205078,84.36099243164063,88.671875,0,0,4.761904716491699,0,0,0,0,9.523809432983398,4.761904716491699,0,30.2368106842041,25769803776,2147483648,18411126784,765329408
203,1790454344010,4,4,4,4,4,4,4,4,4,4,84.82093811035156,79.45170593261719,79.26734161376953,82.51543426513672,72.76081085205078,84.36099243164063,88.671875,4.761904716491699,0,0,0,0,0,0,5,4.545454502105713,0,24.268592834472656,25769803776,2147483648,18411126784,765329408
204,1790454344214,4,4,4,4,4,4,4,4,4,4,84.82093811035156,79.45170593261719,79.26734161376953,82.51543426513672,72.76081085205078,84.36099243164063,88.671875,5,0,0,0,4.545454502105713,0,0,9.523809432983398,0,0,24.268592834472656,25769803776,2147483648,18411126784,765329408
204,1790454344419,4,4,4,4,4,4,4,4,4,4,85.64213562011719,80.3147964477539,80.02415466308594,83.2922592163086,73.49504089355469,85.15768432617188,86.4375,0,4.545454502105713,0,0,0,0,0,5,0,0,24.268592834472656,25769803776,2147483648,18411208704,765329408
201,1790454344624,4,4,4,4,4,4,4,4,4,4,85.64213562011719,80.3147964477539,80.02415466308594,83.2922592163086,73.49504089355469,85.15768432617188,86.4375,4.761904716491699,4.761904716491699,0,0,0,0,4.761904716491699,0,0,0,24.268592834472656,25769803776,2147483648,18411126784,765329408
204,1790454344825,4,4,4,4,4,4,4,4,4,4,85.64213562011719,80.3147964477539,80.02415466308594,83.2922592163086,73.49504089355469,85.15768432617188,86.4375,0,0,0,0,0,0,0,9.523809432983398,0,0,24.268592834472656,25769803776,2147483648,18411192320,765329408
204,1790454345030,4,4,4,4,4,4,4,4,4,4,85.64213562011719,80.3147964477539,80.02415466308594,83.2922592163086,73.49504089355469,85.15768432617188,86.4375,0,0,0,0,0,0,0,5,0,0,24.523088455200195,25769803776,2147483648,18413109248,765329408
204,1790454345235,4,4,4,4,4,4,4,4,4,4,85.64213562011719,80.3147964477539,80.02415466308594,83.2922592163086,73.49504089355469,85.15768432617188,86.4375,4.761904716491699,0,0,0,0,0,0,0,0,0,24.523088455200195,25769803776,2147483648,18411962368,765329408
204,1790454345440,4,4,4,4,4,4,4,4,4,4,86.17924499511719,81.11556243896484,80.86141967773438,84.10596466064453,74.34811401367188,86.0118179321289,88.90625,0,0,0,0,0,0,0,9.523809432983398,0,0,24.523088455200195,25769803776,2147483648,18411061248,765329408
200,1790454345645,4,4,4,4,4,4,4,4,4,4,86.17924499511719,81.11556243896484,80.86141967773438,84.10596466064453,74.34811401367188,86.0118179321289,88.90625,0,0,4.545454502105713,0,0,0,0,4.761904716491699,0,0,24.523088455200195,25769803776,2147483648,18410979328,765329408
202,1790454345845,4,4,4,4,4,4,4,4,4,4,86.17924499511719,81.11556243896484,80.86141967773438,84.10596466064453,74.34811401367188,86.0118179321289,88.90625,9.523809432983398,0,0,0,0,0,0,5.263157844543457,4.761904716491699,0,24.549354553222656,25769803776,2147483648,18410979328,765329408
204,1790454346048,4,4,4,4,4,4,4,4,4,4,86.17924499511719,81.11556243896484,80.86141967773438,84.10596466064453,74.34811401367188,86.0118179321289,88.90625,14.285715103149414,9.523809432983398,5,0,0,0,9.090909004211426,19.047618865966797,0,0,24.549354553222656,25769803776,2147483648,18410979328,765329408
204,1790454346253,4,4,4,4,4,4,4,4,4,4,86.17924499511719,81.11556243896484,80.86141967773438,84.10596466064453,74.34811401367188,86.0118179321289,88.90625,10.526315689086914,15.000000953674316,0,0,0,0,0,9.523809432983398,0,0,24.549354553222656,25769803776,2147483648,18410979328,765329408
204,1790454346458,4,4,4,4,4,4,4,4,4,4,86.73056030273438,81.93667602539063,81.61674499511719,84.74261474609375,75.0817642211914,86.7826156616211,93.015625,14.285715103149414,10,4.761904716491699,0,0,0,0,5,0,0,24.549354553222656,25769803776,2147483648,18447974400,765329408
204,1790454346663,4,4,4,4,4,4,4,4,4,4,86.73056030273438,81.93667602539063,81.61674499511719,84.74261474609375,75.0817642211914,86.7826156616211,93.015625,10,10,5,0,0,0,0,5,4.761904716491699,0,24.549354553222656,25769803776,2147483648,18447794176,765329408
204,1790454346868,4,4,4,4,4,4,4,4,4,4,86.73056030273438,81.93667602539063,81.61674499511719,84.74261474609375,75.0817642211914,86.7826156616211,93.015625,10,10,0,0,0,0,0,5,0,0,24.420766830444336,25769803776,2147483648,18447794176,765329408
204,1790454347073,4,4,4,4,4,4,4,4,4,4,86.73056030273438,81.93667602539063,81.61674499511719,84.74261474609375,75.0817642211914,86.7826156616211,93.015625,5,9.090909004211426,0,4.545454502105713,0,0,0,4.761904716491699,4.545454502105713,0,24.420766830444336,25769803776,2147483648,18447794176,765329408
202,1790454347278,4,4,4,4,4,4,4,4,4,4,86.73056030273438,81.93667602539063,81.61674499511719,84.74261474609375,75.0817642211914,86.7826156616211,93.015625,9.523809432983398,0,9.090909004211426,0,4.761904716491699,0,0,9.523809432983398,0,0,24.420766830444336,25769803776,2147483648,18447794176,765329408
204,1790454347480,4,4,4,4,4,4,4,4,4,4,87.62078094482422,82.61338806152344,82.34207916259766,85.5113296508789,75.76771545410156,87.46131134033203,89.5,0,0,0,0,0,0,0,5,0,0,24.420766830444336,25769803776,2147483648,18448236544,765329408
204,1790454347685,4,4,4,4,4,4,4,4,4,4,87.62078094482422,82.61338806152344,82.34207916259766,85.5113296508789,75.76771545410156,87.46131134033203,89.5,0,0,0,0,0,0,0,9.523809432983398,0,0,24.420766830444336,25769803776,2147483648,18448203776,765329408
204,1790454347890,4,4,4,4,4,4,4,4,4,4,87.62078094482422,82.61338806152344,82.34207916259766,85.5113296508789,75.76771545410156,87.46131134033203,89.5,4.761904716491699,4.761904716491699,0,0,0,0,0,5,0,0,24.859514236450195,25769803776,2147483648,18448203776,765329408
204,1790454348095,4,4,4,4,4,4,4,4,4,4,87.62078094482422,82.61338806152344,82.34207916259766,85.5113296508789,75.76771545410156,87.46131134033203,89.5,0,0,0,0,0,0,4.761904716491699,5,0,0,24.859514236450195,25769803776,2147483648,18448203776,765329408
204,1790454348300,4,4,4,4,4,4,4,4,4,4,87.62078094482422,82.61338806152344,82.34207916259766,85.5113296508789,75.76771545410156,87.46131134033203,89.5,9.090909004211426,9.523809432983398,0,0,0,0,0,5,0,0,24.859514236450195,25769803776,2147483648,18448203776,765329408
204,1790454348505,4,4,4,4,4,4,4,4,4,4,88.1352310180664,83.10201263427734,82.87321472167969,86.00125122070313,76.32148742675781,87.89995574951172,89.03125,0,0,0,0,0,0,0,9.090909004211426,0,4.761904716491699,24.859514236450195,25769803776,2147483648,18448039936,765329408
200,1790454348710,4,4,4,4,4,4,4,4,4,4,88.1352310180664,83.10201263427734,82.87321472167969,86.00125122070313,76.32148742675781,87.89995574951172,89.03125,4.761904716491699,0,0,0,0,0,0,5,0,0,24.859514236450195,25769803776,2147483648,18448171008,765329408
204,1790454348911,4,4,4,4,4,4,4,4,4,4,88.1352310180664,83.10201263427734,82.87321472167969,86.00125122070313,76.32148742675781,87.89995574951172,89.03125,0,0,0,0,0,0,5,5,4.761904716491699,0,24.450237274169922,25769803776,2147483648,18422743040,765329408
204,1790454349116,4,4,4,4,4,4,4,4,4,4,88.1352310180664,83.10201263427734,82.87321472167969,86.00125122070313,76.32148742675781,87.89995574951172,89.03125,4.761904716491699,4.761904716491699,0,0,0,0,0,0,0,0,24.450237274169922,25769803776,2147483648,18420858880,765329408
204,1790454349321,4,4,4,4,4,4,4,4,4,4,88.57645416259766,83.5774917602539,83.09554290771484,86.28780364990234,76.36884307861328,88.29566192626953,92.78125,0,0,0,0,0,0,5,4.761904716491699,4.545454502105713,0,24.450237274169922,25769803776,2147483648,18420875264,765329408
204,1790454349526,4,4,4,4,4,4,4,4,4,4,88.57645416259766,83.5774917602539,83.09554290771484,86.28780364990234,76.36884307861328,88.29566192626953,92.78125,0,0,0,0,0,0,0,5,0,0,24.450237274169922,25769803776,2147483648,18420924416,765329408
202,1790454349731,4,4,4,4,4,4,4,4,4,4,88.57645416259766,83.5774917602539,83.09554290771484,86.28780364990234,76.36884307861328,88.29566192626953,92.78125,4.761904716491699,0,0,0,0,0,0,4.761904716491699,0,0,24.450237274169922,25769803776,2147483648,18420629504,765329408
204,1790454349933,4,4,4,4,4,4,4,4,4,4,88.57645416259766,83.5774917602539,83.09554290771484,86.28780364990234,76.36884307861328,88.29566192626953,92.78125,5,4.761904716491699,9.090909004211426,4.761904716491699,0,0,0,9.523809432983398,0,0,24.40367317199707,25769803776,2147483648,18420776960,765329408
204,1790454350138,4,4,4,4,4,4,4,4,4,4,88.57645416259766,83.5774917602539,83.09554290771484,86.28780364990234,76.36884307861328,88.29566192626953,92.78125,4.761904716491699,0,0,0,0,0,4.761904716491699,0,0,0,24.40367317199707,25769803776,2147483648,18420826112,765329408
204,1790454350343,4,4,4,4,4,4,4,4,4,4,88.96934509277344,83.97639465332031,83.69007873535156,86.78519439697266,77.166015625,88.68397521972656,89.734375,4.761904716491699,5,0,0,0,0,4.761904716491699,9.523809432983398,0,0,24.40367317199707,25769803776,2147483648,18420826112,765329408
204,1790454350548,4,4,4,4,4,4,4,4,4,4,88.96934509277344,83.97639465332031,83.69007873535156,86.78519439697266,77.166015625,88.68397521972656,89.734375,0,4.761904716491699,0,0,0,0,0,5,0,0,24.40367317199707,25769803776,2147483648,18427674624,765329408
201,1790454350753,4,4,4,4,4,4,4,4,4,4,88.96934509277344,83.97639465332031,83.69007873535156,86.78519439697266,77.166015625,88.68397521972656,89.734375,4.761904716491699,4.761904716491699,0,0,0,0,0,5,0,0,24.40367317199707,25769803776,2147483648,18427723776,765329408
204,1790454350955,4,4,4,4,4,4,4,4,4,4,88.96934509277344,83.97639465332031,83.69007873535156,86.78519439697266,77.166015625,88.68397521972656,89.734375,4.761904716491699,0,0,0,0,0,0,9.523809432983398,0,0,24.458589553833008,25769803776,2147483648,18427723776,765329408
202,1790454351160,4,4,4,4,4,4,4,4,4,4,88.96934509277344,83.97639465332031,83.69007873535156,86.78519439697266,77.166015625,88.68397521972656,89.734375,0,0,0,0,0,0,0,4.761904716491699,4.761904716491699,0,24.458589553833008,25769803776,2147483648,18427723776,765329408
204,1790454351362,4,4,4,4,4,4,4,4,4,4,89.22013854980469,84.30561065673828,84.02405548095703,87.17015838623047,77.5748291015625,89.03266906738281,91.71875,5,0,0,0,0,0,0,5,0,0,24.458589553833008,25769803776,2147483648,18427723776,765329408
204,1790454351567,4,4,4,4,4,4,4,4,4,4,89.22013854980469,84.30561065673828,84.02405548095703,87.17015838623047,77.5748291015625,89.03266906738281,91.71875,0,0,0,0,0,0,0,5,4.761904716491699,0,24.458589553833008,25769803776,2147483648,18427199488,765329408
204,1790454351772,4,4,4,4,4,4,4,4,4,4,89.22013854980469,84.30561065673828,84.02405548095703,87.17015838623047,77.5748291015625,89.03266906738281,91.71875,4.761904716491699,4.545454502105713,0,0,0,0,0,5,0,0,24.458589553833008,25769803776,2147483648,18427215872,765329408
204,1790454351977,4,4,4,4,4,4,4,4,4,4,89.22013854980469,84.30561065673828,84.02405548095703,87.17015838623047,77.5748291015625,89.03266906738281,91.71875,0,0,0,0,0,0,4.545454502105713,9.523809432983398,0,4.761904716491699,24.36484146118164,25769803776,2147483648,18414567424,765329408
204,1790454352182,4,4,4,4,4,4,4,4,4,4,89.22013854980469,84.30561065673828,84.02405548095703,87.17015838623047,77.5748291015625,89.03266906738281,91.71875,0,0,4.545454502105713,0,0,0,0,4.761904716491699,0,0,24.36484146118164,25769803776,2147483648,18414567424,765329408
204,1790454352387,4,4,4,4,4,4,4,4,4,4,89.60335540771484,84.66754913330078,84.31398010253906,87.650390625,77.847412109375,89.58722686767578,91.25,4.761904716491699,0,0,0,0,0,0,9.523809432983398,0,0,24.36484146118164,25769803776,2147483648,18414567424,765329408
202,1790454352592,4,4,4,4,4,4,4,4,4,4,89.60335540771484,84.66754913330078,84.31398010253906,87.650390625,77.847412109375,89.58722686767578,91.25,4.761904716491699,0,0,0,0,0,4.761904716491699,5,0,0,24.36484146118164,25769803776,2147483648,18414256128,765329408
204,1790454352795,4,4,4,4,4,4,4,4,4,4,89.60335540771484,84.66754913330078,84.31398010253906,87.650390625,77.847412109375,89.58722686767578,91.25,0,4.761904716491699,0,0,0,0,0,0,0,0,24.36484146118164,25769803776,2147483648,18416107520,765329408
204,1790454353000,4,4,4,4,4,4,4,4,4,4,89.60335540771484,84.66754913330078,84.31398010253906,87.650390625,77.847412109375,89.58722686767578,91.25,4.761904716491699,0,0,0,0,0,0,9.090909004211426,0,0,24.597646713256836,25769803776,2147483648,18414338048,765329408
202,1790454353205,4,4,4,4,4,4,4,4,4,4,89.60335540771484,84.66754913330078,84.31398010253906,87.650390625,77.847412109375,89.58722686767578,91.25,0,4.761904716491699,0,0,0,0,0,0,0,0,24.597646713256836,25769803776,2147483648,18414288896,765329408
202,1790454353408,4,4,4,4,4,4,4,4,4,4,89.72077941894531,85.1905288696289,84.7265625,87.92373657226563,78.197509765625,89.95539855957031,91.140625,5,0,0,0,0,0,5,4.761904716491699,0,0,24.597646713256836,25769803776,2147483648,18414338048,765329408
204,1790454353610,4,4,4,4,4,4,4,4,4,4,89.72077941894531,85.1905288696289,84.7265625,87.92373657226563,78.197509765625,89.95539855957031,91.140625,0,0,0,0,0,0,0,5,4.761904716491699,0,24.597646713256836,25769803776,2147483648,18413928448,765329408
204,1790454353815,4,4,4,4,4,4,4,4,4,4,89.72077941894531,85.1905288696289,84.7265625,87.92373657226563,78.197509765625,89.95539855957031,91.140625,0,0,0,0,0,0,4.761904716491699,4.761904716491699,0,0,24.597646713256836,25769803776,2147483648,18413928448,765329408
204,1790454354020,4,4,4,4,4,4,4,4,4,4,89.72077941894531,85.1905288696289,84.7265625,87.92373657226563,78.197509765625,89.95539855957031,91.140625,4.761904716491699,0,0,0,0,0,0,5,0,0,24.585186004638672,25769803776,2147483648,18413977600,765329408
204,1790454354225,4,4,4,4,4,4,4,4,4,4,89.72077941894531,85.1905288696289,84.7265625,87.92373657226563,78.197509765625,89.95539855957031,91.140625,0,4.761904716491699,0,0,4.761904716491699,0,4.761904716491699,9.523809432983398,0,0,24.585186004638672,25769803776,2147483648,18414157824,765329408
204,1790454354430,4,4,4,4,4,4,4,4,4,4,90.1420669555664,85.38898468017578,85.15900421142578,88.3951187133789,78.67536163330078,90.35860443115234,96.28125,4.761904716491699,0,4.545454502105713,0,0,0,0,5,0,0,24.585186004638672,25769803776,2147483648,18414157824,765329408
202,1790454354635,4,4,4,4,4,4,4,4,4,4,90.1420669555664,85.38898468017578,85.15900421142578,88.3951187133789,78.67536163330078,90.35860443115234,96.28125,4.761904716491699,0,0,0,0,0,0,9.523809432983398,4.761904716491699,0,24.585186004638672,25769803776,2147483648,18413961216,765329408
204,1790454354837,4,4,4,4,4,4,4,4,4,4,90.1420669555664,85.38898468017578,85.15900421142578,88.3951187133789,78.67536163330078,90.35860443115234,96.28125,5,0,0,0,0,0,0,5,0,0,24.61302947998047,25769803776,2147483648,18414010368,765329408
202,1790454355042,4,4,4,4,4,4,4,4,4,4,90.1420669555664,85.38898468017578,85.15900421142578,88.3951187133789,78.67536163330078,90.35860443115234,96.28125,0,0,0,0,0,0,0,0,0,0,24.61302947998047,25769803776,2147483648,18413993984,765329408
204,1790454355245,4,4,4,4,4,4,4,4,4,4,90.1420669555664,85.38898468017578,85.15900421142578,88.3951187133789,78.67536163330078,90.35860443115234,96.28125,0,0,0,0,4.761904716491699,0,0,9.523809432983398,0,0,24.61302947998047,25769803776,2147483648,18414043136,765329408
201,1790454355450,4,4,4,4,4,4,4,4,4,4,90.21578216552734,85.70598602294922,85.41259765625,88.53152465820313,78.81520080566406,90.41793060302734,95.125,4.761904716491699,0,0,0,0,0,0,5,0,0,24.61302947998047,25769803776,2147483648,18414043136,765329408
204,1790454355651,4,4,4,4,4,4,4,4,4,4,90.21578216552734,85.70598602294922,85.41259765625,88.53152465820313,78.81520080566406,90.41793060302734,95.125,0,4.761904716491699,0,0,0,0,0,9.523809432983398,4.761904716491699,0,24.61302947998047,25769803776,2147483648,18413944832,765329408
204,1790454355856,4,4,4,4,4,4,4,4,4,4,90.21578216552734,85.70598602294922,85.41259765625,88.53152465820313,78.81520080566406,90.41793060302734,95.125,0,0,0,0,0,0,4.761904716491699,5,0,0,24.552743911743164,25769803776,2147483648,18413993984,765329408
203,1790454356062,4,4,4,4,4,4,4,4,4,4,90.21578216552734,85.70598602294922,85.41259765625,88.53152465820313,78.81520080566406,90.41793060302734,95.125,4.761904716491699,0,0,0,0,0,0,9.523809432983398,0,0,24.552743911743164,25769803776,2147483648,18413879296,765329408
204,1790454356265,4,4,4,4,4,4,4,4,4,4,90.21578216552734,85.70598602294922,85.41259765625,88.53152465820313,78.81520080566406,90.41793060302734,95.125,0,0,0,0,0,0,4.761904716491699,0,0,0,24.552743911743164,25769803776,2147483648,18413879296,765329408
204,1790454356470,4,4,4,4,4,4,4,4,4,4,90.03851318359375,85.77852630615234,85.59036254882813,88.40507507324219,79.08494567871094,90.360595703125,91.375,0,0,0,4.545454502105713,0,0,0,4.761904716491699,0,0,24.552743911743164,25769803776,2147483648,18413879296,765329408
204,1790454356675,4,4,4,4,4,4,4,4,4,4,90.03851318359375,85.77852630615234,85.59036254882813,88.40507507324219,79.08494567871094,90.360595703125,91.375,0,4.761904716491699,0,0,0,0,0,4.761904716491699,0,0,24.552743911743164,25769803776,2147483648,18413502464,765329408
200,1790454356879,4,4,4,4,4,4,4,4,4,4,90.03851318359375,85.77852630615234,85.59036254882813,88.40507507324219,79.08494567871094,90.360595703125,91.375,4.761904716491699,4.761904716491699,0,0,0,0,0,0,5,0,23.917781829833984,25769803776,2147483648,18413453312,765329408
200,1790454357080,4,4,4,4,4,4,4,4,4,4,90.03851318359375,85.77852630615234,85.59036254882813,88.40507507324219,79.08494567871094,90.360595703125,91.375,5,0,0,0,0,0,0,5.263157844543457,0,0,23.917781829833984,25769803776,2147483648,18413453312,765329408
204,1790454357280,4,4,4,4,4,4,4,4,4,4,90.03851318359375,85.77852630615234,85.59036254882813,88.40507507324219,79.08494567871094,90.360595703125,91.375,5,0,4.761904716491699,0,0,0,4.761904716491699,9.523809432983398,0,0,23.917781829833984,25769803776,2147483648,18413453312,765329408
204,1790454357485,4,4,4,4,4,4,4,4,4,4,90.09420776367188,85.73451232910156,85.38079071044922,88.42124938964844,78.73881530761719,90.50515747070313,94.28125,0,0,0,0,0,0,0,5,4.761904716491699,0,23.917781829833984,25769803776,2147483648,18413453312,765329408
203,1790454357690,4,4,4,4,4,4,4,4,4,4,90.09420776367188,85.73451232910156,85.38079071044922,88.42124938964844,78.73881530761719,90.50515747070313,94.28125,0,0,0,0,0,0,0,9.090909004211426,0,0,23.917781829833984,25769803776,2147483648,18412224512,765329408
204,1790454357893,4,4,4,4,4,4,4,4,4,4,90.09420776367188,85.73451232910156,85.38079071044922,88.42124938964844,78.73881530761719,90.50515747070313,94.28125,5,0,0,0,0,0,0,5,0,0,23.578632354736328,25769803776,2147483648,18412273664,765329408
202,1790454358098,4,4,4,4,4,4,4,4,4,4,90.09420776367188,85.73451232910156,85.38079071044922,88.42124938964844,78.73881530761719,90.50515747070313,94.28125,0,0,0,0,0,0,0,5,0,0,23.578632354736328,25769803776,2147483648,18411847680,765329408
204,1790454358300,4,4,4,4,4,4,4,4,4,4,90.09420776367188,85.73451232910156,85.38079071044922,88.42124938964844,78.73881530761719,90.50515747070313,94.28125,0,0,0,0,0,0,0,5,0,0,23.578632354736328,25769803776,2147483648,18411896832,765329408
204,1790454358505,4,4,4,4,4,4,4,4,4,4,89.99429321289063,85.89347839355469,85.71499633789063,88.42449951171875,79.20906829833984,90.33351135253906,92.078125,4.761904716491699,4.761904716491699,0,0,0,0,0,5,0,0,23.578632354736328,25769803776,2147483648,18411847680,765329408
204,1790454358710,4,4,4,4,4,4,4,4,4,4,89.99429321289063,85.89347839355469,85.71499633789063,88.42449951171875,79.20906829833984,90.33351135253906,92.078125,5,4.761904716491699,0,0,0,0,4.761904716491699,9.523809432983398,4.761904716491699,0,23.578632354736328,25769803776,2147483648,18411798528,765329408
204,1790454358915,4,4,4,4,4,4,4,4,4,4,89.99429321289063,85.89347839355469,85.71499633789063,88.42449951171875,79.20906829833984,90.33351135253906,92.078125,4.761904716491699,0,0,0,0,0,4.761904716491699,5,0,0,23.47416877746582,25769803776,2147483648,18411798528,765329408
201,1790454359121,4,4,4,4,4,4,4,4,4,4,89.99429321289063,85.89347839355469,85.71499633789063,88.42449951171875,79.20906829833984,90.33351135253906,92.078125,0,0,0,0,0,0,0,9.090909004211426,0,0,23.47416877746582,25769803776,2147483648,18411798528,765329408
204,1790454359322,4,4,4,4,4,4,4,4,4,4,90.07456970214844,85.94329071044922,85.78254699707031,88.46648406982422,79.25153350830078,90.39405822753906,91.375,0,5.263157844543457,4.761904716491699,0,0,4.761904716491699,0,0,0,0,23.47416877746582,25769803776,2147483648,18411798528,765329408
204,1790454359527,4,4,4,4,4,4,4,4,4,4,90.07456970214844,85.94329071044922,85.78254699707031,88.46648406982422,79.25153350830078,90.39405822753906,91.375,9.523809432983398,70,4.761904716491699,0,0,0,0,9.523809432983398,0,0,23.47416877746582,25769803776,2147483648,18411798528,765329408
204,1790454359732,4,4,4,4,4,4,4,4,4,4,90.07456970214844,85.94329071044922,85.78254699707031,88.46648406982422,79.25153350830078,90.39405822753906,91.375,4.761904716491699,4.761904716491699,0,0,0,0,0,5,0,0,23.47416877746582,25769803776,2147483648,18420170752,765329408
204,1790454359937,4,4,4,4,4,4,4,4,4,4,90.07456970214844,85.94329071044922,85.78254699707031,88.46648406982422,79.25153350830078,90.39405822753906,91.375,0,4.761904716491699,0,0,0,0,0,9.523809432983398,0,0,23.349233627319336,25769803776,2147483648,18420269056,765329408
201,1790454360142,4,4,4,4,4,4,4,4,4,4,90.07456970214844,85.94329071044922,85.78254699707031,88.46648406982422,79.25153350830078,90.39405822753906,91.375,9.090909004211426,0,0,0,9.523809432983398,0,0,5,4.545454502105713,0,23.349233627319336,25769803776,2147483648,18420269056,765329408
204,1790454360344,4,4,4,4,4,4,4,4,4,4,90.12191009521484,86.0305404663086,85.81462860107422,88.56069946289063,79.25728607177734,90.3814697265625,91.375,5,0,0,4.761904716491699,0,0,0,0,0,0,23.349233627319336,25769803776,2147483648,18420269056,765329408
204,1790454360549,4,4,4,4,4,4,4,4,4,4,90.12191009521484,86.0305404663086,85.81462860107422,88.56069946289063,79.25728607177734,90.3814697265625,91.375,0,0,0,0,0,0,0,9.523809432983398,0,0,23.349233627319336,25769803776,2147483648,18420269056,765329408
204,1790454360754,4,4,4,4,4,4,4,4,4,4,90.12191009521484,86.0305404663086,85.81462860107422,88.56069946289063,79.25728607177734,90.3814697265625,91.375,0,0,0,0,0,0,0,4.761904716491699,4.761904716491699,0,23.349233627319336,25769803776,2147483648,18424954880,765329408
204,1790454360959,4,4,4,4,4,4,4,4,4,4,90.12191009521484,86.0305404663086,85.81462860107422,88.56069946289063,79.25728607177734,90.3814697265625,91.375,4.761904716491699,4.761904716491699,0,0,0,0,4.761904716491699,0,0,0,23.451581954956055,25769803776,2147483648,18412306432,765329408
204,1790454361164,4,4,4,4,4,4,4,4,4,4,90.12191009521484,86.0305404663086,85.81462860107422,88.56069946289063,79.25728607177734,90.3814697265625,91.375,0,4.761904716491699,0,0,0,0,0,9.523809432983398,0,0,23.451581954956055,25769803776,2147483648,18412421120,765329408
204,1790454361369,4,4,4,4,4,4,4,4,4,4,90.35331726074219,86.1418685913086,85.9505844116211,88.73542785644531,79.43671417236328,90.5894546508789,94.28125,9.523809432983398,0,4.761904716491699,0,0,0,4.761904716491699,4.761904716491699,0,0,23.451581954956055,25769803776,2147483648,18412371968,765329408
204,1790454361574,4,4,4,4,4,4,4,4,4,4,90.35331726074219,86.1418685913086,85.9505844116211,88.73542785644531,79.43671417236328,90.5894546508789,94.28125,0,0,0,0,0,4.761904716491699,0,5,4.761904716491699,0,23.451581954956055,25769803776,2147483648,18412371968,765329408
204,1790454361779,4,4,4,4,4,4,4,4,4,4,90.35331726074219,86.1418685913086,85.9505844116211,88.73542785644531,79.43671417236328,90.5894546508789,94.28125,4.761904716491699,0,0,0,0,0,0,9.523809432983398,0,0,23.451581954956055,25769803776,2147483648,18412584960,765329408
204,1790454361984,4,4,4,4,4,4,4,4,4,4,90.35331726074219,86.1418685913086,85.9505844116211,88.73542785644531,79.43671417236328,90.5894546508789,94.28125,0,0,0,0,0,0,0,0,0,4.761904716491699,23.434558868408203,25769803776,2147483648,18412535808,765329408
204,1790454362189,4,4,4,4,4,4,4,4,4,4,90.35331726074219,86.1418685913086,85.9505844116211,88.73542785644531,79.43671417236328,90.5894546508789,94.28125,4.761904716491699,4.761904716491699,0,4.761904716491699,0,0,0,9.523809432983398,0,0,23.434558868408203,25769803776,2147483648,18412535808,765329408
204,1790454362394,4,4,4,4,4,4,4,4,4,4,90.47654724121094,86.1982421875,85.97795867919922,88.86714935302734,79.4700698852539,90.6965103149414,94.984375,0,0,0,0,0,0,0,5,4.761904716491699,0,23.434558868408203,25769803776,2147483648,18412535808,765329408
202,1790454362599,4,4,4,4,4,4,4,4,4,4,90.47654724121094,86.1982421875,85.97795867919922,88.86714935302734,79.4700698852539,90.6965103149414,94.984375,0,0,0,0,0,0,4.761904716491699,4.761904716491699,0,0,23.434558868408203,25769803776,2147483648,18412535808,765329408
204,1790454362801,4,4,4,4,4,4,4,4,4,4,90.47654724121094,86.1982421875,85.97795867919922,88.86714935302734,79.4700698852539,90.6965103149414,94.984375,5,0,0,0,0,0,0,5,0,0,23.434558868408203,25769803776,2147483648,18413158400,765329408
204,1790454363006,4,4,4,4,4,4,4,4,4,4,90.47654724121094,86.1982421875,85.97795867919922,88.86714935302734,79.4700698852539,90.6965103149414,94.984375,0,0,0,0,0,0,0,5,4.545454502105713,0,23.32463836669922,25769803776,2147483648,18413207552,765329408
204,1790454363211,4,4,4,4,4,4,4,4,4,4,90.47654724121094,86.1982421875,85.97795867919922,88.86714935302734,79.4700698852539,90.6965103149414,94.984375,4.761904716491699,4.761904716491699,0,0,0,0,0,9.523809432983398,0,0,23.32463836669922,25769803776,2147483648,18413125632,765329408
204,1790454363416,4,4,4,4,4,4,4,4,4,4,90.51605987548828,86.3490982055664,86.06105041503906,88.93346405029297,79.49742126464844,90.7291030883789,92.078125,0,4.761904716491699,4.545454502105713,0,0,0,0,5,0,0,23.32463836669922,25769803776,2147483648,18413142016,765329408
204,1790454363621,4,4,4,4,4,4,4,4,4,4,90.51605987548828,86.3490982055664,86.06105041503906,88.93346405029297,79.49742126464844,90.7291030883789,92.078125,0,0,0,0,0,0,0,9.523809432983398,0,0,23.32463836669922,25769803776,2147483648,18413191168,765329408
204,1790454363826,4,4,4,4,4,4,4,4,4,4,90.51605987548828,86.3490982055664,86.06105041503906,88.93346405029297,79.49742126464844,90.7291030883789,92.078125,4.761904716491699,0,0,0,0,0,0,0,0,0,23.38801383972168,25769803776,2147483648,18412765184,765329408
204,1790454364031,4,4,4,4,4,4,4,4,4,4,90.51605987548828,86.3490982055664,86.06105041503906,88.93346405029297,79.49742126464844,90.7291030883789,92.078125,0,0,0,0,4.761904716491699,0,0,9.523809432983398,0,0,23.38801383972168,25769803776,2147483648,18414632960,765329408
202,1790454364236,4,4,4,4,4,4,4,4,4,4,90.51605987548828,86.3490982055664,86.06105041503906,88.93346405029297,79.49742126464844,90.7291030883789,92.078125,5,0,0,0,0,0,0,0,0,0,23.38801383972168,25769803776,2147483648,18413027328,765329408
204,1790454364439,4,4,4,4,4,4,4,4,4,4,90.54788970947266,86.40959930419922,86.22014617919922,88.97074890136719,79.71475219726563,90.76402282714844,92.078125,4.761904716491699,0,0,0,0,0,4.761904716491699,5,4.761904716491699,0,23.38801383972168,25769803776,2147483648,18413027328,765329408
204,1790454364644,4,4,4,4,4,4,4,4,4,4,90.54788970947266,86.40959930419922,86.22014617919922,88.97074890136719,79.71475219726563,90.76402282714844,92.078125,0,0,0,0,0,0,4.545454502105713,9.523809432983398,0,0,23.38801383972168,25769803776,2147483648,18413027328,765329408
204,1790454364849,4,4,4,4,4,4,4,4,4,4,90.54788970947266,86.40959930419922,86.22014617919922,88.97074890136719,79.71475219726563,90.76402282714844,92.078125,5,4.761904716491699,4.761904716491699,0,0,0,0,4.761904716491699,0,0,23.286828994750977,25769803776,2147483648,18413273088,765329408
204,1790454365054,4,4,4,4,4,4,4,4,4,4,90.54788970947266,86.40959930419922,86.22014617919922,88.97074890136719,79.71475219726563,90.76402282714844,92.078125,0,0,0,0,0,0,5,0,0,0,23.286828994750977,25769803776,2147483648,18413305856,765329408
202,1790454365259,4,4,4,4,4,4,4,4,4,4,90.54788970947266,86.40959930419922,86.22014617919922,88.97074890136719,79.71475219726563,90.76402282714844,92.078125,4.761904716491699,0,0,0,0,0,0,5,0,0,23.286828994750977,25769803776,2147483648,18413289472,765329408
200,1790454365462,4,4,4,4,4,4,4,4,4,4,90.58433532714844,86.52841186523438,86.01355743408203,89.0375747680664,79.32499694824219,90.78462982177734,97.5625,0,0,0,0,0,0,5,4.761904716491699,0,0,23.286828994750977,25769803776,2147483648,18413289472,765329408
204,1790454365662,4,4,4,4,4,4,4,4,4,4,90.58433532714844,86.52841186523438,86.01355743408203,89.0375747680664,79.32499694824219,90.78462982177734,97.5625,9.523809432983398,4.761904716491699,0,0,0,0,4.761904716491699,5,0,0,23.286828994750977,25769803776,2147483648,18413289472,765329408
202,1790454365867,4,4,4,4,4,4,4,4,4,4,90.58433532714844,86.52841186523438,86.01355743408203,89.0375747680664,79.32499694824219,90.78462982177734,97.5625,0,5,4.761904716491699,0,0,0,0,5,0,0,23.124723434448242,25769803776,2147483648,18413355008,765329408
200,1790454366070,4,4,4,4,4,4,4,4,4,4,90.58433532714844,86.52841186523438,86.01355743408203,89.0375747680664,79.32499694824219,90.78462982177734,97.5625,0,0,0,0,0,0,0,5,0,0,23.124723434448242,25769803776,2147483648,18413420544,765329408
204,1790454366270,4,4,4,4,4,4,4,4,4,4,90.58433532714844,86.52841186523438,86.01355743408203,89.0375747680664,79.32499694824219,90.78462982177734,97.5625,9.523809432983398,0,0,0,0,0,0,5,4.761904716491699,0,23.124723434448242,25769803776,2147483648,18414288896,765329408
204,1790454366475,4,4,4,4,4,4,4,4,4,4,90.70233917236328,86.7081527709961,86.24441528320313,89.07756042480469,79.61079406738281,90.8887939453125,94.515625,0,4.761904716491699,0,0,0,0,0,9.523809432983398,4.761904716491699,0,23.124723434448242,25769803776,2147483648,18414239744,765329408
204,1790454366680,4,4,4,4,4,4,4,4,4,4,90.70233917236328,86.7081527709961,86.24441528320313,89.07756042480469,79.61079406738281,90.8887939453125,94.515625,4.761904716491699,5,0,0,0,0,0,5,0,0,23.124723434448242,25769803776,2147483648,18414256128,765329408
204,1790454366885,4,4,4,4,4,4,4,4,4,4,90.70233917236328,86.7081527709961,86.24441528320313,89.07756042480469,79.61079406738281,90.8887939453125,94.515625,0,0,0,0,0,0,0,9.523809432983398,0,0,23.32986068725586,25769803776,2147483648,18414305280,765329408
204,1790454367090,4,4,4,4,4,4,4,4,4,4,90.70233917236328,86.7081527709961,86.24441528320313,89.07756042480469,79.61079406738281,90.8887939453125,94.515625,4.545454502105713,0,0,0,0,0,4.761904716491699,4.761904716491699,0,0,23.32986068725586,25769803776,2147483648,18414125056,765329408
204,1790454367295,4,4,4,4,4,4,4,4,4,4,90.70233917236328,86.7081527709961,86.24441528320313,89.07756042480469,79.61079406738281,90.8887939453125,94.515625,0,0,0,0,0,0,0,5,0,0,23.32986068725586,25769803776,2147483648,18414059520,765329408
204,1790454367500,4,4,4,4,4,4,4,4,4,4,90.71300506591797,86.61238861083984,86.39331817626953,89.09695434570313,79.85305786132813,90.90955352783203,95.6875,0,4.761904716491699,0,0,0,0,0,5,0,0,23.32986068725586,25769803776,2147483648,18414059520,765329408
204,1790454367705,4,4,4,4,4,4,4,4,4,4,90.71300506591797,86.61238861083984,86.39331817626953,89.09695434570313,79.85305786132813,90.90955352783203,95.6875,4.761904716491699,0,0,0,0,0,0,4.761904716491699,0,0,23.32986068725586,25769803776,2147483648,18414059520,765329408
204,1790454367910,4,4,4,4,4,4,4,4,4,4,90.71300506591797,86.61238861083984,86.39331817626953,89.09695434570313,79.85305786132813,90.90955352783203,95.6875,0,0,0,0,0,0,4.761904716491699,0,0,0,23.096370697021484,25769803776,2147483648,18413895680,765329408
204,1790454368115,4,4,4,4,4,4,4,4,4,4,90.71300506591797,86.61238861083984,86.39331817626953,89.09695434570313,79.85305786132813,90.90955352783203,95.6875,4.761904716491699,0,0,0,0,0,5,4.761904716491699,0,0,23.096370697021484,25769803776,2147483648,18413780992,765329408
204,1790454368320,4,4,4,4,4,4,4,4,4,4,90.71125030517578,86.74893188476563,86.14885711669922,89.1011734008789,79.42298126220703,90.90689086914063,95.453125,9.523809432983398,5,9.523809432983398,0,0,0,0,5,0,0,23.096370697021484,25769803776,2147483648,18413780992,765329408
204,1790454368525,4,4,4,4,4,4,4,4,4,4,90.71125030517578,86.74893188476563,86.14885711669922,89.1011734008789,79.42298126220703,90.90689086914063,95.453125,0,4.545454502105713,0,0,4.761904716491699,0,0,4.761904716491699,4.545454502105713,0,23.096370697021484,25769803776,2147483648,18413780992,765329408
204,1790454368730,4,4,4,4,4,4,4,4,4,4,90.71125030517578,86.74893188476563,86.14885711669922,89.1011734008789,79.42298126220703,90.90689086914063,95.453125,4.761904716491699,0,0,0,0,0,4.761904716491699,5,0,0,23.096370697021484,25769803776,2147483648,18413780992,765329408
204,1790454368935,4,4,4,4,4,4,4,4,4,4,90.71125030517578,86.74893188476563,86.14885711669922,89.1011734008789,79.42298126220703,90.90689086914063,95.453125,0,0,0,0,0,0,0,9.523809432983398,0,0,23.062715530395508,25769803776,2147483648,18413912064,765329408
204,1790454369140,4,4,4,4,4,4,4,4,4,4,90.71125030517578,86.74893188476563,86.14885711669922,89.1011734008789,79.42298126220703,90.90689086914063,95.453125,4.761904716491699,0,0,0,0,0,0,5,0,0,23.062715530395508,25769803776,2147483648,18413879296,765329408
204,1790454369345,4,4,4,4,4,4,4,4,4,4,90.70062255859375,86.73165130615234,86.45292663574219,89.11652374267578,79.88656616210938,90.90949249267578,92.078125,0,0,0,0,0,0,4.761904716491699,4.761904716491699,4.761904716491699,4.545454502105713,23.062715530395508,25769803776,2147483648,18413928448,765329408
204,1790454369550,4,4,4,4,4,4,4,4,4,4,90.70062255859375,86.73165130615234,86.45292663574219,89.11652374267578,79.88656616210938,90.90949249267578,92.078125,0,0,0,4.761904716491699,0,0,0,5,0,0,23.062715530395508,25769803776,2147483648,18413830144,765329408
204,1790454369755,4,4,4,4,4,4,4,4,4,4,90.70062255859375,86.73165130615234,86.45292663574219,89.11652374267578,79.88656616210938,90.90949249267578,92.078125,5,0,0,0,0,0,0,0,0,0,23.062715530395508,25769803776,2147483648,18413830144,765329408
204,1790454369960,4,4,4,4,4,4,4,4,4,4,90.70062255859375,86.73165130615234,86.45292663574219,89.11652374267578,79.88656616210938,90.90949249267578,92.078125,4.761904716491699,9.090909004211426,0,0,0,0,0,9.523809432983398,0,0,23.033878326416016,25769803776,2147483648,18413862912,765329408
204,1790454370165,4,4,4,4,4,4,4,4,4,4,90.70062255859375,86.73165130615234,86.45292663574219,89.11652374267578,79.88656616210938,90.90949249267578,92.078125,4.761904716491699,0,0,0,0,0,9.090909004211426,4.761904716491699,4.761904716491699,0,23.033878326416016,25769803776,2147483648,18413912064,765329408
203,1790454370371,4,4,4,4,4,4,4,4,4,4,90.75008392333984,86.79182434082031,86.2812271118164,89.13404083251953,79.62554931640625,90.94751739501953,95.21875,0,0,0,0,0,0,0,9.523809432983398,0,0,23.033878326416016,25769803776,2147483648,18413912064,765329408
204,1790454370574,4,4,4,4,4,4,4,4,4,4,90.75008392333984,86.79182434082031,86.2812271118164,89.13404083251953,79.62554931640625,90.94751739501953,95.21875,15.000000953674316,0,0,4.761904716491699,0,15.000000953674316,0,0,0,0,23.033878326416016,25769803776,2147483648,18413912064,765329408
204,1790454370779,4,4,4,4,4,4,4,4,4,4,90.75008392333984,86.79182434082031,86.2812271118164,89.13404083251953,79.62554931640625,90.94751739501953,95.21875,0,0,0,0,0,0,0,5,0,0,23.033878326416016,25769803776,2147483648,18413912064,765329408
204,1790454370984,4,4,4,4,4,4,4,4,4,4,90.75008392333984,86.79182434082031,86.2812271118164,89.13404083251953,79.62554931640625,90.94751739501953,95.21875,4.761904716491699,0,9.090909004211426,0,0,0,5,4.761904716491699,0,0,22.921218872070313,25769803776,2147483648,18406948864,765329408
203,1790454371189,4,4,4,4,4,4,4,4,4,4,90.75008392333984,86.79182434082031,86.2812271118164,89.13404083251953,79.62554931640625,90.94751739501953,95.21875,4.761904716491699,4.761904716491699,0,0,0,0,0,4.761904716491699,0,0,22.921218872070313,25769803776,2147483648,18406866944,765329408
202,1790454371392,4,4,4,4,4,4,4,4,4,4,90.78594970703125,86.85741424560547,86.37136840820313,89.13506317138672,79.6671371459961,91.00035095214844,92.078125,0,0,0,0,0,0,0,0,0,0,22.921218872070313,25769803776,2147483648,18406866944,765329408
204,1790454371595,4,4,4,4,4,4,4,4,4,4,90.78594970703125,86.85741424560547,86.37136840820313,89.13506317138672,79.6671371459961,91.00035095214844,92.078125,0,0,0,0,0,0,0,0,9.523809432983398,0,22.921218872070313,25769803776,2147483648,18406866944,765329408
204,1790454371800,4,4,4,4,4,4,4,4,4,4,90.78594970703125,86.85741424560547,86.37136840820313,89.13506317138672,79.6671371459961,91.00035095214844,92.078125,4.761904716491699,0,0,0,4.761904716491699,0,0,9.523809432983398,0,0,22.921218872070313,25769803776,2147483648,18406866944,765329408
204,1790454372005,4,4,4,4,4,4,4,4,4,4,90.78594970703125,86.85741424560547,86.37136840820313,89.13506317138672,79.6671371459961,91.00035095214844,92.078125,0,0,0,0,0,0,0,5,4.761904716491699,4.761904716491699,22.902400970458984,25769803776,2147483648,18406785024,765329408
204,1790454372210,4,4,4,4,4,4,4,4,4,4,90.78594970703125,86.85741424560547,86.37136840820313,89.13506317138672,79.6671371459961,91.00035095214844,92.078125,0,4.545454502105713,0,0,0,0,4.761904716491699,4.761904716491699,0,0,22.902400970458984,25769803776,2147483648,18406834176,765329408
200,1790454372415,4,4,4,4,4,4,4,4,4,4,90.89498138427734,86.76241302490234,86.36752319335938,89.1918716430664,79.7346420288086,91.1423568725586,95.21875,4.761904716491699,0,0,0,0,0,0,9.523809432983398,0,0,22.902400970458984,25769803776,2147483648,18406785024,765329408
204,1790454372616,4,4,4,4,4,4,4,4,4,4,90.89498138427734,86.76241302490234,86.36752319335938,89.1918716430664,79.7346420288086,91.1423568725586,95.21875,0,0,0,0,0,0,4.761904716491699,5,0,0,22.902400970458984,25769803776,2147483648,18406785024,765329408
200,1790454372821,4,4,4,4,4,4,4,4,4,4,90.89498138427734,86.76241302490234,86.36752319335938,89.1918716430664,79.7346420288086,91.1423568725586,95.21875,0,4.761904716491699,0,0,0,0,0,0,0,0,22.902400970458984,25769803776,2147483648,18406998016,765329408
204,1790454373021,4,4,4,4,4,4,4,4,4,4,90.89498138427734,86.76241302490234,86.36752319335938,89.1918716430664,79.7346420288086,91.1423568725586,95.21875,4.761904716491699,0,0,0,0,0,0,9.523809432983398,0,0,22.781713485717773,25769803776,2147483648,18406948864,765329408
203,1790454373226,4,4,4,4,4,4,4,4,4,4,90.89498138427734,86.76241302490234,86.36752319335938,89.1918716430664,79.7346420288086,91.1423568725586,95.21875,0,0,0,0,0,0,0,5,0,0,22.781713485717773,25769803776,2147483648,18406998016,765329408
204,1790454373430,4,4,4,4,4,4,4,4,4,4,90.72074127197266,86.75728607177734,86.36424255371094,89.11238098144531,79.71732330322266,90.92139434814453,96.984375,9.523809432983398,0,0,0,0,0,0,9.523809432983398,4.761904716491699,0,22.781713485717773,25769803776,2147483648,18407047168,765329408
204,1790454373635,4,4,4,4,4,4,4,4,4,4,90.72074127197266,86.75728607177734,86.36424255371094,89.11238098144531,79.71732330322266,90.92139434814453,96.984375,0,0,0,0,0,0,0,4.761904716491699,4.761904716491699,0,22.781713485717773,25769803776,2147483648,18407047168,765329408
200,1790454373840,4,4,4,4,4,4,4,4,4,4,90.72074127197266,86.75728607177734,86.36424255371094,89.11238098144531,79.71732330322266,90.92139434814453,96.984375,0,0,0,0,0,0,0,0,0,0,22.75642204284668,25769803776,2147483648,18407047168,765329408
204,1790454374041,4,4,4,4,4,4,4,4,4,4,90.72074127197266,86.75728607177734,86.36424255371094,89.11238098144531,79.71732330322266,90.92139434814453,96.984375,4.761904716491699,0,0,0,0,0,0,9.523809432983398,0,0,22.75642204284668,25769803776,2147483648,18406555648,765329408
201,1790454374246,4,4,4,4,4,4,4,4,4,4,90.72074127197266,86.75728607177734,86.36424255371094,89.11238098144531,79.71732330322266,90.92139434814453,96.984375,0,4.545454502105713,4.761904716491699,0,0,0,4.761904716491699,5,0,0,22.75642204284668,25769803776,2147483648,18406834176,765329408
204,1790454374447,4,4,4,4,4,4,4,4,4,4,90.67058563232422,86.7903823852539,86.53025817871094,89.09538269042969,79.95761108398438,90.8739013671875,95.6875,0,0,0,0,0,0,4.761904716491699,9.523809432983398,0,0,22.75642204284668,25769803776,2147483648,18406850560,765329408
204,1790454374652,4,4,4,4,4,4,4,4,4,4,90.67058563232422,86.7903823852539,86.53025817871094,89.09538269042969,79.95761108398438,90.8739013671875,95.6875,5,0,0,0,0,0,0,5,0,0,22.75642204284668,25769803776,2147483648,18406850560,765329408
204,1790454374857,4,4,4,4,4,4,4,4,4,4,90.67058563232422,86.7903823852539,86.53025817871094,89.09538269042969,79.95761108398438,90.8739013671875,95.6875,0,4.761904716491699,0,0,0,0,0,9.523809432983398,0,0,22.583545684814453,25769803776,2147483648,18406850560,765329408
204,1790454375062,4,4,4,4,4,4,4,4,4,4,90.67058563232422,86.7903823852539,86.53025817871094,89.09538269042969,79.95761108398438,90.8739013671875,95.6875,4.761904716491699,0,0,0,0,0,0,0,0,0,22.583545684814453,25769803776,2147483648,18408734720,765329408
204,1790454375267,4,4,4,4,4,4,4,4,4,4,90.67058563232422,86.7903823852539,86.53025817871094,89.09538269042969,79.95761108398438,90.8739013671875,95.6875,0,0,0,0,0,0,0,4.761904716491699,0,0,22.583545684814453,25769803776,2147483648,18406965248,765329408
204,1790454375472,4,4,4,4,4,4,4,4,4,4,90.56072998046875,86.76392364501953,86.52535247802734,89.06999969482422,79.96659088134766,90.79241180419922,94.515625,0,4.545454502105713,0,0,0,0,0,5,0,0,22.583545684814453,25769803776,2147483648,18406965248,765329408
204,1790454375677,4,4,4,4,4,4,4,4,4,4,90.56072998046875,86.76392364501953,86.52535247802734,89.06999969482422,79.96659088134766,90.79241180419922,94.515625,4.761904716491699,0,0,0,0,0,0,5,4.545454502105713,0,22.583545684814453,25769803776,2147483648,18406916096,765329408
204,1790454375882,4,4,4,4,4,4,4,4,4,4,90.56072998046875,86.76392364501953,86.52535247802734,89.06999969482422,79.96659088134766,90.79241180419922,94.515625,4.761904716491699,0,0,0,0,0,0,5,0,0,22.440303802490234,25769803776,2147483648,18406916096,765329408
204,1790454376087,4,4,4,4,4,4,4,4,4,4,90.56072998046875,86.76392364501953,86.52535247802734,89.06999969482422,79.96659088134766,90.79241180419922,94.515625,0,0,0,0,0,0,4.761904716491699,9.090909004211426,0,0,22.440303802490234,25769803776,2147483648,18406670336,765329408
200,1790454376292,4,4,4,4,4,4,4,4,4,4,90.56072998046875,86.76392364501953,86.52535247802734,89.06999969482422,79.96659088134766,90.79241180419922,94.515625,4.761904716491699,0,0,0,0,0,0,5,0,0,22.440303802490234,25769803776,2147483648,18406686720,765329408
204,1790454376493,4,4,4,4,4,4,4,4,4,4,90.539794921875,86.74403381347656,86.34618377685547,89.03511810302734,79.69141387939453,90.79440307617188,92.421875,0,0,5,0,0,0,0,5,5,0,22.440303802490234,25769803776,2147483648,18406670336,765329408
204,1790454376698,4,4,4,4,4,4,4,4,4,4,90.539794921875,86.74403381347656,86.34618377685547,89.03511810302734,79.69141387939453,90.79440307617188,92.421875,4.761904716491699,0,0,0,0,0,0,5,0,0,22.440303802490234,25769803776,2147483648,18406670336,765329408
204,1790454376903,4,4,4,4,4,4,4,4,4,4,90.539794921875,86.74403381347656,86.34618377685547,89.03511810302734,79.69141387939453,90.79440307617188,92.421875,0,4.761904716491699,0,0,0,0,4.761904716491699,5,0,0,22.402631759643555,25769803776,2147483648,18406670336,765329408
204,1790454377108,4,4,4,4,4,4,4,4,4,4,90.539794921875,86.74403381347656,86.34618377685547,89.03511810302734,79.69141387939453,90.79440307617188,92.421875,0,0,0,0,0,0,0,9.090909004211426,0,0,22.402631759643555,25769803776,2147483648,18406719488,765329408
204,1790454377313,4,4,4,4,4,4,4,4,4,4,90.539794921875,86.74403381347656,86.34618377685547,89.03511810302734,79.69141387939453,90.79440307617188,92.421875,9.090909004211426,0,0,0,0,0,0,5,0,0,22.402631759643555,25769803776,2147483648,18406785024,765329408
204,1790454377518,4,4,4,4,4,4,4,4,4,4,90.4564437866211,86.71817016601563,86.45033264160156,88.97434997558594,79.88665008544922,90.75271606445313,92.078125,0,0,0,0,0,0,4.545454502105713,9.523809432983398,4.545454502105713,0,22.402631759643555,25769803776,2147483648,18406735872,765329408
204,1790454377723,4,4,4,4,4,4,4,4,4,4,90.4564437866211,86.71817016601563,86.45033264160156,88.97434997558594,79.88665008544922,90.75271606445313,92.078125,0,4.761904716491699,4.545454502105713,0,0,0,0,0,0,0,22.402631759643555,25769803776,2147483648,18406735872,765329408
204,1790454377928,4,4,4,4,4,4,4,4,4,4,90.4564437866211,86.71817016601563,86.45033264160156,88.97434997558594,79.88665008544922,90.75271606445313,92.078125,4.761904716491699,0,0,0,0,0,0,5,0,0,22.44245147705078,25769803776,2147483648,18406785024,765329408
204,1790454378133,4,4,4,4,4,4,4,4,4,4,90.4564437866211,86.71817016601563,86.45033264160156,88.97434997558594,79.88665008544922,90.75271606445313,92.078125,0,0,0,0,0,0,0,9.523809432983398,0,0,22.44245147705078,25769803776,2147483648,18406686720,765329408
204,1790454378338,4,4,4,4,4,4,4,4,4,4,90.38751220703125,86.62809753417969,86.38497161865234,88.9483413696289,79.81987762451172,90.67593383789063,94.75,0,4.761904716491699,0,0,0,0,0,5,0,0,22.44245147705078,25769803776,2147483648,18406785024,765329408
204,1790454378543,4,4,4,4,4,4,4,4,4,4,90.38751220703125,86.62809753417969,86.38497161865234,88.9483413696289,79.81987762451172,90.67593383789063,94.75,5,0,0,4.761904716491699,0,0,0,9.090909004211426,0,0,22.44245147705078,25769803776,2147483648,18406785024,765329408
204,1790454378748,4,4,4,4,4,4,4,4,4,4,90.38751220703125,86.62809753417969,86.38497161865234,88.9483413696289,79.81987762451172,90.67593383789063,94.75,0,0,0,0,0,0,0,0,4.761904716491699,0,22.44245147705078,25769803776,2147483648,18406785024,765329408
204,1790454378953,4,4,4,4,4,4,4,4,4,4,90.38751220703125,86.62809753417969,86.38497161865234,88.9483413696289,79.81987762451172,90.67593383789063,94.75,4.761904716491699,0,0,0,0,4.545454502105713,0,5,4.761904716491699,0,22.18890380859375,25769803776,2147483648,18406785024,765329408
204,1790454379158,4,4,4,4,4,4,4,4,4,4,90.38751220703125,86.62809753417969,86.38497161865234,88.9483413696289,79.81987762451172,90.67593383789063,94.75,0,0,0,0,0,0,4.761904716491699,9.090909004211426,0,4.761904716491699,22.18890380859375,25769803776,2147483648,18408620032,765329408
204,1790454379363,4,4,4,4,4,4,4,4,4,4,90.2916030883789,86.60706329345703,86.27360534667969,88.91997528076172,79.63910675048828,90.58179473876953,95.6875,5,4.545454502105713,4.761904716491699,0,0,0,0,0,0,0,22.18890380859375,25769803776,2147483648,18406866944,765329408
204,1790454379568,4,4,4,4,4,4,4,4,4,4,90.2916030883789,86.60706329345703,86.27360534667969,88.91997528076172,79.63910675048828,90.58179473876953,95.6875,4.761904716491699,0,0,0,0,0,5,0,0,0,22.18890380859375,25769803776,2147483648,18406719488,765329408
204,1790454379773,4,4,4,4,4,4,4,4,4,4,90.2916030883789,86.60706329345703,86.27360534667969,88.91997528076172,79.63910675048828,90.58179473876953,95.6875,0,4.761904716491699,0,0,4.761904716491699,0,0,5,0,0,22.18890380859375,25769803776,2147483648,18406719488,765329408
204,1790454379978,4,4,4,4,4,4,4,4,4,4,90.2916030883789,86.60706329345703,86.27360534667969,88.91997528076172,79.63910675048828,90.58179473876953,95.6875,0,0,0,0,0,0,0,9.090909004211426,0,0,22.261186599731445,25769803776,2147483648,18406785024,765329408
204,1790454380183,4,4,4,4,4,4,4,4,4,4,90.2916030883789,86.60706329345703,86.27360534667969,88.91997528076172,79.63910675048828,90.58179473876953,95.6875,4.761904716491699,0,0,0,0,0,0,5,0,0,22.261186599731445,25769803776,2147483648,18406703104,765329408
204,1790454380388,4,4,4,4,4,4,4,4,4,4,90.22786712646484,86.69721984863281,86.28545379638672,88.8495101928711,79.6400146484375,90.55545043945313,95.359375,0,0,0,0,0,0,4.761904716491699,9.523809432983398,0,0,22.261186599731445,25769803776,2147483648,18406703104,765329408
204,1790454380593,4,4,4,4,4,4,4,4,4,4,90.22786712646484,86.69721984863281,86.28545379638672,88.8495101928711,79.6400146484375,90.55545043945313,95.359375,5,4.761904716491699,0,0,0,0,0,0,0,0,22.261186599731445,25769803776,2147483648,18406703104,765329408
204,1790454380798,4,4,4,4,4,4,4,4,4,4,90.22786712646484,86.69721984863281,86.28545379638672,88.8495101928711,79.6400146484375,90.55545043945313,95.359375,0,0,0,0,0,0,0,5,9.090909004211426,0,22.261186599731445,25769803776,2147483648,18406703104,765329408
204,1790454381003,4,4,4,4,4,4,4,4,4,4,90.22786712646484,86.69721984863281,86.28545379638672,88.8495101928711,79.6400146484375,90.55545043945313,95.359375,4.761904716491699,0,0,0,0,0,4.761904716491699,9.523809432983398,0,0,22.191875457763672,25769803776,2147483648,18406703104,765329408
200,1790454381208,4,4,4,4,4,4,4,4,4,4,90.22786712646484,86.69721984863281,86.28545379638672,88.8495101928711,79.6400146484375,90.55545043945313,95.359375,0,0,0,0,0,0,0,4.761904716491699,0,0,22.191875457763672,25769803776,2147483648,18406785024,765329408
204,1790454381408,4,4,4,4,4,4,4,4,4,4,90.13251495361328,86.52601623535156,86.21088409423828,88.7340316772461,79.58741760253906,90.4905014038086,91.609375,0,0,0,0,0,0,0,10,0,0,22.191875457763672,25769803776,2147483648,18406735872,765329408
204,1790454381614,4,4,4,4,4,4,4,4,4,4,90.13251495361328,86.52601623535156,86.21088409423828,88.7340316772461,79.58741760253906,90.4905014038086,91.609375,0,0,0,0,4.545454502105713,0,0,0,0,0,22.191875457763672,25769803776,2147483648,18406735872,765329408
203,1790454381819,4,4,4,4,4,4,4,4,4,4,90.13251495361328,86.52601623535156,86.21088409423828,88.7340316772461,79.58741760253906,90.4905014038086,91.609375,4.761904716491699,0,0,0,0,0,4.761904716491699,4.761904716491699,0,0,22.191875457763672,25769803776,2147483648,18406735872,765329408
204,1790454382022,4,4,4,4,4,4,4,4,4,4,90.13251495361328,86.52601623535156,86.21088409423828,88.7340316772461,79.58741760253906,90.4905014038086,91.609375,0,0,0,0,0,0,0,4.761904716491699,0,0,22.044883728027344,25769803776,2147483648,18406735872,765329408
204,1790454382227,4,4,4,4,4,4,4,4,4,4,90.13251495361328,86.52601623535156,86.21088409423828,88.7340316772461,79.58741760253906,90.4905014038086,91.609375,0,0,0,0,0,0,9.523809432983398,4.761904716491699,0,0,22.044883728027344,25769803776,2147483648,18406653952,765329408
204,1790454382432,4,4,4,4,4,4,4,4,4,4,90.00376892089844,86.72417449951172,86.13040161132813,88.62724304199219,79.42787170410156,90.40515899658203,91.609375,4.761904716491699,0,0,0,0,0,5,0,0,0,22.044883728027344,25769803776,2147483648,18406670336,765329408
204,1790454382637,4,4,4,4,4,4,4,4,4,4,90.00376892089844,86.72417449951172,86.13040161132813,88.62724304199219,79.42787170410156,90.40515899658203,91.609375,0,0,4.545454502105713,0,0,0,5,0,0,0,22.044883728027344,25769803776,2147483648,18406653952,765329408
201,1790454382842,4,4,4,4,4,4,4,4,4,4,90.00376892089844,86.72417449951172,86.13040161132813,88.62724304199219,79.42787170410156,90.40515899658203,91.609375,4.761904716491699,4.761904716491699,0,0,4.761904716491699,0,9.523809432983398,0,4.761904716491699,4.545454502105713,21.98743438720703,25769803776,2147483648,18408243200,765329408
204,1790454383044,4,4,4,4,4,4,4,4,4,4,90.00376892089844,86.72417449951172,86.13040161132813,88.62724304199219,79.42787170410156,90.40515899658203,91.609375,0,0,0,0,0,0,0,0,4.761904716491699,0,21.98743438720703,25769803776,2147483648,18405949440,765329408
204,1790454383249,4,4,4,4,4,4,4,4,4,4,90.00376892089844,86.72417449951172,86.13040161132813,88.62724304199219,79.42787170410156,90.40515899658203,91.609375,0,0,0,0,0,0,0,5,0,0,21.98743438720703,25769803776,2147483648,18406064128,765329408
204,1790454383454,4,4,4,4,4,4,4,4,4,4,89.93136596679688,86.83228302001953,85.84261322021484,88.53118896484375,78.99456787109375,90.35257720947266,93.828125,5,4.761904716491699,0,4.545454502105713,0,0,5,0,0,0,21.98743438720703,25769803776,2147483648,18406014976,765329408
204,1790454383659,4,4,4,4,4,4,4,4,4,4,89.93136596679688,86.83228302001953,85.84261322021484,88.53118896484375,78.99456787109375,90.35257720947266,93.828125,4.761904716491699,0,0,0,0,0,9.090909004211426,4.761904716491699,0,0,21.98743438720703,25769803776,2147483648,18406014976,765329408
204,1790454383864,4,4,4,4,4,4,4,4,4,4,89.93136596679688,86.83228302001953,85.84261322021484,88.53118896484375,78.99456787109375,90.35257720947266,93.828125,4.761904716491699,0,0,0,0,0,0,0,0,0,21.849231719970703,25769803776,2147483648,18406014976,765329408
204,1790454384069,4,4,4,4,4,4,4,4,4,4,89.93136596679688,86.83228302001953,85.84261322021484,88.53118896484375,78.99456787109375,90.35257720947266,93.828125,0,4.761904716491699,4.761904716491699,0,0,0,5,0,0,0,21.849231719970703,25769803776,2147483648,18406014976,765329408
204,1790454384274,4,4,4,4,4,4,4,4,4,4,89.93136596679688,86.83228302001953,85.84261322021484,88.53118896484375,78.99456787109375,90.35257720947266,93.828125,4.761904716491699,0,0,0,0,0,9.523809432983398,0,0,0,21.849231719970703,25769803776,2147483648,18405769216,765329408
204,1790454384479,4,4,4,4,4,4,4,4,4,4,89.85073852539063,86.725830078125,85.65044403076172,88.46588134765625,78.7497787475586,90.28343963623047,94.75,0,0,0,0,0,0,4.761904716491699,4.545454502105713,0,0,21.849231719970703,25769803776,2147483648,18405769216,765329408
204,1790454384684,4,4,4,4,4,4,4,4,4,4,89.85073852539063,86.725830078125,85.65044403076172,88.46588134765625,78.7497787475586,90.28343963623047,94.75,0,0,0,4.545454502105713,0,0,9.523809432983398,0,0,0,21.849231719970703,25769803776,2147483648,18405769216,765329408
204,1790454384889,4,4,4,4,4,4,4,4,4,4,89.85073852539063,86.725830078125,85.65044403076172,88.46588134765625,78.7497787475586,90.28343963623047,94.75,4.761904716491699,4.761904716491699,0,0,0,0,0,0,4.761904716491699,0,21.79369354248047,25769803776,2147483648,18405769216,765329408
204,1790454385094,4,4,4,4,4,4,4,4,4,4,89.85073852539063,86.725830078125,85.65044403076172,88.46588134765625,78.7497787475586,90.28343963623047,94.75,0,0,0,0,0,0,9.523809432983398,0,0,0,21.79369354248047,25769803776,2147483648,18405769216,765329408
202,1790454385299,4,4,4,4,4,4,4,4,4,4,89.85073852539063,86.725830078125,85.65044403076172,88.46588134765625,78.7497787475586,90.28343963623047,94.75,0,0,0,0,0,0,4.761904716491699,0,0,0,21.79369354248047,25769803776,2147483648,18405801984,765329408
200,1790454385502,4,4,4,4,4,4,4,4,4,4,89.74832916259766,86.83475494384766,85.66228485107422,88.31932830810547,78.74661254882813,90.18309020996094,92.890625,4.761904716491699,0,0,0,0,0,5,0,4.761904716491699,0,21.79369354248047,25769803776,2147483648,18405720064,765329408
204,1790454385702,4,4,4,4,4,4,4,4,4,4,89.74832916259766,86.83475494384766,85.66228485107422,88.31932830810547,78.74661254882813,90.18309020996094,92.890625,0,0,0,0,0,0,0,9.523809432983398,0,0,21.79369354248047,25769803776,2147483648,18405687296,765329408
201,1790454385907,4,4,4,4,4,4,4,4,4,4,89.74832916259766,86.83475494384766,85.66228485107422,88.31932830810547,78.74661254882813,90.18309020996094,92.890625,0,0,0,0,0,0,4.545454502105713,5,0,0,21.705698013305664,25769803776,2147483648,18405736448,765329408
204,1790454386109,4,4,4,4,4,4,4,4,4,4,89.74832916259766,86.83475494384766,85.66228485107422,88.31932830810547,78.74661254882813,90.18309020996094,92.890625,4.761904716491699,0,0,0,0,0,5.263157844543457,0,0,0,21.705698013305664,25769803776,2147483648,18405769216,765329408
204,1790454386314,4,4,4,4,4,4,4,4,4,4,89.74832916259766,86.83475494384766,85.66228485107422,88.31932830810547,78.74661254882813,90.18309020996094,92.890625,5,9.090909004211426,4.761904716491699,0,0,0,4.761904716491699,0,0,0,21.705698013305664,25769803776,2147483648,18405900288,765329408
203,1790454386519,4,4,4,4,4,4,4,4,4,4,89.74057006835938,86.54165649414063,85.78236389160156,88.23097229003906,79.02472686767578,90.14263153076172,92.3125,9.523809432983398,0,4.761904716491699,0,0,0,9.523809432983398,0,0,0,21.705698013305664,25769803776,2147483648,18405900288,765329408
204,1790454386722,4,4,4,4,4,4,4,4,4,4,89.74057006835938,86.54165649414063,85.78236389160156,88.23097229003906,79.02472686767578,90.14263153076172,92.3125,0,0,0,0,0,0,0,0,0,0,21.705698013305664,25769803776,2147483648,18405900288,765329408
202,1790454386927,4,4,4,4,4,4,4,4,4,4,89.74057006835938,86.54165649414063,85.78236389160156,88.23097229003906,79.02472686767578,90.14263153076172,92.3125,4.761904716491699,0,0,0,0,0,5,0,0,0,21.59467315673828,25769803776,2147483648,18405900288,765329408
204,1790454387130,4,4,4,4,4,4,4,4,4,4,89.74057006835938,86.54165649414063,85.78236389160156,88.23097229003906,79.02472686767578,90.14263153076172,92.3125,0,0,0,0,4.761904716491699,0,9.523809432983398,9.090909004211426,4.761904716491699,0,21.59467315673828,25769803776,2147483648,18405900288,765329408
201,1790454387335,4,4,4,4,4,4,4,4,4,4,89.6849594116211,86.5366439819336,85.52326202392578,88.10132598876953,78.62102508544922,90.02351379394531,94.046875,0,0,0,0,0,0,0,0,0,4.545454502105713,21.59467315673828,25769803776,2147483648,18406113280,765329408
204,1790454387536,4,4,4,4,4,4,4,4,4,4,89.6849594116211,86.5366439819336,85.52326202392578,88.10132598876953,78.62102508544922,90.02351379394531,94.046875,5,0,0,0,0,0,9.523809432983398,0,0,0,21.59467315673828,25769803776,2147483648,18406064128,765329408
202,1790454387741,4,4,4,4,4,4,4,4,4,4,89.6849594116211,86.5366439819336,85.52326202392578,88.10132598876953,78.62102508544922,90.02351379394531,94.046875,0,4.761904716491699,0,0,0,0,4.761904716491699,0,4.545454502105713,0,21.59467315673828,25769803776,2147483648,18405687296,765329408
204,1790454387943,4,4,4,4,4,4,4,4,4,4,89.6849594116211,86.5366439819336,85.52326202392578,88.10132598876953,78.62102508544922,90.02351379394531,94.046875,4.761904716491699,0,0,0,0,0,5,0,0,0,21.54313087463379,25769803776,2147483648,18405736448,765329408
200,1790454388148,4,4,4,4,4,4,4,4,4,4,89.6849594116211,86.5366439819336,85.52326202392578,88.10132598876953,78.62102508544922,90.02351379394531,94.046875,0,0,0,0,0,0,9.523809432983398,0,0,0,21.54313087463379,25769803776,2147483648,18405736448,765329408
204,1790454388349,4,4,4,4,4,4,4,4,4,4,89.63964080810547,86.55813598632813,85.49771881103516,88.03324127197266,78.5912857055664,89.91881561279297,91.140625,9.523809432983398,4.761904716491699,0,0,0,0,0,0,0,0,21.54313087463379,25769803776,2147483648,18405818368,765329408
204,1790454388554,4,4,4,4,4,4,4,4,4,4,89.63964080810547,86.55813598632813,85.49771881103516,88.03324127197266,78.5912857055664,89.91881561279297,91.140625,0,0,0,0,0,0,9.523809432983398,4.761904716491699,0,0,21.54313087463379,25769803776,2147483648,18405801984,765329408
204,1790454388759,4,4,4,4,4,4,4,4,4,4,89.63964080810547,86.55813598632813,85.49771881103516,88.03324127197266,78.5912857055664,89.91881561279297,91.140625,9.090909004211426,0,0,0,0,0,5,0,0,0,21.54313087463379,25769803776,2147483648,18405687296,765329408
204,1790454388964,4,4,4,4,4,4,4,4,4,4,89.63964080810547,86.55813598632813,85.49771881103516,88.03324127197266,78.5912857055664,89.91881561279297,91.140625,0,4.761904716491699,0,0,0,0,9.523809432983398,0,4.761904716491699,0,21.4658203125,25769803776,2147483648,18405687296,765329408
204,1790454389169,4,4,4,4,4,4,4,4,4,4,89.63964080810547,86.55813598632813,85.49771881103516,88.03324127197266,78.5912857055664,89.91881561279297,91.140625,0,0,0,0,0,0,5,0,0,0,21.4658203125,25769803776,2147483648,18405769216,765329408
204,1790454389374,4,4,4,4,4,4,4,4,4,4,89.57656860351563,86.48002624511719,85.41035461425781,87.95372009277344,78.4810562133789,89.75066375732422,91.375,5,19.047618865966797,0,0,0,0,9.523809432983398,0,0,0,21.4658203125,25769803776,2147483648,18405638144,765329408
204,1790454389579,4,4,4,4,4,4,4,4,4,4,89.57656860351563,86.48002624511719,85.41035461425781,87.95372009277344,78.4810562133789,89.75066375732422,91.375,4.761904716491699,52.38095474243164,0,0,0,0,0,4.761904716491699,0,0,21.4658203125,25769803776,2147483648,18405670912,765329408
200,1790454389784,4,4,4,4,4,4,4,4,4,4,89.57656860351563,86.48002624511719,85.41035461425781,87.95372009277344,78.4810562133789,89.75066375732422,91.375,5,0,0,0,0,0,9.523809432983398,0,0,0,21.4658203125,25769803776,2147483648,18405736448,765329408
204,1790454389985,4,4,4,4,4,4,4,4,4,4,89.57656860351563,86.48002624511719,85.41035461425781,87.95372009277344,78.4810562133789,89.75066375732422,91.375,0,0,4.761904716491699,0,0,4.761904716491699,5,4.761904716491699,0,0,21.38894271850586,25769803776,2147483648,18405736448,765329408
202,1790454390190,4,4,4,4,4,4,4,4,4,4,89.57656860351563,86.48002624511719,85.41035461425781,87.95372009277344,78.4810562133789,89.75066375732422,91.375,4.761904716491699,0,0,0,0,0,0,0,0,0,21.38894271850586,25769803776,2147483648,18407555072,765329408
204,1790454390392,4,4,4,4,4,4,4,4,4,4,89.56253814697266,86.5075454711914,85.43543243408203,87.91072082519531,78.50128936767578,89.705078125,94.515625,0,4.761904716491699,0,0,0,0,9.090909004211426,0,0,0,21.38894271850586,25769803776,2147483648,18405752832,765329408
200,1790454390597,4,4,4,4,4,4,4,4,4,4,89.56253814697266,86.5075454711914,85.43543243408203,87.91072082519531,78.50128936767578,89.705078125,94.515625,4.761904716491699,0,0,0,0,0,5,0,0,0,21.38894271850586,25769803776,2147483648,18405801984,765329408
204,1790454390798,4,4,4,4,4,4,4,4,4,4,89.56253814697266,86.5075454711914,85.43543243408203,87.91072082519531,78.50128936767578,89.705078125,94.515625,5,0,0,0,0,0,5,0,0,0,21.38894271850586,25769803776,2147483648,18405900288,765329408
204,1790454391003,4,4,4,4,4,4,4,4,4,4,89.56253814697266,86.5075454711914,85.43543243408203,87.91072082519531,78.50128936767578,89.705078125,94.515625,0,0,0,0,0,0,5,0,0,0,21.39078712463379,25769803776,2147483648,18405916672,765329408
204,1790454391208,4,4,4,4,4,4,4,4,4,4,89.56253814697266,86.5075454711914,85.43543243408203,87.91072082519531,78.50128936767578,89.705078125,94.515625,0,4.761904716491699,0,0,0,0,9.523809432983398,0,4.545454502105713,0,21.39078712463379,25769803776,2147483648,18405916672,765329408
201,1790454391413,4,4,4,4,4,4,4,4,4,4,89.52415466308594,86.44284057617188,85.32781219482422,87.82173156738281,78.36286926269531,89.58641815185547,94.890625,5,0,4.761904716491699,0,0,0,5,4.761904716491699,0,0,21.39078712463379,25769803776,2147483648,18405916672,765329408
204,1790454391615,4,4,4,4,4,4,4,4,4,4,89.52415466308594,86.44284057617188,85.32781219482422,87.82173156738281,78.36286926269531,89.58641815185547,94.890625,0,5,0,0,0,0,5,0,4.761904716491699,0,21.39078712463379,25769803776,2147483648,18405736448,765329408
204,1790454391820,4,4,4,4,4,4,4,4,4,4,89.52415466308594,86.44284057617188,85.32781219482422,87.82173156738281,78.36286926269531,89.58641815185547,94.890625,4.761904716491699,0,0,0,0,0,9.090909004211426,0,0,0,21.39078712463379,25769803776,2147483648,18405736448,765329408
204,1790454392025,4,4,4,4,4,4,4,4,4,4,89.52415466308594,86.44284057617188,85.32781219482422,87.82173156738281,78.36286926269531,89.58641815185547,94.890625,0,0,0,0,0,0,5,0,0,0,21.216590881347656,25769803776,2147483648,18405736448,765329408
204,1790454392230,4,4,4,4,4,4,4,4,4,4,89.52415466308594,86.44284057617188,85.32781219482422,87.82173156738281,78.36286926269531,89.58641815185547,94.890625,4.545454502105713,0,0,0,0,0,5,0,0,0,21.216590881347656,25769803776,2147483648,18405736448,765329408
204,1790454392435,4,4,4,4,4,4,4,4,4,4,89.43595886230469,86.19831085205078,85.23712158203125,87.74142456054688,78.27640533447266,89.46607971191406,94.28125,4.761904716491699,0,0,0,0,0,5,0,0,0,21.216590881347656,25769803776,2147483648,18405785600,765329408
204,1790454392640,4,4,4,4,4,4,4,4,4,4,89.43595886230469,86.19831085205078,85.23712158203125,87.74142456054688,78.27640533447266,89.46607971191406,94.28125,0,0,0,0,0,0,5,0,0,4.545454502105713,21.216590881347656,25769803776,2147483648,18405867520,765329408
203,1790454392845,4,4,4,4,4,4,4,4,4,4,89.43595886230469,86.19831085205078,85.23712158203125,87.74142456054688,78.27640533447266,89.46607971191406,94.28125,4.761904716491699,4.761904716491699,0,0,0,0,9.090909004211426,0,0,0,21.174535751342773,25769803776,2147483648,18405867520,765329408
204,1790454393048,4,4,4,4,4,4,4,4,4,4,89.43595886230469,86.19831085205078,85.23712158203125,87.74142456054688,78.27640533447266,89.46607971191406,94.28125,0,0,0,0,0,0,5,9.090909004211426,4.761904716491699,0,21.174535751342773,25769803776,2147483648,18405867520,765329408
200,1790454393253,4,4,4,4,4,4,4,4,4,4,89.43595886230469,86.19831085205078,85.23712158203125,87.74142456054688,78.27640533447266,89.46607971191406,94.28125,0,0,0,0,0,0,9.523809432983398,0,0,0,21.174535751342773,25769803776,2147483648,18405867520,765329408
204,1790454393454,4,4,4,4,4,4,4,4,4,4,89.33429718017578,86.29676055908203,85.15738677978516,87.63382720947266,78.1948471069336,89.34687042236328,93.125,4.761904716491699,0,0,0,0,0,5,0,0,0,21.174535751342773,25769803776,2147483648,18405703680,765329408
204,1790454393659,4,4,4,4,4,4,4,4,4,4,89.33429718017578,86.29676055908203,85.15738677978516,87.63382720947266,78.1948471069336,89.34687042236328,93.125,0,0,0,4.761904716491699,0,0,5,0,0,0,21.174535751342773,25769803776,2147483648,18407784448,765329408
204,1790454393864,4,4,4,4,4,4,4,4,4,4,89.33429718017578,86.29676055908203,85.15738677978516,87.63382720947266,78.1948471069336,89.34687042236328,93.125,0,0,0,0,0,0,0,0,0,0,21.16433334350586,25769803776,2147483648,18405752832,765329408
204,1790454394069,4,4,4,4,4,4,4,4,4,4,89.33429718017578,86.29676055908203,85.15738677978516,87.63382720947266,78.1948471069336,89.34687042236328,93.125,4.761904716491699,4.761904716491699,0,0,8.69565200805664,0,4.761904716491699,5,0,0,21.16433334350586,25769803776,2147483648,18405752832,765329408
204,1790454394274,4,4,4,4,4,4,4,4,4,4,89.33429718017578,86.29676055908203,85.15738677978516,87.63382720947266,78.1948471069336,89.34687042236328,93.125,0,0,0,0,0,0,0,0,0,0,21.16433334350586,25769803776,2147483648,18405752832,765329408
204,1790454394479,4,4,4,4,4,4,4,4,4,4,89.21028900146484,86.03352355957031,85.152099609375,87.55464935302734,78.28107452392578,89.19282531738281,91.609375,0,4.545454502105713,4.761904716491699,0,0,0,9.523809432983398,4.761904716491699,0,0,21.16433334350586,25769803776,2147483648,18405408768,765329408
204,1790454394684,4,4,4,4,4,4,4,4,4,4,89.21028900146484,86.03352355957031,85.152099609375,87.55464935302734,78.28107452392578,89.19282531738281,91.609375,4.761904716491699,0,0,0,0,0,0,4.761904716491699,4.545454502105713,0,21.16433334350586,25769803776,2147483648,18405408768,765329408
200,1790454394889,4,4,4,4,4,4,4,4,4,4,89.21028900146484,86.03352355957031,85.152099609375,87.55464935302734,78.28107452392578,89.19282531738281,91.609375,0,0,0,0,0,0,5,0,0,0,20.928203582763672,25769803776,2147483648,18405359616,765329408
204,1790454395089,4,4,4,4,4,4,4,4,4,4,89.21028900146484,86.03352355957031,85.152099609375,87.55464935302734,78.28107452392578,89.19282531738281,91.609375,9.523809432983398,0,0,0,0,0,9.523809432983398,0,0,0,20.928203582763672,25769803776,2147483648,18405359616,765329408
204,1790454395294,4,4,4,4,4,4,4,4,4,4,89.21028900146484,86.03352355957031,85.152099609375,87.55464935302734,78.28107452392578,89.19282531738281,91.609375,0,0,0,0,0,0,5,0,4.761904716491699,0,20.928203582763672,25769803776,2147483648,18405359616,765329408
204,1790454395499,4,4,4,4,4,4,4,4,4,4,89.11538696289063,85.94979095458984,85.11105346679688,87.50059509277344,78.22026824951172,89.05519104003906,93.59375,0,4.761904716491699,0,0,0,0,9.523809432983398,4.761904716491699,0,0,20.928203582763672,25769803776,2147483648,18405261312,765329408
204,1790454395704,4,4,4,4,4,4,4,4,4,4,89.11538696289063,85.94979095458984,85.11105346679688,87.50059509277344,78.22026824951172,89.05519104003906,93.59375,4.761904716491699,0,0,0,0,0,4.761904716491699,0,0,0,20.928203582763672,25769803776,2147483648,18405310464,765329408
204,1790454395909,4,4,4,4,4,4,4,4,4,4,89.11538696289063,85.94979095458984,85.11105346679688,87.50059509277344,78.22026824951172,89.05519104003906,93.59375,0,0,0,0,0,0,0,0,0,0,20.9545841217041,25769803776,2147483648,18405244928,765329408
204,1790454396114,4,4,4,4,4,4,4,4,4,4,89.11538696289063,85.94979095458984,85.11105346679688,87.50059509277344,78.22026824951172,89.05519104003906,93.59375,0,0,0,4.761904716491699,0,0,9.523809432983398,4.761904716491699,0,0,20.9545841217041,25769803776,2147483648,18405244928,765329408
204,1790454396319,4,4,4,4,4,4,4,4,4,4,89.11538696289063,85.99209594726563,84.94149780273438,87.50059509277344,77.99539184570313,89.05519104003906,93.59375,4.761904716491699,0,0,0,0,0,5,0,0,0,20.9545841217041,25769803776,2147483648,18405244928,765329408
200,1790454396524,4,4,4,4,4,4,4,4,4,4,89.0871353149414,85.99209594726563,84.94149780273438,87.39527130126953,77.99539184570313,89.06368255615234,93.59375,0,0,0,0,0,0,9.090909004211426,0,0,0,20.9545841217041,25769803776,2147483648,18405572608,765329408
204,1790454396725,4,4,4,4,4,4,4,4,4,4,89.0871353149414,85.99209594726563,84.94149780273438,87.39527130126953,77.99539184570313,89.06368255615234,93.59375,5,4.761904716491699,0,0,0,0,5,0,5,0,20.9545841217041,25769803776,2147483648,18405588992,765329408
204,1790454396930,4,4,4,4,4,4,4,4,4,4,89.0871353149414,85.99209594726563,84.94149780273438,87.39527130126953,77.99539184570313,89.06368255615234,93.59375,0,0,0,0,0,0,5,0,0,0,20.85803985595703,25769803776,2147483648,18405638144,765329408
204,1790454397135,4,4,4,4,4,4,4,4,4,4,89.0871353149414,85.99209594726563,84.94149780273438,87.39527130126953,77.99539184570313,89.06368255615234,93.59375,4.761904716491699,0,0,0,0,0,5,0,0,0,20.85803985595703,25769803776,2147483648,18405539840,765329408
204,1790454397340,4,4,4,4,4,4,4,4,4,4,88.99144744873047,85.80299377441406,84.82028198242188,87.21853637695313,77.89714813232422,88.8880844116211,91.25,4.761904716491699,4.761904716491699,0,0,0,0,5,4.761904716491699,0,0,20.85803985595703,25769803776,2147483648,18405588992,765329408
201,1790454397545,4,4,4,4,4,4,4,4,4,4,88.99144744873047,85.80299377441406,84.82028198242188,87.21853637695313,77.89714813232422,88.8880844116211,91.25,4.761904716491699,0,0,0,0,0,9.090909004211426,0,4.545454502105713,0,20.85803985595703,25769803776,2147483648,18407424000,765329408
204,1790454397747,4,4,4,4,4,4,4,4,4,4,88.99144744873047,85.80299377441406,84.82028198242188,87.21853637695313,77.89714813232422,88.8880844116211,91.25,0,0,4.761904716491699,0,0,0,0,0,0,0,20.85803985595703,25769803776,2147483648,18405621760,765329408
204,1790454397952,4,4,4,4,4,4,4,4,4,4,88.99144744873047,85.80299377441406,84.82028198242188,87.21853637695313,77.89714813232422,88.8880844116211,91.25,0,0,0,0,0,0,5,0,0,0,20.823020935058594,25769803776,2147483648,18405621760,765329408
204,1790454398157,4,4,4,4,4,4,4,4,4,4,88.99144744873047,85.80299377441406,84.82028198242188,87.21853637695313,77.89714813232422,88.8880844116211,91.25,4.761904716491699,4.545454502105713,0,0,0,0,9.090909004211426,0,0,0,20.823020935058594,25769803776,2147483648,18405621760,765329408
204,1790454398362,4,4,4,4,4,4,4,4,4,4,88.9291763305664,85.89970397949219,84.77265167236328,87.10230255126953,77.8442153930664,88.77758026123047,90.671875,0,0,0,0,0,0,5,0,0,0,20.823020935058594,25769803776,2147483648,18405621760,765329408
204,1790454398567,4,4,4,4,4,4,4,4,4,4,88.9291763305664,85.89970397949219,84.77265167236328,87.10230255126953,77.8442153930664,88.77758026123047,90.671875,9.523809432983398,0,0,0,0,0,0,9.523809432983398,0,0,20.823020935058594,25769803776,2147483648,18405670912,765329408
204,1790454398772,4,4,4,4,4,4,4,4,4,4,88.9291763305664,85.89970397949219,84.77265167236328,87.10230255126953,77.8442153930664,88.77758026123047,90.671875,0,0,0,0,0,0,9.523809432983398,0,0,0,20.823020935058594,25769803776,2147483648,18405670912,765329408
204,1790454398977,4,4,4,4,4,4,4,4,4,4,88.9291763305664,85.89970397949219,84.77265167236328,87.10230255126953,77.8442153930664,88.77758026123047,90.671875,4.761904716491699,4.761904716491699,0,0,0,0,4.761904716491699,0,4.761904716491699,0,20.695158004760742,25769803776,2147483648,18405736448,765329408
204,1790454399182,4,4,4,4,4,4,4,4,4,4,88.9291763305664,85.89970397949219,84.77265167236328,87.10230255126953,77.8442153930664,88.77758026123047,90.671875,0,0,0,0,0,0,5,0,0,0,20.695158004760742,25769803776,2147483648,18405736448,765329408
204,1790454399387,4,4,4,4,4,4,4,4,4,4,88.85546875,85.68113708496094,84.74987030029297,87.05425262451172,77.94769287109375,88.6459732055664,90.203125,0,4.761904716491699,0,0,0,0,5,0,0,0,20.695158004760742,25769803776,2147483648,18405736448,765329408
200,1790454399592,4,4,4,4,4,4,4,4,4,4,88.85546875,85.68113708496094,84.74987030029297,87.05425262451172,77.94769287109375,88.6459732055664,90.203125,4.761904716491699,0,4.761904716491699,0,0,0,0,9.523809432983398,0,0,20.695158004760742,25769803776,2147483648,18405801984,765329408
204,1790454399792,4,4,4,4,4,4,4,4,4,4,88.85546875,85.68113708496094,84.74987030029297,87.05425262451172,77.94769287109375,88.6459732055664,90.203125,0,0,0,0,0,0,9.523809432983398,0,0,0,20.695158004760742,25769803776,2147483648,18405801984,765329408
204,1790454399997,4,4,4,4,4,4,4,4,4,4,88.85546875,85.68113708496094,84.74987030029297,87.05425262451172,77.94769287109375,88.6459732055664,90.203125,9.090909004211426,0,0,0,0,0,5,0,0,0,20.556734085083008,25769803776,2147483648,18405883904,765329408
204,1790454400202,4,4,4,4,4,4,4,4,4,4,88.85546875,85.68113708496094,84.74987030029297,87.05425262451172,77.94769287109375,88.6459732055664,90.203125,0,0,0,0,0,0,9.523809432983398,4.761904716491699,0,0,20.556734085083008,25769803776,2147483648,18405933056,765329408
204,1790454400407,4,4,4,4,4,4,4,4,4,4,88.76100158691406,85.49781799316406,84.67524719238281,86.95469665527344,77.86345672607422,88.50916290283203,90.671875,0,0,0,0,0,0,4.761904716491699,0,0,4.545454502105713,20.556734085083008,25769803776,2147483648,18405900288,765329408
204,1790454400612,4,4,4,4,4,4,4,4,4,4,88.76100158691406,85.49781799316406,84.67524719238281,86.95469665527344,77.86345672607422,88.50916290283203,90.671875,4.761904716491699,4.761904716491699,0,0,0,0,5,0,4.761904716491699,0,20.556734085083008,25769803776,2147483648,18405900288,765329408
204,1790454400818,4,4,4,4,4,4,4,4,4,4,88.76100158691406,85.49781799316406,84.67524719238281,86.95469665527344,77.86345672607422,88.50916290283203,90.671875,0,0,0,0,0,0,5,0,0,0,20.556734085083008,25769803776,2147483648,18406096896,765329408
204,1790454401023,4,4,4,4,4,4,4,4,4,4,88.76100158691406,85.49781799316406,84.67524719238281,86.95469665527344,77.86345672607422,88.50916290283203,90.671875,0,0,0,0,0,0,5,0,0,0,20.59604263305664,25769803776,2147483648,18406064128,765329408
204,1790454401228,4,4,4,4,4,4,4,4,4,4,88.76100158691406,85.49781799316406,84.67524719238281,86.95469665527344,77.86345672607422,88.50916290283203,90.671875,4.761904716491699,0,0,0,0,0,4.761904716491699,0,4.761904716491699,0,20.59604263305664,25769803776,2147483648,18407866368,765329408
201,1790454401433,4,4,4,4,4,4,4,4,4,4,88.69995880126953,85.58477783203125,84.50314331054688,86.81752014160156,77.57719421386719,88.5276870727539,90.671875,0,0,0,0,0,0,4.761904716491699,0,0,0,20.59604263305664,25769803776,2147483648,18407866368,765329408
204,1790454401634,4,4,4,4,4,4,4,4,4,4,88.69995880126953,85.58477783203125,84.50314331054688,86.81752014160156,77.57719421386719,88.5276870727539,90.671875,4.761904716491699,0,0,0,0,0,0,9.523809432983398,0,0,20.59604263305664,25769803776,2147483648,18406195200,765329408
204,1790454401839,4,4,4,4,4,4,4,4,4,4,88.69995880126953,85.58477783203125,84.50314331054688,86.81752014160156,77.57719421386719,88.5276870727539,90.671875,0,0,0,0,0,0,5,0,0,0,20.536365509033203,25769803776,2147483648,18405834752,765329408
204,1790454402044,4,4,4,4,4,4,4,4,4,4,88.69995880126953,85.58477783203125,84.50314331054688,86.81752014160156,77.57719421386719,88.5276870727539,90.671875,0,4.761904716491699,0,0,0,0,4.761904716491699,0,0,0,20.536365509033203,25769803776,2147483648,18405834752,765329408
204,1790454402249,4,4,4,4,4,4,4,4,4,4,88.69995880126953,85.58477783203125,84.50314331054688,86.81752014160156,77.57719421386719,88.5276870727539,90.671875,0,0,4.761904716491699,0,0,0,9.523809432983398,0,0,0,20.536365509033203,25769803776,2147483648,18405834752,765329408
204,1790454402455,4,4,4,4,4,4,4,4,4,4,88.55511474609375,85.28785705566406,84.55389404296875,86.69085693359375,77.80150604248047,88.42669677734375,91.71875,4.761904716491699,0,0,0,0,0,0,9.523809432983398,0,0,20.536365509033203,25769803776,2147483648,18405834752,765329408
204,1790454402660,4,4,4,4,4,4,4,4,4,4,88.55511474609375,85.28785705566406,84.55389404296875,86.69085693359375,77.80150604248047,88.42669677734375,91.71875,0,4.545454502105713,0,0,0,0,5,0,0,0,20.536365509033203,25769803776,2147483648,18405933056,765329408
204,1790454402865,4,4,4,4,4,4,4,4,4,4,88.55511474609375,85.28785705566406,84.55389404296875,86.69085693359375,77.80150604248047,88.42669677734375,91.71875,0,0,0,0,0,0,9.523809432983398,0,0,0,20.361562728881836,25769803776,2147483648,18405949440,765329408
200,1790454403070,4,4,4,4,4,4,4,4,4,4,88.55511474609375,85.28785705566406,84.55389404296875,86.69085693359375,77.80150604248047,88.42669677734375,91.71875,4.761904716491699,4.761904716491699,0,0,4.761904716491699,0,0,0,4.545454502105713,0,20.361562728881836,25769803776,2147483648,18405949440,765329408
204,1790454403270,4,4,4,4,4,4,4,4,4,4,88.55511474609375,85.28785705566406,84.55389404296875,86.69085693359375,77.80150604248047,88.42669677734375,91.71875,0,0,0,0,0,0,10,0,0,0,20.361562728881836,25769803776,2147483648,18405949440,765329408
202,1790454403475,4,4,4,4,4,4,4,4,4,4,88.4781265258789,85.35456085205078,84.38284301757813,86.59475708007813,77.48648834228516,88.38968658447266,89.734375,9.090909004211426,0,0,0,0,0,0,5,4.545454502105713,0,20.361562728881836,25769803776,2147483648,18405949440,765329408
204,1790454403677,4,4,4,4,4,4,4,4,4,4,88.4781265258789,85.35456085205078,84.38284301757813,86.59475708007813,77.48648834228516,88.38968658447266,89.734375,0,0,0,0,0,0,5,4.761904716491699,0,0,20.361562728881836,25769803776,2147483648,18405212160,765329408
204,1790454403882,4,4,4,4,4,4,4,4,4,4,88.4781265258789,85.35456085205078,84.38284301757813,86.59475708007813,77.48648834228516,88.38968658447266,89.734375,0,0,0,0,0,0,5,0,0,0,20.393312454223633,25769803776,2147483648,18405212160,765329408
204,1790454404087,4,4,4,4,4,4,4,4,4,4,88.4781265258789,85.35456085205078,84.38284301757813,86.59475708007813,77.48648834228516,88.38968658447266,89.734375,4.761904716491699,4.761904716491699,0,0,4.761904716491699,0,4.761904716491699,5,0,0,20.393312454223633,25769803776,2147483648,18405507072,765329408
204,1790454404292,4,4,4,4,4,4,4,4,4,4,88.4781265258789,85.35456085205078,84.38284301757813,86.59475708007813,77.48648834228516,88.38968658447266,89.734375,0,0,4.761904716491699,0,0,0,5,0,0,0,20.393312454223633,25769803776,2147483648,18405457920,765329408
204,1790454404497,4,4,4,4,4,4,4,4,4,4,88.36199188232422,85.19996643066406,84.45653533935547,86.4760513305664,77.72185516357422,88.23336029052734,92.65625,4.761904716491699,0,0,0,0,0,9.523809432983398,0,0,0,20.393312454223633,25769803776,2147483648,18405457920,765329408
204,1790454404702,4,4,4,4,4,4,4,4,4,4,88.36199188232422,85.19996643066406,84.45653533935547,86.4760513305664,77.72185516357422,88.23336029052734,92.65625,0,0,0,0,0,0,5,4.545454502105713,0,0,20.393312454223633,25769803776,2147483648,18405392384,765329408
203,1790454404907,4,4,4,4,4,4,4,4,4,4,88.36199188232422,85.19996643066406,84.45653533935547,86.4760513305664,77.72185516357422,88.23336029052734,92.65625,0,0,0,0,0,0,0,0,0,0,20.260517120361328,25769803776,2147483648,18406703104,765329408
202,1790454405111,4,4,4,4,4,4,4,4,4,4,88.36199188232422,85.19996643066406,84.45653533935547,86.4760513305664,77.72185516357422,88.23336029052734,92.65625,4.761904716491699,4.761904716491699,0,0,0,0,5,0,0,4.545454502105713,20.260517120361328,25769803776,2147483648,18405212160,765329408
204,1790454405313,4,4,4,4,4,4,4,4,4,4,88.36199188232422,85.19996643066406,84.45653533935547,86.4760513305664,77.72185516357422,88.23336029052734,92.65625,0,0,0,0,0,0,9.523809432983398,4.761904716491699,4.761904716491699,0,20.260517120361328,25769803776,2147483648,18405212160,765329408
204,1790454405518,4,4,4,4,4,4,4,4,4,4,88.23328399658203,85.12889099121094,84.13182830810547,86.28923034667969,77.276611328125,88.14359283447266,92.890625,4.761904716491699,0,0,4.545454502105713,0,0,5,0,0,0,20.260517120361328,25769803776,2147483648,18405261312,765329408
202,1790454405723,4,4,4,4,4,4,4,4,4,4,88.23328399658203,85.12889099121094,84.13182830810547,86.28923034667969,77.276611328125,88.14359283447266,92.890625,4.761904716491699,4.761904716491699,0,0,0,0,4.761904716491699,0,0,4.761904716491699,20.260517120361328,25769803776,2147483648,18405212160,765329408
204,1790454405926,4,4,4,4,4,4,4,4,4,4,88.23328399658203,85.12889099121094,84.13182830810547,86.28923034667969,77.276611328125,88.14359283447266,92.890625,0,0,0,0,0,0,0,0,0,0,20.281457901000977,25769803776,2147483648,18405113856,765329408
204,1790454406131,4,4,4,4,4,4,4,4,4,4,88.23328399658203,85.12889099121094,84.13182830810547,86.28923034667969,77.276611328125,88.14359283447266,92.890625,0,0,0,0,0,0,5,0,0,0,20.281457901000977,25769803776,2147483648,18405163008,765329408
204,1790454406336,4,4,4,4,4,4,4,4,4,4,88.1732177734375,85.05403137207031,84.00911712646484,86.42678833007813,77.17804718017578,88.06847381591797,103.375,4.761904716491699,0,0,0,0,0,9.090909004211426,0,0,0,20.281457901000977,25769803776,2147483648,18405113856,765329408
200,1790454406540,4,4,4,4,4,4,4,4,4,4,88.1732177734375,85.05403137207031,84.00911712646484,86.42678833007813,77.17804718017578,88.06847381591797,103.375,0,0,0,4.761904716491699,0,0,5,4.545454502105713,0,0,20.281457901000977,25769803776,2147483648,18405113856,765329408
204,1790454406741,4,4,4,4,4,4,4,4,4,4,88.1732177734375,85.05403137207031,84.00911712646484,86.42678833007813,77.17804718017578,88.06847381591797,103.375,4.761904716491699,0,0,0,0,0,9.523809432983398,0,0,0,20.281457901000977,25769803776,2147483648,18405146624,765329408
202,1790454406946,4,4,4,4,4,4,4,4,4,4,88.1732177734375,85.05403137207031,84.00911712646484,86.42678833007813,77.17804718017578,88.06847381591797,103.375,0,0,0,0,0,0,5,0,0,0,20.180158615112305,25769803776,2147483648,18405146624,765329408
204,1790454407148,4,4,4,4,4,4,4,4,4,4,88.1732177734375,85.05403137207031,84.00911712646484,86.42678833007813,77.17804718017578,88.06847381591797,103.375,5,4.761904716491699,0,0,0,0,5,0,4.761904716491699,0,20.180158615112305,25769803776,2147483648,18405195776,765329408
204,1790454407353,4,4,4,4,4,4,4,4,4,4,87.98065948486328,85.08078002929688,83.97090911865234,86.15870666503906,77.1392822265625,87.9100341796875,92.890625,0,4.761904716491699,0,0,0,0,5,4.761904716491699,4.545454502105713,0,20.180158615112305,25769803776,2147483648,18405195776,765329408
203,1790454407558,4,4,4,4,4,4,4,4,4,4,87.98065948486328,85.08078002929688,83.97090911865234,86.15870666503906,77.1392822265625,87.9100341796875,92.890625,4.761904716491699,0,0,0,0,0,5,0,0,0,20.180158615112305,25769803776,2147483648,18405195776,765329408
203,1790454407762,4,4,4,4,4,4,4,4,4,4,87.98065948486328,85.08078002929688,83.97090911865234,86.15870666503906,77.1392822265625,87.9100341796875,92.890625,4.761904716491699,0,0,0,0,0,9.523809432983398,0,0,0,20.180158615112305,25769803776,2147483648,18405097472,765329408
201,1790454407966,4,4,4,4,4,4,4,4,4,4,87.98065948486328,85.08078002929688,83.97090911865234,86.15870666503906,77.1392822265625,87.9100341796875,92.890625,0,0,0,0,0,0,5,0,0,0,20.019901275634766,25769803776,2147483648,18405146624,765329408
201,1790454408168,4,4,4,4,4,4,4,4,4,4,87.98065948486328,85.08078002929688,83.97090911865234,86.15870666503906,77.1392822265625,87.9100341796875,92.890625,0,0,0,0,0,0,9.523809432983398,4.761904716491699,0,0,20.019901275634766,25769803776,2147483648,18404950016,765329408
204,1790454408370,4,4,4,4,4,4,4,4,4,4,87.88645935058594,84.88424682617188,83.81936645507813,86.12518310546875,76.9595947265625,87.83527374267578,89.265625,4.761904716491699,0,0,0,0,0,0,0,0,0,20.019901275634766,25769803776,2147483648,18406801408,765329408
204,1790454408575,4,4,4,4,4,4,4,4,4,4,87.88645935058594,84.88424682617188,83.81936645507813,86.12518310546875,76.9595947265625,87.83527374267578,89.265625,0,4.545454502105713,0,0,0,0,4.761904716491699,0,0,0,20.019901275634766,25769803776,2147483648,18404982784,765329408
201,1790454408780,4,4,4,4,4,4,4,4,4,4,87.88645935058594,84.88424682617188,83.81936645507813,86.12518310546875,76.9595947265625,87.83527374267578,89.265625,0,0,4.761904716491699,0,0,0,0,5,0,0,20.019901275634766,25769803776,2147483648,18405031936,765329408
204,1790454408981,4,4,4,4,4,4,4,4,4,4,87.88645935058594,84.88424682617188,83.81936645507813,86.12518310546875,76.9595947265625,87.83527374267578,89.265625,5,0,0,0,0,0,5,0,0,0,20.036447525024414,25769803776,2147483648,18404999168,765329408
202,1790454409186,4,4,4,4,4,4,4,4,4,4,87.88645935058594,84.88424682617188,83.81936645507813,86.12518310546875,76.9595947265625,87.83527374267578,89.265625,0,0,4.545454502105713,0,4.761904716491699,0,5,0,0,0,20.036447525024414,25769803776,2147483648,18404999168,765329408
204,1790454409388,4,4,4,4,4,4,4,4,4,4,87.6923828125,84.81007385253906,83.85332489013672,86.05928802490234,77.05445098876953,87.66159057617188,91.71875,4.761904716491699,0,0,0,0,0,5,4.761904716491699,4.761904716491699,0,20.036447525024414,25769803776,2147483648,18405048320,765329408
202,1790454409593,4,4,4,4,4,4,4,4,4,4,87.6923828125,84.81007385253906,83.85332489013672,86.05928802490234,77.05445098876953,87.66159057617188,91.71875,4.761904716491699,4.761904716491699,0,0,0,0,0,5,4.761904716491699,0,20.036447525024414,25769803776,2147483648,18405048320,765329408
204,1790454409796,4,4,4,4,4,4,4,4,4,4,87.6923828125,84.81007385253906,83.85332489013672,86.05928802490234,77.05445098876953,87.66159057617188,91.71875,0,0,0,0,0,0,9.523809432983398,0,0,0,20.036447525024414,25769803776,2147483648,18404917248,765329408
204,1790454410001,4,4,4,4,4,4,4,4,4,4,87.6923828125,84.81007385253906,83.85332489013672,86.05928802490234,77.05445098876953,87.66159057617188,91.71875,9.523809432983398,5,0,0,0,0,4.761904716491699,0,0,0,19.938215255737305,25769803776,2147483648,18405621760,765329408
204,1790454410206,4,4,4,4,4,4,4,4,4,4,87.6923828125,84.81007385253906,83.85332489013672,86.05928802490234,77.05445098876953,87.66159057617188,91.71875,15.000000953674316,19.047618865966797,5,0,0,4.761904716491699,60.000003814697266,20,10,9.523809432983398,19.938215255737305,25769803776,2147483648,18448072704,765329408
203,1790454410411,4,4,4,4,4,4,4,4,4,4,88.05997467041016,86.22486877441406,84.8377685546875,86.48060607910156,78.02580261230469,88.23877716064453,97.6875,14.285715103149414,4.761904716491699,4.545454502105713,4.761904716491699,9.523809432983398,0,0,9.523809432983398,0,4.761904716491699,19.938215255737305,25769803776,2147483648,18448072704,765329408
204,1790454410615,4,4,4,4,4,4,4,4,4,4,88.05997467041016,86.22486877441406,84.8377685546875,86.48060607910156,78.02580261230469,88.23877716064453,97.6875,10.526315689086914,5,0,0,4.761904716491699,0,5,0,0,0,19.938215255737305,25769803776,2147483648,18448072704,765329408
202,1790454410820,4,4,4,4,4,4,4,4,4,4,88.05997467041016,86.22486877441406,84.8377685546875,86.48060607910156,78.02580261230469,88.23877716064453,97.6875,14.285715103149414,10,0,0,0,0,9.523809432983398,0,0,0,19.938215255737305,25769803776,2147483648,18448580608,765329408
204,1790454411022,4,4,4,4,4,4,4,4,4,4,88.05997467041016,86.22486877441406,84.8377685546875,86.48060607910156,78.02580261230469,88.23877716064453,97.6875,5,5,0,0,0,0,5,0,0,0,19.755441665649414,25769803776,2147483648,18448580608,765329408
204,1790454411227,4,4,4,4,4,4,4,4,4,4,88.05997467041016,86.22486877441406,84.8377685546875,86.48060607910156,78.02580261230469,88.23877716064453,97.6875,9.523809432983398,4.761904716491699,4.761904716491699,0,0,0,9.523809432983398,0,0,0,19.755441665649414,25769803776,2147483648,18448580608,765329408
204,1790454411432,4,4,4,4,4,4,4,4,4,4,87.14640808105469,84.97218322753906,84.05622863769531,85.65998077392578,77.2104721069336,87.31303405761719,92.546875,30.000001907348633,20,9.523809432983398,5,18.18181800842285,4.761904716491699,0,0,0,0,19.755441665649414,25769803776,2147483648,18448580608,765329408
204,1790454411637,4,4,4,4,4,4,4,4,4,4,87.14640808105469,84.97218322753906,84.05622863769531,85.65998077392578,77.2104721069336,87.31303405761719,92.546875,0,0,0,0,0,0,9.523809432983398,0,0,0,19.755441665649414,25769803776,2147483648,18448580608,765329408
204,1790454411842,4,4,4,4,4,4,4,4,4,4,87.14640808105469,84.97218322753906,84.05622863769531,85.65998077392578,77.2104721069336,87.31303405761719,92.546875,4.761904716491699,4.761904716491699,0,0,0,0,5,0,0,0,20.083969116210938,25769803776,2147483648,18464473088,765329408
204,1790454412047,4,4,4,4,4,4,4,4,4,4,87.14640808105469,84.97218322753906,84.05622863769531,85.65998077392578,77.2104721069336,87.31303405761719,92.546875,0,4.761904716491699,0,0,0,0,0,9.090909004211426,0,0,20.083969116210938,25769803776,2147483648,18461868032,765329408
209,1790454412252,4,4,4,4,4,4,4,4,4,4,87.14640808105469,84.97218322753906,84.05622863769531,85.65998077392578,77.2104721069336,87.31303405761719,92.546875,9.523809432983398,10,9.523809432983398,9.523809432983398,0,0,0,0,4.545454502105713,0,20.083969116210938,25769803776,2147483648,18466783232,765329408
209,1790454412462,4,4,4,4,4,4,4,4,4,4,86.80931854248047,84.4007568359375,83.48759460449219,85.3148422241211,76.56501770019531,87.03608703613281,93.953125,5,4.761904716491699,4.761904716491699,0,0,0,9.090909004211426,4.545454502105713,0,0,20.083969116210938,25769803776,2147483648,18466766848,765329408
200,1790454412672,4,4,4,4,4,4,4,4,4,4,86.80931854248047,84.4007568359375,83.48759460449219,85.3148422241211,76.56501770019531,87.03608703613281,93.953125,4.545454502105713,4.545454502105713,0,0,0,0,4.761904716491699,0,0,0,20.083969116210938,25769803776,2147483648,18467061760,765329408
209,1790454412873,4,4,4,4,4,4,4,4,4,4,86.80931854248047,84.4007568359375,83.48759460449219,85.3148422241211,76.56501770019531,87.03608703613281,93.953125,0,0,0,0,0,0,5,0,0,0,18.697757720947266,25769803776,2147483648,18439602176,765329408
209,1790454413083,4,4,4,4,4,4,4,4,4,4,86.80931854248047,84.4007568359375,83.48759460449219,85.3148422241211,76.56501770019531,87.03608703613281,93.953125,4.545454502105713,0,0,0,0,0,9.523809432983398,0,4.545454502105713,0,18.697757720947266,25769803776,2147483648,18439602176,765329408
209,1790454413293,4,4,4,4,4,4,4,4,4,4,86.80931854248047,84.4007568359375,83.48759460449219,85.3148422241211,76.56501770019531,87.03608703613281,93.953125,0,0,0,0,0,0,4.761904716491699,0,0,0,18.697757720947266,25769803776,2147483648,18439897088,765329408
209,1790454413503,4,4,4,4,4,4,4,4,4,4,87.0916519165039,84.3436050415039,83.36593627929688,85.54593658447266,76.4051284790039,87.30347442626953,93.25,4.761904716491699,0,4.545454502105713,0,0,0,4.761904716491699,0,0,0,18.697757720947266,25769803776,2147483648,18439847936,765329408
209,1790454413713,4,4,4,4,4,4,4,4,4,4,87.0916519165039,84.3436050415039,83.36593627929688,85.54593658447266,76.4051284790039,87.30347442626953,93.25,0,4.761904716491699,0,0,0,0,5,4.545454502105713,0,0,18.697757720947266,25769803776,2147483648,18439700480,765329408
209,1790454413923,4,4,4,4,4,4,4,4,4,4,87.0916519165039,84.3436050415039,83.36593627929688,85.54593658447266,76.4051284790039,87.30347442626953,93.25,4.761904716491699,0,0,0,0,0,4.761904716491699,0,0,0,19.863637924194336,25769803776,2147483648,18439749632,765329408
209,1790454414133,4,4,4,4,4,4,4,4,4,4,87.0916519165039,84.3436050415039,83.36593627929688,85.54593658447266,76.4051284790039,87.30347442626953,93.25,4.545454502105713,0,0,0,0,0,9.090909004211426,0,4.545454502105713,0,19.863637924194336,25769803776,2147483648,18439913472,765329408
209,1790454414343,4,4,4,4,4,4,4,4,4,4,86.97701263427734,84.48587799072266,83.411376953125,85.41207885742188,76.44717407226563,87.21324157714844,88.796875,45,42.85714340209961,38.095237731933594,38.095237731933594,40.90909194946289,40.90909194946289,4.761904716491699,4.545454502105713,0,0,19.863637924194336,25769803776,2147483648,18482970624,765329408
209,1790454414553,4,4,4,4,4,4,4,4,4,4,86.97701263427734,84.48587799072266,83.411376953125,85.41207885742188,76.44717407226563,87.21324157714844,88.796875,85.71428680419922,90.47618865966797,85.71428680419922,85,76.19047546386719,71.42857360839844,14.285715103149414,4.761904716491699,0,0,19.863637924194336,25769803776,2147483648,18563039232,765329408
209,1790454414763,4,4,4,4,4,4,4,4,4,4,86.97701263427734,84.48587799072266,83.411376953125,85.41207885742188,76.44717407226563,87.21324157714844,88.796875,80,55,35,27.272727966308594,14.285715103149414,10,4.761904716491699,0,4.761904716491699,0,19.863637924194336,25769803776,2147483648,18587615232,765329408
200,1790454414973,4,4,4,4,4,4,4,4,4,4,86.97701263427734,84.48587799072266,83.411376953125,85.41207885742188,76.44717407226563,87.21324157714844,88.796875,28.571430206298828,18.18181800842285,9.523809432983398,4.761904716491699,4.761904716491699,4.545454502105713,5,0,0,0,19.84441566467285,25769803776,2147483648,18580324352,765329408
209,1790454415173,4,4,4,4,4,4,4,4,4,4,86.97701263427734,84.48587799072266,83.411376953125,85.41207885742188,76.44717407226563,87.21324157714844,88.796875,9.523809432983398,5,4.761904716491699,5,0,0,5,0,4.761904716491699,0,19.84441566467285,25769803776,2147483648,18580078592,765329408
209,1790454415383,4,4,4,4,4,4,4,4,4,4,87.0976791381836,84.98637390136719,83.76382446289063,85.4785385131836,76.80805206298828,87.38029479980469,90.546875,5,5,0,0,0,0,0,4.761904716491699,0,0,19.84441566467285,25769803776,2147483648,18580078592,765329408
209,1790454415593,4,4,4,4,4,4,4,4,4,4,87.0976791381836,84.98637390136719,83.76382446289063,85.4785385131836,76.80805206298828,87.38029479980469,90.546875,15.000000953674316,9.523809432983398,9.090909004211426,4.761904716491699,0,0,4.545454502105713,9.090909004211426,0,0,19.84441566467285,25769803776,2147483648,18580078592,765329408
209,1790454415803,4,4,4,4,4,4,4,4,4,4,87.0976791381836,84.98637390136719,83.76382446289063,85.4785385131836,76.80805206298828,87.38029479980469,90.546875,13.636363983154297,9.090909004211426,4.761904716491699,0,0,0,5,0,0,4.545454502105713,19.84441566467285,25769803776,2147483648,18580078592,765329408
209,1790454416013,4,4,4,4,4,4,4,4,4,4,87.0976791381836,84.98637390136719,83.76382446289063,85.4785385131836,76.80805206298828,87.38029479980469,90.546875,14.285715103149414,5,5,0,8.69565200805664,4.545454502105713,0,0,0,0,20.566591262817383,25769803776,2147483648,18580455424,765329408
209,1790454416223,4,4,4,4,4,4,4,4,4,4,87.0976791381836,84.98637390136719,83.76382446289063,85.4785385131836,76.80805206298828,87.38029479980469,90.546875,40,33.333335876464844,14.285715103149414,20,15.000000953674316,5,4.761904716491699,0,0,0,20.566591262817383,25769803776,2147483648,18580127744,765329408
206,1790454416433,4,4,4,4,4,4,4,4,4,4,86.58221435546875,84.2274398803711,83.49109649658203,85.11874389648438,76.63848114013672,86.84907531738281,93.25,13.043478012084961,4.761904716491699,4.761904716491699,0,0,0,9.090909004211426,0,0,4.545454502105713,20.566591262817383,25769803776,2147483648,18580127744,765329408
209,1790454416640,4,4,4,4,4,4,4,4,4,4,86.58221435546875,84.2274398803711,83.49109649658203,85.11874389648438,76.63848114013672,86.84907531738281,93.25,0,0,0,0,0,0,5,0,0,0,20.566591262817383,25769803776,2147483648,18580127744,765329408
203,1790454416850,4,4,4,4,4,4,4,4,4,4,86.58221435546875,84.2274398803711,83.49109649658203,85.11874389648438,76.63848114013672,86.84907531738281,93.25,0,4.545454502105713,0,0,0,0,9.090909004211426,0,0,0,19.401718139648438,25769803776,2147483648,18580127744,765329408
209,1790454417054,4,4,4,4,4,4,4,4,4,4,86.58221435546875,84.2274398803711,83.49109649658203,85.11874389648438,76.63848114013672,86.84907531738281,93.25,4.761904716491699,0,0,0,0,0,0,9.090909004211426,0,0,19.401718139648438,25769803776,2147483648,18601689088,765329408
209,1790454417264,4,4,4,4,4,4,4,4,4,4,86.58221435546875,84.2274398803711,83.49109649658203,85.11874389648438,76.63848114013672,86.84907531738281,93.25,0,0,0,0,0,0,4.761904716491699,0,0,0,19.401718139648438,25769803776,2147483648,18599493632,765329408
209,1790454417474,4,4,4,4,4,4,4,4,4,4,86.47747802734375,83.88729095458984,83.0969467163086,84.92742156982422,76.13289642333984,86.6717529296875,92.78125,4.761904716491699,0,0,0,0,0,5,0,9.090909004211426,0,19.401718139648438,25769803776,2147483648,18600230912,765329408
204,1790454417684,4,4,4,4,4,4,4,4,4,4,86.47747802734375,83.88729095458984,83.0969467163086,84.92742156982422,76.13289642333984,86.6717529296875,92.78125,0,0,0,0,0,0,4.761904716491699,4.545454502105713,0,0,19.401718139648438,25769803776,2147483648,18600198144,765329408
209,1790454417888,4,4,4,4,4,4,4,4,4,4,86.47747802734375,83.88729095458984,83.0969467163086,84.92742156982422,76.13289642333984,86.6717529296875,92.78125,4.761904716491699,9.090909004211426,0,0,0,0,5,0,0,0,19.18029022216797,25769803776,2147483648,18600198144,765329408
203,1790454418098,4,4,4,4,4,4,4,4,4,4,86.47747802734375,83.88729095458984,83.0969467163086,84.92742156982422,76.13289642333984,86.6717529296875,92.78125,0,0,8.69565200805664,0,4.545454502105713,0,9.090909004211426,0,0,0,19.18029022216797,25769803776,2147483648,18600165376,765329408
209,1790454418302,4,4,4,4,4,4,4,4,4,4,86.47747802734375,83.88729095458984,83.0969467163086,84.92742156982422,76.13289642333984,86.6717529296875,92.78125,4.761904716491699,0,0,0,0,0,5,0,0,0,19.18029022216797,25769803776,2147483648,18600165376,765329408
209,1790454418512,4,4,4,4,4,4,4,4,4,4,86.31454467773438,84.01211547851563,82.96160888671875,84.65093231201172,75.9090347290039,86.48397064208984,88.328125,4.761904716491699,0,0,4.545454502105713,0,0,4.545454502105713,4.761904716491699,0,0,19.18029022216797,25769803776,2147483648,18600148992,765329408
209,1790454418722,4,4,4,4,4,4,4,4,4,4,86.31454467773438,84.01211547851563,82.96160888671875,84.65093231201172,75.9090347290039,86.48397064208984,88.328125,0,0,0,0,0,0,4.761904716491699,4.545454502105713,0,0,19.18029022216797,25769803776,2147483648,18599936000,765329408
203,1790454418932,4,4,4,4,4,4,4,4,4,4,86.31454467773438,84.01211547851563,82.96160888671875,84.65093231201172,75.9090347290039,86.48397064208984,88.328125,4.761904716491699,0,0,0,0,0,0,5,0,0,19.06743049621582,25769803776,2147483648,18599936000,765329408
209,1790454419135,4,4,4,4,4,4,4,4,4,4,86.31454467773438,84.01211547851563,82.96160888671875,84.65093231201172,75.9090347290039,86.48397064208984,88.328125,0,0,0,0,0,0,9.090909004211426,0,0,0,19.06743049621582,25769803776,2147483648,18601771008,765329408
209,1790454419346,4,4,4,4,4,4,4,4,4,4,86.26917266845703,83.59014129638672,83.04039001464844,84.58218383789063,76.13664245605469,86.3738784790039,89.265625,4.761904716491699,4.761904716491699,0,4.545454502105713,0,0,0,0,0,0,19.06743049621582,25769803776,2147483648,18600919040,765329408
209,1790454419556,4,4,4,4,4,4,4,4,4,4,86.26917266845703,83.59014129638672,83.04039001464844,84.58218383789063,76.13664245605469,86.3738784790039,89.265625,70,0,0,0,0,0,0,0,0,0,19.06743049621582,25769803776,2147483648,18597347328,765329408
209,1790454419766,4,4,4,4,4,4,4,4,4,4,86.26917266845703,83.59014129638672,83.04039001464844,84.58218383789063,76.13664245605469,86.3738784790039,89.265625,9.090909004211426,13.636363983154297,0,0,0,0,4.545454502105713,9.090909004211426,0,0,19.06743049621582,25769803776,2147483648,18597347328,765329408
209,1790454419976,4,4,4,4,4,4,4,4,4,4,86.26917266845703,83.59014129638672,83.04039001464844,84.58218383789063,76.13664245605469,86.3738784790039,89.265625,0,0,0,0,0,0,4.761904716491699,0,4.545454502105713,4.545454502105713,19.032302856445313,25769803776,2147483648,18597347328,765329408
209,1790454420186,4,4,4,4,4,4,4,4,4,4,86.26917266845703,83.59014129638672,83.04039001464844,84.58218383789063,76.13664245605469,86.3738784790039,89.265625,4.761904716491699,0,0,0,0,0,4.761904716491699,4.761904716491699,0,0,19.032302856445313,25769803776,2147483648,18596413440,765329408
203,1790454420396,4,4,4,4,4,4,4,4,4,4,86.28898620605469,83.6397476196289,82.96187591552734,84.57835388183594,76.03699493408203,86.39163970947266,91.484375,0,0,4.761904716491699,0,0,0,0,0,0,0,19.032302856445313,25769803776,2147483648,18595921920,765329408
209,1790454420599,4,4,4,4,4,4,4,4,4,4,86.28898620605469,83.6397476196289,82.96187591552734,84.57835388183594,76.03699493408203,86.39163970947266,91.484375,5,0,0,0,0,0,5,0,0,0,19.032302856445313,25769803776,2147483648,18596102144,765329408
209,1790454420809,4,4,4,4,4,4,4,4,4,4,86.28898620605469,83.6397476196289,82.96187591552734,84.57835388183594,76.03699493408203,86.39163970947266,91.484375,4.761904716491699,4.545454502105713,4.761904716491699,0,0,0,9.090909004211426,0,0,0,19.032302856445313,25769803776,2147483648,18595725312,765329408
209,1790454421019,4,4,4,4,4,4,4,4,4,4,86.28898620605469,83.6397476196289,82.96187591552734,84.57835388183594,76.03699493408203,86.39163970947266,91.484375,4.545454502105713,0,0,0,0,0,5,0,4.545454502105713,0,19.191268920898438,25769803776,2147483648,18595725312,765329408
209,1790454421229,4,4,4,4,4,4,4,4,4,4,86.28898620605469,83.6397476196289,82.96187591552734,84.57835388183594,76.03699493408203,86.39163970947266,91.484375,0,4.761904716491699,0,0,0,0,9.090909004211426,0,0,0,19.191268920898438,25769803776,2147483648,18595774464,765329408
209,1790454421439,4,4,4,4,4,4,4,4,4,4,86.18508911132813,83.59330749511719,82.61983489990234,84.52619934082031,75.56304168701172,86.18729400634766,92.3125,0,0,0,0,0,0,4.761904716491699,0,0,0,19.191268920898438,25769803776,2147483648,18586599424,765329408
209,1790454421649,4,4,4,4,4,4,4,4,4,4,86.18508911132813,83.59330749511719,82.61983489990234,84.52619934082031,75.56304168701172,86.18729400634766,92.3125,4.761904716491699,0,0,0,4.545454502105713,0,4.761904716491699,0,0,0,19.191268920898438,25769803776,2147483648,18586648576,765329408
209,1790454421859,4,4,4,4,4,4,4,4,4,4,86.18508911132813,83.59330749511719,82.61983489990234,84.52619934082031,75.56304168701172,86.18729400634766,92.3125,0,0,0,0,0,0,4.761904716491699,8.69565200805664,4.545454502105713,0,18.942750930786133,25769803776,2147483648,18586714112,765329408
209,1790454422069,4,4,4,4,4,4,4,4,4,4,86.18508911132813,83.59330749511719,82.61983489990234,84.52619934082031,75.56304168701172,86.18729400634766,92.3125,4.761904716491699,4.545454502105713,0,0,0,4.545454502105713,5,0,0,0,18.942750930786133,25769803776,2147483648,18586664960,765329408
209,1790454422279,4,4,4,4,4,4,4,4,4,4,86.18508911132813,83.59330749511719,82.61983489990234,84.52619934082031,75.56304168701172,86.18729400634766,92.3125,0,0,0,0,0,0,9.090909004211426,0,0,0,18.942750930786133,25769803776,2147483648,18586779648,765329408
209,1790454422489,4,4,4,4,4,4,4,4,4,4,86.16919708251953,83.61333465576172,82.54597473144531,84.49359893798828,75.51995849609375,86.12745666503906,92.78125,8.69565200805664,0,0,0,0,0,4.761904716491699,0,0,0,18.942750930786133,25769803776,2147483648,18586894336,765329408
7,1790454422699,4,4,4,4,4,4,4,4,4,4,86.16919708251953,83.61333465576172,82.54597473144531,84.49359893798828,75.51995849609375,86.12745666503906,92.78125,20,4.545454502105713,4.545454502105713,0,0,0,9.523809432983398,19.047618865966797,4.761904716491699,22.72727394104004,18.942750930786133,25769803776,2147483648,17792614400,765329408
