Delta,Time,CPU_FREQUENCY_0,CPU_FREQUENCY_1,CPU_FREQUENCY_2,CPU_FREQUENCY_3,CPU_FREQUENCY_4,CPU_FREQUENCY_5,CPU_FREQUENCY_6,CPU_FREQUENCY_7,CPU_FREQUENCY_8,CPU_FREQUENCY_9,CPU_TEMP_0,CPU_TEMP_1,CPU_TEMP_2,CPU_TEMP_3,CPU_TEMP_4,CPU_TEMP_5,CPU_TEMP_6,CPU_USAGE_0,CPU_USAGE_1,CPU_USAGE_2,CPU_USAGE_3,CPU_USAGE_4,CPU_USAGE_5,CPU_USAGE_6,CPU_USAGE_7,CPU_USAGE_8,CPU_USAGE_9,SYSTEM_POWER (Watts),TOTAL_MEMORY,TOTAL_SWAP,USED_MEMORY,USED_SWAP
0,1790449049004,4,4,4,4,4,4,4,4,4,4,75.19426727294922,77.62248229980469,78.10823822021484,73.98465728759766,72.24343872070313,75.23641967773438,87.734375,NaN,0,50,0,0,0,0,100,0,0,7.223185062408447,25769803776,2147483648,14939258880,790495232
207,1790449049005,4,4,4,4,4,4,4,4,4,4,75.19426727294922,77.62248229980469,78.10823822021484,73.98465728759766,72.24343872070313,75.23641967773438,87.734375,NaN,NaN,0,0,NaN,NaN,NaN,NaN,0,NaN,7.223185062408447,25769803776,2147483648,14939258880,790495232
209,1790449049212,4,4,4,4,4,4,4,4,4,4,75.47688293457031,76.8685531616211,77.8454818725586,74.03241729736328,72.1658706665039,75.93705749511719,90.78125,28.571430206298828,19.047618865966797,15.000000953674316,15.000000953674316,18.18181800842285,5.263157844543457,71.42857360839844,65,35,33.333335876464844,7.223185062408447,25769803776,2147483648,14939258880,790495232
209,1790449049422,4,4,4,4,4,4,4,4,4,4,75.47688293457031,76.8685531616211,77.8454818725586,74.03241729736328,72.1658706665039,75.93705749511719,90.78125,15.000000953674316,10,9.523809432983398,5,5,13.636363983154297,20,68.18181610107422,40,81.81818389892578,7.223185062408447,25769803776,2147483648,14939258880,790495232
209,1790449049632,4,4,4,4,4,4,4,4,4,4,75.47688293457031,76.8685531616211,77.8454818725586,74.03241729736328,72.1658706665039,75.93705749511719,90.78125,23.809524536132813,22.72727394104004,14.285715103149414,14.285715103149414,14.285715103149414,14.285715103149414,57.142860412597656,38.095237731933594,22.72727394104004,95.23809814453125,7.176706314086914,25769803776,2147483648,14939258880,790495232
201,1790449049842,4,4,4,4,4,4,4,4,4,4,75.47688293457031,76.8685531616211,77.8454818725586,74.03241729736328,72.1658706665039,75.93705749511719,90.78125,23.809524536132813,14.285715103149414,14.285715103149414,13.636363983154297,13.636363983154297,5,33.333335876464844,66.66667175292969,19.047618865966797,4.761904716491699,7.176706314086914,25769803776,2147483648,15750922240,790495232
209,1790449050044,4,4,4,4,4,4,4,4,4,4,75.47688293457031,76.8685531616211,77.8454818725586,74.03241729736328,72.1658706665039,75.93705749511719,90.78125,23.809524536132813,15.000000953674316,5.263157844543457,10,5.263157844543457,13.636363983154297,47.619049072265625,42.105262756347656,10,0,7.176706314086914,25769803776,2147483648,15750299648,790495232
209,1790449050254,4,4,4,4,4,4,4,4,4,4,84.62211608886719,84.4615249633789,84.70687103271484,84.77185821533203,79.94342041015625,85.45899200439453,104.546875,15.000000953674316,10,14.285715103149414,10,9.523809432983398,5,42.85714340209961,45.45454788208008,14.285715103149414,19.047618865966797,7.176706314086914,25769803776,2147483648,15748825088,790495232
209,1790449050464,4,4,4,4,4,4,4,4,4,4,84.62211608886719,84.4615249633789,84.70687103271484,84.77185821533203,79.94342041015625,85.45899200439453,104.546875,20,14.285715103149414,14.285715103149414,9.523809432983398,14.285715103149414,9.523809432983398,45.45454788208008,50,9.523809432983398,13.636363983154297,7.176706314086914,25769803776,2147483648,15744417792,790495232
206,1790449050674,4,4,4,4,4,4,4,4,4,4,84.62211608886719,84.4615249633789,84.70687103271484,84.77185821533203,79.94342041015625,85.45899200439453,104.546875,23.809524536132813,14.285715103149414,13.636363983154297,14.285715103149414,5,9.523809432983398,15.789472579956055,45,9.523809432983398,20,12.806652069091797,25769803776,2147483648,15744417792,790495232
202,1790449050881,4,4,4,4,4,4,4,4,4,4,84.62211608886719,84.4615249633789,84.70687103271484,84.77185821533203,79.94342041015625,85.45899200439453,104.546875,10,14.285715103149414,10,5,13.636363983154297,9.523809432983398,33.333335876464844,57.142860412597656,15.000000953674316,14.285715103149414,12.806652069091797,25769803776,2147483648,15749300224,790495232
209,1790449051084,4,4,4,4,4,4,4,4,4,4,92.16706848144531,85.74652862548828,85.55093383789063,89.30196380615234,80.1084213256836,92.38725280761719,99.65625,23.809524536132813,20,10,14.285715103149414,5.263157844543457,5.263157844543457,38.095237731933594,31.57894515991211,38.095237731933594,5,12.806652069091797,25769803776,2147483648,15738421248,790495232
209,1790449051293,4,4,4,4,4,4,4,4,4,4,92.16706848144531,85.74652862548828,85.55093383789063,89.30196380615234,80.1084213256836,92.38725280761719,99.65625,23.809524536132813,10,9.523809432983398,5,13.636363983154297,13.636363983154297,23.809524536132813,63.6363639831543,5,9.523809432983398,12.806652069091797,25769803776,2147483648,15738421248,790495232
206,1790449051504,4,4,4,4,4,4,4,4,4,4,92.16706848144531,85.74652862548828,85.55093383789063,89.30196380615234,80.1084213256836,92.38725280761719,99.65625,14.285715103149414,9.523809432983398,10,13.636363983154297,5,5,52.38095474243164,45.45454788208008,13.636363983154297,9.523809432983398,12.806652069091797,25769803776,2147483648,15738421248,790495232
202,1790449051710,4,4,4,4,4,4,4,4,4,4,92.16706848144531,85.74652862548828,85.55093383789063,89.30196380615234,80.1084213256836,92.38725280761719,99.65625,19.047618865966797,10,9.523809432983398,9.523809432983398,9.523809432983398,9.523809432983398,20,57.894737243652344,15.000000953674316,15.000000953674316,36.085662841796875,25769803776,2147483648,15738421248,790495232
209,1790449051913,4,4,4,4,4,4,4,4,4,4,92.16706848144531,85.74652862548828,85.55093383789063,89.30196380615234,80.1084213256836,92.38725280761719,99.65625,11.111111640930176,14.285715103149414,9.523809432983398,5,5,0,20,55,28.571430206298828,4.761904716491699,36.085662841796875,25769803776,2147483648,15734505472,790495232
209,1790449052123,4,4,4,4,4,4,4,4,4,4,96.25959014892578,89.90876770019531,89.9578857421875,93.37711334228516,84.68372344970703,96.68326568603516,107.9375,22.72727394104004,15.000000953674316,14.285715103149414,15.000000953674316,14.285715103149414,14.285715103149414,40.90909194946289,50,20,10,36.085662841796875,25769803776,2147483648,15736487936,790495232
209,1790449052333,4,4,4,4,4,4,4,4,4,4,96.25959014892578,89.90876770019531,89.9578857421875,93.37711334228516,84.68372344970703,96.68326568603516,107.9375,19.047618865966797,14.285715103149414,5.263157844543457,9.523809432983398,9.523809432983398,9.090909004211426,45,35,4.761904716491699,14.285715103149414,36.085662841796875,25769803776,2147483648,15730098176,790495232
203,1790449052543,4,4,4,4,4,4,4,4,4,4,96.25959014892578,89.90876770019531,89.9578857421875,93.37711334228516,84.68372344970703,96.68326568603516,107.9375,20,9.523809432983398,9.090909004211426,9.090909004211426,4.761904716491699,5,47.619049072265625,22.72727394104004,42.85714340209961,9.090909004211426,36.085662841796875,25769803776,2147483648,15736045568,790495232
209,1790449052746,4,4,4,4,4,4,4,4,4,4,96.25959014892578,89.90876770019531,89.9578857421875,93.37711334228516,84.68372344970703,96.68326568603516,107.9375,19.047618865966797,15.000000953674316,15.000000953674316,5.555555820465088,15.000000953674316,14.285715103149414,30.000001907348633,40,42.85714340209961,5,37.292903900146484,25769803776,2147483648,15731310592,790495232
209,1790449052956,4,4,4,4,4,4,4,4,4,4,96.25959014892578,89.90876770019531,89.9578857421875,93.37711334228516,84.68372344970703,96.68326568603516,107.9375,20,14.285715103149414,13.636363983154297,13.636363983154297,5,5,13.636363983154297,57.142860412597656,28.571430206298828,9.523809432983398,37.292903900146484,25769803776,2147483648,15734964224,790495232
203,1790449053166,4,4,4,4,4,4,4,4,4,4,96.49852752685547,91.31085968017578,90.79302978515625,93.52245330810547,85.11002349853516,97.39118194580078,109.421875,20,9.523809432983398,5,9.523809432983398,13.636363983154297,9.523809432983398,25,61.904762268066406,5,9.523809432983398,37.292903900146484,25769803776,2147483648,15736979456,790495232
209,1790449053370,4,4,4,4,4,4,4,4,4,4,96.49852752685547,91.31085968017578,90.79302978515625,93.52245330810547,85.11002349853516,97.39118194580078,109.421875,19.047618865966797,20,15.000000953674316,10,10,14.285715103149414,38.095237731933594,63.15789031982422,13.636363983154297,15.000000953674316,37.292903900146484,25769803776,2147483648,15731802112,790495232
209,1790449053580,4,4,4,4,4,4,4,4,4,4,96.49852752685547,91.31085968017578,90.79302978515625,93.52245330810547,85.11002349853516,97.39118194580078,109.421875,23.809524536132813,9.523809432983398,9.523809432983398,13.636363983154297,9.523809432983398,5,52.38095474243164,40.90909194946289,0,9.090909004211426,37.292903900146484,25769803776,2147483648,15731802112,790495232
209,1790449053790,4,4,4,4,4,4,4,4,4,4,96.49852752685547,91.31085968017578,90.79302978515625,93.52245330810547,85.11002349853516,97.39118194580078,109.421875,15.000000953674316,14.285715103149414,9.523809432983398,5,9.523809432983398,9.090909004211426,50,42.85714340209961,14.285715103149414,0,32.96764373779297,25769803776,2147483648,15731802112,790495232
207,1790449054000,4,4,4,4,4,4,4,4,4,4,96.49852752685547,91.31085968017578,90.79302978515625,93.52245330810547,85.11002349853516,97.39118194580078,109.421875,22.72727394104004,19.047618865966797,14.285715103149414,14.285715103149414,14.285715103149414,10,36.3636360168457,61.904762268066406,19.047618865966797,13.636363983154297,32.96764373779297,25769803776,2147483648,15733440512,790495232
209,1790449054207,4,4,4,4,4,4,4,4,4,4,91.38313293457031,90.8160400390625,90.98177337646484,89.79175567626953,85.55146789550781,92.17598724365234,105.9375,45,15.000000953674316,14.285715103149414,9.523809432983398,5,13.636363983154297,25,55,15.000000953674316,5,32.96764373779297,25769803776,2147483648,15737110528,790495232
209,1790449054417,4,4,4,4,4,4,4,4,4,4,91.38313293457031,90.8160400390625,90.98177337646484,89.79175567626953,85.55146789550781,92.17598724365234,105.9375,19.047618865966797,14.285715103149414,10,10,9.523809432983398,0,31.81818199157715,66.66667175292969,13.636363983154297,4.761904716491699,32.96764373779297,25769803776,2147483648,15731752960,790495232
207,1790449054627,4,4,4,4,4,4,4,4,4,4,91.38313293457031,90.8160400390625,90.98177337646484,89.79175567626953,85.55146789550781,92.17598724365234,105.9375,15.000000953674316,19.047618865966797,14.285715103149414,14.285715103149414,9.523809432983398,14.285715103149414,55,45.45454788208008,5,9.090909004211426,23.660329818725586,25769803776,2147483648,15731752960,790495232
209,1790449054834,4,4,4,4,4,4,4,4,4,4,91.38313293457031,90.8160400390625,90.98177337646484,89.79175567626953,85.55146789550781,92.17598724365234,105.9375,20,14.285715103149414,9.523809432983398,9.523809432983398,14.285715103149414,9.523809432983398,61.904762268066406,15.000000953674316,13.636363983154297,10,23.660329818725586,25769803776,2147483648,15731752960,790495232
209,1790449055044,4,4,4,4,4,4,4,4,4,4,91.38313293457031,90.8160400390625,90.98177337646484,89.79175567626953,85.55146789550781,92.17598724365234,105.9375,27.272727966308594,15.000000953674316,15.000000953674316,9.523809432983398,9.523809432983398,9.523809432983398,31.81818199157715,61.904762268066406,5,10,23.660329818725586,25769803776,2147483648,15733604352,790495232
209,1790449055254,4,4,4,4,4,4,4,4,4,4,88.14252471923828,89.35707092285156,88.84901428222656,86.57927703857422,82.96166229248047,88.85214233398438,105.015625,20,14.285715103149414,14.285715103149414,14.285715103149414,9.523809432983398,10,28.571430206298828,42.85714340209961,14.285715103149414,40.90909194946289,23.660329818725586,25769803776,2147483648,15728607232,790495232
209,1790449055464,4,4,4,4,4,4,4,4,4,4,88.14252471923828,89.35707092285156,88.84901428222656,86.57927703857422,82.96166229248047,88.85214233398438,105.015625,19.047618865966797,14.285715103149414,13.636363983154297,9.523809432983398,9.523809432983398,9.090909004211426,15.000000953674316,47.619049072265625,36.3636360168457,0,23.660329818725586,25769803776,2147483648,15734276096,790495232
209,1790449055674,4,4,4,4,4,4,4,4,4,4,88.14252471923828,89.35707092285156,88.84901428222656,86.57927703857422,82.96166229248047,88.85214233398438,105.015625,38.095237731933594,38.095237731933594,20,15.000000953674316,14.285715103149414,10,55,68.18181610107422,33.333335876464844,23.809524536132813,17.647737503051758,25769803776,2147483648,15734276096,790495232
203,1790449055884,4,4,4,4,4,4,4,4,4,4,88.14252471923828,89.35707092285156,88.84901428222656,86.57927703857422,82.96166229248047,88.85214233398438,105.015625,25,20,14.285715103149414,13.636363983154297,5,13.636363983154297,38.095237731933594,55,15.000000953674316,19.047618865966797,17.647737503051758,25769803776,2147483648,15734276096,790495232
209,1790449056088,4,4,4,4,4,4,4,4,4,4,87.8218765258789,88.92855834960938,89.047119140625,86.37734985351563,83.4786148071289,88.78276824951172,104.546875,33.333335876464844,20,10,14.285715103149414,14.285715103149414,10,60.000003814697266,28.571430206298828,9.523809432983398,15.000000953674316,17.647737503051758,25769803776,2147483648,15764144128,790495232
209,1790449056298,4,4,4,4,4,4,4,4,4,4,87.8218765258789,88.92855834960938,89.047119140625,86.37734985351563,83.4786148071289,88.78276824951172,104.546875,20,19.047618865966797,14.285715103149414,5,4.761904716491699,4.761904716491699,59.09090805053711,30.000001907348633,9.523809432983398,0,17.647737503051758,25769803776,2147483648,15769468928,790495232
209,1790449056508,4,4,4,4,4,4,4,4,4,4,87.8218765258789,88.92855834960938,89.047119140625,86.37734985351563,83.4786148071289,88.78276824951172,104.546875,23.809524536132813,19.047618865966797,14.285715103149414,10,10,14.285715103149414,52.38095474243164,47.619049072265625,15.000000953674316,9.523809432983398,17.647737503051758,25769803776,2147483648,15769796608,790495232
209,1790449056718,4,4,4,4,4,4,4,4,4,4,87.8218765258789,88.92855834960938,89.047119140625,86.37734985351563,83.4786148071289,88.78276824951172,104.546875,19.047618865966797,14.285715103149414,5,9.523809432983398,9.090909004211426,5,20,61.904762268066406,9.090909004211426,14.285715103149414,15.044957160949707,25769803776,2147483648,15768059904,790495232
209,1790449056928,4,4,4,4,4,4,4,4,4,4,87.8218765258789,88.92855834960938,89.047119140625,86.37734985351563,83.4786148071289,88.78276824951172,104.546875,20,14.285715103149414,18.18181800842285,19.047618865966797,5,4.761904716491699,27.272727966308594,47.619049072265625,30.000001907348633,9.090909004211426,15.044957160949707,25769803776,2147483648,15768059904,790495232
209,1790449057138,4,4,4,4,4,4,4,4,4,4,85.1098403930664,86.45049285888672,86.71031188964844,83.56332397460938,81.02774810791016,85.70616149902344,95.21875,22.72727394104004,14.285715103149414,10,14.285715103149414,13.636363983154297,13.636363983154297,33.333335876464844,71.42857360839844,9.523809432983398,5,15.044957160949707,25769803776,2147483648,15775531008,790495232
209,1790449057348,4,4,4,4,4,4,4,4,4,4,85.1098403930664,86.45049285888672,86.71031188964844,83.56332397460938,81.02774810791016,85.70616149902344,95.21875,20,14.285715103149414,9.523809432983398,9.523809432983398,9.523809432983398,9.523809432983398,14.285715103149414,52.38095474243164,4.545454502105713,28.571430206298828,15.044957160949707,25769803776,2147483648,15774220288,790495232
202,1790449057558,4,4,4,4,4,4,4,4,4,4,85.1098403930664,86.45049285888672,86.71031188964844,83.56332397460938,81.02774810791016,85.70616149902344,95.21875,19.047618865966797,10,14.285715103149414,9.523809432983398,9.523809432983398,5,28.571430206298828,65,15.000000953674316,9.523809432983398,15.044957160949707,25769803776,2147483648,15776677888,790495232
209,1790449057761,4,4,4,4,4,4,4,4,4,4,85.1098403930664,86.45049285888672,86.71031188964844,83.56332397460938,81.02774810791016,85.70616149902344,95.21875,25,20,15.000000953674316,10,10,14.285715103149414,55,40.90909194946289,10,20,14.545699119567871,25769803776,2147483648,15771074560,790495232
209,1790449057971,4,4,4,4,4,4,4,4,4,4,85.1098403930664,86.45049285888672,86.71031188964844,83.56332397460938,81.02774810791016,85.70616149902344,95.21875,23.809524536132813,14.285715103149414,13.636363983154297,9.523809432983398,10,5,47.619049072265625,36.842105865478516,18.18181800842285,4.545454502105713,14.545699119567871,25769803776,2147483648,15771074560,790495232
207,1790449058181,4,4,4,4,4,4,4,4,4,4,84.32696533203125,85.03904724121094,85.35879516601563,82.9635009765625,79.54532623291016,85.05261993408203,98.265625,15.000000953674316,14.285715103149414,5,9.523809432983398,9.090909004211426,9.523809432983398,28.571430206298828,54.54545593261719,19.047618865966797,4.761904716491699,14.545699119567871,25769803776,2147483648,15752609792,790495232
209,1790449058389,4,4,4,4,4,4,4,4,4,4,84.32696533203125,85.03904724121094,85.35879516601563,82.9635009765625,79.54532623291016,85.05261993408203,98.265625,19.047618865966797,14.285715103149414,14.285715103149414,14.285715103149414,5.263157844543457,13.636363983154297,23.809524536132813,57.142860412597656,10,30.000001907348633,14.545699119567871,25769803776,2147483648,15747514368,790495232
200,1790449058599,4,4,4,4,4,4,4,4,4,4,84.32696533203125,85.03904724121094,85.35879516601563,82.9635009765625,79.54532623291016,85.05261993408203,98.265625,20,10,9.523809432983398,5,13.636363983154297,5,28.571430206298828,60.000003814697266,14.285715103149414,4.761904716491699,13.362293243408203,25769803776,2147483648,15748677632,790495232
209,1790449058800,4,4,4,4,4,4,4,4,4,4,84.32696533203125,85.03904724121094,85.35879516601563,82.9635009765625,79.54532623291016,85.05261993408203,98.265625,19.047618865966797,15.000000953674316,10.526315689086914,9.523809432983398,5,5.263157844543457,31.57894515991211,57.142860412597656,14.285715103149414,5,13.362293243408203,25769803776,2147483648,15745712128,790495232
209,1790449059010,4,4,4,4,4,4,4,4,4,4,84.32696533203125,85.03904724121094,85.35879516601563,82.9635009765625,79.54532623291016,85.05261993408203,98.265625,20,18.18181800842285,14.285715103149414,10,10,13.636363983154297,28.571430206298828,60.000003814697266,23.809524536132813,9.523809432983398,13.362293243408203,25769803776,2147483648,15745712128,790495232
209,1790449059220,4,4,4,4,4,4,4,4,4,4,83.89317321777344,84.67076873779297,85.31246185302734,82.43898010253906,79.666015625,84.53263854980469,98.265625,23.809524536132813,15.000000953674316,9.523809432983398,13.636363983154297,13.636363983154297,9.523809432983398,63.6363639831543,22.72727394104004,14.285715103149414,0,13.362293243408203,25769803776,2147483648,15753904128,790495232
209,1790449059430,4,4,4,4,4,4,4,4,4,4,83.89317321777344,84.67076873779297,85.31246185302734,82.43898010253906,79.666015625,84.53263854980469,98.265625,14.285715103149414,10,5,5,5,5,20,71.42857360839844,10,9.090909004211426,13.362293243408203,25769803776,2147483648,15760097280,790495232
205,1790449059640,4,4,4,4,4,4,4,4,4,4,83.89317321777344,84.67076873779297,85.31246185302734,82.43898010253906,79.666015625,84.53263854980469,98.265625,20,21.7391300201416,14.285715103149414,10,13.636363983154297,13.636363983154297,36.3636360168457,25,5,50,13.789969444274902,25769803776,2147483648,15760097280,790495232
209,1790449059845,4,4,4,4,4,4,4,4,4,4,83.89317321777344,84.67076873779297,85.31246185302734,82.43898010253906,79.666015625,84.53263854980469,98.265625,23.809524536132813,5.263157844543457,13.636363983154297,13.636363983154297,5,5,55,38.095237731933594,9.090909004211426,0,13.789969444274902,25769803776,2147483648,15760097280,790495232
204,1790449060055,4,4,4,4,4,4,4,4,4,4,83.89317321777344,84.67076873779297,85.31246185302734,82.43898010253906,79.666015625,84.53263854980469,98.265625,15.000000953674316,14.285715103149414,9.523809432983398,5,9.523809432983398,9.523809432983398,40,33.333335876464844,9.523809432983398,36.3636360168457,13.789969444274902,25769803776,2147483648,15760097280,790495232
202,1790449060260,4,4,4,4,4,4,4,4,4,4,83.67094421386719,84.83018493652344,84.43464660644531,82.85363006591797,78.40885925292969,84.08675384521484,97.796875,23.809524536132813,19.047618865966797,10.526315689086914,14.285715103149414,14.285715103149414,10,47.619049072265625,45,9.523809432983398,10,13.789969444274902,25769803776,2147483648,15750545408,790495232
209,1790449060462,4,4,4,4,4,4,4,4,4,4,83.67094421386719,84.83018493652344,84.43464660644531,82.85363006591797,78.40885925292969,84.08675384521484,97.796875,20,10.526315689086914,14.285715103149414,5.263157844543457,5.263157844543457,9.523809432983398,33.333335876464844,61.904762268066406,5,0,13.789969444274902,25769803776,2147483648,15755624448,790495232
207,1790449060673,4,4,4,4,4,4,4,4,4,4,83.67094421386719,84.83018493652344,84.43464660644531,82.85363006591797,78.40885925292969,84.08675384521484,97.796875,19.047618865966797,9.523809432983398,19.047618865966797,13.636363983154297,9.523809432983398,5,42.85714340209961,50,20,9.523809432983398,14.563385009765625,25769803776,2147483648,15756673024,790495232
209,1790449060880,4,4,4,4,4,4,4,4,4,4,83.67094421386719,84.83018493652344,84.43464660644531,82.85363006591797,78.40885925292969,84.08675384521484,97.796875,30.000001907348633,23.809524536132813,15.000000953674316,10,14.285715103149414,10,25,65,23.809524536132813,4.761904716491699,14.563385009765625,25769803776,2147483648,15743467520,790495232
209,1790449061090,4,4,4,4,4,4,4,4,4,4,83.3982162475586,84.78679656982422,85.29280853271484,81.729248046875,79.68895721435547,84.10829162597656,103.15625,23.809524536132813,9.523809432983398,9.523809432983398,9.523809432983398,4.761904716491699,9.090909004211426,31.81818199157715,61.904762268066406,9.523809432983398,0,14.563385009765625,25769803776,2147483648,15735357440,790495232
209,1790449061300,4,4,4,4,4,4,4,4,4,4,83.3982162475586,84.78679656982422,85.29280853271484,81.729248046875,79.68895721435547,84.10829162597656,103.15625,14.285715103149414,14.285715103149414,5,9.090909004211426,9.523809432983398,9.523809432983398,50,45.45454788208008,14.285715103149414,9.090909004211426,14.563385009765625,25769803776,2147483648,15735881728,790495232
204,1790449061510,4,4,4,4,4,4,4,4,4,4,83.3982162475586,84.78679656982422,85.29280853271484,81.729248046875,79.68895721435547,84.10829162597656,103.15625,25,14.285715103149414,18.18181800842285,14.285715103149414,10,14.285715103149414,38.095237731933594,60.000003814697266,9.523809432983398,4.761904716491699,14.563385009765625,25769803776,2147483648,15731523584,790495232
209,1790449061715,4,4,4,4,4,4,4,4,4,4,83.3982162475586,84.78679656982422,85.29280853271484,81.729248046875,79.68895721435547,84.10829162597656,103.15625,19.047618865966797,10,10,5,9.523809432983398,5,60.000003814697266,36.3636360168457,9.523809432983398,0,14.63951301574707,25769803776,2147483648,15731523584,790495232
209,1790449061925,4,4,4,4,4,4,4,4,4,4,83.3982162475586,84.78679656982422,85.29280853271484,81.729248046875,79.68895721435547,84.10829162597656,103.15625,19.047618865966797,10,9.523809432983398,9.523809432983398,5,9.523809432983398,27.272727966308594,68.42105102539063,14.285715103149414,9.090909004211426,14.63951301574707,25769803776,2147483648,15731523584,790495232
209,1790449062135,4,4,4,4,4,4,4,4,4,4,83.4323501586914,84.42613220214844,84.63401794433594,81.39910125732422,78.91363525390625,84.26458740234375,91.734375,20,14.285715103149414,10,14.285715103149414,13.636363983154297,5,33.333335876464844,33.333335876464844,42.85714340209961,4.761904716491699,14.63951301574707,25769803776,2147483648,15731523584,790495232
204,1790449062345,4,4,4,4,4,4,4,4,4,4,83.4323501586914,84.42613220214844,84.63401794433594,81.39910125732422,78.91363525390625,84.26458740234375,91.734375,22.72727394104004,9.523809432983398,13.636363983154297,5,9.523809432983398,13.636363983154297,45,47.826087951660156,4.761904716491699,0,14.63951301574707,25769803776,2147483648,15737831424,790495232
209,1790449062550,4,4,4,4,4,4,4,4,4,4,83.4323501586914,84.42613220214844,84.63401794433594,81.39910125732422,78.91363525390625,84.26458740234375,91.734375,10.526315689086914,14.285715103149414,10,9.523809432983398,5,5,30.000001907348633,50,28.571430206298828,14.285715103149414,14.63951301574707,25769803776,2147483648,15735160832,790495232
209,1790449062760,4,4,4,4,4,4,4,4,4,4,83.4323501586914,84.42613220214844,84.63401794433594,81.39910125732422,78.91363525390625,84.26458740234375,91.734375,23.809524536132813,19.047618865966797,10,10,14.285715103149414,9.523809432983398,50,30.000001907348633,19.047618865966797,23.809524536132813,14.677242279052734,25769803776,2147483648,15735160832,790495232
209,1790449062970,4,4,4,4,4,4,4,4,4,4,83.4323501586914,84.42613220214844,84.63401794433594,81.39910125732422,78.91363525390625,84.26458740234375,91.734375,20,10,13.636363983154297,13.636363983154297,9.523809432983398,9.523809432983398,38.095237731933594,47.619049072265625,9.523809432983398,0,14.677242279052734,25769803776,2147483648,15735160832,790495232
209,1790449063180,4,4,4,4,4,4,4,4,4,4,83.40638732910156,84.36664581298828,84.43609619140625,81.65994262695313,78.70384979248047,84.19686889648438,96.625,18.18181800842285,14.285715103149414,10,5,9.523809432983398,9.523809432983398,40,63.6363639831543,10,4.761904716491699,14.677242279052734,25769803776,2147483648,15735160832,790495232
209,1790449063390,4,4,4,4,4,4,4,4,4,4,83.40638732910156,84.36664581298828,84.43609619140625,81.65994262695313,78.70384979248047,84.19686889648438,96.625,23.809524536132813,19.047618865966797,13.636363983154297,14.285715103149414,9.523809432983398,14.285715103149414,28.571430206298828,45,19.047618865966797,19.047618865966797,14.677242279052734,25769803776,2147483648,15735570432,790495232
209,1790449063600,4,4,4,4,4,4,4,4,4,4,83.40638732910156,84.36664581298828,84.43609619140625,81.65994262695313,78.70384979248047,84.19686889648438,96.625,19.047618865966797,9.523809432983398,5,9.090909004211426,9.523809432983398,4.761904716491699,38.095237731933594,52.38095474243164,9.523809432983398,0,14.34027099609375,25769803776,2147483648,15740764160,790495232
209,1790449063810,4,4,4,4,4,4,4,4,4,4,83.40638732910156,84.36664581298828,84.43609619140625,81.65994262695313,78.70384979248047,84.19686889648438,96.625,15.000000953674316,14.285715103149414,14.285715103149414,5,9.523809432983398,9.523809432983398,33.333335876464844,30.000001907348633,38.095237731933594,15.000000953674316,14.34027099609375,25769803776,2147483648,15736061952,790495232
202,1790449064020,4,4,4,4,4,4,4,4,4,4,83.40638732910156,84.36664581298828,84.43609619140625,81.65994262695313,78.70384979248047,84.19686889648438,96.625,23.809524536132813,15.000000953674316,14.285715103149414,14.285715103149414,10,9.523809432983398,27.272727966308594,45.45454788208008,38.095237731933594,9.090909004211426,14.34027099609375,25769803776,2147483648,15736061952,790495232
209,1790449064222,4,4,4,4,4,4,4,4,4,4,83.72892761230469,83.69840240478516,83.71768188476563,81.61614227294922,77.80168914794922,84.72135925292969,96.859375,20,14.285715103149414,5,10,9.523809432983398,10,40,55,5,0,14.34027099609375,25769803776,2147483648,15736061952,790495232
209,1790449064432,4,4,4,4,4,4,4,4,4,4,83.72892761230469,83.69840240478516,83.71768188476563,81.61614227294922,77.80168914794922,84.72135925292969,96.859375,10.526315689086914,10,14.285715103149414,4.761904716491699,9.523809432983398,5,38.095237731933594,47.619049072265625,13.636363983154297,28.571430206298828,14.34027099609375,25769803776,2147483648,15742910464,790495232
207,1790449064642,4,4,4,4,4,4,4,4,4,4,83.72892761230469,83.69840240478516,83.71768188476563,81.61614227294922,77.80168914794922,84.72135925292969,96.859375,23.809524536132813,14.285715103149414,14.285715103149414,14.285715103149414,10,9.523809432983398,55,40.90909194946289,10,9.090909004211426,14.423776626586914,25769803776,2147483648,15738421248,790495232
200,1790449064850,4,4,4,4,4,4,4,4,4,4,83.72892761230469,83.69840240478516,83.71768188476563,81.61614227294922,77.80168914794922,84.72135925292969,96.859375,19.047618865966797,14.285715103149414,9.523809432983398,10,9.523809432983398,9.523809432983398,28.571430206298828,65,4.761904716491699,0,14.423776626586914,25769803776,2147483648,15738421248,790495232
200,1790449065050,4,4,4,4,4,4,4,4,4,4,83.72892761230469,83.69840240478516,83.71768188476563,81.61614227294922,77.80168914794922,84.72135925292969,96.859375,26.3157901763916,10.526315689086914,10.526315689086914,10,10,9.523809432983398,52.38095474243164,55,15.000000953674316,5,14.423776626586914,25769803776,2147483648,15738421248,790495232
209,1790449065250,4,4,4,4,4,4,4,4,4,4,82.41571044921875,84.23880767822266,84.3350830078125,80.95750427246094,78.60354614257813,82.90821838378906,97.09375,57.142860412597656,20,10,14.285715103149414,5.263157844543457,5.263157844543457,15.789472579956055,45,20,20,14.423776626586914,25769803776,2147483648,15738421248,790495232
209,1790449065460,4,4,4,4,4,4,4,4,4,4,82.41571044921875,84.23880767822266,84.3350830078125,80.95750427246094,78.60354614257813,82.90821838378906,97.09375,14.285715103149414,9.523809432983398,9.523809432983398,0,9.090909004211426,9.523809432983398,28.571430206298828,61.904762268066406,9.523809432983398,0,14.423776626586914,25769803776,2147483648,15745908736,790495232
209,1790449065670,4,4,4,4,4,4,4,4,4,4,82.41571044921875,84.23880767822266,84.3350830078125,80.95750427246094,78.60354614257813,82.90821838378906,97.09375,19.047618865966797,19.047618865966797,14.285715103149414,14.285715103149414,9.523809432983398,5,59.09090805053711,35,23.809524536132813,9.523809432983398,14.399053573608398,25769803776,2147483648,15745646592,790495232
209,1790449065880,4,4,4,4,4,4,4,4,4,4,82.41571044921875,84.23880767822266,84.3350830078125,80.95750427246094,78.60354614257813,82.90821838378906,97.09375,20,14.285715103149414,9.523809432983398,9.523809432983398,10,13.636363983154297,23.809524536132813,22.72727394104004,42.85714340209961,9.523809432983398,14.399053573608398,25769803776,2147483648,15738929152,790495232
205,1790449066090,4,4,4,4,4,4,4,4,4,4,83.02223205566406,83.3054428100586,83.28008270263672,81.11775970458984,77.3132553100586,83.79259490966797,97.5625,19.047618865966797,10,9.523809432983398,9.090909004211426,4.761904716491699,4.761904716491699,25,71.42857360839844,5,4.761904716491699,14.399053573608398,25769803776,2147483648,15738929152,790495232
202,1790449066296,4,4,4,4,4,4,4,4,4,4,83.02223205566406,83.3054428100586,83.28008270263672,81.11775970458984,77.3132553100586,83.79259490966797,97.5625,15.000000953674316,15.000000953674316,14.285715103149414,15.000000953674316,14.285715103149414,9.523809432983398,60.000003814697266,35,14.285715103149414,19.047618865966797,14.399053573608398,25769803776,2147483648,15738929152,790495232
202,1790449066499,4,4,4,4,4,4,4,4,4,4,83.02223205566406,83.3054428100586,83.28008270263672,81.11775970458984,77.3132553100586,83.79259490966797,97.5625,25,14.285715103149414,10.526315689086914,10,10,10.526315689086914,52.38095474243164,40,4.761904716491699,5,14.399053573608398,25769803776,2147483648,15744434176,790495232
208,1790449066701,4,4,4,4,4,4,4,4,4,4,83.02223205566406,83.3054428100586,83.28008270263672,81.11775970458984,77.3132553100586,83.79259490966797,97.5625,15.000000953674316,15.000000953674316,9.523809432983398,10,5,5,28.571430206298828,70,10,0,14.539836883544922,25769803776,2147483648,15745531904,790495232
202,1790449066910,4,4,4,4,4,4,4,4,4,4,83.02223205566406,83.3054428100586,83.28008270263672,81.11775970458984,77.3132553100586,83.79259490966797,97.5625,22.72727394104004,14.285715103149414,10,5,14.285715103149414,9.523809432983398,33.333335876464844,57.142860412597656,23.809524536132813,13.636363983154297,14.539836883544922,25769803776,2147483648,15739912192,790495232
209,1790449067112,4,4,4,4,4,4,4,4,4,4,82.04730987548828,83.68994140625,83.91801452636719,80.63605499267578,78.25928497314453,82.56011199951172,96.15625,21.052631378173828,30.000001907348633,28.571430206298828,14.285715103149414,10,10,21.052631378173828,70,0,5,14.539836883544922,25769803776,2147483648,15743696896,790495232
209,1790449067322,4,4,4,4,4,4,4,4,4,4,82.04730987548828,83.68994140625,83.91801452636719,80.63605499267578,78.25928497314453,82.56011199951172,96.15625,18.18181800842285,14.285715103149414,5,9.523809432983398,9.523809432983398,4.761904716491699,54.54545593261719,45.45454788208008,9.523809432983398,9.523809432983398,14.539836883544922,25769803776,2147483648,15737765888,790495232
209,1790449067532,4,4,4,4,4,4,4,4,4,4,82.04730987548828,83.68994140625,83.91801452636719,80.63605499267578,78.25928497314453,82.56011199951172,96.15625,15.000000953674316,19.047618865966797,14.285715103149414,9.523809432983398,13.636363983154297,13.636363983154297,30.000001907348633,45,30.000001907348633,0,14.539836883544922,25769803776,2147483648,15732342784,790495232
209,1790449067742,4,4,4,4,4,4,4,4,4,4,82.04730987548828,83.68994140625,83.91801452636719,80.63605499267578,78.25928497314453,82.56011199951172,96.15625,23.809524536132813,14.285715103149414,13.636363983154297,10,5,10,23.809524536132813,57.142860412597656,22.72727394104004,4.545454502105713,14.25379753112793,25769803776,2147483648,15736176640,790495232
207,1790449067952,4,4,4,4,4,4,4,4,4,4,82.04730987548828,83.68994140625,83.91801452636719,80.63605499267578,78.25928497314453,82.56011199951172,96.15625,19.047618865966797,9.523809432983398,9.523809432983398,4.761904716491699,9.523809432983398,4.761904716491699,22.72727394104004,57.142860412597656,28.571430206298828,5,14.25379753112793,25769803776,2147483648,15738896384,790495232
209,1790449068160,4,4,4,4,4,4,4,4,4,4,82.68017578125,83.03898620605469,83.61559295654297,80.41162872314453,78.04869842529297,83.59037017822266,93.359375,15.789472579956055,15.000000953674316,10,14.285715103149414,10,9.523809432983398,35,57.142860412597656,23.809524536132813,4.761904716491699,14.25379753112793,25769803776,2147483648,15734603776,790495232
209,1790449068370,4,4,4,4,4,4,4,4,4,4,82.68017578125,83.03898620605469,83.61559295654297,80.41162872314453,78.04869842529297,83.59037017822266,93.359375,22.72727394104004,9.523809432983398,10,13.636363983154297,13.636363983154297,9.523809432983398,55,42.85714340209961,0,8.69565200805664,14.25379753112793,25769803776,2147483648,15734603776,790495232
200,1790449068580,4,4,4,4,4,4,4,4,4,4,82.68017578125,83.03898620605469,83.61559295654297,80.41162872314453,78.04869842529297,83.59037017822266,93.359375,15.000000953674316,10,9.523809432983398,5,5,9.523809432983398,40.90909194946289,57.142860412597656,13.636363983154297,0,14.25379753112793,25769803776,2147483648,15740289024,790495232
209,1790449068780,4,4,4,4,4,4,4,4,4,4,82.68017578125,83.03898620605469,83.61559295654297,80.41162872314453,78.04869842529297,83.59037017822266,93.359375,23.809524536132813,20,15.000000953674316,10.526315689086914,10,5.263157844543457,52.38095474243164,42.85714340209961,10.526315689086914,9.523809432983398,14.264871597290039,25769803776,2147483648,15740289024,790495232
200,1790449068990,4,4,4,4,4,4,4,4,4,4,82.68017578125,83.03898620605469,83.61559295654297,80.41162872314453,78.04869842529297,83.59037017822266,93.359375,20,14.285715103149414,9.523809432983398,9.523809432983398,9.523809432983398,13.636363983154297,25,61.904762268066406,9.090909004211426,4.761904716491699,14.264871597290039,25769803776,2147483648,15740289024,790495232
202,1790449069191,4,4,4,4,4,4,4,4,4,4,81.78763580322266,83.39022827148438,83.39974212646484,80.2032241821289,77.6453857421875,82.44866180419922,96.15625,15.000000953674316,10,14.285715103149414,9.523809432983398,10,10,25,63.15789031982422,15.000000953674316,10.526315689086914,14.264871597290039,25769803776,2147483648,15740289024,790495232
201,1790449069394,4,4,4,4,4,4,4,4,4,4,81.78763580322266,83.39022827148438,83.39974212646484,80.2032241821289,77.6453857421875,82.44866180419922,96.15625,20,14.285715103149414,5.263157844543457,5.263157844543457,5,5,26.3157901763916,60.000003814697266,5,18.18181800842285,14.264871597290039,25769803776,2147483648,15740289024,790495232
200,1790449069595,4,4,4,4,4,4,4,4,4,4,81.78763580322266,83.39022827148438,83.39974212646484,80.2032241821289,77.6453857421875,82.44866180419922,96.15625,20,10.526315689086914,10,9.523809432983398,9.523809432983398,0,19.047618865966797,75,5,10,14.02928352355957,25769803776,2147483648,15750250496,790495232
202,1790449069796,4,4,4,4,4,4,4,4,4,4,81.78763580322266,83.39022827148438,83.39974212646484,80.2032241821289,77.6453857421875,82.44866180419922,96.15625,20,20,15.000000953674316,15.000000953674316,10,14.285715103149414,45,55,15.000000953674316,5.263157844543457,14.02928352355957,25769803776,2147483648,15745236992,790495232
209,1790449069999,4,4,4,4,4,4,4,4,4,4,81.78763580322266,83.39022827148438,83.39974212646484,80.2032241821289,77.6453857421875,82.44866180419922,96.15625,25,14.285715103149414,10,10,10,5.263157844543457,40,47.619049072265625,4.761904716491699,10,14.02928352355957,25769803776,2147483648,15749070848,790495232
209,1790449070209,4,4,4,4,4,4,4,4,4,4,81.51066589355469,82.71307373046875,83.39611053466797,80.42138671875,77.83734130859375,81.96089935302734,96.859375,15.000000953674316,10,9.523809432983398,9.090909004211426,9.523809432983398,9.090909004211426,28.571430206298828,55,5,19.047618865966797,14.02928352355957,25769803776,2147483648,15751774208,790495232
207,1790449070419,4,4,4,4,4,4,4,4,4,4,81.51066589355469,82.71307373046875,83.39611053466797,80.42138671875,77.83734130859375,81.96089935302734,96.859375,19.047618865966797,19.047618865966797,14.285715103149414,10,5,10,38.095237731933594,52.38095474243164,14.285715103149414,19.047618865966797,14.02928352355957,25769803776,2147483648,15746646016,790495232
209,1790449070626,4,4,4,4,4,4,4,4,4,4,81.51066589355469,82.71307373046875,83.39611053466797,80.42138671875,77.83734130859375,81.96089935302734,96.859375,20,10,5,9.523809432983398,9.523809432983398,9.090909004211426,57.142860412597656,40.90909194946289,4.761904716491699,0,13.98990249633789,25769803776,2147483648,15749775360,790495232
209,1790449070836,4,4,4,4,4,4,4,4,4,4,81.51066589355469,82.71307373046875,83.39611053466797,80.42138671875,77.83734130859375,81.96089935302734,96.859375,18.18181800842285,13.636363983154297,13.636363983154297,9.523809432983398,9.523809432983398,5,47.619049072265625,30.000001907348633,28.571430206298828,9.090909004211426,13.98990249633789,25769803776,2147483648,15754903552,790495232
209,1790449071046,4,4,4,4,4,4,4,4,4,4,81.51066589355469,82.71307373046875,83.39611053466797,80.42138671875,77.83734130859375,81.96089935302734,96.859375,20,15.000000953674316,15.000000953674316,10,9.523809432983398,13.636363983154297,47.619049072265625,28.571430206298828,27.272727966308594,15.000000953674316,13.98990249633789,25769803776,2147483648,15737651200,790495232
201,1790449071256,4,4,4,4,4,4,4,4,4,4,81.99462890625,83.15042877197266,82.65838623046875,80.19359588623047,76.68098449707031,82.79041290283203,94.75,19.047618865966797,14.285715103149414,13.636363983154297,9.523809432983398,9.523809432983398,5,25,33.333335876464844,0,38.095237731933594,13.98990249633789,25769803776,2147483648,15742959616,790495232
208,1790449071458,4,4,4,4,4,4,4,4,4,4,81.99462890625,83.15042877197266,82.65838623046875,80.19359588623047,76.68098449707031,82.79041290283203,94.75,19.047618865966797,10,5.263157844543457,10,10,10,38.095237731933594,63.15789031982422,14.285715103149414,5,13.98990249633789,25769803776,2147483648,15745384448,790495232
205,1790449071667,4,4,4,4,4,4,4,4,4,4,81.99462890625,83.15042877197266,82.65838623046875,80.19359588623047,76.68098449707031,82.79041290283203,94.75,15.789472579956055,14.285715103149414,14.285715103149414,9.523809432983398,9.523809432983398,5,14.285715103149414,38.095237731933594,19.047618865966797,31.81818199157715,14.123600006103516,25769803776,2147483648,15741042688,790495232
209,1790449071873,4,4,4,4,4,4,4,4,4,4,81.99462890625,83.15042877197266,82.65838623046875,80.19359588623047,76.68098449707031,82.79041290283203,94.75,14.285715103149414,14.285715103149414,9.523809432983398,5,5,9.090909004211426,33.333335876464844,61.904762268066406,14.285715103149414,0,14.123600006103516,25769803776,2147483648,15739256832,790495232
209,1790449072083,4,4,4,4,4,4,4,4,4,4,82.48207092285156,82.5179214477539,83.15042114257813,81.44757843017578,77.59510040283203,82.8908920288086,96.859375,19.047618865966797,15.000000953674316,5,13.636363983154297,9.523809432983398,14.285715103149414,33.333335876464844,61.904762268066406,10,22.72727394104004,14.123600006103516,25769803776,2147483648,15739256832,790495232
206,1790449072293,4,4,4,4,4,4,4,4,4,4,82.48207092285156,82.5179214477539,83.15042114257813,81.44757843017578,77.59510040283203,82.8908920288086,96.859375,28.571430206298828,18.18181800842285,14.285715103149414,14.285715103149414,14.285715103149414,9.523809432983398,19.047618865966797,45.45454788208008,42.85714340209961,0,14.123600006103516,25769803776,2147483648,15739256832,790495232
209,1790449072499,4,4,4,4,4,4,4,4,4,4,82.48207092285156,82.5179214477539,83.15042114257813,81.44757843017578,77.59510040283203,82.8908920288086,96.859375,15.000000953674316,10,9.523809432983398,5,5,5,10,75,18.18181800842285,9.523809432983398,14.123600006103516,25769803776,2147483648,15739256832,790495232
201,1790449072709,4,4,4,4,4,4,4,4,4,4,82.48207092285156,82.5179214477539,83.15042114257813,81.44757843017578,77.59510040283203,82.8908920288086,96.859375,20,14.285715103149414,14.285715103149414,10,13.636363983154297,14.285715103149414,42.85714340209961,38.095237731933594,28.571430206298828,15.000000953674316,16.90099334716797,25769803776,2147483648,15740174336,790495232
209,1790449072911,4,4,4,4,4,4,4,4,4,4,82.48207092285156,82.5179214477539,83.15042114257813,81.44757843017578,77.59510040283203,82.8908920288086,96.859375,25,15.789472579956055,10.526315689086914,14.285715103149414,10.526315689086914,10,20,40,35,0,16.90099334716797,25769803776,2147483648,15746514944,790495232
209,1790449073121,4,4,4,4,4,4,4,4,4,4,83.1142349243164,82.23170471191406,82.86107635498047,80.85389709472656,77.22127532958984,84.07594299316406,95.59375,22.72727394104004,14.285715103149414,14.285715103149414,14.285715103149414,13.636363983154297,9.523809432983398,33.333335876464844,47.619049072265625,20,19.047618865966797,16.90099334716797,25769803776,2147483648,15747088384,790495232
206,1790449073331,4,4,4,4,4,4,4,4,4,4,83.1142349243164,82.23170471191406,82.86107635498047,80.85389709472656,77.22127532958984,84.07594299316406,95.59375,20,14.285715103149414,13.636363983154297,5,4.761904716491699,5,42.85714340209961,23.809524536132813,23.809524536132813,22.72727394104004,16.90099334716797,25769803776,2147483648,15747088384,790495232
206,1790449073537,4,4,4,4,4,4,4,4,4,4,83.1142349243164,82.23170471191406,82.86107635498047,80.85389709472656,77.22127532958984,84.07594299316406,95.59375,19.047618865966797,9.523809432983398,10,9.523809432983398,9.523809432983398,9.523809432983398,38.095237731933594,60.000003814697266,19.047618865966797,5,16.90099334716797,25769803776,2147483648,15747088384,790495232
202,1790449073744,4,4,4,4,4,4,4,4,4,4,83.1142349243164,82.23170471191406,82.86107635498047,80.85389709472656,77.22127532958984,84.07594299316406,95.59375,15.000000953674316,20,14.285715103149414,14.285715103149414,10,13.636363983154297,23.809524536132813,52.38095474243164,15.000000953674316,25,16.199817657470703,25769803776,2147483648,15742861312,790495232
209,1790449073947,4,4,4,4,4,4,4,4,4,4,83.1142349243164,82.23170471191406,82.86107635498047,80.85389709472656,77.22127532958984,84.07594299316406,95.59375,40,15.000000953674316,25,10,10,5.263157844543457,20,60.000003814697266,10,14.285715103149414,16.199817657470703,25769803776,2147483648,15737470976,790495232
209,1790449074157,4,4,4,4,4,4,4,4,4,4,81.42974853515625,81.87223815917969,82.13522338867188,80.07196044921875,76.25157928466797,82.24346160888672,94.046875,19.047618865966797,14.285715103149414,5,9.523809432983398,9.523809432983398,9.523809432983398,38.095237731933594,47.619049072265625,14.285715103149414,19.047618865966797,16.199817657470703,25769803776,2147483648,15740682240,790495232
209,1790449074367,4,4,4,4,4,4,4,4,4,4,81.42974853515625,81.87223815917969,82.13522338867188,80.07196044921875,76.25157928466797,82.24346160888672,94.046875,23.809524536132813,15.000000953674316,14.285715103149414,9.523809432983398,10,9.523809432983398,40,52.38095474243164,27.272727966308594,9.090909004211426,16.199817657470703,25769803776,2147483648,15736193024,790495232
208,1790449074577,4,4,4,4,4,4,4,4,4,4,81.42974853515625,81.87223815917969,82.13522338867188,80.07196044921875,76.25157928466797,82.24346160888672,94.046875,15.000000953674316,13.636363983154297,9.523809432983398,9.523809432983398,9.090909004211426,9.523809432983398,28.571430206298828,66.66667175292969,4.761904716491699,0,16.199817657470703,25769803776,2147483648,15736193024,790495232
202,1790449074786,4,4,4,4,4,4,4,4,4,4,81.42974853515625,81.87223815917969,82.13522338867188,80.07196044921875,76.25157928466797,82.24346160888672,94.046875,19.047618865966797,14.285715103149414,13.636363983154297,9.523809432983398,10,5,33.333335876464844,50,19.047618865966797,19.047618865966797,14.076203346252441,25769803776,2147483648,15742025728,790495232
209,1790449074988,4,4,4,4,4,4,4,4,4,4,81.42974853515625,81.87223815917969,82.13522338867188,80.07196044921875,76.25157928466797,82.24346160888672,94.046875,25,15.000000953674316,5.263157844543457,5.263157844543457,9.523809432983398,14.285715103149414,42.85714340209961,52.38095474243164,0,10,14.076203346252441,25769803776,2147483648,15739404288,790495232
205,1790449075198,4,4,4,4,4,4,4,4,4,4,80.3341293334961,81.38970947265625,81.79944610595703,79.27069091796875,75.98551177978516,81.16846466064453,90.3125,14.285715103149414,9.523809432983398,9.523809432983398,9.090909004211426,5,0,14.285715103149414,71.42857360839844,18.18181800842285,4.761904716491699,14.076203346252441,25769803776,2147483648,15742763008,790495232
209,1790449075404,4,4,4,4,4,4,4,4,4,4,80.3341293334961,81.38970947265625,81.79944610595703,79.27069091796875,75.98551177978516,81.16846466064453,90.3125,20,15.000000953674316,14.285715103149414,14.285715103149414,9.523809432983398,13.636363983154297,45,70,10,5,14.076203346252441,25769803776,2147483648,15736832000,790495232
209,1790449075614,4,4,4,4,4,4,4,4,4,4,80.3341293334961,81.38970947265625,81.79944610595703,79.27069091796875,75.98551177978516,81.16846466064453,90.3125,23.809524536132813,15.000000953674316,10,10,14.285715103149414,10,47.619049072265625,38.095237731933594,14.285715103149414,9.090909004211426,13.80166244506836,25769803776,2147483648,15741157376,790495232
209,1790449075824,4,4,4,4,4,4,4,4,4,4,80.3341293334961,81.38970947265625,81.79944610595703,79.27069091796875,75.98551177978516,81.16846466064453,90.3125,14.285715103149414,9.523809432983398,9.523809432983398,9.090909004211426,9.523809432983398,4.761904716491699,42.85714340209961,47.619049072265625,14.285715103149414,19.047618865966797,13.80166244506836,25769803776,2147483648,15743942656,790495232
207,1790449076034,4,4,4,4,4,4,4,4,4,4,80.3341293334961,81.38970947265625,81.79944610595703,79.27069091796875,75.98551177978516,81.16846466064453,90.3125,23.809524536132813,18.18181800842285,14.285715103149414,10,5,9.523809432983398,50,47.619049072265625,9.523809432983398,14.285715103149414,13.80166244506836,25769803776,2147483648,15739371520,790495232
202,1790449076241,4,4,4,4,4,4,4,4,4,4,79.60367584228516,81.26066589355469,81.22716522216797,78.67620849609375,75.23171997070313,80.39752960205078,89.375,20,10,14.285715103149414,10,14.285715103149414,9.523809432983398,36.3636360168457,42.85714340209961,4.761904716491699,23.809524536132813,13.80166244506836,25769803776,2147483648,15744942080,790495232
209,1790449076444,4,4,4,4,4,4,4,4,4,4,79.60367584228516,81.26066589355469,81.22716522216797,78.67620849609375,75.23171997070313,80.39752960205078,89.375,15.000000953674316,5.263157844543457,5,9.523809432983398,4.761904716491699,5,50,40,30.000001907348633,0,13.80166244506836,25769803776,2147483648,15744942080,790495232
200,1790449076654,4,4,4,4,4,4,4,4,4,4,79.60367584228516,81.26066589355469,81.22716522216797,78.67620849609375,75.23171997070313,80.39752960205078,89.375,19.047618865966797,14.285715103149414,9.523809432983398,9.523809432983398,9.523809432983398,9.523809432983398,33.333335876464844,57.142860412597656,4.761904716491699,13.636363983154297,13.985630989074707,25769803776,2147483648,15744942080,790495232
209,1790449076854,4,4,4,4,4,4,4,4,4,4,79.60367584228516,81.26066589355469,81.22716522216797,78.67620849609375,75.23171997070313,80.39752960205078,89.375,20,15.000000953674316,15.000000953674316,10,5.263157844543457,5.263157844543457,35,50,28.571430206298828,5.263157844543457,13.985630989074707,25769803776,2147483648,15746039808,790495232
209,1790449077064,4,4,4,4,4,4,4,4,4,4,79.60367584228516,81.26066589355469,81.22716522216797,78.67620849609375,75.23171997070313,80.39752960205078,89.375,23.809524536132813,19.047618865966797,14.285715103149414,10,14.285715103149414,13.636363983154297,47.619049072265625,42.85714340209961,25,9.090909004211426,13.985630989074707,25769803776,2147483648,15741698048,790495232
209,1790449077274,4,4,4,4,4,4,4,4,4,4,80.03057098388672,80.63318634033203,80.45626068115234,78.76612854003906,74.2938003540039,80.93826293945313,87.03125,15.789472579956055,9.523809432983398,5,9.523809432983398,9.090909004211426,5,23.809524536132813,66.66667175292969,9.523809432983398,10,13.985630989074707,25769803776,2147483648,15749005312,790495232
209,1790449077484,4,4,4,4,4,4,4,4,4,4,80.03057098388672,80.63318634033203,80.45626068115234,78.76612854003906,74.2938003540039,80.93826293945313,87.03125,18.18181800842285,14.285715103149414,13.636363983154297,9.523809432983398,5,9.523809432983398,38.095237731933594,47.619049072265625,19.047618865966797,14.285715103149414,13.985630989074707,25769803776,2147483648,15747481600,790495232
209,1790449077694,4,4,4,4,4,4,4,4,4,4,80.03057098388672,80.63318634033203,80.45626068115234,78.76612854003906,74.2938003540039,80.93826293945313,87.03125,23.809524536132813,13.636363983154297,5,4.761904716491699,9.523809432983398,9.523809432983398,52.38095474243164,42.85714340209961,10,4.545454502105713,14.345187187194824,25769803776,2147483648,15747481600,790495232
205,1790449077904,4,4,4,4,4,4,4,4,4,4,80.03057098388672,80.63318634033203,80.45626068115234,78.76612854003906,74.2938003540039,80.93826293945313,87.03125,19.047618865966797,10,9.523809432983398,9.523809432983398,9.523809432983398,9.090909004211426,23.809524536132813,70,18.18181800842285,4.761904716491699,14.345187187194824,25769803776,2147483648,15748186112,790495232
209,1790449078110,4,4,4,4,4,4,4,4,4,4,79.6985092163086,80.20851135253906,80.35063934326172,78.40707397460938,74.2650375366211,80.56409454345703,86.796875,15.789472579956055,15.000000953674316,14.285715103149414,14.285715103149414,10,10,35,47.619049072265625,38.095237731933594,5.263157844543457,14.345187187194824,25769803776,2147483648,15742697472,790495232
209,1790449078320,4,4,4,4,4,4,4,4,4,4,79.6985092163086,80.20851135253906,80.35063934326172,78.40707397460938,74.2650375366211,80.56409454345703,86.796875,22.72727394104004,13.636363983154297,10,5,13.636363983154297,9.523809432983398,66.66667175292969,33.333335876464844,0,4.545454502105713,14.345187187194824,25769803776,2147483648,15742697472,790495232
209,1790449078530,4,4,4,4,4,4,4,4,4,4,79.6985092163086,80.20851135253906,80.35063934326172,78.40707397460938,74.2650375366211,80.56409454345703,86.796875,15.000000953674316,15.000000953674316,14.285715103149414,14.285715103149414,5,9.523809432983398,59.09090805053711,38.095237731933594,22.72727394104004,9.523809432983398,14.345187187194824,25769803776,2147483648,15742697472,790495232
209,1790449078740,4,4,4,4,4,4,4,4,4,4,79.6985092163086,80.20851135253906,80.35063934326172,78.40707397460938,74.2650375366211,80.56409454345703,86.796875,15.000000953674316,9.523809432983398,4.761904716491699,4.761904716491699,9.090909004211426,5,15.000000953674316,57.142860412597656,4.761904716491699,25,14.431490898132324,25769803776,2147483648,15742697472,790495232
209,1790449078950,4,4,4,4,4,4,4,4,4,4,79.6985092163086,80.20851135253906,80.35063934326172,78.40707397460938,74.2650375366211,80.56409454345703,86.796875,19.047618865966797,9.523809432983398,13.636363983154297,9.523809432983398,5,9.090909004211426,61.904762268066406,33.333335876464844,19.047618865966797,9.090909004211426,14.431490898132324,25769803776,2147483648,15749939200,790495232
209,1790449079160,4,4,4,4,4,4,4,4,4,4,79.28250122070313,80.49600219726563,80.046142578125,78.28993225097656,73.8495101928711,79.99195098876953,86.09375,22.72727394104004,19.047618865966797,15.000000953674316,14.285715103149414,14.285715103149414,14.285715103149414,33.333335876464844,71.42857360839844,19.047618865966797,9.523809432983398,14.431490898132324,25769803776,2147483648,15744188416,790495232
209,1790449079370,4,4,4,4,4,4,4,4,4,4,79.28250122070313,80.49600219726563,80.046142578125,78.28993225097656,73.8495101928711,79.99195098876953,86.09375,23.809524536132813,14.285715103149414,14.285715103149414,10,13.636363983154297,5,28.571430206298828,61.904762268066406,0,4.761904716491699,14.431490898132324,25769803776,2147483648,15750594560,790495232
202,1790449079580,4,4,4,4,4,4,4,4,4,4,79.28250122070313,80.49600219726563,80.046142578125,78.28993225097656,73.8495101928711,79.99195098876953,86.09375,10.526315689086914,10,5,9.523809432983398,5,9.523809432983398,33.333335876464844,72.7272720336914,14.285715103149414,9.523809432983398,14.431490898132324,25769803776,2147483648,15750594560,790495232
206,1790449079783,4,4,4,4,4,4,4,4,4,4,79.28250122070313,80.49600219726563,80.046142578125,78.28993225097656,73.8495101928711,79.99195098876953,86.09375,23.809524536132813,14.285715103149414,15.000000953674316,14.285715103149414,10,5,35,52.6315803527832,15.789472579956055,4.761904716491699,14.416189193725586,25769803776,2147483648,15750594560,790495232
209,1790449079990,4,4,4,4,4,4,4,4,4,4,79.28250122070313,80.49600219726563,80.046142578125,78.28993225097656,73.8495101928711,79.99195098876953,86.09375,14.285715103149414,10,9.523809432983398,9.523809432983398,4.761904716491699,13.636363983154297,14.285715103149414,71.42857360839844,13.636363983154297,10,14.416189193725586,25769803776,2147483648,15684665344,790495232
209,1790449080200,4,4,4,4,4,4,4,4,4,4,79.23957061767578,79.80042266845703,80.39128112792969,78.14360046386719,74.46747589111328,79.9890365600586,86.796875,20,14.285715103149414,14.285715103149414,10,10,5.263157844543457,60.000003814697266,38.095237731933594,19.047618865966797,10,14.416189193725586,25769803776,2147483648,15679340544,790495232
209,1790449080410,4,4,4,4,4,4,4,4,4,4,79.23957061767578,79.80042266845703,80.39128112792969,78.14360046386719,74.46747589111328,79.9890365600586,86.796875,20,14.285715103149414,14.285715103149414,13.636363983154297,9.523809432983398,13.636363983154297,23.809524536132813,66.66667175292969,15.000000953674316,4.545454502105713,14.416189193725586,25769803776,2147483648,15686025216,790495232
209,1790449080620,4,4,4,4,4,4,4,4,4,4,79.23957061767578,79.80042266845703,80.39128112792969,78.14360046386719,74.46747589111328,79.9890365600586,86.796875,13.636363983154297,10,9.523809432983398,5,9.090909004211426,0,45.45454788208008,45,23.809524536132813,23.809524536132813,14.464327812194824,25769803776,2147483648,15683796992,790495232
202,1790449080830,4,4,4,4,4,4,4,4,4,4,79.23957061767578,79.80042266845703,80.39128112792969,78.14360046386719,74.46747589111328,79.9890365600586,86.796875,23.809524536132813,28.571430206298828,14.285715103149414,9.523809432983398,25,13.636363983154297,38.095237731933594,61.904762268066406,0,0,14.464327812194824,25769803776,2147483648,15683796992,790495232
206,1790449081032,4,4,4,4,4,4,4,4,4,4,79.23957061767578,79.80042266845703,80.39128112792969,78.14360046386719,74.46747589111328,79.9890365600586,86.796875,20,20,15.000000953674316,10,9.523809432983398,10,40,47.619049072265625,10,25,14.464327812194824,25769803776,2147483648,15678570496,790495232
209,1790449081238,4,4,4,4,4,4,4,4,4,4,79.13704681396484,79.71409606933594,79.70933532714844,78.16356658935547,73.51719665527344,79.8177261352539,85.96875,20,14.285715103149414,10,14.285715103149414,5,5,33.333335876464844,50,28.571430206298828,4.761904716491699,14.464327812194824,25769803776,2147483648,15675998208,790495232
209,1790449081448,4,4,4,4,4,4,4,4,4,4,79.13704681396484,79.71409606933594,79.70933532714844,78.16356658935547,73.51719665527344,79.8177261352539,85.96875,18.18181800842285,9.523809432983398,9.090909004211426,4.761904716491699,9.523809432983398,4.761904716491699,57.142860412597656,45.45454788208008,13.636363983154297,5,14.464327812194824,25769803776,2147483648,15679324160,790495232
209,1790449081658,4,4,4,4,4,4,4,4,4,4,79.13704681396484,79.71409606933594,79.70933532714844,78.16356658935547,73.51719665527344,79.8177261352539,85.96875,25,15.000000953674316,15.000000953674316,14.285715103149414,10,14.285715103149414,25,70,15.000000953674316,19.047618865966797,14.299407005310059,25769803776,2147483648,15674130432,790495232
200,1790449081868,4,4,4,4,4,4,4,4,4,4,79.13704681396484,79.71409606933594,79.70933532714844,78.16356658935547,73.51719665527344,79.8177261352539,85.96875,28.571430206298828,28.571430206298828,13.636363983154297,10,13.636363983154297,13.636363983154297,76.19047546386719,54.54545593261719,18.18181800842285,9.090909004211426,14.299407005310059,25769803776,2147483648,15680356352,790495232
209,1790449082069,4,4,4,4,4,4,4,4,4,4,79.13704681396484,79.71409606933594,79.70933532714844,78.16356658935547,73.51719665527344,79.8177261352539,85.96875,10.526315689086914,15.000000953674316,5.263157844543457,5,9.523809432983398,0,50,30.000001907348633,10.526315689086914,50,14.299407005310059,25769803776,2147483648,15675228160,790495232
209,1790449082278,4,4,4,4,4,4,4,4,4,4,79.35636901855469,79.93904113769531,79.5628662109375,78.41546630859375,73.26998901367188,80.06702423095703,87.265625,27.272727966308594,14.285715103149414,9.523809432983398,13.636363983154297,5,13.636363983154297,31.81818199157715,60.000003814697266,9.090909004211426,0,14.299407005310059,25769803776,2147483648,15683289088,790495232
209,1790449082489,4,4,4,4,4,4,4,4,4,4,79.35636901855469,79.93904113769531,79.5628662109375,78.41546630859375,73.26998901367188,80.06702423095703,87.265625,10.526315689086914,9.523809432983398,9.523809432983398,4.761904716491699,9.523809432983398,5,36.842105865478516,54.54545593261719,21.052631378173828,9.523809432983398,14.299407005310059,25769803776,2147483648,15681585152,790495232
209,1790449082699,4,4,4,4,4,4,4,4,4,4,79.35636901855469,79.93904113769531,79.5628662109375,78.41546630859375,73.26998901367188,80.06702423095703,87.265625,23.809524536132813,19.047618865966797,10,10,9.523809432983398,9.523809432983398,63.6363639831543,15.000000953674316,30.434782028198242,0,14.314862251281738,25769803776,2147483648,15679733760,790495232
209,1790449082909,4,4,4,4,4,4,4,4,4,4,79.35636901855469,79.93904113769531,79.5628662109375,78.41546630859375,73.26998901367188,80.06702423095703,87.265625,19.047618865966797,10,13.636363983154297,13.636363983154297,9.523809432983398,4.761904716491699,47.619049072265625,23.809524536132813,45,4.761904716491699,14.314862251281738,25769803776,2147483648,15683158016,790495232
206,1790449083119,4,4,4,4,4,4,4,4,4,4,79.31333923339844,79.51139068603516,78.83334350585938,77.84650421142578,72.36506652832031,80.14348602294922,86.203125,19.047618865966797,13.636363983154297,9.523809432983398,5,5,9.523809432983398,45.45454788208008,38.095237731933594,18.18181800842285,18.18181800842285,14.314862251281738,25769803776,2147483648,15679799296,790495232
209,1790449083325,4,4,4,4,4,4,4,4,4,4,79.31333923339844,79.51139068603516,78.83334350585938,77.84650421142578,72.36506652832031,80.14348602294922,86.203125,15.000000953674316,10,5.263157844543457,14.285715103149414,9.523809432983398,5,73.68421173095703,14.285715103149414,28.571430206298828,5,14.314862251281738,25769803776,2147483648,15683878912,790495232
204,1790449083535,4,4,4,4,4,4,4,4,4,4,79.31333923339844,79.51139068603516,78.83334350585938,77.84650421142578,72.36506652832031,80.14348602294922,86.203125,19.047618865966797,14.285715103149414,14.285715103149414,10,13.636363983154297,14.285715103149414,71.42857360839844,33.333335876464844,5.263157844543457,14.285715103149414,14.314862251281738,25769803776,2147483648,15681388544,790495232
209,1790449083740,4,4,4,4,4,4,4,4,4,4,79.31333923339844,79.51139068603516,78.83334350585938,77.84650421142578,72.36506652832031,80.14348602294922,86.203125,20,15.000000953674316,14.285715103149414,9.523809432983398,5.263157844543457,5,57.142860412597656,36.842105865478516,9.090909004211426,4.761904716491699,14.593939781188965,25769803776,2147483648,15681388544,790495232
202,1790449083950,4,4,4,4,4,4,4,4,4,4,79.31333923339844,79.51139068603516,78.83334350585938,77.84650421142578,72.36506652832031,80.14348602294922,86.203125,14.285715103149414,9.523809432983398,9.090909004211426,5,9.090909004211426,9.090909004211426,52.38095474243164,47.826087951660156,20,10,14.593939781188965,25769803776,2147483648,15681388544,790495232
209,1790449084153,4,4,4,4,4,4,4,4,4,4,79.17709350585938,80.10376739501953,78.71368408203125,77.89047241210938,71.99512481689453,79.94175720214844,86.796875,20,15.000000953674316,5.263157844543457,14.285715103149414,5.263157844543457,10,50,21.052631378173828,19.047618865966797,19.047618865966797,14.593939781188965,25769803776,2147483648,15683207168,790495232
207,1790449084363,4,4,4,4,4,4,4,4,4,4,79.17709350585938,80.10376739501953,78.71368408203125,77.89047241210938,71.99512481689453,79.94175720214844,86.796875,19.047618865966797,13.636363983154297,13.636363983154297,9.090909004211426,9.523809432983398,9.523809432983398,61.904762268066406,31.81818199157715,23.809524536132813,5,14.593939781188965,25769803776,2147483648,15686139904,790495232
201,1790449084570,4,4,4,4,4,4,4,4,4,4,79.17709350585938,80.10376739501953,78.71368408203125,77.89047241210938,71.99512481689453,79.94175720214844,86.796875,15.000000953674316,5.263157844543457,5,5,5,5,52.38095474243164,33.333335876464844,0,27.272727966308594,14.593939781188965,25769803776,2147483648,15682699264,790495232
209,1790449084772,4,4,4,4,4,4,4,4,4,4,79.17709350585938,80.10376739501953,78.71368408203125,77.89047241210938,71.99512481689453,79.94175720214844,86.796875,15.000000953674316,15.000000953674316,10,10,9.523809432983398,9.523809432983398,70,21.052631378173828,10,0,14.403229713439941,25769803776,2147483648,15686713344,790495232
199,1790449084982,4,4,4,4,4,4,4,4,4,4,79.17709350585938,80.10376739501953,78.71368408203125,77.89047241210938,71.99512481689453,79.94175720214844,86.796875,20,14.285715103149414,14.285715103149414,10,14.285715103149414,10,61.904762268066406,33.333335876464844,14.285715103149414,22.72727394104004,14.403229713439941,25769803776,2147483648,15686664192,790495232
207,1790449085182,4,4,4,4,4,4,4,4,4,4,78.99585723876953,80.15238952636719,78.87120819091797,78.0749740600586,72.2672348022461,79.70240783691406,87.265625,23.809524536132813,15.000000953674316,15.000000953674316,10,10,9.523809432983398,70,25,10,0,14.403229713439941,25769803776,2147483648,15687843840,790495232
202,1790449085390,4,4,4,4,4,4,4,4,4,4,78.99585723876953,80.15238952636719,78.87120819091797,78.0749740600586,72.2672348022461,79.70240783691406,87.265625,10,9.523809432983398,4.761904716491699,5,5,5,55,42.85714340209961,14.285715103149414,18.18181800842285,14.403229713439941,25769803776,2147483648,15685173248,790495232
209,1790449085593,4,4,4,4,4,4,4,4,4,4,78.99585723876953,80.15238952636719,78.87120819091797,78.0749740600586,72.2672348022461,79.70240783691406,87.265625,25,15.000000953674316,10.526315689086914,14.285715103149414,10,10,57.142860412597656,30.000001907348633,14.285715103149414,10,14.581596374511719,25769803776,2147483648,15685173248,790495232
202,1790449085803,4,4,4,4,4,4,4,4,4,4,78.99585723876953,80.15238952636719,78.87120819091797,78.0749740600586,72.2672348022461,79.70240783691406,87.265625,14.285715103149414,9.523809432983398,13.636363983154297,9.523809432983398,9.090909004211426,9.523809432983398,57.142860412597656,35,14.285715103149414,14.285715103149414,14.581596374511719,25769803776,2147483648,15685173248,790495232
209,1790449086006,4,4,4,4,4,4,4,4,4,4,78.99585723876953,80.15238952636719,78.87120819091797,78.0749740600586,72.2672348022461,79.70240783691406,87.265625,15.000000953674316,10,5,5,5.263157844543457,5,55,42.85714340209961,5.263157844543457,0,14.581596374511719,25769803776,2147483648,15685173248,790495232
209,1790449086216,4,4,4,4,4,4,4,4,4,4,78.74181365966797,80.18931579589844,78.94259643554688,77.75029754638672,72.35733795166016,79.36077117919922,86.796875,19.047618865966797,14.285715103149414,9.523809432983398,9.523809432983398,9.090909004211426,5,71.42857360839844,28.571430206298828,13.636363983154297,9.090909004211426,14.581596374511719,25769803776,2147483648,15689334784,790495232
209,1790449086426,4,4,4,4,4,4,4,4,4,4,78.74181365966797,80.18931579589844,78.94259643554688,77.75029754638672,72.35733795166016,79.36077117919922,86.796875,23.809524536132813,19.047618865966797,14.285715103149414,14.285715103149414,14.285715103149414,13.636363983154297,57.142860412597656,42.85714340209961,9.523809432983398,10,14.581596374511719,25769803776,2147483648,15684943872,790495232
204,1790449086636,4,4,4,4,4,4,4,4,4,4,78.74181365966797,80.18931579589844,78.94259643554688,77.75029754638672,72.35733795166016,79.36077117919922,86.796875,23.809524536132813,10,5.263157844543457,9.523809432983398,9.523809432983398,9.523809432983398,66.66667175292969,28.571430206298828,9.523809432983398,0,14.395895957946777,25769803776,2147483648,15684943872,790495232
209,1790449086840,4,4,4,4,4,4,4,4,4,4,78.74181365966797,80.18931579589844,78.94259643554688,77.75029754638672,72.35733795166016,79.36077117919922,86.796875,10,14.285715103149414,9.523809432983398,4.761904716491699,5,5,70,33.333335876464844,20,9.523809432983398,14.395895957946777,25769803776,2147483648,15684943872,790495232
209,1790449087050,4,4,4,4,4,4,4,4,4,4,78.74181365966797,80.18931579589844,78.94259643554688,77.75029754638672,72.35733795166016,79.36077117919922,86.796875,23.809524536132813,14.285715103149414,13.636363983154297,10,10,13.636363983154297,28.571430206298828,65,9.523809432983398,4.545454502105713,14.395895957946777,25769803776,2147483648,15684943872,790495232
209,1790449087260,4,4,4,4,4,4,4,4,4,4,78.71415710449219,80.15508270263672,79.08280181884766,77.4282455444336,72.55870819091797,79.39842224121094,85.625,14.285715103149414,10,10,9.523809432983398,9.090909004211426,4.761904716491699,52.38095474243164,31.81818199157715,19.047618865966797,19.047618865966797,14.395895957946777,25769803776,2147483648,15691317248,790495232
203,1790449087470,4,4,4,4,4,4,4,4,4,4,78.71415710449219,80.15508270263672,79.08280181884766,77.4282455444336,72.55870819091797,79.39842224121094,85.625,20,13.636363983154297,9.523809432983398,4.761904716491699,5,5,23.809524536132813,52.38095474243164,30.000001907348633,0,14.395895957946777,25769803776,2147483648,15689940992,790495232
200,1790449087674,4,4,4,4,4,4,4,4,4,4,78.71415710449219,80.15508270263672,79.08280181884766,77.4282455444336,72.55870819091797,79.39842224121094,85.625,19.047618865966797,10.526315689086914,14.285715103149414,10,9.523809432983398,9.523809432983398,80,25,14.285715103149414,9.523809432983398,14.43708324432373,25769803776,2147483648,15691612160,790495232
209,1790449087874,4,4,4,4,4,4,4,4,4,4,78.71415710449219,80.15508270263672,79.08280181884766,77.4282455444336,72.55870819091797,79.39842224121094,85.625,16.666667938232422,20,10,19.047618865966797,15.000000953674316,10,60.000003814697266,40,20,10,14.43708324432373,25769803776,2147483648,15691612160,790495232
209,1790449088084,4,4,4,4,4,4,4,4,4,4,79.28673553466797,79.47419738769531,78.66897583007813,77.92095184326172,72.2300033569336,80.0355453491211,86.4375,18.18181800842285,4.761904716491699,4.761904716491699,0,4.545454502105713,4.761904716491699,23.809524536132813,28.571430206298828,33.333335876464844,15.000000953674316,14.43708324432373,25769803776,2147483648,15691612160,790495232
209,1790449088295,4,4,4,4,4,4,4,4,4,4,79.28673553466797,79.47419738769531,78.66897583007813,77.92095184326172,72.2300033569336,80.0355453491211,86.4375,19.047618865966797,14.285715103149414,14.285715103149414,10,10,9.523809432983398,59.09090805053711,45,23.809524536132813,9.090909004211426,14.43708324432373,25769803776,2147483648,15687565312,790495232
209,1790449088505,4,4,4,4,4,4,4,4,4,4,79.28673553466797,79.47419738769531,78.66897583007813,77.92095184326172,72.2300033569336,80.0355453491211,86.4375,40,23.809524536132813,20,13.636363983154297,9.523809432983398,10,75,22.72727394104004,9.090909004211426,0,14.43708324432373,25769803776,2147483648,15682060288,790495232
201,1790449088715,4,4,4,4,4,4,4,4,4,4,79.28673553466797,79.47419738769531,78.66897583007813,77.92095184326172,72.2300033569336,80.0355453491211,86.4375,18.18181800842285,14.285715103149414,9.523809432983398,9.523809432983398,9.523809432983398,9.090909004211426,54.54545593261719,23.809524536132813,20,23.809524536132813,14.52199935913086,25769803776,2147483648,15685500928,790495232
201,1790449088916,4,4,4,4,4,4,4,4,4,4,79.28673553466797,79.47419738769531,78.66897583007813,77.92095184326172,72.2300033569336,80.0355453491211,86.4375,15.789472579956055,10,10,5.263157844543457,5,5.263157844543457,21.052631378173828,25,60.000003814697266,9.523809432983398,14.52199935913086,25769803776,2147483648,15684075520,790495232
209,1790449089117,4,4,4,4,4,4,4,4,4,4,79.32231903076172,79.66038513183594,78.36507415771484,77.87369537353516,71.73934173583984,80.14261627197266,87.15625,19.047618865966797,14.285715103149414,5.263157844543457,9.523809432983398,10,9.523809432983398,75,25,10,5,14.52199935913086,25769803776,2147483648,15684075520,790495232
209,1790449089327,4,4,4,4,4,4,4,4,4,4,79.32231903076172,79.66038513183594,78.36507415771484,77.87369537353516,71.73934173583984,80.14261627197266,87.15625,20,15.000000953674316,13.636363983154297,10,14.285715103149414,10,61.904762268066406,42.85714340209961,13.636363983154297,4.761904716491699,14.52199935913086,25769803776,2147483648,15684141056,790495232
209,1790449089537,4,4,4,4,4,4,4,4,4,4,79.32231903076172,79.66038513183594,78.36507415771484,77.87369537353516,71.73934173583984,80.14261627197266,87.15625,14.285715103149414,5,9.523809432983398,9.523809432983398,4.761904716491699,9.090909004211426,28.571430206298828,25,42.85714340209961,4.761904716491699,14.52199935913086,25769803776,2147483648,15681175552,790495232
209,1790449089747,4,4,4,4,4,4,4,4,4,4,79.32231903076172,79.66038513183594,78.36507415771484,77.87369537353516,71.73934173583984,80.14261627197266,87.15625,19.047618865966797,14.285715103149414,10,9.523809432983398,9.523809432983398,5,54.54545593261719,33.333335876464844,35,13.636363983154297,14.53306770324707,25769803776,2147483648,15681175552,790495232
206,1790449089957,4,4,4,4,4,4,4,4,4,4,79.32231903076172,79.66038513183594,78.36507415771484,77.87369537353516,71.73934173583984,80.14261627197266,87.15625,20,14.285715103149414,14.285715103149414,9.523809432983398,9.523809432983398,9.523809432983398,30.000001907348633,27.272727966308594,9.523809432983398,40,14.53306770324707,25769803776,2147483648,15681175552,790495232
208,1790449090164,4,4,4,4,4,4,4,4,4,4,79.24884033203125,79.3185043334961,78.512939453125,77.99321746826172,72.04728698730469,79.99876403808594,86.796875,15.000000953674316,14.285715103149414,13.636363983154297,9.523809432983398,10,5,42.85714340209961,55,14.285715103149414,5,14.53306770324707,25769803776,2147483648,15681175552,790495232
209,1790449090373,4,4,4,4,4,4,4,4,4,4,79.24884033203125,79.3185043334961,78.512939453125,77.99321746826172,72.04728698730469,79.99876403808594,86.796875,19.047618865966797,10,5,5,4.761904716491699,9.523809432983398,60.000003814697266,33.333335876464844,4.761904716491699,14.285715103149414,14.53306770324707,25769803776,2147483648,15686025216,790495232
205,1790449090583,4,4,4,4,4,4,4,4,4,4,79.24884033203125,79.3185043334961,78.512939453125,77.99321746826172,72.04728698730469,79.99876403808594,86.796875,18.18181800842285,14.285715103149414,9.523809432983398,9.523809432983398,9.523809432983398,4.761904716491699,59.09090805053711,33.333335876464844,19.047618865966797,4.761904716491699,14.53306770324707,25769803776,2147483648,15689236480,790495232
209,1790449090789,4,4,4,4,4,4,4,4,4,4,79.24884033203125,79.3185043334961,78.512939453125,77.99321746826172,72.04728698730469,79.99876403808594,86.796875,20,15.000000953674316,14.285715103149414,14.285715103149414,14.285715103149414,14.285715103149414,57.142860412597656,33.333335876464844,30.000001907348633,9.523809432983398,14.358183860778809,25769803776,2147483648,15689236480,790495232
205,1790449090999,4,4,4,4,4,4,4,4,4,4,79.24884033203125,79.3185043334961,78.512939453125,77.99321746826172,72.04728698730469,79.99876403808594,86.796875,20,13.636363983154297,10,5,5,5,60.000003814697266,31.81818199157715,13.636363983154297,0,14.358183860778809,25769803776,2147483648,15689236480,790495232
209,1790449091205,4,4,4,4,4,4,4,4,4,4,78.7850112915039,79.87572479248047,78.66685485839844,77.45752716064453,72.10324096679688,79.46826171875,86.796875,9.523809432983398,10,4.761904716491699,9.523809432983398,9.523809432983398,9.090909004211426,71.42857360839844,40,15.000000953674316,9.523809432983398,14.358183860778809,25769803776,2147483648,15689236480,790495232
209,1790449091415,4,4,4,4,4,4,4,4,4,4,78.7850112915039,79.87572479248047,78.66685485839844,77.45752716064453,72.10324096679688,79.46826171875,86.796875,23.809524536132813,14.285715103149414,14.285715103149414,9.523809432983398,9.523809432983398,10,50,33.333335876464844,9.523809432983398,14.285715103149414,14.358183860778809,25769803776,2147483648,15688663040,790495232
209,1790449091625,4,4,4,4,4,4,4,4,4,4,78.7850112915039,79.87572479248047,78.66685485839844,77.45752716064453,72.10324096679688,79.46826171875,86.796875,14.285715103149414,14.285715103149414,9.523809432983398,9.523809432983398,9.523809432983398,4.761904716491699,63.6363639831543,25,19.047618865966797,9.523809432983398,14.45107650756836,25769803776,2147483648,15692644352,790495232
209,1790449091835,4,4,4,4,4,4,4,4,4,4,78.7850112915039,79.87572479248047,78.66685485839844,77.45752716064453,72.10324096679688,79.46826171875,86.796875,21.052631378173828,14.285715103149414,15.000000953674316,14.285715103149414,10,13.636363983154297,45,47.619049072265625,13.636363983154297,9.523809432983398,14.45107650756836,25769803776,2147483648,15691022336,790495232
209,1790449092045,4,4,4,4,4,4,4,4,4,4,78.7850112915039,79.87572479248047,78.66685485839844,77.45752716064453,72.10324096679688,79.46826171875,86.796875,18.18181800842285,9.523809432983398,9.090909004211426,4.761904716491699,4.761904716491699,5,42.85714340209961,52.38095474243164,10,4.761904716491699,14.45107650756836,25769803776,2147483648,15691022336,790495232
209,1790449092255,4,4,4,4,4,4,4,4,4,4,78.67740631103516,79.69806671142578,78.80477142333984,77.54143524169922,72.3272476196289,79.31578063964844,86.90625,20,15.000000953674316,10,9.523809432983398,9.523809432983398,9.523809432983398,52.38095474243164,47.619049072265625,22.72727394104004,13.636363983154297,14.45107650756836,25769803776,2147483648,15691022336,790495232
202,1790449092465,4,4,4,4,4,4,4,4,4,4,78.67740631103516,79.69806671142578,78.80477142333984,77.54143524169922,72.3272476196289,79.31578063964844,86.90625,22.72727394104004,14.285715103149414,10,10,13.636363983154297,9.523809432983398,31.81818199157715,23.809524536132813,45,4.761904716491699,14.45107650756836,25769803776,2147483648,15688613888,790495232
209,1790449092668,4,4,4,4,4,4,4,4,4,4,78.67740631103516,79.69806671142578,78.80477142333984,77.54143524169922,72.3272476196289,79.31578063964844,86.90625,15.789472579956055,14.285715103149414,9.523809432983398,9.523809432983398,5.263157844543457,9.523809432983398,70,28.571430206298828,15.000000953674316,5.263157844543457,14.532341957092285,25769803776,2147483648,15692005376,790495232
200,1790449092878,4,4,4,4,4,4,4,4,4,4,78.67740631103516,79.69806671142578,78.80477142333984,77.54143524169922,72.3272476196289,79.31578063964844,86.90625,19.047618865966797,5.263157844543457,14.285715103149414,5,9.523809432983398,5,50,33.333335876464844,20,9.090909004211426,14.532341957092285,25769803776,2147483648,15687647232,790495232
202,1790449093078,4,4,4,4,4,4,4,4,4,4,78.67740631103516,79.69806671142578,78.80477142333984,77.54143524169922,72.3272476196289,79.31578063964844,86.90625,15.000000953674316,14.285715103149414,10,14.285715103149414,5,10,42.85714340209961,25,47.619049072265625,5.263157844543457,14.532341957092285,25769803776,2147483648,15692546048,790495232
200,1790449093280,4,4,4,4,4,4,4,4,4,4,79.46585083007813,79.3879165649414,78.29608154296875,77.70231628417969,71.6778793334961,80.41619873046875,85.96875,21.052631378173828,20,14.285715103149414,10,14.285715103149414,5.263157844543457,70,10.526315689086914,25,19.047618865966797,14.532341957092285,25769803776,2147483648,15688204288,790495232
209,1790449093481,4,4,4,4,4,4,4,4,4,4,79.46585083007813,79.3879165649414,78.29608154296875,77.70231628417969,71.6778793334961,80.41619873046875,85.96875,20,10,5.263157844543457,5.263157844543457,5.263157844543457,9.523809432983398,70,20,14.285715103149414,0,14.532341957092285,25769803776,2147483648,15695331328,790495232
209,1790449093691,4,4,4,4,4,4,4,4,4,4,79.46585083007813,79.3879165649414,78.29608154296875,77.70231628417969,71.6778793334961,80.41619873046875,85.96875,18.18181800842285,10,14.285715103149414,13.636363983154297,9.523809432983398,9.523809432983398,52.38095474243164,45.45454788208008,30.000001907348633,9.090909004211426,14.601509094238281,25769803776,2147483648,15687499776,790495232
209,1790449093901,4,4,4,4,4,4,4,4,4,4,79.46585083007813,79.3879165649414,78.29608154296875,77.70231628417969,71.6778793334961,80.41619873046875,85.96875,20,13.636363983154297,5,5,13.636363983154297,9.523809432983398,50,42.85714340209961,4.545454502105713,4.761904716491699,14.601509094238281,25769803776,2147483648,15691841536,790495232
206,1790449094111,4,4,4,4,4,4,4,4,4,4,78.8896484375,79.62754821777344,78.39260864257813,77.67626953125,71.80715942382813,79.56352233886719,85.96875,18.18181800842285,15.000000953674316,13.636363983154297,9.523809432983398,9.523809432983398,9.523809432983398,50,33.333335876464844,10,23.809524536132813,14.601509094238281,25769803776,2147483648,15691563008,790495232
209,1790449094318,4,4,4,4,4,4,4,4,4,4,78.8896484375,79.62754821777344,78.39260864257813,77.67626953125,71.80715942382813,79.56352233886719,85.96875,21.052631378173828,14.285715103149414,10,14.285715103149414,5.263157844543457,9.523809432983398,35,55,14.285715103149414,10,14.601509094238281,25769803776,2147483648,15691563008,790495232
209,1790449094528,4,4,4,4,4,4,4,4,4,4,78.8896484375,79.62754821777344,78.39260864257813,77.67626953125,71.80715942382813,79.56352233886719,85.96875,14.285715103149414,9.523809432983398,5,0,9.090909004211426,0,71.42857360839844,23.809524536132813,9.523809432983398,9.090909004211426,14.601509094238281,25769803776,2147483648,15695265792,790495232
209,1790449094738,4,4,4,4,4,4,4,4,4,4,78.8896484375,79.62754821777344,78.39260864257813,77.67626953125,71.80715942382813,79.56352233886719,85.96875,19.047618865966797,19.047618865966797,13.636363983154297,13.636363983154297,5,14.285715103149414,71.42857360839844,33.333335876464844,14.285715103149414,14.285715103149414,14.449460983276367,25769803776,2147483648,15689465856,790495232
209,1790449094948,4,4,4,4,4,4,4,4,4,4,78.8896484375,79.62754821777344,78.39260864257813,77.67626953125,71.80715942382813,79.56352233886719,85.96875,19.047618865966797,5,14.285715103149414,9.523809432983398,13.636363983154297,5,40,28.571430206298828,25,9.523809432983398,14.449460983276367,25769803776,2147483648,15689465856,790495232
209,1790449095158,4,4,4,4,4,4,4,4,4,4,78.6795654296875,79.72335052490234,78.64605712890625,77.46056365966797,72.14493560791016,79.32140350341797,85.96875,76.19047546386719,23.809524536132813,14.285715103149414,10,9.523809432983398,13.636363983154297,57.142860412597656,47.619049072265625,13.636363983154297,4.761904716491699,14.449460983276367,25769803776,2147483648,15689465856,790495232
209,1790449095368,4,4,4,4,4,4,4,4,4,4,78.6795654296875,79.72335052490234,78.64605712890625,77.46056365966797,72.14493560791016,79.32140350341797,85.96875,19.047618865966797,9.523809432983398,9.523809432983398,13.636363983154297,5,9.523809432983398,27.272727966308594,14.285715103149414,52.38095474243164,19.047618865966797,14.449460983276367,25769803776,2147483648,15689465856,790495232
209,1790449095578,4,4,4,4,4,4,4,4,4,4,78.6795654296875,79.72335052490234,78.64605712890625,77.46056365966797,72.14493560791016,79.32140350341797,85.96875,15.000000953674316,9.523809432983398,5,5,9.523809432983398,5,71.42857360839844,25,14.285715103149414,9.523809432983398,14.449460983276367,25769803776,2147483648,15696592896,790495232
200,1790449095788,4,4,4,4,4,4,4,4,4,4,78.6795654296875,79.72335052490234,78.64605712890625,77.46056365966797,72.14493560791016,79.32140350341797,85.96875,50,20,23.809524536132813,14.285715103149414,14.285715103149414,13.636363983154297,47.619049072265625,36.3636360168457,28.571430206298828,14.285715103149414,14.507896423339844,25769803776,2147483648,15683846144,790495232
200,1790449095989,4,4,4,4,4,4,4,4,4,4,78.6795654296875,79.72335052490234,78.64605712890625,77.46056365966797,72.14493560791016,79.32140350341797,85.96875,5.555555820465088,9.523809432983398,4.761904716491699,4.761904716491699,4.761904716491699,0,57.894737243652344,40,5,0,14.507896423339844,25769803776,2147483648,15688531968,790495232
209,1790449096189,4,4,4,4,4,4,4,4,4,4,79.08452606201172,79.28294372558594,78.31556701660156,77.62650299072266,71.79017639160156,79.83096313476563,86.796875,23.809524536132813,15.000000953674316,15.789472579956055,10.526315689086914,5.555555820465088,14.285715103149414,47.619049072265625,45,25,15.000000953674316,14.507896423339844,25769803776,2147483648,15688531968,790495232
209,1790449096399,4,4,4,4,4,4,4,4,4,4,79.08452606201172,79.28294372558594,78.31556701660156,77.62650299072266,71.79017639160156,79.83096313476563,86.796875,20,14.285715103149414,9.523809432983398,13.636363983154297,13.636363983154297,9.523809432983398,70,19.047618865966797,0,4.545454502105713,14.507896423339844,25769803776,2147483648,15688531968,790495232
209,1790449096609,4,4,4,4,4,4,4,4,4,4,79.08452606201172,79.28294372558594,78.31556701660156,77.62650299072266,71.79017639160156,79.83096313476563,86.796875,14.285715103149414,10,13.636363983154297,5,9.523809432983398,5,80.95238494873047,23.809524536132813,14.285715103149414,14.285715103149414,14.664597511291504,25769803776,2147483648,15690350592,790495232
201,1790449096819,4,4,4,4,4,4,4,4,4,4,79.08452606201172,79.28294372558594,78.31556701660156,77.62650299072266,71.79017639160156,79.83096313476563,86.796875,19.047618865966797,9.523809432983398,5,9.523809432983398,4.761904716491699,4.761904716491699,61.904762268066406,33.333335876464844,13.636363983154297,0,14.664597511291504,25769803776,2147483648,15689105408,790495232
209,1790449097021,4,4,4,4,4,4,4,4,4,4,79.08452606201172,79.28294372558594,78.31556701660156,77.62650299072266,71.79017639160156,79.83096313476563,86.796875,10.526315689086914,10.526315689086914,10,10,10,10,75,20,15.000000953674316,9.523809432983398,14.664597511291504,25769803776,2147483648,15690842112,790495232
209,1790449097231,4,4,4,4,4,4,4,4,4,4,78.6741943359375,79.98324584960938,78.14080047607422,77.254638671875,71.29166412353516,79.3661117553711,86.796875,23.809524536132813,18.18181800842285,14.285715103149414,14.285715103149414,14.285715103149414,13.636363983154297,28.571430206298828,47.619049072265625,42.85714340209961,5,14.664597511291504,25769803776,2147483648,15690924032,790495232
200,1790449097441,4,4,4,4,4,4,4,4,4,4,78.6741943359375,79.98324584960938,78.14080047607422,77.254638671875,71.29166412353516,79.3661117553711,86.796875,22.72727394104004,9.523809432983398,9.523809432983398,9.523809432983398,5,5,33.333335876464844,57.142860412597656,10,4.545454502105713,14.664597511291504,25769803776,2147483648,15690924032,790495232
209,1790449097642,4,4,4,4,4,4,4,4,4,4,78.6741943359375,79.98324584960938,78.14080047607422,77.254638671875,71.29166412353516,79.3661117553711,86.796875,10.526315689086914,15.000000953674316,10,5,9.523809432983398,9.523809432983398,47.619049072265625,30.000001907348633,28.571430206298828,35,14.541596412658691,25769803776,2147483648,15685550080,790495232
206,1790449097852,4,4,4,4,4,4,4,4,4,4,78.6741943359375,79.98324584960938,78.14080047607422,77.254638671875,71.29166412353516,79.3661117553711,86.796875,23.809524536132813,10,10,14.285715103149414,9.523809432983398,5,70,28.571430206298828,0,0,14.541596412658691,25769803776,2147483648,15689318400,790495232
209,1790449098059,4,4,4,4,4,4,4,4,4,4,78.6741943359375,79.98324584960938,78.14080047607422,77.254638671875,71.29166412353516,79.3661117553711,86.796875,19.047618865966797,14.285715103149414,14.285715103149414,9.523809432983398,9.523809432983398,13.636363983154297,66.66667175292969,25,13.636363983154297,20,14.541596412658691,25769803776,2147483648,15692562432,790495232
209,1790449098269,4,4,4,4,4,4,4,4,4,4,78.89059448242188,79.29386901855469,78.4701919555664,77.7627944946289,72.01787567138672,79.57646179199219,87.03125,15.000000953674316,9.523809432983398,4.761904716491699,5,5,5,71.42857360839844,31.81818199157715,0,4.545454502105713,14.541596412658691,25769803776,2147483648,15689629696,790495232
206,1790449098479,4,4,4,4,4,4,4,4,4,4,78.89059448242188,79.29386901855469,78.4701919555664,77.7627944946289,72.01787567138672,79.57646179199219,87.03125,19.047618865966797,9.523809432983398,9.523809432983398,9.090909004211426,9.523809432983398,9.090909004211426,42.85714340209961,61.904762268066406,13.636363983154297,9.523809432983398,14.541596412658691,25769803776,2147483648,15693119488,790495232
202,1790449098686,4,4,4,4,4,4,4,4,4,4,78.89059448242188,79.29386901855469,78.4701919555664,77.7627944946289,72.01787567138672,79.57646179199219,87.03125,20,19.047618865966797,14.285715103149414,10,14.285715103149414,5.263157844543457,42.85714340209961,33.333335876464844,25,25,14.662096977233887,25769803776,2147483648,15689498624,790495232
207,1790449098889,4,4,4,4,4,4,4,4,4,4,78.89059448242188,79.29386901855469,78.4701919555664,77.7627944946289,72.01787567138672,79.57646179199219,87.03125,20,5.263157844543457,10,10,5.263157844543457,14.285715103149414,70,21.052631378173828,4.761904716491699,0,14.662096977233887,25769803776,2147483648,15693692928,790495232
209,1790449099097,4,4,4,4,4,4,4,4,4,4,78.55245971679688,79.62805938720703,78.61363983154297,77.48426055908203,72.14728546142578,79.1002426147461,86.328125,18.18181800842285,14.285715103149414,9.523809432983398,5,9.090909004211426,0,50,45.45454788208008,14.285715103149414,27.272727966308594,14.662096977233887,25769803776,2147483648,15693692928,790495232
201,1790449099307,4,4,4,4,4,4,4,4,4,4,78.55245971679688,79.62805938720703,78.61363983154297,77.48426055908203,72.14728546142578,79.1002426147461,86.328125,20,10,10,13.636363983154297,5,13.636363983154297,61.904762268066406,28.571430206298828,10.526315689086914,0,14.662096977233887,25769803776,2147483648,15693692928,790495232
209,1790449099508,4,4,4,4,4,4,4,4,4,4,78.55245971679688,79.62805938720703,78.61363983154297,77.48426055908203,72.14728546142578,79.1002426147461,86.328125,15.000000953674316,14.285715103149414,5,10,10,5.263157844543457,60.000003814697266,30.000001907348633,28.571430206298828,5,14.662096977233887,25769803776,2147483648,15693692928,790495232
209,1790449099718,4,4,4,4,4,4,4,4,4,4,78.55245971679688,79.62805938720703,78.61363983154297,77.48426055908203,72.14728546142578,79.1002426147461,86.328125,23.809524536132813,19.047618865966797,14.285715103149414,9.523809432983398,14.285715103149414,9.523809432983398,40.90909194946289,42.85714340209961,33.333335876464844,9.090909004211426,14.496705055236816,25769803776,2147483648,15690645504,790495232
209,1790449099928,4,4,4,4,4,4,4,4,4,4,78.55245971679688,79.62805938720703,78.61363983154297,77.48426055908203,72.14728546142578,79.1002426147461,86.328125,15.000000953674316,5,9.523809432983398,4.761904716491699,4.761904716491699,4.761904716491699,35,28.571430206298828,5,35,14.496705055236816,25769803776,2147483648,15697641472,790495232
209,1790449100138,4,4,4,4,4,4,4,4,4,4,78.91622924804688,79.13539123535156,78.30595397949219,77.8203125,71.83686065673828,79.59272003173828,87.03125,19.047618865966797,14.285715103149414,14.285715103149414,10,13.636363983154297,9.523809432983398,47.619049072265625,38.095237731933594,17.39130401611328,33.333335876464844,14.496705055236816,25769803776,2147483648,15690055680,790495232
209,1790449100348,4,4,4,4,4,4,4,4,4,4,78.91622924804688,79.13539123535156,78.30595397949219,77.8203125,71.83686065673828,79.59272003173828,87.03125,19.047618865966797,14.285715103149414,5,13.636363983154297,9.523809432983398,9.523809432983398,54.54545593261719,38.095237731933594,5.263157844543457,4.545454502105713,14.496705055236816,25769803776,2147483648,15693561856,790495232
209,1790449100558,4,4,4,4,4,4,4,4,4,4,78.91622924804688,79.13539123535156,78.30595397949219,77.8203125,71.83686065673828,79.59272003173828,87.03125,15.000000953674316,13.636363983154297,13.636363983154297,9.523809432983398,5,9.523809432983398,50,30.000001907348633,22.72727394104004,15.000000953674316,14.496705055236816,25769803776,2147483648,15696609280,790495232
209,1790449100768,4,4,4,4,4,4,4,4,4,4,78.91622924804688,79.13539123535156,78.30595397949219,77.8203125,71.83686065673828,79.59272003173828,87.03125,19.047618865966797,10,9.523809432983398,5,9.523809432983398,5,42.85714340209961,47.619049072265625,9.090909004211426,18.18181800842285,14.620564460754395,25769803776,2147483648,15693955072,790495232
209,1790449100978,4,4,4,4,4,4,4,4,4,4,78.91622924804688,79.13539123535156,78.30595397949219,77.8203125,71.83686065673828,79.59272003173828,87.03125,18.18181800842285,9.523809432983398,5,9.090909004211426,4.761904716491699,9.090909004211426,71.42857360839844,33.333335876464844,5,0,14.620564460754395,25769803776,2147483648,15697149952,790495232
209,1790449101188,4,4,4,4,4,4,4,4,4,4,78.57976531982422,79.52754211425781,78.41529846191406,77.44636535644531,71.86822509765625,79.16027069091797,86.796875,20,14.285715103149414,14.285715103149414,10,14.285715103149414,5,52.38095474243164,19.047618865966797,27.272727966308594,31.81818199157715,14.620564460754395,25769803776,2147483648,15693824000,790495232
209,1790449101398,4,4,4,4,4,4,4,4,4,4,78.57976531982422,79.52754211425781,78.41529846191406,77.44636535644531,71.86822509765625,79.16027069091797,86.796875,20,14.285715103149414,14.285715103149414,14.285715103149414,13.636363983154297,13.636363983154297,33.333335876464844,61.904762268066406,5,4.545454502105713,14.620564460754395,25769803776,2147483648,15692283904,790495232
207,1790449101608,4,4,4,4,4,4,4,4,4,4,78.57976531982422,79.52754211425781,78.41529846191406,77.44636535644531,71.86822509765625,79.16027069091797,86.796875,18.18181800842285,10,9.523809432983398,9.523809432983398,5,9.523809432983398,71.42857360839844,18.18181800842285,19.047618865966797,19.047618865966797,14.676837921142578,25769803776,2147483648,15698542592,790495232
209,1790449101816,4,4,4,4,4,4,4,4,4,4,78.57976531982422,79.52754211425781,78.41529846191406,77.44636535644531,71.86822509765625,79.16027069091797,86.796875,15.000000953674316,9.523809432983398,9.523809432983398,4.761904716491699,5,5,47.619049072265625,47.619049072265625,13.636363983154297,0,14.676837921142578,25769803776,2147483648,15697018880,790495232
209,1790449102026,4,4,4,4,4,4,4,4,4,4,78.57976531982422,79.52754211425781,78.41529846191406,77.44636535644531,71.86822509765625,79.16027069091797,86.796875,14.285715103149414,10,9.523809432983398,10,9.523809432983398,13.636363983154297,71.42857360839844,15.789472579956055,20,9.523809432983398,14.676837921142578,25769803776,2147483648,15699197952,790495232
209,1790449102236,4,4,4,4,4,4,4,4,4,4,78.83443450927734,79.38154602050781,78.34673309326172,77.48218536376953,71.81756591796875,79.51593780517578,85.859375,23.809524536132813,18.18181800842285,14.285715103149414,14.285715103149414,14.285715103149414,5.263157844543457,35,45.45454788208008,20,19.047618865966797,14.676837921142578,25769803776,2147483648,15695216640,790495232
209,1790449102446,4,4,4,4,4,4,4,4,4,4,78.83443450927734,79.38154602050781,78.34673309326172,77.48218536376953,71.81756591796875,79.51593780517578,85.859375,20,10,10,9.523809432983398,5,13.043478012084961,28.571430206298828,25,47.619049072265625,0,14.676837921142578,25769803776,2147483648,15700361216,790495232
209,1790449102656,4,4,4,4,4,4,4,4,4,4,78.83443450927734,79.38154602050781,78.34673309326172,77.48218536376953,71.81756591796875,79.51593780517578,85.859375,13.636363983154297,13.636363983154297,4.761904716491699,4.761904716491699,9.090909004211426,0,40.90909194946289,38.095237731933594,50,9.523809432983398,14.662430763244629,25769803776,2147483648,15694577664,790495232
209,1790449102866,4,4,4,4,4,4,4,4,4,4,78.83443450927734,79.38154602050781,78.34673309326172,77.48218536376953,71.81756591796875,79.51593780517578,85.859375,25,14.285715103149414,14.285715103149414,14.285715103149414,14.285715103149414,13.636363983154297,71.42857360839844,18.18181800842285,5,5,14.662430763244629,25769803776,2147483648,15698804736,790495232
209,1790449103076,4,4,4,4,4,4,4,4,4,4,78.83443450927734,79.38154602050781,78.34673309326172,77.48218536376953,71.81756591796875,79.51593780517578,85.859375,28.571430206298828,10,13.636363983154297,9.523809432983398,4.761904716491699,18.18181800842285,50,40,23.809524536132813,9.090909004211426,14.662430763244629,25769803776,2147483648,15701622784,790495232
207,1790449103286,4,4,4,4,4,4,4,4,4,4,79.30921173095703,79.09095001220703,78.24437713623047,77.63526916503906,71.78073120117188,80.19618225097656,85.625,25,19.047618865966797,10,14.285715103149414,10,5.263157844543457,71.42857360839844,38.095237731933594,9.523809432983398,5,14.662430763244629,25769803776,2147483648,15690891264,790495232
209,1790449103494,4,4,4,4,4,4,4,4,4,4,79.30921173095703,79.09095001220703,78.24437713623047,77.63526916503906,71.78073120117188,80.19618225097656,85.625,19.047618865966797,4.761904716491699,4.761904716491699,0,4.545454502105713,4.761904716491699,66.66667175292969,31.81818199157715,5,0,14.662430763244629,25769803776,2147483648,15690891264,790495232
209,1790449103704,4,4,4,4,4,4,4,4,4,4,79.30921173095703,79.09095001220703,78.24437713623047,77.63526916503906,71.78073120117188,80.19618225097656,85.625,15.000000953674316,15.000000953674316,15.000000953674316,13.636363983154297,14.285715103149414,9.523809432983398,52.38095474243164,45,31.81818199157715,9.523809432983398,14.77229118347168,25769803776,2147483648,15690891264,790495232
202,1790449103914,4,4,4,4,4,4,4,4,4,4,79.30921173095703,79.09095001220703,78.24437713623047,77.63526916503906,71.78073120117188,80.19618225097656,85.625,19.047618865966797,13.636363983154297,9.523809432983398,10,5,13.636363983154297,75,19.047618865966797,9.523809432983398,0,14.77229118347168,25769803776,2147483648,15691612160,790495232
200,1790449104117,4,4,4,4,4,4,4,4,4,4,78.49292755126953,80.05171966552734,78.4752426147461,76.97041320800781,71.79646301269531,79.12267303466797,84.90625,19.047618865966797,15.000000953674316,10,9.523809432983398,10,5.263157844543457,71.42857360839844,25,9.523809432983398,9.523809432983398,14.77229118347168,25769803776,2147483648,15694708736,790495232
209,1790449104317,4,4,4,4,4,4,4,4,4,4,78.49292755126953,80.05171966552734,78.4752426147461,76.97041320800781,71.79646301269531,79.12267303466797,84.90625,21.052631378173828,10.526315689086914,14.285715103149414,5.263157844543457,14.285715103149414,10,40,28.571430206298828,31.57894515991211,15.789472579956055,14.77229118347168,25769803776,2147483648,15692333056,790495232
209,1790449104527,4,4,4,4,4,4,4,4,4,4,78.49292755126953,80.05171966552734,78.4752426147461,76.97041320800781,71.79646301269531,79.12267303466797,84.90625,19.047618865966797,9.523809432983398,25,9.523809432983398,4.761904716491699,4.761904716491699,72.7272720336914,23.809524536132813,13.636363983154297,13.636363983154297,14.77229118347168,25769803776,2147483648,15695609856,790495232
209,1790449104738,4,4,4,4,4,4,4,4,4,4,78.49292755126953,80.05171966552734,78.4752426147461,76.97041320800781,71.79646301269531,79.12267303466797,84.90625,19.047618865966797,19.047618865966797,14.285715103149414,13.636363983154297,10,9.523809432983398,55,38.095237731933594,15.000000953674316,14.285715103149414,14.623587608337402,25769803776,2147483648,15695609856,790495232
209,1790449104948,4,4,4,4,4,4,4,4,4,4,78.49292755126953,80.05171966552734,78.4752426147461,76.97041320800781,71.79646301269531,79.12267303466797,84.90625,23.809524536132813,14.285715103149414,14.285715103149414,10,9.523809432983398,9.523809432983398,35,28.571430206298828,4.545454502105713,42.85714340209961,14.623587608337402,25769803776,2147483648,15691497472,790495232
209,1790449105158,4,4,4,4,4,4,4,4,4,4,78.858642578125,79.27734375,77.9947738647461,77.90043640136719,71.34065246582031,79.50528717041016,86.5625,14.285715103149414,10,9.523809432983398,9.523809432983398,9.523809432983398,9.523809432983398,60.869564056396484,25,28.571430206298828,14.285715103149414,14.623587608337402,25769803776,2147483648,15697182720,790495232
209,1790449105368,4,4,4,4,4,4,4,4,4,4,78.858642578125,79.27734375,77.9947738647461,77.90043640136719,71.34065246582031,79.50528717041016,86.5625,19.047618865966797,13.636363983154297,4.761904716491699,4.761904716491699,4.761904716491699,5,55,45.45454788208008,4.761904716491699,0,14.623587608337402,25769803776,2147483648,15697182720,790495232
209,1790449105578,4,4,4,4,4,4,4,4,4,4,78.858642578125,79.27734375,77.9947738647461,77.90043640136719,71.34065246582031,79.50528717041016,86.5625,15.000000953674316,10,9.523809432983398,9.523809432983398,9.523809432983398,9.090909004211426,70,28.571430206298828,14.285715103149414,4.761904716491699,14.623587608337402,25769803776,2147483648,15697182720,790495232
209,1790449105788,4,4,4,4,4,4,4,4,4,4,78.858642578125,79.27734375,77.9947738647461,77.90043640136719,71.34065246582031,79.50528717041016,86.5625,19.047618865966797,19.047618865966797,19.047618865966797,14.285715103149414,14.285715103149414,14.285715103149414,45.45454788208008,42.85714340209961,19.047618865966797,23.809524536132813,14.673023223876953,25769803776,2147483648,15697182720,790495232
209,1790449105998,4,4,4,4,4,4,4,4,4,4,78.858642578125,79.27734375,77.9947738647461,77.90043640136719,71.34065246582031,79.50528717041016,86.5625,20,13.636363983154297,5,9.523809432983398,5,5,30.000001907348633,61.904762268066406,0,5,14.673023223876953,25769803776,2147483648,15693135872,790495232
200,1790449106208,4,4,4,4,4,4,4,4,4,4,78.4759292602539,79.32122802734375,78.60444641113281,77.52352142333984,72.19532775878906,79.00357818603516,87.265625,18.18181800842285,10,9.523809432983398,9.523809432983398,13.636363983154297,9.090909004211426,57.142860412597656,19.047618865966797,14.285715103149414,40.90909194946289,14.673023223876953,25769803776,2147483648,15701245952,790495232
203,1790449106408,4,4,4,4,4,4,4,4,4,4,78.4759292602539,79.32122802734375,78.60444641113281,77.52352142333984,72.19532775878906,79.00357818603516,87.265625,15.789472579956055,15.000000953674316,14.285715103149414,5.263157844543457,5,10,40,26.3157901763916,30.000001907348633,15.000000953674316,14.673023223876953,25769803776,2147483648,15701245952,790495232
205,1790449106612,4,4,4,4,4,4,4,4,4,4,78.4759292602539,79.32122802734375,78.60444641113281,77.52352142333984,72.19532775878906,79.00357818603516,87.265625,19.047618865966797,5.263157844543457,5.263157844543457,9.523809432983398,10,5,66.66667175292969,25,14.285715103149414,5,14.77057933807373,25769803776,2147483648,15701245952,790495232
209,1790449106818,4,4,4,4,4,4,4,4,4,4,78.4759292602539,79.32122802734375,78.60444641113281,77.52352142333984,72.19532775878906,79.00357818603516,87.265625,23.809524536132813,14.285715103149414,14.285715103149414,14.285715103149414,9.523809432983398,10,61.904762268066406,31.81818199157715,15.000000953674316,14.285715103149414,14.77057933807373,25769803776,2147483648,15701245952,790495232
200,1790449107028,4,4,4,4,4,4,4,4,4,4,78.4759292602539,79.32122802734375,78.60444641113281,77.52352142333984,72.19532775878906,79.00357818603516,87.265625,20,14.285715103149414,13.636363983154297,10,10,13.636363983154297,55,45,4.761904716491699,0,14.77057933807373,25769803776,2147483648,15700983808,790495232
202,1790449107228,4,4,4,4,4,4,4,4,4,4,78.68930053710938,79.65331268310547,78.31462097167969,77.45700073242188,71.69731903076172,79.31806182861328,86.5625,10.526315689086914,10,0,5,5,0,50,42.85714340209961,33.333335876464844,14.285715103149414,14.77057933807373,25769803776,2147483648,15701393408,790495232
203,1790449107431,4,4,4,4,4,4,4,4,4,4,78.68930053710938,79.65331268310547,78.31462097167969,77.45700073242188,71.69731903076172,79.31806182861328,86.5625,23.809524536132813,14.285715103149414,14.285715103149414,10,10,9.523809432983398,61.904762268066406,10,30.000001907348633,0,14.77057933807373,25769803776,2147483648,15698935808,790495232
209,1790449107634,4,4,4,4,4,4,4,4,4,4,78.68930053710938,79.65331268310547,78.31462097167969,77.45700073242188,71.69731903076172,79.31806182861328,86.5625,15.000000953674316,10,10,9.523809432983398,9.523809432983398,5.263157844543457,75,30.000001907348633,10,5,14.828458786010742,25769803776,2147483648,15701590016,790495232
209,1790449107844,4,4,4,4,4,4,4,4,4,4,78.68930053710938,79.65331268310547,78.31462097167969,77.45700073242188,71.69731903076172,79.31806182861328,86.5625,23.809524536132813,19.047618865966797,14.285715103149414,14.285715103149414,14.285715103149414,13.636363983154297,50,33.333335876464844,19.047618865966797,22.72727394104004,14.828458786010742,25769803776,2147483648,15697100800,790495232
209,1790449108054,4,4,4,4,4,4,4,4,4,4,78.68930053710938,79.65331268310547,78.31462097167969,77.45700073242188,71.69731903076172,79.31806182861328,86.5625,15.000000953674316,9.523809432983398,4.761904716491699,4.761904716491699,4.761904716491699,4.761904716491699,55,20,25,0,14.828458786010742,25769803776,2147483648,15704440832,790495232
209,1790449108264,4,4,4,4,4,4,4,4,4,4,79.06752014160156,79.63545989990234,78.10501098632813,77.37989044189453,71.3656997680664,79.87772369384766,85.5,14.285715103149414,10,13.636363983154297,9.523809432983398,9.523809432983398,5,76.19047546386719,23.809524536132813,13.636363983154297,25,14.828458786010742,25769803776,2147483648,15696822272,790495232
205,1790449108474,4,4,4,4,4,4,4,4,4,4,79.06752014160156,79.63545989990234,78.10501098632813,77.37989044189453,71.3656997680664,79.87772369384766,85.5,20,18.18181800842285,5.263157844543457,10,10,14.285715103149414,60.000003814697266,27.272727966308594,9.523809432983398,9.523809432983398,14.828458786010742,25769803776,2147483648,15700836352,790495232
204,1790449108680,4,4,4,4,4,4,4,4,4,4,79.06752014160156,79.63545989990234,78.10501098632813,77.37989044189453,71.3656997680664,79.87772369384766,85.5,19.047618865966797,5.263157844543457,13.636363983154297,9.523809432983398,9.523809432983398,9.523809432983398,71.42857360839844,30.000001907348633,10,4.761904716491699,14.863155364990234,25769803776,2147483648,15703212032,790495232
209,1790449108885,4,4,4,4,4,4,4,4,4,4,79.06752014160156,79.63545989990234,78.10501098632813,77.37989044189453,71.3656997680664,79.87772369384766,85.5,25,19.047618865966797,10.526315689086914,14.285715103149414,10,5.263157844543457,30.000001907348633,42.85714340209961,42.85714340209961,10,14.863155364990234,25769803776,2147483648,15700541440,790495232
207,1790449109095,4,4,4,4,4,4,4,4,4,4,78.7009048461914,79.7580795288086,78.19608306884766,77.4028091430664,71.48625183105469,79.3686752319336,86.5625,9.523809432983398,5,9.090909004211426,0,4.761904716491699,8.69565200805664,71.42857360839844,19.047618865966797,4.761904716491699,0,14.863155364990234,25769803776,2147483648,15704064000,790495232
209,1790449109302,4,4,4,4,4,4,4,4,4,4,78.7009048461914,79.7580795288086,78.19608306884766,77.4028091430664,71.48625183105469,79.3686752319336,86.5625,20,14.285715103149414,14.285715103149414,14.285715103149414,13.636363983154297,5.263157844543457,47.619049072265625,57.142860412597656,14.285715103149414,9.523809432983398,14.863155364990234,25769803776,2147483648,15698706432,790495232
209,1790449109512,4,4,4,4,4,4,4,4,4,4,78.7009048461914,79.7580795288086,78.19608306884766,77.4028091430664,71.48625183105469,79.3686752319336,86.5625,20,14.285715103149414,10,9.523809432983398,5,13.636363983154297,66.66667175292969,20,5,9.523809432983398,14.863155364990234,25769803776,2147483648,15702376448,790495232
204,1790449109722,4,4,4,4,4,4,4,4,4,4,78.7009048461914,79.7580795288086,78.19608306884766,77.4028091430664,71.48625183105469,79.3686752319336,86.5625,19.047618865966797,14.285715103149414,9.523809432983398,9.523809432983398,9.523809432983398,5,71.42857360839844,27.272727966308594,18.18181800842285,9.523809432983398,14.832711219787598,25769803776,2147483648,15705833472,790495232
209,1790449109927,4,4,4,4,4,4,4,4,4,4,78.7009048461914,79.7580795288086,78.19608306884766,77.4028091430664,71.48625183105469,79.3686752319336,86.5625,23.809524536132813,15.000000953674316,15.000000953674316,14.285715103149414,14.285715103149414,10,60.000003814697266,45,15.000000953674316,9.523809432983398,14.832711219787598,25769803776,2147483648,15701409792,790495232
209,1790449110137,4,4,4,4,4,4,4,4,4,4,78.64256286621094,79.8355712890625,78.5936050415039,77.20584869384766,72.05480194091797,79.31681823730469,85.859375,18.18181800842285,9.523809432983398,4.761904716491699,0,0,8.69565200805664,33.333335876464844,20,47.619049072265625,0,14.832711219787598,25769803776,2147483648,15708585984,790495232
209,1790449110347,4,4,4,4,4,4,4,4,4,4,78.64256286621094,79.8355712890625,78.5936050415039,77.20584869384766,72.05480194091797,79.31681823730469,85.859375,15.000000953674316,33.333335876464844,28.571430206298828,14.285715103149414,19.047618865966797,10,61.904762268066406,40.90909194946289,19.047618865966797,5,14.832711219787598,25769803776,2147483648,15692414976,790495232
203,1790449110557,4,4,4,4,4,4,4,4,4,4,78.64256286621094,79.8355712890625,78.5936050415039,77.20584869384766,72.05480194091797,79.31681823730469,85.859375,23.809524536132813,10,14.285715103149414,9.523809432983398,13.636363983154297,9.523809432983398,71.42857360839844,14.285715103149414,19.047618865966797,4.761904716491699,14.832711219787598,25769803776,2147483648,15692414976,790495232
209,1790449110761,4,4,4,4,4,4,4,4,4,4,78.64256286621094,79.8355712890625,78.5936050415039,77.20584869384766,72.05480194091797,79.31681823730469,85.859375,15.000000953674316,14.285715103149414,5,10,5,5,66.66667175292969,25,20,14.285715103149414,14.874855041503906,25769803776,2147483648,15692414976,790495232
209,1790449110971,4,4,4,4,4,4,4,4,4,4,78.64256286621094,79.8355712890625,78.5936050415039,77.20584869384766,72.05480194091797,79.31681823730469,85.859375,19.047618865966797,9.523809432983398,9.523809432983398,5,5,9.523809432983398,33.333335876464844,38.095237731933594,9.523809432983398,23.809524536132813,14.874855041503906,25769803776,2147483648,15692414976,790495232
202,1790449111181,4,4,4,4,4,4,4,4,4,4,78.98822021484375,79.47205352783203,78.13622283935547,77.60515594482422,71.51119232177734,79.77655029296875,86.796875,15.000000953674316,5,5,9.090909004211426,9.523809432983398,4.761904716491699,70,33.333335876464844,14.285715103149414,9.523809432983398,14.874855041503906,25769803776,2147483648,15699361792,790495232
202,1790449111383,4,4,4,4,4,4,4,4,4,4,78.98822021484375,79.47205352783203,78.13622283935547,77.60515594482422,71.51119232177734,79.77655029296875,86.796875,23.809524536132813,19.047618865966797,19.047618865966797,15.000000953674316,10,10,50,40,14.285715103149414,15.000000953674316,14.874855041503906,25769803776,2147483648,15699361792,790495232
209,1790449111586,4,4,4,4,4,4,4,4,4,4,78.98822021484375,79.47205352783203,78.13622283935547,77.60515594482422,71.51119232177734,79.77655029296875,86.796875,15.789472579956055,10.526315689086914,10,5,10,10,47.619049072265625,45,5,0,14.794151306152344,25769803776,2147483648,15699361792,790495232
209,1790449111796,4,4,4,4,4,4,4,4,4,4,78.98822021484375,79.47205352783203,78.13622283935547,77.60515594482422,71.51119232177734,79.77655029296875,86.796875,19.047618865966797,13.636363983154297,9.523809432983398,13.636363983154297,9.090909004211426,9.090909004211426,55,28.571430206298828,35,14.285715103149414,14.794151306152344,25769803776,2147483648,15699361792,790495232
209,1790449112006,4,4,4,4,4,4,4,4,4,4,78.98822021484375,79.47205352783203,78.13622283935547,77.60515594482422,71.51119232177734,79.77655029296875,86.796875,22.72727394104004,10,9.523809432983398,5,5,5,63.6363639831543,33.333335876464844,4.545454502105713,14.285715103149414,14.794151306152344,25769803776,2147483648,15699361792,790495232
205,1790449112216,4,4,4,4,4,4,4,4,4,4,78.69438934326172,79.60139465332031,78.43846893310547,77.46560668945313,71.8897476196289,79.32820129394531,86.796875,15.000000953674316,13.636363983154297,9.523809432983398,9.523809432983398,9.523809432983398,9.090909004211426,66.66667175292969,23.809524536132813,14.285715103149414,14.285715103149414,14.794151306152344,25769803776,2147483648,15701327872,790495232
209,1790449112422,4,4,4,4,4,4,4,4,4,4,78.69438934326172,79.60139465332031,78.43846893310547,77.46560668945313,71.8897476196289,79.32820129394531,86.796875,20,15.000000953674316,14.285715103149414,14.285715103149414,13.636363983154297,5.263157844543457,45,25,19.047618865966797,35,14.794151306152344,25769803776,2147483648,15697002496,790495232
206,1790449112632,4,4,4,4,4,4,4,4,4,4,78.69438934326172,79.60139465332031,78.43846893310547,77.46560668945313,71.8897476196289,79.32820129394531,86.796875,20,10,10,10,5.263157844543457,13.636363983154297,38.095237731933594,31.81818199157715,5,36.3636360168457,14.815951347351074,25769803776,2147483648,15704784896,790495232
207,1790449112839,4,4,4,4,4,4,4,4,4,4,78.69438934326172,79.60139465332031,78.43846893310547,77.46560668945313,71.8897476196289,79.32820129394531,86.796875,14.285715103149414,9.523809432983398,9.523809432983398,9.090909004211426,9.090909004211426,5,65,23.809524536132813,19.047618865966797,20,14.815951347351074,25769803776,2147483648,15697035264,790495232
209,1790449113047,4,4,4,4,4,4,4,4,4,4,78.69438934326172,79.60139465332031,78.43846893310547,77.46560668945313,71.8897476196289,79.32820129394531,86.796875,20,15.000000953674316,14.285715103149414,5.263157844543457,5.263157844543457,9.523809432983398,54.54545593261719,40,4.761904716491699,4.761904716491699,14.815951347351074,25769803776,2147483648,15697035264,790495232
200,1790449113257,4,4,4,4,4,4,4,4,4,4,78.66738891601563,79.37389373779297,78.11104583740234,77.93598175048828,71.48655700683594,79.16921997070313,87.03125,19.047618865966797,14.285715103149414,9.523809432983398,9.523809432983398,9.090909004211426,5,57.142860412597656,45.45454788208008,9.523809432983398,13.636363983154297,14.815951347351074,25769803776,2147483648,15703982080,790495232
203,1790449113457,4,4,4,4,4,4,4,4,4,4,78.66738891601563,79.37389373779297,78.11104583740234,77.93598175048828,71.48655700683594,79.16921997070313,87.03125,19.047618865966797,14.285715103149414,10.526315689086914,10,10,14.285715103149414,26.3157901763916,55,26.3157901763916,0,14.815951347351074,25769803776,2147483648,15703982080,790495232
200,1790449113661,4,4,4,4,4,4,4,4,4,4,78.66738891601563,79.37389373779297,78.11104583740234,77.93598175048828,71.48655700683594,79.16921997070313,87.03125,10.526315689086914,10,9.523809432983398,9.523809432983398,9.523809432983398,0,75,15.000000953674316,14.285715103149414,4.761904716491699,15.090283393859863,25769803776,2147483648,15703982080,790495232
209,1790449113861,4,4,4,4,4,4,4,4,4,4,78.66738891601563,79.37389373779297,78.11104583740234,77.93598175048828,71.48655700683594,79.16921997070313,87.03125,25,15.000000953674316,10.526315689086914,15.000000953674316,10.526315689086914,15.000000953674316,55,40,10,21.052631378173828,15.090283393859863,25769803776,2147483648,15703982080,790495232
209,1790449114071,4,4,4,4,4,4,4,4,4,4,78.66738891601563,79.37389373779297,78.11104583740234,77.93598175048828,71.48655700683594,79.16921997070313,87.03125,23.809524536132813,10,9.523809432983398,9.523809432983398,9.523809432983398,9.523809432983398,40.90909194946289,28.571430206298828,33.333335876464844,4.761904716491699,15.090283393859863,25769803776,2147483648,15703982080,790495232
209,1790449114281,4,4,4,4,4,4,4,4,4,4,78.84294891357422,79.4635009765625,78.45833587646484,77.38616943359375,71.93817901611328,79.56916046142578,86.796875,13.636363983154297,14.285715103149414,9.523809432983398,9.523809432983398,9.090909004211426,4.761904716491699,66.66667175292969,23.809524536132813,9.523809432983398,27.272727966308594,15.090283393859863,25769803776,2147483648,15707799552,790495232
209,1790449114491,4,4,4,4,4,4,4,4,4,4,78.84294891357422,79.4635009765625,78.45833587646484,77.38616943359375,71.93817901611328,79.56916046142578,86.796875,19.047618865966797,9.523809432983398,9.523809432983398,5,5,5,33.333335876464844,45,19.047618865966797,9.523809432983398,15.090283393859863,25769803776,2147483648,15703867392,790495232
209,1790449114701,4,4,4,4,4,4,4,4,4,4,78.84294891357422,79.4635009765625,78.45833587646484,77.38616943359375,71.93817901611328,79.56916046142578,86.796875,10.526315689086914,9.523809432983398,9.090909004211426,9.090909004211426,9.523809432983398,9.090909004211426,76.19047546386719,22.72727394104004,14.285715103149414,10,15.003459930419922,25769803776,2147483648,15706750976,790495232
209,1790449114911,4,4,4,4,4,4,4,4,4,4,78.84294891357422,79.4635009765625,78.45833587646484,77.38616943359375,71.93817901611328,79.56916046142578,86.796875,23.809524536132813,19.047618865966797,15.000000953674316,14.285715103149414,10,14.285715103149414,40,33.333335876464844,23.809524536132813,28.571430206298828,15.003459930419922,25769803776,2147483648,15702507520,790495232
203,1790449115121,4,4,4,4,4,4,4,4,4,4,78.96711730957031,79.42692565917969,78.25753784179688,77.84295654296875,71.66675567626953,79.69085693359375,86.796875,23.809524536132813,10,9.523809432983398,5,9.090909004211426,5,38.095237731933594,35,33.333335876464844,0,15.003459930419922,25769803776,2147483648,15708028928,790495232
209,1790449115325,4,4,4,4,4,4,4,4,4,4,78.96711730957031,79.42692565917969,78.25753784179688,77.84295654296875,71.66675567626953,79.69085693359375,86.796875,10,9.523809432983398,5,9.523809432983398,5,9.090909004211426,76.19047546386719,33.333335876464844,10,14.285715103149414,15.003459930419922,25769803776,2147483648,15702327296,790495232
209,1790449115535,4,4,4,4,4,4,4,4,4,4,78.96711730957031,79.42692565917969,78.25753784179688,77.84295654296875,71.66675567626953,79.69085693359375,86.796875,23.809524536132813,15.000000953674316,14.285715103149414,10,14.285715103149414,5.263157844543457,42.85714340209961,19.047618865966797,40,4.761904716491699,15.003459930419922,25769803776,2147483648,15705849856,790495232
201,1790449115745,4,4,4,4,4,4,4,4,4,4,78.96711730957031,79.42692565917969,78.25753784179688,77.84295654296875,71.66675567626953,79.69085693359375,86.796875,19.047618865966797,13.636363983154297,9.523809432983398,9.523809432983398,9.090909004211426,9.090909004211426,59.09090805053711,23.809524536132813,34.78260803222656,4.761904716491699,15.010860443115234,25769803776,2147483648,15705849856,790495232
204,1790449115947,4,4,4,4,4,4,4,4,4,4,78.96711730957031,79.42692565917969,78.25753784179688,77.84295654296875,71.66675567626953,79.69085693359375,86.796875,15.789472579956055,10.526315689086914,5.263157844543457,10,5.263157844543457,10,30.000001907348633,63.15789031982422,0,15.000000953674316,15.010860443115234,25769803776,2147483648,15705849856,790495232
202,1790449116152,4,4,4,4,4,4,4,4,4,4,79.08833312988281,79.45703125,78.34166717529297,77.50785827636719,71.81591033935547,79.87438201904297,86.09375,19.047618865966797,14.285715103149414,9.523809432983398,9.523809432983398,9.523809432983398,5,73.68421173095703,19.047618865966797,14.285715103149414,5,15.010860443115234,25769803776,2147483648,15705849856,790495232
209,1790449116355,4,4,4,4,4,4,4,4,4,4,79.08833312988281,79.45703125,78.34166717529297,77.50785827636719,71.81591033935547,79.87438201904297,86.09375,20,15.000000953674316,14.285715103149414,10,10,10,75,35,10,9.523809432983398,15.010860443115234,25769803776,2147483648,15704670208,790495232
209,1790449116565,4,4,4,4,4,4,4,4,4,4,79.08833312988281,79.45703125,78.34166717529297,77.50785827636719,71.81591033935547,79.87438201904297,86.09375,19.047618865966797,14.285715103149414,10,9.523809432983398,10,9.523809432983398,71.42857360839844,23.809524536132813,4.761904716491699,0,15.010860443115234,25769803776,2147483648,15710961664,790495232
209,1790449116775,4,4,4,4,4,4,4,4,4,4,79.08833312988281,79.45703125,78.34166717529297,77.50785827636719,71.81591033935547,79.87438201904297,86.09375,15.000000953674316,14.285715103149414,9.523809432983398,9.523809432983398,9.090909004211426,9.523809432983398,47.619049072265625,38.095237731933594,14.285715103149414,28.571430206298828,14.904162406921387,25769803776,2147483648,15708798976,790495232
205,1790449116985,4,4,4,4,4,4,4,4,4,4,79.08833312988281,79.45703125,78.34166717529297,77.50785827636719,71.81591033935547,79.87438201904297,86.09375,23.809524536132813,10,9.523809432983398,9.523809432983398,5,9.090909004211426,36.3636360168457,36.3636360168457,38.095237731933594,4.545454502105713,14.904162406921387,25769803776,2147483648,15708798976,790495232
200,1790449117190,4,4,4,4,4,4,4,4,4,4,78.80156707763672,79.80028533935547,78.30079650878906,77.41350555419922,71.63985443115234,79.48603057861328,86.5625,15.000000953674316,14.285715103149414,5,9.523809432983398,9.523809432983398,5,65,26.3157901763916,20,5,14.904162406921387,25769803776,2147483648,15708798976,790495232
209,1790449117391,4,4,4,4,4,4,4,4,4,4,78.80156707763672,79.80028533935547,78.30079650878906,77.41350555419922,71.63985443115234,79.48603057861328,86.5625,23.809524536132813,15.000000953674316,15.000000953674316,15.000000953674316,10.526315689086914,10.526315689086914,55,28.571430206298828,33.333335876464844,14.285715103149414,14.904162406921387,25769803776,2147483648,15707504640,790495232
206,1790449117600,4,4,4,4,4,4,4,4,4,4,78.80156707763672,79.80028533935547,78.30079650878906,77.41350555419922,71.63985443115234,79.48603057861328,86.5625,35,20,14.285715103149414,5,9.523809432983398,13.636363983154297,66.66667175292969,19.047618865966797,9.523809432983398,15.000000953674316,14.944099426269531,25769803776,2147483648,15706472448,790495232
202,1790449117807,4,4,4,4,4,4,4,4,4,4,78.80156707763672,79.80028533935547,78.30079650878906,77.41350555419922,71.63985443115234,79.48603057861328,86.5625,14.285715103149414,14.285715103149414,9.523809432983398,9.523809432983398,4.761904716491699,0,28.571430206298828,60.000003814697266,30.000001907348633,9.090909004211426,14.944099426269531,25769803776,2147483648,15706472448,790495232
209,1790449118010,4,4,4,4,4,4,4,4,4,4,78.80156707763672,79.80028533935547,78.30079650878906,77.41350555419922,71.63985443115234,79.48603057861328,86.5625,20,10,10,10,14.285715103149414,10,36.842105865478516,61.904762268066406,5,0,14.944099426269531,25769803776,2147483648,15706472448,790495232
208,1790449118220,4,4,4,4,4,4,4,4,4,4,78.88800048828125,79.41282653808594,78.57000732421875,77.5069580078125,72.13375091552734,79.59465789794922,85.96875,19.047618865966797,14.285715103149414,9.523809432983398,9.523809432983398,9.523809432983398,9.523809432983398,57.142860412597656,28.571430206298828,19.047618865966797,19.047618865966797,14.944099426269531,25769803776,2147483648,15706472448,790495232
201,1790449118429,4,4,4,4,4,4,4,4,4,4,78.88800048828125,79.41282653808594,78.57000732421875,77.5069580078125,72.13375091552734,79.59465789794922,85.96875,15.000000953674316,14.285715103149414,14.285715103149414,14.285715103149414,5,9.523809432983398,38.095237731933594,35,38.095237731933594,0,14.944099426269531,25769803776,2147483648,15704784896,790495232
201,1790449118630,4,4,4,4,4,4,4,4,4,4,78.88800048828125,79.41282653808594,78.57000732421875,77.5069580078125,72.13375091552734,79.59465789794922,85.96875,15.000000953674316,5,0,0,9.523809432983398,5,42.85714340209961,52.38095474243164,9.523809432983398,5,15.095414161682129,25769803776,2147483648,15705800704,790495232
209,1790449118832,4,4,4,4,4,4,4,4,4,4,78.88800048828125,79.41282653808594,78.57000732421875,77.5069580078125,72.13375091552734,79.59465789794922,85.96875,20,15.789472579956055,15.000000953674316,14.285715103149414,10.526315689086914,10,50,35,20,23.809524536132813,15.095414161682129,25769803776,2147483648,15700836352,790495232
209,1790449119042,4,4,4,4,4,4,4,4,4,4,78.88800048828125,79.41282653808594,78.57000732421875,77.5069580078125,72.13375091552734,79.59465789794922,85.96875,23.809524536132813,14.285715103149414,13.636363983154297,9.523809432983398,9.523809432983398,9.523809432983398,28.571430206298828,28.571430206298828,5,40,15.095414161682129,25769803776,2147483648,15700836352,790495232
209,1790449119252,4,4,4,4,4,4,4,4,4,4,78.96190643310547,79.11771392822266,78.3868179321289,77.82640075683594,71.96004486083984,79.62416076660156,85.5,14.285715103149414,13.636363983154297,5,9.523809432983398,9.523809432983398,9.523809432983398,61.904762268066406,33.333335876464844,18.18181800842285,19.047618865966797,15.095414161682129,25769803776,2147483648,15700836352,790495232
199,1790449119462,4,4,4,4,4,4,4,4,4,4,78.96190643310547,79.11771392822266,78.3868179321289,77.82640075683594,71.96004486083984,79.62416076660156,85.5,19.047618865966797,10,13.636363983154297,5,9.090909004211426,4.761904716491699,61.904762268066406,19.047618865966797,10,14.285715103149414,15.095414161682129,25769803776,2147483648,15705178112,790495232
200,1790449119662,4,4,4,4,4,4,4,4,4,4,78.96190643310547,79.11771392822266,78.3868179321289,77.82640075683594,71.96004486083984,79.62416076660156,85.5,27.77777862548828,23.809524536132813,15.789472579956055,10,10.526315689086914,10,42.105262756347656,66.66667175292969,19.047618865966797,14.285715103149414,15.007705688476563,25769803776,2147483648,15749464064,790495232
202,1790449119862,4,4,4,4,4,4,4,4,4,4,78.96190643310547,79.11771392822266,78.3868179321289,77.82640075683594,71.96004486083984,79.62416076660156,85.5,33.333335876464844,26.3157901763916,15.000000953674316,15.000000953674316,10,10,50,36.842105865478516,15.789472579956055,15.789472579956055,15.007705688476563,25769803776,2147483648,15747186688,790495232
209,1790449120065,4,4,4,4,4,4,4,4,4,4,78.96190643310547,79.11771392822266,78.3868179321289,77.82640075683594,71.96004486083984,79.62416076660156,85.5,15.789472579956055,19.047618865966797,10,5,5,9.523809432983398,52.38095474243164,45,9.523809432983398,5,15.007705688476563,25769803776,2147483648,15749988352,790495232
205,1790449120275,4,4,4,4,4,4,4,4,4,4,78.77555847167969,79.63298797607422,78.7100601196289,77.67433166503906,72.25205993652344,79.41071319580078,86.796875,23.809524536132813,21.052631378173828,14.285715103149414,14.285715103149414,14.285715103149414,5,42.85714340209961,28.571430206298828,28.571430206298828,40.90909194946289,15.007705688476563,25769803776,2147483648,15749988352,790495232
209,1790449120480,4,4,4,4,4,4,4,4,4,4,78.77555847167969,79.63298797607422,78.7100601196289,77.67433166503906,72.25205993652344,79.41071319580078,86.796875,28.571430206298828,22.72727394104004,14.285715103149414,14.285715103149414,10,14.285715103149414,60.000003814697266,35,0,0,15.007705688476563,25769803776,2147483648,15751217152,790495232
209,1790449120690,4,4,4,4,4,4,4,4,4,4,78.77555847167969,79.63298797607422,78.7100601196289,77.67433166503906,72.25205993652344,79.41071319580078,86.796875,9.523809432983398,5.263157844543457,0,4.761904716491699,4.761904716491699,0,52.38095474243164,28.571430206298828,30.000001907348633,14.285715103149414,15.187590599060059,25769803776,2147483648,15753003008,790495232
209,1790449120900,4,4,4,4,4,4,4,4,4,4,78.77555847167969,79.63298797607422,78.7100601196289,77.67433166503906,72.25205993652344,79.41071319580078,86.796875,23.809524536132813,14.285715103149414,14.285715103149414,10,9.523809432983398,13.636363983154297,23.809524536132813,57.142860412597656,9.090909004211426,15.000000953674316,15.187590599060059,25769803776,2147483648,15749382144,790495232
200,1790449121110,4,4,4,4,4,4,4,4,4,4,78.89287567138672,79.1537094116211,78.41574096679688,77.94517517089844,71.99710845947266,79.50902557373047,86.796875,15.000000953674316,13.636363983154297,9.523809432983398,9.523809432983398,9.523809432983398,5,61.904762268066406,42.85714340209961,4.761904716491699,18.18181800842285,15.187590599060059,25769803776,2147483648,15752118272,790495232
209,1790449121311,4,4,4,4,4,4,4,4,4,4,78.89287567138672,79.1537094116211,78.41574096679688,77.94517517089844,71.99710845947266,79.50902557373047,86.796875,20,15.789472579956055,15.000000953674316,14.285715103149414,15.000000953674316,15.000000953674316,57.894737243652344,35,15.000000953674316,15.000000953674316,15.187590599060059,25769803776,2147483648,15750135808,790495232
209,1790449121521,4,4,4,4,4,4,4,4,4,4,78.89287567138672,79.1537094116211,78.41574096679688,77.94517517089844,71.99710845947266,79.50902557373047,86.796875,15.000000953674316,9.090909004211426,5,0,4.545454502105713,0,77.2727279663086,15.000000953674316,5,4.761904716491699,15.187590599060059,25769803776,2147483648,15752364032,790495232
200,1790449121731,4,4,4,4,4,4,4,4,4,4,78.89287567138672,79.1537094116211,78.41574096679688,77.94517517089844,71.99710845947266,79.50902557373047,86.796875,22.72727394104004,15.000000953674316,13.636363983154297,14.285715103149414,10,13.636363983154297,52.38095474243164,40.90909194946289,22.72727394104004,19.047618865966797,15.01640796661377,25769803776,2147483648,15747039232,790495232
209,1790449121931,4,4,4,4,4,4,4,4,4,4,78.89287567138672,79.1537094116211,78.41574096679688,77.94517517089844,71.99710845947266,79.50902557373047,86.796875,25,15.000000953674316,15.000000953674316,10,10,5.555555820465088,45,40,0,15.789472579956055,15.01640796661377,25769803776,2147483648,15747547136,790495232
209,1790449122141,4,4,4,4,4,4,4,4,4,4,78.89547729492188,79.52342224121094,78.18020629882813,77.60027313232422,71.5202865600586,79.60916137695313,85.625,14.285715103149414,9.523809432983398,5,9.523809432983398,9.523809432983398,9.090909004211426,42.85714340209961,28.571430206298828,45,13.636363983154297,15.01640796661377,25769803776,2147483648,15726280704,790495232
209,1790449122351,4,4,4,4,4,4,4,4,4,4,78.89547729492188,79.52342224121094,78.18020629882813,77.60027313232422,71.5202865600586,79.60916137695313,85.625,19.047618865966797,14.285715103149414,9.523809432983398,4.761904716491699,4.761904716491699,5,35,47.619049072265625,26.086956024169922,0,15.01640796661377,25769803776,2147483648,15724658688,790495232
209,1790449122561,4,4,4,4,4,4,4,4,4,4,78.89547729492188,79.52342224121094,78.18020629882813,77.60027313232422,71.5202865600586,79.60916137695313,85.625,15.000000953674316,9.523809432983398,9.523809432983398,14.285715103149414,9.523809432983398,9.090909004211426,50,38.095237731933594,15.789472579956055,13.636363983154297,15.01640796661377,25769803776,2147483648,15726608384,790495232
209,1790449122771,4,4,4,4,4,4,4,4,4,4,78.89547729492188,79.52342224121094,78.18020629882813,77.60027313232422,71.5202865600586,79.60916137695313,85.625,23.809524536132813,15.000000953674316,14.285715103149414,9.523809432983398,14.285715103149414,14.285715103149414,40,52.38095474243164,18.18181800842285,19.047618865966797,14.837428092956543,25769803776,2147483648,15722364928,790495232
209,1790449122981,4,4,4,4,4,4,4,4,4,4,78.89547729492188,79.52342224121094,78.18020629882813,77.60027313232422,71.5202865600586,79.60916137695313,85.625,20,13.636363983154297,9.523809432983398,9.523809432983398,5,5,63.6363639831543,30.000001907348633,9.523809432983398,0,14.837428092956543,25769803776,2147483648,15727427584,790495232
200,1790449123191,4,4,4,4,4,4,4,4,4,4,78.72599792480469,79.24095153808594,78.78038024902344,77.4491958618164,72.50873565673828,79.36443328857422,87.03125,9.523809432983398,9.523809432983398,9.090909004211426,5,9.090909004211426,4.761904716491699,52.38095474243164,40.90909194946289,14.285715103149414,19.047618865966797,14.837428092956543,25769803776,2147483648,15729393664,790495232
200,1790449123392,4,4,4,4,4,4,4,4,4,4,78.72599792480469,79.24095153808594,78.78038024902344,77.4491958618164,72.50873565673828,79.36443328857422,87.03125,25,15.000000953674316,10.526315689086914,10,15.000000953674316,10,20,15.789472579956055,45,19.047618865966797,14.837428092956543,25769803776,2147483648,15730098176,790495232
209,1790449123593,4,4,4,4,4,4,4,4,4,4,78.72599792480469,79.24095153808594,78.78038024902344,77.4491958618164,72.50873565673828,79.36443328857422,87.03125,20,5.263157844543457,10,9.523809432983398,5,5,75,28.571430206298828,15.000000953674316,5.263157844543457,15.062277793884277,25769803776,2147483648,15728885760,790495232
209,1790449123803,4,4,4,4,4,4,4,4,4,4,78.72599792480469,79.24095153808594,78.78038024902344,77.4491958618164,72.50873565673828,79.36443328857422,87.03125,15.000000953674316,10,9.523809432983398,10,9.523809432983398,13.636363983154297,35,40,28.571430206298828,14.285715103149414,15.062277793884277,25769803776,2147483648,15728951296,790495232
209,1790449124013,4,4,4,4,4,4,4,4,4,4,78.72599792480469,79.24095153808594,78.78038024902344,77.4491958618164,72.50873565673828,79.36443328857422,87.03125,14.285715103149414,13.636363983154297,9.523809432983398,9.090909004211426,5,5,72.7272720336914,13.636363983154297,9.523809432983398,14.285715103149414,15.062277793884277,25769803776,2147483648,15728951296,790495232
209,1790449124223,4,4,4,4,4,4,4,4,4,4,79.1419448852539,79.41964721679688,78.08802795410156,77.74662780761719,71.42027282714844,79.92462921142578,87.03125,23.809524536132813,15.000000953674316,15.000000953674316,10,9.523809432983398,9.523809432983398,52.38095474243164,47.619049072265625,23.809524536132813,5,15.062277793884277,25769803776,2147483648,15728951296,790495232
209,1790449124433,4,4,4,4,4,4,4,4,4,4,79.1419448852539,79.41964721679688,78.08802795410156,77.74662780761719,71.42027282714844,79.92462921142578,87.03125,23.809524536132813,14.285715103149414,9.523809432983398,9.523809432983398,13.636363983154297,9.523809432983398,40,35,28.571430206298828,4.545454502105713,15.062277793884277,25769803776,2147483648,15728951296,790495232
209,1790449124643,4,4,4,4,4,4,4,4,4,4,79.1419448852539,79.41964721679688,78.08802795410156,77.74662780761719,71.42027282714844,79.92462921142578,87.03125,10,9.523809432983398,9.523809432983398,9.523809432983398,5,9.523809432983398,52.38095474243164,19.047618865966797,9.523809432983398,45.45454788208008,15.193185806274414,25769803776,2147483648,15731261440,790495232
203,1790449124853,4,4,4,4,4,4,4,4,4,4,79.1419448852539,79.41964721679688,78.08802795410156,77.74662780761719,71.42027282714844,79.92462921142578,87.03125,38.095237731933594,14.285715103149414,14.285715103149414,9.523809432983398,23.809524536132813,14.285715103149414,47.619049072265625,50,4.761904716491699,0,15.193185806274414,25769803776,2147483648,15717515264,790495232
206,1790449125056,4,4,4,4,4,4,4,4,4,4,79.1419448852539,79.41964721679688,78.08802795410156,77.74662780761719,71.42027282714844,79.92462921142578,87.03125,15.000000953674316,15.000000953674316,35,10,5,5,52.38095474243164,35,30.000001907348633,9.523809432983398,15.193185806274414,25769803776,2147483648,15723479040,790495232
209,1790449125263,4,4,4,4,4,4,4,4,4,4,79.0014877319336,79.44825744628906,78.41874694824219,77.75109100341797,71.89437866210938,79.71044158935547,87.265625,54.54545593261719,23.809524536132813,19.047618865966797,14.285715103149414,14.285715103149414,14.285715103149414,50,35,20,25,15.193185806274414,25769803776,2147483648,15717564416,790495232
200,1790449125473,4,4,4,4,4,4,4,4,4,4,79.0014877319336,79.44825744628906,78.41874694824219,77.75109100341797,71.89437866210938,79.71044158935547,87.265625,25,15.000000953674316,10,10,15.000000953674316,5,66.66667175292969,28.571430206298828,4.761904716491699,0,15.193185806274414,25769803776,2147483648,15720202240,790495232
209,1790449125673,4,4,4,4,4,4,4,4,4,4,79.0014877319336,79.44825744628906,78.41874694824219,77.75109100341797,71.89437866210938,79.71044158935547,87.265625,20,10,14.285715103149414,9.523809432983398,9.523809432983398,10,55,45,14.285715103149414,10,15.178674697875977,25769803776,2147483648,15724445696,790495232
209,1790449125883,4,4,4,4,4,4,4,4,4,4,79.0014877319336,79.44825744628906,78.41874694824219,77.75109100341797,71.89437866210938,79.71044158935547,87.265625,15.000000953674316,14.285715103149414,9.523809432983398,5,9.523809432983398,9.090909004211426,76.19047546386719,27.272727966308594,0,0,15.178674697875977,25769803776,2147483648,15719006208,790495232
209,1790449126093,4,4,4,4,4,4,4,4,4,4,78.67707824707031,80.14138793945313,78.68864440917969,77.6352767944336,72.06571197509766,79.30348205566406,86.796875,23.809524536132813,10,10,9.523809432983398,9.523809432983398,9.523809432983398,52.38095474243164,23.809524536132813,27.272727966308594,22.72727394104004,15.178674697875977,25769803776,2147483648,15725101056,790495232
200,1790449126303,4,4,4,4,4,4,4,4,4,4,78.67707824707031,80.14138793945313,78.68864440917969,77.6352767944336,72.06571197509766,79.30348205566406,86.796875,20,22.72727394104004,14.285715103149414,14.285715103149414,14.285715103149414,5,57.142860412597656,47.619049072265625,19.047618865966797,5.263157844543457,15.178674697875977,25769803776,2147483648,15725101056,790495232
209,1790449126504,4,4,4,4,4,4,4,4,4,4,78.67707824707031,80.14138793945313,78.68864440917969,77.6352767944336,72.06571197509766,79.30348205566406,86.796875,20,5.263157844543457,14.285715103149414,10,10.526315689086914,14.285715103149414,70,10.526315689086914,10,9.523809432983398,15.178674697875977,25769803776,2147483648,15725101056,790495232
204,1790449126714,4,4,4,4,4,4,4,4,4,4,78.67707824707031,80.14138793945313,78.68864440917969,77.6352767944336,72.06571197509766,79.30348205566406,86.796875,23.809524536132813,18.18181800842285,10,9.523809432983398,9.523809432983398,9.523809432983398,57.142860412597656,52.38095474243164,10,9.523809432983398,15.8988037109375,25769803776,2147483648,15726411776,790495232
209,1790449126919,4,4,4,4,4,4,4,4,4,4,78.67707824707031,80.14138793945313,78.68864440917969,77.6352767944336,72.06571197509766,79.30348205566406,86.796875,19.047618865966797,15.000000953674316,9.523809432983398,5,14.285715103149414,5,57.142860412597656,42.85714340209961,13.636363983154297,0,15.8988037109375,25769803776,2147483648,15721054208,790495232
209,1790449127129,4,4,4,4,4,4,4,4,4,4,78.76337432861328,80.06903076171875,78.92256927490234,77.42179107666016,72.44281768798828,79.461181640625,85.96875,19.047618865966797,9.523809432983398,9.523809432983398,9.523809432983398,5,9.523809432983398,40,28.571430206298828,15.000000953674316,28.571430206298828,15.8988037109375,25769803776,2147483648,15726968832,790495232
209,1790449127339,4,4,4,4,4,4,4,4,4,4,78.76337432861328,80.06903076171875,78.92256927490234,77.42179107666016,72.44281768798828,79.461181640625,85.96875,23.809524536132813,15.000000953674316,14.285715103149414,13.636363983154297,14.285715103149414,5,57.142860412597656,36.3636360168457,13.636363983154297,31.81818199157715,15.8988037109375,25769803776,2147483648,15724560384,790495232
201,1790449127549,4,4,4,4,4,4,4,4,4,4,78.76337432861328,80.06903076171875,78.92256927490234,77.42179107666016,72.44281768798828,79.461181640625,85.96875,21.052631378173828,14.285715103149414,10,10,13.636363983154297,13.636363983154297,47.619049072265625,50,5,0,15.8988037109375,25769803776,2147483648,15724560384,790495232
202,1790449127750,4,4,4,4,4,4,4,4,4,4,78.76337432861328,80.06903076171875,78.92256927490234,77.42179107666016,72.44281768798828,79.461181640625,85.96875,25,15.000000953674316,5.263157844543457,5,5.263157844543457,5,45,47.36842346191406,15.000000953674316,25,16.3107967376709,25769803776,2147483648,15730868224,790495232
209,1790449127953,4,4,4,4,4,4,4,4,4,4,78.76337432861328,80.06903076171875,78.92256927490234,77.42179107666016,72.44281768798828,79.461181640625,85.96875,23.809524536132813,15.000000953674316,14.285715103149414,14.285715103149414,14.285715103149414,10,50,50,4.761904716491699,0,16.3107967376709,25769803776,2147483648,15728640000,790495232
205,1790449128163,4,4,4,4,4,4,4,4,4,4,78.59100341796875,79.49266052246094,78.72538757324219,77.78388977050781,72.35186767578125,79.13416290283203,87.03125,20,14.285715103149414,9.523809432983398,5,9.523809432983398,5,68.18181610107422,30.434782028198242,14.285715103149414,4.761904716491699,16.3107967376709,25769803776,2147483648,15729410048,790495232
202,1790449128368,4,4,4,4,4,4,4,4,4,4,78.59100341796875,79.49266052246094,78.72538757324219,77.78388977050781,72.35186767578125,79.13416290283203,87.03125,25,23.809524536132813,19.047618865966797,14.285715103149414,15.000000953674316,14.285715103149414,30.000001907348633,31.57894515991211,35,28.571430206298828,16.3107967376709,25769803776,2147483648,15725084672,790495232
209,1790449128571,4,4,4,4,4,4,4,4,4,4,78.59100341796875,79.49266052246094,78.72538757324219,77.78388977050781,72.35186767578125,79.13416290283203,87.03125,20,5,0,5,5,0,45,52.38095474243164,0,5,16.3107967376709,25769803776,2147483648,15725084672,790495232
209,1790449128781,4,4,4,4,4,4,4,4,4,4,78.59100341796875,79.49266052246094,78.72538757324219,77.78388977050781,72.35186767578125,79.13416290283203,87.03125,19.047618865966797,15.000000953674316,14.285715103149414,9.523809432983398,9.523809432983398,9.523809432983398,47.619049072265625,35,40.90909194946289,9.523809432983398,14.802616119384766,25769803776,2147483648,15725051904,790495232
209,1790449128991,4,4,4,4,4,4,4,4,4,4,78.59100341796875,79.49266052246094,78.72538757324219,77.78388977050781,72.35186767578125,79.13416290283203,87.03125,25,14.285715103149414,14.285715103149414,14.285715103149414,9.523809432983398,14.285715103149414,33.333335876464844,38.095237731933594,0,25,14.802616119384766,25769803776,2147483648,15729016832,790495232
202,1790449129201,4,4,4,4,4,4,4,4,4,4,79.07733154296875,79.03433227539063,78.43533325195313,77.98240661621094,72.03797912597656,79.81114196777344,86.796875,18.18181800842285,14.285715103149414,13.636363983154297,5,9.523809432983398,4.761904716491699,59.09090805053711,31.81818199157715,18.18181800842285,19.047618865966797,14.802616119384766,25769803776,2147483648,15729016832,790495232
206,1790449129404,4,4,4,4,4,4,4,4,4,4,79.07733154296875,79.03433227539063,78.43533325195313,77.98240661621094,72.03797912597656,79.81114196777344,86.796875,25,10,10.526315689086914,9.523809432983398,10,10,42.105262756347656,47.36842346191406,20,9.523809432983398,14.802616119384766,25769803776,2147483648,15729016832,790495232
208,1790449129610,4,4,4,4,4,4,4,4,4,4,79.07733154296875,79.03433227539063,78.43533325195313,77.98240661621094,72.03797912597656,79.81114196777344,86.796875,15.000000953674316,10,9.523809432983398,5,5,5,42.85714340209961,31.81818199157715,15.000000953674316,20,14.559063911437988,25769803776,2147483648,15729016832,790495232
201,1790449129819,4,4,4,4,4,4,4,4,4,4,79.07733154296875,79.03433227539063,78.43533325195313,77.98240661621094,72.03797912597656,79.81114196777344,86.796875,28.571430206298828,22.72727394104004,15.000000953674316,14.285715103149414,14.285715103149414,13.636363983154297,57.142860412597656,47.619049072265625,23.809524536132813,5,14.559063911437988,25769803776,2147483648,15727132672,790495232
206,1790449130021,4,4,4,4,4,4,4,4,4,4,79.07733154296875,79.03433227539063,78.43533325195313,77.98240661621094,72.03797912597656,79.81114196777344,86.796875,20,10.526315689086914,14.285715103149414,14.285715103149414,9.523809432983398,5.263157844543457,65,25,5,4.761904716491699,14.559063911437988,25769803776,2147483648,15733309440,790495232
202,1790449130227,4,4,4,4,4,4,4,4,4,4,78.79042053222656,79.65200805664063,78.70065307617188,77.56039428710938,72.24813079833984,79.48561096191406,86.796875,20,18.18181800842285,10,5,10,13.636363983154297,40,45,14.285715103149414,36.3636360168457,14.559063911437988,25769803776,2147483648,15733260288,790495232
209,1790449130430,4,4,4,4,4,4,4,4,4,4,78.79042053222656,79.65200805664063,78.70065307617188,77.56039428710938,72.24813079833984,79.48561096191406,86.796875,20,5.263157844543457,5,10,5,5.263157844543457,60.000003814697266,30.000001907348633,5,0,14.559063911437988,25769803776,2147483648,15733260288,790495232
209,1790449130640,4,4,4,4,4,4,4,4,4,4,78.79042053222656,79.65200805664063,78.70065307617188,77.56039428710938,72.24813079833984,79.48561096191406,86.796875,19.047618865966797,14.285715103149414,13.636363983154297,5,9.523809432983398,9.090909004211426,72.7272720336914,19.047618865966797,14.285715103149414,4.761904716491699,14.680006980895996,25769803776,2147483648,15733260288,790495232
209,1790449130850,4,4,4,4,4,4,4,4,4,4,78.79042053222656,79.65200805664063,78.70065307617188,77.56039428710938,72.24813079833984,79.48561096191406,86.796875,23.809524536132813,19.047618865966797,14.285715103149414,14.285715103149414,9.523809432983398,10,71.42857360839844,36.3636360168457,14.285715103149414,9.523809432983398,14.680006980895996,25769803776,2147483648,15721365504,790495232
209,1790449131060,4,4,4,4,4,4,4,4,4,4,78.79042053222656,79.65200805664063,78.70065307617188,77.56039428710938,72.24813079833984,79.48561096191406,86.796875,20,10,10,13.636363983154297,9.523809432983398,9.523809432983398,65,28.571430206298828,9.523809432983398,0,14.680006980895996,25769803776,2147483648,15726755840,790495232
204,1790449131270,4,4,4,4,4,4,4,4,4,4,78.64768981933594,80.0649642944336,78.55183410644531,77.4278793334961,71.90406799316406,79.27198791503906,86.5625,14.285715103149414,14.285715103149414,5,5,9.523809432983398,9.090909004211426,57.142860412597656,52.38095474243164,14.285715103149414,9.523809432983398,14.680006980895996,25769803776,2147483648,15729311744,790495232
209,1790449131475,4,4,4,4,4,4,4,4,4,4,78.64768981933594,80.0649642944336,78.55183410644531,77.4278793334961,71.90406799316406,79.27198791503906,86.5625,19.047618865966797,9.523809432983398,13.636363983154297,9.523809432983398,9.523809432983398,5,25,55,15.000000953674316,14.285715103149414,14.680006980895996,25769803776,2147483648,15727116288,790495232
209,1790449131684,4,4,4,4,4,4,4,4,4,4,78.64768981933594,80.0649642944336,78.55183410644531,77.4278793334961,71.90406799316406,79.27198791503906,86.5625,19.047618865966797,14.285715103149414,5,5,9.523809432983398,9.523809432983398,63.6363639831543,23.809524536132813,27.272727966308594,4.761904716491699,14.737101554870605,25769803776,2147483648,15727116288,790495232
209,1790449131895,4,4,4,4,4,4,4,4,4,4,78.64768981933594,80.0649642944336,78.55183410644531,77.4278793334961,71.90406799316406,79.27198791503906,86.5625,23.809524536132813,14.285715103149414,19.047618865966797,13.636363983154297,5.263157844543457,5,40,47.619049072265625,10,28.571430206298828,14.737101554870605,25769803776,2147483648,15723790336,790495232
200,1790449132104,4,4,4,4,4,4,4,4,4,4,78.94486236572266,79.5448989868164,78.94554138183594,77.66313171386719,72.62030792236328,79.65769958496094,87.03125,31.57894515991211,10,9.523809432983398,13.636363983154297,19.047618865966797,13.636363983154297,42.85714340209961,50,14.285715103149414,0,14.737101554870605,25769803776,2147483648,15720660992,790495232
209,1790449132305,4,4,4,4,4,4,4,4,4,4,78.94486236572266,79.5448989868164,78.94554138183594,77.66313171386719,72.62030792236328,79.65769958496094,87.03125,19.047618865966797,14.285715103149414,10,0,9.523809432983398,0,47.619049072265625,38.095237731933594,15.000000953674316,31.57894515991211,14.737101554870605,25769803776,2147483648,15720644608,790495232
200,1790449132515,4,4,4,4,4,4,4,4,4,4,78.94486236572266,79.5448989868164,78.94554138183594,77.66313171386719,72.62030792236328,79.65769958496094,87.03125,23.809524536132813,15.000000953674316,14.285715103149414,14.285715103149414,9.523809432983398,14.285715103149414,30.000001907348633,35,31.81818199157715,13.636363983154297,14.737101554870605,25769803776,2147483648,15718989824,790495232
209,1790449132715,4,4,4,4,4,4,4,4,4,4,78.94486236572266,79.5448989868164,78.94554138183594,77.66313171386719,72.62030792236328,79.65769958496094,87.03125,10.526315689086914,10,5.263157844543457,5,10,5,55,28.571430206298828,10.526315689086914,15.000000953674316,14.666786193847656,25769803776,2147483648,15718989824,790495232
209,1790449132925,4,4,4,4,4,4,4,4,4,4,78.94486236572266,79.5448989868164,78.94554138183594,77.66313171386719,72.62030792236328,79.65769958496094,87.03125,23.809524536132813,14.285715103149414,14.285715103149414,14.285715103149414,9.523809432983398,9.523809432983398,59.09090805053711,23.809524536132813,23.809524536132813,14.285715103149414,14.666786193847656,25769803776,2147483648,15717269504,790495232
209,1790449133135,4,4,4,4,4,4,4,4,4,4,79.19464874267578,79.47577667236328,78.4478988647461,78.07814025878906,71.95513916015625,79.91403198242188,87.265625,23.809524536132813,10,14.285715103149414,13.636363983154297,10,10,65,25,18.18181800842285,0,14.666786193847656,25769803776,2147483648,15724904448,790495232
206,1790449133345,4,4,4,4,4,4,4,4,4,4,79.19464874267578,79.47577667236328,78.4478988647461,78.07814025878906,71.95513916015625,79.91403198242188,87.265625,10,13.636363983154297,9.090909004211426,5,9.090909004211426,9.090909004211426,57.142860412597656,33.333335876464844,25,14.285715103149414,14.666786193847656,25769803776,2147483648,15722807296,790495232
209,1790449133551,4,4,4,4,4,4,4,4,4,4,79.19464874267578,79.47577667236328,78.4478988647461,78.07814025878906,71.95513916015625,79.91403198242188,87.265625,20,5.263157844543457,10,9.523809432983398,5,5,52.38095474243164,28.571430206298828,9.523809432983398,18.18181800842285,14.666786193847656,25769803776,2147483648,15723003904,790495232
206,1790449133761,4,4,4,4,4,4,4,4,4,4,79.19464874267578,79.47577667236328,78.4478988647461,78.07814025878906,71.95513916015625,79.91403198242188,87.265625,19.047618865966797,18.18181800842285,9.523809432983398,9.523809432983398,9.523809432983398,13.636363983154297,75,27.272727966308594,14.285715103149414,9.523809432983398,14.873115539550781,25769803776,2147483648,15723003904,790495232
209,1790449133968,4,4,4,4,4,4,4,4,4,4,79.19464874267578,79.47577667236328,78.4478988647461,78.07814025878906,71.95513916015625,79.91403198242188,87.265625,23.809524536132813,15.000000953674316,14.285715103149414,10,10,10,31.81818199157715,47.36842346191406,40,5,14.873115539550781,25769803776,2147483648,15718858752,790495232
209,1790449134178,4,4,4,4,4,4,4,4,4,4,79.22183227539063,79.6656494140625,78.51220703125,77.76700592041016,71.96463775634766,80.05545043945313,86.328125,23.809524536132813,14.285715103149414,5,13.636363983154297,13.636363983154297,9.523809432983398,57.142860412597656,33.333335876464844,13.636363983154297,0,14.873115539550781,25769803776,2147483648,15724249088,790495232
209,1790449134388,4,4,4,4,4,4,4,4,4,4,79.22183227539063,79.6656494140625,78.51220703125,77.76700592041016,71.96463775634766,80.05545043945313,86.328125,9.523809432983398,4.761904716491699,9.523809432983398,4.761904716491699,0,0,70,33.333335876464844,14.285715103149414,14.285715103149414,14.873115539550781,25769803776,2147483648,15719464960,790495232
209,1790449134598,4,4,4,4,4,4,4,4,4,4,79.22183227539063,79.6656494140625,78.51220703125,77.76700592041016,71.96463775634766,80.05545043945313,86.328125,25,15.000000953674316,10,10,14.285715103149414,13.636363983154297,76.19047546386719,22.72727394104004,0,0,14.70767879486084,25769803776,2147483648,15719464960,790495232
203,1790449134808,4,4,4,4,4,4,4,4,4,4,79.22183227539063,79.6656494140625,78.51220703125,77.76700592041016,71.96463775634766,80.05545043945313,86.328125,14.285715103149414,9.523809432983398,9.523809432983398,5,9.523809432983398,5,65,40,14.285715103149414,9.090909004211426,14.70767879486084,25769803776,2147483648,15719464960,790495232
202,1790449135011,4,4,4,4,4,4,4,4,4,4,79.22183227539063,79.6656494140625,78.51220703125,77.76700592041016,71.96463775634766,80.05545043945313,86.328125,20,15.000000953674316,14.285715103149414,14.285715103149414,10,10,38.095237731933594,52.38095474243164,25,5,14.70767879486084,25769803776,2147483648,15722627072,790495232
209,1790449135214,4,4,4,4,4,4,4,4,4,4,78.77275085449219,80.37969970703125,79.132568359375,77.50151062011719,72.65338897705078,79.45803833007813,87.03125,25,15.000000953674316,15.000000953674316,10,10,13.636363983154297,61.904762268066406,30.000001907348633,4.761904716491699,5,14.70767879486084,25769803776,2147483648,15726034944,790495232
209,1790449135424,4,4,4,4,4,4,4,4,4,4,78.77275085449219,80.37969970703125,79.132568359375,77.50151062011719,72.65338897705078,79.45803833007813,87.03125,14.285715103149414,13.636363983154297,5,9.523809432983398,13.636363983154297,5,50,23.809524536132813,47.619049072265625,13.636363983154297,14.70767879486084,25769803776,2147483648,15728885760,790495232
209,1790449135634,4,4,4,4,4,4,4,4,4,4,78.77275085449219,80.37969970703125,79.132568359375,77.50151062011719,72.65338897705078,79.45803833007813,87.03125,19.047618865966797,10,9.090909004211426,9.090909004211426,4.761904716491699,5,40.90909194946289,23.809524536132813,33.333335876464844,5,14.930702209472656,25769803776,2147483648,15728885760,790495232
206,1790449135844,4,4,4,4,4,4,4,4,4,4,78.77275085449219,80.37969970703125,79.132568359375,77.50151062011719,72.65338897705078,79.45803833007813,87.03125,14.285715103149414,9.523809432983398,14.285715103149414,5,9.523809432983398,9.090909004211426,55,33.333335876464844,23.809524536132813,4.761904716491699,14.930702209472656,25769803776,2147483648,15728885760,790495232
202,1790449136050,4,4,4,4,4,4,4,4,4,4,78.77275085449219,80.37969970703125,79.132568359375,77.50151062011719,72.65338897705078,79.45803833007813,87.03125,25,19.047618865966797,14.285715103149414,14.285715103149414,10,14.285715103149414,52.38095474243164,38.095237731933594,35,9.523809432983398,14.930702209472656,25769803776,2147483648,15721775104,790495232
206,1790449136253,4,4,4,4,4,4,4,4,4,4,79.7627182006836,79.85409545898438,78.44886016845703,77.85376739501953,71.82398986816406,80.77474975585938,86.796875,30.000001907348633,20,15.789472579956055,20,20,15.789472579956055,60.000003814697266,10,9.523809432983398,25,14.930702209472656,25769803776,2147483648,15775563776,790495232
209,1790449136459,4,4,4,4,4,4,4,4,4,4,79.7627182006836,79.85409545898438,78.44886016845703,77.85376739501953,71.82398986816406,80.77474975585938,86.796875,70,68.42105102539063,57.142860412597656,60.000003814697266,61.904762268066406,47.619049072265625,71.42857360839844,61.904762268066406,70,55,14.930702209472656,25769803776,2147483648,15822635008,790495232
199,1790449136669,4,4,4,4,4,4,4,4,4,4,79.7627182006836,79.85409545898438,78.44886016845703,77.85376739501953,71.82398986816406,80.77474975585938,86.796875,70,54.54545593261719,35,27.272727966308594,19.047618865966797,19.047618865966797,61.904762268066406,35,0,4.545454502105713,14.850753784179688,25769803776,2147483648,15808790528,790495232
209,1790449136869,4,4,4,4,4,4,4,4,4,4,79.7627182006836,79.85409545898438,78.44886016845703,77.85376739501953,71.82398986816406,80.77474975585938,86.796875,38.095237731933594,31.57894515991211,23.809524536132813,15.789472579956055,15.789472579956055,14.285715103149414,47.36842346191406,35,45.45454788208008,5,14.850753784179688,25769803776,2147483648,15808790528,790495232
209,1790449137079,4,4,4,4,4,4,4,4,4,4,79.83940124511719,80.28435516357422,78.97789764404297,78.54568481445313,72.35293579101563,80.62955474853516,87.265625,28.571430206298828,18.18181800842285,14.285715103149414,9.523809432983398,9.523809432983398,5,57.142860412597656,33.333335876464844,0,0,14.850753784179688,25769803776,2147483648,15810215936,790495232
200,1790449137289,4,4,4,4,4,4,4,4,4,4,79.83940124511719,80.28435516357422,78.97789764404297,78.54568481445313,72.35293579101563,80.62955474853516,87.265625,15.000000953674316,14.285715103149414,10,13.636363983154297,13.636363983154297,9.523809432983398,63.6363639831543,40.90909194946289,13.636363983154297,4.761904716491699,14.850753784179688,25769803776,2147483648,15810871296,790495232
201,1790449137490,4,4,4,4,4,4,4,4,4,4,79.83940124511719,80.28435516357422,78.97789764404297,78.54568481445313,72.35293579101563,80.62955474853516,87.265625,33.333335876464844,10.526315689086914,10,5.263157844543457,10,5.263157844543457,36.842105865478516,30.000001907348633,0,28.571430206298828,14.850753784179688,25769803776,2147483648,15810805760,790495232
200,1790449137692,4,4,4,4,4,4,4,4,4,4,79.83940124511719,80.28435516357422,78.97789764404297,78.54568481445313,72.35293579101563,80.62955474853516,87.265625,21.052631378173828,15.000000953674316,15.000000953674316,10,5.263157844543457,10,66.66667175292969,15.789472579956055,25,9.523809432983398,15.725506782531738,25769803776,2147483648,15810805760,790495232
204,1790449137893,4,4,4,4,4,4,4,4,4,4,79.83940124511719,80.28435516357422,78.97789764404297,78.54568481445313,72.35293579101563,80.62955474853516,87.265625,20,20,14.285715103149414,14.285715103149414,10,14.285715103149414,52.6315803527832,23.809524536132813,25,10.526315689086914,15.725506782531738,25769803776,2147483648,15810805760,790495232
203,1790449138097,4,4,4,4,4,4,4,4,4,4,78.6888427734375,79.12700653076172,77.93708801269531,77.3598861694336,71.3036117553711,79.27678680419922,86.4375,23.809524536132813,10,10.526315689086914,5.263157844543457,14.285715103149414,10,42.85714340209961,45,14.285715103149414,4.761904716491699,15.725506782531738,25769803776,2147483648,15791947776,790495232
208,1790449138301,4,4,4,4,4,4,4,4,4,4,78.6888427734375,79.12700653076172,77.93708801269531,77.3598861694336,71.3036117553711,79.27678680419922,86.4375,25,23.809524536132813,19.047618865966797,15.000000953674316,10,14.285715103149414,57.142860412597656,35,15.789472579956055,10.526315689086914,15.725506782531738,25769803776,2147483648,15786786816,790495232
209,1790449138510,4,4,4,4,4,4,4,4,4,4,78.6888427734375,79.12700653076172,77.93708801269531,77.3598861694336,71.3036117553711,79.27678680419922,86.4375,25,23.809524536132813,10,9.523809432983398,13.636363983154297,5,57.894737243652344,36.3636360168457,8.69565200805664,4.545454502105713,15.725506782531738,25769803776,2147483648,15790440448,790495232
206,1790449138720,4,4,4,4,4,4,4,4,4,4,78.6888427734375,79.12700653076172,77.93708801269531,77.3598861694336,71.3036117553711,79.27678680419922,86.4375,19.047618865966797,14.285715103149414,9.523809432983398,9.523809432983398,9.523809432983398,9.523809432983398,54.54545593261719,25,5,23.809524536132813,12.691808700561523,25769803776,2147483648,15795437568,790495232
201,1790449138927,4,4,4,4,4,4,4,4,4,4,78.6888427734375,79.12700653076172,77.93708801269531,77.3598861694336,71.3036117553711,79.27678680419922,86.4375,25,10.526315689086914,14.285715103149414,9.523809432983398,5.263157844543457,9.523809432983398,71.42857360839844,14.285715103149414,4.761904716491699,15.000000953674316,12.691808700561523,25769803776,2147483648,15790784512,790495232
208,1790449139128,4,4,4,4,4,4,4,4,4,4,78.6350326538086,79.90956115722656,78.48182678222656,77.66352844238281,71.85002136230469,79.17106628417969,86.796875,19.047618865966797,14.285715103149414,10,15.000000953674316,9.523809432983398,5,65,30.000001907348633,5,5,12.691808700561523,25769803776,2147483648,15794077696,790495232
202,1790449139336,4,4,4,4,4,4,4,4,4,4,78.6350326538086,79.90956115722656,78.48182678222656,77.66352844238281,71.85002136230469,79.17106628417969,86.796875,40,28.571430206298828,15.000000953674316,33.333335876464844,10.526315689086914,9.523809432983398,65,33.333335876464844,9.523809432983398,18.18181800842285,12.691808700561523,25769803776,2147483648,15779381248,790495232
201,1790449139539,4,4,4,4,4,4,4,4,4,4,78.6350326538086,79.90956115722656,78.48182678222656,77.66352844238281,71.85002136230469,79.17106628417969,86.796875,30.000001907348633,15.000000953674316,15.000000953674316,10,14.285715103149414,10,42.85714340209961,57.142860412597656,0,0,12.691808700561523,25769803776,2147483648,15779971072,790495232
201,1790449139741,4,4,4,4,4,4,4,4,4,4,78.6350326538086,79.90956115722656,78.48182678222656,77.66352844238281,71.85002136230469,79.17106628417969,86.796875,28.571430206298828,15.000000953674316,10,10,9.523809432983398,5.263157844543457,60.000003814697266,26.3157901763916,10,15.000000953674316,13.546977043151855,25769803776,2147483648,15786180608,790495232
202,1790449139943,4,4,4,4,4,4,4,4,4,4,78.6350326538086,79.90956115722656,78.48182678222656,77.66352844238281,71.85002136230469,79.17106628417969,86.796875,30.000001907348633,10,14.285715103149414,5,5.263157844543457,13.636363983154297,55,33.333335876464844,5,14.285715103149414,13.546977043151855,25769803776,2147483648,15786180608,790495232
204,1790449140146,4,4,4,4,4,4,4,4,4,4,78.60401916503906,80.10931396484375,78.8239974975586,77.63845825195313,72.2766342163086,79.13934326171875,87.03125,26.3157901763916,15.000000953674316,14.285715103149414,10,9.523809432983398,0,65,25,19.047618865966797,5,13.546977043151855,25769803776,2147483648,15786639360,790495232
205,1790449140350,4,4,4,4,4,4,4,4,4,4,78.60401916503906,80.10931396484375,78.8239974975586,77.63845825195313,72.2766342163086,79.13934326171875,87.03125,20,15.000000953674316,15.000000953674316,14.285715103149414,10,14.285715103149414,55,35,15.000000953674316,9.523809432983398,13.546977043151855,25769803776,2147483648,15781593088,790495232
205,1790449140556,4,4,4,4,4,4,4,4,4,4,78.60401916503906,80.10931396484375,78.8239974975586,77.63845825195313,72.2766342163086,79.13934326171875,87.03125,28.571430206298828,19.047618865966797,5.263157844543457,10,9.523809432983398,5.263157844543457,70,19.047618865966797,9.523809432983398,4.761904716491699,13.546977043151855,25769803776,2147483648,15782019072,790495232
208,1790449140762,4,4,4,4,4,4,4,4,4,4,78.60401916503906,80.10931396484375,78.8239974975586,77.63845825195313,72.2766342163086,79.13934326171875,87.03125,25,10,14.285715103149414,10,10,13.636363983154297,54.54545593261719,45,14.285715103149414,0,13.983222961425781,25769803776,2147483648,15788163072,790495232
210,1790449140970,4,4,4,4,4,4,4,4,4,4,78.60401916503906,80.10931396484375,78.8239974975586,77.63845825195313,72.2766342163086,79.13934326171875,87.03125,28.571430206298828,19.047618865966797,10,9.523809432983398,9.523809432983398,5,55,15.000000953674316,10.526315689086914,9.523809432983398,13.983222961425781,25769803776,2147483648,15788163072,790495232
207,1790449141180,4,4,4,4,4,4,4,4,4,4,79.01008605957031,80.41597747802734,78.78677368164063,77.65625,72.1585922241211,79.73737335205078,86.796875,28.571430206298828,15.000000953674316,13.636363983154297,9.523809432983398,9.523809432983398,9.090909004211426,42.85714340209961,18.18181800842285,47.619049072265625,9.090909004211426,13.983222961425781,25769803776,2147483648,15788720128,790495232
201,1790449141388,4,4,4,4,4,4,4,4,4,4,79.01008605957031,80.41597747802734,78.78677368164063,77.65625,72.1585922241211,79.73737335205078,86.796875,26.3157901763916,19.047618865966797,20,14.285715103149414,14.285715103149414,15.000000953674316,47.619049072265625,40,28.571430206298828,5,13.983222961425781,25769803776,2147483648,15780986880,790495232
210,1790449141589,4,4,4,4,4,4,4,4,4,4,79.01008605957031,80.41597747802734,78.78677368164063,77.65625,72.1585922241211,79.73737335205078,86.796875,38.095237731933594,30.000001907348633,25,26.3157901763916,15.789472579956055,20,73.68421173095703,25,0,5,13.888096809387207,25769803776,2147483648,15780986880,790495232
200,1790449141799,4,4,4,4,4,4,4,4,4,4,79.01008605957031,80.41597747802734,78.78677368164063,77.65625,72.1585922241211,79.73737335205078,86.796875,30.000001907348633,20,19.047618865966797,9.523809432983398,10,5,50,23.809524536132813,36.3636360168457,9.090909004211426,13.888096809387207,25769803776,2147483648,15780986880,790495232
210,1790449142000,4,4,4,4,4,4,4,4,4,4,79.01008605957031,80.41597747802734,78.78677368164063,77.65625,72.1585922241211,79.73737335205078,86.796875,55,47.619049072265625,40,28.571430206298828,19.047618865966797,28.571430206298828,50,47.619049072265625,5,0,13.888096809387207,25769803776,2147483648,15780986880,790495232
202,1790449142210,4,4,4,4,4,4,4,4,4,4,79.64933776855469,79.92455291748047,78.72506713867188,77.8158950805664,72.20645141601563,80.58700561523438,87.03125,50,38.095237731933594,28.571430206298828,14.285715103149414,13.636363983154297,9.523809432983398,71.42857360839844,23.809524536132813,13.636363983154297,0,13.888096809387207,25769803776,2147483648,15788572672,790495232
201,1790449142413,4,4,4,4,4,4,4,4,4,4,79.64933776855469,79.92455291748047,78.72506713867188,77.8158950805664,72.20645141601563,80.58700561523438,87.03125,30.000001907348633,15.789472579956055,15.000000953674316,10.526315689086914,10,10,50,45,5.263157844543457,25,13.888096809387207,25769803776,2147483648,15782985728,790495232
209,1790449142614,4,4,4,4,4,4,4,4,4,4,79.64933776855469,79.92455291748047,78.72506713867188,77.8158950805664,72.20645141601563,80.58700561523438,87.03125,26.3157901763916,15.000000953674316,14.285715103149414,9.523809432983398,5.263157844543457,10,47.36842346191406,45,0,0,13.871676445007324,25769803776,2147483648,15782985728,790495232
203,1790449142825,4,4,4,4,4,4,4,4,4,4,79.64933776855469,79.92455291748047,78.72506713867188,77.8158950805664,72.20645141601563,80.58700561523438,87.03125,28.571430206298828,18.18181800842285,10,9.523809432983398,13.636363983154297,4.761904716491699,68.18181610107422,23.809524536132813,9.523809432983398,13.636363983154297,13.871676445007324,25769803776,2147483648,15782985728,790495232
5795,1790449143029,4,4,4,4,4,4,4,4,4,4,79.64933776855469,79.92455291748047,78.72506713867188,77.8158950805664,72.20645141601563,80.58700561523438,87.03125,35,30.000001907348633,25,15.000000953674316,10,28.571430206298828,50,33.333335876464844,9.523809432983398,0,13.871676445007324,25769803776,2147483648,15782985728,790495232
209,1790449148824,4,4,4,4,4,4,4,4,4,4,78.50642395019531,80.03311157226563,78.734375,77.44754791259766,72.095703125,79.02243041992188,86.796875,22.72727394104004,9.523809432983398,9.090909004211426,4.761904716491699,4.761904716491699,4.761904716491699,9.090909004211426,0,0,0,0,25769803776,2147483648,15773581312,790495232
201,1790449149035,4,4,4,4,4,4,4,4,4,4,78.50642395019531,80.03311157226563,78.734375,77.44754791259766,72.095703125,79.02243041992188,86.796875,76.19047546386719,76.19047546386719,70,63.6363639831543,59.09090805053711,52.38095474243164,45,40.90909194946289,28.571430206298828,25,0,25769803776,2147483648,15780921344,790495232
201,1790449149236,4,4,4,4,4,4,4,4,4,4,78.50642395019531,80.03311157226563,78.734375,77.44754791259766,72.095703125,79.02243041992188,86.796875,70,57.894737243652344,52.38095474243164,42.105262756347656,31.57894515991211,40,80.95238494873047,57.142860412597656,40,40,0,25769803776,2147483648,15780921344,790495232
202,1790449149438,4,4,4,4,4,4,4,4,4,4,78.50642395019531,80.03311157226563,78.734375,77.44754791259766,72.095703125,79.02243041992188,86.796875,42.105262756347656,38.095237731933594,25,23.809524536132813,23.809524536132813,25,5,80,5,5,0,25769803776,2147483648,15780921344,790495232
204,1790449149641,4,4,4,4,4,4,4,4,4,4,78.50642395019531,80.03311157226563,78.734375,77.44754791259766,72.095703125,79.02243041992188,86.796875,28.571430206298828,25,15.000000953674316,15.000000953674316,5.263157844543457,9.523809432983398,5.263157844543457,0,0,4.761904716491699,0,25769803776,2147483648,15780921344,790495232
202,1790449149846,4,4,4,4,4,4,4,4,4,4,78.50642395019531,80.03311157226563,78.734375,77.44754791259766,72.095703125,79.02243041992188,86.796875,30.000001907348633,15.000000953674316,9.523809432983398,0,0,0,9.523809432983398,0,0,0,0,25769803776,2147483648,15879389184,790495232
204,1790449150048,4,4,4,4,4,4,4,4,4,4,78.50642395019531,80.03311157226563,78.734375,77.44754791259766,72.095703125,79.02243041992188,86.796875,15.000000953674316,9.523809432983398,5,0,14.285715103149414,0,5,0,0,0,0,25769803776,2147483648,15878995968,790495232
205,1790449150253,4,4,4,4,4,4,4,4,4,4,2.5999999046325684,2.5999999046325684,2.5999999046325684,2.5999999046325684,2.5999999046325684,79.02243041992188,86.796875,20,10,0,0,0,0,4.761904716491699,0,0,0,0,25769803776,2147483648,15881043968,790495232
204,1790449150459,4,4,4,4,4,4,4,4,4,4,2.5999999046325684,2.5999999046325684,2.5999999046325684,2.5999999046325684,2.5999999046325684,79.02243041992188,86.796875,9.523809432983398,4.761904716491699,9.523809432983398,9.090909004211426,0,0,4.761904716491699,4.761904716491699,0,0,0,25769803776,2147483648,15878078464,790495232
204,1790449150664,4,4,4,4,4,4,4,4,4,4,2.5999999046325684,2.5999999046325684,2.5999999046325684,2.5999999046325684,2.5999999046325684,79.02243041992188,86.796875,20,0,0,0,0,0,5,0,0,0,17.5905818939209,25769803776,2147483648,15877603328,790495232
200,1790449150869,4,4,4,4,4,4,4,4,4,4,2.5999999046325684,2.5999999046325684,2.5999999046325684,2.5999999046325684,2.5999999046325684,79.02243041992188,86.796875,33.333335876464844,19.047618865966797,15.000000953674316,5,5,9.523809432983398,9.523809432983398,0,0,0,17.5905818939209,25769803776,2147483648,15846375424,790495232
204,1790449151069,4,4,4,4,4,4,4,4,4,4,2.5999999046325684,2.5999999046325684,2.5999999046325684,2.5999999046325684,2.5999999046325684,79.02243041992188,86.796875,35,25,19.047618865966797,10,10,5,5,0,0,0,17.5905818939209,25769803776,2147483648,15846539264,790495232
204,1790449151275,4,4,4,4,4,4,4,4,4,4,73.2242431640625,70.23677062988281,69.74323272705078,71.42269134521484,62.55613708496094,72.65808868408203,75.125,23.809524536132813,15.000000953674316,10,4.761904716491699,0,4.761904716491699,0,0,0,0,17.5905818939209,25769803776,2147483648,15846539264,790495232
204,1790449151480,4,4,4,4,4,4,4,4,4,4,73.2242431640625,70.23677062988281,69.74323272705078,71.42269134521484,62.55613708496094,72.65808868408203,75.125,36.842105865478516,28.571430206298828,19.047618865966797,15.000000953674316,14.285715103149414,10,9.523809432983398,0,0,0,17.5905818939209,25769803776,2147483648,15846539264,790495232
205,1790449151685,4,4,4,4,4,4,4,4,4,4,73.2242431640625,70.23677062988281,69.74323272705078,71.42269134521484,62.55613708496094,72.65808868408203,75.125,23.809524536132813,5,0,0,0,0,5,0,0,0,15.435511589050293,25769803776,2147483648,15846539264,790495232
204,1790449151890,4,4,4,4,4,4,4,4,4,4,73.2242431640625,70.23677062988281,69.74323272705078,71.42269134521484,62.55613708496094,72.65808868408203,75.125,15.789472579956055,10,5,4.761904716491699,0,0,0,0,0,0,15.435511589050293,25769803776,2147483648,15830597632,790495232
204,1790449152095,4,4,4,4,4,4,4,4,4,4,73.2242431640625,70.23677062988281,69.74323272705078,71.42269134521484,62.55613708496094,72.65808868408203,75.125,14.285715103149414,9.523809432983398,4.761904716491699,4.761904716491699,0,0,4.761904716491699,5,0,0,15.435511589050293,25769803776,2147483648,15828779008,790495232
199,1790449152300,4,4,4,4,4,4,4,4,4,4,77.83831787109375,72.50955963134766,71.88666534423828,75.7552490234375,64.73063659667969,77.34054565429688,80.078125,19.047618865966797,0,0,0,0,0,5,0,0,0,15.435511589050293,25769803776,2147483648,15828779008,790495232
202,1790449152501,4,4,4,4,4,4,4,4,4,4,77.83831787109375,72.50955963134766,71.88666534423828,75.7552490234375,64.73063659667969,77.34054565429688,80.078125,21.052631378173828,5,9.090909004211426,0,0,0,0,5,0,0,15.435511589050293,25769803776,2147483648,15828779008,790495232
201,1790449152703,4,4,4,4,4,4,4,4,4,4,77.83831787109375,72.50955963134766,71.88666534423828,75.7552490234375,64.73063659667969,77.34054565429688,80.078125,25,30.000001907348633,5.263157844543457,5,9.523809432983398,0,9.523809432983398,0,0,0,22.412864685058594,25769803776,2147483648,15828779008,790495232
202,1790449152905,4,4,4,4,4,4,4,4,4,4,77.83831787109375,72.50955963134766,71.88666534423828,75.7552490234375,64.73063659667969,77.34054565429688,80.078125,25,10,5,4.761904716491699,0,4.761904716491699,5,4.761904716491699,0,0,22.412864685058594,25769803776,2147483648,15827697664,790495232
204,1790449153108,4,4,4,4,4,4,4,4,4,4,77.83831787109375,72.50955963134766,71.88666534423828,75.7552490234375,64.73063659667969,77.34054565429688,80.078125,20,5.263157844543457,9.523809432983398,5.263157844543457,0,5,5,0,0,0,22.412864685058594,25769803776,2147483648,15826927616,790495232
205,1790449153313,4,4,4,4,4,4,4,4,4,4,82.11103057861328,75.69280242919922,74.75886535644531,79.68878936767578,67.76673889160156,81.61697387695313,83.15625,19.047618865966797,9.090909004211426,0,4.545454502105713,0,0,4.761904716491699,0,0,0,22.412864685058594,25769803776,2147483648,15828615168,790495232
204,1790449153518,4,4,4,4,4,4,4,4,4,4,82.11103057861328,75.69280242919922,74.75886535644531,79.68878936767578,67.76673889160156,81.61697387695313,83.15625,10,5,0,0,0,0,5,0,0,0,22.412864685058594,25769803776,2147483648,15826649088,790495232
203,1790449153723,4,4,4,4,4,4,4,4,4,4,82.11103057861328,75.69280242919922,74.75886535644531,79.68878936767578,67.76673889160156,81.61697387695313,83.15625,23.809524536132813,5,9.523809432983398,0,0,0,5,0,0,0,28.78876304626465,25769803776,2147483648,15825354752,790495232
204,1790449153927,4,4,4,4,4,4,4,4,4,4,82.11103057861328,75.69280242919922,74.75886535644531,79.68878936767578,67.76673889160156,81.61697387695313,83.15625,10.526315689086914,4.761904716491699,5,0,0,0,9.523809432983398,4.761904716491699,0,0,28.78876304626465,25769803776,2147483648,15825141760,790495232
200,1790449154132,4,4,4,4,4,4,4,4,4,4,84.69950866699219,77.73778533935547,76.70797729492188,82.10552978515625,69.86414337158203,83.96378326416016,85.03125,27.272727966308594,10,9.523809432983398,9.090909004211426,4.761904716491699,0,4.761904716491699,0,0,0,28.78876304626465,25769803776,2147483648,15821045760,790495232
202,1790449154332,4,4,4,4,4,4,4,4,4,4,84.69950866699219,77.73778533935547,76.70797729492188,82.10552978515625,69.86414337158203,83.96378326416016,85.03125,20,10,0,0,4.761904716491699,0,10,0,0,0,28.78876304626465,25769803776,2147483648,15821045760,790495232
204,1790449154536,4,4,4,4,4,4,4,4,4,4,84.69950866699219,77.73778533935547,76.70797729492188,82.10552978515625,69.86414337158203,83.96378326416016,85.03125,21.052631378173828,10,10,0,0,0,5,0,0,0,28.78876304626465,25769803776,2147483648,15821045760,790495232
204,1790449154741,4,4,4,4,4,4,4,4,4,4,84.69950866699219,77.73778533935547,76.70797729492188,82.10552978515625,69.86414337158203,83.96378326416016,85.03125,15.000000953674316,10,9.090909004211426,0,0,0,0,0,4.761904716491699,0,28.979774475097656,25769803776,2147483648,15821045760,790495232
204,1790449154946,4,4,4,4,4,4,4,4,4,4,84.69950866699219,77.73778533935547,76.70797729492188,82.10552978515625,69.86414337158203,83.96378326416016,85.03125,13.636363983154297,4.761904716491699,0,0,0,0,0,0,0,0,28.979774475097656,25769803776,2147483648,15827025920,790495232
204,1790449155151,4,4,4,4,4,4,4,4,4,4,86.18955993652344,79.33141326904297,78.41687774658203,83.72459411621094,71.6451644897461,85.6755599975586,86.671875,10.526315689086914,9.523809432983398,5,0,0,4.761904716491699,9.523809432983398,0,0,0,28.979774475097656,25769803776,2147483648,15825338368,790495232
199,1790449155356,4,4,4,4,4,4,4,4,4,4,86.18955993652344,79.33141326904297,78.41687774658203,83.72459411621094,71.6451644897461,85.6755599975586,86.671875,19.047618865966797,5,0,9.090909004211426,0,0,5,0,0,0,28.979774475097656,25769803776,2147483648,15824781312,790495232
199,1790449155557,4,4,4,4,4,4,4,4,4,4,86.18955993652344,79.33141326904297,78.41687774658203,83.72459411621094,71.6451644897461,85.6755599975586,86.671875,15.000000953674316,5,10,0,0,0,9.523809432983398,0,0,0,28.979774475097656,25769803776,2147483648,15824781312,790495232
204,1790449155757,4,4,4,4,4,4,4,4,4,4,86.18955993652344,79.33141326904297,78.41687774658203,83.72459411621094,71.6451644897461,85.6755599975586,86.671875,19.047618865966797,5,4.761904716491699,0,4.761904716491699,0,5,0,0,0,28.9927978515625,25769803776,2147483648,15824781312,790495232
201,1790449155962,4,4,4,4,4,4,4,4,4,4,86.18955993652344,79.33141326904297,78.41687774658203,83.72459411621094,71.6451644897461,85.6755599975586,86.671875,15.789472579956055,5,0,0,4.761904716491699,0,9.523809432983398,4.761904716491699,0,0,28.9927978515625,25769803776,2147483648,15811379200,790495232
204,1790449156164,4,4,4,4,4,4,4,4,4,4,87.44251251220703,80.72411346435547,79.76040649414063,84.97687530517578,72.97186279296875,87.02804565429688,87.859375,20,14.285715103149414,10,4.761904716491699,0,4.761904716491699,5,0,0,0,28.9927978515625,25769803776,2147483648,15811461120,790495232
204,1790449156369,4,4,4,4,4,4,4,4,4,4,87.44251251220703,80.72411346435547,79.76040649414063,84.97687530517578,72.97186279296875,87.02804565429688,87.859375,28.571430206298828,14.285715103149414,5,4.761904716491699,0,0,0,0,0,0,28.9927978515625,25769803776,2147483648,15812608000,790495232
204,1790449156574,4,4,4,4,4,4,4,4,4,4,87.44251251220703,80.72411346435547,79.76040649414063,84.97687530517578,72.97186279296875,87.02804565429688,87.859375,9.523809432983398,0,4.761904716491699,0,0,0,5,0,0,0,28.9927978515625,25769803776,2147483648,15810789376,790495232
203,1790449156779,4,4,4,4,4,4,4,4,4,4,87.44251251220703,80.72411346435547,79.76040649414063,84.97687530517578,72.97186279296875,87.02804565429688,87.859375,10,0,4.761904716491699,0,0,0,9.523809432983398,0,0,0,29.15398597717285,25769803776,2147483648,15810789376,790495232
204,1790449156984,4,4,4,4,4,4,4,4,4,4,87.44251251220703,80.72411346435547,79.76040649414063,84.97687530517578,72.97186279296875,87.02804565429688,87.859375,15.789472579956055,9.090909004211426,0,0,4.761904716491699,0,4.761904716491699,0,0,0,29.15398597717285,25769803776,2147483648,15809642496,790495232
203,1790449157188,4,4,4,4,4,4,4,4,4,4,88.78843688964844,82.0066146850586,80.93170928955078,86.25580596923828,74.11409759521484,88.23612213134766,89.265625,18.18181800842285,0,4.761904716491699,0,0,0,5,0,0,0,29.15398597717285,25769803776,2147483648,15809609728,790495232
201,1790449157392,4,4,4,4,4,4,4,4,4,4,88.78843688964844,82.0066146850586,80.93170928955078,86.25580596923828,74.11409759521484,88.23612213134766,89.265625,10.526315689086914,4.761904716491699,0,0,0,0,0,5,0,0,29.15398597717285,25769803776,2147483648,15809429504,790495232
204,1790449157594,4,4,4,4,4,4,4,4,4,4,88.78843688964844,82.0066146850586,80.93170928955078,86.25580596923828,74.11409759521484,88.23612213134766,89.265625,19.047618865966797,14.285715103149414,5,0,0,0,5,0,0,0,29.15398597717285,25769803776,2147483648,15809429504,790495232
204,1790449157799,4,4,4,4,4,4,4,4,4,4,88.78843688964844,82.0066146850586,80.93170928955078,86.25580596923828,74.11409759521484,88.23612213134766,89.265625,19.047618865966797,5,4.761904716491699,0,0,0,9.523809432983398,4.761904716491699,0,0,29.281558990478516,25769803776,2147483648,15809429504,790495232
202,1790449158004,4,4,4,4,4,4,4,4,4,4,88.78843688964844,82.0066146850586,80.93170928955078,86.25580596923828,74.11409759521484,88.23612213134766,89.265625,5.263157844543457,4.761904716491699,0,4.761904716491699,0,0,0,0,0,0,29.281558990478516,25769803776,2147483648,15810527232,790495232
204,1790449158208,4,4,4,4,4,4,4,4,4,4,89.6330795288086,83.0281753540039,82.05458068847656,87.41043853759766,75.18436431884766,89.39894104003906,90.203125,10,0,0,0,0,0,5,0,0,0,29.281558990478516,25769803776,2147483648,15808708608,790495232
204,1790449158413,4,4,4,4,4,4,4,4,4,4,89.6330795288086,83.0281753540039,82.05458068847656,87.41043853759766,75.18436431884766,89.39894104003906,90.203125,19.047618865966797,0,4.761904716491699,0,0,0,4.761904716491699,0,0,0,29.281558990478516,25769803776,2147483648,15808577536,790495232
203,1790449158618,4,4,4,4,4,4,4,4,4,4,89.6330795288086,83.0281753540039,82.05458068847656,87.41043853759766,75.18436431884766,89.39894104003906,90.203125,14.285715103149414,9.523809432983398,0,0,0,0,4.761904716491699,5,0,0,29.281558990478516,25769803776,2147483648,15808577536,790495232
203,1790449158822,4,4,4,4,4,4,4,4,4,4,89.6330795288086,83.0281753540039,82.05458068847656,87.41043853759766,75.18436431884766,89.39894104003906,90.203125,15.000000953674316,0,4.761904716491699,0,4.761904716491699,0,5,0,0,0,29.42705535888672,25769803776,2147483648,15808577536,790495232
204,1790449159025,4,4,4,4,4,4,4,4,4,4,89.6330795288086,83.0281753540039,82.05458068847656,87.41043853759766,75.18436431884766,89.39894104003906,90.203125,15.000000953674316,9.523809432983398,0,0,0,0,9.523809432983398,0,0,0,29.42705535888672,25769803776,2147483648,15808233472,790495232
204,1790449159230,4,4,4,4,4,4,4,4,4,4,90.54214477539063,83.93893432617188,83.02375030517578,88.42280578613281,76.17493438720703,90.43449401855469,90.90625,35,19.047618865966797,19.047618865966797,10,0,9.523809432983398,5,0,0,0,29.42705535888672,25769803776,2147483648,15775629312,790495232
204,1790449159435,4,4,4,4,4,4,4,4,4,4,90.54214477539063,83.93893432617188,83.02375030517578,88.42280578613281,76.17493438720703,90.43449401855469,90.90625,14.285715103149414,0,0,0,0,0,5,0,0,0,29.42705535888672,25769803776,2147483648,15777693696,790495232
202,1790449159641,4,4,4,4,4,4,4,4,4,4,90.54214477539063,83.93893432617188,83.02375030517578,88.42280578613281,76.17493438720703,90.43449401855469,90.90625,5,9.523809432983398,0,0,4.761904716491699,0,0,0,0,0,29.459325790405273,25769803776,2147483648,15775596544,790495232
203,1790449159843,4,4,4,4,4,4,4,4,4,4,90.54214477539063,83.93893432617188,83.02375030517578,88.42280578613281,76.17493438720703,90.43449401855469,90.90625,14.285715103149414,5,5,0,4.545454502105713,0,9.523809432983398,4.761904716491699,0,0,29.459325790405273,25769803776,2147483648,15775596544,790495232
202,1790449160047,4,4,4,4,4,4,4,4,4,4,90.54214477539063,83.93893432617188,83.02375030517578,88.42280578613281,76.17493438720703,90.43449401855469,90.90625,15.000000953674316,4.761904716491699,0,4.545454502105713,0,0,5,0,0,0,29.459325790405273,25769803776,2147483648,15754035200,790495232
203,1790449160250,4,4,4,4,4,4,4,4,4,4,91.51162719726563,84.79229736328125,83.77236938476563,89.34964752197266,77.10264587402344,91.31328582763672,92.078125,15.000000953674316,5,9.523809432983398,5,0,0,0,0,0,0,29.459325790405273,25769803776,2147483648,15754084352,790495232
201,1790449160454,4,4,4,4,4,4,4,4,4,4,91.51162719726563,84.79229736328125,83.77236938476563,89.34964752197266,77.10264587402344,91.31328582763672,92.078125,19.047618865966797,5,5,0,0,0,9.523809432983398,0,0,0,29.459325790405273,25769803776,2147483648,15754084352,790495232
204,1790449160656,4,4,4,4,4,4,4,4,4,4,91.51162719726563,84.79229736328125,83.77236938476563,89.34964752197266,77.10264587402344,91.31328582763672,92.078125,40,36.842105865478516,15.000000953674316,10,0,0,5,0,0,0,29.539457321166992,25769803776,2147483648,15754084352,790495232
204,1790449160861,4,4,4,4,4,4,4,4,4,4,91.51162719726563,84.79229736328125,83.77236938476563,89.34964752197266,77.10264587402344,91.31328582763672,92.078125,15.000000953674316,36.3636360168457,4.761904716491699,4.761904716491699,0,4.761904716491699,5,0,0,0,29.539457321166992,25769803776,2147483648,15754084352,790495232
204,1790449161066,4,4,4,4,4,4,4,4,4,4,91.51162719726563,84.79229736328125,83.77236938476563,89.34964752197266,77.10264587402344,91.31328582763672,92.078125,14.285715103149414,5,0,4.761904716491699,0,0,4.545454502105713,0,0,0,29.539457321166992,25769803776,2147483648,15756427264,790495232
202,1790449161271,4,4,4,4,4,4,4,4,4,4,92.3189468383789,85.65753173828125,84.69282531738281,90.2151107788086,77.90035247802734,92.20620727539063,92.78125,10,9.523809432983398,4.761904716491699,0,0,0,5,0,0,0,29.539457321166992,25769803776,2147483648,15754592256,790495232
204,1790449161475,4,4,4,4,4,4,4,4,4,4,92.3189468383789,85.65753173828125,84.69282531738281,90.2151107788086,77.90035247802734,92.20620727539063,92.78125,55,42.85714340209961,21.052631378173828,15.000000953674316,14.285715103149414,5,5,0,0,0,29.539457321166992,25769803776,2147483648,15754592256,790495232
204,1790449161680,4,4,4,4,4,4,4,4,4,4,92.3189468383789,85.65753173828125,84.69282531738281,90.2151107788086,77.90035247802734,92.20620727539063,92.78125,20,0,9.090909004211426,0,0,0,4.761904716491699,0,0,0,29.5526180267334,25769803776,2147483648,15754592256,790495232
203,1790449161885,4,4,4,4,4,4,4,4,4,4,92.3189468383789,85.65753173828125,84.69282531738281,90.2151107788086,77.90035247802734,92.20620727539063,92.78125,23.809524536132813,9.523809432983398,0,4.761904716491699,0,9.090909004211426,0,5,0,0,29.5526180267334,25769803776,2147483648,15754592256,790495232
200,1790449162089,4,4,4,4,4,4,4,4,4,4,92.3189468383789,85.65753173828125,84.69282531738281,90.2151107788086,77.90035247802734,92.20620727539063,92.78125,10,5,0,0,0,0,5,0,0,0,29.5526180267334,25769803776,2147483648,15756345344,790495232
204,1790449162290,4,4,4,4,4,4,4,4,4,4,93.04035186767578,86.55640411376953,85.51338958740234,90.94136810302734,78.71492004394531,92.99624633789063,93.25,19.047618865966797,5,4.761904716491699,0,0,0,9.523809432983398,5,0,0,29.5526180267334,25769803776,2147483648,15756296192,790495232
204,1790449162495,4,4,4,4,4,4,4,4,4,4,93.04035186767578,86.55640411376953,85.51338958740234,90.94136810302734,78.71492004394531,92.99624633789063,93.25,10,0,0,0,0,0,10,0,0,0,29.5526180267334,25769803776,2147483648,15756279808,790495232
204,1790449162700,4,4,4,4,4,4,4,4,4,4,93.04035186767578,86.55640411376953,85.51338958740234,90.94136810302734,78.71492004394531,92.99624633789063,93.25,25,19.047618865966797,9.523809432983398,0,0,0,0,0,0,0,29.7899227142334,25769803776,2147483648,15758098432,790495232
204,1790449162905,4,4,4,4,4,4,4,4,4,4,93.04035186767578,86.55640411376953,85.51338958740234,90.94136810302734,78.71492004394531,92.99624633789063,93.25,10,0,0,0,0,0,9.090909004211426,0,0,0,29.7899227142334,25769803776,2147483648,15756197888,790495232
204,1790449163110,4,4,4,4,4,4,4,4,4,4,93.04035186767578,86.55640411376953,85.51338958740234,90.94136810302734,78.71492004394531,92.99624633789063,93.25,23.809524536132813,10,27.272727966308594,9.523809432983398,4.761904716491699,0,5,0,4.545454502105713,0,29.7899227142334,25769803776,2147483648,15763750912,790495232
204,1790449163315,4,4,4,4,4,4,4,4,4,4,93.54847717285156,87.23295593261719,86.11296844482422,91.74490356445313,79.2097396850586,93.81195068359375,93.953125,14.285715103149414,4.761904716491699,0,0,0,0,9.523809432983398,0,0,0,29.7899227142334,25769803776,2147483648,15763718144,790495232
3,1790449163520,4,4,4,4,4,4,4,4,4,4,93.54847717285156,87.23295593261719,86.11296844482422,91.74490356445313,79.2097396850586,93.81195068359375,93.953125,20,4.761904716491699,0,0,0,60.000003814697266,15.000000953674316,19.047618865966797,0,0,29.7899227142334,25769803776,2147483648,15629467648,790495232
