Delta,Time,CPU_FREQUENCY_0,CPU_FREQUENCY_1,CPU_FREQUENCY_2,CPU_FREQUENCY_3,CPU_FREQUENCY_4,CPU_FREQUENCY_5,CPU_FREQUENCY_6,CPU_FREQUENCY_7,CPU_FREQUENCY_8,CPU_FREQUENCY_9,CPU_TEMP_0,CPU_TEMP_1,CPU_TEMP_2,CPU_TEMP_3,CPU_TEMP_4,CPU_TEMP_5,CPU_TEMP_6,CPU_USAGE_0,CPU_USAGE_1,CPU_USAGE_2,CPU_USAGE_3,CPU_USAGE_4,CPU_USAGE_5,CPU_USAGE_6,CPU_USAGE_7,CPU_USAGE_8,CPU_USAGE_9,SYSTEM_POWER (Watts),TOTAL_MEMORY,TOTAL_SWAP,USED_MEMORY,USED_SWAP
0,1790719016985,4,4,4,4,4,4,4,4,4,4,61.787445068359375,62.16658020019531,61.909786224365234,61.61792755126953,54.88759231567383,62.20034408569336,69.390625,50,0,0,0,0,0,0,0,0,0,4.01690673828125,25769803776,0,17650925568,0
201,1790719016985,4,4,4,4,4,4,4,4,4,4,61.787445068359375,62.08315658569336,61.985870361328125,61.61792755126953,55.07594299316406,62.20034408569336,69.390625,NaN,0,NaN,NaN,NaN,0,NaN,NaN,NaN,NaN,4.01690673828125,25769803776,0,17650925568,0
203,1790719017187,4,4,4,4,4,4,4,4,4,4,61.350276947021484,62.08315658569336,61.985870361328125,61.395957946777344,55.07594299316406,62.0574951171875,68.90625,9.523809432983398,5,0,0,0,0,5,35,0,0,4.01690673828125,25769803776,0,17650925568,0
201,1790719017391,4,4,4,4,4,4,4,4,4,4,61.350276947021484,62.08315658569336,61.985870361328125,61.395957946777344,55.07594299316406,62.0574951171875,68.90625,0,0,0,0,0,0,0,9.523809432983398,0,0,4.01690673828125,25769803776,0,17650925568,0
202,1790719017593,4,4,4,4,4,4,4,4,4,4,61.350276947021484,62.08315658569336,61.985870361328125,61.395957946777344,55.07594299316406,62.0574951171875,68.90625,4.761904716491699,4.761904716491699,4.761904716491699,0,0,0,4.761904716491699,5,0,0,3.998249053955078,25769803776,0,17650925568,0
202,1790719017796,4,4,4,4,4,4,4,4,4,4,61.350276947021484,62.08315658569336,61.985870361328125,61.395957946777344,55.07594299316406,62.0574951171875,68.90625,0,0,0,0,0,0,5,0,0,0,3.998249053955078,25769803776,0,17650368512,0
209,1790719017999,4,4,4,4,4,4,4,4,4,4,69.30731964111328,65.33098602294922,65.39543151855469,67.32821655273438,58.91448974609375,68.71363830566406,76.203125,4.761904716491699,0,0,0,0,0,0,9.523809432983398,0,0,3.998249053955078,25769803776,0,17647878144,0
209,1790719018209,4,4,4,4,4,4,4,4,4,4,69.30731964111328,65.33098602294922,65.39543151855469,67.32821655273438,58.91448974609375,68.71363830566406,76.203125,9.090909004211426,0,4.761904716491699,0,0,0,4.761904716491699,4.761904716491699,4.761904716491699,0,3.998249053955078,25769803776,0,17637195776,0
209,1790719018419,4,4,4,4,4,4,4,4,4,4,69.30731964111328,65.33098602294922,65.39543151855469,67.32821655273438,58.91448974609375,68.71363830566406,76.203125,5,8.69565200805664,0,0,0,0,0,5,0,0,3.998249053955078,25769803776,0,17637195776,0
202,1790719018629,4,4,4,4,4,4,4,4,4,4,69.30731964111328,65.33098602294922,65.39543151855469,67.32821655273438,58.91448974609375,68.71363830566406,76.203125,19.047618865966797,5,4.761904716491699,4.545454502105713,0,0,4.545454502105713,4.761904716491699,0,0,14.188423156738281,25769803776,0,17637195776,0
209,1790719018831,4,4,4,4,4,4,4,4,4,4,69.30731964111328,65.33098602294922,65.39543151855469,67.32821655273438,58.91448974609375,68.71363830566406,76.203125,0,0,0,0,0,0,0,9.523809432983398,0,0,14.188423156738281,25769803776,0,17550376960,0
203,1790719019041,4,4,4,4,4,4,4,4,4,4,76.32318115234375,69.70205688476563,69.46006774902344,73.66695404052734,62.73851776123047,75.35635375976563,78.671875,28.571430206298828,30.434782028198242,18.18181800842285,4.761904716491699,22.72727394104004,4.761904716491699,0,0,0,0,14.188423156738281,25769803776,0,17547952128,0
209,1790719019245,4,4,4,4,4,4,4,4,4,4,76.32318115234375,69.70205688476563,69.46006774902344,73.66695404052734,62.73851776123047,75.35635375976563,78.671875,9.523809432983398,0,0,10,0,0,4.761904716491699,9.523809432983398,0,0,14.188423156738281,25769803776,0,17547952128,0
209,1790719019455,4,4,4,4,4,4,4,4,4,4,76.32318115234375,69.70205688476563,69.46006774902344,73.66695404052734,62.73851776123047,75.35635375976563,78.671875,15.789472579956055,23.809524536132813,9.523809432983398,9.090909004211426,9.523809432983398,4.545454502105713,0,5,4.545454502105713,0,14.188423156738281,25769803776,0,17547952128,0
209,1790719019665,4,4,4,4,4,4,4,4,4,4,76.32318115234375,69.70205688476563,69.46006774902344,73.66695404052734,62.73851776123047,75.35635375976563,78.671875,8.69565200805664,0,0,0,0,0,0,9.090909004211426,0,0,28.980754852294922,25769803776,0,17547952128,0
209,1790719019875,4,4,4,4,4,4,4,4,4,4,76.32318115234375,69.70205688476563,69.46006774902344,73.66695404052734,62.73851776123047,75.35635375976563,78.671875,0,4.761904716491699,0,0,0,0,0,4.761904716491699,4.761904716491699,0,28.980754852294922,25769803776,0,17535582208,0
209,1790719020085,4,4,4,4,4,4,4,4,4,4,79.06129455566406,72.81061553955078,72.59612274169922,76.92438507080078,65.878173828125,78.88140869140625,83.03125,9.090909004211426,4.761904716491699,4.545454502105713,0,0,4.545454502105713,0,9.523809432983398,0,0,28.980754852294922,25769803776,0,17536286720,0
209,1790719020295,4,4,4,4,4,4,4,4,4,4,79.06129455566406,72.81061553955078,72.59612274169922,76.92438507080078,65.878173828125,78.88140869140625,83.03125,4.761904716491699,0,0,0,0,0,0,4.761904716491699,0,0,28.980754852294922,25769803776,0,17536286720,0
209,1790719020505,4,4,4,4,4,4,4,4,4,4,79.06129455566406,72.81061553955078,72.59612274169922,76.92438507080078,65.878173828125,78.88140869140625,83.03125,0,0,0,0,0,0,4.545454502105713,9.523809432983398,0,0,29.912044525146484,25769803776,0,17536434176,0
209,1790719020715,4,4,4,4,4,4,4,4,4,4,79.06129455566406,72.81061553955078,72.59612274169922,76.92438507080078,65.878173828125,78.88140869140625,83.03125,0,4.545454502105713,0,0,0,0,0,0,0,0,29.912044525146484,25769803776,0,17536434176,0
209,1790719020925,4,4,4,4,4,4,4,4,4,4,79.06129455566406,72.81061553955078,72.59612274169922,76.92438507080078,65.878173828125,78.88140869140625,83.03125,4.761904716491699,0,0,0,0,0,0,9.090909004211426,0,0,29.912044525146484,25769803776,0,17536450560,0
209,1790719021135,4,4,4,4,4,4,4,4,4,4,81.66800689697266,74.93580627441406,74.57454681396484,79.14154815673828,67.92096710205078,81.20763397216797,85.140625,4.761904716491699,4.761904716491699,4.761904716491699,0,0,0,0,5,4.545454502105713,0,29.912044525146484,25769803776,0,17536532480,0
209,1790719021345,4,4,4,4,4,4,4,4,4,4,81.66800689697266,74.93580627441406,74.57454681396484,79.14154815673828,67.92096710205078,81.20763397216797,85.140625,10,9.523809432983398,4.761904716491699,0,0,0,9.523809432983398,13.636363983154297,4.761904716491699,0,29.912044525146484,25769803776,0,17536532480,0
209,1790719021555,4,4,4,4,4,4,4,4,4,4,81.66800689697266,74.93580627441406,74.57454681396484,79.14154815673828,67.92096710205078,81.20763397216797,85.140625,13.636363983154297,4.761904716491699,0,8.69565200805664,0,0,4.761904716491699,5,0,4.545454502105713,30.316829681396484,25769803776,0,17536532480,0
209,1790719021765,4,4,4,4,4,4,4,4,4,4,81.66800689697266,74.93580627441406,74.57454681396484,79.14154815673828,67.92096710205078,81.20763397216797,85.140625,9.523809432983398,4.761904716491699,0,0,0,0,0,9.090909004211426,0,0,30.316829681396484,25769803776,0,17536532480,0
209,1790719021975,4,4,4,4,4,4,4,4,4,4,81.66800689697266,74.93580627441406,74.57454681396484,79.14154815673828,67.92096710205078,81.20763397216797,85.140625,0,0,4.545454502105713,0,0,0,0,4.761904716491699,0,0,30.316829681396484,25769803776,0,17555046400,0
209,1790719022185,4,4,4,4,4,4,4,4,4,4,83.32412719726563,76.88894653320313,76.4765625,80.7974853515625,69.94408416748047,82.91730499267578,85.15625,9.090909004211426,9.090909004211426,4.545454502105713,0,0,0,0,9.523809432983398,0,0,30.316829681396484,25769803776,0,17555030016,0
209,1790719022395,4,4,4,4,4,4,4,4,4,4,83.32412719726563,76.88894653320313,76.4765625,80.7974853515625,69.94408416748047,82.91730499267578,85.15625,0,0,0,0,0,0,4.545454502105713,4.761904716491699,4.545454502105713,0,30.316829681396484,25769803776,0,17555046400,0
209,1790719022605,4,4,4,4,4,4,4,4,4,4,83.32412719726563,76.88894653320313,76.4765625,80.7974853515625,69.94408416748047,82.91730499267578,85.15625,9.523809432983398,4.761904716491699,0,0,0,0,0,9.523809432983398,0,0,30.371807098388672,25769803776,0,17555144704,0
209,1790719022815,4,4,4,4,4,4,4,4,4,4,83.32412719726563,76.88894653320313,76.4765625,80.7974853515625,69.94408416748047,82.91730499267578,85.15625,0,0,0,0,0,0,0,4.761904716491699,0,0,30.371807098388672,25769803776,0,17555144704,0
209,1790719023025,4,4,4,4,4,4,4,4,4,4,83.24069213867188,77.66138458251953,77.15078735351563,80.97938537597656,70.67552947998047,82.91475677490234,83.859375,4.761904716491699,0,0,0,0,0,0,9.523809432983398,0,0,30.371807098388672,25769803776,0,17555161088,0
209,1790719023235,4,4,4,4,4,4,4,4,4,4,83.24069213867188,77.66138458251953,77.15078735351563,80.97938537597656,70.67552947998047,82.91475677490234,83.859375,0,4.545454502105713,0,0,0,0,0,0,0,0,30.371807098388672,25769803776,0,17555161088,0
206,1790719023445,4,4,4,4,4,4,4,4,4,4,83.24069213867188,77.66138458251953,77.15078735351563,80.97938537597656,70.67552947998047,82.91475677490234,83.859375,9.523809432983398,5,0,0,0,0,0,9.523809432983398,0,0,30.371807098388672,25769803776,0,17555161088,0
209,1790719023651,4,4,4,4,4,4,4,4,4,4,83.24069213867188,77.66138458251953,77.15078735351563,80.97938537597656,70.67552947998047,82.91475677490234,83.859375,20,33.333335876464844,9.090909004211426,0,0,0,4.545454502105713,4.761904716491699,4.761904716491699,0,29.298725128173828,25769803776,0,17555161088,0
202,1790719023861,4,4,4,4,4,4,4,4,4,4,83.24069213867188,77.66138458251953,77.15078735351563,80.97938537597656,70.67552947998047,82.91475677490234,83.859375,13.636363983154297,13.636363983154297,5,5,4.761904716491699,0,0,4.761904716491699,0,0,29.298725128173828,25769803776,0,17555161088,0
209,1790719024064,4,4,4,4,4,4,4,4,4,4,78.41503143310547,76.23407745361328,75.9712142944336,76.97911834716797,69.2305908203125,78.32767486572266,82.90625,30.000001907348633,31.57894515991211,9.523809432983398,9.523809432983398,4.761904716491699,0,5,0,0,0,29.298725128173828,25769803776,0,17557979136,0
209,1790719024274,4,4,4,4,4,4,4,4,4,4,78.41503143310547,76.23407745361328,75.9712142944336,76.97911834716797,69.2305908203125,78.32767486572266,82.90625,80,14.285715103149414,9.523809432983398,18.18181800842285,19.047618865966797,9.090909004211426,0,9.090909004211426,4.545454502105713,0,29.298725128173828,25769803776,0,17556799488,0
203,1790719024484,4,4,4,4,4,4,4,4,4,4,78.41503143310547,76.23407745361328,75.9712142944336,76.97911834716797,69.2305908203125,78.32767486572266,82.90625,95.45454406738281,4.761904716491699,0,0,0,0,0,0,0,0,29.298725128173828,25769803776,0,17556799488,0
209,1790719024688,4,4,4,4,4,4,4,4,4,4,78.41503143310547,76.23407745361328,75.9712142944336,76.97911834716797,69.2305908203125,78.32767486572266,82.90625,5,0,0,0,0,100,0,9.523809432983398,0,0,20.034412384033203,25769803776,0,17556799488,0
209,1790719024898,4,4,4,4,4,4,4,4,4,4,78.41503143310547,76.23407745361328,75.9712142944336,76.97911834716797,69.2305908203125,78.32767486572266,82.90625,4.761904716491699,0,4.545454502105713,0,0,100,0,4.761904716491699,4.545454502105713,0,20.034412384033203,25769803776,0,17556799488,0
209,1790719025108,4,4,4,4,4,4,4,4,4,4,74.23399353027344,73.17178344726563,73.33765411376953,72.86043548583984,66.41728973388672,73.74312591552734,77.484375,23.809524536132813,8.69565200805664,47.619049072265625,0,23.809524536132813,13.636363983154297,0,4.761904716491699,0,0,20.034412384033203,25769803776,0,17546264576,0
209,1790719025318,4,4,4,4,4,4,4,4,4,4,74.23399353027344,73.17178344726563,73.33765411376953,72.86043548583984,66.41728973388672,73.74312591552734,77.484375,20,50,38.095237731933594,0,0,0,4.545454502105713,9.523809432983398,0,0,20.034412384033203,25769803776,0,17546280960,0
204,1790719025528,4,4,4,4,4,4,4,4,4,4,74.23399353027344,73.17178344726563,73.33765411376953,72.86043548583984,66.41728973388672,73.74312591552734,77.484375,86.36363983154297,19.047618865966797,4.761904716491699,0,0,0,0,4.761904716491699,0,0,7.209705352783203,25769803776,0,17546280960,0
209,1790719025733,4,4,4,4,4,4,4,4,4,4,74.23399353027344,73.17178344726563,73.33765411376953,72.86043548583984,66.41728973388672,73.74312591552734,77.484375,5.263157844543457,95.23809814453125,0,0,0,0,4.761904716491699,9.523809432983398,0,0,7.209705352783203,25769803776,0,17546280960,0
209,1790719025943,4,4,4,4,4,4,4,4,4,4,74.23399353027344,73.17178344726563,73.33765411376953,72.86043548583984,66.41728973388672,73.74312591552734,77.484375,63.6363639831543,0,0,4.545454502105713,38.095237731933594,0,0,0,0,0,7.209705352783203,25769803776,0,17546280960,0
209,1790719026153,4,4,4,4,4,4,4,4,4,4,73.9207534790039,72.27410125732422,72.31381225585938,72.40543365478516,65.38101196289063,73.36270141601563,76.0625,5,9.090909004211426,4.545454502105713,4.761904716491699,95.23809814453125,0,0,9.523809432983398,0,0,7.209705352783203,25769803776,0,17546313728,0
204,1790719026363,4,4,4,4,4,4,4,4,4,4,73.9207534790039,72.27410125732422,72.31381225585938,72.40543365478516,65.38101196289063,73.36270141601563,76.0625,59.09090805053711,10,4.761904716491699,0,33.333335876464844,0,0,4.761904716491699,0,0,7.209705352783203,25769803776,0,17546264576,0
209,1790719026567,4,4,4,4,4,4,4,4,4,4,73.9207534790039,72.27410125732422,72.31381225585938,72.40543365478516,65.38101196289063,73.36270141601563,76.0625,70,30.000001907348633,0,0,0,0,0,5,0,0,10.901596069335938,25769803776,0,17548591104,0
209,1790719026777,4,4,4,4,4,4,4,4,4,4,73.9207534790039,72.27410125732422,72.31381225585938,72.40543365478516,65.38101196289063,73.36270141601563,76.0625,57.142860412597656,38.095237731933594,13.636363983154297,0,4.545454502105713,0,0,9.090909004211426,4.545454502105713,0,10.901596069335938,25769803776,0,17561600000,0
209,1790719026987,4,4,4,4,4,4,4,4,4,4,74.2038345336914,72.21470642089844,72.28134155273438,72.54215240478516,65.37005615234375,73.63661193847656,76.0625,4.761904716491699,100,0,0,0,0,0,4.761904716491699,0,0,10.901596069335938,25769803776,0,17561600000,0
209,1790719027197,4,4,4,4,4,4,4,4,4,4,74.2038345336914,72.21470642089844,72.28134155273438,72.54215240478516,65.37005615234375,73.63661193847656,76.0625,38.095237731933594,52.38095474243164,27.272727966308594,38.095237731933594,4.761904716491699,4.545454502105713,4.545454502105713,9.523809432983398,0,0,10.901596069335938,25769803776,0,17577459712,0
209,1790719027407,4,4,4,4,4,4,4,4,4,4,74.2038345336914,72.21470642089844,72.28134155273438,72.54215240478516,65.37005615234375,73.63661193847656,76.0625,60.000003814697266,50,5,4.761904716491699,0,0,0,4.761904716491699,0,0,10.901596069335938,25769803776,0,17580294144,0
209,1790719027617,4,4,4,4,4,4,4,4,4,4,74.2038345336914,72.21470642089844,72.28134155273438,72.54215240478516,65.37005615234375,73.63661193847656,76.0625,63.6363639831543,23.809524536132813,13.636363983154297,0,0,9.523809432983398,4.545454502105713,4.761904716491699,0,0,14.059795379638672,25769803776,0,17580572672,0
209,1790719027827,4,4,4,4,4,4,4,4,4,4,74.2038345336914,72.21470642089844,72.28134155273438,72.54215240478516,65.37005615234375,73.63661193847656,76.0625,25,5,15.000000953674316,0,0,55,0,5,0,0,14.059795379638672,25769803776,0,17580572672,0
209,1790719028037,4,4,4,4,4,4,4,4,4,4,73.92662811279297,71.96012878417969,72.01708984375,72.34657287597656,64.95719146728516,73.36632537841797,77.015625,61.904762268066406,47.619049072265625,9.523809432983398,0,0,0,0,4.761904716491699,0,0,14.059795379638672,25769803776,0,17580572672,0
209,1790719028247,4,4,4,4,4,4,4,4,4,4,73.92662811279297,71.96012878417969,72.01708984375,72.34657287597656,64.95719146728516,73.36632537841797,77.015625,72.7272720336914,28.571430206298828,4.545454502105713,0,4.545454502105713,0,0,9.523809432983398,0,0,14.059795379638672,25769803776,0,17564057600,0
209,1790719028457,4,4,4,4,4,4,4,4,4,4,73.92662811279297,71.96012878417969,72.01708984375,72.34657287597656,64.95719146728516,73.36632537841797,77.015625,38.095237731933594,57.142860412597656,10,4.761904716491699,0,0,0,4.545454502105713,0,0,14.059795379638672,25769803776,0,17564499968,0
203,1790719028667,4,4,4,4,4,4,4,4,4,4,73.92662811279297,71.96012878417969,72.01708984375,72.34657287597656,64.95719146728516,73.36632537841797,77.015625,0,100,0,0,0,0,0,0,9.090909004211426,0,13.803009033203125,25769803776,0,17562632192,0
209,1790719028871,4,4,4,4,4,4,4,4,4,4,73.92662811279297,71.96012878417969,72.01708984375,72.34657287597656,64.95719146728516,73.36632537841797,77.015625,5,100,0,0,0,0,9.523809432983398,4.761904716491699,0,0,13.803009033203125,25769803776,0,17562583040,0
209,1790719029081,4,4,4,4,4,4,4,4,4,4,73.50541687011719,71.7767333984375,71.798583984375,71.93586730957031,64.67471313476563,73.05720520019531,75.828125,0,4.761904716491699,68.18181610107422,28.571430206298828,0,0,0,4.761904716491699,0,0,13.803009033203125,25769803776,0,17562583040,0
209,1790719029291,4,4,4,4,4,4,4,4,4,4,73.50541687011719,71.7767333984375,71.798583984375,71.93586730957031,64.67471313476563,73.05720520019531,75.828125,25,52.38095474243164,0,31.81818199157715,0,0,0,4.761904716491699,0,0,13.803009033203125,25769803776,0,17556455424,0
209,1790719029501,4,4,4,4,4,4,4,4,4,4,73.50541687011719,71.7767333984375,71.798583984375,71.93586730957031,64.67471313476563,73.05720520019531,75.828125,86.36363983154297,14.285715103149414,0,0,0,4.545454502105713,0,9.523809432983398,0,0,13.06655502319336,25769803776,0,17550704640,0
209,1790719029711,4,4,4,4,4,4,4,4,4,4,73.50541687011719,71.7767333984375,71.798583984375,71.93586730957031,64.67471313476563,73.05720520019531,75.828125,100,0,8.69565200805664,0,0,0,0,4.761904716491699,0,0,13.06655502319336,25769803776,0,17547788288,0
209,1790719029921,4,4,4,4,4,4,4,4,4,4,73.50541687011719,71.7767333984375,71.798583984375,71.93586730957031,64.67471313476563,73.05720520019531,75.828125,9.090909004211426,95.45454406738281,0,0,0,0,0,4.761904716491699,0,0,13.06655502319336,25769803776,0,17547673600,0
209,1790719030131,4,4,4,4,4,4,4,4,4,4,73.2787094116211,71.46214294433594,71.62238311767578,71.7924575805664,64.53092956542969,72.8465805053711,75.359375,0,100,0,0,0,0,4.545454502105713,5,0,0,13.06655502319336,25769803776,0,17547689984,0
205,1790719030341,4,4,4,4,4,4,4,4,4,4,73.2787094116211,71.46214294433594,71.62238311767578,71.7924575805664,64.53092956542969,72.8465805053711,75.359375,55,52.38095474243164,0,0,0,0,0,9.090909004211426,0,0,13.06655502319336,25769803776,0,17547771904,0
209,1790719030547,4,4,4,4,4,4,4,4,4,4,73.2787094116211,71.46214294433594,71.62238311767578,71.7924575805664,64.53092956542969,72.8465805053711,75.359375,33.333335876464844,47.619049072265625,18.18181800842285,15.000000953674316,0,0,0,5,4.761904716491699,0,12.98660659790039,25769803776,0,17548820480,0
209,1790719030757,4,4,4,4,4,4,4,4,4,4,73.2787094116211,71.46214294433594,71.62238311767578,71.7924575805664,64.53092956542969,72.8465805053711,75.359375,52.38095474243164,42.85714340209961,19.047618865966797,4.761904716491699,4.545454502105713,9.090909004211426,4.761904716491699,9.090909004211426,0,4.545454502105713,12.98660659790039,25769803776,0,17545150464,0
203,1790719030967,4,4,4,4,4,4,4,4,4,4,73.2787094116211,71.46214294433594,71.62238311767578,71.7924575805664,64.53092956542969,72.8465805053711,75.359375,66.66667175292969,28.571430206298828,4.761904716491699,9.090909004211426,0,0,0,0,0,0,12.98660659790039,25769803776,0,17546100736,0
209,1790719031170,4,4,4,4,4,4,4,4,4,4,73.17086791992188,71.36971282958984,71.58014678955078,71.71736145019531,64.60684967041016,72.75170135498047,76.671875,75,26.3157901763916,0,0,0,0,0,5,0,0,12.98660659790039,25769803776,0,17546100736,0
209,1790719031381,4,4,4,4,4,4,4,4,4,4,73.17086791992188,71.36971282958984,71.58014678955078,71.71736145019531,64.60684967041016,72.75170135498047,76.671875,42.85714340209961,59.09090805053711,10,0,0,0,0,9.090909004211426,0,0,12.98660659790039,25769803776,0,17545347072,0
209,1790719031590,4,4,4,4,4,4,4,4,4,4,73.17086791992188,71.36971282958984,71.58014678955078,71.71736145019531,64.60684967041016,72.75170135498047,76.671875,38.095237731933594,61.904762268066406,0,4.545454502105713,0,4.545454502105713,4.545454502105713,5,0,0,13.19113540649414,25769803776,0,17545281536,0
209,1790719031800,4,4,4,4,4,4,4,4,4,4,73.17086791992188,71.36971282958984,71.58014678955078,71.71736145019531,64.60684967041016,72.75170135498047,76.671875,33.333335876464844,61.904762268066406,9.090909004211426,0,0,5,0,9.090909004211426,0,0,13.19113540649414,25769803776,0,17545560064,0
203,1790719032010,4,4,4,4,4,4,4,4,4,4,73.00061798095703,71.2386703491211,71.3143081665039,71.47651672363281,64.33829498291016,72.59197235107422,75.125,9.090909004211426,95.23809814453125,5,0,0,0,0,4.761904716491699,0,0,13.19113540649414,25769803776,0,17545560064,0
209,1790719032214,4,4,4,4,4,4,4,4,4,4,73.00061798095703,71.2386703491211,71.3143081665039,71.47651672363281,64.33829498291016,72.59197235107422,75.125,42.105262756347656,50,38.095237731933594,19.047618865966797,20,10,0,0,0,0,13.19113540649414,25769803776,0,17545560064,0
209,1790719032424,4,4,4,4,4,4,4,4,4,4,73.00061798095703,71.2386703491211,71.3143081665039,71.47651672363281,64.33829498291016,72.59197235107422,75.125,13.636363983154297,9.523809432983398,47.619049072265625,4.761904716491699,4.761904716491699,54.54545593261719,0,9.090909004211426,0,0,13.19113540649414,25769803776,0,17602199552,0
209,1790719032634,4,4,4,4,4,4,4,4,4,4,73.00061798095703,71.2386703491211,71.3143081665039,71.47651672363281,64.33829498291016,72.59197235107422,75.125,25,30.000001907348633,28.571430206298828,4.761904716491699,40.90909194946289,0,9.090909004211426,0,0,0,13.172985076904297,25769803776,0,17602265088,0
209,1790719032844,4,4,4,4,4,4,4,4,4,4,73.00061798095703,71.2386703491211,71.3143081665039,71.47651672363281,64.33829498291016,72.59197235107422,75.125,22.72727394104004,28.571430206298828,33.333335876464844,10,4.761904716491699,25,0,4.761904716491699,4.761904716491699,0,13.172985076904297,25769803776,0,17602396160,0
202,1790719033054,4,4,4,4,4,4,4,4,4,4,72.55714416503906,71.11112213134766,71.15657043457031,71.08233642578125,64.17276000976563,72.19170379638672,74.890625,0,4.761904716491699,0,100,0,0,0,9.090909004211426,0,0,13.172985076904297,25769803776,0,17602396160,0
209,1790719033257,4,4,4,4,4,4,4,4,4,4,72.55714416503906,71.11112213134766,71.15657043457031,71.08233642578125,64.17276000976563,72.19170379638672,74.890625,75,9.090909004211426,28.571430206298828,14.285715103149414,0,0,0,0,4.761904716491699,0,13.172985076904297,25769803776,0,17602396160,0
209,1790719033467,4,4,4,4,4,4,4,4,4,4,72.55714416503906,71.11112213134766,71.15657043457031,71.08233642578125,64.17276000976563,72.19170379638672,74.890625,76.19047546386719,21.052631378173828,0,0,0,0,0,4.761904716491699,0,0,13.172985076904297,25769803776,0,17583898624,0
209,1790719033677,4,4,4,4,4,4,4,4,4,4,72.55714416503906,71.11112213134766,71.15657043457031,71.08233642578125,64.17276000976563,72.19170379638672,74.890625,23.809524536132813,81.81818389892578,9.090909004211426,0,0,0,4.545454502105713,9.523809432983398,0,0,12.525955200195313,25769803776,0,17586061312,0
209,1790719033887,4,4,4,4,4,4,4,4,4,4,72.55714416503906,71.11112213134766,71.15657043457031,71.08233642578125,64.17276000976563,72.19170379638672,74.890625,80.95238494873047,20,0,0,0,0,0,4.761904716491699,0,0,12.525955200195313,25769803776,0,17582866432,0
209,1790719034097,4,4,4,4,4,4,4,4,4,4,72.90055084228516,71.0544662475586,71.18794250488281,71.31676483154297,64.28607177734375,72.5268325805664,74.890625,61.904762268066406,42.85714340209961,9.523809432983398,0,0,0,0,9.090909004211426,0,0,12.525955200195313,25769803776,0,17550557184,0
209,1790719034307,4,4,4,4,4,4,4,4,4,4,72.90055084228516,71.0544662475586,71.18794250488281,71.31676483154297,64.28607177734375,72.5268325805664,74.890625,76.19047546386719,14.285715103149414,0,68.18181610107422,22.72727394104004,0,0,5,4.545454502105713,0,12.525955200195313,25769803776,0,17550557184,0
203,1790719034517,4,4,4,4,4,4,4,4,4,4,72.90055084228516,71.0544662475586,71.18794250488281,71.31676483154297,64.28607177734375,72.5268325805664,74.890625,75,31.81818199157715,9.090909004211426,0,0,9.090909004211426,0,4.761904716491699,0,0,14.698783874511719,25769803776,0,17537695744,0
209,1790719034720,4,4,4,4,4,4,4,4,4,4,72.90055084228516,71.0544662475586,71.18794250488281,71.31676483154297,64.28607177734375,72.5268325805664,74.890625,42.85714340209961,63.15789031982422,9.523809432983398,0,0,0,4.761904716491699,5,0,0,14.698783874511719,25769803776,0,17538236416,0
209,1790719034930,4,4,4,4,4,4,4,4,4,4,72.90055084228516,71.0544662475586,71.18794250488281,71.31676483154297,64.28607177734375,72.5268325805664,74.890625,57.142860412597656,23.809524536132813,20,4.545454502105713,0,0,0,4.761904716491699,0,0,14.698783874511719,25769803776,0,17538236416,0
209,1790719035140,4,4,4,4,4,4,4,4,4,4,72.9029541015625,71.17951965332031,71.28276062011719,71.33893585205078,64.33029174804688,72.54656982421875,74.890625,47.619049072265625,52.38095474243164,28.571430206298828,0,4.761904716491699,19.047618865966797,0,9.523809432983398,0,0,14.698783874511719,25769803776,0,17538236416,0
209,1790719035350,4,4,4,4,4,4,4,4,4,4,72.9029541015625,71.17951965332031,71.28276062011719,71.33893585205078,64.33029174804688,72.54656982421875,74.890625,4.761904716491699,0,90.90909576416016,9.090909004211426,0,5,0,4.761904716491699,0,0,14.698783874511719,25769803776,0,17538236416,0
209,1790719035560,4,4,4,4,4,4,4,4,4,4,72.9029541015625,71.17951965332031,71.28276062011719,71.33893585205078,64.33029174804688,72.54656982421875,74.890625,9.523809432983398,18.18181800842285,95,5,0,0,0,9.090909004211426,4.545454502105713,0,15.678165435791016,25769803776,0,17539563520,0
209,1790719035770,4,4,4,4,4,4,4,4,4,4,72.9029541015625,71.17951965332031,71.28276062011719,71.33893585205078,64.33029174804688,72.54656982421875,74.890625,40,40,47.619049072265625,13.636363983154297,9.523809432983398,4.545454502105713,4.545454502105713,0,0,0,15.678165435791016,25769803776,0,17540317184,0
209,1790719035980,4,4,4,4,4,4,4,4,4,4,72.9029541015625,71.17951965332031,71.28276062011719,71.33893585205078,64.33029174804688,72.54656982421875,74.890625,27.272727966308594,80.95238494873047,0,0,0,4.761904716491699,0,9.090909004211426,0,0,15.678165435791016,25769803776,0,17540251648,0
209,1790719036190,4,4,4,4,4,4,4,4,4,4,72.65231323242188,71.07020568847656,71.2187271118164,71.13749694824219,64.29605865478516,72.35159301757813,74.640625,0,23.809524536132813,77.2727279663086,0,0,0,0,5,0,0,15.678165435791016,25769803776,0,17540251648,0
209,1790719036400,4,4,4,4,4,4,4,4,4,4,72.65231323242188,71.07020568847656,71.2187271118164,71.13749694824219,64.29605865478516,72.35159301757813,74.640625,4.761904716491699,0,100,0,0,0,4.761904716491699,4.761904716491699,0,0,15.678165435791016,25769803776,0,17540251648,0
200,1790719036610,4,4,4,4,4,4,4,4,4,4,72.65231323242188,71.07020568847656,71.2187271118164,71.13749694824219,64.29605865478516,72.35159301757813,74.640625,66.66667175292969,18.18181800842285,28.571430206298828,4.545454502105713,0,0,0,9.090909004211426,0,0,13.776741027832031,25769803776,0,17540497408,0
209,1790719036811,4,4,4,4,4,4,4,4,4,4,72.65231323242188,71.07020568847656,71.2187271118164,71.13749694824219,64.29605865478516,72.35159301757813,74.640625,60.000003814697266,42.105262756347656,5,0,4.761904716491699,0,0,0,4.761904716491699,0,13.776741027832031,25769803776,0,17545707520,0
206,1790719037021,4,4,4,4,4,4,4,4,4,4,72.62501525878906,70.80480194091797,70.82743072509766,71.08484649658203,63.8004150390625,72.30765533447266,75.125,85.71428680419922,22.72727394104004,0,4.545454502105713,0,0,0,0,5,0,13.776741027832031,25769803776,0,17540595712,0
209,1790719037227,4,4,4,4,4,4,4,4,4,4,72.62501525878906,70.80480194091797,70.82743072509766,71.08484649658203,63.8004150390625,72.30765533447266,75.125,52.38095474243164,57.142860412597656,9.523809432983398,0,0,0,0,5,4.545454502105713,0,13.776741027832031,25769803776,0,17540612096,0
201,1790719037437,4,4,4,4,4,4,4,4,4,4,72.62501525878906,70.80480194091797,70.82743072509766,71.08484649658203,63.8004150390625,72.30765533447266,75.125,76.19047546386719,25,0,4.545454502105713,0,0,4.545454502105713,5,0,0,13.776741027832031,25769803776,0,17540612096,0
202,1790719037639,4,4,4,4,4,4,4,4,4,4,72.62501525878906,70.80480194091797,70.82743072509766,71.08484649658203,63.8004150390625,72.30765533447266,75.125,68.42105102539063,40,10,0,0,0,0,5,0,0,13.028068542480469,25769803776,0,17540317184,0
202,1790719037842,4,4,4,4,4,4,4,4,4,4,72.62501525878906,70.80480194091797,70.82743072509766,71.08484649658203,63.8004150390625,72.30765533447266,75.125,38.095237731933594,55,15.000000953674316,0,0,0,0,9.523809432983398,0,0,13.028068542480469,25769803776,0,17540284416,0
202,1790719038045,4,4,4,4,4,4,4,4,4,4,72.47193908691406,70.80216217041016,71.03852081298828,71.02607727050781,64.13201904296875,72.10618591308594,74.640625,60.000003814697266,40,9.523809432983398,9.523809432983398,0,0,0,5,0,0,13.028068542480469,25769803776,0,17540710400,0
209,1790719038248,4,4,4,4,4,4,4,4,4,4,72.47193908691406,70.80216217041016,71.03852081298828,71.02607727050781,64.13201904296875,72.10618591308594,74.640625,20,27.272727966308594,25,0,35,0,0,9.523809432983398,0,0,13.028068542480469,25769803776,0,17540710400,0
209,1790719038458,4,4,4,4,4,4,4,4,4,4,72.47193908691406,70.80216217041016,71.03852081298828,71.02607727050781,64.13201904296875,72.10618591308594,74.640625,4.761904716491699,100,0,0,0,0,4.545454502105713,4.761904716491699,0,0,13.028068542480469,25769803776,0,17540710400,0
203,1790719038668,4,4,4,4,4,4,4,4,4,4,72.47193908691406,70.80216217041016,71.03852081298828,71.02607727050781,64.13201904296875,72.10618591308594,74.640625,0,100,4.545454502105713,0,0,0,0,4.761904716491699,0,0,13.112762451171875,25769803776,0,17540612096,0
209,1790719038871,4,4,4,4,4,4,4,4,4,4,72.47193908691406,70.80216217041016,71.03852081298828,71.02607727050781,64.13201904296875,72.10618591308594,74.640625,5,100,0,4.761904716491699,4.761904716491699,5,0,5,4.761904716491699,0,13.112762451171875,25769803776,0,17540628480,0
209,1790719039081,4,4,4,4,4,4,4,4,4,4,72.42031860351563,70.71519470214844,70.89984130859375,70.99139404296875,63.931640625,72.02425384521484,74.40625,71.42857360839844,22.72727394104004,10,0,0,4.761904716491699,4.761904716491699,9.523809432983398,0,0,13.112762451171875,25769803776,0,17540628480,0
203,1790719039291,4,4,4,4,4,4,4,4,4,4,72.42031860351563,70.71519470214844,70.89984130859375,70.99139404296875,63.931640625,72.02425384521484,74.40625,23.809524536132813,0,77.2727279663086,0,0,0,0,4.761904716491699,0,0,13.112762451171875,25769803776,0,17540628480,0
209,1790719039495,4,4,4,4,4,4,4,4,4,4,72.42031860351563,70.71519470214844,70.89984130859375,70.99139404296875,63.931640625,72.02425384521484,74.40625,5,0,15.000000953674316,80.95238494873047,0,0,0,9.523809432983398,0,0,12.990310668945313,25769803776,0,17540628480,0
209,1790719039705,4,4,4,4,4,4,4,4,4,4,72.42031860351563,70.71519470214844,70.89984130859375,70.99139404296875,63.931640625,72.02425384521484,74.40625,4.545454502105713,14.285715103149414,0,85.71428680419922,0,0,0,4.761904716491699,0,0,12.990310668945313,25769803776,0,17540775936,0
209,1790719039915,4,4,4,4,4,4,4,4,4,4,72.42031860351563,70.71519470214844,70.89984130859375,70.99139404296875,63.931640625,72.02425384521484,74.40625,45,42.85714340209961,23.809524536132813,0,0,0,0,5,0,0,12.990310668945313,25769803776,0,17540988928,0
209,1790719040125,4,4,4,4,4,4,4,4,4,4,72.38241577148438,70.69554901123047,70.92169952392578,70.89386749267578,64.02307891845703,71.94933319091797,74.40625,80.95238494873047,25,0,0,0,0,0,9.090909004211426,0,0,12.990310668945313,25769803776,0,17546297344,0
209,1790719040335,4,4,4,4,4,4,4,4,4,4,72.38241577148438,70.69554901123047,70.92169952392578,70.89386749267578,64.02307891845703,71.94933319091797,74.40625,57.142860412597656,50,9.523809432983398,9.090909004211426,0,4.761904716491699,0,0,0,0,12.990310668945313,25769803776,0,17540988928,0
209,1790719040545,4,4,4,4,4,4,4,4,4,4,72.38241577148438,70.69554901123047,70.92169952392578,70.89386749267578,64.02307891845703,71.94933319091797,74.40625,33.333335876464844,70,5,0,0,0,4.545454502105713,9.523809432983398,0,0,12.998085021972656,25769803776,0,17540988928,0
209,1790719040755,4,4,4,4,4,4,4,4,4,4,72.38241577148438,70.69554901123047,70.92169952392578,70.89386749267578,64.02307891845703,71.94933319091797,74.40625,33.333335876464844,71.42857360839844,0,0,0,0,4.545454502105713,0,4.545454502105713,0,12.998085021972656,25769803776,0,17541283840,0
203,1790719040965,4,4,4,4,4,4,4,4,4,4,72.38241577148438,70.69554901123047,70.92169952392578,70.89386749267578,64.02307891845703,71.94933319091797,74.40625,38.095237731933594,61.904762268066406,13.636363983154297,0,4.545454502105713,0,0,4.761904716491699,0,0,12.998085021972656,25769803776,0,17540792320,0
202,1790719041168,4,4,4,4,4,4,4,4,4,4,72.34042358398438,70.62793731689453,70.74212646484375,70.8200912475586,63.81934356689453,71.87236022949219,74.40625,85,20,0,4.761904716491699,0,0,0,5,0,0,12.998085021972656,25769803776,0,17540825088,0
202,1790719041371,4,4,4,4,4,4,4,4,4,4,72.34042358398438,70.62793731689453,70.74212646484375,70.8200912475586,63.81934356689453,71.87236022949219,74.40625,30.000001907348633,55,20,14.285715103149414,4.761904716491699,0,0,9.523809432983398,0,0,12.998085021972656,25769803776,0,17541267456,0
209,1790719041574,4,4,4,4,4,4,4,4,4,4,72.34042358398438,70.62793731689453,70.74212646484375,70.8200912475586,63.81934356689453,71.87236022949219,74.40625,0,61.904762268066406,45.45454788208008,0,0,0,0,5,4.761904716491699,0,12.94882583618164,25769803776,0,17541267456,0
209,1790719041784,4,4,4,4,4,4,4,4,4,4,72.34042358398438,70.62793731689453,70.74212646484375,70.8200912475586,63.81934356689453,71.87236022949219,74.40625,4.761904716491699,10,90.47618865966797,0,0,0,0,4.761904716491699,0,0,12.94882583618164,25769803776,0,17541300224,0
209,1790719041994,4,4,4,4,4,4,4,4,4,4,72.3543701171875,70.63451385498047,70.84158325195313,70.78828430175781,63.93798065185547,71.84493255615234,74.40625,4.761904716491699,85.71428680419922,14.285715103149414,0,0,0,0,4.761904716491699,0,0,12.94882583618164,25769803776,0,17541365760,0
204,1790719042204,4,4,4,4,4,4,4,4,4,4,72.3543701171875,70.63451385498047,70.84158325195313,70.78828430175781,63.93798065185547,71.84493255615234,74.40625,71.42857360839844,31.81818199157715,14.285715103149414,4.545454502105713,0,4.761904716491699,4.545454502105713,9.523809432983398,0,0,12.94882583618164,25769803776,0,17541365760,0
202,1790719042408,4,4,4,4,4,4,4,4,4,4,72.3543701171875,70.63451385498047,70.84158325195313,70.78828430175781,63.93798065185547,71.84493255615234,74.40625,100,0,0,0,0,0,0,5,0,0,12.94882583618164,25769803776,0,17541365760,0
202,1790719042611,4,4,4,4,4,4,4,4,4,4,72.3543701171875,70.63451385498047,70.84158325195313,70.78828430175781,63.93798065185547,71.84493255615234,74.40625,100,9.523809432983398,5,4.761904716491699,0,0,0,9.523809432983398,0,0,12.952468872070313,25769803776,0,17541365760,0
209,1790719042814,4,4,4,4,4,4,4,4,4,4,72.3543701171875,70.63451385498047,70.84158325195313,70.78828430175781,63.93798065185547,71.84493255615234,74.40625,65,40,0,0,0,0,4.761904716491699,5,4.545454502105713,0,12.952468872070313,25769803776,0,17535483904,0
203,1790719043024,4,4,4,4,4,4,4,4,4,4,72.32559204101563,70.59963989257813,70.79912567138672,70.73469543457031,63.94646453857422,71.77593994140625,74.40625,4.761904716491699,100,4.545454502105713,0,0,0,0,4.761904716491699,0,0,12.952468872070313,25769803776,0,17534730240,0
209,1790719043228,4,4,4,4,4,4,4,4,4,4,72.32559204101563,70.59963989257813,70.79912567138672,70.73469543457031,63.94646453857422,71.77593994140625,74.40625,70,35,5.263157844543457,5,0,0,5,4.761904716491699,0,0,12.952468872070313,25769803776,0,17534795776,0
203,1790719043438,4,4,4,4,4,4,4,4,4,4,72.32559204101563,70.59963989257813,70.79912567138672,70.73469543457031,63.94646453857422,71.77593994140625,74.40625,59.09090805053711,14.285715103149414,4.761904716491699,4.761904716491699,31.81818199157715,0,9.090909004211426,0,0,0,12.952468872070313,25769803776,0,17534795776,0
209,1790719043641,4,4,4,4,4,4,4,4,4,4,72.32559204101563,70.59963989257813,70.79912567138672,70.73469543457031,63.94646453857422,71.77593994140625,74.40625,57.894737243652344,45,14.285715103149414,5,0,0,0,5,0,0,12.817283630371094,25769803776,0,17534795776,0
209,1790719043851,4,4,4,4,4,4,4,4,4,4,72.32559204101563,70.59963989257813,70.79912567138672,70.73469543457031,63.94646453857422,71.77593994140625,74.40625,23.809524536132813,36.3636360168457,47.619049072265625,0,0,0,0,4.761904716491699,0,0,12.817283630371094,25769803776,0,17540169728,0
209,1790719044061,4,4,4,4,4,4,4,4,4,4,72.31971740722656,70.6980209350586,70.43683624267578,70.7088394165039,63.383750915527344,71.76262664794922,77.375,71.42857360839844,38.095237731933594,4.761904716491699,4.761904716491699,0,0,0,9.523809432983398,0,0,12.817283630371094,25769803776,0,17534959616,0
203,1790719044271,4,4,4,4,4,4,4,4,4,4,72.31971740722656,70.6980209350586,70.43683624267578,70.7088394165039,63.383750915527344,71.76262664794922,77.375,42.85714340209961,45,15.000000953674316,0,0,13.636363983154297,0,0,0,0,12.817283630371094,25769803776,0,17536827392,0
209,1790719044475,4,4,4,4,4,4,4,4,4,4,72.31971740722656,70.6980209350586,70.43683624267578,70.7088394165039,63.383750915527344,71.76262664794922,77.375,66.66667175292969,19.047618865966797,14.285715103149414,5,0,0,0,4.761904716491699,0,0,12.817283630371094,25769803776,0,17535401984,0
203,1790719044685,4,4,4,4,4,4,4,4,4,4,72.31971740722656,70.6980209350586,70.43683624267578,70.7088394165039,63.383750915527344,71.76262664794922,77.375,76.19047546386719,14.285715103149414,18.18181800842285,0,0,0,4.545454502105713,4.761904716491699,4.545454502105713,0,12.924095153808594,25769803776,0,17535123456,0
202,1790719044888,4,4,4,4,4,4,4,4,4,4,72.31971740722656,70.6980209350586,70.43683624267578,70.7088394165039,63.383750915527344,71.76262664794922,77.375,65,5,0,0,38.095237731933594,0,0,5,0,0,12.924095153808594,25769803776,0,17535401984,0
209,1790719045091,4,4,4,4,4,4,4,4,4,4,72.28287506103516,70.49207305908203,70.67979431152344,70.66027069091797,63.87006378173828,71.65473175048828,74.40625,0,4.761904716491699,0,4.761904716491699,100,0,0,9.523809432983398,0,0,12.924095153808594,25769803776,0,17535320064,0
209,1790719045301,4,4,4,4,4,4,4,4,4,4,72.28287506103516,70.49207305908203,70.67979431152344,70.66027069091797,63.87006378173828,71.65473175048828,74.40625,13.636363983154297,10,0,4.545454502105713,54.54545593261719,40.90909194946289,0,4.761904716491699,0,0,12.924095153808594,25769803776,0,17535533056,0
203,1790719045511,4,4,4,4,4,4,4,4,4,4,72.28287506103516,70.49207305908203,70.67979431152344,70.66027069091797,63.87006378173828,71.65473175048828,74.40625,66.66667175292969,25,4.761904716491699,5,5,0,4.545454502105713,9.523809432983398,0,0,12.805160522460938,25769803776,0,17535598592,0
202,1790719045715,4,4,4,4,4,4,4,4,4,4,72.28287506103516,70.49207305908203,70.67979431152344,70.66027069091797,63.87006378173828,71.65473175048828,74.40625,30.000001907348633,9.090909004211426,61.904762268066406,10,0,0,5,0,0,0,12.805160522460938,25769803776,0,17535598592,0
209,1790719045918,4,4,4,4,4,4,4,4,4,4,72.28287506103516,70.49207305908203,70.67979431152344,70.66027069091797,63.87006378173828,71.65473175048828,74.40625,5,0,0,100,0,0,0,5,0,0,12.805160522460938,25769803776,0,17535614976,0
200,1790719046128,4,4,4,4,4,4,4,4,4,4,72.26217651367188,70.5135498046875,70.50006866455078,70.6261978149414,63.53910827636719,71.58113098144531,74.171875,4.761904716491699,23.809524536132813,4.761904716491699,59.09090805053711,0,14.285715103149414,0,4.761904716491699,0,0,12.805160522460938,25769803776,0,17536172032,0
209,1790719046329,4,4,4,4,4,4,4,4,4,4,72.26217651367188,70.5135498046875,70.50006866455078,70.6261978149414,63.53910827636719,71.58113098144531,74.171875,30.000001907348633,55,10,0,10,20,0,5,0,0,12.805160522460938,25769803776,0,17537318912,0
209,1790719046539,4,4,4,4,4,4,4,4,4,4,72.26217651367188,70.5135498046875,70.50006866455078,70.6261978149414,63.53910827636719,71.58113098144531,74.171875,28.571430206298828,42.85714340209961,0,0,4.761904716491699,35,0,9.090909004211426,4.761904716491699,0,12.909317016601563,25769803776,0,17541496832,0
209,1790719046749,4,4,4,4,4,4,4,4,4,4,72.26217651367188,70.5135498046875,70.50006866455078,70.6261978149414,63.53910827636719,71.58113098144531,74.171875,42.85714340209961,61.904762268066406,9.523809432983398,4.545454502105713,0,0,0,5,0,0,12.909317016601563,25769803776,0,17541496832,0
209,1790719046959,4,4,4,4,4,4,4,4,4,4,72.26217651367188,70.5135498046875,70.50006866455078,70.6261978149414,63.53910827636719,71.58113098144531,74.171875,28.571430206298828,80,0,0,0,0,8.69565200805664,4.761904716491699,0,0,12.909317016601563,25769803776,0,17536368640,0
209,1790719047169,4,4,4,4,4,4,4,4,4,4,72.24657440185547,70.46768951416016,70.64974212646484,70.63169860839844,63.832420349121094,71.6113052368164,76.671875,23.809524536132813,31.81818199157715,0,50,0,0,0,9.090909004211426,0,0,12.909317016601563,25769803776,0,17541611520,0
209,1790719047379,4,4,4,4,4,4,4,4,4,4,72.24657440185547,70.46768951416016,70.64974212646484,70.63169860839844,63.832420349121094,71.6113052368164,76.671875,52.38095474243164,47.619049072265625,9.523809432983398,13.636363983154297,0,0,0,5,0,0,12.909317016601563,25769803776,0,17536253952,0
209,1790719047589,4,4,4,4,4,4,4,4,4,4,72.24657440185547,70.46768951416016,70.64974212646484,70.63169860839844,63.832420349121094,71.6113052368164,76.671875,55,40,13.636363983154297,0,0,0,0,4.761904716491699,0,0,12.887191772460938,25769803776,0,17536253952,0
209,1790719047799,4,4,4,4,4,4,4,4,4,4,72.24657440185547,70.46768951416016,70.64974212646484,70.63169860839844,63.832420349121094,71.6113052368164,76.671875,85.71428680419922,9.523809432983398,5,0,0,0,0,4.761904716491699,0,0,12.887191772460938,25769803776,0,17536253952,0
209,1790719048009,4,4,4,4,4,4,4,4,4,4,72.22325897216797,70.3419418334961,70.38823699951172,70.61141967773438,63.521240234375,71.5704574584961,77.140625,40.90909194946289,66.66667175292969,0,0,0,0,0,4.761904716491699,0,0,12.887191772460938,25769803776,0,17538433024,0
209,1790719048219,4,4,4,4,4,4,4,4,4,4,72.22325897216797,70.3419418334961,70.38823699951172,70.61141967773438,63.521240234375,71.5704574584961,77.140625,0,100,0,0,0,0,0,0,0,0,12.887191772460938,25769803776,0,17536630784,0
206,1790719048429,4,4,4,4,4,4,4,4,4,4,72.22325897216797,70.3419418334961,70.38823699951172,70.61141967773438,63.521240234375,71.5704574584961,77.140625,4.761904716491699,100,9.090909004211426,0,0,0,9.090909004211426,8.69565200805664,8.69565200805664,0,12.887191772460938,25769803776,0,17536630784,0
209,1790719048636,4,4,4,4,4,4,4,4,4,4,72.22325897216797,70.3419418334961,70.38823699951172,70.61141967773438,63.521240234375,71.5704574584961,77.140625,65,38.095237731933594,0,4.761904716491699,0,0,0,0,0,0,12.785957336425781,25769803776,0,17536630784,0
209,1790719048846,4,4,4,4,4,4,4,4,4,4,72.22325897216797,70.3419418334961,70.38823699951172,70.61141967773438,63.521240234375,71.5704574584961,77.140625,14.285715103149414,4.761904716491699,90.47618865966797,0,0,0,0,5,0,0,12.785957336425781,25769803776,0,17536630784,0
209,1790719049056,4,4,4,4,4,4,4,4,4,4,72.21227264404297,70.4774169921875,70.46749877929688,70.58732604980469,63.58848571777344,71.56880950927734,77.140625,57.142860412597656,4.761904716491699,42.85714340209961,27.272727966308594,4.545454502105713,0,4.545454502105713,9.090909004211426,0,0,12.785957336425781,25769803776,0,17304109056,0
209,1790719049266,4,4,4,4,4,4,4,4,4,4,72.21227264404297,70.4774169921875,70.46749877929688,70.58732604980469,63.58848571777344,71.56880950927734,77.140625,100,4.761904716491699,4.545454502105713,0,0,0,0,4.761904716491699,0,0,12.785957336425781,25769803776,0,17304125440,0
209,1790719049476,4,4,4,4,4,4,4,4,4,4,72.21227264404297,70.4774169921875,70.46749877929688,70.58732604980469,63.58848571777344,71.56880950927734,77.140625,30.000001907348633,57.142860412597656,0,0,19.047618865966797,0,0,9.523809432983398,0,0,12.785957336425781,25769803776,0,17304371200,0
208,1790719049687,4,4,4,4,4,4,4,4,4,4,72.21227264404297,70.4774169921875,70.46749877929688,70.58732604980469,63.58848571777344,71.56880950927734,77.140625,71.42857360839844,30.000001907348633,0,0,0,0,0,4.761904716491699,0,0,12.81203842163086,25769803776,0,17304436736,0
209,1790719049896,4,4,4,4,4,4,4,4,4,4,72.21227264404297,70.4774169921875,70.46749877929688,70.58732604980469,63.58848571777344,71.56880950927734,77.140625,50,59.09090805053711,9.523809432983398,0,0,0,0,9.523809432983398,0,0,12.81203842163086,25769803776,0,17306927104,0
209,1790719050106,4,4,4,4,4,4,4,4,4,4,72.19222259521484,70.32261657714844,70.50387573242188,70.57437896728516,63.733367919921875,71.53710174560547,74.171875,42.85714340209961,50,9.090909004211426,14.285715103149414,0,0,0,0,0,0,12.81203842163086,25769803776,0,17311137792,0
209,1790719050316,4,4,4,4,4,4,4,4,4,4,72.19222259521484,70.32261657714844,70.50387573242188,70.57437896728516,63.733367919921875,71.53710174560547,74.171875,75,33.333335876464844,0,4.761904716491699,0,0,0,9.090909004211426,4.545454502105713,0,12.81203842163086,25769803776,0,17305812992,0
209,1790719050526,4,4,4,4,4,4,4,4,4,4,72.19222259521484,70.32261657714844,70.50387573242188,70.57437896728516,63.733367919921875,71.53710174560547,74.171875,33.333335876464844,76.19047546386719,4.761904716491699,0,0,0,4.761904716491699,4.761904716491699,0,0,12.750972747802734,25769803776,0,17306370048,0
209,1790719050736,4,4,4,4,4,4,4,4,4,4,72.19222259521484,70.32261657714844,70.50387573242188,70.57437896728516,63.733367919921875,71.53710174560547,74.171875,23.809524536132813,28.571430206298828,9.523809432983398,0,0,45.45454788208008,0,5,0,0,12.750972747802734,25769803776,0,17299226624,0
209,1790719050946,4,4,4,4,4,4,4,4,4,4,72.19222259521484,70.32261657714844,70.50387573242188,70.57437896728516,63.733367919921875,71.53710174560547,74.171875,4.761904716491699,68.18181610107422,36.3636360168457,0,0,0,4.545454502105713,9.090909004211426,0,0,12.750972747802734,25769803776,0,17299226624,0
209,1790719051156,4,4,4,4,4,4,4,4,4,4,72.18923950195313,70.33206176757813,70.45719909667969,70.55667114257813,63.612770080566406,71.51245880126953,74.171875,4.761904716491699,80,15.000000953674316,0,0,0,0,5,0,0,12.750972747802734,25769803776,0,17299144704,0
200,1790719051366,4,4,4,4,4,4,4,4,4,4,72.18923950195313,70.33206176757813,70.45719909667969,70.55667114257813,63.612770080566406,71.51245880126953,74.171875,9.090909004211426,30.000001907348633,72.7272720336914,0,0,0,0,9.090909004211426,0,0,12.750972747802734,25769803776,0,17299144704,0
209,1790719051567,4,4,4,4,4,4,4,4,4,4,72.18923950195313,70.33206176757813,70.45719909667969,70.55667114257813,63.612770080566406,71.51245880126953,74.171875,60.000003814697266,38.095237731933594,5.555555820465088,0,0,0,0,5,0,0,12.848873138427734,25769803776,0,17299128320,0
209,1790719051777,4,4,4,4,4,4,4,4,4,4,72.18923950195313,70.33206176757813,70.45719909667969,70.55667114257813,63.612770080566406,71.51245880126953,74.171875,80,23.809524536132813,0,4.545454502105713,0,0,0,4.761904716491699,0,0,12.848873138427734,25769803776,0,17299177472,0
209,1790719051987,4,4,4,4,4,4,4,4,4,4,72.15335845947266,70.33120727539063,70.47657012939453,70.51962280273438,63.6837158203125,71.4969253540039,74.171875,0,100,0,4.545454502105713,0,0,4.761904716491699,5,0,0,12.848873138427734,25769803776,0,17299177472,0
209,1790719052197,4,4,4,4,4,4,4,4,4,4,72.15335845947266,70.33120727539063,70.47657012939453,70.51962280273438,63.6837158203125,71.4969253540039,74.171875,22.72727394104004,5,0,0,0,77.2727279663086,0,4.761904716491699,4.545454502105713,0,12.848873138427734,25769803776,0,17299243008,0
204,1790719052407,4,4,4,4,4,4,4,4,4,4,72.15335845947266,70.33120727539063,70.47657012939453,70.51962280273438,63.6837158203125,71.4969253540039,74.171875,19.047618865966797,36.3636360168457,9.090909004211426,0,0,47.36842346191406,0,9.090909004211426,0,0,12.848873138427734,25769803776,0,17300193280,0
209,1790719052611,4,4,4,4,4,4,4,4,4,4,72.15335845947266,70.33120727539063,70.47657012939453,70.51962280273438,63.6837158203125,71.4969253540039,74.171875,30.000001907348633,50,0,0,33.333335876464844,0,0,5,0,0,12.736099243164063,25769803776,0,17304485888,0
209,1790719052821,4,4,4,4,4,4,4,4,4,4,72.15335845947266,70.33120727539063,70.47657012939453,70.51962280273438,63.6837158203125,71.4969253540039,74.171875,42.85714340209961,61.904762268066406,9.523809432983398,0,0,0,4.545454502105713,4.761904716491699,0,0,12.736099243164063,25769803776,0,17304485888,0
209,1790719053031,4,4,4,4,4,4,4,4,4,4,72.10733795166016,70.20135498046875,70.28242492675781,70.44364929199219,63.415557861328125,71.46383666992188,74.171875,33.333335876464844,66.66667175292969,4.761904716491699,0,0,0,0,9.523809432983398,0,0,12.736099243164063,25769803776,0,17304485888,0
204,1790719053241,4,4,4,4,4,4,4,4,4,4,72.10733795166016,70.20135498046875,70.28242492675781,70.44364929199219,63.415557861328125,71.46383666992188,74.171875,66.66667175292969,38.095237731933594,0,0,0,0,0,0,0,4.761904716491699,12.736099243164063,25769803776,0,17301094400,0
209,1790719053446,4,4,4,4,4,4,4,4,4,4,72.10733795166016,70.20135498046875,70.28242492675781,70.44364929199219,63.415557861328125,71.46383666992188,74.171875,52.6315803527832,47.619049072265625,14.285715103149414,0,0,9.523809432983398,0,4.761904716491699,0,0,12.736099243164063,25769803776,0,17301438464,0
202,1790719053656,4,4,4,4,4,4,4,4,4,4,72.10733795166016,70.20135498046875,70.28242492675781,70.44364929199219,63.415557861328125,71.46383666992188,74.171875,31.81818199157715,60.000003814697266,15.000000953674316,8.69565200805664,0,0,0,4.761904716491699,0,0,12.799755096435547,25769803776,0,17299324928,0
209,1790719053859,4,4,4,4,4,4,4,4,4,4,72.10733795166016,70.20135498046875,70.28242492675781,70.44364929199219,63.415557861328125,71.46383666992188,74.171875,35,55,19.047618865966797,0,0,0,0,5,0,0,12.799755096435547,25769803776,0,17299456000,0
209,1790719054069,4,4,4,4,4,4,4,4,4,4,72.12277221679688,70.18449401855469,70.38101196289063,70.4643325805664,63.573204040527344,71.49493408203125,76.671875,4.761904716491699,100,0,0,0,0,0,9.090909004211426,4.761904716491699,0,12.799755096435547,25769803776,0,17299456000,0
209,1790719054279,4,4,4,4,4,4,4,4,4,4,72.12277221679688,70.18449401855469,70.38101196289063,70.4643325805664,63.573204040527344,71.49493408203125,76.671875,4.761904716491699,13.636363983154297,0,86.36363983154297,0,0,0,4.761904716491699,0,0,12.799755096435547,25769803776,0,17299456000,0
209,1790719054489,4,4,4,4,4,4,4,4,4,4,72.12277221679688,70.18449401855469,70.38101196289063,70.4643325805664,63.573204040527344,71.49493408203125,76.671875,4.761904716491699,70,0,30.000001907348633,0,0,0,9.523809432983398,0,0,12.813907623291016,25769803776,0,17299243008,0
209,1790719054699,4,4,4,4,4,4,4,4,4,4,72.12277221679688,70.18449401855469,70.38101196289063,70.4643325805664,63.573204040527344,71.49493408203125,76.671875,14.285715103149414,80.95238494873047,4.761904716491699,9.523809432983398,0,0,0,4.761904716491699,0,0,12.813907623291016,25769803776,0,17299243008,0
209,1790719054909,4,4,4,4,4,4,4,4,4,4,72.12277221679688,70.18449401855469,70.38101196289063,70.4643325805664,63.573204040527344,71.49493408203125,76.671875,14.285715103149414,95.45454406738281,4.545454502105713,4.761904716491699,4.761904716491699,0,4.545454502105713,9.523809432983398,0,0,12.813907623291016,25769803776,0,17299243008,0
209,1790719055119,4,4,4,4,4,4,4,4,4,4,72.115234375,70.1047134399414,70.25914764404297,70.41879272460938,63.438560485839844,71.49847412109375,74.171875,0,0,0,0,0,95.45454406738281,4.545454502105713,0,0,0,12.813907623291016,25769803776,0,17299243008,0
209,1790719055329,4,4,4,4,4,4,4,4,4,4,72.115234375,70.1047134399414,70.25914764404297,70.41879272460938,63.438560485839844,71.49847412109375,74.171875,4.761904716491699,4.761904716491699,52.38095474243164,9.523809432983398,0,40,0,4.761904716491699,8.69565200805664,0,12.813907623291016,25769803776,0,17299783680,0
209,1790719055539,4,4,4,4,4,4,4,4,4,4,72.115234375,70.1047134399414,70.25914764404297,70.41879272460938,63.438560485839844,71.49847412109375,74.171875,0,47.619049072265625,0,50,0,0,0,9.090909004211426,0,0,12.624984741210938,25769803776,0,17299783680,0
209,1790719055749,4,4,4,4,4,4,4,4,4,4,72.115234375,70.1047134399414,70.25914764404297,70.41879272460938,63.438560485839844,71.49847412109375,74.171875,42.85714340209961,42.85714340209961,9.523809432983398,0,0,18.18181800842285,0,5,0,0,12.624984741210938,25769803776,0,17299865600,0
209,1790719055959,4,4,4,4,4,4,4,4,4,4,72.115234375,70.1047134399414,70.25914764404297,70.41879272460938,63.438560485839844,71.49847412109375,74.171875,23.809524536132813,19.047618865966797,66.66667175292969,0,0,0,0,4.761904716491699,0,0,12.624984741210938,25769803776,0,17299865600,0
209,1790719056169,4,4,4,4,4,4,4,4,4,4,72.10004425048828,70.1182861328125,70.30908203125,70.40591430664063,63.480079650878906,71.48037719726563,75.953125,66.66667175292969,40,9.090909004211426,0,0,0,0,9.090909004211426,0,0,12.624984741210938,25769803776,0,17299881984,0
209,1790719056379,4,4,4,4,4,4,4,4,4,4,72.10004425048828,70.1182861328125,70.30908203125,70.40591430664063,63.480079650878906,71.48037719726563,75.953125,33.333335876464844,40.90909194946289,0,33.333335876464844,0,0,0,4.761904716491699,0,0,12.624984741210938,25769803776,0,17305075712,0
209,1790719056589,4,4,4,4,4,4,4,4,4,4,72.10004425048828,70.1182861328125,70.30908203125,70.40591430664063,63.480079650878906,71.48037719726563,75.953125,31.81818199157715,80,4.761904716491699,0,4.545454502105713,0,0,9.523809432983398,0,0,12.763690948486328,25769803776,0,17299865600,0
209,1790719056799,4,4,4,4,4,4,4,4,4,4,72.10004425048828,70.1182861328125,70.30908203125,70.40591430664063,63.480079650878906,71.48037719726563,75.953125,45,52.38095474243164,4.761904716491699,4.761904716491699,0,0,0,0,0,0,12.763690948486328,25769803776,0,17299898368,0
209,1790719057009,4,4,4,4,4,4,4,4,4,4,72.07482147216797,70.10089874267578,70.31036376953125,70.3414077758789,63.486114501953125,71.44044494628906,74.171875,80.95238494873047,27.272727966308594,4.761904716491699,8.69565200805664,0,0,4.545454502105713,9.090909004211426,0,0,12.763690948486328,25769803776,0,17300340736,0
209,1790719057219,4,4,4,4,4,4,4,4,4,4,72.07482147216797,70.10089874267578,70.31036376953125,70.3414077758789,63.486114501953125,71.44044494628906,74.171875,19.047618865966797,85.71428680419922,0,0,0,0,4.545454502105713,4.761904716491699,4.545454502105713,0,12.763690948486328,25769803776,0,17300340736,0
205,1790719057429,4,4,4,4,4,4,4,4,4,4,72.07482147216797,70.10089874267578,70.31036376953125,70.3414077758789,63.486114501953125,71.44044494628906,74.171875,4.761904716491699,100,4.545454502105713,0,0,0,0,5,0,0,12.763690948486328,25769803776,0,17300226048,0
209,1790719057635,4,4,4,4,4,4,4,4,4,4,72.07482147216797,70.10089874267578,70.31036376953125,70.3414077758789,63.486114501953125,71.44044494628906,74.171875,0,100,4.761904716491699,0,0,0,0,9.090909004211426,0,0,12.76095199584961,25769803776,0,17300226048,0
209,1790719057845,4,4,4,4,4,4,4,4,4,4,72.07482147216797,70.10089874267578,70.31036376953125,70.3414077758789,63.486114501953125,71.44044494628906,74.171875,4.761904716491699,100,0,0,0,0,0,0,0,0,12.76095199584961,25769803776,0,17300226048,0
209,1790719058055,4,4,4,4,4,4,4,4,4,4,72.02397155761719,70.00406646728516,70.19049835205078,70.26874542236328,63.239540100097656,71.37777709960938,77.140625,19.047618865966797,76.19047546386719,0,0,0,5,0,4.545454502105713,0,0,12.76095199584961,25769803776,0,17300226048,0
209,1790719058265,4,4,4,4,4,4,4,4,4,4,72.02397155761719,70.00406646728516,70.19049835205078,70.26874542236328,63.239540100097656,71.37777709960938,77.140625,4.761904716491699,100,0,0,0,0,0,4.761904716491699,0,0,12.76095199584961,25769803776,0,17300226048,0
209,1790719058475,4,4,4,4,4,4,4,4,4,4,72.02397155761719,70.00406646728516,70.19049835205078,70.26874542236328,63.239540100097656,71.37777709960938,77.140625,4.761904716491699,42.85714340209961,0,59.09090805053711,0,0,4.761904716491699,4.761904716491699,0,0,12.76095199584961,25769803776,0,17300275200,0
209,1790719058685,4,4,4,4,4,4,4,4,4,4,72.02397155761719,70.00406646728516,70.19049835205078,70.26874542236328,63.239540100097656,71.37777709960938,77.140625,0,19.047618865966797,4.545454502105713,80.95238494873047,0,0,4.761904716491699,0,4.761904716491699,4.545454502105713,12.695632934570313,25769803776,0,17300275200,0
209,1790719058895,4,4,4,4,4,4,4,4,4,4,72.02397155761719,70.00406646728516,70.19049835205078,70.26874542236328,63.239540100097656,71.37777709960938,77.140625,23.809524536132813,40,40,0,5,8.69565200805664,0,9.090909004211426,0,0,12.695632934570313,25769803776,0,17300275200,0
209,1790719059105,4,4,4,4,4,4,4,4,4,4,71.97067260742188,70.16368103027344,70.1490707397461,70.2121353149414,63.119720458984375,71.34968566894531,77.140625,23.809524536132813,68.18181610107422,9.523809432983398,0,0,0,0,5,0,0,12.695632934570313,25769803776,0,17300275200,0
209,1790719059315,4,4,4,4,4,4,4,4,4,4,71.97067260742188,70.16368103027344,70.1490707397461,70.2121353149414,63.119720458984375,71.34968566894531,77.140625,52.38095474243164,57.142860412597656,9.523809432983398,0,0,0,0,4.761904716491699,0,0,12.695632934570313,25769803776,0,17300275200,0
209,1790719059525,4,4,4,4,4,4,4,4,4,4,71.97067260742188,70.16368103027344,70.1490707397461,70.2121353149414,63.119720458984375,71.34968566894531,77.140625,61.904762268066406,38.095237731933594,9.090909004211426,4.761904716491699,13.043478012084961,0,0,4.761904716491699,0,0,12.584602355957031,25769803776,0,17300815872,0
209,1790719059735,4,4,4,4,4,4,4,4,4,4,71.97067260742188,70.16368103027344,70.1490707397461,70.2121353149414,63.119720458984375,71.34968566894531,77.140625,76.19047546386719,19.047618865966797,0,0,0,5,0,5,0,0,12.584602355957031,25769803776,0,17300848640,0
209,1790719059945,4,4,4,4,4,4,4,4,4,4,71.97067260742188,70.16368103027344,70.1490707397461,70.2121353149414,63.119720458984375,71.34968566894531,77.140625,45,57.142860412597656,4.761904716491699,9.090909004211426,0,0,0,9.090909004211426,8.69565200805664,0,12.584602355957031,25769803776,0,17300766720,0
209,1790719060155,4,4,4,4,4,4,4,4,4,4,72.00914764404297,69.9676742553711,70.1423110961914,70.2230453491211,63.237144470214844,71.41309356689453,74.171875,36.3636360168457,55,14.285715103149414,0,0,0,4.545454502105713,4.761904716491699,0,0,12.584602355957031,25769803776,0,17301241856,0
209,1790719060365,4,4,4,4,4,4,4,4,4,4,72.00914764404297,69.9676742553711,70.1423110961914,70.2230453491211,63.237144470214844,71.41309356689453,74.171875,19.047618865966797,9.523809432983398,9.090909004211426,0,0,0,0,5,0,0,12.584602355957031,25769803776,0,17289822208,0
204,1790719060575,4,4,4,4,4,4,4,4,4,4,72.00914764404297,69.9676742553711,70.1423110961914,70.2230453491211,63.237144470214844,71.41309356689453,74.171875,0,0,0,0,0,0,4.761904716491699,9.090909004211426,0,0,12.790779113769531,25769803776,0,17289822208,0
209,1790719060780,4,4,4,4,4,4,4,4,4,4,72.00914764404297,69.9676742553711,70.1423110961914,70.2230453491211,63.237144470214844,71.41309356689453,74.171875,5,4.761904716491699,0,0,0,0,0,4.761904716491699,0,0,12.790779113769531,25769803776,0,17289805824,0
206,1790719060990,4,4,4,4,4,4,4,4,4,4,71.96236419677734,69.97891235351563,70.24124908447266,70.16163635253906,63.33972930908203,71.29331970214844,73.9375,0,0,0,0,0,0,0,5,0,0,12.790779113769531,25769803776,0,17289773056,0
209,1790719061197,4,4,4,4,4,4,4,4,4,4,71.96236419677734,69.97891235351563,70.24124908447266,70.16163635253906,63.33972930908203,71.29331970214844,73.9375,0,0,0,0,0,0,0,4.761904716491699,4.545454502105713,0,12.790779113769531,25769803776,0,17289986048,0
209,1790719061407,4,4,4,4,4,4,4,4,4,4,71.96236419677734,69.97891235351563,70.24124908447266,70.16163635253906,63.33972930908203,71.29331970214844,73.9375,4.761904716491699,4.761904716491699,0,0,0,0,0,5,0,0,12.790779113769531,25769803776,0,17289986048,0
209,1790719061617,4,4,4,4,4,4,4,4,4,4,71.96236419677734,69.97891235351563,70.24124908447266,70.16163635253906,63.33972930908203,71.29331970214844,73.9375,9.090909004211426,0,0,0,0,0,0,9.090909004211426,0,0,12.655982971191406,25769803776,0,17290297344,0
207,1790719061827,4,4,4,4,4,4,4,4,4,4,71.96236419677734,69.97891235351563,70.24124908447266,70.16163635253906,63.33972930908203,71.29331970214844,73.9375,0,0,0,0,0,0,4.545454502105713,4.761904716491699,0,0,12.655982971191406,25769803776,0,17290297344,0
209,1790719062034,4,4,4,4,4,4,4,4,4,4,71.90267181396484,69.82514953613281,70.06377410888672,70.12474060058594,63.09434509277344,71.2088851928711,73.9375,0,4.761904716491699,0,0,0,0,0,9.523809432983398,0,0,12.655982971191406,25769803776,0,17290297344,0
209,1790719062244,4,4,4,4,4,4,4,4,4,4,71.90267181396484,69.82514953613281,70.06377410888672,70.12474060058594,63.09434509277344,71.2088851928711,73.9375,14.285715103149414,9.523809432983398,13.636363983154297,4.761904716491699,0,0,4.545454502105713,4.761904716491699,0,0,12.655982971191406,25769803776,0,17290297344,0
209,1790719062454,4,4,4,4,4,4,4,4,4,4,71.90267181396484,69.82514953613281,70.06377410888672,70.12474060058594,63.09434509277344,71.2088851928711,73.9375,14.285715103149414,9.090909004211426,0,0,4.545454502105713,0,0,4.761904716491699,0,0,12.655982971191406,25769803776,0,17290297344,0
209,1790719062664,4,4,4,4,4,4,4,4,4,4,71.90267181396484,69.82514953613281,70.06377410888672,70.12474060058594,63.09434509277344,71.2088851928711,73.9375,0,0,0,0,0,0,5,4.761904716491699,4.761904716491699,0,12.463489532470703,25769803776,0,17290559488,0
204,1790719062874,4,4,4,4,4,4,4,4,4,4,71.90267181396484,69.82514953613281,70.06377410888672,70.12474060058594,63.09434509277344,71.2088851928711,73.9375,4.761904716491699,0,4.545454502105713,0,0,0,0,0,0,0,12.463489532470703,25769803776,0,17290690560,0
202,1790719063079,4,4,4,4,4,4,4,4,4,4,71.92030334472656,69.93890380859375,70.0235595703125,70.11473083496094,62.982208251953125,71.2093276977539,73.9375,5.263157844543457,10,0,4.761904716491699,0,0,0,0,0,0,12.463489532470703,25769803776,0,17290788864,0
209,1790719063282,4,4,4,4,4,4,4,4,4,4,71.92030334472656,69.93890380859375,70.0235595703125,70.11473083496094,62.982208251953125,71.2093276977539,73.9375,9.523809432983398,0,5,0,0,0,9.523809432983398,0,0,0,12.463489532470703,25769803776,0,17291001856,0
203,1790719063492,4,4,4,4,4,4,4,4,4,4,71.92030334472656,69.93890380859375,70.0235595703125,70.11473083496094,62.982208251953125,71.2093276977539,73.9375,9.090909004211426,0,0,0,0,0,5,9.090909004211426,0,0,12.804161071777344,25769803776,0,17291001856,0
209,1790719063696,4,4,4,4,4,4,4,4,4,4,71.92030334472656,69.93890380859375,70.0235595703125,70.11473083496094,62.982208251953125,71.2093276977539,73.9375,0,4.761904716491699,0,0,0,0,0,0,0,0,12.804161071777344,25769803776,0,17291001856,0
209,1790719063906,4,4,4,4,4,4,4,4,4,4,71.92030334472656,69.93890380859375,70.0235595703125,70.11473083496094,62.982208251953125,71.2093276977539,73.9375,4.761904716491699,0,4.545454502105713,0,0,0,0,4.761904716491699,0,0,12.804161071777344,25769803776,0,17291001856,0
203,1790719064116,4,4,4,4,4,4,4,4,4,4,71.85242462158203,69.99603271484375,69.9266128540039,70.09233856201172,62.808265686035156,71.13274383544922,76.90625,0,4.545454502105713,0,0,0,0,4.545454502105713,9.090909004211426,0,0,12.804161071777344,25769803776,0,17291034624,0
209,1790719064320,4,4,4,4,4,4,4,4,4,4,71.85242462158203,69.99603271484375,69.9266128540039,70.09233856201172,62.808265686035156,71.13274383544922,76.90625,71.42857360839844,52.6315803527832,15.000000953674316,4.761904716491699,4.761904716491699,0,0,5,0,0,12.804161071777344,25769803776,0,17291083776,0
209,1790719064530,4,4,4,4,4,4,4,4,4,4,71.85242462158203,69.99603271484375,69.9266128540039,70.09233856201172,62.808265686035156,71.13274383544922,76.90625,0,4.761904716491699,0,0,0,0,0,9.090909004211426,4.761904716491699,0,12.596210479736328,25769803776,0,17291083776,0
203,1790719064740,4,4,4,4,4,4,4,4,4,4,71.85242462158203,69.99603271484375,69.9266128540039,70.09233856201172,62.808265686035156,71.13274383544922,76.90625,14.285715103149414,9.090909004211426,9.090909004211426,4.545454502105713,0,0,0,5,0,0,12.596210479736328,25769803776,0,17291427840,0
209,1790719064944,4,4,4,4,4,4,4,4,4,4,71.85242462158203,69.99603271484375,69.9266128540039,70.09233856201172,62.808265686035156,71.13274383544922,76.90625,9.523809432983398,0,0,0,0,9.523809432983398,10,0,4.761904716491699,0,12.596210479736328,25769803776,0,17291231232,0
203,1790719065154,4,4,4,4,4,4,4,4,4,4,71.89727020263672,69.94041442871094,69.97647857666016,70.10420989990234,62.912818908691406,71.24378967285156,73.703125,0,9.090909004211426,0,0,0,0,4.761904716491699,0,0,0,12.596210479736328,25769803776,0,17291231232,0
209,1790719065358,4,4,4,4,4,4,4,4,4,4,71.89727020263672,69.94041442871094,69.97647857666016,70.10420989990234,62.912818908691406,71.24378967285156,73.703125,9.523809432983398,5,0,10,4.761904716491699,0,10,4.761904716491699,35,0,12.596210479736328,25769803776,0,17291231232,0
209,1790719065568,4,4,4,4,4,4,4,4,4,4,71.89727020263672,69.94041442871094,69.97647857666016,70.10420989990234,62.912818908691406,71.24378967285156,73.703125,4.761904716491699,0,0,0,0,0,9.523809432983398,0,0,0,12.700679779052734,25769803776,0,17291231232,0
203,1790719065778,4,4,4,4,4,4,4,4,4,4,71.89727020263672,69.94041442871094,69.97647857666016,70.10420989990234,62.912818908691406,71.24378967285156,73.703125,4.761904716491699,0,4.545454502105713,0,0,0,4.761904716491699,4.545454502105713,0,0,12.700679779052734,25769803776,0,17291689984,0
209,1790719065982,4,4,4,4,4,4,4,4,4,4,71.89727020263672,70.61483764648438,69.97647857666016,70.10420989990234,62.912818908691406,71.24378967285156,73.703125,10,9.523809432983398,5,4.761904716491699,0,4.761904716491699,9.523809432983398,0,0,0,12.700679779052734,25769803776,0,17291804672,0
209,1790719066192,4,4,4,4,4,4,4,4,4,4,72.44117736816406,70.61483764648438,69.8928451538086,70.37438201904297,62.58341979980469,72.04630279541016,79.953125,0,0,0,0,0,0,4.761904716491699,0,4.545454502105713,0,12.700679779052734,25769803776,0,17291804672,0
203,1790719066402,4,4,4,4,4,4,4,4,4,4,72.44117736816406,70.61483764648438,69.8928451538086,70.37438201904297,62.58341979980469,72.04630279541016,79.953125,5,4.761904716491699,4.761904716491699,0,0,0,5,0,0,0,12.700679779052734,25769803776,0,17291591680,0
204,1790719066606,4,4,4,4,4,4,4,4,4,4,72.44117736816406,70.61483764648438,69.8928451538086,70.37438201904297,62.58341979980469,72.04630279541016,79.953125,9.090909004211426,4.761904716491699,0,0,0,0,4.761904716491699,4.761904716491699,0,0,15.522777557373047,25769803776,0,17291591680,0
200,1790719066811,4,4,4,4,4,4,4,4,4,4,72.44117736816406,70.61483764648438,69.8928451538086,70.37438201904297,62.58341979980469,72.04630279541016,79.953125,0,0,0,0,0,0,4.761904716491699,0,0,0,15.522777557373047,25769803776,0,17291640832,0
202,1790719067012,4,4,4,4,4,4,4,4,4,4,71.83784484863281,70.14459228515625,69.62242126464844,70.03479766845703,62.273414611816406,71.11579132080078,73.703125,0,0,0,0,0,0,5,0,0,0,15.522777557373047,25769803776,0,17291608064,0
202,1790719067215,4,4,4,4,4,4,4,4,4,4,71.83784484863281,70.14459228515625,69.62242126464844,70.03479766845703,62.273414611816406,71.11579132080078,73.703125,9.523809432983398,5,0,4.761904716491699,0,0,9.523809432983398,0,0,0,15.522777557373047,25769803776,0,17291640832,0
202,1790719067418,4,4,4,4,4,4,4,4,4,4,71.83784484863281,70.14459228515625,69.62242126464844,70.03479766845703,62.273414611816406,71.11579132080078,73.703125,0,4.761904716491699,0,0,0,0,5,4.761904716491699,0,0,15.522777557373047,25769803776,0,17291526144,0
209,1790719067621,4,4,4,4,4,4,4,4,4,4,71.83784484863281,70.14459228515625,69.62242126464844,70.03479766845703,62.273414611816406,71.11579132080078,73.703125,4.761904716491699,0,0,0,0,0,5,0,0,0,12.951629638671875,25769803776,0,17291526144,0
203,1790719067831,4,4,4,4,4,4,4,4,4,4,71.83784484863281,70.14459228515625,69.62242126464844,70.03479766845703,62.273414611816406,71.11579132080078,73.703125,0,0,4.545454502105713,0,0,0,5,0,0,0,12.951629638671875,25769803776,0,17291575296,0
209,1790719068034,4,4,4,4,4,4,4,4,4,4,71.86393737792969,70.2589340209961,69.64688873291016,70.02074432373047,62.27460479736328,71.15560913085938,73.703125,0,0,0,0,0,0,4.761904716491699,0,4.761904716491699,0,12.951629638671875,25769803776,0,17291509760,0
203,1790719068244,4,4,4,4,4,4,4,4,4,4,71.86393737792969,70.2589340209961,69.64688873291016,70.02074432373047,62.27460479736328,71.15560913085938,73.703125,4.761904716491699,0,0,0,0,0,9.523809432983398,0,0,0,12.951629638671875,25769803776,0,17291509760,0
209,1790719068448,4,4,4,4,4,4,4,4,4,4,71.86393737792969,70.2589340209961,69.64688873291016,70.02074432373047,62.27460479736328,71.15560913085938,73.703125,5,5,0,0,0,0,5,0,0,0,12.951629638671875,25769803776,0,17291509760,0
209,1790719068658,4,4,4,4,4,4,4,4,4,4,71.86393737792969,70.2589340209961,69.64688873291016,70.02074432373047,62.27460479736328,71.15560913085938,73.703125,0,0,0,0,0,0,9.090909004211426,9.090909004211426,0,0,12.736469268798828,25769803776,0,17291509760,0
209,1790719068868,4,4,4,4,4,4,4,4,4,4,71.86393737792969,70.2589340209961,69.64688873291016,70.02074432373047,62.27460479736328,71.15560913085938,73.703125,4.545454502105713,0,4.545454502105713,0,0,0,0,0,0,0,12.736469268798828,25769803776,0,17291231232,0
209,1790719069078,4,4,4,4,4,4,4,4,4,4,71.79900360107422,70.1225814819336,69.55231475830078,70.00696563720703,62.123634338378906,71.06553649902344,76.4375,0,4.545454502105713,0,0,0,0,9.523809432983398,0,0,0,12.736469268798828,25769803776,0,17291231232,0
202,1790719069288,4,4,4,4,4,4,4,4,4,4,71.79900360107422,70.1225814819336,69.55231475830078,70.00696563720703,62.123634338378906,71.06553649902344,76.4375,4.545454502105713,0,0,0,0,0,4.761904716491699,0,0,0,12.736469268798828,25769803776,0,17291231232,0
202,1790719069491,4,4,4,4,4,4,4,4,4,4,71.79900360107422,70.1225814819336,69.55231475830078,70.00696563720703,62.123634338378906,71.06553649902344,76.4375,0,0,0,0,0,0,9.523809432983398,0,0,0,12.585643768310547,25769803776,0,17291313152,0
209,1790719069694,4,4,4,4,4,4,4,4,4,4,71.79900360107422,70.1225814819336,69.55231475830078,70.00696563720703,62.123634338378906,71.06553649902344,76.4375,0,0,0,0,0,0,5,0,4.761904716491699,0,12.585643768310547,25769803776,0,17291313152,0
203,1790719069904,4,4,4,4,4,4,4,4,4,4,71.79900360107422,70.1225814819336,69.55231475830078,70.00696563720703,62.123634338378906,71.06553649902344,76.4375,9.090909004211426,0,0,0,0,0,0,0,4.545454502105713,0,12.585643768310547,25769803776,0,17291411456,0
209,1790719070108,4,4,4,4,4,4,4,4,4,4,71.78999328613281,70.17198181152344,69.52241516113281,69.96778106689453,62.13654327392578,71.06124114990234,73.703125,0,0,0,0,0,0,9.523809432983398,4.761904716491699,0,0,12.585643768310547,25769803776,0,17291100160,0
209,1790719070318,4,4,4,4,4,4,4,4,4,4,71.78999328613281,70.17198181152344,69.52241516113281,69.96778106689453,62.13654327392578,71.06124114990234,73.703125,4.545454502105713,4.761904716491699,0,0,0,0,5,0,0,0,12.585643768310547,25769803776,0,17291149312,0
209,1790719070528,4,4,4,4,4,4,4,4,4,4,71.78999328613281,70.17198181152344,69.52241516113281,69.96778106689453,62.13654327392578,71.06124114990234,73.703125,35,22.72727394104004,33.333335876464844,22.72727394104004,14.285715103149414,4.761904716491699,0,9.090909004211426,0,0,12.563060760498047,25769803776,0,17300144128,0
209,1790719070738,4,4,4,4,4,4,4,4,4,4,71.78999328613281,70.17198181152344,69.52241516113281,69.96778106689453,62.13654327392578,71.06124114990234,73.703125,52.38095474243164,15.000000953674316,4.761904716491699,0,0,0,0,4.761904716491699,0,4.545454502105713,12.563060760498047,25769803776,0,17339170816,0
209,1790719070948,4,4,4,4,4,4,4,4,4,4,71.78999328613281,70.17198181152344,69.52241516113281,69.96778106689453,62.13654327392578,71.06124114990234,73.703125,47.619049072265625,42.85714340209961,14.285715103149414,0,0,0,9.090909004211426,0,0,0,12.563060760498047,25769803776,0,17340219392,0
209,1790719071158,4,4,4,4,4,4,4,4,4,4,71.77595520019531,69.93749237060547,69.7433090209961,69.97782897949219,62.498329162597656,71.04707336425781,73.703125,70,30.000001907348633,4.545454502105713,4.761904716491699,0,0,5,0,0,0,12.563060760498047,25769803776,0,17352540160,0
209,1790719071368,4,4,4,4,4,4,4,4,4,4,71.77595520019531,69.93749237060547,69.7433090209961,69.97782897949219,62.498329162597656,71.04707336425781,73.703125,42.85714340209961,13.636363983154297,10,33.333335876464844,0,0,0,4.545454502105713,0,0,12.563060760498047,25769803776,0,17361797120,0
209,1790719071578,4,4,4,4,4,4,4,4,4,4,71.77595520019531,69.93749237060547,69.7433090209961,69.97782897949219,62.498329162597656,71.04707336425781,73.703125,57.142860412597656,28.571430206298828,5,23.809524536132813,0,0,4.545454502105713,5,0,0,12.804252624511719,25769803776,0,17404657664,0
209,1790719071788,4,4,4,4,4,4,4,4,4,4,71.77595520019531,69.93749237060547,69.7433090209961,69.97782897949219,62.498329162597656,71.04707336425781,73.703125,60.000003814697266,42.85714340209961,9.090909004211426,0,0,0,4.761904716491699,0,4.545454502105713,0,12.804252624511719,25769803776,0,17404657664,0
209,1790719071998,4,4,4,4,4,4,4,4,4,4,71.70819091796875,70.05229187011719,69.64212036132813,69.94274139404297,62.35240173339844,70.957275390625,73.703125,45.45454788208008,15.000000953674316,0,23.809524536132813,4.545454502105713,15.000000953674316,5,0,0,0,12.804252624511719,25769803776,0,17449304064,0
209,1790719072208,4,4,4,4,4,4,4,4,4,4,71.70819091796875,70.05229187011719,69.64212036132813,69.94274139404297,62.35240173339844,70.957275390625,73.703125,52.38095474243164,42.85714340209961,14.285715103149414,9.523809432983398,4.545454502105713,8.69565200805664,9.090909004211426,0,0,0,12.804252624511719,25769803776,0,17564663808,0
206,1790719072418,4,4,4,4,4,4,4,4,4,4,71.70819091796875,70.05229187011719,69.64212036132813,69.94274139404297,62.35240173339844,70.957275390625,73.703125,65,47.619049072265625,38.095237731933594,15.000000953674316,0,0,4.761904716491699,4.545454502105713,0,0,12.804252624511719,25769803776,0,17622663168,0
209,1790719072625,4,4,4,4,4,4,4,4,4,4,71.70819091796875,70.05229187011719,69.64212036132813,69.94274139404297,62.35240173339844,70.957275390625,73.703125,40.90909194946289,57.142860412597656,5,0,0,0,9.523809432983398,0,0,0,12.824851989746094,25769803776,0,17668030464,0
209,1790719072835,4,4,4,4,4,4,4,4,4,4,71.70819091796875,70.05229187011719,69.64212036132813,69.94274139404297,62.35240173339844,70.957275390625,73.703125,40,42.85714340209961,45.45454788208008,19.047618865966797,13.636363983154297,9.523809432983398,0,4.545454502105713,0,0,12.824851989746094,25769803776,0,17740234752,0
209,1790719073045,4,4,4,4,4,4,4,4,4,4,71.70164489746094,70.13188171386719,69.56458282470703,69.91474914550781,62.21601104736328,70.95838165283203,73.46875,57.142860412597656,50,47.619049072265625,38.095237731933594,28.571430206298828,19.047618865966797,9.090909004211426,0,0,0,12.824851989746094,25769803776,0,17761501184,0
209,1790719073255,4,4,4,4,4,4,4,4,4,4,71.70164489746094,70.13188171386719,69.56458282470703,69.91474914550781,62.21601104736328,70.95838165283203,73.46875,50,50,45,38.095237731933594,28.571430206298828,25,5,0,4.545454502105713,0,12.824851989746094,25769803776,0,17773019136,0
209,1790719073465,4,4,4,4,4,4,4,4,4,4,71.70164489746094,70.13188171386719,69.56458282470703,69.91474914550781,62.21601104736328,70.95838165283203,73.46875,50,50,38.095237731933594,19.047618865966797,25,4.761904716491699,8.69565200805664,0,0,0,12.824851989746094,25769803776,0,17778294784,0
205,1790719073675,4,4,4,4,4,4,4,4,4,4,71.70164489746094,70.13188171386719,69.56458282470703,69.91474914550781,62.21601104736328,70.95838165283203,73.46875,33.333335876464844,27.272727966308594,23.809524536132813,10,13.636363983154297,4.545454502105713,0,0,0,0,12.560977935791016,25769803776,0,17842569216,0
209,1790719073880,4,4,4,4,4,4,4,4,4,4,71.70164489746094,70.13188171386719,69.56458282470703,69.91474914550781,62.21601104736328,70.95838165283203,73.46875,36.842105865478516,45,30.000001907348633,28.571430206298828,10,10,0,5,0,0,12.560977935791016,25769803776,0,17807966208,0
209,1790719074090,4,4,4,4,4,4,4,4,4,4,71.92121887207031,70.66255950927734,70.35086822509766,70.16163635253906,63.246917724609375,71.28657531738281,74.78125,54.54545593261719,50,45.45454788208008,33.333335876464844,23.809524536132813,9.523809432983398,4.761904716491699,0,0,0,12.560977935791016,25769803776,0,17772134400,0
209,1790719074300,4,4,4,4,4,4,4,4,4,4,71.92121887207031,70.66255950927734,70.35086822509766,70.16163635253906,63.246917724609375,71.28657531738281,74.78125,30.000001907348633,42.85714340209961,23.809524536132813,14.285715103149414,5,4.761904716491699,9.523809432983398,0,0,0,12.560977935791016,25769803776,0,17779998720,0
209,1790719074510,4,4,4,4,4,4,4,4,4,4,71.92121887207031,70.66255950927734,70.35086822509766,70.16163635253906,63.246917724609375,71.28657531738281,74.78125,27.272727966308594,18.18181800842285,15.000000953674316,4.761904716491699,18.18181800842285,0,4.761904716491699,4.761904716491699,4.545454502105713,0,13.21548080444336,25769803776,0,17702305792,0
209,1790719074720,4,4,4,4,4,4,4,4,4,4,71.92121887207031,70.66255950927734,70.35086822509766,70.16163635253906,63.246917724609375,71.28657531738281,74.78125,30.000001907348633,20,13.636363983154297,9.523809432983398,10,8.69565200805664,9.090909004211426,0,0,0,13.21548080444336,25769803776,0,17700700160,0
209,1790719074930,4,4,4,4,4,4,4,4,4,4,71.92121887207031,70.66255950927734,70.35086822509766,70.16163635253906,63.246917724609375,71.28657531738281,74.78125,9.090909004211426,4.761904716491699,0,0,0,0,5,0,4.545454502105713,0,13.21548080444336,25769803776,0,17700700160,0
209,1790719075140,4,4,4,4,4,4,4,4,4,4,71.77387237548828,70.52577209472656,70.12911224365234,70.02249145507813,62.88793182373047,71.1086654663086,74.171875,0,4.761904716491699,0,0,0,0,0,9.090909004211426,0,0,13.21548080444336,25769803776,0,17700913152,0
209,1790719075350,4,4,4,4,4,4,4,4,4,4,71.77387237548828,70.52577209472656,70.12911224365234,70.02249145507813,62.88793182373047,71.1086654663086,74.171875,4.761904716491699,0,4.761904716491699,0,0,0,0,5,0,0,13.21548080444336,25769803776,0,17683087360,0
209,1790719075560,4,4,4,4,4,4,4,4,4,4,71.77387237548828,70.52577209472656,70.12911224365234,70.02249145507813,62.88793182373047,71.1086654663086,74.171875,4.761904716491699,0,0,4.545454502105713,0,0,9.090909004211426,0,0,4.545454502105713,12.830097198486328,25769803776,0,17681039360,0
209,1790719075770,4,4,4,4,4,4,4,4,4,4,71.77387237548828,70.52577209472656,70.12911224365234,70.02249145507813,62.88793182373047,71.1086654663086,74.171875,0,4.545454502105713,0,0,0,0,5,0,0,0,12.830097198486328,25769803776,0,17680826368,0
209,1790719075980,4,4,4,4,4,4,4,4,4,4,71.77387237548828,70.52577209472656,70.12911224365234,70.02249145507813,62.88793182373047,71.1086654663086,74.171875,4.761904716491699,4.761904716491699,0,0,4.545454502105713,0,9.090909004211426,0,4.545454502105713,0,12.830097198486328,25769803776,0,17680826368,0
209,1790719076190,4,4,4,4,4,4,4,4,4,4,71.23695373535156,69.59257507324219,69.32085418701172,69.49757385253906,62.051918029785156,70.44917297363281,73.234375,4.761904716491699,0,0,0,0,0,5,0,0,0,12.830097198486328,25769803776,0,17669636096,0
209,1790719076400,4,4,4,4,4,4,4,4,4,4,71.23695373535156,69.59257507324219,69.32085418701172,69.49757385253906,62.051918029785156,70.44917297363281,73.234375,4.545454502105713,4.545454502105713,0,0,4.545454502105713,0,9.090909004211426,0,0,0,12.830097198486328,25769803776,0,17669537792,0
209,1790719076610,4,4,4,4,4,4,4,4,4,4,71.23695373535156,69.59257507324219,69.32085418701172,69.49757385253906,62.051918029785156,70.44917297363281,73.234375,0,4.545454502105713,4.545454502105713,4.545454502105713,0,0,0,4.761904716491699,0,0,11.094085693359375,25769803776,0,17667768320,0
209,1790719076820,4,4,4,4,4,4,4,4,4,4,71.23695373535156,69.59257507324219,69.32085418701172,69.49757385253906,62.051918029785156,70.44917297363281,73.234375,9.090909004211426,0,0,0,0,0,9.090909004211426,0,0,0,11.094085693359375,25769803776,0,17667604480,0
209,1790719077030,4,4,4,4,4,4,4,4,4,4,71.53715515136719,69.72496795654297,69.16796112060547,69.68795013427734,61.76416778564453,70.67518615722656,74.171875,0,0,0,0,0,0,0,0,0,0,11.094085693359375,25769803776,0,17667604480,0
209,1790719077240,4,4,4,4,4,4,4,4,4,4,71.53715515136719,69.72496795654297,69.16796112060547,69.68795013427734,61.76416778564453,70.67518615722656,74.171875,4.545454502105713,0,0,0,0,0,4.761904716491699,0,0,0,11.094085693359375,25769803776,0,17667538944,0
209,1790719077450,4,4,4,4,4,4,4,4,4,4,71.53715515136719,69.72496795654297,69.16796112060547,69.68795013427734,61.76416778564453,70.67518615722656,74.171875,0,0,0,0,0,0,9.523809432983398,0,0,0,11.094085693359375,25769803776,0,17667506176,0
209,1790719077660,4,4,4,4,4,4,4,4,4,4,71.53715515136719,69.72496795654297,69.16796112060547,69.68795013427734,61.76416778564453,70.67518615722656,74.171875,0,0,0,0,0,0,4.761904716491699,4.545454502105713,0,0,12.408119201660156,25769803776,0,17667309568,0
209,1790719077870,4,4,4,4,4,4,4,4,4,4,71.53715515136719,69.72496795654297,69.16796112060547,69.68795013427734,61.76416778564453,70.67518615722656,74.171875,4.761904716491699,0,4.761904716491699,0,0,0,9.090909004211426,0,0,0,12.408119201660156,25769803776,0,17667309568,0
209,1790719078080,4,4,4,4,4,4,4,4,4,4,71.64879608154297,69.93267822265625,69.31411743164063,69.8098373413086,61.910499572753906,70.81222534179688,74.40625,0,9.090909004211426,0,0,0,0,5,0,4.545454502105713,0,12.408119201660156,25769803776,0,17667309568,0
209,1790719078291,4,4,4,4,4,4,4,4,4,4,71.64879608154297,69.93267822265625,69.31411743164063,69.8098373413086,61.910499572753906,70.81222534179688,74.40625,0,0,0,0,0,0,4.761904716491699,0,0,0,12.408119201660156,25769803776,0,17667375104,0
209,1790719078501,4,4,4,4,4,4,4,4,4,4,71.64879608154297,69.93267822265625,69.31411743164063,69.8098373413086,61.910499572753906,70.81222534179688,74.40625,9.090909004211426,0,0,0,0,0,4.761904716491699,4.545454502105713,4.545454502105713,0,12.852428436279297,25769803776,0,17667391488,0
209,1790719078711,4,4,4,4,4,4,4,4,4,4,71.64879608154297,69.93267822265625,69.31411743164063,69.8098373413086,61.910499572753906,70.81222534179688,74.40625,0,0,4.545454502105713,0,0,0,5,0,0,0,12.852428436279297,25769803776,0,17667358720,0
200,1790719078921,4,4,4,4,4,4,4,4,4,4,71.64879608154297,69.93267822265625,69.31411743164063,69.8098373413086,61.910499572753906,70.81222534179688,74.40625,4.545454502105713,0,0,0,0,0,9.090909004211426,0,0,0,12.852428436279297,25769803776,0,17667358720,0
209,1790719079121,4,4,4,4,4,4,4,4,4,4,71.59358215332031,69.76545715332031,69.25302124023438,69.74246978759766,61.84937286376953,70.72640228271484,73.46875,0,0,0,0,0,0,5,0,0,0,12.852428436279297,25769803776,0,17667358720,0
209,1790719079331,4,4,4,4,4,4,4,4,4,4,71.59358215332031,69.76545715332031,69.25302124023438,69.74246978759766,61.84937286376953,70.72640228271484,73.46875,0,4.761904716491699,0,0,0,0,9.090909004211426,0,0,0,12.852428436279297,25769803776,0,17666998272,0
209,1790719079541,4,4,4,4,4,4,4,4,4,4,71.59358215332031,69.76545715332031,69.25302124023438,69.74246978759766,61.84937286376953,70.72640228271484,73.46875,4.761904716491699,0,0,0,0,0,5,4.545454502105713,0,4.545454502105713,12.515975952148438,25769803776,0,17666834432,0
209,1790719079751,4,4,4,4,4,4,4,4,4,4,71.59358215332031,69.76545715332031,69.25302124023438,69.74246978759766,61.84937286376953,70.72640228271484,73.46875,0,4.545454502105713,0,0,0,0,0,0,4.545454502105713,0,12.515975952148438,25769803776,0,17666834432,0
209,1790719079961,4,4,4,4,4,4,4,4,4,4,71.59358215332031,69.76545715332031,69.25302124023438,69.74246978759766,61.84937286376953,70.72640228271484,73.46875,4.545454502105713,0,0,0,0,0,9.090909004211426,0,0,0,12.515975952148438,25769803776,0,17666834432,0
209,1790719080171,4,4,4,4,4,4,4,4,4,4,71.55352020263672,69.87982177734375,69.255859375,69.70061492919922,61.849754333496094,70.71009063720703,73.234375,4.761904716491699,0,0,0,0,0,4.761904716491699,0,0,0,12.515975952148438,25769803776,0,17666834432,0
209,1790719080381,4,4,4,4,4,4,4,4,4,4,71.55352020263672,69.87982177734375,69.255859375,69.70061492919922,61.849754333496094,70.71009063720703,73.234375,4.761904716491699,0,4.545454502105713,0,0,0,9.523809432983398,0,0,0,12.515975952148438,25769803776,0,17666162688,0
206,1790719080591,4,4,4,4,4,4,4,4,4,4,71.55352020263672,69.87982177734375,69.255859375,69.70061492919922,61.849754333496094,70.71009063720703,73.234375,0,0,0,0,0,0,0,4.761904716491699,0,0,12.55440902709961,25769803776,0,17667850240,0
209,1790719080798,4,4,4,4,4,4,4,4,4,4,71.55352020263672,69.87982177734375,69.255859375,69.70061492919922,61.849754333496094,70.71009063720703,73.234375,5,9.090909004211426,0,0,0,0,4.761904716491699,0,0,0,12.55440902709961,25769803776,0,17666031616,0
209,1790719081008,4,4,4,4,4,4,4,4,4,4,71.58628845214844,69.69710540771484,69.36212921142578,69.74888610839844,62.060272216796875,70.75582122802734,76.203125,4.545454502105713,0,4.545454502105713,0,0,0,0,4.761904716491699,0,0,12.55440902709961,25769803776,0,17666031616,0
209,1790719081218,4,4,4,4,4,4,4,4,4,4,71.58628845214844,69.69710540771484,69.36212921142578,69.74888610839844,62.060272216796875,70.75582122802734,76.203125,0,0,0,0,0,0,9.090909004211426,0,0,4.761904716491699,12.55440902709961,25769803776,0,17666031616,0
209,1790719081428,4,4,4,4,4,4,4,4,4,4,71.58628845214844,69.69710540771484,69.36212921142578,69.74888610839844,62.060272216796875,70.75582122802734,76.203125,4.761904716491699,0,0,0,0,0,0,4.545454502105713,0,0,12.55440902709961,25769803776,0,17665736704,0
209,1790719081638,4,4,4,4,4,4,4,4,4,4,71.58628845214844,69.69710540771484,69.36212921142578,69.74888610839844,62.060272216796875,70.75582122802734,76.203125,0,4.761904716491699,0,0,0,0,4.761904716491699,0,4.545454502105713,0,12.478767395019531,25769803776,0,17665671168,0
209,1790719081848,4,4,4,4,4,4,4,4,4,4,71.58628845214844,69.69710540771484,69.36212921142578,69.74888610839844,62.060272216796875,70.75582122802734,76.203125,0,0,0,0,0,0,9.090909004211426,0,0,0,12.478767395019531,25769803776,0,17665622016,0
209,1790719082058,4,4,4,4,4,4,4,4,4,4,71.68740844726563,69.8366470336914,69.43695831298828,69.83291625976563,62.15217590332031,70.89484405517578,77.140625,4.545454502105713,0,0,0,0,0,0,9.523809432983398,0,0,12.478767395019531,25769803776,0,17665605632,0
209,1790719082268,4,4,4,4,4,4,4,4,4,4,71.68740844726563,69.8366470336914,69.43695831298828,69.83291625976563,62.15217590332031,70.89484405517578,77.140625,0,0,0,0,0,0,5,0,0,0,12.478767395019531,25769803776,0,17665605632,0
209,1790719082478,4,4,4,4,4,4,4,4,4,4,71.68740844726563,69.8366470336914,69.43695831298828,69.83291625976563,62.15217590332031,70.89484405517578,77.140625,0,0,0,0,0,0,9.090909004211426,0,0,0,12.478767395019531,25769803776,0,17665572864,0
209,1790719082688,4,4,4,4,4,4,4,4,4,4,71.68740844726563,69.8366470336914,69.43695831298828,69.83291625976563,62.15217590332031,70.89484405517578,77.140625,4.545454502105713,0,0,0,0,0,4.761904716491699,0,4.545454502105713,0,12.759746551513672,25769803776,0,17665556480,0
209,1790719082898,4,4,4,4,4,4,4,4,4,4,71.68740844726563,69.8366470336914,69.43695831298828,69.83291625976563,62.15217590332031,70.89484405517578,77.140625,0,0,0,0,0,0,0,0,0,0,12.759746551513672,25769803776,0,17665359872,0
209,1790719083108,4,4,4,4,4,4,4,4,4,4,71.70433807373047,69.81578063964844,69.31040954589844,69.86104583740234,61.925132751464844,70.90888977050781,77.953125,4.761904716491699,4.545454502105713,4.545454502105713,4.545454502105713,0,0,9.090909004211426,0,0,0,12.759746551513672,25769803776,0,17665409024,0
209,1790719083318,4,4,4,4,4,4,4,4,4,4,71.70433807373047,69.81578063964844,69.31040954589844,69.86104583740234,61.925132751464844,70.90888977050781,77.953125,4.761904716491699,4.761904716491699,0,0,0,0,5,0,0,0,12.759746551513672,25769803776,0,17665409024,0
209,1790719083528,4,4,4,4,4,4,4,4,4,4,71.70433807373047,69.81578063964844,69.31040954589844,69.86104583740234,61.925132751464844,70.90888977050781,77.953125,0,0,0,4.545454502105713,0,0,9.090909004211426,4.545454502105713,0,0,12.59841537475586,25769803776,0,17665589248,0
209,1790719083738,4,4,4,4,4,4,4,4,4,4,71.70433807373047,69.81578063964844,69.31040954589844,69.86104583740234,61.925132751464844,70.90888977050781,77.953125,4.761904716491699,0,0,0,0,0,0,0,4.545454502105713,0,12.59841537475586,25769803776,0,17665589248,0
209,1790719083948,4,4,4,4,4,4,4,4,4,4,71.70433807373047,69.81578063964844,69.31040954589844,69.86104583740234,61.925132751464844,70.90888977050781,77.953125,4.761904716491699,0,0,0,0,0,4.761904716491699,4.761904716491699,0,0,12.59841537475586,25769803776,0,17665638400,0
209,1790719084158,4,4,4,4,4,4,4,4,4,4,71.67134094238281,69.95935821533203,69.3644027709961,69.80239868164063,61.97002410888672,70.9158935546875,73.46875,4.761904716491699,4.761904716491699,4.545454502105713,0,0,0,9.090909004211426,0,0,0,12.59841537475586,25769803776,0,17665638400,0
209,1790719084368,4,4,4,4,4,4,4,4,4,4,71.67134094238281,69.95935821533203,69.3644027709961,69.80239868164063,61.97002410888672,70.9158935546875,73.46875,9.523809432983398,4.761904716491699,4.761904716491699,0,0,0,5,0,0,0,12.59841537475586,25769803776,0,17665638400,0
209,1790719084578,4,4,4,4,4,4,4,4,4,4,71.67134094238281,69.95935821533203,69.3644027709961,69.80239868164063,61.97002410888672,70.9158935546875,73.46875,0,0,0,0,0,0,9.090909004211426,0,4.545454502105713,0,12.680252075195313,25769803776,0,17660428288,0
199,1790719084788,4,4,4,4,4,4,4,4,4,4,71.67134094238281,69.95935821533203,69.3644027709961,69.80239868164063,61.97002410888672,70.9158935546875,73.46875,4.545454502105713,0,0,0,0,0,0,0,4.761904716491699,0,12.680252075195313,25769803776,0,17660428288,0
200,1790719084988,4,4,4,4,4,4,4,4,4,4,71.6288833618164,69.81443786621094,69.3101577758789,69.76657104492188,61.929229736328125,70.8408432006836,73.234375,0,0,0,0,0,0,0,0,0,0,12.680252075195313,25769803776,0,17660428288,0
203,1790719085189,4,4,4,4,4,4,4,4,4,4,71.6288833618164,69.81443786621094,69.3101577758789,69.76657104492188,61.929229736328125,70.8408432006836,73.234375,5,9.090909004211426,0,0,0,0,4.761904716491699,0,5,0,12.680252075195313,25769803776,0,17660428288,0
201,1790719085393,4,4,4,4,4,4,4,4,4,4,71.6288833618164,69.81443786621094,69.3101577758789,69.76657104492188,61.929229736328125,70.8408432006836,73.234375,10,5.263157844543457,10,0,0,0,15.000000953674316,14.285715103149414,0,0,12.680252075195313,25769803776,0,17660428288,0
209,1790719085594,4,4,4,4,4,4,4,4,4,4,71.6288833618164,69.81443786621094,69.3101577758789,69.76657104492188,61.929229736328125,70.8408432006836,73.234375,10,4.761904716491699,4.761904716491699,0,0,0,5,0,0,0,12.566577911376953,25769803776,0,17632985088,0
209,1790719085804,4,4,4,4,4,4,4,4,4,4,71.6288833618164,69.81443786621094,69.3101577758789,69.76657104492188,61.929229736328125,70.8408432006836,73.234375,9.090909004211426,4.761904716491699,0,0,4.545454502105713,0,9.523809432983398,0,0,0,12.566577911376953,25769803776,0,17632985088,0
209,1790719086014,4,4,4,4,4,4,4,4,4,4,71.73133087158203,70.00888061523438,69.48538208007813,69.81277465820313,62.15607452392578,71.02828216552734,74.171875,4.761904716491699,0,0,0,0,0,4.761904716491699,0,0,0,12.566577911376953,25769803776,0,17633034240,0
209,1790719086224,4,4,4,4,4,4,4,4,4,4,71.73133087158203,70.00888061523438,69.48538208007813,69.81277465820313,62.15607452392578,71.02828216552734,74.171875,9.523809432983398,9.090909004211426,9.090909004211426,4.545454502105713,4.545454502105713,0,9.090909004211426,0,0,0,12.566577911376953,25769803776,0,17633099776,0
207,1790719086434,4,4,4,4,4,4,4,4,4,4,71.73133087158203,70.00888061523438,69.48538208007813,69.81277465820313,62.15607452392578,71.02828216552734,74.171875,5,4.761904716491699,0,4.545454502105713,0,0,0,4.545454502105713,4.545454502105713,0,12.566577911376953,25769803776,0,17633099776,0
209,1790719086642,4,4,4,4,4,4,4,4,4,4,71.73133087158203,70.00888061523438,69.48538208007813,69.81277465820313,62.15607452392578,71.02828216552734,74.171875,0,0,0,0,0,0,4.761904716491699,4.545454502105713,4.545454502105713,0,12.57339096069336,25769803776,0,17633214464,0
205,1790719086852,4,4,4,4,4,4,4,4,4,4,71.73133087158203,70.00888061523438,69.48538208007813,69.81277465820313,62.15607452392578,71.02828216552734,74.171875,9.090909004211426,9.090909004211426,4.761904716491699,0,0,0,9.090909004211426,0,0,0,12.57339096069336,25769803776,0,17633787904,0
209,1790719087058,4,4,4,4,4,4,4,4,4,4,71.63095092773438,69.8394775390625,69.22789001464844,69.74964904785156,61.824554443359375,70.89573669433594,74.984375,47.619049072265625,31.57894515991211,19.047618865966797,4.761904716491699,0,9.090909004211426,5,0,0,0,12.57339096069336,25769803776,0,17641422848,0
209,1790719087268,4,4,4,4,4,4,4,4,4,4,71.63095092773438,69.8394775390625,69.22789001464844,69.74964904785156,61.824554443359375,70.89573669433594,74.984375,57.142860412597656,47.619049072265625,4.761904716491699,0,0,0,9.523809432983398,0,0,0,12.57339096069336,25769803776,0,17633067008,0
209,1790719087478,4,4,4,4,4,4,4,4,4,4,71.63095092773438,69.8394775390625,69.22789001464844,69.74964904785156,61.824554443359375,70.89573669433594,74.984375,52.38095474243164,42.85714340209961,4.761904716491699,0,0,0,4.761904716491699,0,0,0,12.57339096069336,25769803776,0,17632149504,0
209,1790719087688,4,4,4,4,4,4,4,4,4,4,71.63095092773438,69.8394775390625,69.22789001464844,69.74964904785156,61.824554443359375,70.89573669433594,74.984375,35,59.09090805053711,5,9.090909004211426,0,0,4.761904716491699,0,4.761904716491699,0,12.201271057128906,25769803776,0,17655840768,0
209,1790719087898,4,4,4,4,4,4,4,4,4,4,71.63095092773438,69.8394775390625,69.22789001464844,69.74964904785156,61.824554443359375,70.89573669433594,74.984375,47.619049072265625,60.000003814697266,13.636363983154297,9.523809432983398,9.523809432983398,5,9.090909004211426,0,4.545454502105713,0,12.201271057128906,25769803776,0,17682382848,0
204,1790719088108,4,4,4,4,4,4,4,4,4,4,71.79525756835938,70.05877685546875,69.38658142089844,69.9271240234375,61.95720672607422,71.09992980957031,73.703125,76.19047546386719,27.272727966308594,5,0,0,0,5,0,0,0,12.201271057128906,25769803776,0,17682382848,0
209,1790719088313,4,4,4,4,4,4,4,4,4,4,71.79525756835938,70.05877685546875,69.38658142089844,69.9271240234375,61.95720672607422,71.09992980957031,73.703125,85,0,19.047618865966797,0,4.761904716491699,0,4.761904716491699,0,0,0,12.201271057128906,25769803776,0,17682382848,0
203,1790719088523,4,4,4,4,4,4,4,4,4,4,71.79525756835938,70.05877685546875,69.38658142089844,69.9271240234375,61.95720672607422,71.09992980957031,73.703125,61.904762268066406,38.095237731933594,0,0,0,0,9.523809432983398,0,0,0,13.210136413574219,25769803776,0,17682382848,0
209,1790719088726,4,4,4,4,4,4,4,4,4,4,71.79525756835938,70.05877685546875,69.38658142089844,69.9271240234375,61.95720672607422,71.09992980957031,73.703125,47.619049072265625,60.000003814697266,14.285715103149414,9.523809432983398,9.523809432983398,9.523809432983398,5,0,0,0,13.210136413574219,25769803776,0,17641684992,0
209,1790719088936,4,4,4,4,4,4,4,4,4,4,71.79525756835938,70.05877685546875,69.38658142089844,69.9271240234375,61.95720672607422,71.09992980957031,73.703125,33.333335876464844,68.18181610107422,0,0,0,0,0,0,4.761904716491699,0,13.210136413574219,25769803776,0,17643290624,0
209,1790719089146,4,4,4,4,4,4,4,4,4,4,71.71356201171875,70.04035949707031,69.32846069335938,69.79558563232422,61.90190887451172,71.02670288085938,73.46875,100,0,0,4.545454502105713,0,0,4.545454502105713,0,0,0,13.210136413574219,25769803776,0,17636130816,0
209,1790719089356,4,4,4,4,4,4,4,4,4,4,71.71356201171875,70.04035949707031,69.32846069335938,69.79558563232422,61.90190887451172,71.02670288085938,73.46875,80,9.090909004211426,0,0,0,20,4.761904716491699,0,0,0,13.210136413574219,25769803776,0,17636360192,0
209,1790719089566,4,4,4,4,4,4,4,4,4,4,71.71356201171875,70.04035949707031,69.32846069335938,69.79558563232422,61.90190887451172,71.02670288085938,73.46875,4.761904716491699,0,0,0,0,100,5,0,0,0,12.581192016601563,25769803776,0,17636360192,0
209,1790719089776,4,4,4,4,4,4,4,4,4,4,71.71356201171875,70.04035949707031,69.32846069335938,69.79558563232422,61.90190887451172,71.02670288085938,73.46875,4.761904716491699,0,0,0,0,100,9.090909004211426,0,0,0,12.581192016601563,25769803776,0,17636491264,0
209,1790719089987,4,4,4,4,4,4,4,4,4,4,71.58028411865234,69.84293365478516,69.32941436767578,69.71009826660156,61.941062927246094,70.7928466796875,73.46875,59.09090805053711,28.571430206298828,0,0,14.285715103149414,4.545454502105713,4.761904716491699,4.545454502105713,0,0,12.581192016601563,25769803776,0,17636507648,0
209,1790719090197,4,4,4,4,4,4,4,4,4,4,71.58028411865234,69.84293365478516,69.32941436767578,69.71009826660156,61.941062927246094,70.7928466796875,73.46875,85.71428680419922,15.000000953674316,8.69565200805664,0,0,0,0,4.545454502105713,4.545454502105713,0,12.581192016601563,25769803776,0,17636507648,0
209,1790719090407,4,4,4,4,4,4,4,4,4,4,71.58028411865234,69.84293365478516,69.32941436767578,69.71009826660156,61.941062927246094,70.7928466796875,73.46875,85,4.761904716491699,0,19.047618865966797,0,0,9.090909004211426,0,4.545454502105713,0,12.581192016601563,25769803776,0,17636507648,0
209,1790719090617,4,4,4,4,4,4,4,4,4,4,71.58028411865234,69.84293365478516,69.32941436767578,69.71009826660156,61.941062927246094,70.7928466796875,73.46875,4.545454502105713,4.545454502105713,0,100,0,0,5,0,0,0,12.474254608154297,25769803776,0,17636507648,0
209,1790719090827,4,4,4,4,4,4,4,4,4,4,71.58028411865234,69.84293365478516,69.32941436767578,69.71009826660156,61.941062927246094,70.7928466796875,73.46875,30.000001907348633,0,0,70,0,0,9.090909004211426,0,0,0,12.474254608154297,25769803776,0,17636802560,0
209,1790719091037,4,4,4,4,4,4,4,4,4,4,71.5664291381836,70.00141906738281,69.36515808105469,69.71150970458984,61.96388244628906,70.83065032958984,73.234375,100,0,0,0,0,0,4.761904716491699,0,0,0,12.474254608154297,25769803776,0,17636802560,0
209,1790719091247,4,4,4,4,4,4,4,4,4,4,71.5664291381836,70.00141906738281,69.36515808105469,69.71150970458984,61.96388244628906,70.83065032958984,73.234375,18.18181800842285,33.333335876464844,4.761904716491699,4.761904716491699,59.09090805053711,0,9.090909004211426,0,0,0,12.474254608154297,25769803776,0,17632657408,0
209,1790719091457,4,4,4,4,4,4,4,4,4,4,71.5664291381836,70.00141906738281,69.36515808105469,69.71150970458984,61.96388244628906,70.83065032958984,73.234375,0,4.545454502105713,0,0,100,0,0,0,0,0,12.474254608154297,25769803776,0,17632657408,0
209,1790719091667,4,4,4,4,4,4,4,4,4,4,71.5664291381836,70.00141906738281,69.36515808105469,69.71150970458984,61.96388244628906,70.83065032958984,73.234375,4.545454502105713,0,0,0,100,0,4.761904716491699,0,4.761904716491699,0,12.60470962524414,25769803776,0,17632657408,0
209,1790719091877,4,4,4,4,4,4,4,4,4,4,71.5664291381836,70.00141906738281,69.36515808105469,69.71150970458984,61.96388244628906,70.83065032958984,73.234375,0,0,0,0,100,0,9.090909004211426,8.69565200805664,0,0,12.60470962524414,25769803776,0,17632460800,0
209,1790719092087,4,4,4,4,4,4,4,4,4,4,71.5724105834961,69.81414794921875,69.29520416259766,69.71449279785156,61.910614013671875,70.83456420898438,73.234375,28.571430206298828,10,27.272727966308594,9.523809432983398,61.904762268066406,9.523809432983398,4.761904716491699,0,0,0,12.60470962524414,25769803776,0,17650843648,0
209,1790719092297,4,4,4,4,4,4,4,4,4,4,71.5724105834961,69.81414794921875,69.29520416259766,69.71449279785156,61.910614013671875,70.83456420898438,73.234375,23.809524536132813,13.636363983154297,85,0,14.285715103149414,0,0,5,0,0,12.60470962524414,25769803776,0,17651351552,0
209,1790719092507,4,4,4,4,4,4,4,4,4,4,71.5724105834961,69.81414794921875,69.29520416259766,69.71449279785156,61.910614013671875,70.83456420898438,73.234375,90.47618865966797,10,9.523809432983398,9.090909004211426,4.761904716491699,0,9.090909004211426,0,0,0,12.518314361572266,25769803776,0,17651400704,0
209,1790719092717,4,4,4,4,4,4,4,4,4,4,71.5724105834961,69.81414794921875,69.29520416259766,69.71449279785156,61.910614013671875,70.83456420898438,73.234375,35,76.19047546386719,4.761904716491699,4.545454502105713,9.523809432983398,0,4.761904716491699,0,0,0,12.518314361572266,25769803776,0,17651400704,0
209,1790719092927,4,4,4,4,4,4,4,4,4,4,71.5724105834961,69.81414794921875,69.29520416259766,69.71449279785156,61.910614013671875,70.83456420898438,73.234375,38.095237731933594,47.619049072265625,23.809524536132813,10,4.761904716491699,4.761904716491699,4.761904716491699,0,0,0,12.518314361572266,25769803776,0,17644191744,0
209,1790719093137,4,4,4,4,4,4,4,4,4,4,71.3916244506836,69.89058685302734,69.38880157470703,69.58159637451172,62.07366943359375,70.65441131591797,75.953125,38.095237731933594,52.38095474243164,10,4.761904716491699,0,0,4.761904716491699,4.545454502105713,4.545454502105713,0,12.518314361572266,25769803776,0,17648205824,0
209,1790719093347,4,4,4,4,4,4,4,4,4,4,71.3916244506836,69.89058685302734,69.38880157470703,69.58159637451172,62.07366943359375,70.65441131591797,75.953125,71.42857360839844,38.095237731933594,13.636363983154297,0,4.761904716491699,0,5,0,0,0,12.518314361572266,25769803776,0,17648205824,0
209,1790719093557,4,4,4,4,4,4,4,4,4,4,71.3916244506836,69.89058685302734,69.38880157470703,69.58159637451172,62.07366943359375,70.65441131591797,75.953125,71.42857360839844,75,9.523809432983398,18.18181800842285,4.761904716491699,8.69565200805664,9.090909004211426,0,0,0,12.246711730957031,25769803776,0,17648205824,0
207,1790719093767,4,4,4,4,4,4,4,4,4,4,71.3916244506836,69.89058685302734,69.38880157470703,69.58159637451172,62.07366943359375,70.65441131591797,75.953125,85.71428680419922,54.54545593261719,75,33.333335876464844,33.333335876464844,30.000001907348633,4.761904716491699,4.761904716491699,0,0,12.246711730957031,25769803776,0,17648205824,0
202,1790719093975,4,4,4,4,4,4,4,4,4,4,71.3916244506836,69.89058685302734,69.38880157470703,69.58159637451172,62.07366943359375,70.65441131591797,75.953125,100,100,100,100,100,100,0,0,0,0,12.246711730957031,25769803776,0,17646862336,0
202,1790719094177,4,4,4,4,4,4,4,4,4,4,71.62002563476563,69.95121765136719,69.36133575439453,69.76438903808594,62.025108337402344,70.88179016113281,73.234375,100,100,100,100,100,100,0,5,4.761904716491699,0,12.246711730957031,25769803776,0,17645371392,0
202,1790719094380,4,4,4,4,4,4,4,4,4,4,71.62002563476563,69.95121765136719,69.36133575439453,69.76438903808594,62.025108337402344,70.88179016113281,73.234375,38.095237731933594,80.95238494873047,38.095237731933594,21.052631378173828,28.571430206298828,47.619049072265625,9.523809432983398,0,0,0,12.246711730957031,25769803776,0,17631985664,0
209,1790719094583,4,4,4,4,4,4,4,4,4,4,71.62002563476563,69.95121765136719,69.36133575439453,69.76438903808594,62.025108337402344,70.88179016113281,73.234375,47.36842346191406,21.052631378173828,0,4.761904716491699,26.3157901763916,0,0,0,0,0,12.653911590576172,25769803776,0,17631985664,0
209,1790719094793,4,4,4,4,4,4,4,4,4,4,71.62002563476563,69.95121765136719,69.36133575439453,69.76438903808594,62.025108337402344,70.88179016113281,73.234375,72.7272720336914,31.81818199157715,0,0,0,0,9.090909004211426,4.545454502105713,4.545454502105713,0,12.653911590576172,25769803776,0,17631985664,0
209,1790719095003,4,4,4,4,4,4,4,4,4,4,71.65531158447266,70.1778564453125,69.6036605834961,69.82864379882813,62.2410888671875,70.9411392211914,73.46875,60.000003814697266,36.842105865478516,4.761904716491699,0,0,0,4.761904716491699,0,0,0,12.653911590576172,25769803776,0,17631068160,0
209,1790719095213,4,4,4,4,4,4,4,4,4,4,71.65531158447266,70.1778564453125,69.6036605834961,69.82864379882813,62.2410888671875,70.9411392211914,73.46875,86.36363983154297,18.18181800842285,0,4.545454502105713,0,0,4.761904716491699,0,0,0,12.653911590576172,25769803776,0,17630838784,0
209,1790719095423,4,4,4,4,4,4,4,4,4,4,71.65531158447266,70.1778564453125,69.6036605834961,69.82864379882813,62.2410888671875,70.9411392211914,73.46875,100,4.761904716491699,4.761904716491699,0,4.545454502105713,0,9.523809432983398,0,0,0,12.653911590576172,25769803776,0,17630822400,0
209,1790719095633,4,4,4,4,4,4,4,4,4,4,71.65531158447266,70.1778564453125,69.6036605834961,69.82864379882813,62.2410888671875,70.9411392211914,73.46875,61.904762268066406,33.333335876464844,0,0,5,0,4.761904716491699,4.545454502105713,0,0,13.399188995361328,25769803776,0,17630756864,0
209,1790719095843,4,4,4,4,4,4,4,4,4,4,71.65531158447266,70.1778564453125,69.6036605834961,69.82864379882813,62.2410888671875,70.9411392211914,73.46875,95.23809814453125,4.761904716491699,0,0,0,0,9.090909004211426,0,0,0,13.399188995361328,25769803776,0,17631395840,0
209,1790719096053,4,4,4,4,4,4,4,4,4,4,71.47113800048828,69.95296478271484,69.27411651611328,69.6128921508789,61.87229919433594,70.7004623413086,73.234375,55,47.619049072265625,0,0,0,0,5,0,0,0,13.399188995361328,25769803776,0,17631854592,0
209,1790719096263,4,4,4,4,4,4,4,4,4,4,71.47113800048828,69.95296478271484,69.27411651611328,69.6128921508789,61.87229919433594,70.7004623413086,73.234375,95.45454406738281,0,4.761904716491699,4.761904716491699,0,0,4.761904716491699,0,4.545454502105713,0,13.399188995361328,25769803776,0,17632067584,0
209,1790719096473,4,4,4,4,4,4,4,4,4,4,71.47113800048828,69.95296478271484,69.27411651611328,69.6128921508789,61.87229919433594,70.7004623413086,73.234375,70,4.761904716491699,0,0,34.78260803222656,0,4.761904716491699,0,0,0,13.399188995361328,25769803776,0,17631297536,0
209,1790719096683,4,4,4,4,4,4,4,4,4,4,71.47113800048828,69.95296478271484,69.27411651611328,69.6128921508789,61.87229919433594,70.7004623413086,73.234375,95.45454406738281,4.545454502105713,0,4.545454502105713,0,0,4.761904716491699,4.545454502105713,0,0,11.995647430419922,25769803776,0,17631592448,0
209,1790719096893,4,4,4,4,4,4,4,4,4,4,71.47113800048828,69.95296478271484,69.27411651611328,69.6128921508789,61.87229919433594,70.7004623413086,73.234375,100,4.761904716491699,0,0,0,0,9.090909004211426,0,0,0,11.995647430419922,25769803776,0,17631592448,0
209,1790719097103,4,4,4,4,4,4,4,4,4,4,71.5501708984375,69.86964416503906,69.30062103271484,69.65939331054688,61.92205047607422,70.7393569946289,73.234375,95.45454406738281,0,0,0,0,0,5,0,0,0,11.995647430419922,25769803776,0,17631068160,0
209,1790719097313,4,4,4,4,4,4,4,4,4,4,71.5501708984375,69.86964416503906,69.30062103271484,69.65939331054688,61.92205047607422,70.7393569946289,73.234375,100,0,4.545454502105713,0,0,4.545454502105713,9.090909004211426,0,0,0,11.995647430419922,25769803776,0,17630953472,0
209,1790719097523,4,4,4,4,4,4,4,4,4,4,71.5501708984375,69.86964416503906,69.30062103271484,69.65939331054688,61.92205047607422,70.7393569946289,73.234375,66.66667175292969,4.761904716491699,33.333335876464844,0,0,0,0,0,4.761904716491699,0,13.089408874511719,25769803776,0,17630183424,0
209,1790719097733,4,4,4,4,4,4,4,4,4,4,71.5501708984375,69.86964416503906,69.30062103271484,69.65939331054688,61.92205047607422,70.7393569946289,73.234375,75,28.571430206298828,0,0,0,0,5,0,0,0,13.089408874511719,25769803776,0,17630478336,0
209,1790719097943,4,4,4,4,4,4,4,4,4,4,71.5501708984375,69.86964416503906,69.30062103271484,69.65939331054688,61.92205047607422,70.7393569946289,73.234375,40.90909194946289,61.904762268066406,0,0,0,0,9.090909004211426,0,0,0,13.089408874511719,25769803776,0,17630085120,0
200,1790719098153,4,4,4,4,4,4,4,4,4,4,71.64775085449219,70.0128173828125,69.31769561767578,69.72723388671875,61.90484619140625,70.87822723388672,73.234375,63.6363639831543,33.333335876464844,0,9.090909004211426,0,0,4.761904716491699,4.545454502105713,4.545454502105713,0,13.089408874511719,25769803776,0,17630330880,0
209,1790719098353,4,4,4,4,4,4,4,4,4,4,71.64775085449219,70.0128173828125,69.31769561767578,69.72723388671875,61.90484619140625,70.87822723388672,73.234375,100,0,0,0,0,0,9.523809432983398,0,0,0,13.089408874511719,25769803776,0,17632116736,0
209,1790719098563,4,4,4,4,4,4,4,4,4,4,71.64775085449219,70.0128173828125,69.31769561767578,69.72723388671875,61.90484619140625,70.87822723388672,73.234375,100,0,0,0,0,0,0,0,0,0,13.92813491821289,25769803776,0,17629429760,0
209,1790719098774,4,4,4,4,4,4,4,4,4,4,71.64775085449219,70.0128173828125,69.31769561767578,69.72723388671875,61.90484619140625,70.87822723388672,73.234375,85,18.18181800842285,4.545454502105713,0,0,0,0,0,0,0,13.92813491821289,25769803776,0,17629429760,0
209,1790719098984,4,4,4,4,4,4,4,4,4,4,71.64775085449219,69.833740234375,69.28874969482422,69.72723388671875,61.897605895996094,70.87822723388672,73.234375,42.85714340209961,60.000003814697266,0,0,0,0,9.090909004211426,0,4.545454502105713,0,13.92813491821289,25769803776,0,17629429760,0
209,1790719099193,4,4,4,4,4,4,4,4,4,4,71.60948181152344,69.833740234375,69.28874969482422,69.72444152832031,61.897605895996094,70.80286407470703,73.46875,100,4.761904716491699,4.761904716491699,0,4.545454502105713,0,4.761904716491699,0,0,0,13.92813491821289,25769803776,0,17628839936,0
209,1790719099404,4,4,4,4,4,4,4,4,4,4,71.60948181152344,69.833740234375,69.28874969482422,69.72444152832031,61.897605895996094,70.80286407470703,73.46875,95.45454406738281,4.545454502105713,0,0,0,0,4.761904716491699,4.545454502105713,0,4.761904716491699,13.92813491821289,25769803776,0,17628954624,0
209,1790719099614,4,4,4,4,4,4,4,4,4,4,71.60948181152344,69.833740234375,69.28874969482422,69.72444152832031,61.897605895996094,70.80286407470703,73.46875,100,4.761904716491699,0,0,0,0,9.090909004211426,0,0,0,13.732715606689453,25769803776,0,17628774400,0
209,1790719099824,4,4,4,4,4,4,4,4,4,4,71.60948181152344,69.833740234375,69.28874969482422,69.72444152832031,61.897605895996094,70.80286407470703,73.46875,100,0,0,4.545454502105713,0,4.545454502105713,0,4.761904716491699,0,0,13.732715606689453,25769803776,0,17628299264,0
209,1790719100034,4,4,4,4,4,4,4,4,4,4,71.66466522216797,69.86711120605469,69.42449951171875,69.8203125,62.10394287109375,70.90435791015625,73.46875,90,10,9.090909004211426,0,0,0,4.761904716491699,0,0,0,13.732715606689453,25769803776,0,17628299264,0
209,1790719100244,4,4,4,4,4,4,4,4,4,4,71.66466522216797,69.86711120605469,69.42449951171875,69.8203125,62.10394287109375,70.90435791015625,73.46875,57.142860412597656,42.85714340209961,0,4.545454502105713,0,0,0,0,9.523809432983398,0,13.732715606689453,25769803776,0,17627873280,0
204,1790719100454,4,4,4,4,4,4,4,4,4,4,71.66466522216797,69.86711120605469,69.42449951171875,69.8203125,62.10394287109375,70.90435791015625,73.46875,13.043478012084961,71.42857360839844,0,0,0,20,4.761904716491699,4.545454502105713,0,0,13.732715606689453,25769803776,0,17627283456,0
209,1790719100658,4,4,4,4,4,4,4,4,4,4,71.66466522216797,69.86711120605469,69.42449951171875,69.8203125,62.10394287109375,70.90435791015625,73.46875,50,23.809524536132813,0,0,0,33.333335876464844,5,0,0,0,13.23477554321289,25769803776,0,17627627520,0
209,1790719100868,4,4,4,4,4,4,4,4,4,4,71.66466522216797,69.86711120605469,69.42449951171875,69.8203125,62.10394287109375,70.90435791015625,73.46875,80.95238494873047,23.809524536132813,0,0,0,0,9.090909004211426,0,0,0,13.23477554321289,25769803776,0,17627430912,0
209,1790719101078,4,4,4,4,4,4,4,4,4,4,71.74234771728516,69.8179931640625,69.28849792480469,69.84449768066406,61.91100311279297,71.01184844970703,77.609375,100,0,0,0,0,0,4.761904716491699,4.545454502105713,0,0,13.23477554321289,25769803776,0,17627152384,0
204,1790719101288,4,4,4,4,4,4,4,4,4,4,71.74234771728516,69.8179931640625,69.28849792480469,69.84449768066406,61.91100311279297,71.01184844970703,77.609375,100,0,4.761904716491699,0,0,0,5,0,0,0,13.23477554321289,25769803776,0,17627168768,0
209,1790719101493,4,4,4,4,4,4,4,4,4,4,71.74234771728516,69.8179931640625,69.28849792480469,69.84449768066406,61.91100311279297,71.01184844970703,77.609375,100,4.761904716491699,4.761904716491699,0,0,0,9.090909004211426,0,4.545454502105713,0,12.638561248779297,25769803776,0,17627021312,0
209,1790719101703,4,4,4,4,4,4,4,4,4,4,71.74234771728516,69.8179931640625,69.28849792480469,69.84449768066406,61.91100311279297,71.01184844970703,77.609375,59.09090805053711,38.095237731933594,0,0,0,0,0,0,0,0,12.638561248779297,25769803776,0,17627054080,0
202,1790719101913,4,4,4,4,4,4,4,4,4,4,71.74234771728516,69.8179931640625,69.28849792480469,69.84449768066406,61.91100311279297,71.01184844970703,77.609375,73.68421173095703,33.333335876464844,0,0,0,0,9.090909004211426,0,0,0,12.638561248779297,25769803776,0,17627054080,0
201,1790719102115,4,4,4,4,4,4,4,4,4,4,71.61397552490234,69.92659759521484,69.36012268066406,69.7303466796875,61.97747039794922,70.81443786621094,73.46875,57.142860412597656,0,10.526315689086914,0,0,33.333335876464844,5,4.761904716491699,0,0,12.638561248779297,25769803776,0,17627054080,0
209,1790719102317,4,4,4,4,4,4,4,4,4,4,71.61397552490234,69.92659759521484,69.36012268066406,69.7303466796875,61.97747039794922,70.81443786621094,73.46875,100,0,0,0,0,0,5,0,0,0,12.638561248779297,25769803776,0,17626611712,0
209,1790719102527,4,4,4,4,4,4,4,4,4,4,71.61397552490234,69.92659759521484,69.36012268066406,69.7303466796875,61.97747039794922,70.81443786621094,73.46875,100,4.761904716491699,0,0,0,0,9.090909004211426,0,0,0,12.633552551269531,25769803776,0,17628561408,0
209,1790719102737,4,4,4,4,4,4,4,4,4,4,71.61397552490234,69.92659759521484,69.36012268066406,69.7303466796875,61.97747039794922,70.81443786621094,73.46875,100,0,0,0,0,0,0,0,0,0,12.633552551269531,25769803776,0,17626611712,0
204,1790719102947,4,4,4,4,4,4,4,4,4,4,71.61397552490234,69.92659759521484,69.36012268066406,69.7303466796875,61.97747039794922,70.81443786621094,73.46875,90.90909576416016,9.523809432983398,13.636363983154297,9.523809432983398,13.636363983154297,4.761904716491699,4.761904716491699,0,0,0,12.633552551269531,25769803776,0,17626611712,0
202,1790719103151,4,4,4,4,4,4,4,4,4,4,71.5662612915039,69.96063995361328,69.30547332763672,69.6917724609375,61.90379333496094,70.76847839355469,73.234375,47.36842346191406,80,40,66.66667175292969,33.333335876464844,25,5,4.761904716491699,4.761904716491699,0,12.633552551269531,25769803776,0,17626611712,0
209,1790719103354,4,4,4,4,4,4,4,4,4,4,71.5662612915039,69.96063995361328,69.30547332763672,69.6917724609375,61.90379333496094,70.76847839355469,73.234375,80,40,10,5.263157844543457,0,13.636363983154297,9.523809432983398,0,0,0,12.633552551269531,25769803776,0,17630347264,0
203,1790719103564,4,4,4,4,4,4,4,4,4,4,71.5662612915039,69.96063995361328,69.30547332763672,69.6917724609375,61.90379333496094,70.76847839355469,73.234375,54.54545593261719,47.619049072265625,0,0,0,0,9.523809432983398,4.761904716491699,0,0,12.558353424072266,25769803776,0,17630396416,0
209,1790719103768,4,4,4,4,4,4,4,4,4,4,71.5662612915039,69.96063995361328,69.30547332763672,69.6917724609375,61.90379333496094,70.76847839355469,73.234375,100,4.761904716491699,4.545454502105713,0,4.761904716491699,0,10,0,0,0,12.558353424072266,25769803776,0,17629609984,0
209,1790719103978,4,4,4,4,4,4,4,4,4,4,71.5662612915039,69.96063995361328,69.30547332763672,69.6917724609375,61.90379333496094,70.76847839355469,73.234375,100,0,4.761904716491699,0,0,0,4.761904716491699,0,0,0,12.558353424072266,25769803776,0,17629609984,0
203,1790719104188,4,4,4,4,4,4,4,4,4,4,71.38103485107422,69.51484680175781,69.0204086303711,69.58555603027344,61.62657928466797,70.56258392333984,73.234375,14.285715103149414,70,20,8.69565200805664,0,0,9.523809432983398,0,4.545454502105713,0,12.558353424072266,25769803776,0,17629609984,0
209,1790719104391,4,4,4,4,4,4,4,4,4,4,71.38103485107422,69.51484680175781,69.0204086303711,69.58555603027344,61.62657928466797,70.56258392333984,73.234375,5,85.71428680419922,14.285715103149414,0,0,0,5,0,0,0,12.558353424072266,25769803776,0,17627676672,0
209,1790719104601,4,4,4,4,4,4,4,4,4,4,71.38103485107422,69.51484680175781,69.0204086303711,69.58555603027344,61.62657928466797,70.56258392333984,73.234375,52.38095474243164,28.571430206298828,50,14.285715103149414,10,0,9.523809432983398,0,0,0,12.783390045166016,25769803776,0,17632854016,0
209,1790719104811,4,4,4,4,4,4,4,4,4,4,71.38103485107422,69.51484680175781,69.0204086303711,69.58555603027344,61.62657928466797,70.56258392333984,73.234375,61.904762268066406,9.523809432983398,36.3636360168457,0,0,0,0,9.523809432983398,4.545454502105713,0,12.783390045166016,25769803776,0,17632854016,0
203,1790719105021,4,4,4,4,4,4,4,4,4,4,71.22705078125,69.31822204589844,68.8968505859375,69.43445587158203,61.59276580810547,70.44707489013672,72.75,63.6363639831543,42.85714340209961,0,0,8.69565200805664,0,9.523809432983398,0,0,0,12.783390045166016,25769803776,0,17632854016,0
209,1790719105225,4,4,4,4,4,4,4,4,4,4,71.22705078125,69.31822204589844,68.8968505859375,69.43445587158203,61.59276580810547,70.44707489013672,72.75,0,20,80,4.761904716491699,0,0,9.523809432983398,4.761904716491699,0,0,12.783390045166016,25769803776,0,17632854016,0
209,1790719105435,4,4,4,4,4,4,4,4,4,4,71.22705078125,69.31822204589844,68.8968505859375,69.43445587158203,61.59276580810547,70.44707489013672,72.75,9.090909004211426,4.761904716491699,95.45454406738281,0,0,0,4.761904716491699,0,0,0,12.783390045166016,25769803776,0,17630658560,0
209,1790719105645,4,4,4,4,4,4,4,4,4,4,71.22705078125,69.31822204589844,68.8968505859375,69.43445587158203,61.59276580810547,70.44707489013672,72.75,66.66667175292969,4.545454502105713,4.761904716491699,30.000001907348633,0,0,4.761904716491699,4.761904716491699,0,0,12.200492858886719,25769803776,0,17631100928,0
205,1790719105855,4,4,4,4,4,4,4,4,4,4,71.22705078125,69.31822204589844,68.8968505859375,69.43445587158203,61.59276580810547,70.44707489013672,72.75,55,20,0,31.81818199157715,0,0,4.761904716491699,0,0,4.545454502105713,12.200492858886719,25769803776,0,17629298688,0
209,1790719106061,4,4,4,4,4,4,4,4,4,4,71.27679443359375,69.33416748046875,68.84796142578125,69.47590637207031,61.504966735839844,70.45943450927734,74.296875,61.904762268066406,38.095237731933594,0,0,0,0,0,0,0,0,12.200492858886719,25769803776,0,17629298688,0
209,1790719106271,4,4,4,4,4,4,4,4,4,4,71.27679443359375,69.33416748046875,68.84796142578125,69.47590637207031,61.504966735839844,70.45943450927734,74.296875,4.761904716491699,10,4.761904716491699,90,0,0,9.523809432983398,0,0,0,12.200492858886719,25769803776,0,17629298688,0
209,1790719106481,4,4,4,4,4,4,4,4,4,4,71.27679443359375,69.33416748046875,68.84796142578125,69.47590637207031,61.504966735839844,70.45943450927734,74.296875,0,4.545454502105713,4.545454502105713,100,0,0,4.761904716491699,0,0,0,12.200492858886719,25769803776,0,17624776704,0
209,1790719106691,4,4,4,4,4,4,4,4,4,4,71.27679443359375,69.33416748046875,68.84796142578125,69.47590637207031,61.504966735839844,70.45943450927734,74.296875,45.45454788208008,28.571430206298828,0,33.333335876464844,0,0,9.523809432983398,4.761904716491699,4.545454502105713,0,12.510856628417969,25769803776,0,17625235456,0
209,1790719106901,4,4,4,4,4,4,4,4,4,4,71.27679443359375,69.33416748046875,68.84796142578125,69.47590637207031,61.504966735839844,70.45943450927734,74.296875,52.38095474243164,50,5,4.545454502105713,0,0,4.761904716491699,0,0,0,12.510856628417969,25769803776,0,17625481216,0
201,1790719107111,4,4,4,4,4,4,4,4,4,4,71.31468200683594,69.51167297363281,68.90135192871094,69.51740264892578,61.56391143798828,70.49386596679688,72.984375,75,57.142860412597656,57.142860412597656,14.285715103149414,0,0,13.636363983154297,4.545454502105713,0,0,12.510856628417969,25769803776,0,17729273856,0
203,1790719107313,4,4,4,4,4,4,4,4,4,4,71.31468200683594,69.51167297363281,68.90135192871094,69.51740264892578,61.56391143798828,70.49386596679688,72.984375,57.142860412597656,50,10,0,4.761904716491699,4.761904716491699,5.263157844543457,0,0,0,12.510856628417969,25769803776,0,17729273856,0
209,1790719107517,4,4,4,4,4,4,4,4,4,4,71.31468200683594,69.51167297363281,68.90135192871094,69.51740264892578,61.56391143798828,70.49386596679688,72.984375,60.000003814697266,52.38095474243164,9.523809432983398,4.761904716491699,0,0,9.523809432983398,0,0,0,12.55398178100586,25769803776,0,17706123264,0
209,1790719107727,4,4,4,4,4,4,4,4,4,4,71.31468200683594,69.51167297363281,68.90135192871094,69.51740264892578,61.56391143798828,70.49386596679688,72.984375,47.619049072265625,57.142860412597656,9.090909004211426,0,4.545454502105713,0,5,0,0,0,12.55398178100586,25769803776,0,17706205184,0
209,1790719107937,4,4,4,4,4,4,4,4,4,4,71.31468200683594,69.51167297363281,68.90135192871094,69.51740264892578,61.56391143798828,70.49386596679688,72.984375,52.38095474243164,52.38095474243164,9.523809432983398,4.545454502105713,0,0,4.545454502105713,0,0,0,12.55398178100586,25769803776,0,17708220416,0
200,1790719108148,4,4,4,4,4,4,4,4,4,4,71.18247985839844,69.17671966552734,68.73284912109375,69.3658676147461,61.406158447265625,70.37699890136719,72.984375,60.000003814697266,47.619049072265625,5,4.761904716491699,0,0,4.761904716491699,0,0,0,12.55398178100586,25769803776,0,17680482304,0
204,1790719108349,4,4,4,4,4,4,4,4,4,4,71.18247985839844,69.17671966552734,68.73284912109375,69.3658676147461,61.406158447265625,70.37699890136719,72.984375,61.904762268066406,45,10,0,0,0,5.263157844543457,0,0,0,12.55398178100586,25769803776,0,17666899968,0
201,1790719108553,4,4,4,4,4,4,4,4,4,4,71.18247985839844,69.17671966552734,68.73284912109375,69.3658676147461,61.406158447265625,70.37699890136719,72.984375,55,50,14.285715103149414,9.523809432983398,0,0,9.090909004211426,0,0,0,12.65445327758789,25769803776,0,17666998272,0
209,1790719108755,4,4,4,4,4,4,4,4,4,4,71.18247985839844,69.17671966552734,68.73284912109375,69.3658676147461,61.406158447265625,70.37699890136719,72.984375,45,45,36.842105865478516,25,25,15.000000953674316,5,0,0,0,12.65445327758789,25769803776,0,17689051136,0
209,1790719108965,4,4,4,4,4,4,4,4,4,4,71.18247985839844,69.17671966552734,68.73284912109375,69.3658676147461,61.406158447265625,70.37699890136719,72.984375,47.619049072265625,95.45454406738281,33.333335876464844,35,28.571430206298828,30.000001907348633,5,0,0,0,12.65445327758789,25769803776,0,17714151424,0
209,1790719109175,4,4,4,4,4,4,4,4,4,4,71.02628326416016,68.82904052734375,68.45835876464844,69.1854476928711,61.22831726074219,70.24002838134766,72.75,85.71428680419922,76.19047546386719,66.66667175292969,66.66667175292969,61.904762268066406,57.142860412597656,31.81818199157715,4.761904716491699,0,0,12.65445327758789,25769803776,0,17704910848,0
209,1790719109385,4,4,4,4,4,4,4,4,4,4,71.02628326416016,68.82904052734375,68.45835876464844,69.1854476928711,61.22831726074219,70.24002838134766,72.75,85.71428680419922,70,66.66667175292969,40.90909194946289,47.619049072265625,40.90909194946289,40,59.09090805053711,0,0,12.65445327758789,25769803776,0,17710694400,0
209,1790719109595,4,4,4,4,4,4,4,4,4,4,71.02628326416016,68.82904052734375,68.45835876464844,69.1854476928711,61.22831726074219,70.24002838134766,72.75,61.904762268066406,66.66667175292969,33.333335876464844,61.904762268066406,19.047618865966797,15.000000953674316,18.18181800842285,0,4.761904716491699,0,12.330459594726563,25769803776,0,17709187072,0
209,1790719109805,4,4,4,4,4,4,4,4,4,4,71.02628326416016,68.82904052734375,68.45835876464844,69.1854476928711,61.22831726074219,70.24002838134766,72.75,23.809524536132813,38.095237731933594,33.333335876464844,4.761904716491699,0,4.545454502105713,0,5,0,0,12.330459594726563,25769803776,0,17679269888,0
209,1790719110015,4,4,4,4,4,4,4,4,4,4,71.61051940917969,71.64893341064453,71.0363998413086,69.77427673339844,64.16215515136719,71.10511779785156,78.40625,57.142860412597656,20,45,5,9.090909004211426,9.523809432983398,9.523809432983398,0,0,0,12.330459594726563,25769803776,0,17690345472,0
201,1790719110225,4,4,4,4,4,4,4,4,4,4,71.61051940917969,71.64893341064453,71.0363998413086,69.77427673339844,64.16215515136719,71.10511779785156,78.40625,30.000001907348633,77.2727279663086,13.636363983154297,14.285715103149414,9.523809432983398,4.761904716491699,4.761904716491699,0,0,0,12.330459594726563,25769803776,0,17690345472,0
203,1790719110427,4,4,4,4,4,4,4,4,4,4,71.61051940917969,71.64893341064453,71.0363998413086,69.77427673339844,64.16215515136719,71.10511779785156,78.40625,15.000000953674316,100,5,4.761904716491699,0,0,5,0,0,0,12.330459594726563,25769803776,0,17690345472,0
9,1790719110630,4,4,4,4,4,4,4,4,4,4,71.61051940917969,71.64893341064453,71.0363998413086,69.77427673339844,64.16215515136719,71.10511779785156,78.40625,38.095237731933594,55,20,5,0,0,10,9.090909004211426,4.761904716491699,0,13.854156494140625,25769803776,0,17682087936,0
