Delta,Time,CPU_FREQUENCY_0,CPU_FREQUENCY_1,CPU_FREQUENCY_2,CPU_FREQUENCY_3,CPU_FREQUENCY_4,CPU_FREQUENCY_5,CPU_FREQUENCY_6,CPU_FREQUENCY_7,CPU_FREQUENCY_8,CPU_FREQUENCY_9,CPU_TEMP_0,CPU_TEMP_1,CPU_TEMP_2,CPU_TEMP_3,CPU_TEMP_4,CPU_TEMP_5,CPU_TEMP_6,CPU_USAGE_0,CPU_USAGE_1,CPU_USAGE_2,CPU_USAGE_3,CPU_USAGE_4,CPU_USAGE_5,CPU_USAGE_6,CPU_USAGE_7,CPU_USAGE_8,CPU_USAGE_9,SYSTEM_POWER (Watts),TOTAL_MEMORY,TOTAL_SWAP,USED_MEMORY,USED_SWAP
0,1790457270934,4,4,4,4,4,4,4,4,4,4,64.74275970458984,64.93557739257813,64.68614959716797,64.29793548583984,57.67767333984375,64.912353515625,72.25,0,0,0,0,0,0,0,0,0,0,2.947572708129883,25769803776,2147483648,17529798656,765329408
204,1790457270934,4,4,4,4,4,4,4,4,4,4,64.74275970458984,64.93557739257813,64.68614959716797,64.29793548583984,57.67767333984375,64.912353515625,72.25,0,0,0,0,0,0,0,0,100,0,2.947572708129883,25769803776,2147483648,17529536512,765329408
204,1790457271139,4,4,4,4,4,4,4,4,4,4,64.74275970458984,64.93557739257813,64.68614959716797,64.29793548583984,57.67767333984375,64.912353515625,72.25,10,0,4.761904716491699,0,0,0,76.19047546386719,17.39130401611328,15.000000953674316,0,2.947572708129883,25769803776,2147483648,17529536512,765329408
204,1790457271344,4,4,4,4,4,4,4,4,4,4,66.72134399414063,69.31503295898438,67.06319427490234,65.02921295166016,59.83172607421875,67.78118133544922,77.9375,0,0,0,0,0,0,47.619049072265625,0,50,0,2.947572708129883,25769803776,2147483648,17529536512,765329408
204,1790457271550,4,4,4,4,4,4,4,4,4,4,66.72134399414063,69.31503295898438,67.06319427490234,65.02921295166016,59.83172607421875,67.78118133544922,77.9375,9.090909004211426,4.761904716491699,0,0,0,0,5,52.38095474243164,52.38095474243164,0,2.947572708129883,25769803776,2147483648,17529536512,765329408
204,1790457271755,4,4,4,4,4,4,4,4,4,4,66.72134399414063,69.31503295898438,67.06319427490234,65.02921295166016,59.83172607421875,67.78118133544922,77.9375,0,4.761904716491699,0,0,0,0,5,19.047618865966797,0,4.761904716491699,2.947572708129883,25769803776,2147483648,18311299072,765329408
204,1790457271960,4,4,4,4,4,4,4,4,4,4,66.72134399414063,69.31503295898438,67.06319427490234,65.02921295166016,59.83172607421875,67.78118133544922,77.9375,4.761904716491699,0,0,0,0,0,14.285715103149414,5,0,0,3.2171711921691895,25769803776,2147483648,18299060224,765329408
204,1790457272165,4,4,4,4,4,4,4,4,4,4,66.72134399414063,69.31503295898438,67.06319427490234,65.02921295166016,59.83172607421875,67.78118133544922,77.9375,9.523809432983398,4.761904716491699,4.761904716491699,0,0,0,5,0,0,0,3.2171711921691895,25769803776,2147483648,18299502592,765329408
204,1790457272370,4,4,4,4,4,4,4,4,4,4,73.03012084960938,69.0298080444336,69.53649139404297,70.32264709472656,63.317298889160156,73.11863708496094,81.71875,0,0,0,4.761904716491699,0,0,4.761904716491699,0,4.761904716491699,0,3.2171711921691895,25769803776,2147483648,18299502592,765329408
204,1790457272575,4,4,4,4,4,4,4,4,4,4,73.03012084960938,69.0298080444336,69.53649139404297,70.32264709472656,63.317298889160156,73.11863708496094,81.71875,0,0,0,0,0,0,5,0,0,0,3.2171711921691895,25769803776,2147483648,18299502592,765329408
204,1790457272780,4,4,4,4,4,4,4,4,4,4,73.03012084960938,69.0298080444336,69.53649139404297,70.32264709472656,63.317298889160156,73.11863708496094,81.71875,9.523809432983398,5,5,0,0,0,4.761904716491699,0,0,0,3.2171711921691895,25769803776,2147483648,18295226368,765329408
204,1790457272985,4,4,4,4,4,4,4,4,4,4,73.03012084960938,69.0298080444336,69.53649139404297,70.32264709472656,63.317298889160156,73.11863708496094,81.71875,5,0,0,0,0,0,5,0,0,0,9.592303276062012,25769803776,2147483648,18282577920,765329408
200,1790457273190,4,4,4,4,4,4,4,4,4,4,73.03012084960938,69.0298080444336,69.53649139404297,70.32264709472656,63.317298889160156,73.11863708496094,81.71875,0,4.545454502105713,0,0,0,0,4.761904716491699,4.761904716491699,0,0,9.592303276062012,25769803776,2147483648,18284396544,765329408
200,1790457273391,4,4,4,4,4,4,4,4,4,4,76.56914520263672,71.27423095703125,70.50482177734375,73.9932861328125,63.306480407714844,75.5670394897461,78.78125,0,0,0,0,0,0,4.761904716491699,0,0,0,9.592303276062012,25769803776,2147483648,18283167744,765329408
204,1790457273591,4,4,4,4,4,4,4,4,4,4,76.56914520263672,71.27423095703125,70.50482177734375,73.9932861328125,63.306480407714844,75.5670394897461,78.78125,5,0,4.761904716491699,0,0,0,0,0,0,0,9.592303276062012,25769803776,2147483648,18283134976,765329408
204,1790457273796,4,4,4,4,4,4,4,4,4,4,76.56914520263672,71.27423095703125,70.50482177734375,73.9932861328125,63.306480407714844,75.5670394897461,78.78125,0,4.761904716491699,0,0,0,0,5,0,0,0,9.592303276062012,25769803776,2147483648,18283216896,765329408
204,1790457274001,4,4,4,4,4,4,4,4,4,4,76.56914520263672,71.27423095703125,70.50482177734375,73.9932861328125,63.306480407714844,75.5670394897461,78.78125,4.761904716491699,0,0,0,0,0,9.523809432983398,0,0,0,26.13993263244629,25769803776,2147483648,18283216896,765329408
204,1790457274206,4,4,4,4,4,4,4,4,4,4,76.56914520263672,71.27423095703125,70.50482177734375,73.9932861328125,63.306480407714844,75.5670394897461,78.78125,0,4.761904716491699,0,0,0,0,4.761904716491699,0,4.761904716491699,0,26.13993263244629,25769803776,2147483648,18283511808,765329408
204,1790457274411,4,4,4,4,4,4,4,4,4,4,76.34556579589844,72.27930450439453,71.42147064208984,73.99918365478516,64.0126724243164,75.42839050292969,77.25,4.761904716491699,0,0,0,0,0,0,0,0,0,26.13993263244629,25769803776,2147483648,18283560960,765329408
204,1790457274616,4,4,4,4,4,4,4,4,4,4,76.34556579589844,72.27930450439453,71.42147064208984,73.99918365478516,64.0126724243164,75.42839050292969,77.25,4.761904716491699,0,0,0,0,0,9.090909004211426,0,0,0,26.13993263244629,25769803776,2147483648,18283560960,765329408
204,1790457274821,4,4,4,4,4,4,4,4,4,4,76.34556579589844,72.27930450439453,71.42147064208984,73.99918365478516,64.0126724243164,75.42839050292969,77.25,0,0,0,0,4.761904716491699,0,5,0,0,0,26.13993263244629,25769803776,2147483648,18283560960,765329408
204,1790457275026,4,4,4,4,4,4,4,4,4,4,76.34556579589844,72.27930450439453,71.42147064208984,73.99918365478516,64.0126724243164,75.42839050292969,77.25,4.761904716491699,0,0,4.761904716491699,0,0,5,4.761904716491699,0,0,18.879255294799805,25769803776,2147483648,18283741184,765329408
202,1790457275231,4,4,4,4,4,4,4,4,4,4,76.34556579589844,72.27930450439453,71.42147064208984,73.99918365478516,64.0126724243164,75.42839050292969,77.25,0,0,0,0,0,0,4.761904716491699,4.761904716491699,0,0,18.879255294799805,25769803776,2147483648,18283741184,765329408
200,1790457275434,4,4,4,4,4,4,4,4,4,4,76.3899917602539,72.62520599365234,71.79651641845703,74.19746398925781,64.50614166259766,75.50814819335938,77.484375,0,0,0,0,0,0,5,0,4.761904716491699,0,18.879255294799805,25769803776,2147483648,18283741184,765329408
200,1790457275634,4,4,4,4,4,4,4,4,4,4,76.3899917602539,72.62520599365234,71.79651641845703,74.19746398925781,64.50614166259766,75.50814819335938,77.484375,4.761904716491699,5,4.761904716491699,0,0,0,0,0,0,0,18.879255294799805,25769803776,2147483648,18283741184,765329408
204,1790457275835,4,4,4,4,4,4,4,4,4,4,76.3899917602539,72.62520599365234,71.79651641845703,74.19746398925781,64.50614166259766,75.50814819335938,77.484375,5,4.761904716491699,0,0,0,0,5,4.761904716491699,0,0,18.879255294799805,25769803776,2147483648,18283659264,765329408
202,1790457276040,4,4,4,4,4,4,4,4,4,4,76.3899917602539,72.62520599365234,71.79651641845703,74.19746398925781,64.50614166259766,75.50814819335938,77.484375,0,0,0,0,0,0,9.523809432983398,0,0,0,17.334781646728516,25769803776,2147483648,18283675648,765329408
200,1790457276242,4,4,4,4,4,4,4,4,4,4,76.3899917602539,72.62520599365234,71.79651641845703,74.19746398925781,64.50614166259766,75.50814819335938,77.484375,4.761904716491699,0,0,0,0,0,5,0,0,0,17.334781646728516,25769803776,2147483648,18283560960,765329408
204,1790457276443,4,4,4,4,4,4,4,4,4,4,76.75717163085938,73.0077133178711,72.23643493652344,74.57878875732422,65.08013153076172,75.95524597167969,77.953125,0,0,0,0,0,0,0,0,0,0,17.334781646728516,25769803776,2147483648,18283560960,765329408
202,1790457276648,4,4,4,4,4,4,4,4,4,4,76.75717163085938,73.0077133178711,72.23643493652344,74.57878875732422,65.08013153076172,75.95524597167969,77.953125,0,0,0,4.761904716491699,0,0,9.090909004211426,0,4.761904716491699,0,17.334781646728516,25769803776,2147483648,18283560960,765329408
200,1790457276850,4,4,4,4,4,4,4,4,4,4,76.75717163085938,73.0077133178711,72.23643493652344,74.57878875732422,65.08013153076172,75.95524597167969,77.953125,5,0,0,0,0,0,0,0,0,0,17.016016006469727,25769803776,2147483648,18283675648,765329408
200,1790457277051,4,4,4,4,4,4,4,4,4,4,76.75717163085938,73.0077133178711,72.23643493652344,74.57878875732422,65.08013153076172,75.95524597167969,77.953125,0,0,0,0,0,0,4.761904716491699,5,0,0,17.016016006469727,25769803776,2147483648,18283675648,765329408
204,1790457277251,4,4,4,4,4,4,4,4,4,4,76.75717163085938,73.0077133178711,72.23643493652344,74.57878875732422,65.08013153076172,75.95524597167969,77.953125,0,4.761904716491699,0,0,0,0,0,0,0,0,17.016016006469727,25769803776,2147483648,18283544576,765329408
202,1790457277456,4,4,4,4,4,4,4,4,4,4,77.15885925292969,73.38236999511719,72.67486572265625,75.1401138305664,65.55836486816406,76.4451904296875,78.4375,4.761904716491699,0,4.761904716491699,0,4.545454502105713,0,4.761904716491699,0,0,0,17.016016006469727,25769803776,2147483648,18283593728,765329408
204,1790457277659,4,4,4,4,4,4,4,4,4,4,77.15885925292969,73.38236999511719,72.67486572265625,75.1401138305664,65.55836486816406,76.4451904296875,78.4375,0,0,0,0,0,0,9.523809432983398,0,0,0,17.016016006469727,25769803776,2147483648,18283593728,765329408
204,1790457277864,4,4,4,4,4,4,4,4,4,4,77.15885925292969,73.38236999511719,72.67486572265625,75.1401138305664,65.55836486816406,76.4451904296875,78.4375,4.761904716491699,5,0,0,0,0,0,0,0,0,16.9636173248291,25769803776,2147483648,18283692032,765329408
204,1790457278069,4,4,4,4,4,4,4,4,4,4,77.15885925292969,73.38236999511719,72.67486572265625,75.1401138305664,65.55836486816406,76.4451904296875,78.4375,0,0,0,0,0,0,4.761904716491699,4.761904716491699,0,0,16.9636173248291,25769803776,2147483648,18283528192,765329408
204,1790457278274,4,4,4,4,4,4,4,4,4,4,77.15885925292969,73.38236999511719,72.67486572265625,75.1401138305664,65.55836486816406,76.4451904296875,78.4375,4.761904716491699,0,0,0,0,0,9.523809432983398,4.761904716491699,0,0,16.9636173248291,25769803776,2147483648,18283528192,765329408
201,1790457278479,4,4,4,4,4,4,4,4,4,4,77.53741455078125,73.8008041381836,73.01854705810547,75.58218383789063,65.71392822265625,76.98418426513672,80.078125,4.761904716491699,0,0,0,0,0,5,0,0,0,16.9636173248291,25769803776,2147483648,18283528192,765329408
200,1790457278680,4,4,4,4,4,4,4,4,4,4,77.53741455078125,73.8008041381836,73.01854705810547,75.58218383789063,65.71392822265625,76.98418426513672,80.078125,0,0,0,0,0,0,0,0,0,0,16.9636173248291,25769803776,2147483648,18283528192,765329408
204,1790457278881,4,4,4,4,4,4,4,4,4,4,77.53741455078125,73.8008041381836,73.01854705810547,75.58218383789063,65.71392822265625,76.98418426513672,80.078125,4.761904716491699,4.761904716491699,0,0,0,0,9.523809432983398,4.761904716491699,0,0,17.394573211669922,25769803776,2147483648,18283479040,765329408
204,1790457279086,4,4,4,4,4,4,4,4,4,4,77.53741455078125,73.8008041381836,73.01854705810547,75.58218383789063,65.71392822265625,76.98418426513672,80.078125,0,0,0,0,0,0,0,0,0,0,17.394573211669922,25769803776,2147483648,18283282432,765329408
204,1790457279291,4,4,4,4,4,4,4,4,4,4,77.53741455078125,73.8008041381836,73.01854705810547,75.58218383789063,65.71392822265625,76.98418426513672,80.078125,0,0,0,0,0,0,4.761904716491699,0,0,0,17.394573211669922,25769803776,2147483648,18283282432,765329408
204,1790457279496,4,4,4,4,4,4,4,4,4,4,77.97733306884766,74.19721221923828,73.6893081665039,76.19254302978516,66.57199096679688,77.62355041503906,79.375,4.761904716491699,0,0,0,0,0,0,9.523809432983398,0,0,17.394573211669922,25769803776,2147483648,18283282432,765329408
204,1790457279701,4,4,4,4,4,4,4,4,4,4,77.97733306884766,74.19721221923828,73.6893081665039,76.19254302978516,66.57199096679688,77.62355041503906,79.375,0,0,0,0,0,0,0,0,4.761904716491699,0,17.394573211669922,25769803776,2147483648,18283282432,765329408
204,1790457279906,4,4,4,4,4,4,4,4,4,4,77.97733306884766,74.19721221923828,73.6893081665039,76.19254302978516,66.57199096679688,77.62355041503906,79.375,0,0,0,0,0,0,9.523809432983398,0,0,0,17.65846824645996,25769803776,2147483648,18283134976,765329408
204,1790457280111,4,4,4,4,4,4,4,4,4,4,77.97733306884766,74.19721221923828,73.6893081665039,76.19254302978516,66.57199096679688,77.62355041503906,79.375,4.761904716491699,0,0,0,0,0,4.761904716491699,0,0,0,17.65846824645996,25769803776,2147483648,18284920832,765329408
204,1790457280316,4,4,4,4,4,4,4,4,4,4,77.97733306884766,74.19721221923828,73.6893081665039,76.19254302978516,66.57199096679688,77.62355041503906,79.375,0,0,0,0,0,0,0,0,0,0,17.65846824645996,25769803776,2147483648,18283053056,765329408
204,1790457280521,4,4,4,4,4,4,4,4,4,4,78.18721008300781,74.5772705078125,74.01448059082031,76.54549407958984,66.91350555419922,78.09873962402344,79.84375,0,4.761904716491699,0,0,0,0,0,5,0,0,17.65846824645996,25769803776,2147483648,18283053056,765329408
202,1790457280726,4,4,4,4,4,4,4,4,4,4,78.18721008300781,74.5772705078125,74.01448059082031,76.54549407958984,66.91350555419922,78.09873962402344,79.84375,4.761904716491699,0,4.545454502105713,0,0,0,9.523809432983398,0,0,0,17.65846824645996,25769803776,2147483648,18283053056,765329408
204,1790457280929,4,4,4,4,4,4,4,4,4,4,78.18721008300781,74.5772705078125,74.01448059082031,76.54549407958984,66.91350555419922,78.09873962402344,79.84375,0,4.761904716491699,0,0,0,0,0,4.761904716491699,0,0,17.753223419189453,25769803776,2147483648,18282971136,765329408
204,1790457281134,4,4,4,4,4,4,4,4,4,4,78.18721008300781,74.5772705078125,74.01448059082031,76.54549407958984,66.91350555419922,78.09873962402344,79.84375,9.523809432983398,0,0,0,0,0,4.761904716491699,0,0,0,17.753223419189453,25769803776,2147483648,18273304576,765329408
204,1790457281339,4,4,4,4,4,4,4,4,4,4,78.18721008300781,74.5772705078125,74.01448059082031,76.54549407958984,66.91350555419922,78.09873962402344,79.84375,5,0,4.545454502105713,0,0,0,5,0,0,0,17.753223419189453,25769803776,2147483648,18266980352,765329408
204,1790457281544,4,4,4,4,4,4,4,4,4,4,78.3829345703125,74.94525909423828,74.15316009521484,76.91539764404297,67.19739532470703,78.39938354492188,80.078125,0,4.761904716491699,0,0,0,0,4.761904716491699,0,0,0,17.753223419189453,25769803776,2147483648,18266980352,765329408
201,1790457281749,4,4,4,4,4,4,4,4,4,4,78.3829345703125,74.94525909423828,74.15316009521484,76.91539764404297,67.19739532470703,78.39938354492188,80.078125,0,0,0,0,0,0,5,0,0,0,17.753223419189453,25769803776,2147483648,18267045888,765329408
204,1790457281950,4,4,4,4,4,4,4,4,4,4,78.3829345703125,74.94525909423828,74.15316009521484,76.91539764404297,67.19739532470703,78.39938354492188,80.078125,20,25,10,5.263157844543457,0,0,5,4.761904716491699,0,0,17.76152992248535,25769803776,2147483648,18268078080,765329408
202,1790457282155,4,4,4,4,4,4,4,4,4,4,78.3829345703125,74.94525909423828,74.15316009521484,76.91539764404297,67.19739532470703,78.39938354492188,80.078125,5,0,5,0,0,0,9.523809432983398,0,4.761904716491699,0,17.76152992248535,25769803776,2147483648,18268143616,765329408
204,1790457282358,4,4,4,4,4,4,4,4,4,4,78.69985961914063,75.54219818115234,74.45174407958984,77.31163787841797,67.41136932373047,78.73542785644531,80.3125,5,5,4.761904716491699,9.523809432983398,4.761904716491699,0,0,0,0,0,17.76152992248535,25769803776,2147483648,18267783168,765329408
204,1790457282563,4,4,4,4,4,4,4,4,4,4,78.69985961914063,75.54219818115234,74.45174407958984,77.31163787841797,67.41136932373047,78.73542785644531,80.3125,15.000000953674316,15.000000953674316,0,0,0,0,4.761904716491699,0,0,0,17.76152992248535,25769803776,2147483648,18267914240,765329408
204,1790457282768,4,4,4,4,4,4,4,4,4,4,78.69985961914063,75.54219818115234,74.45174407958984,77.31163787841797,67.41136932373047,78.73542785644531,80.3125,4.761904716491699,0,0,0,0,0,9.523809432983398,0,0,0,17.76152992248535,25769803776,2147483648,18267865088,765329408
204,1790457282973,4,4,4,4,4,4,4,4,4,4,78.69985961914063,75.54219818115234,74.45174407958984,77.31163787841797,67.41136932373047,78.73542785644531,80.3125,0,4.545454502105713,0,0,0,0,4.761904716491699,0,0,0,18.0499267578125,25769803776,2147483648,18255216640,765329408
204,1790457283178,4,4,4,4,4,4,4,4,4,4,78.69985961914063,75.54219818115234,74.45174407958984,77.31163787841797,67.41136932373047,78.73542785644531,80.3125,4.761904716491699,15.000000953674316,4.545454502105713,0,0,4.545454502105713,0,0,0,0,18.0499267578125,25769803776,2147483648,18255282176,765329408
204,1790457283383,4,4,4,4,4,4,4,4,4,4,78.91886138916016,75.7314682006836,74.8001708984375,77.63158416748047,67.68150329589844,79.03463745117188,80.796875,0,0,0,0,0,0,9.523809432983398,0,0,0,18.0499267578125,25769803776,2147483648,18255282176,765329408
204,1790457283588,4,4,4,4,4,4,4,4,4,4,78.91886138916016,75.7314682006836,74.8001708984375,77.63158416748047,67.68150329589844,79.03463745117188,80.796875,4.761904716491699,0,0,0,0,0,4.761904716491699,4.761904716491699,0,0,18.0499267578125,25769803776,2147483648,18255282176,765329408
204,1790457283793,4,4,4,4,4,4,4,4,4,4,78.91886138916016,75.7314682006836,74.8001708984375,77.63158416748047,67.68150329589844,79.03463745117188,80.796875,0,0,4.545454502105713,0,0,0,5,4.545454502105713,0,0,18.0499267578125,25769803776,2147483648,18255282176,765329408
202,1790457283998,4,4,4,4,4,4,4,4,4,4,78.91886138916016,75.7314682006836,74.8001708984375,77.63158416748047,67.68150329589844,79.03463745117188,80.796875,4.761904716491699,0,0,4.761904716491699,0,0,4.761904716491699,0,0,0,18.306896209716797,25769803776,2147483648,18257068032,765329408
204,1790457284200,4,4,4,4,4,4,4,4,4,4,78.91886138916016,75.7314682006836,74.8001708984375,77.63158416748047,67.68150329589844,79.03463745117188,80.796875,5,4.761904716491699,0,0,0,0,4.761904716491699,0,0,0,18.306896209716797,25769803776,2147483648,18255478784,765329408
204,1790457284405,4,4,4,4,4,4,4,4,4,4,79.19878387451172,76.08838653564453,75.0486831665039,77.8978500366211,67.985595703125,79.37592315673828,80.796875,0,4.761904716491699,0,0,0,0,0,0,0,0,18.306896209716797,25769803776,2147483648,18255527936,765329408
204,1790457284610,4,4,4,4,4,4,4,4,4,4,79.19878387451172,76.08838653564453,75.0486831665039,77.8978500366211,67.985595703125,79.37592315673828,80.796875,0,0,0,0,0,0,5,0,0,0,18.306896209716797,25769803776,2147483648,18255527936,765329408
204,1790457284815,4,4,4,4,4,4,4,4,4,4,79.19878387451172,76.08838653564453,75.0486831665039,77.8978500366211,67.985595703125,79.37592315673828,80.796875,9.523809432983398,0,0,0,0,0,9.090909004211426,0,4.761904716491699,0,18.306896209716797,25769803776,2147483648,18255527936,765329408
204,1790457285020,4,4,4,4,4,4,4,4,4,4,79.19878387451172,76.08838653564453,75.0486831665039,77.8978500366211,67.985595703125,79.37592315673828,80.796875,0,0,0,0,0,0,5,0,0,0,18.199941635131836,25769803776,2147483648,18255544320,765329408
204,1790457285225,4,4,4,4,4,4,4,4,4,4,79.19878387451172,76.08838653564453,75.0486831665039,77.8978500366211,67.985595703125,79.37592315673828,80.796875,4.761904716491699,0,0,0,0,0,4.761904716491699,0,0,0,18.199941635131836,25769803776,2147483648,18255544320,765329408
202,1790457285430,4,4,4,4,4,4,4,4,4,4,79.49354553222656,76.32776641845703,75.27715301513672,78.14630126953125,68.25321197509766,79.61035919189453,81.5,4.761904716491699,4.761904716491699,4.761904716491699,0,0,0,5,0,0,0,18.199941635131836,25769803776,2147483648,18255544320,765329408
204,1790457285633,4,4,4,4,4,4,4,4,4,4,79.49354553222656,76.32776641845703,75.27715301513672,78.14630126953125,68.25321197509766,79.61035919189453,81.5,0,0,0,0,0,0,5,0,0,0,18.199941635131836,25769803776,2147483648,18255544320,765329408
204,1790457285838,4,4,4,4,4,4,4,4,4,4,79.49354553222656,76.32776641845703,75.27715301513672,78.14630126953125,68.25321197509766,79.61035919189453,81.5,4.761904716491699,0,0,0,0,0,5,4.761904716491699,0,0,18.199941635131836,25769803776,2147483648,18255544320,765329408
204,1790457286043,4,4,4,4,4,4,4,4,4,4,79.49354553222656,76.32776641845703,75.27715301513672,78.14630126953125,68.25321197509766,79.61035919189453,81.5,0,0,0,0,0,0,9.523809432983398,0,4.761904716491699,0,18.025596618652344,25769803776,2147483648,18257428480,765329408
201,1790457286248,4,4,4,4,4,4,4,4,4,4,79.49354553222656,76.32776641845703,75.27715301513672,78.14630126953125,68.25321197509766,79.61035919189453,81.5,4.761904716491699,0,0,0,0,0,4.761904716491699,0,0,0,18.025596618652344,25769803776,2147483648,18257543168,765329408
204,1790457286450,4,4,4,4,4,4,4,4,4,4,79.65857696533203,76.69384002685547,75.66622161865234,78.18140411376953,68.4960708618164,79.87049102783203,86.4375,5,0,4.761904716491699,0,0,0,5,0,0,0,18.025596618652344,25769803776,2147483648,18257920000,765329408
204,1790457286655,4,4,4,4,4,4,4,4,4,4,79.65857696533203,76.69384002685547,75.66622161865234,78.18140411376953,68.4960708618164,79.87049102783203,86.4375,5,9.523809432983398,0,0,0,0,5,0,0,0,18.025596618652344,25769803776,2147483648,18257969152,765329408
204,1790457286860,4,4,4,4,4,4,4,4,4,4,79.65857696533203,76.69384002685547,75.66622161865234,78.18140411376953,68.4960708618164,79.87049102783203,86.4375,4.761904716491699,0,0,0,4.761904716491699,0,5,4.545454502105713,0,0,19.533754348754883,25769803776,2147483648,18257969152,765329408
204,1790457287065,4,4,4,4,4,4,4,4,4,4,79.65857696533203,76.69384002685547,75.66622161865234,78.18140411376953,68.4960708618164,79.87049102783203,86.4375,0,0,0,0,0,0,9.523809432983398,0,4.761904716491699,0,19.533754348754883,25769803776,2147483648,18257707008,765329408
201,1790457287270,4,4,4,4,4,4,4,4,4,4,79.65857696533203,76.69384002685547,75.66622161865234,78.18140411376953,68.4960708618164,79.87049102783203,86.4375,4.761904716491699,0,0,0,0,0,5,0,0,0,19.533754348754883,25769803776,2147483648,18257723392,765329408
204,1790457287472,4,4,4,4,4,4,4,4,4,4,80.51018524169922,77.4260025024414,76.21503448486328,78.73960876464844,69.08980560302734,80.5108642578125,85.734375,10.526315689086914,15.000000953674316,4.761904716491699,0,0,0,0,5,0,4.761904716491699,19.533754348754883,25769803776,2147483648,18258214912,765329408
204,1790457287677,4,4,4,4,4,4,4,4,4,4,80.51018524169922,77.4260025024414,76.21503448486328,78.73960876464844,69.08980560302734,80.5108642578125,85.734375,4.761904716491699,0,0,0,0,0,9.523809432983398,0,0,0,19.533754348754883,25769803776,2147483648,18260295680,765329408
204,1790457287882,4,4,4,4,4,4,4,4,4,4,80.51018524169922,77.4260025024414,76.21503448486328,78.73960876464844,69.08980560302734,80.5108642578125,85.734375,0,0,0,4.545454502105713,0,0,0,0,0,0,21.9429931640625,25769803776,2147483648,18258116608,765329408
204,1790457288087,4,4,4,4,4,4,4,4,4,4,80.51018524169922,77.4260025024414,76.21503448486328,78.73960876464844,69.08980560302734,80.5108642578125,85.734375,4.761904716491699,4.761904716491699,0,0,0,0,5,4.761904716491699,0,0,21.9429931640625,25769803776,2147483648,18258132992,765329408
204,1790457288292,4,4,4,4,4,4,4,4,4,4,80.51018524169922,77.4260025024414,76.21503448486328,78.73960876464844,69.08980560302734,80.5108642578125,85.734375,0,0,4.761904716491699,4.761904716491699,0,0,9.523809432983398,0,0,0,21.9429931640625,25769803776,2147483648,18258182144,765329408
204,1790457288497,4,4,4,4,4,4,4,4,4,4,79.59129333496094,77.24246978759766,76.3056640625,78.30857849121094,69.26820373535156,79.87529754638672,84.4375,4.761904716491699,0,0,0,0,0,0,4.761904716491699,0,0,21.9429931640625,25769803776,2147483648,18258182144,765329408
204,1790457288702,4,4,4,4,4,4,4,4,4,4,79.59129333496094,77.24246978759766,76.3056640625,78.30857849121094,69.26820373535156,79.87529754638672,84.4375,0,4.761904716491699,0,10.526315689086914,0,0,9.523809432983398,0,0,0,21.9429931640625,25769803776,2147483648,18258182144,765329408
204,1790457288907,4,4,4,4,4,4,4,4,4,4,79.59129333496094,77.24246978759766,76.3056640625,78.30857849121094,69.26820373535156,79.87529754638672,84.4375,0,0,0,0,0,0,5,0,4.761904716491699,0,20.010169982910156,25769803776,2147483648,18258182144,765329408
204,1790457289112,4,4,4,4,4,4,4,4,4,4,79.59129333496094,77.24246978759766,76.3056640625,78.30857849121094,69.26820373535156,79.87529754638672,84.4375,4.761904716491699,0,0,0,0,0,9.523809432983398,0,0,0,20.010169982910156,25769803776,2147483648,18258132992,765329408
204,1790457289317,4,4,4,4,4,4,4,4,4,4,79.59129333496094,77.24246978759766,76.3056640625,78.30857849121094,69.26820373535156,79.87529754638672,84.4375,0,0,0,0,0,0,4.761904716491699,0,4.761904716491699,0,20.010169982910156,25769803776,2147483648,18258132992,765329408
204,1790457289522,4,4,4,4,4,4,4,4,4,4,78.61204528808594,76.78787231445313,75.77071380615234,77.44098663330078,68.5714111328125,78.9330825805664,80.796875,0,0,0,0,0,0,0,0,0,0,20.010169982910156,25769803776,2147483648,18257821696,765329408
201,1790457289727,4,4,4,4,4,4,4,4,4,4,78.61204528808594,76.78787231445313,75.77071380615234,77.44098663330078,68.5714111328125,78.9330825805664,80.796875,4.761904716491699,0,0,4.761904716491699,0,0,9.523809432983398,4.761904716491699,0,0,20.010169982910156,25769803776,2147483648,18257821696,765329408
204,1790457289929,4,4,4,4,4,4,4,4,4,4,78.61204528808594,76.78787231445313,75.77071380615234,77.44098663330078,68.5714111328125,78.9330825805664,80.796875,5,4.761904716491699,0,0,0,0,5,0,0,0,17.892488479614258,25769803776,2147483648,18257870848,765329408
204,1790457290134,4,4,4,4,4,4,4,4,4,4,78.61204528808594,76.78787231445313,75.77071380615234,77.44098663330078,68.5714111328125,78.9330825805664,80.796875,28.571430206298828,19.047618865966797,10,5,4.761904716491699,4.761904716491699,52.38095474243164,5,19.047618865966797,4.761904716491699,17.892488479614258,25769803776,2147483648,18299666432,765329408
203,1790457290339,4,4,4,4,4,4,4,4,4,4,78.61204528808594,76.78787231445313,75.77071380615234,77.44098663330078,68.5714111328125,78.9330825805664,80.796875,15.789472579956055,10,4.761904716491699,0,0,0,0,9.523809432983398,0,0,17.892488479614258,25769803776,2147483648,18299977728,765329408
204,1790457290543,4,4,4,4,4,4,4,4,4,4,78.81301879882813,77.66738891601563,76.25987243652344,77.35523223876953,69.16357421875,79.23804473876953,85.03125,14.285715103149414,10,5,0,0,0,5,4.761904716491699,0,0,17.892488479614258,25769803776,2147483648,18299994112,765329408
204,1790457290748,4,4,4,4,4,4,4,4,4,4,78.81301879882813,77.66738891601563,76.25987243652344,77.35523223876953,69.16357421875,79.23804473876953,85.03125,15.000000953674316,15.000000953674316,4.761904716491699,4.761904716491699,0,0,9.090909004211426,0,0,0,17.892488479614258,25769803776,2147483648,18300026880,765329408
204,1790457290953,4,4,4,4,4,4,4,4,4,4,78.81301879882813,77.66738891601563,76.25987243652344,77.35523223876953,69.16357421875,79.23804473876953,85.03125,9.523809432983398,5,4.761904716491699,0,0,0,5,0,0,0,16.668079376220703,25769803776,2147483648,18300026880,765329408
204,1790457291158,4,4,4,4,4,4,4,4,4,4,78.81301879882813,77.66738891601563,76.25987243652344,77.35523223876953,69.16357421875,79.23804473876953,85.03125,0,9.523809432983398,0,0,0,0,5,0,0,0,16.668079376220703,25769803776,2147483648,18300092416,765329408
204,1790457291363,4,4,4,4,4,4,4,4,4,4,78.02574920654297,76.27825927734375,75.32688903808594,76.58636474609375,68.19547271728516,78.03105926513672,83.265625,10,5,15.000000953674316,4.761904716491699,0,0,5,0,0,0,16.668079376220703,25769803776,2147483648,18306121728,765329408
204,1790457291568,4,4,4,4,4,4,4,4,4,4,78.02574920654297,76.27825927734375,75.32688903808594,76.58636474609375,68.19547271728516,78.03105926513672,83.265625,9.523809432983398,4.761904716491699,9.523809432983398,0,0,0,4.761904716491699,0,0,0,16.668079376220703,25769803776,2147483648,18308677632,765329408
204,1790457291773,4,4,4,4,4,4,4,4,4,4,78.02574920654297,76.27825927734375,75.32688903808594,76.58636474609375,68.19547271728516,78.03105926513672,83.265625,0,0,0,0,0,0,4.761904716491699,0,0,0,16.668079376220703,25769803776,2147483648,18306809856,765329408
204,1790457291978,4,4,4,4,4,4,4,4,4,4,78.02574920654297,76.27825927734375,75.32688903808594,76.58636474609375,68.19547271728516,78.03105926513672,83.265625,4.761904716491699,4.545454502105713,0,0,0,0,5,0,0,0,16.45533561706543,25769803776,2147483648,18306859008,765329408
204,1790457292183,4,4,4,4,4,4,4,4,4,4,78.02574920654297,76.27825927734375,75.32688903808594,76.58636474609375,68.19547271728516,78.03105926513672,83.265625,5,0,0,0,0,0,5,0,9.090909004211426,0,16.45533561706543,25769803776,2147483648,18278907904,765329408
204,1790457292388,4,4,4,4,4,4,4,4,4,4,78.50316619873047,76.3708724975586,75.3448257446289,77.21727752685547,68.2293930053711,78.7331771850586,81.03125,5,4.761904716491699,4.761904716491699,0,4.761904716491699,0,4.761904716491699,9.090909004211426,0,0,16.45533561706543,25769803776,2147483648,18279022592,765329408
204,1790457292593,4,4,4,4,4,4,4,4,4,4,78.50316619873047,76.3708724975586,75.3448257446289,77.21727752685547,68.2293930053711,78.7331771850586,81.03125,25,30.000001907348633,0,0,0,0,4.761904716491699,0,0,0,16.45533561706543,25769803776,2147483648,18279071744,765329408
204,1790457292798,4,4,4,4,4,4,4,4,4,4,78.50316619873047,76.3708724975586,75.3448257446289,77.21727752685547,68.2293930053711,78.7331771850586,81.03125,9.090909004211426,0,4.545454502105713,0,0,0,0,0,0,0,16.45533561706543,25769803776,2147483648,18278825984,765329408
204,1790457293003,4,4,4,4,4,4,4,4,4,4,78.50316619873047,76.3708724975586,75.3448257446289,77.21727752685547,68.2293930053711,78.7331771850586,81.03125,0,0,4.761904716491699,0,0,0,0,5,0,0,17.719005584716797,25769803776,2147483648,18278875136,765329408
204,1790457293208,4,4,4,4,4,4,4,4,4,4,78.50316619873047,76.3708724975586,75.3448257446289,77.21727752685547,68.2293930053711,78.7331771850586,81.03125,4.761904716491699,4.761904716491699,0,0,0,0,4.761904716491699,9.090909004211426,0,0,17.719005584716797,25769803776,2147483648,18278809600,765329408
204,1790457293413,4,4,4,4,4,4,4,4,4,4,78.87025451660156,76.43321990966797,76.09629821777344,77.67623901367188,69.2256851196289,79.210205078125,81.03125,0,0,0,0,0,0,0,5,4.545454502105713,0,17.719005584716797,25769803776,2147483648,18278760448,765329408
204,1790457293618,4,4,4,4,4,4,4,4,4,4,78.87025451660156,76.43321990966797,76.09629821777344,77.67623901367188,69.2256851196289,79.210205078125,81.03125,9.090909004211426,0,0,0,0,0,9.523809432983398,0,0,0,17.719005584716797,25769803776,2147483648,18278760448,765329408
204,1790457293823,4,4,4,4,4,4,4,4,4,4,78.87025451660156,76.43321990966797,76.09629821777344,77.67623901367188,69.2256851196289,79.210205078125,81.03125,0,0,0,0,0,0,0,9.523809432983398,0,0,17.719005584716797,25769803776,2147483648,18278760448,765329408
204,1790457294028,4,4,4,4,4,4,4,4,4,4,78.87025451660156,76.43321990966797,76.09629821777344,77.67623901367188,69.2256851196289,79.210205078125,81.03125,0,4.761904716491699,0,4.761904716491699,0,0,0,0,0,0,18.817781448364258,25769803776,2147483648,18278760448,765329408
204,1790457294233,4,4,4,4,4,4,4,4,4,4,78.87025451660156,76.43321990966797,76.09629821777344,77.67623901367188,69.2256851196289,79.210205078125,81.03125,4.761904716491699,0,0,0,0,0,4.761904716491699,4.761904716491699,0,0,18.817781448364258,25769803776,2147483648,18278809600,765329408
204,1790457294438,4,4,4,4,4,4,4,4,4,4,78.91979217529297,76.65336608886719,76.03422546386719,77.72984313964844,69.01582336425781,79.29289245605469,81.03125,0,4.761904716491699,0,0,0,0,4.545454502105713,9.523809432983398,0,0,18.817781448364258,25769803776,2147483648,18278809600,765329408
204,1790457294643,4,4,4,4,4,4,4,4,4,4,78.91979217529297,76.65336608886719,76.03422546386719,77.72984313964844,69.01582336425781,79.29289245605469,81.03125,9.090909004211426,0,0,0,0,0,0,0,9.090909004211426,0,18.817781448364258,25769803776,2147483648,18278825984,765329408
200,1790457294848,4,4,4,4,4,4,4,4,4,4,78.91979217529297,76.65336608886719,76.03422546386719,77.72984313964844,69.01582336425781,79.29289245605469,81.03125,0,0,4.545454502105713,0,0,0,0,9.090909004211426,0,4.761904716491699,18.817781448364258,25769803776,2147483648,18278825984,765329408
204,1790457295048,4,4,4,4,4,4,4,4,4,4,78.91979217529297,76.65336608886719,76.03422546386719,77.72984313964844,69.01582336425781,79.29289245605469,81.03125,0,0,0,0,0,0,0,5,0,0,18.56414031982422,25769803776,2147483648,18278825984,765329408
204,1790457295253,4,4,4,4,4,4,4,4,4,4,78.91979217529297,76.65336608886719,76.03422546386719,77.72984313964844,69.01582336425781,79.29289245605469,81.03125,4.761904716491699,4.761904716491699,0,0,0,0,0,5,0,0,18.56414031982422,25769803776,2147483648,18278694912,765329408
204,1790457295458,4,4,4,4,4,4,4,4,4,4,78.88105773925781,76.51028442382813,76.32905578613281,77.7530746459961,69.54486846923828,79.21290588378906,84.5625,0,0,0,0,0,0,0,5,0,0,18.56414031982422,25769803776,2147483648,18280579072,765329408
204,1790457295663,4,4,4,4,4,4,4,4,4,4,78.88105773925781,76.51028442382813,76.32905578613281,77.7530746459961,69.54486846923828,79.21290588378906,84.5625,9.090909004211426,4.761904716491699,0,0,0,0,0,4.761904716491699,0,0,18.56414031982422,25769803776,2147483648,18280579072,765329408
202,1790457295868,4,4,4,4,4,4,4,4,4,4,78.88105773925781,76.51028442382813,76.32905578613281,77.7530746459961,69.54486846923828,79.21290588378906,84.5625,0,0,0,0,0,0,0,4.761904716491699,0,0,18.149250030517578,25769803776,2147483648,18280579072,765329408
200,1790457296070,4,4,4,4,4,4,4,4,4,4,78.88105773925781,76.51028442382813,76.32905578613281,77.7530746459961,69.54486846923828,79.21290588378906,84.5625,0,0,0,0,4.545454502105713,0,0,0,0,0,18.149250030517578,25769803776,2147483648,18280579072,765329408
204,1790457296271,4,4,4,4,4,4,4,4,4,4,78.88105773925781,76.51028442382813,76.32905578613281,77.7530746459961,69.54486846923828,79.21290588378906,84.5625,5,0,0,0,0,0,0,10,4.761904716491699,0,18.149250030517578,25769803776,2147483648,18278432768,765329408
202,1790457296476,4,4,4,4,4,4,4,4,4,4,78.82260131835938,76.48123931884766,76.2897720336914,77.6976318359375,69.4919662475586,79.13822174072266,85.03125,0,0,4.761904716491699,0,0,0,0,4.761904716491699,0,0,18.149250030517578,25769803776,2147483648,18278432768,765329408
204,1790457296678,4,4,4,4,4,4,4,4,4,4,78.82260131835938,76.48123931884766,76.2897720336914,77.6976318359375,69.4919662475586,79.13822174072266,85.03125,4.761904716491699,0,0,0,0,0,0,9.523809432983398,0,0,18.149250030517578,25769803776,2147483648,18278481920,765329408
204,1790457296883,4,4,4,4,4,4,4,4,4,4,78.82260131835938,76.48123931884766,76.2897720336914,77.6976318359375,69.4919662475586,79.13822174072266,85.03125,0,4.545454502105713,0,0,0,0,0,5,0,0,17.811800003051758,25769803776,2147483648,18278481920,765329408
204,1790457297088,4,4,4,4,4,4,4,4,4,4,78.82260131835938,76.48123931884766,76.2897720336914,77.6976318359375,69.4919662475586,79.13822174072266,85.03125,0,0,0,0,0,0,8.69565200805664,9.523809432983398,4.545454502105713,0,17.811800003051758,25769803776,2147483648,18278481920,765329408
204,1790457297293,4,4,4,4,4,4,4,4,4,4,78.82260131835938,76.48123931884766,76.2897720336914,77.6976318359375,69.4919662475586,79.13822174072266,85.03125,9.523809432983398,4.761904716491699,0,0,0,0,0,5,0,0,17.811800003051758,25769803776,2147483648,18278236160,765329408
204,1790457297498,4,4,4,4,4,4,4,4,4,4,78.87014770507813,76.52765655517578,76.33780670166016,77.73094940185547,69.50365447998047,79.18130493164063,83.96875,0,0,0,0,0,0,0,5,0,0,17.811800003051758,25769803776,2147483648,18278285312,765329408
204,1790457297703,4,4,4,4,4,4,4,4,4,4,78.87014770507813,76.52765655517578,76.33780670166016,77.73094940185547,69.50365447998047,79.18130493164063,83.96875,0,0,0,0,0,0,0,5,4.761904716491699,0,17.811800003051758,25769803776,2147483648,18278285312,765329408
200,1790457297909,4,4,4,4,4,4,4,4,4,4,78.87014770507813,76.52765655517578,76.33780670166016,77.73094940185547,69.50365447998047,79.18130493164063,83.96875,4.761904716491699,0,0,0,0,0,0,4.761904716491699,0,0,17.93079948425293,25769803776,2147483648,18278285312,765329408
204,1790457298109,4,4,4,4,4,4,4,4,4,4,78.87014770507813,76.52765655517578,76.33780670166016,77.73094940185547,69.50365447998047,79.18130493164063,83.96875,0,0,0,0,0,0,0,10,0,0,17.93079948425293,25769803776,2147483648,18278285312,765329408
204,1790457298314,4,4,4,4,4,4,4,4,4,4,78.87014770507813,76.52765655517578,76.33780670166016,77.73094940185547,69.50365447998047,79.18130493164063,83.96875,9.090909004211426,9.090909004211426,0,0,0,0,0,4.761904716491699,0,0,17.93079948425293,25769803776,2147483648,18278252544,765329408
204,1790457298519,4,4,4,4,4,4,4,4,4,4,78.90940856933594,76.63890838623047,76.52491760253906,77.84649658203125,69.78298950195313,79.27165985107422,83.96875,0,0,4.761904716491699,4.761904716491699,0,0,0,9.523809432983398,0,0,17.93079948425293,25769803776,2147483648,18278285312,765329408
204,1790457298724,4,4,4,4,4,4,4,4,4,4,78.90940856933594,76.63890838623047,76.52491760253906,77.84649658203125,69.78298950195313,79.27165985107422,83.96875,4.761904716491699,0,0,0,0,0,4.545454502105713,0,0,0,17.93079948425293,25769803776,2147483648,18278187008,765329408
200,1790457298929,4,4,4,4,4,4,4,4,4,4,78.90940856933594,76.63890838623047,76.52491760253906,77.84649658203125,69.78298950195313,79.27165985107422,83.96875,0,0,0,0,0,0,0,5,0,0,18.030900955200195,25769803776,2147483648,18278187008,765329408
204,1790457299129,4,4,4,4,4,4,4,4,4,4,78.90940856933594,76.63890838623047,76.52491760253906,77.84649658203125,69.78298950195313,79.27165985107422,83.96875,0,0,0,0,0,0,0,9.090909004211426,0,0,18.030900955200195,25769803776,2147483648,18280054784,765329408
204,1790457299335,4,4,4,4,4,4,4,4,4,4,78.90940856933594,76.63890838623047,76.52491760253906,77.84649658203125,69.78298950195313,79.27165985107422,83.96875,4.761904716491699,0,4.761904716491699,0,0,0,0,0,4.545454502105713,0,18.030900955200195,25769803776,2147483648,18278481920,765329408
204,1790457299540,4,4,4,4,4,4,4,4,4,4,78.99151611328125,76.66781616210938,76.43091583251953,77.9179916381836,69.5836181640625,79.39972686767578,83.96875,70,9.090909004211426,0,0,0,0,0,5,4.761904716491699,0,18.030900955200195,25769803776,2147483648,18278776832,765329408
204,1790457299745,4,4,4,4,4,4,4,4,4,4,78.99151611328125,76.66781616210938,76.43091583251953,77.9179916381836,69.5836181640625,79.39972686767578,83.96875,0,0,0,0,0,0,0,9.523809432983398,0,0,18.030900955200195,25769803776,2147483648,18278776832,765329408
204,1790457299950,4,4,4,4,4,4,4,4,4,4,78.99151611328125,76.66781616210938,76.43091583251953,77.9179916381836,69.5836181640625,79.39972686767578,83.96875,4.761904716491699,0,0,0,0,0,0,5,0,0,17.949743270874023,25769803776,2147483648,18278776832,765329408
204,1790457300155,4,4,4,4,4,4,4,4,4,4,78.99151611328125,76.66781616210938,76.43091583251953,77.9179916381836,69.5836181640625,79.39972686767578,83.96875,4.761904716491699,4.761904716491699,4.761904716491699,0,0,0,4.761904716491699,0,0,0,17.949743270874023,25769803776,2147483648,18278776832,765329408
204,1790457300360,4,4,4,4,4,4,4,4,4,4,79.119873046875,76.83586120605469,76.6773452758789,78.08051300048828,69.92080688476563,79.59153747558594,83.734375,4.761904716491699,0,0,0,0,0,0,9.523809432983398,0,0,17.949743270874023,25769803776,2147483648,18272534528,765329408
200,1790457300565,4,4,4,4,4,4,4,4,4,4,79.119873046875,76.83586120605469,76.6773452758789,78.08051300048828,69.92080688476563,79.59153747558594,83.734375,0,0,0,0,0,0,0,5,0,0,17.949743270874023,25769803776,2147483648,18272567296,765329408
200,1790457300765,4,4,4,4,4,4,4,4,4,4,79.119873046875,76.83586120605469,76.6773452758789,78.08051300048828,69.92080688476563,79.59153747558594,83.734375,4.761904716491699,0,0,0,0,0,4.761904716491699,9.523809432983398,4.761904716491699,0,17.949743270874023,25769803776,2147483648,18272485376,765329408
204,1790457300966,4,4,4,4,4,4,4,4,4,4,79.119873046875,76.83586120605469,76.6773452758789,78.08051300048828,69.92080688476563,79.59153747558594,83.734375,0,0,0,0,0,0,0,5,0,0,18.11480712890625,25769803776,2147483648,18272485376,765329408
204,1790457301171,4,4,4,4,4,4,4,4,4,4,79.119873046875,76.83586120605469,76.6773452758789,78.08051300048828,69.92080688476563,79.59153747558594,83.734375,0,0,0,0,0,0,0,5,0,0,18.11480712890625,25769803776,2147483648,18272337920,765329408
203,1790457301376,4,4,4,4,4,4,4,4,4,4,79.1695785522461,76.98604583740234,76.656982421875,78.15009307861328,69.87660217285156,79.63037109375,83.265625,9.090909004211426,4.761904716491699,0,0,0,0,5,4.761904716491699,4.761904716491699,0,18.11480712890625,25769803776,2147483648,18264621056,765329408
204,1790457301579,4,4,4,4,4,4,4,4,4,4,79.1695785522461,76.98604583740234,76.656982421875,78.15009307861328,69.87660217285156,79.63037109375,83.265625,0,4.761904716491699,0,0,0,0,0,0,0,0,18.11480712890625,25769803776,2147483648,18264621056,765329408
204,1790457301784,4,4,4,4,4,4,4,4,4,4,79.1695785522461,76.98604583740234,76.656982421875,78.15009307861328,69.87660217285156,79.63037109375,83.265625,5,0,4.761904716491699,0,0,0,0,5,0,0,18.11480712890625,25769803776,2147483648,18264522752,765329408
204,1790457301989,4,4,4,4,4,4,4,4,4,4,79.1695785522461,76.98604583740234,76.656982421875,78.15009307861328,69.87660217285156,79.63037109375,83.265625,0,0,0,0,14.285715103149414,15.000000953674316,4.761904716491699,9.523809432983398,0,0,18.06048583984375,25769803776,2147483648,18264522752,765329408
204,1790457302194,4,4,4,4,4,4,4,4,4,4,79.1695785522461,76.98604583740234,76.656982421875,78.15009307861328,69.87660217285156,79.63037109375,83.265625,4.761904716491699,0,0,4.545454502105713,0,0,0,5,0,0,18.06048583984375,25769803776,2147483648,18264522752,765329408
204,1790457302399,4,4,4,4,4,4,4,4,4,4,79.25431823730469,76.94751739501953,76.70518493652344,78.18389892578125,69.93048095703125,79.68229675292969,81.5,0,4.545454502105713,0,0,0,0,0,9.523809432983398,0,0,18.06048583984375,25769803776,2147483648,18264244224,765329408
204,1790457302604,4,4,4,4,4,4,4,4,4,4,79.25431823730469,76.94751739501953,76.70518493652344,78.18389892578125,69.93048095703125,79.68229675292969,81.5,9.090909004211426,0,0,0,0,0,0,5,4.761904716491699,0,18.06048583984375,25769803776,2147483648,18264670208,765329408
204,1790457302809,4,4,4,4,4,4,4,4,4,4,79.25431823730469,76.94751739501953,76.70518493652344,78.18389892578125,69.93048095703125,79.68229675292969,81.5,0,0,0,0,0,0,0,0,0,0,18.06048583984375,25769803776,2147483648,18266603520,765329408
204,1790457303014,4,4,4,4,4,4,4,4,4,4,79.25431823730469,76.94751739501953,76.70518493652344,78.18389892578125,69.93048095703125,79.68229675292969,81.5,4.761904716491699,0,0,0,0,0,4.761904716491699,9.090909004211426,0,0,18.140220642089844,25769803776,2147483648,18266603520,765329408
204,1790457303219,4,4,4,4,4,4,4,4,4,4,79.25431823730469,76.94751739501953,76.70518493652344,78.18389892578125,69.93048095703125,79.68229675292969,81.5,0,0,0,0,0,0,0,0,0,0,18.140220642089844,25769803776,2147483648,18266603520,765329408
204,1790457303424,4,4,4,4,4,4,4,4,4,4,79.27719116210938,77.09490203857422,76.79188537597656,78.21331787109375,70.0510025024414,79.71198272705078,84.203125,5,9.090909004211426,4.761904716491699,0,0,0,4.761904716491699,5,0,0,18.140220642089844,25769803776,2147483648,18264899584,765329408
204,1790457303629,4,4,4,4,4,4,4,4,4,4,79.27719116210938,77.09490203857422,76.79188537597656,78.21331787109375,70.0510025024414,79.71198272705078,84.203125,0,0,0,0,0,0,0,4.761904716491699,4.761904716491699,0,18.140220642089844,25769803776,2147483648,18264588288,765329408
204,1790457303834,4,4,4,4,4,4,4,4,4,4,79.27719116210938,77.09490203857422,76.79188537597656,78.21331787109375,70.0510025024414,79.71198272705078,84.203125,9.090909004211426,0,0,0,0,0,0,5,0,0,18.140220642089844,25769803776,2147483648,18264621056,765329408
203,1790457304039,4,4,4,4,4,4,4,4,4,4,79.27719116210938,77.09490203857422,76.79188537597656,78.21331787109375,70.0510025024414,79.71198272705078,84.203125,0,0,0,0,0,0,4.761904716491699,5,0,0,18.11940574645996,25769803776,2147483648,18264621056,765329408
204,1790457304243,4,4,4,4,4,4,4,4,4,4,79.27719116210938,77.09490203857422,76.79188537597656,78.21331787109375,70.0510025024414,79.71198272705078,84.203125,5,15.789472579956055,4.761904716491699,0,0,0,0,9.523809432983398,4.761904716491699,0,18.11940574645996,25769803776,2147483648,18265128960,765329408
204,1790457304448,4,4,4,4,4,4,4,4,4,4,79.41617584228516,77.02545928955078,76.8918228149414,78.29031372070313,70.22962951660156,79.81918334960938,81.734375,0,0,0,0,0,0,0,4.761904716491699,0,0,18.11940574645996,25769803776,2147483648,18265210880,765329408
204,1790457304653,4,4,4,4,4,4,4,4,4,4,79.41617584228516,77.02545928955078,76.8918228149414,78.29031372070313,70.22962951660156,79.81918334960938,81.734375,4.761904716491699,0,0,0,0,0,0,5,0,4.761904716491699,18.11940574645996,25769803776,2147483648,18264965120,765329408
204,1790457304858,4,4,4,4,4,4,4,4,4,4,79.41617584228516,77.02545928955078,76.8918228149414,78.29031372070313,70.22962951660156,79.81918334960938,81.734375,5,4.761904716491699,0,0,4.545454502105713,0,0,9.523809432983398,0,0,17.985567092895508,25769803776,2147483648,18264965120,765329408
204,1790457305063,4,4,4,4,4,4,4,4,4,4,79.41617584228516,77.02545928955078,76.8918228149414,78.29031372070313,70.22962951660156,79.81918334960938,81.734375,0,4.761904716491699,4.545454502105713,0,0,0,0,5,0,0,17.985567092895508,25769803776,2147483648,18264965120,765329408
204,1790457305267,4,4,4,4,4,4,4,4,4,4,79.41617584228516,77.02545928955078,76.8918228149414,78.29031372070313,70.22962951660156,79.81918334960938,81.734375,4.761904716491699,0,0,0,0,0,5,0,0,0,17.985567092895508,25769803776,2147483648,18265014272,765329408
200,1790457305472,4,4,4,4,4,4,4,4,4,4,79.46006774902344,77.18866729736328,76.76396942138672,78.35734558105469,70.02011108398438,79.8177490234375,84.09375,0,0,0,4.761904716491699,0,0,0,9.090909004211426,0,0,17.985567092895508,25769803776,2147483648,18264948736,765329408
204,1790457305673,4,4,4,4,4,4,4,4,4,4,79.46006774902344,77.18866729736328,76.76396942138672,78.35734558105469,70.02011108398438,79.8177490234375,84.09375,0,0,0,0,0,0,0,0,4.761904716491699,0,17.985567092895508,25769803776,2147483648,18264997888,765329408
204,1790457305878,4,4,4,4,4,4,4,4,4,4,79.46006774902344,77.18866729736328,76.76396942138672,78.35734558105469,70.02011108398438,79.8177490234375,84.09375,4.761904716491699,0,0,0,0,0,4.761904716491699,5,4.761904716491699,0,18.08885955810547,25769803776,2147483648,18264997888,765329408
204,1790457306083,4,4,4,4,4,4,4,4,4,4,79.46006774902344,77.18866729736328,76.76396942138672,78.35734558105469,70.02011108398438,79.8177490234375,84.09375,0,0,0,0,0,0,0,9.523809432983398,0,0,18.08885955810547,25769803776,2147483648,18264997888,765329408
203,1790457306288,4,4,4,4,4,4,4,4,4,4,79.46006774902344,77.18866729736328,76.76396942138672,78.35734558105469,70.02011108398438,79.8177490234375,84.09375,0,0,0,0,0,4.545454502105713,0,5,0,0,18.08885955810547,25769803776,2147483648,18264997888,765329408
204,1790457306491,4,4,4,4,4,4,4,4,4,4,79.5172119140625,77.17346954345703,77.00667572021484,78.4167709350586,70.42137145996094,79.88086700439453,85.140625,4.761904716491699,4.761904716491699,0,0,0,0,4.761904716491699,9.523809432983398,0,0,18.08885955810547,25769803776,2147483648,18264948736,765329408
200,1790457306696,4,4,4,4,4,4,4,4,4,4,79.5172119140625,77.17346954345703,77.00667572021484,78.4167709350586,70.42137145996094,79.88086700439453,85.140625,0,0,0,0,0,0,0,5,0,4.761904716491699,18.08885955810547,25769803776,2147483648,18264932352,765329408
204,1790457306897,4,4,4,4,4,4,4,4,4,4,79.5172119140625,77.17346954345703,77.00667572021484,78.4167709350586,70.42137145996094,79.88086700439453,85.140625,9.523809432983398,4.761904716491699,5,0,0,0,0,5,0,0,18.008909225463867,25769803776,2147483648,18265374720,765329408
202,1790457307102,4,4,4,4,4,4,4,4,4,4,79.5172119140625,77.17346954345703,77.00667572021484,78.4167709350586,70.42137145996094,79.88086700439453,85.140625,5,0,0,0,0,0,0,0,0,0,18.008909225463867,25769803776,2147483648,18265374720,765329408
204,1790457307305,4,4,4,4,4,4,4,4,4,4,79.5172119140625,77.17346954345703,77.00667572021484,78.4167709350586,70.42137145996094,79.88086700439453,85.140625,4.761904716491699,0,0,0,0,0,5,4.761904716491699,0,0,18.008909225463867,25769803776,2147483648,18265374720,765329408
204,1790457307510,4,4,4,4,4,4,4,4,4,4,79.5802001953125,77.40522766113281,76.87347412109375,78.49555969238281,70.1575927734375,79.8885269165039,85.140625,0,0,0,0,0,0,9.090909004211426,0,0,0,18.008909225463867,25769803776,2147483648,18265063424,765329408
204,1790457307715,4,4,4,4,4,4,4,4,4,4,79.5802001953125,77.40522766113281,76.87347412109375,78.49555969238281,70.1575927734375,79.8885269165039,85.140625,4.761904716491699,0,4.545454502105713,0,0,0,0,9.523809432983398,0,0,18.008909225463867,25769803776,2147483648,18265047040,765329408
204,1790457307920,4,4,4,4,4,4,4,4,4,4,79.5802001953125,77.40522766113281,76.87347412109375,78.49555969238281,70.1575927734375,79.8885269165039,85.140625,0,4.545454502105713,0,0,0,0,0,0,0,0,18.002582550048828,25769803776,2147483648,18265047040,765329408
204,1790457308125,4,4,4,4,4,4,4,4,4,4,79.5802001953125,77.40522766113281,76.87347412109375,78.49555969238281,70.1575927734375,79.8885269165039,85.140625,4.545454502105713,0,0,0,0,0,0,5,4.545454502105713,0,18.002582550048828,25769803776,2147483648,18265063424,765329408
204,1790457308330,4,4,4,4,4,4,4,4,4,4,79.5802001953125,77.40522766113281,76.87347412109375,78.49555969238281,70.1575927734375,79.8885269165039,85.140625,0,0,0,0,0,0,9.523809432983398,0,0,0,18.002582550048828,25769803776,2147483648,18264604672,765329408
204,1790457308535,4,4,4,4,4,4,4,4,4,4,79.66724395751953,77.48079681396484,76.9350814819336,78.5318374633789,70.24507904052734,79.9419937133789,81.96875,4.761904716491699,0,0,0,0,0,0,9.090909004211426,0,0,18.002582550048828,25769803776,2147483648,18264702976,765329408
204,1790457308740,4,4,4,4,4,4,4,4,4,4,79.66724395751953,77.48079681396484,76.9350814819336,78.5318374633789,70.24507904052734,79.9419937133789,81.96875,0,4.545454502105713,0,0,0,0,0,5,0,0,18.002582550048828,25769803776,2147483648,18264670208,765329408
202,1790457308945,4,4,4,4,4,4,4,4,4,4,79.66724395751953,77.48079681396484,76.9350814819336,78.5318374633789,70.24507904052734,79.9419937133789,81.96875,4.761904716491699,0,0,0,0,0,0,9.523809432983398,0,0,18.102500915527344,25769803776,2147483648,18264670208,765329408
204,1790457309148,4,4,4,4,4,4,4,4,4,4,79.66724395751953,77.48079681396484,76.9350814819336,78.5318374633789,70.24507904052734,79.9419937133789,81.96875,4.761904716491699,0,0,0,4.761904716491699,0,0,5,4.761904716491699,0,18.102500915527344,25769803776,2147483648,18264670208,765329408
204,1790457309353,4,4,4,4,4,4,4,4,4,4,79.83629608154297,77.37584686279297,77.12891387939453,78.58807373046875,70.57442474365234,80.0708999633789,84.203125,0,4.761904716491699,0,0,0,0,0,5,0,0,18.102500915527344,25769803776,2147483648,18264719360,765329408
204,1790457309558,4,4,4,4,4,4,4,4,4,4,79.83629608154297,77.37584686279297,77.12891387939453,78.58807373046875,70.57442474365234,80.0708999633789,84.203125,5,0,0,4.761904716491699,0,0,0,4.761904716491699,0,0,18.102500915527344,25769803776,2147483648,18264588288,765329408
204,1790457309763,4,4,4,4,4,4,4,4,4,4,79.83629608154297,77.37584686279297,77.12891387939453,78.58807373046875,70.57442474365234,80.0708999633789,84.203125,0,0,0,0,0,0,0,5,0,0,18.102500915527344,25769803776,2147483648,18264637440,765329408
204,1790457309968,4,4,4,4,4,4,4,4,4,4,79.83629608154297,77.37584686279297,77.12891387939453,78.58807373046875,70.57442474365234,80.0708999633789,84.203125,0,0,0,0,0,0,4.761904716491699,9.523809432983398,4.761904716491699,0,17.960208892822266,25769803776,2147483648,18264637440,765329408
204,1790457310173,4,4,4,4,4,4,4,4,4,4,79.83629608154297,77.37584686279297,77.12891387939453,78.58807373046875,70.57442474365234,80.0708999633789,84.203125,4.761904716491699,0,4.545454502105713,0,0,0,0,4.761904716491699,0,0,17.960208892822266,25769803776,2147483648,18264637440,765329408
204,1790457310378,4,4,4,4,4,4,4,4,4,4,79.83869934082031,77.41453552246094,77.03019714355469,78.62957000732422,70.43174743652344,80.04798889160156,83.5,0,0,0,0,0,0,4.761904716491699,5,0,0,17.960208892822266,25769803776,2147483648,18264637440,765329408
204,1790457310583,4,4,4,4,4,4,4,4,4,4,79.83869934082031,77.41453552246094,77.03019714355469,78.62957000732422,70.43174743652344,80.04798889160156,83.5,9.523809432983398,5,4.761904716491699,0,0,0,0,4.761904716491699,0,0,17.960208892822266,25769803776,2147483648,18266390528,765329408
204,1790457310788,4,4,4,4,4,4,4,4,4,4,79.83869934082031,77.41453552246094,77.03019714355469,78.62957000732422,70.43174743652344,80.04798889160156,83.5,0,4.761904716491699,0,0,4.761904716491699,0,0,4.761904716491699,0,0,17.960208892822266,25769803776,2147483648,18264555520,765329408
202,1790457310993,4,4,4,4,4,4,4,4,4,4,79.83869934082031,77.41453552246094,77.03019714355469,78.62957000732422,70.43174743652344,80.04798889160156,83.5,0,0,0,0,0,0,0,0,0,0,18.014638900756836,25769803776,2147483648,18264555520,765329408
204,1790457311196,4,4,4,4,4,4,4,4,4,4,79.83869934082031,77.41453552246094,77.03019714355469,78.62957000732422,70.43174743652344,80.04798889160156,83.5,4.761904716491699,0,0,0,0,0,0,9.523809432983398,4.761904716491699,0,18.014638900756836,25769803776,2147483648,18264555520,765329408
204,1790457311401,4,4,4,4,4,4,4,4,4,4,79.95037841796875,77.4885025024414,77.20606231689453,78.63976287841797,70.68388366699219,80.1591567993164,84.90625,4.761904716491699,0,0,0,0,0,0,5,0,0,18.014638900756836,25769803776,2147483648,18264555520,765329408
204,1790457311606,4,4,4,4,4,4,4,4,4,4,79.95037841796875,77.4885025024414,77.20606231689453,78.63976287841797,70.68388366699219,80.1591567993164,84.90625,0,4.545454502105713,0,0,0,0,4.761904716491699,5,0,0,18.014638900756836,25769803776,2147483648,18264260608,765329408
204,1790457311811,4,4,4,4,4,4,4,4,4,4,79.95037841796875,77.4885025024414,77.20606231689453,78.63976287841797,70.68388366699219,80.1591567993164,84.90625,4.761904716491699,0,0,0,0,0,0,9.090909004211426,0,0,18.014638900756836,25769803776,2147483648,18264326144,765329408
204,1790457312016,4,4,4,4,4,4,4,4,4,4,79.95037841796875,77.4885025024414,77.20606231689453,78.63976287841797,70.68388366699219,80.1591567993164,84.90625,0,0,0,0,0,0,0,5,4.761904716491699,0,18.032028198242188,25769803776,2147483648,18264326144,765329408
201,1790457312221,4,4,4,4,4,4,4,4,4,4,79.95037841796875,77.4885025024414,77.20606231689453,78.63976287841797,70.68388366699219,80.1591567993164,84.90625,4.761904716491699,0,0,0,0,0,0,5,0,0,18.032028198242188,25769803776,2147483648,18264326144,765329408
200,1790457312422,4,4,4,4,4,4,4,4,4,4,79.92326354980469,77.59766387939453,77.14368438720703,78.63191223144531,70.56314849853516,80.12872314453125,84.4375,0,0,0,0,0,0,9.523809432983398,4.761904716491699,0,0,18.032028198242188,25769803776,2147483648,18264326144,765329408
204,1790457312623,4,4,4,4,4,4,4,4,4,4,79.92326354980469,77.59766387939453,77.14368438720703,78.63191223144531,70.56314849853516,80.12872314453125,84.4375,0,0,0,0,0,0,0,0,0,0,18.032028198242188,25769803776,2147483648,18264571904,765329408
200,1790457312828,4,4,4,4,4,4,4,4,4,4,79.92326354980469,77.59766387939453,77.14368438720703,78.63191223144531,70.56314849853516,80.12872314453125,84.4375,4.761904716491699,0,0,0,0,0,0,5,0,0,18.032028198242188,25769803776,2147483648,18264653824,765329408
204,1790457313028,4,4,4,4,4,4,4,4,4,4,79.92326354980469,77.59766387939453,77.14368438720703,78.63191223144531,70.56314849853516,80.12872314453125,84.4375,0,4.761904716491699,0,0,0,0,0,9.523809432983398,0,0,17.922727584838867,25769803776,2147483648,18264653824,765329408
204,1790457313233,4,4,4,4,4,4,4,4,4,4,79.92326354980469,77.59766387939453,77.14368438720703,78.63191223144531,70.56314849853516,80.12872314453125,84.4375,9.523809432983398,4.761904716491699,0,0,0,0,0,5,0,0,17.922727584838867,25769803776,2147483648,18264653824,765329408
204,1790457313438,4,4,4,4,4,4,4,4,4,4,79.99650573730469,77.52233123779297,77.14228057861328,78.67366027832031,70.56495666503906,80.17463684082031,85.625,0,0,0,0,0,0,0,9.523809432983398,0,0,17.922727584838867,25769803776,2147483648,18264653824,765329408
200,1790457313643,4,4,4,4,4,4,4,4,4,4,79.99650573730469,77.52233123779297,77.14228057861328,78.67366027832031,70.56495666503906,80.17463684082031,85.625,0,0,0,0,0,0,0,5,0,0,17.922727584838867,25769803776,2147483648,18264342528,765329408
204,1790457313844,4,4,4,4,4,4,4,4,4,4,79.99650573730469,77.52233123779297,77.14228057861328,78.67366027832031,70.56495666503906,80.17463684082031,85.625,4.761904716491699,0,0,0,0,0,0,5,4.761904716491699,0,17.922727584838867,25769803776,2147483648,18264342528,765329408
204,1790457314049,4,4,4,4,4,4,4,4,4,4,79.99650573730469,77.52233123779297,77.14228057861328,78.67366027832031,70.56495666503906,80.17463684082031,85.625,0,0,0,0,0,0,0,5,4.761904716491699,0,17.965373992919922,25769803776,2147483648,18264342528,765329408
204,1790457314254,4,4,4,4,4,4,4,4,4,4,79.99650573730469,77.52233123779297,77.14228057861328,78.67366027832031,70.56495666503906,80.17463684082031,85.625,4.761904716491699,0,4.761904716491699,0,0,4.761904716491699,4.761904716491699,4.761904716491699,0,0,17.965373992919922,25769803776,2147483648,18265669632,765329408
204,1790457314459,4,4,4,4,4,4,4,4,4,4,80.0149154663086,77.55485534667969,77.34420776367188,78.66439819335938,70.84280395507813,80.18858337402344,81.96875,4.761904716491699,0,0,0,0,0,0,4.761904716491699,0,0,17.965373992919922,25769803776,2147483648,18263851008,765329408
204,1790457314664,4,4,4,4,4,4,4,4,4,4,80.0149154663086,77.55485534667969,77.34420776367188,78.66439819335938,70.84280395507813,80.18858337402344,81.96875,4.761904716491699,0,0,0,0,0,5,0,0,0,17.965373992919922,25769803776,2147483648,18263932928,765329408
201,1790457314869,4,4,4,4,4,4,4,4,4,4,80.0149154663086,77.55485534667969,77.34420776367188,78.66439819335938,70.84280395507813,80.18858337402344,81.96875,0,0,0,0,0,0,4.761904716491699,5,0,0,17.91158103942871,25769803776,2147483648,18263932928,765329408
204,1790457315071,4,4,4,4,4,4,4,4,4,4,80.0149154663086,77.55485534667969,77.34420776367188,78.66439819335938,70.84280395507813,80.18858337402344,81.96875,0,4.761904716491699,0,0,0,0,0,9.523809432983398,0,0,17.91158103942871,25769803776,2147483648,18263932928,765329408
204,1790457315276,4,4,4,4,4,4,4,4,4,4,80.0149154663086,77.55485534667969,77.34420776367188,78.66439819335938,70.84280395507813,80.18858337402344,81.96875,4.761904716491699,0,0,0,0,0,0,5,0,4.761904716491699,17.91158103942871,25769803776,2147483648,18263932928,765329408
204,1790457315481,4,4,4,4,4,4,4,4,4,4,80.00342559814453,77.64627838134766,77.16654968261719,78.66507720947266,70.57284545898438,80.16258239746094,84.203125,0,4.761904716491699,0,0,0,0,0,9.523809432983398,4.761904716491699,0,17.91158103942871,25769803776,2147483648,18263932928,765329408
204,1790457315686,4,4,4,4,4,4,4,4,4,4,80.00342559814453,77.64627838134766,77.16654968261719,78.66507720947266,70.57284545898438,80.16258239746094,84.203125,4.761904716491699,0,0,0,0,0,0,4.761904716491699,0,0,17.91158103942871,25769803776,2147483648,18263965696,765329408
204,1790457315891,4,4,4,4,4,4,4,4,4,4,80.00342559814453,77.64627838134766,77.16654968261719,78.66507720947266,70.57284545898438,80.16258239746094,84.203125,4.761904716491699,0,0,4.761904716491699,0,0,0,5,0,0,17.794692993164063,25769803776,2147483648,18263867392,765329408
204,1790457316096,4,4,4,4,4,4,4,4,4,4,80.00342559814453,77.64627838134766,77.16654968261719,78.66507720947266,70.57284545898438,80.16258239746094,84.203125,0,0,0,0,0,0,0,5,0,0,17.794692993164063,25769803776,2147483648,18263883776,765329408
204,1790457316301,4,4,4,4,4,4,4,4,4,4,80.00342559814453,77.64627838134766,77.16654968261719,78.66507720947266,70.57284545898438,80.16258239746094,84.203125,4.761904716491699,5,4.761904716491699,0,0,0,0,5,0,0,17.794692993164063,25769803776,2147483648,18263457792,765329408
204,1790457316506,4,4,4,4,4,4,4,4,4,4,80.05752563476563,77.60867309570313,77.29959869384766,78.70257568359375,70.70169830322266,80.22049713134766,82.203125,0,0,0,0,0,0,0,9.090909004211426,0,4.761904716491699,17.794692993164063,25769803776,2147483648,18263539712,765329408
204,1790457316711,4,4,4,4,4,4,4,4,4,4,80.05752563476563,77.60867309570313,77.29959869384766,78.70257568359375,70.70169830322266,80.22049713134766,82.203125,9.090909004211426,4.761904716491699,4.761904716491699,0,0,0,0,5,4.761904716491699,0,17.794692993164063,25769803776,2147483648,18263867392,765329408
204,1790457316916,4,4,4,4,4,4,4,4,4,4,80.05752563476563,77.60867309570313,77.29959869384766,78.70257568359375,70.70169830322266,80.22049713134766,82.203125,0,0,0,0,0,0,4.761904716491699,9.523809432983398,0,0,17.872173309326172,25769803776,2147483648,18263851008,765329408
204,1790457317121,4,4,4,4,4,4,4,4,4,4,80.05752563476563,77.60867309570313,77.29959869384766,78.70257568359375,70.70169830322266,80.22049713134766,82.203125,0,0,0,0,0,0,4.761904716491699,0,0,0,17.872173309326172,25769803776,2147483648,18263883776,765329408
204,1790457317326,4,4,4,4,4,4,4,4,4,4,80.05752563476563,77.60867309570313,77.29959869384766,78.70257568359375,70.70169830322266,80.22049713134766,82.203125,5,4.761904716491699,0,0,0,0,0,5,0,0,17.872173309326172,25769803776,2147483648,18263916544,765329408
204,1790457317531,4,4,4,4,4,4,4,4,4,4,80.00621032714844,77.61719512939453,77.38611602783203,78.69741821289063,70.85761260986328,80.18009948730469,85.390625,4.761904716491699,0,0,0,4.545454502105713,0,0,9.090909004211426,0,0,17.872173309326172,25769803776,2147483648,18263916544,765329408
204,1790457317736,4,4,4,4,4,4,4,4,4,4,80.00621032714844,77.61719512939453,77.38611602783203,78.69741821289063,70.85761260986328,80.18009948730469,85.390625,0,0,0,0,0,0,0,5,4.545454502105713,0,17.872173309326172,25769803776,2147483648,18263785472,765329408
200,1790457317941,4,4,4,4,4,4,4,4,4,4,80.00621032714844,77.61719512939453,77.38611602783203,78.69741821289063,70.85761260986328,80.18009948730469,85.390625,4.761904716491699,4.761904716491699,0,4.761904716491699,0,0,0,4.761904716491699,0,0,17.704744338989258,25769803776,2147483648,18265686016,765329408
204,1790457318142,4,4,4,4,4,4,4,4,4,4,80.00621032714844,77.61719512939453,77.38611602783203,78.69741821289063,70.85761260986328,80.18009948730469,85.390625,0,0,0,0,0,0,0,5,0,0,17.704744338989258,25769803776,2147483648,18263883776,765329408
201,1790457318347,4,4,4,4,4,4,4,4,4,4,80.00775909423828,77.61412811279297,77.22508239746094,78.70819854736328,70.62814331054688,80.165283203125,86.203125,4.761904716491699,0,0,0,0,0,0,5,0,0,17.704744338989258,25769803776,2147483648,18263883776,765329408
204,1790457318548,4,4,4,4,4,4,4,4,4,4,80.00775909423828,77.61412811279297,77.22508239746094,78.70819854736328,70.62814331054688,80.165283203125,86.203125,0,5,4.761904716491699,0,0,0,0,0,0,0,17.704744338989258,25769803776,2147483648,18263883776,765329408
204,1790457318753,4,4,4,4,4,4,4,4,4,4,80.00775909423828,77.61412811279297,77.22508239746094,78.70819854736328,70.62814331054688,80.165283203125,86.203125,0,0,0,0,0,0,0,9.523809432983398,0,0,17.704744338989258,25769803776,2147483648,18263670784,765329408
204,1790457318958,4,4,4,4,4,4,4,4,4,4,80.00775909423828,77.61412811279297,77.22508239746094,78.70819854736328,70.62814331054688,80.165283203125,86.203125,4.761904716491699,0,0,0,0,0,4.761904716491699,4.761904716491699,0,0,17.774995803833008,25769803776,2147483648,18263670784,765329408
204,1790457319162,4,4,4,4,4,4,4,4,4,4,80.00775909423828,77.61412811279297,77.22508239746094,78.70819854736328,70.62814331054688,80.165283203125,86.203125,0,0,0,0,0,0,0,9.523809432983398,0,0,17.774995803833008,25769803776,2147483648,18263670784,765329408
204,1790457319367,4,4,4,4,4,4,4,4,4,4,80.03143310546875,77.69471740722656,77.44697570800781,78.69261932373047,70.89933013916016,80.20105743408203,82.203125,0,0,0,0,0,0,0,5,4.761904716491699,0,17.774995803833008,25769803776,2147483648,18263670784,765329408
204,1790457319572,4,4,4,4,4,4,4,4,4,4,80.03143310546875,77.69471740722656,77.44697570800781,78.69261932373047,70.89933013916016,80.20105743408203,82.203125,4.761904716491699,0,0,0,0,0,4.761904716491699,9.523809432983398,0,0,17.774995803833008,25769803776,2147483648,18263670784,765329408
204,1790457319777,4,4,4,4,4,4,4,4,4,4,80.03143310546875,77.69471740722656,77.44697570800781,78.69261932373047,70.89933013916016,80.20105743408203,82.203125,0,0,0,0,0,0,0,5,0,0,17.774995803833008,25769803776,2147483648,18263425024,765329408
200,1790457319982,4,4,4,4,4,4,4,4,4,4,80.03143310546875,77.69471740722656,77.44697570800781,78.69261932373047,70.89933013916016,80.20105743408203,82.203125,0,4.761904716491699,0,0,0,0,0,5,0,0,17.795076370239258,25769803776,2147483648,18263425024,765329408
204,1790457320183,4,4,4,4,4,4,4,4,4,4,80.03143310546875,77.69471740722656,77.44697570800781,78.69261932373047,70.89933013916016,80.20105743408203,82.203125,9.090909004211426,0,4.761904716491699,0,0,0,0,5,0,0,17.795076370239258,25769803776,2147483648,18263425024,765329408
202,1790457320388,4,4,4,4,4,4,4,4,4,4,79.9621810913086,77.67959594726563,77.44562530517578,78.6689682006836,70.90523529052734,80.14532470703125,84.90625,0,4.761904716491699,0,0,0,0,0,9.523809432983398,0,0,17.795076370239258,25769803776,2147483648,18263474176,765329408
200,1790457320590,4,4,4,4,4,4,4,4,4,4,79.9621810913086,77.67959594726563,77.44562530517578,78.6689682006836,70.90523529052734,80.14532470703125,84.90625,0,0,0,0,0,0,0,5,0,0,17.795076370239258,25769803776,2147483648,18263474176,765329408
204,1790457320791,4,4,4,4,4,4,4,4,4,4,79.9621810913086,77.67959594726563,77.44562530517578,78.6689682006836,70.90523529052734,80.14532470703125,84.90625,10,0,0,0,0,0,4.761904716491699,5,0,0,17.795076370239258,25769803776,2147483648,18263490560,765329408
202,1790457320996,4,4,4,4,4,4,4,4,4,4,79.9621810913086,77.67959594726563,77.44562530517578,78.6689682006836,70.90523529052734,80.14532470703125,84.90625,0,4.761904716491699,0,0,0,0,0,9.523809432983398,4.761904716491699,0,17.58302116394043,25769803776,2147483648,18263572480,765329408
204,1790457321198,4,4,4,4,4,4,4,4,4,4,79.9621810913086,77.67959594726563,77.44562530517578,78.6689682006836,70.90523529052734,80.14532470703125,84.90625,4.761904716491699,0,0,0,0,0,0,5,0,0,17.58302116394043,25769803776,2147483648,18263572480,765329408
201,1790457321403,4,4,4,4,4,4,4,4,4,4,80.04326629638672,77.6616439819336,77.32907104492188,78.70332336425781,70.7025146484375,80.23702239990234,83.5,0,0,0,0,4.761904716491699,0,0,4.761904716491699,4.761904716491699,0,17.58302116394043,25769803776,2147483648,18263572480,765329408
200,1790457321605,4,4,4,4,4,4,4,4,4,4,80.04326629638672,77.6616439819336,77.32907104492188,78.70332336425781,70.7025146484375,80.23702239990234,83.5,5,0,0,0,0,0,0,0,0,0,17.58302116394043,25769803776,2147483648,18263572480,765329408
200,1790457321806,4,4,4,4,4,4,4,4,4,4,80.04326629638672,77.6616439819336,77.32907104492188,78.70332336425781,70.7025146484375,80.23702239990234,83.5,0,0,0,0,0,0,0,5,0,0,17.58302116394043,25769803776,2147483648,18263310336,765329408
204,1790457322006,4,4,4,4,4,4,4,4,4,4,80.04326629638672,77.6616439819336,77.32907104492188,78.70332336425781,70.7025146484375,80.23702239990234,83.5,4.761904716491699,0,0,4.761904716491699,0,0,0,9.523809432983398,0,0,17.661182403564453,25769803776,2147483648,18263310336,765329408
204,1790457322211,4,4,4,4,4,4,4,4,4,4,80.04326629638672,77.6616439819336,77.32907104492188,78.70332336425781,70.7025146484375,80.23702239990234,83.5,0,0,4.761904716491699,0,0,0,4.761904716491699,5,0,0,17.661182403564453,25769803776,2147483648,18263359488,765329408
203,1790457322416,4,4,4,4,4,4,4,4,4,4,80.02961730957031,77.77436828613281,77.34528350830078,78.70297241210938,70.69678497314453,80.21923828125,84.90625,4.761904716491699,0,0,0,0,0,4.761904716491699,0,0,0,17.661182403564453,25769803776,2147483648,18263359488,765329408
204,1790457322620,4,4,4,4,4,4,4,4,4,4,80.02961730957031,77.77436828613281,77.34528350830078,78.70297241210938,70.69678497314453,80.21923828125,84.90625,0,9.090909004211426,0,0,0,0,5,0,4.761904716491699,0,17.661182403564453,25769803776,2147483648,18263359488,765329408
202,1790457322825,4,4,4,4,4,4,4,4,4,4,80.02961730957031,77.77436828613281,77.34528350830078,78.70297241210938,70.69678497314453,80.21923828125,84.90625,0,0,0,0,0,0,5,0,0,0,17.661182403564453,25769803776,2147483648,18263425024,765329408
200,1790457323028,4,4,4,4,4,4,4,4,4,4,80.02961730957031,77.77436828613281,77.34528350830078,78.70297241210938,70.69678497314453,80.21923828125,84.90625,4.761904716491699,0,0,0,0,0,9.523809432983398,4.761904716491699,0,0,17.631916046142578,25769803776,2147483648,18263425024,765329408
204,1790457323228,4,4,4,4,4,4,4,4,4,4,80.02961730957031,77.77436828613281,77.34528350830078,78.70297241210938,70.69678497314453,80.21923828125,84.90625,0,0,0,0,0,0,5,4.761904716491699,0,0,17.631916046142578,25769803776,2147483648,18263343104,765329408
204,1790457323433,4,4,4,4,4,4,4,4,4,4,79.9426040649414,78.0390396118164,76.93026733398438,78.64493560791016,69.96612548828125,80.13800048828125,84.671875,4.761904716491699,0,4.545454502105713,0,0,0,0,0,0,0,17.631916046142578,25769803776,2147483648,18263343104,765329408
204,1790457323638,4,4,4,4,4,4,4,4,4,4,79.9426040649414,78.0390396118164,76.93026733398438,78.64493560791016,69.96612548828125,80.13800048828125,84.671875,4.761904716491699,0,0,0,0,0,9.523809432983398,4.761904716491699,4.545454502105713,0,17.631916046142578,25769803776,2147483648,18263343104,765329408
204,1790457323843,4,4,4,4,4,4,4,4,4,4,79.9426040649414,78.0390396118164,76.93026733398438,78.64493560791016,69.96612548828125,80.13800048828125,84.671875,4.761904716491699,4.761904716491699,0,0,0,4.761904716491699,0,0,0,0,17.631916046142578,25769803776,2147483648,18263031808,765329408
204,1790457324048,4,4,4,4,4,4,4,4,4,4,79.9426040649414,78.0390396118164,76.93026733398438,78.64493560791016,69.96612548828125,80.13800048828125,84.671875,0,0,0,0,0,0,5,0,0,0,17.563884735107422,25769803776,2147483648,18263080960,765329408
202,1790457324253,4,4,4,4,4,4,4,4,4,4,79.9426040649414,78.0390396118164,76.93026733398438,78.64493560791016,69.96612548828125,80.13800048828125,84.671875,19.047618865966797,14.285715103149414,4.761904716491699,4.761904716491699,14.285715103149414,0,19.047618865966797,4.761904716491699,0,0,17.563884735107422,25769803776,2147483648,18263080960,765329408
204,1790457324455,4,4,4,4,4,4,4,4,4,4,79.96748352050781,78.72911834716797,77.3970718383789,78.6840591430664,70.45252227783203,80.2342758178711,86.09375,0,0,5,0,0,0,30.000001907348633,0,0,0,17.563884735107422,25769803776,2147483648,18263080960,765329408
204,1790457324660,4,4,4,4,4,4,4,4,4,4,79.96748352050781,78.72911834716797,77.3970718383789,78.6840591430664,70.45252227783203,80.2342758178711,86.09375,4.761904716491699,0,4.761904716491699,0,4.761904716491699,0,5,0,0,0,17.563884735107422,25769803776,2147483648,18263080960,765329408
201,1790457324865,4,4,4,4,4,4,4,4,4,4,79.96748352050781,78.72911834716797,77.3970718383789,78.6840591430664,70.45252227783203,80.2342758178711,86.09375,0,4.761904716491699,0,0,0,0,0,4.545454502105713,0,4.761904716491699,17.549890518188477,25769803776,2147483648,18264539136,765329408
204,1790457325067,4,4,4,4,4,4,4,4,4,4,79.96748352050781,78.72911834716797,77.3970718383789,78.6840591430664,70.45252227783203,80.2342758178711,86.09375,5,5,0,0,0,0,9.523809432983398,0,0,0,17.549890518188477,25769803776,2147483648,18264539136,765329408
204,1790457325272,4,4,4,4,4,4,4,4,4,4,79.96748352050781,78.72911834716797,77.3970718383789,78.6840591430664,70.45252227783203,80.2342758178711,86.09375,0,0,0,0,0,0,5,4.761904716491699,0,0,17.549890518188477,25769803776,2147483648,18264539136,765329408
204,1790457325477,4,4,4,4,4,4,4,4,4,4,79.9264907836914,78.33257293701172,77.15733337402344,78.67682647705078,70.14370727539063,80.17623901367188,85.03125,4.761904716491699,0,4.761904716491699,0,0,0,9.523809432983398,0,4.761904716491699,0,17.549890518188477,25769803776,2147483648,18265014272,765329408
203,1790457325682,4,4,4,4,4,4,4,4,4,4,79.9264907836914,78.33257293701172,77.15733337402344,78.67682647705078,70.14370727539063,80.17623901367188,85.03125,5,0,0,0,0,0,5,0,0,0,17.549890518188477,25769803776,2147483648,18265014272,765329408
204,1790457325886,4,4,4,4,4,4,4,4,4,4,79.9264907836914,78.33257293701172,77.15733337402344,78.67682647705078,70.14370727539063,80.17623901367188,85.03125,4.761904716491699,9.090909004211426,4.761904716491699,4.761904716491699,0,0,4.761904716491699,0,0,0,17.34421157836914,25769803776,2147483648,18265260032,765329408
204,1790457326091,4,4,4,4,4,4,4,4,4,4,79.9264907836914,78.33257293701172,77.15733337402344,78.67682647705078,70.14370727539063,80.17623901367188,85.03125,4.761904716491699,0,0,0,0,0,0,4.761904716491699,0,0,17.34421157836914,25769803776,2147483648,18265309184,765329408
204,1790457326296,4,4,4,4,4,4,4,4,4,4,79.9264907836914,78.33257293701172,77.15733337402344,78.67682647705078,70.14370727539063,80.17623901367188,85.03125,0,0,0,0,0,0,5,0,0,0,17.34421157836914,25769803776,2147483648,18265309184,765329408
204,1790457326501,4,4,4,4,4,4,4,4,4,4,79.94728088378906,78.00727844238281,77.0503921508789,78.6523208618164,70.1477279663086,80.15055084228516,82.90625,5,0,0,0,0,0,9.523809432983398,0,4.545454502105713,0,17.34421157836914,25769803776,2147483648,18265309184,765329408
204,1790457326706,4,4,4,4,4,4,4,4,4,4,79.94728088378906,78.00727844238281,77.0503921508789,78.6523208618164,70.1477279663086,80.15055084228516,82.90625,0,4.545454502105713,0,0,0,0,5,0,0,0,17.34421157836914,25769803776,2147483648,18265309184,765329408
204,1790457326911,4,4,4,4,4,4,4,4,4,4,79.94728088378906,78.00727844238281,77.0503921508789,78.6523208618164,70.1477279663086,80.15055084228516,82.90625,9.523809432983398,0,0,0,0,0,9.523809432983398,0,0,0,17.639820098876953,25769803776,2147483648,18265210880,765329408
204,1790457327116,4,4,4,4,4,4,4,4,4,4,79.94728088378906,78.00727844238281,77.0503921508789,78.6523208618164,70.1477279663086,80.15055084228516,82.90625,0,0,0,0,0,0,4.761904716491699,9.090909004211426,0,0,17.639820098876953,25769803776,2147483648,18265210880,765329408
204,1790457327321,4,4,4,4,4,4,4,4,4,4,79.94728088378906,78.00727844238281,77.0503921508789,78.6523208618164,70.1477279663086,80.15055084228516,82.90625,4.761904716491699,0,0,0,0,0,0,0,4.761904716491699,0,17.639820098876953,25769803776,2147483648,18265505792,765329408
204,1790457327526,4,4,4,4,4,4,4,4,4,4,79.9547119140625,78.20252990722656,76.9850845336914,78.6393051147461,69.98381042480469,80.17154693603516,84.90625,0,0,0,0,0,0,9.523809432983398,0,0,0,17.639820098876953,25769803776,2147483648,18265505792,765329408
203,1790457327731,4,4,4,4,4,4,4,4,4,4,79.9547119140625,78.20252990722656,76.9850845336914,78.6393051147461,69.98381042480469,80.17154693603516,84.90625,4.761904716491699,0,0,0,0,0,4.761904716491699,0,0,0,17.639820098876953,25769803776,2147483648,18265505792,765329408
200,1790457327935,4,4,4,4,4,4,4,4,4,4,79.9547119140625,78.20252990722656,76.9850845336914,78.6393051147461,69.98381042480469,80.17154693603516,84.90625,0,0,4.761904716491699,0,0,0,9.523809432983398,0,0,0,17.55840301513672,25769803776,2147483648,18265554944,765329408
200,1790457328135,4,4,4,4,4,4,4,4,4,4,79.9547119140625,78.20252990722656,76.9850845336914,78.6393051147461,69.98381042480469,80.17154693603516,84.90625,0,4.761904716491699,0,0,0,0,5,0,0,0,17.55840301513672,25769803776,2147483648,18265571328,765329408
204,1790457328336,4,4,4,4,4,4,4,4,4,4,79.9547119140625,78.20252990722656,76.9850845336914,78.6393051147461,69.98381042480469,80.17154693603516,84.90625,4.761904716491699,4.761904716491699,0,0,0,0,0,4.761904716491699,0,0,17.55840301513672,25769803776,2147483648,18266390528,765329408
204,1790457328541,4,4,4,4,4,4,4,4,4,4,79.85530853271484,77.99739074707031,76.83609008789063,78.63343811035156,69.91559600830078,80.11144256591797,84.671875,0,0,0,0,0,0,0,0,0,0,17.55840301513672,25769803776,2147483648,18265571328,765329408
204,1790457328746,4,4,4,4,4,4,4,4,4,4,79.85530853271484,77.99739074707031,76.83609008789063,78.63343811035156,69.91559600830078,80.11144256591797,84.671875,0,0,0,0,0,0,9.523809432983398,0,0,0,17.55840301513672,25769803776,2147483648,18265571328,765329408
204,1790457328951,4,4,4,4,4,4,4,4,4,4,79.85530853271484,77.99739074707031,76.83609008789063,78.63343811035156,69.91559600830078,80.11144256591797,84.671875,4.761904716491699,0,4.761904716491699,0,0,0,5,0,9.090909004211426,0,17.259563446044922,25769803776,2147483648,18265571328,765329408
204,1790457329156,4,4,4,4,4,4,4,4,4,4,79.85530853271484,77.99739074707031,76.83609008789063,78.63343811035156,69.91559600830078,80.11144256591797,84.671875,0,0,0,0,0,0,9.090909004211426,0,0,0,17.259563446044922,25769803776,2147483648,18265571328,765329408
204,1790457329361,4,4,4,4,4,4,4,4,4,4,79.852294921875,78.07969665527344,76.84234619140625,78.61597442626953,69.89830780029297,80.11737060546875,84.90625,9.090909004211426,0,0,0,0,0,5,0,0,0,17.259563446044922,25769803776,2147483648,18265440256,765329408
203,1790457329566,4,4,4,4,4,4,4,4,4,4,79.852294921875,78.07969665527344,76.84234619140625,78.61597442626953,69.89830780029297,80.11737060546875,84.90625,70,4.761904716491699,0,0,0,0,5,0,0,0,17.259563446044922,25769803776,2147483648,18265587712,765329408
204,1790457329769,4,4,4,4,4,4,4,4,4,4,79.852294921875,78.07969665527344,76.84234619140625,78.61597442626953,69.89830780029297,80.11737060546875,84.90625,5,0,0,0,0,0,5,0,0,0,17.259563446044922,25769803776,2147483648,18265587712,765329408
202,1790457329974,4,4,4,4,4,4,4,4,4,4,79.852294921875,78.07969665527344,76.84234619140625,78.61597442626953,69.89830780029297,80.11737060546875,84.90625,0,0,0,0,0,0,5,0,0,0,17.325763702392578,25769803776,2147483648,18265653248,765329408
204,1790457330177,4,4,4,4,4,4,4,4,4,4,79.852294921875,78.07969665527344,76.84234619140625,78.61597442626953,69.89830780029297,80.11737060546875,84.90625,4.761904716491699,0,0,0,0,0,9.523809432983398,4.761904716491699,0,0,17.325763702392578,25769803776,2147483648,18265669632,765329408
204,1790457330382,4,4,4,4,4,4,4,4,4,4,79.90514373779297,78.171142578125,76.88640594482422,78.61339569091797,69.9287338256836,80.1639404296875,81.96875,5,9.090909004211426,4.761904716491699,4.761904716491699,0,0,5,0,4.761904716491699,0,17.325763702392578,25769803776,2147483648,18265374720,765329408
202,1790457330587,4,4,4,4,4,4,4,4,4,4,79.90514373779297,78.171142578125,76.88640594482422,78.61339569091797,69.9287338256836,80.1639404296875,81.96875,0,0,0,0,0,0,9.090909004211426,4.761904716491699,0,0,17.325763702392578,25769803776,2147483648,18265407488,765329408
204,1790457330789,4,4,4,4,4,4,4,4,4,4,79.90514373779297,78.171142578125,76.88640594482422,78.61339569091797,69.9287338256836,80.1639404296875,81.96875,4.761904716491699,0,0,0,0,0,5,0,0,0,17.325763702392578,25769803776,2147483648,18264834048,765329408
202,1790457330994,4,4,4,4,4,4,4,4,4,4,79.90514373779297,78.171142578125,76.88640594482422,78.61339569091797,69.9287338256836,80.1639404296875,81.96875,0,0,0,0,0,0,0,0,9.523809432983398,4.545454502105713,17.36013412475586,25769803776,2147483648,18264850432,765329408
200,1790457331196,4,4,4,4,4,4,4,4,4,4,79.90514373779297,78.171142578125,76.88640594482422,78.61339569091797,69.9287338256836,80.1639404296875,81.96875,0,0,0,0,4.761904716491699,0,4.761904716491699,5,0,0,17.36013412475586,25769803776,2147483648,18264899584,765329408
204,1790457331397,4,4,4,4,4,4,4,4,4,4,79.92462158203125,77.79745483398438,76.88600158691406,78.65406036376953,70.04769897460938,80.22348022460938,84.4375,5,0,0,0,0,0,5.263157844543457,0,0,0,17.36013412475586,25769803776,2147483648,18264899584,765329408
204,1790457331602,4,4,4,4,4,4,4,4,4,4,79.92462158203125,77.79745483398438,76.88600158691406,78.65406036376953,70.04769897460938,80.22348022460938,84.4375,0,4.761904716491699,0,0,0,0,0,0,0,0,17.36013412475586,25769803776,2147483648,18264899584,765329408
204,1790457331807,4,4,4,4,4,4,4,4,4,4,79.92462158203125,77.79745483398438,76.88600158691406,78.65406036376953,70.04769897460938,80.22348022460938,84.4375,0,0,0,0,0,0,9.523809432983398,0,0,0,17.36013412475586,25769803776,2147483648,18264899584,765329408
204,1790457332012,4,4,4,4,4,4,4,4,4,4,79.92462158203125,77.79745483398438,76.88600158691406,78.65406036376953,70.04769897460938,80.22348022460938,84.4375,9.090909004211426,0,0,0,0,0,5,0,0,0,17.294179916381836,25769803776,2147483648,18266767360,765329408
200,1790457332217,4,4,4,4,4,4,4,4,4,4,79.92462158203125,77.79745483398438,76.88600158691406,78.65406036376953,70.04769897460938,80.22348022460938,84.4375,0,4.761904716491699,0,0,0,0,4.761904716491699,0,0,0,17.294179916381836,25769803776,2147483648,18264801280,765329408
204,1790457332417,4,4,4,4,4,4,4,4,4,4,79.7098388671875,78.10247802734375,76.8550033569336,78.56204223632813,69.9174575805664,80.01895904541016,81.96875,5,0,0,0,0,0,5,0,0,0,17.294179916381836,25769803776,2147483648,18264801280,765329408
204,1790457332622,4,4,4,4,4,4,4,4,4,4,79.7098388671875,78.10247802734375,76.8550033569336,78.56204223632813,69.9174575805664,80.01895904541016,81.96875,0,0,9.090909004211426,0,0,4.761904716491699,5,4.761904716491699,0,0,17.294179916381836,25769803776,2147483648,18264801280,765329408
204,1790457332827,4,4,4,4,4,4,4,4,4,4,79.7098388671875,78.10247802734375,76.8550033569336,78.56204223632813,69.9174575805664,80.01895904541016,81.96875,0,0,0,0,0,0,9.523809432983398,4.545454502105713,0,0,17.294179916381836,25769803776,2147483648,18264801280,765329408
200,1790457333032,4,4,4,4,4,4,4,4,4,4,79.7098388671875,78.10247802734375,76.8550033569336,78.56204223632813,69.9174575805664,80.01895904541016,81.96875,4.761904716491699,0,0,0,0,0,4.761904716491699,0,4.761904716491699,0,17.21481704711914,25769803776,2147483648,18264899584,765329408
204,1790457333232,4,4,4,4,4,4,4,4,4,4,79.7098388671875,78.10247802734375,76.8550033569336,78.56204223632813,69.9174575805664,80.01895904541016,81.96875,0,4.761904716491699,0,0,0,0,10,0,4.761904716491699,0,17.21481704711914,25769803776,2147483648,18264735744,765329408
204,1790457333437,4,4,4,4,4,4,4,4,4,4,79.71343231201172,78.06819915771484,76.82383728027344,78.5484390258789,69.9073486328125,80.00699615478516,81.96875,9.090909004211426,0,0,0,0,0,0,0,0,0,17.21481704711914,25769803776,2147483648,18262081536,765329408
204,1790457333642,4,4,4,4,4,4,4,4,4,4,79.71343231201172,78.06819915771484,76.82383728027344,78.5484390258789,69.9073486328125,80.00699615478516,81.96875,0,0,0,0,0,0,4.761904716491699,0,0,0,17.21481704711914,25769803776,2147483648,18261753856,765329408
202,1790457333847,4,4,4,4,4,4,4,4,4,4,79.71343231201172,78.06819915771484,76.82383728027344,78.5484390258789,69.9073486328125,80.00699615478516,81.96875,4.761904716491699,0,0,0,0,0,4.761904716491699,5,0,0,17.21481704711914,25769803776,2147483648,18261868544,765329408
200,1790457334049,4,4,4,4,4,4,4,4,4,4,79.71343231201172,78.06819915771484,76.82383728027344,78.5484390258789,69.9073486328125,80.00699615478516,81.96875,0,0,0,0,0,0,5,4.761904716491699,0,0,17.157470703125,25769803776,2147483648,18261901312,765329408
204,1790457334250,4,4,4,4,4,4,4,4,4,4,79.71343231201172,78.06819915771484,76.82383728027344,78.5484390258789,69.9073486328125,80.00699615478516,81.96875,0,9.523809432983398,0,0,0,0,5,0,0,0,17.157470703125,25769803776,2147483648,18262147072,765329408
204,1790457334455,4,4,4,4,4,4,4,4,4,4,79.65941619873047,77.8799819946289,76.92706298828125,78.53929901123047,70.0787582397461,79.9531478881836,81.96875,4.761904716491699,0,0,4.761904716491699,0,0,9.523809432983398,0,0,0,17.157470703125,25769803776,2147483648,18262245376,765329408
201,1790457334660,4,4,4,4,4,4,4,4,4,4,79.65941619873047,77.8799819946289,76.92706298828125,78.53929901123047,70.0787582397461,79.9531478881836,81.96875,0,0,0,0,4.545454502105713,0,5,4.545454502105713,0,0,17.157470703125,25769803776,2147483648,18261917696,765329408
203,1790457334862,4,4,4,4,4,4,4,4,4,4,79.65941619873047,77.8799819946289,76.92706298828125,78.53929901123047,70.0787582397461,79.9531478881836,81.96875,4.761904716491699,0,0,0,0,0,9.523809432983398,0,4.761904716491699,0,17.204442977905273,25769803776,2147483648,18261950464,765329408
204,1790457335065,4,4,4,4,4,4,4,4,4,4,79.65941619873047,77.8799819946289,76.92706298828125,78.53929901123047,70.0787582397461,79.9531478881836,81.96875,4.761904716491699,0,0,0,0,0,0,0,0,0,17.204442977905273,25769803776,2147483648,18261950464,765329408
204,1790457335270,4,4,4,4,4,4,4,4,4,4,79.65941619873047,77.8799819946289,76.92706298828125,78.53929901123047,70.0787582397461,79.9531478881836,81.96875,0,0,0,0,0,0,5,0,0,0,17.204442977905273,25769803776,2147483648,18261934080,765329408
204,1790457335475,4,4,4,4,4,4,4,4,4,4,79.6546630859375,78.05352020263672,76.835205078125,78.54829406738281,69.89424896240234,79.95341491699219,86.203125,5,4.761904716491699,4.761904716491699,0,0,0,9.523809432983398,0,0,0,17.204442977905273,25769803776,2147483648,18261950464,765329408
204,1790457335680,4,4,4,4,4,4,4,4,4,4,79.6546630859375,78.05352020263672,76.835205078125,78.54829406738281,69.89424896240234,79.95341491699219,86.203125,0,0,4.761904716491699,0,0,0,4.761904716491699,0,0,4.761904716491699,17.204442977905273,25769803776,2147483648,18261950464,765329408
204,1790457335885,4,4,4,4,4,4,4,4,4,4,79.6546630859375,78.05352020263672,76.835205078125,78.54829406738281,69.89424896240234,79.95341491699219,86.203125,4.761904716491699,0,0,0,0,0,0,0,0,0,17.235261917114258,25769803776,2147483648,18261950464,765329408
204,1790457336090,4,4,4,4,4,4,4,4,4,4,79.6546630859375,78.05352020263672,76.835205078125,78.54829406738281,69.89424896240234,79.95341491699219,86.203125,0,0,0,0,0,0,9.523809432983398,0,0,0,17.235261917114258,25769803776,2147483648,18261983232,765329408
204,1790457336295,4,4,4,4,4,4,4,4,4,4,79.6546630859375,78.05352020263672,76.835205078125,78.54829406738281,69.89424896240234,79.95341491699219,86.203125,9.090909004211426,4.761904716491699,0,0,0,0,4.761904716491699,4.761904716491699,0,0,17.235261917114258,25769803776,2147483648,18262228992,765329408
204,1790457336500,4,4,4,4,4,4,4,4,4,4,79.65853881835938,77.9538803100586,76.74449157714844,78.53617095947266,69.83267211914063,79.9662857055664,87.390625,0,0,0,0,0,0,0,0,4.545454502105713,0,17.235261917114258,25769803776,2147483648,18261852160,765329408
202,1790457336705,4,4,4,4,4,4,4,4,4,4,79.65853881835938,77.9538803100586,76.74449157714844,78.53617095947266,69.83267211914063,79.9662857055664,87.390625,0,0,0,0,0,0,9.523809432983398,0,4.761904716491699,0,17.235261917114258,25769803776,2147483648,18261901312,765329408
204,1790457336907,4,4,4,4,4,4,4,4,4,4,79.65853881835938,77.9538803100586,76.74449157714844,78.53617095947266,69.83267211914063,79.9662857055664,87.390625,5,4.761904716491699,0,0,0,0,0,9.523809432983398,0,0,17.087385177612305,25769803776,2147483648,18261901312,765329408
204,1790457337112,4,4,4,4,4,4,4,4,4,4,79.65853881835938,77.9538803100586,76.74449157714844,78.53617095947266,69.83267211914063,79.9662857055664,87.390625,0,0,0,0,0,0,9.523809432983398,0,0,0,17.087385177612305,25769803776,2147483648,18261835776,765329408
204,1790457337317,4,4,4,4,4,4,4,4,4,4,79.65853881835938,77.9538803100586,76.74449157714844,78.53617095947266,69.83267211914063,79.9662857055664,87.390625,0,0,0,0,0,0,4.761904716491699,0,0,0,17.087385177612305,25769803776,2147483648,18261852160,765329408
204,1790457337522,4,4,4,4,4,4,4,4,4,4,79.64488983154297,77.80461120605469,76.80260467529297,78.50617218017578,69.95890808105469,79.96598052978516,81.96875,4.761904716491699,0,0,0,0,0,5,0,0,0,17.087385177612305,25769803776,2147483648,18261917696,765329408
204,1790457337727,4,4,4,4,4,4,4,4,4,4,79.64488983154297,77.80461120605469,76.80260467529297,78.50617218017578,69.95890808105469,79.96598052978516,81.96875,0,0,0,0,4.545454502105713,0,9.523809432983398,0,0,0,17.087385177612305,25769803776,2147483648,18261917696,765329408
202,1790457337933,4,4,4,4,4,4,4,4,4,4,79.64488983154297,77.80461120605469,76.80260467529297,78.50617218017578,69.95890808105469,79.96598052978516,81.96875,4.761904716491699,0,0,0,0,0,5,0,0,0,17.10222816467285,25769803776,2147483648,18261917696,765329408
204,1790457338135,4,4,4,4,4,4,4,4,4,4,79.64488983154297,77.80461120605469,76.80260467529297,78.50617218017578,69.95890808105469,79.96598052978516,81.96875,0,0,0,0,0,0,9.523809432983398,0,4.761904716491699,0,17.10222816467285,25769803776,2147483648,18261917696,765329408
204,1790457338340,4,4,4,4,4,4,4,4,4,4,79.64488983154297,77.80461120605469,76.80260467529297,78.50617218017578,69.95890808105469,79.96598052978516,81.96875,0,4.761904716491699,4.545454502105713,0,0,0,0,0,4.761904716491699,0,17.10222816467285,25769803776,2147483648,18261835776,765329408
204,1790457338545,4,4,4,4,4,4,4,4,4,4,79.52630615234375,78.00459289550781,76.72994995117188,78.43668365478516,69.79927825927734,79.89823913574219,81.734375,9.090909004211426,0,0,4.761904716491699,0,0,4.761904716491699,0,0,0,17.10222816467285,25769803776,2147483648,18262196224,765329408
204,1790457338750,4,4,4,4,4,4,4,4,4,4,79.52630615234375,78.00459289550781,76.72994995117188,78.43668365478516,69.79927825927734,79.89823913574219,81.734375,0,0,0,0,0,0,0,5,0,0,17.10222816467285,25769803776,2147483648,18262032384,765329408
204,1790457338955,4,4,4,4,4,4,4,4,4,4,79.52630615234375,78.00459289550781,76.72994995117188,78.43668365478516,69.79927825927734,79.89823913574219,81.734375,0,0,0,0,0,0,9.523809432983398,4.761904716491699,0,0,17.02308464050293,25769803776,2147483648,18262032384,765329408
204,1790457339160,4,4,4,4,4,4,4,4,4,4,79.52630615234375,78.00459289550781,76.72994995117188,78.43668365478516,69.79927825927734,79.89823913574219,81.734375,4.761904716491699,4.761904716491699,0,0,0,0,5,0,0,0,17.02308464050293,25769803776,2147483648,18262097920,765329408
204,1790457339365,4,4,4,4,4,4,4,4,4,4,79.3997573852539,77.7412109375,76.83963012695313,78.4061508178711,69.99824523925781,79.78802490234375,84.90625,0,4.761904716491699,4.545454502105713,0,0,0,9.523809432983398,0,0,0,17.02308464050293,25769803776,2147483648,18262097920,765329408
204,1790457339570,4,4,4,4,4,4,4,4,4,4,79.3997573852539,77.7412109375,76.83963012695313,78.4061508178711,69.99824523925781,79.78802490234375,84.90625,0,0,0,0,0,0,0,5,0,0,17.02308464050293,25769803776,2147483648,18262097920,765329408
204,1790457339775,4,4,4,4,4,4,4,4,4,4,79.3997573852539,77.7412109375,76.83963012695313,78.4061508178711,69.99824523925781,79.78802490234375,84.90625,4.761904716491699,0,0,0,0,0,0,0,0,0,17.02308464050293,25769803776,2147483648,18262097920,765329408
204,1790457339980,4,4,4,4,4,4,4,4,4,4,79.3997573852539,77.7412109375,76.83963012695313,78.4061508178711,69.99824523925781,79.78802490234375,84.90625,0,0,0,0,0,0,0,9.523809432983398,0,0,16.937211990356445,25769803776,2147483648,18262097920,765329408
204,1790457340185,4,4,4,4,4,4,4,4,4,4,79.3997573852539,77.7412109375,76.83963012695313,78.4061508178711,69.99824523925781,79.78802490234375,84.90625,5,0,0,0,0,0,9.523809432983398,0,4.545454502105713,0,16.937211990356445,25769803776,2147483648,18262048768,765329408
204,1790457340390,4,4,4,4,4,4,4,4,4,4,79.42241668701172,77.78026580810547,76.93865203857422,78.38312530517578,70.14060974121094,79.82881164550781,82.203125,4.761904716491699,0,0,0,0,0,4.761904716491699,0,0,0,16.937211990356445,25769803776,2147483648,18262081536,765329408
204,1790457340595,4,4,4,4,4,4,4,4,4,4,79.42241668701172,77.78026580810547,76.93865203857422,78.38312530517578,70.14060974121094,79.82881164550781,82.203125,0,4.545454502105713,0,0,0,0,5,0,0,0,16.937211990356445,25769803776,2147483648,18262081536,765329408
204,1790457340800,4,4,4,4,4,4,4,4,4,4,79.42241668701172,77.78026580810547,76.93865203857422,78.38312530517578,70.14060974121094,79.82881164550781,82.203125,4.761904716491699,0,0,0,0,0,9.523809432983398,4.545454502105713,0,0,16.937211990356445,25769803776,2147483648,18261934080,765329408
204,1790457341005,4,4,4,4,4,4,4,4,4,4,79.42241668701172,77.78026580810547,76.93865203857422,78.38312530517578,70.14060974121094,79.82881164550781,82.203125,0,0,0,0,0,0,5,0,0,0,16.96847152709961,25769803776,2147483648,18261934080,765329408
204,1790457341210,4,4,4,4,4,4,4,4,4,4,79.42241668701172,77.78026580810547,76.93865203857422,78.38312530517578,70.14060974121094,79.82881164550781,82.203125,0,0,0,0,0,0,5,0,0,0,16.96847152709961,25769803776,2147483648,18261917696,765329408
204,1790457341415,4,4,4,4,4,4,4,4,4,4,79.34452819824219,77.88836669921875,76.68814849853516,78.31340026855469,69.72893524169922,79.79472351074219,81.734375,4.761904716491699,0,0,0,0,0,4.761904716491699,0,0,0,16.96847152709961,25769803776,2147483648,18261983232,765329408
204,1790457341620,4,4,4,4,4,4,4,4,4,4,79.34452819824219,77.88836669921875,76.68814849853516,78.31340026855469,69.72893524169922,79.79472351074219,81.734375,0,0,0,0,0,0,5,0,4.545454502105713,0,16.96847152709961,25769803776,2147483648,18261983232,765329408
204,1790457341825,4,4,4,4,4,4,4,4,4,4,79.34452819824219,77.88836669921875,76.68814849853516,78.31340026855469,69.72893524169922,79.79472351074219,81.734375,0,0,0,0,0,0,9.523809432983398,0,0,0,16.96847152709961,25769803776,2147483648,18261983232,765329408
204,1790457342030,4,4,4,4,4,4,4,4,4,4,79.34452819824219,77.88836669921875,76.68814849853516,78.31340026855469,69.72893524169922,79.79472351074219,81.734375,4.761904716491699,4.545454502105713,0,0,0,0,0,9.523809432983398,0,0,16.817909240722656,25769803776,2147483648,18261983232,765329408
204,1790457342235,4,4,4,4,4,4,4,4,4,4,79.34452819824219,77.88836669921875,76.68814849853516,78.31340026855469,69.72893524169922,79.79472351074219,81.734375,4.761904716491699,5,4.761904716491699,0,0,0,5,0,4.761904716491699,0,16.817909240722656,25769803776,2147483648,18262065152,765329408
201,1790457342440,4,4,4,4,4,4,4,4,4,4,79.37625122070313,77.63226318359375,76.7396011352539,78.3238296508789,69.8721694946289,79.81654357910156,81.734375,4.761904716491699,0,0,0,0,0,9.523809432983398,0,0,0,16.817909240722656,25769803776,2147483648,18262114304,765329408
204,1790457342642,4,4,4,4,4,4,4,4,4,4,79.37625122070313,77.63226318359375,76.7396011352539,78.3238296508789,69.8721694946289,79.81654357910156,81.734375,0,0,4.761904716491699,0,0,0,0,5,0,0,16.817909240722656,25769803776,2147483648,18262114304,765329408
204,1790457342847,4,4,4,4,4,4,4,4,4,4,79.37625122070313,77.63226318359375,76.7396011352539,78.3238296508789,69.8721694946289,79.81654357910156,81.734375,0,0,0,0,0,0,0,9.523809432983398,0,0,16.817909240722656,25769803776,2147483648,18262114304,765329408
204,1790457343052,4,4,4,4,4,4,4,4,4,4,79.37625122070313,77.63226318359375,76.7396011352539,78.3238296508789,69.8721694946289,79.81654357910156,81.734375,4.761904716491699,0,0,0,0,0,4.761904716491699,0,0,0,16.894939422607422,25769803776,2147483648,18262114304,765329408
204,1790457343257,4,4,4,4,4,4,4,4,4,4,79.37625122070313,77.63226318359375,76.7396011352539,78.3238296508789,69.8721694946289,79.81654357910156,81.734375,0,4.761904716491699,0,0,0,0,5,0,0,0,16.894939422607422,25769803776,2147483648,18262016000,765329408
204,1790457343462,4,4,4,4,4,4,4,4,4,4,79.29900360107422,77.63008880615234,76.8742446899414,78.28667449951172,70.03910827636719,79.74268341064453,83.5,0,0,0,0,0,0,4.761904716491699,0,0,0,16.894939422607422,25769803776,2147483648,18263834624,765329408
202,1790457343667,4,4,4,4,4,4,4,4,4,4,79.29900360107422,77.63008880615234,76.8742446899414,78.28667449951172,70.03910827636719,79.74268341064453,83.5,4.761904716491699,0,0,0,0,0,5,0,0,0,16.894939422607422,25769803776,2147483648,18262032384,765329408
204,1790457343869,4,4,4,4,4,4,4,4,4,4,79.29900360107422,77.63008880615234,76.8742446899414,78.28667449951172,70.03910827636719,79.74268341064453,83.5,0,0,0,0,0,0,0,4.761904716491699,0,0,16.856670379638672,25769803776,2147483648,18262032384,765329408
204,1790457344074,4,4,4,4,4,4,4,4,4,4,79.29900360107422,77.63008880615234,76.8742446899414,78.28667449951172,70.03910827636719,79.74268341064453,83.5,4.761904716491699,4.761904716491699,0,0,0,0,9.090909004211426,0,4.761904716491699,4.545454502105713,16.856670379638672,25769803776,2147483648,18262032384,765329408
204,1790457344279,4,4,4,4,4,4,4,4,4,4,79.29900360107422,77.63008880615234,76.8742446899414,78.28667449951172,70.03910827636719,79.74268341064453,83.5,4.761904716491699,4.761904716491699,0,0,0,0,5,0,4.761904716491699,0,16.856670379638672,25769803776,2147483648,18261721088,765329408
204,1790457344484,4,4,4,4,4,4,4,4,4,4,79.20999145507813,77.7290267944336,76.61982727050781,78.23992156982422,69.62630462646484,79.66582489013672,84.4375,0,0,0,0,0,0,9.523809432983398,0,0,0,16.856670379638672,25769803776,2147483648,18261770240,765329408
204,1790457344689,4,4,4,4,4,4,4,4,4,4,79.20999145507813,77.7290267944336,76.61982727050781,78.23992156982422,69.62630462646484,79.66582489013672,84.4375,4.761904716491699,0,0,0,0,0,5,0,0,0,16.856670379638672,25769803776,2147483648,18261770240,765329408
204,1790457344894,4,4,4,4,4,4,4,4,4,4,79.20999145507813,77.7290267944336,76.61982727050781,78.23992156982422,69.62630462646484,79.66582489013672,84.4375,0,0,0,0,0,0,4.761904716491699,4.761904716491699,0,0,16.73552703857422,25769803776,2147483648,18261770240,765329408
204,1790457345099,4,4,4,4,4,4,4,4,4,4,79.20999145507813,77.7290267944336,76.61982727050781,78.23992156982422,69.62630462646484,79.66582489013672,84.4375,4.761904716491699,0,0,0,0,0,9.523809432983398,0,0,0,16.73552703857422,25769803776,2147483648,18261770240,765329408
204,1790457345304,4,4,4,4,4,4,4,4,4,4,79.20999145507813,77.7290267944336,76.61982727050781,78.23992156982422,69.62630462646484,79.66582489013672,84.4375,0,0,0,4.545454502105713,0,0,0,0,0,0,16.73552703857422,25769803776,2147483648,18261360640,765329408
204,1790457345509,4,4,4,4,4,4,4,4,4,4,79.22138977050781,77.67088317871094,76.60203552246094,78.20420837402344,69.63256072998047,79.70549011230469,81.734375,9.523809432983398,4.761904716491699,4.761904716491699,0,0,4.545454502105713,9.090909004211426,0,4.545454502105713,0,16.73552703857422,25769803776,2147483648,18261082112,765329408
204,1790457345714,4,4,4,4,4,4,4,4,4,4,79.22138977050781,77.67088317871094,76.60203552246094,78.20420837402344,69.63256072998047,79.70549011230469,81.734375,0,0,0,0,0,0,5,0,0,0,16.73552703857422,25769803776,2147483648,18261082112,765329408
200,1790457345919,4,4,4,4,4,4,4,4,4,4,79.22138977050781,77.67088317871094,76.60203552246094,78.20420837402344,69.63256072998047,79.70549011230469,81.734375,0,0,0,0,0,0,5,0,0,0,16.839599609375,25769803776,2147483648,18260983808,765329408
204,1790457346120,4,4,4,4,4,4,4,4,4,4,79.22138977050781,77.67088317871094,76.60203552246094,78.20420837402344,69.63256072998047,79.70549011230469,81.734375,0,5,0,4.761904716491699,0,0,5,4.761904716491699,0,0,16.839599609375,25769803776,2147483648,18260983808,765329408
204,1790457346325,4,4,4,4,4,4,4,4,4,4,79.22138977050781,77.67088317871094,76.60203552246094,78.20420837402344,69.63256072998047,79.70549011230469,81.734375,4.761904716491699,0,0,0,0,0,5,0,0,0,16.839599609375,25769803776,2147483648,18261147648,765329408
204,1790457346530,4,4,4,4,4,4,4,4,4,4,79.14763641357422,77.68408203125,76.55833435058594,78.2013931274414,69.56887817382813,79.64801025390625,83.96875,9.523809432983398,0,4.545454502105713,0,4.761904716491699,0,5,0,0,0,16.839599609375,25769803776,2147483648,18261196800,765329408
204,1790457346735,4,4,4,4,4,4,4,4,4,4,79.14763641357422,77.68408203125,76.55833435058594,78.2013931274414,69.56887817382813,79.64801025390625,83.96875,0,4.761904716491699,0,0,0,0,9.090909004211426,0,4.761904716491699,0,16.839599609375,25769803776,2147483648,18261213184,765329408
204,1790457346940,4,4,4,4,4,4,4,4,4,4,79.14763641357422,77.68408203125,76.55833435058594,78.2013931274414,69.56887817382813,79.64801025390625,83.96875,4.761904716491699,0,0,0,0,0,0,9.523809432983398,0,0,16.74798583984375,25769803776,2147483648,18261229568,765329408
202,1790457347145,4,4,4,4,4,4,4,4,4,4,79.14763641357422,77.68408203125,76.55833435058594,78.2013931274414,69.56887817382813,79.64801025390625,83.96875,0,0,0,0,4.545454502105713,0,5,0,0,0,16.74798583984375,25769803776,2147483648,18261229568,765329408
204,1790457347347,4,4,4,4,4,4,4,4,4,4,79.12565612792969,77.46410369873047,76.60529327392578,78.14300537109375,69.68096923828125,79.62923431396484,81.5,0,4.761904716491699,0,0,0,0,4.761904716491699,0,0,0,16.74798583984375,25769803776,2147483648,18261245952,765329408
204,1790457347552,4,4,4,4,4,4,4,4,4,4,79.12565612792969,77.46410369873047,76.60529327392578,78.14300537109375,69.68096923828125,79.62923431396484,81.5,9.090909004211426,0,0,0,0,0,5,0,4.761904716491699,4.761904716491699,16.74798583984375,25769803776,2147483648,18261262336,765329408
204,1790457347757,4,4,4,4,4,4,4,4,4,4,79.12565612792969,77.46410369873047,76.60529327392578,78.14300537109375,69.68096923828125,79.62923431396484,81.5,0,0,0,0,0,0,0,4.761904716491699,0,0,16.74798583984375,25769803776,2147483648,18261295104,765329408
204,1790457347962,4,4,4,4,4,4,4,4,4,4,79.12565612792969,77.46410369873047,76.60529327392578,78.14300537109375,69.68096923828125,79.62923431396484,81.5,0,0,0,0,0,0,5,0,0,0,16.67993927001953,25769803776,2147483648,18261295104,765329408
204,1790457348168,4,4,4,4,4,4,4,4,4,4,79.12565612792969,77.46410369873047,76.60529327392578,78.14300537109375,69.68096923828125,79.62923431396484,81.5,4.761904716491699,0,0,0,0,0,9.523809432983398,0,0,0,16.67993927001953,25769803776,2147483648,18261295104,765329408
204,1790457348373,4,4,4,4,4,4,4,4,4,4,79.10002899169922,77.54500579833984,76.61424255371094,78.17225646972656,69.67433166503906,79.5968246459961,83.03125,0,0,4.545454502105713,0,0,0,5,0,0,0,16.67993927001953,25769803776,2147483648,18261180416,765329408
204,1790457348578,4,4,4,4,4,4,4,4,4,4,79.10002899169922,77.54500579833984,76.61424255371094,78.17225646972656,69.67433166503906,79.5968246459961,83.03125,5,4.761904716491699,0,0,0,0,4.761904716491699,0,4.761904716491699,0,16.67993927001953,25769803776,2147483648,18261229568,765329408
204,1790457348783,4,4,4,4,4,4,4,4,4,4,79.10002899169922,77.54500579833984,76.61424255371094,78.17225646972656,69.67433166503906,79.5968246459961,83.03125,0,0,0,0,0,0,5,0,0,0,16.67993927001953,25769803776,2147483648,18261180416,765329408
204,1790457348988,4,4,4,4,4,4,4,4,4,4,79.10002899169922,77.54500579833984,76.61424255371094,78.17225646972656,69.67433166503906,79.5968246459961,83.03125,4.761904716491699,0,0,0,0,0,5,0,0,0,16.663827896118164,25769803776,2147483648,18261180416,765329408
204,1790457349193,4,4,4,4,4,4,4,4,4,4,79.10002899169922,77.54500579833984,76.61424255371094,78.17225646972656,69.67433166503906,79.5968246459961,83.03125,4.761904716491699,0,0,0,0,0,9.523809432983398,4.545454502105713,0,0,16.663827896118164,25769803776,2147483648,18261164032,765329408
203,1790457349398,4,4,4,4,4,4,4,4,4,4,79.02569580078125,77.55088806152344,76.47796630859375,78.0877685546875,69.44471740722656,79.537353515625,81.265625,0,0,0,0,0,0,4.761904716491699,4.761904716491699,0,0,16.663827896118164,25769803776,2147483648,18261147648,765329408
204,1790457349601,4,4,4,4,4,4,4,4,4,4,79.02569580078125,77.55088806152344,76.47796630859375,78.0877685546875,69.44471740722656,79.537353515625,81.265625,0,0,0,0,0,0,9.523809432983398,0,0,0,16.663827896118164,25769803776,2147483648,18261147648,765329408
204,1790457349806,4,4,4,4,4,4,4,4,4,4,79.02569580078125,77.55088806152344,76.47796630859375,78.0877685546875,69.44471740722656,79.537353515625,81.265625,4.761904716491699,4.761904716491699,0,0,0,0,0,0,4.761904716491699,0,16.663827896118164,25769803776,2147483648,18261147648,765329408
204,1790457350011,4,4,4,4,4,4,4,4,4,4,79.02569580078125,77.55088806152344,76.47796630859375,78.0877685546875,69.44471740722656,79.537353515625,81.265625,0,0,4.761904716491699,0,0,0,5,0,0,0,16.511871337890625,25769803776,2147483648,18261147648,765329408
204,1790457350216,4,4,4,4,4,4,4,4,4,4,79.02569580078125,77.55088806152344,76.47796630859375,78.0877685546875,69.44471740722656,79.537353515625,81.265625,0,0,0,0,0,0,9.090909004211426,0,0,0,16.511871337890625,25769803776,2147483648,18261147648,765329408
204,1790457350421,4,4,4,4,4,4,4,4,4,4,78.97057342529297,77.45148468017578,76.43716430664063,78.01446533203125,69.41805267333984,79.44313049316406,83.03125,4.761904716491699,4.761904716491699,0,0,0,0,5,0,0,0,16.511871337890625,25769803776,2147483648,18261131264,765329408
203,1790457350626,4,4,4,4,4,4,4,4,4,4,78.97057342529297,77.45148468017578,76.43716430664063,78.01446533203125,69.41805267333984,79.44313049316406,83.03125,0,0,0,0,0,0,9.523809432983398,4.545454502105713,0,0,16.511871337890625,25769803776,2147483648,18261180416,765329408
204,1790457350830,4,4,4,4,4,4,4,4,4,4,78.97057342529297,77.45148468017578,76.43716430664063,78.01446533203125,69.41805267333984,79.44313049316406,83.03125,4.761904716491699,0,0,0,0,0,5,0,4.545454502105713,0,16.511871337890625,25769803776,2147483648,18261180416,765329408
204,1790457351035,4,4,4,4,4,4,4,4,4,4,78.97057342529297,77.45148468017578,76.43716430664063,78.01446533203125,69.41805267333984,79.44313049316406,83.03125,0,0,0,0,0,0,0,0,0,0,16.583234786987305,25769803776,2147483648,18263080960,765329408
204,1790457351240,4,4,4,4,4,4,4,4,4,4,78.97057342529297,77.45148468017578,76.43716430664063,78.01446533203125,69.41805267333984,79.44313049316406,83.03125,4.761904716491699,0,0,0,0,0,4.761904716491699,0,0,0,16.583234786987305,25769803776,2147483648,18261213184,765329408
204,1790457351445,4,4,4,4,4,4,4,4,4,4,78.94819641113281,77.53234100341797,76.44622039794922,77.94000244140625,69.38959503173828,79.38392639160156,81.734375,4.761904716491699,0,0,0,0,0,5,0,0,0,16.583234786987305,25769803776,2147483648,18261590016,765329408
204,1790457351650,4,4,4,4,4,4,4,4,4,4,78.94819641113281,77.53234100341797,76.44622039794922,77.94000244140625,69.38959503173828,79.38392639160156,81.734375,0,4.761904716491699,0,0,0,0,5,0,0,0,16.583234786987305,25769803776,2147483648,18261311488,765329408
203,1790457351855,4,4,4,4,4,4,4,4,4,4,78.94819641113281,77.53234100341797,76.44622039794922,77.94000244140625,69.38959503173828,79.38392639160156,81.734375,0,0,0,0,0,0,9.523809432983398,0,4.761904716491699,0,16.53363037109375,25769803776,2147483648,18261360640,765329408
204,1790457352059,4,4,4,4,4,4,4,4,4,4,78.94819641113281,77.53234100341797,76.44622039794922,77.94000244140625,69.38959503173828,79.38392639160156,81.734375,4.761904716491699,0,0,0,0,0,5,0,0,0,16.53363037109375,25769803776,2147483648,18261360640,765329408
204,1790457352263,4,4,4,4,4,4,4,4,4,4,78.94819641113281,77.53234100341797,76.44622039794922,77.94000244140625,69.38959503173828,79.38392639160156,81.734375,0,0,4.761904716491699,0,0,0,4.545454502105713,9.090909004211426,0,0,16.53363037109375,25769803776,2147483648,18261360640,765329408
202,1790457352468,4,4,4,4,4,4,4,4,4,4,78.9525146484375,77.29163360595703,76.58113098144531,77.93063354492188,69.6459732055664,79.36815643310547,81.265625,5,0,0,0,0,0,0,5,0,0,16.53363037109375,25769803776,2147483648,18261278720,765329408
200,1790457352671,4,4,4,4,4,4,4,4,4,4,78.9525146484375,77.29163360595703,76.58113098144531,77.93063354492188,69.6459732055664,79.36815643310547,81.265625,0,0,4.545454502105713,0,0,0,0,9.523809432983398,0,0,16.53363037109375,25769803776,2147483648,18261295104,765329408
200,1790457352871,4,4,4,4,4,4,4,4,4,4,78.9525146484375,77.29163360595703,76.58113098144531,77.93063354492188,69.6459732055664,79.36815643310547,81.265625,4.761904716491699,4.761904716491699,0,0,0,0,0,5,5,0,16.410551071166992,25769803776,2147483648,18261409792,765329408
204,1790457353072,4,4,4,4,4,4,4,4,4,4,78.9525146484375,77.29163360595703,76.58113098144531,77.93063354492188,69.6459732055664,79.36815643310547,81.265625,5,4.761904716491699,0,0,0,0,0,5.263157844543457,0,0,16.410551071166992,25769803776,2147483648,18261409792,765329408
204,1790457353277,4,4,4,4,4,4,4,4,4,4,78.9525146484375,77.29163360595703,76.58113098144531,77.93063354492188,69.6459732055664,79.36815643310547,81.265625,0,0,0,0,0,0,0,4.761904716491699,0,0,16.410551071166992,25769803776,2147483648,18261409792,765329408
204,1790457353482,4,4,4,4,4,4,4,4,4,4,78.94197845458984,76.97450256347656,76.79239654541016,77.95149993896484,70.06436157226563,79.35741424560547,81.5,4.761904716491699,0,0,0,0,0,5,4.761904716491699,4.545454502105713,0,16.410551071166992,25769803776,2147483648,18261377024,765329408
204,1790457353686,4,4,4,4,4,4,4,4,4,4,78.94197845458984,76.97450256347656,76.79239654541016,77.95149993896484,70.06436157226563,79.35741424560547,81.5,0,0,0,0,0,0,0,0,0,0,16.410551071166992,25769803776,2147483648,18261131264,765329408
204,1790457353891,4,4,4,4,4,4,4,4,4,4,78.94197845458984,76.97450256347656,76.79239654541016,77.95149993896484,70.06436157226563,79.35741424560547,81.5,4.761904716491699,0,0,0,0,0,0,9.523809432983398,0,0,16.573684692382813,25769803776,2147483648,18261131264,765329408
203,1790457354096,4,4,4,4,4,4,4,4,4,4,78.94197845458984,76.97450256347656,76.79239654541016,77.95149993896484,70.06436157226563,79.35741424560547,81.5,14.285715103149414,10,10,4.761904716491699,4.761904716491699,0,14.285715103149414,15.000000953674316,0,4.545454502105713,16.573684692382813,25769803776,2147483648,18298830848,765329408
204,1790457354300,4,4,4,4,4,4,4,4,4,4,78.94197845458984,76.97450256347656,76.79239654541016,77.95149993896484,70.06436157226563,79.35741424560547,81.5,5.263157844543457,5,4.761904716491699,4.761904716491699,0,0,4.761904716491699,9.523809432983398,0,0,16.573684692382813,25769803776,2147483648,18298830848,765329408
204,1790457354505,4,4,4,4,4,4,4,4,4,4,78.84671020507813,77.24468231201172,76.94560241699219,77.8355941772461,70.24530792236328,79.20755004882813,83.625,14.285715103149414,4.761904716491699,0,0,0,0,0,5,0,0,16.573684692382813,25769803776,2147483648,18298863616,765329408
204,1790457354710,4,4,4,4,4,4,4,4,4,4,78.84671020507813,77.24468231201172,76.94560241699219,77.8355941772461,70.24530792236328,79.20755004882813,83.625,5,10,5,0,0,0,4.761904716491699,0,0,0,16.573684692382813,25769803776,2147483648,18300715008,765329408
204,1790457354915,4,4,4,4,4,4,4,4,4,4,78.84671020507813,77.24468231201172,76.94560241699219,77.8355941772461,70.24530792236328,79.20755004882813,83.625,10,9.523809432983398,4.761904716491699,0,0,0,0,0,0,0,16.42331886291504,25769803776,2147483648,18298912768,765329408
204,1790457355120,4,4,4,4,4,4,4,4,4,4,78.84671020507813,77.24468231201172,76.94560241699219,77.8355941772461,70.24530792236328,79.20755004882813,83.625,9.090909004211426,5,0,0,0,0,0,9.523809432983398,0,0,16.42331886291504,25769803776,2147483648,18298912768,765329408
204,1790457355325,4,4,4,4,4,4,4,4,4,4,78.84671020507813,77.24468231201172,76.94560241699219,77.8355941772461,70.24530792236328,79.20755004882813,83.625,0,0,0,0,0,0,9.523809432983398,0,0,0,16.42331886291504,25769803776,2147483648,18298912768,765329408
204,1790457355530,4,4,4,4,4,4,4,4,4,4,78.22880554199219,76.7243881225586,76.14667510986328,77.13180541992188,69.10993957519531,78.4041519165039,82.796875,4.761904716491699,4.761904716491699,0,0,0,0,0,5,4.761904716491699,0,16.42331886291504,25769803776,2147483648,18299322368,765329408
204,1790457355735,4,4,4,4,4,4,4,4,4,4,78.22880554199219,76.7243881225586,76.14667510986328,77.13180541992188,69.10993957519531,78.4041519165039,82.796875,0,0,0,0,0,0,0,9.090909004211426,4.761904716491699,0,16.42331886291504,25769803776,2147483648,18299338752,765329408
204,1790457355940,4,4,4,4,4,4,4,4,4,4,78.22880554199219,76.7243881225586,76.14667510986328,77.13180541992188,69.10993957519531,78.4041519165039,82.796875,5,0,0,4.761904716491699,0,0,0,0,0,0,14.313482284545898,25769803776,2147483648,18299387904,765329408
201,1790457356145,4,4,4,4,4,4,4,4,4,4,78.22880554199219,76.7243881225586,76.14667510986328,77.13180541992188,69.10993957519531,78.4041519165039,82.796875,4.761904716491699,0,0,0,0,0,4.761904716491699,9.523809432983398,0,0,14.313482284545898,25769803776,2147483648,18299387904,765329408
203,1790457356347,4,4,4,4,4,4,4,4,4,4,79.09260559082031,76.8502197265625,76.73399353027344,78.03875732421875,70.03472900390625,79.50257110595703,84.4375,4.761904716491699,0,4.761904716491699,0,0,0,0,5,0,4.761904716491699,14.313482284545898,25769803776,2147483648,18299387904,765329408
204,1790457356551,4,4,4,4,4,4,4,4,4,4,79.09260559082031,76.8502197265625,76.73399353027344,78.03875732421875,70.03472900390625,79.50257110595703,84.4375,0,0,0,0,0,0,0,9.523809432983398,0,0,14.313482284545898,25769803776,2147483648,18271207424,765329408
204,1790457356756,4,4,4,4,4,4,4,4,4,4,79.09260559082031,76.8502197265625,76.73399353027344,78.03875732421875,70.03472900390625,79.50257110595703,84.4375,4.761904716491699,4.545454502105713,0,0,0,0,0,4.761904716491699,4.761904716491699,0,14.313482284545898,25769803776,2147483648,18271207424,765329408
204,1790457356961,4,4,4,4,4,4,4,4,4,4,79.09260559082031,76.8502197265625,76.73399353027344,78.03875732421875,70.03472900390625,79.50257110595703,84.4375,0,0,0,0,0,0,0,0,0,0,17.42949104309082,25769803776,2147483648,18270961664,765329408
204,1790457357166,4,4,4,4,4,4,4,4,4,4,79.09260559082031,76.8502197265625,76.73399353027344,78.03875732421875,70.03472900390625,79.50257110595703,84.4375,0,0,0,0,0,0,0,9.523809432983398,0,0,17.42949104309082,25769803776,2147483648,18270961664,765329408
204,1790457357371,4,4,4,4,4,4,4,4,4,4,79.31548309326172,77.12525177001953,76.95977020263672,78.23223114013672,70.35182189941406,79.76285552978516,81.734375,4.761904716491699,4.761904716491699,0,0,0,0,4.545454502105713,4.761904716491699,0,0,17.42949104309082,25769803776,2147483648,18270961664,765329408
204,1790457357576,4,4,4,4,4,4,4,4,4,4,79.31548309326172,77.12525177001953,76.95977020263672,78.23223114013672,70.35182189941406,79.76285552978516,81.734375,0,0,4.761904716491699,0,0,0,0,9.523809432983398,0,0,17.42949104309082,25769803776,2147483648,18270961664,765329408
204,1790457357781,4,4,4,4,4,4,4,4,4,4,79.31548309326172,77.12525177001953,76.95977020263672,78.23223114013672,70.35182189941406,79.76285552978516,81.734375,4.761904716491699,0,0,0,0,0,5,0,0,0,17.42949104309082,25769803776,2147483648,18271010816,765329408
204,1790457357986,4,4,4,4,4,4,4,4,4,4,79.31548309326172,77.12525177001953,76.95977020263672,78.23223114013672,70.35182189941406,79.76285552978516,81.734375,4.761904716491699,4.761904716491699,0,0,0,0,0,5,0,0,18.014781951904297,25769803776,2147483648,18271059968,765329408
204,1790457358191,4,4,4,4,4,4,4,4,4,4,79.31548309326172,77.12525177001953,76.95977020263672,78.23223114013672,70.35182189941406,79.76285552978516,81.734375,0,0,0,0,0,0,4.761904716491699,9.090909004211426,4.761904716491699,0,18.014781951904297,25769803776,2147483648,18271059968,765329408
204,1790457358396,4,4,4,4,4,4,4,4,4,4,78.79210662841797,77.03675079345703,76.6187973022461,77.81143188476563,69.76950073242188,79.16388702392578,84.4375,4.761904716491699,0,0,0,0,0,0,0,4.761904716491699,0,18.014781951904297,25769803776,2147483648,18271059968,765329408
204,1790457358601,4,4,4,4,4,4,4,4,4,4,78.79210662841797,77.03675079345703,76.6187973022461,77.81143188476563,69.76950073242188,79.16388702392578,84.4375,0,0,0,0,4.545454502105713,0,0,5,0,0,18.014781951904297,25769803776,2147483648,18272780288,765329408
204,1790457358806,4,4,4,4,4,4,4,4,4,4,78.79210662841797,77.03675079345703,76.6187973022461,77.81143188476563,69.76950073242188,79.16388702392578,84.4375,0,0,4.761904716491699,0,0,0,0,0,0,0,18.014781951904297,25769803776,2147483648,18271289344,765329408
204,1790457359011,4,4,4,4,4,4,4,4,4,4,78.79210662841797,77.03675079345703,76.6187973022461,77.81143188476563,69.76950073242188,79.16388702392578,84.4375,4.761904716491699,0,0,0,0,0,9.523809432983398,4.545454502105713,0,0,16.282146453857422,25769803776,2147483648,18271289344,765329408
203,1790457359216,4,4,4,4,4,4,4,4,4,4,78.79210662841797,77.03675079345703,76.6187973022461,77.81143188476563,69.76950073242188,79.16388702392578,84.4375,0,4.761904716491699,0,0,0,0,0,5,0,0,16.282146453857422,25769803776,2147483648,18271092736,765329408
204,1790457359419,4,4,4,4,4,4,4,4,4,4,78.61141967773438,76.84779357910156,76.58474731445313,77.60835266113281,69.75860595703125,78.94407653808594,83.96875,10,4.761904716491699,25,4.761904716491699,0,0,0,5,0,0,16.282146453857422,25769803776,2147483648,18271158272,765329408
201,1790457359624,4,4,4,4,4,4,4,4,4,4,78.61141967773438,76.84779357910156,76.58474731445313,77.60835266113281,69.75860595703125,78.94407653808594,83.96875,4.761904716491699,0,42.85714340209961,0,0,0,0,9.523809432983398,0,0,16.282146453857422,25769803776,2147483648,18271272960,765329408
204,1790457359826,4,4,4,4,4,4,4,4,4,4,78.61141967773438,76.84779357910156,76.58474731445313,77.60835266113281,69.75860595703125,78.94407653808594,83.96875,0,0,0,0,0,0,0,5,0,0,16.282146453857422,25769803776,2147483648,18271289344,765329408
204,1790457360031,4,4,4,4,4,4,4,4,4,4,78.61141967773438,76.84779357910156,76.58474731445313,77.60835266113281,69.75860595703125,78.94407653808594,83.96875,5,0,0,0,0,0,0,9.523809432983398,4.761904716491699,0,15.719141960144043,25769803776,2147483648,18271305728,765329408
204,1790457360236,4,4,4,4,4,4,4,4,4,4,78.61141967773438,76.84779357910156,76.58474731445313,77.60835266113281,69.75860595703125,78.94407653808594,83.96875,4.761904716491699,4.545454502105713,0,0,4.545454502105713,0,0,0,0,0,15.719141960144043,25769803776,2147483648,18271322112,765329408
204,1790457360442,4,4,4,4,4,4,4,4,4,4,78.6728515625,76.78975677490234,76.63349151611328,77.62870788574219,69.84246063232422,78.9867172241211,82.796875,0,0,0,0,0,0,4.761904716491699,5,0,0,15.719141960144043,25769803776,2147483648,18271387648,765329408
200,1790457360647,4,4,4,4,4,4,4,4,4,4,78.6728515625,76.78975677490234,76.63349151611328,77.62870788574219,69.84246063232422,78.9867172241211,82.796875,4.761904716491699,0,0,0,0,0,0,9.523809432983398,0,0,15.719141960144043,25769803776,2147483648,18271010816,765329408
200,1790457360847,4,4,4,4,4,4,4,4,4,4,78.6728515625,76.78975677490234,76.63349151611328,77.62870788574219,69.84246063232422,78.9867172241211,82.796875,0,0,0,0,0,0,0,5,0,0,15.719141960144043,25769803776,2147483648,18271027200,765329408
200,1790457361048,4,4,4,4,4,4,4,4,4,4,78.6728515625,76.78975677490234,76.63349151611328,77.62870788574219,69.84246063232422,78.9867172241211,82.796875,0,0,0,0,0,0,0,9.523809432983398,0,0,16.260669708251953,25769803776,2147483648,18271059968,765329408
201,1790457361248,4,4,4,4,4,4,4,4,4,4,78.6728515625,76.78975677490234,76.63349151611328,77.62870788574219,69.84246063232422,78.9867172241211,82.796875,5,0,0,0,0,0,0,5.263157844543457,4.761904716491699,0,16.260669708251953,25769803776,2147483648,18271059968,765329408
204,1790457361449,4,4,4,4,4,4,4,4,4,4,78.68531799316406,76.75707244873047,76.60289001464844,77.67703247070313,69.79302215576172,79.01436614990234,85.734375,0,0,0,0,0,0,0,9.523809432983398,0,0,16.260669708251953,25769803776,2147483648,18270994432,765329408
204,1790457361654,4,4,4,4,4,4,4,4,4,4,78.68531799316406,76.75707244873047,76.60289001464844,77.67703247070313,69.79302215576172,79.01436614990234,85.734375,9.090909004211426,8.69565200805664,0,4.761904716491699,0,0,4.761904716491699,0,0,0,16.260669708251953,25769803776,2147483648,18271027200,765329408
204,1790457361859,4,4,4,4,4,4,4,4,4,4,78.68531799316406,76.75707244873047,76.60289001464844,77.67703247070313,69.79302215576172,79.01436614990234,85.734375,0,0,0,0,0,0,0,5,0,0,16.368648529052734,25769803776,2147483648,18271059968,765329408
204,1790457362064,4,4,4,4,4,4,4,4,4,4,78.68531799316406,76.75707244873047,76.60289001464844,77.67703247070313,69.79302215576172,79.01436614990234,85.734375,5,0,4.761904716491699,0,0,0,4.761904716491699,9.090909004211426,4.545454502105713,0,16.368648529052734,25769803776,2147483648,18271371264,765329408
199,1790457362269,4,4,4,4,4,4,4,4,4,4,78.68531799316406,76.75707244873047,76.60289001464844,77.67703247070313,69.79302215576172,79.01436614990234,85.734375,9.523809432983398,9.090909004211426,4.761904716491699,0,0,0,0,0,0,0,16.368648529052734,25769803776,2147483648,18273320960,765329408
204,1790457362469,4,4,4,4,4,4,4,4,4,4,78.61380004882813,76.8362808227539,76.56474304199219,77.61093139648438,69.70884704589844,78.90947723388672,81.5,0,0,0,0,0,0,0,4.761904716491699,0,0,16.368648529052734,25769803776,2147483648,18271387648,765329408
204,1790457362674,4,4,4,4,4,4,4,4,4,4,78.61380004882813,76.8362808227539,76.56474304199219,77.61093139648438,69.70884704589844,78.90947723388672,81.5,0,0,0,0,0,0,9.523809432983398,0,0,0,16.368648529052734,25769803776,2147483648,18271469568,765329408
204,1790457362879,4,4,4,4,4,4,4,4,4,4,78.61380004882813,76.8362808227539,76.56474304199219,77.61093139648438,69.70884704589844,78.90947723388672,81.5,4.761904716491699,0,0,0,0,0,0,5,0,0,16.28067398071289,25769803776,2147483648,18271600640,765329408
204,1790457363084,4,4,4,4,4,4,4,4,4,4,78.61380004882813,76.8362808227539,76.56474304199219,77.61093139648438,69.70884704589844,78.90947723388672,81.5,0,0,0,0,0,0,4.761904716491699,5,0,0,16.28067398071289,25769803776,2147483648,18271600640,765329408
204,1790457363289,4,4,4,4,4,4,4,4,4,4,78.61380004882813,76.8362808227539,76.56474304199219,77.61093139648438,69.70884704589844,78.90947723388672,81.5,0,0,0,0,0,0,0,4.761904716491699,0,0,16.28067398071289,25769803776,2147483648,18271600640,765329408
204,1790457363494,4,4,4,4,4,4,4,4,4,4,78.55506896972656,76.73607635498047,76.35672760009766,77.55269622802734,69.41950225830078,78.8267593383789,82.796875,4.761904716491699,4.761904716491699,0,0,0,0,0,9.523809432983398,0,0,16.28067398071289,25769803776,2147483648,18271600640,765329408
204,1790457363699,4,4,4,4,4,4,4,4,4,4,78.55506896972656,76.73607635498047,76.35672760009766,77.55269622802734,69.41950225830078,78.8267593383789,82.796875,5,0,0,0,0,0,0,5,4.545454502105713,0,16.28067398071289,25769803776,2147483648,18271207424,765329408
204,1790457363904,4,4,4,4,4,4,4,4,4,4,78.55506896972656,76.73607635498047,76.35672760009766,77.55269622802734,69.41950225830078,78.8267593383789,82.796875,4.761904716491699,0,0,0,0,0,0,9.523809432983398,0,0,16.14132308959961,25769803776,2147483648,18271207424,765329408
204,1790457364109,4,4,4,4,4,4,4,4,4,4,78.55506896972656,76.73607635498047,76.35672760009766,77.55269622802734,69.41950225830078,78.8267593383789,82.796875,0,0,0,0,0,0,0,0,0,0,16.14132308959961,25769803776,2147483648,18271207424,765329408
204,1790457364314,4,4,4,4,4,4,4,4,4,4,78.55506896972656,76.73607635498047,76.35672760009766,77.55269622802734,69.41950225830078,78.8267593383789,82.796875,0,4.545454502105713,0,0,0,0,0,9.523809432983398,0,0,16.14132308959961,25769803776,2147483648,18271207424,765329408
204,1790457364519,4,4,4,4,4,4,4,4,4,4,78.5785903930664,76.62036895751953,76.54427337646484,77.59304809570313,69.77086639404297,78.86961364746094,83.96875,9.523809432983398,0,0,4.761904716491699,0,0,0,5,0,4.761904716491699,16.14132308959961,25769803776,2147483648,18271207424,765329408
204,1790457364725,4,4,4,4,4,4,4,4,4,4,78.5785903930664,76.62036895751953,76.54427337646484,77.59304809570313,69.77086639404297,78.86961364746094,83.96875,0,4.761904716491699,0,4.761904716491699,0,0,0,5,4.761904716491699,0,16.14132308959961,25769803776,2147483648,18270896128,765329408
204,1790457364930,4,4,4,4,4,4,4,4,4,4,78.5785903930664,76.62036895751953,76.54427337646484,77.59304809570313,69.77086639404297,78.86961364746094,83.96875,4.761904716491699,0,0,0,0,0,0,9.090909004211426,0,4.761904716491699,16.268590927124023,25769803776,2147483648,18269454336,765329408
204,1790457365135,4,4,4,4,4,4,4,4,4,4,78.5785903930664,76.62036895751953,76.54427337646484,77.59304809570313,69.77086639404297,78.86961364746094,83.96875,0,0,4.761904716491699,0,0,0,4.761904716491699,5,0,0,16.268590927124023,25769803776,2147483648,18269503488,765329408
204,1790457365340,4,4,4,4,4,4,4,4,4,4,78.5785903930664,76.62036895751953,76.54427337646484,77.59304809570313,69.77086639404297,78.86961364746094,83.96875,4.761904716491699,0,0,0,0,0,0,0,0,0,16.268590927124023,25769803776,2147483648,18269503488,765329408
204,1790457365545,4,4,4,4,4,4,4,4,4,4,78.53011322021484,76.57527923583984,76.468505859375,77.5538101196289,69.7020263671875,78.80083465576172,84.5625,0,0,0,0,0,0,0,9.523809432983398,4.545454502105713,0,16.268590927124023,25769803776,2147483648,18269503488,765329408
204,1790457365750,4,4,4,4,4,4,4,4,4,4,78.53011322021484,76.57527923583984,76.468505859375,77.5538101196289,69.7020263671875,78.80083465576172,84.5625,0,0,0,0,0,0,4.761904716491699,4.761904716491699,0,0,16.268590927124023,25769803776,2147483648,18269421568,765329408
204,1790457365955,4,4,4,4,4,4,4,4,4,4,78.53011322021484,76.57527923583984,76.468505859375,77.5538101196289,69.7020263671875,78.80083465576172,84.5625,4.761904716491699,0,0,0,0,0,0,9.523809432983398,0,0,16.072891235351563,25769803776,2147483648,18263146496,765329408
204,1790457366160,4,4,4,4,4,4,4,4,4,4,78.53011322021484,76.57527923583984,76.468505859375,77.5538101196289,69.7020263671875,78.80083465576172,84.5625,0,4.545454502105713,0,0,0,0,0,5,0,0,16.072891235351563,25769803776,2147483648,18263146496,765329408
204,1790457366365,4,4,4,4,4,4,4,4,4,4,78.4511489868164,76.51963806152344,76.32613372802734,77.4360580444336,69.49718475341797,78.68611145019531,83.96875,9.090909004211426,0,4.761904716491699,0,0,0,0,9.523809432983398,0,0,16.072891235351563,25769803776,2147483648,18263146496,765329408
204,1790457366570,4,4,4,4,4,4,4,4,4,4,78.4511489868164,76.51963806152344,76.32613372802734,77.4360580444336,69.49718475341797,78.68611145019531,83.96875,0,4.761904716491699,0,0,0,0,0,0,0,0,16.072891235351563,25769803776,2147483648,18263146496,765329408
204,1790457366775,4,4,4,4,4,4,4,4,4,4,78.4511489868164,76.51963806152344,76.32613372802734,77.4360580444336,69.49718475341797,78.68611145019531,83.96875,4.761904716491699,0,0,0,0,0,0,4.761904716491699,0,0,16.072891235351563,25769803776,2147483648,18263244800,765329408
204,1790457366980,4,4,4,4,4,4,4,4,4,4,78.4511489868164,76.51963806152344,76.32613372802734,77.4360580444336,69.49718475341797,78.68611145019531,83.96875,0,0,0,0,0,0,0,5,0,0,16.092994689941406,25769803776,2147483648,18263195648,765329408
204,1790457367185,4,4,4,4,4,4,4,4,4,4,78.4511489868164,76.51963806152344,76.32613372802734,77.4360580444336,69.49718475341797,78.68611145019531,83.96875,9.090909004211426,4.761904716491699,4.761904716491699,0,4.545454502105713,0,0,5,0,0,16.092994689941406,25769803776,2147483648,18263244800,765329408
204,1790457367390,4,4,4,4,4,4,4,4,4,4,78.45523834228516,76.53392791748047,76.41610717773438,77.3735122680664,69.6593246459961,78.72282409667969,80.796875,0,0,0,0,0,0,4.761904716491699,9.523809432983398,0,0,16.092994689941406,25769803776,2147483648,18263080960,765329408
204,1790457367595,4,4,4,4,4,4,4,4,4,4,78.45523834228516,76.53392791748047,76.41610717773438,77.3735122680664,69.6593246459961,78.72282409667969,80.796875,4.761904716491699,0,0,0,0,0,4.545454502105713,4.761904716491699,4.761904716491699,0,16.092994689941406,25769803776,2147483648,18263130112,765329408
204,1790457367800,4,4,4,4,4,4,4,4,4,4,78.45523834228516,76.53392791748047,76.41610717773438,77.3735122680664,69.6593246459961,78.72282409667969,80.796875,0,0,0,0,0,0,0,5,0,0,16.092994689941406,25769803776,2147483648,18263097344,765329408
204,1790457368005,4,4,4,4,4,4,4,4,4,4,78.45523834228516,76.53392791748047,76.41610717773438,77.3735122680664,69.6593246459961,78.72282409667969,80.796875,4.761904716491699,4.761904716491699,0,0,0,0,0,9.523809432983398,0,0,16.0957088470459,25769803776,2147483648,18262933504,765329408
204,1790457368210,4,4,4,4,4,4,4,4,4,4,78.45523834228516,76.53392791748047,76.41610717773438,77.3735122680664,69.6593246459961,78.72282409667969,80.796875,0,0,0,0,0,0,0,0,0,0,16.0957088470459,25769803776,2147483648,18262933504,765329408
204,1790457368415,4,4,4,4,4,4,4,4,4,4,78.4525375366211,76.46742248535156,76.3155288696289,77.37281799316406,69.52001190185547,78.71383666992188,84.5625,0,0,0,0,0,0,0,5,4.761904716491699,0,16.0957088470459,25769803776,2147483648,18262999040,765329408
204,1790457368620,4,4,4,4,4,4,4,4,4,4,78.4525375366211,76.46742248535156,76.3155288696289,77.37281799316406,69.52001190185547,78.71383666992188,84.5625,5,0,0,0,0,0,0,9.523809432983398,0,0,16.0957088470459,25769803776,2147483648,18262999040,765329408
204,1790457368825,4,4,4,4,4,4,4,4,4,4,78.4525375366211,76.46742248535156,76.3155288696289,77.37281799316406,69.52001190185547,78.71383666992188,84.5625,0,0,0,0,0,0,0,4.761904716491699,4.761904716491699,0,16.0957088470459,25769803776,2147483648,18263015424,765329408
200,1790457369030,4,4,4,4,4,4,4,4,4,4,78.4525375366211,76.46742248535156,76.3155288696289,77.37281799316406,69.52001190185547,78.71383666992188,84.5625,0,4.761904716491699,0,0,0,0,0,5,0,0,16.03944206237793,25769803776,2147483648,18263048192,765329408
204,1790457369231,4,4,4,4,4,4,4,4,4,4,78.4525375366211,76.46742248535156,76.3155288696289,77.37281799316406,69.52001190185547,78.71383666992188,84.5625,4.761904716491699,0,0,0,0,0,0,5,0,0,16.03944206237793,25769803776,2147483648,18263097344,765329408
204,1790457369436,4,4,4,4,4,4,4,4,4,4,78.39579772949219,76.3910140991211,76.16009521484375,77.3101577758789,69.28179168701172,78.6502685546875,83.734375,0,0,0,0,0,0,9.523809432983398,4.761904716491699,0,0,16.03944206237793,25769803776,2147483648,18263097344,765329408
204,1790457369641,4,4,4,4,4,4,4,4,4,4,78.39579772949219,76.3910140991211,76.16009521484375,77.3101577758789,69.28179168701172,78.6502685546875,83.734375,4.761904716491699,0,0,0,0,0,0,0,0,0,16.03944206237793,25769803776,2147483648,18263097344,765329408
200,1790457369846,4,4,4,4,4,4,4,4,4,4,78.39579772949219,76.3910140991211,76.16009521484375,77.3101577758789,69.28179168701172,78.6502685546875,83.734375,4.761904716491699,0,0,0,0,0,4.761904716491699,9.090909004211426,0,0,16.03944206237793,25769803776,2147483648,18262654976,765329408
204,1790457370047,4,4,4,4,4,4,4,4,4,4,78.39579772949219,76.3910140991211,76.16009521484375,77.3101577758789,69.28179168701172,78.6502685546875,83.734375,5,0,0,0,0,0,0,5,0,0,15.973136901855469,25769803776,2147483648,18262654976,765329408
202,1790457370252,4,4,4,4,4,4,4,4,4,4,78.39579772949219,76.3910140991211,76.16009521484375,77.3101577758789,69.28179168701172,78.6502685546875,83.734375,0,0,0,0,0,0,0,0,4.545454502105713,0,15.973136901855469,25769803776,2147483648,18264506368,765329408
204,1790457370454,4,4,4,4,4,4,4,4,4,4,78.37883758544922,76.50645446777344,76.17961120605469,77.28035736083984,69.29552459716797,78.6622314453125,83.734375,0,0,0,0,0,0,0,5,0,0,15.973136901855469,25769803776,2147483648,18262540288,765329408
204,1790457370659,4,4,4,4,4,4,4,4,4,4,78.37883758544922,76.50645446777344,76.17961120605469,77.28035736083984,69.29552459716797,78.6622314453125,83.734375,4.761904716491699,0,0,0,0,0,0,9.523809432983398,4.761904716491699,0,15.973136901855469,25769803776,2147483648,18262589440,765329408
203,1790457370864,4,4,4,4,4,4,4,4,4,4,78.37883758544922,76.50645446777344,76.17961120605469,77.28035736083984,69.29552459716797,78.6622314453125,83.734375,0,4.545454502105713,0,0,0,0,0,4.761904716491699,0,0,16.04343032836914,25769803776,2147483648,18262556672,765329408
200,1790457371067,4,4,4,4,4,4,4,4,4,4,78.37883758544922,76.50645446777344,76.17961120605469,77.28035736083984,69.29552459716797,78.6622314453125,83.734375,0,0,0,0,0,0,0,5,0,0,16.04343032836914,25769803776,2147483648,18262556672,765329408
204,1790457371268,4,4,4,4,4,4,4,4,4,4,78.37883758544922,76.50645446777344,76.17961120605469,77.28035736083984,69.29552459716797,78.6622314453125,83.734375,5,0,0,0,0,0,0,5.263157844543457,0,0,16.04343032836914,25769803776,2147483648,18262622208,765329408
204,1790457371473,4,4,4,4,4,4,4,4,4,4,78.36547088623047,76.36280059814453,76.22644805908203,77.24773406982422,69.45057678222656,78.61377716064453,83.734375,0,0,0,0,0,0,0,9.523809432983398,0,4.761904716491699,16.04343032836914,25769803776,2147483648,18262622208,765329408
204,1790457371678,4,4,4,4,4,4,4,4,4,4,78.36547088623047,76.36280059814453,76.22644805908203,77.24773406982422,69.45057678222656,78.61377716064453,83.734375,4.761904716491699,4.761904716491699,4.761904716491699,4.761904716491699,4.761904716491699,4.761904716491699,4.545454502105713,5,0,0,16.04343032836914,25769803776,2147483648,18262622208,765329408
204,1790457371883,4,4,4,4,4,4,4,4,4,4,78.36547088623047,76.36280059814453,76.22644805908203,77.24773406982422,69.45057678222656,78.61377716064453,83.734375,0,4.761904716491699,0,0,0,0,0,9.090909004211426,0,0,16.086410522460938,25769803776,2147483648,18263310336,765329408
204,1790457372088,4,4,4,4,4,4,4,4,4,4,78.36547088623047,76.36280059814453,76.22644805908203,77.24773406982422,69.45057678222656,78.61377716064453,83.734375,4.761904716491699,0,0,0,0,0,0,5,0,0,16.086410522460938,25769803776,2147483648,18263310336,765329408
202,1790457372293,4,4,4,4,4,4,4,4,4,4,78.36547088623047,76.36280059814453,76.22644805908203,77.24773406982422,69.45057678222656,78.61377716064453,83.734375,5,0,0,0,0,0,0,0,0,0,16.086410522460938,25769803776,2147483648,18263392256,765329408
204,1790457372496,4,4,4,4,4,4,4,4,4,4,78.33927154541016,76.34943389892578,76.21879577636719,77.22046661376953,69.36479187011719,78.61678314208984,80.796875,0,0,0,0,0,0,4.761904716491699,9.523809432983398,4.761904716491699,0,16.086410522460938,25769803776,2147483648,18263212032,765329408
204,1790457372701,4,4,4,4,4,4,4,4,4,4,78.33927154541016,76.34943389892578,76.21879577636719,77.22046661376953,69.36479187011719,78.61678314208984,80.796875,9.523809432983398,4.761904716491699,0,0,0,0,0,5,0,0,16.086410522460938,25769803776,2147483648,18263359488,765329408
204,1790457372906,4,4,4,4,4,4,4,4,4,4,78.33927154541016,76.34943389892578,76.21879577636719,77.22046661376953,69.36479187011719,78.61678314208984,80.796875,0,0,4.761904716491699,0,0,0,0,9.090909004211426,0,0,16.01787757873535,25769803776,2147483648,18263375872,765329408
204,1790457373111,4,4,4,4,4,4,4,4,4,4,78.33927154541016,76.34943389892578,76.21879577636719,77.22046661376953,69.36479187011719,78.61678314208984,80.796875,0,4.761904716491699,4.761904716491699,0,0,0,0,5,0,0,16.01787757873535,25769803776,2147483648,18263425024,765329408
204,1790457373316,4,4,4,4,4,4,4,4,4,4,78.33927154541016,76.34943389892578,76.21879577636719,77.22046661376953,69.36479187011719,78.61678314208984,80.796875,4.761904716491699,0,0,4.761904716491699,0,0,0,5,0,0,16.01787757873535,25769803776,2147483648,18263425024,765329408
3,1790457373521,4,4,4,4,4,4,4,4,4,4,78.2720947265625,76.3403549194336,76.26646423339844,77.14956665039063,69.48219299316406,78.522705078125,80.796875,15.000000953674316,0,0,0,0,0,19.047618865966797,30.000001907348633,0,0,16.01787757873535,25769803776,2147483648,18263425024,765329408
