Delta,Time,CPU_FREQUENCY_0,CPU_FREQUENCY_1,CPU_FREQUENCY_2,CPU_FREQUENCY_3,CPU_FREQUENCY_4,CPU_FREQUENCY_5,CPU_FREQUENCY_6,CPU_FREQUENCY_7,CPU_FREQUENCY_8,CPU_FREQUENCY_9,CPU_TEMP_0,CPU_TEMP_1,CPU_TEMP_2,CPU_TEMP_3,CPU_TEMP_4,CPU_TEMP_5,CPU_TEMP_6,CPU_USAGE_0,CPU_USAGE_1,CPU_USAGE_2,CPU_USAGE_3,CPU_USAGE_4,CPU_USAGE_5,CPU_USAGE_6,CPU_USAGE_7,CPU_USAGE_8,CPU_USAGE_9,SYSTEM_POWER (Watts),TOTAL_MEMORY,TOTAL_SWAP,USED_MEMORY,USED_SWAP
0,1790449539821,4,4,4,4,4,4,4,4,4,4,66.7928466796875,67.23072052001953,66.88256072998047,65.98976135253906,59.83856201171875,66.94718933105469,68.375,NaN,NaN,0,0,50,0,0,0,0,0,4.418491840362549,25769803776,2147483648,15175712768,790495232
209,1790449539821,4,4,4,4,4,4,4,4,4,4,66.7928466796875,67.23072052001953,66.88256072998047,65.98976135253906,59.83856201171875,66.94718933105469,68.375,NaN,0,NaN,NaN,0,50,0,NaN,0,NaN,4.418491840362549,25769803776,2147483648,15175434240,790495232
209,1790449540031,4,4,4,4,4,4,4,4,4,4,66.7928466796875,67.23072052001953,66.88256072998047,65.98976135253906,59.83856201171875,66.94718933105469,68.375,42.85714340209961,66.66667175292969,19.047618865966797,14.285715103149414,15.000000953674316,5.263157844543457,66.66667175292969,33.333335876464844,4.761904716491699,0,4.418491840362549,25769803776,2147483648,15266938880,790495232
209,1790449540241,4,4,4,4,4,4,4,4,4,4,67.11299133300781,71.05184173583984,68.79142761230469,66.21684265136719,61.60223388671875,67.45984649658203,77.703125,57.142860412597656,23.809524536132813,28.571430206298828,9.090909004211426,9.090909004211426,13.636363983154297,100,4.761904716491699,0,0,4.418491840362549,25769803776,2147483648,15266938880,790495232
209,1790449540451,4,4,4,4,4,4,4,4,4,4,67.11299133300781,71.05184173583984,68.79142761230469,66.21684265136719,61.60223388671875,67.45984649658203,77.703125,61.904762268066406,30.000001907348633,18.18181800842285,5,10,9.523809432983398,80.95238494873047,9.523809432983398,0,0,4.418491840362549,25769803776,2147483648,15937290240,790495232
209,1790449540661,4,4,4,4,4,4,4,4,4,4,67.11299133300781,71.05184173583984,68.79142761230469,66.21684265136719,61.60223388671875,67.45984649658203,77.703125,45.45454788208008,57.142860412597656,15.000000953674316,23.809524536132813,14.285715103149414,14.285715103149414,9.523809432983398,4.761904716491699,4.761904716491699,0,4.67657995223999,25769803776,2147483648,15956312064,790495232
204,1790449540871,4,4,4,4,4,4,4,4,4,4,67.11299133300781,71.05184173583984,68.79142761230469,66.21684265136719,61.60223388671875,67.45984649658203,77.703125,52.38095474243164,47.619049072265625,9.523809432983398,0,4.761904716491699,0,0,4.761904716491699,0,0,4.67657995223999,25769803776,2147483648,15950905344,790495232
202,1790449541075,4,4,4,4,4,4,4,4,4,4,67.11299133300781,71.05184173583984,68.79142761230469,66.21684265136719,61.60223388671875,67.45984649658203,77.703125,42.105262756347656,33.333335876464844,33.333335876464844,36.3636360168457,14.285715103149414,14.285715103149414,5,0,0,0,4.67657995223999,25769803776,2147483648,15943647232,790495232
209,1790449541278,4,4,4,4,4,4,4,4,4,4,74.32610321044922,74.51341247558594,72.00792694091797,72.12186431884766,64.6159439086914,73.9014663696289,78.40625,61.904762268066406,31.57894515991211,10.526315689086914,5,5,0,0,9.523809432983398,0,0,4.67657995223999,25769803776,2147483648,15943647232,790495232
209,1790449541488,4,4,4,4,4,4,4,4,4,4,74.32610321044922,74.51341247558594,72.00792694091797,72.12186431884766,64.6159439086914,73.9014663696289,78.40625,42.85714340209961,40.90909194946289,30.434782028198242,13.636363983154297,20,19.047618865966797,0,4.761904716491699,0,0,4.67657995223999,25769803776,2147483648,15947300864,790495232
209,1790449541698,4,4,4,4,4,4,4,4,4,4,74.32610321044922,74.51341247558594,72.00792694091797,72.12186431884766,64.6159439086914,73.9014663696289,78.40625,50,52.38095474243164,10,0,13.636363983154297,4.761904716491699,0,4.761904716491699,4.545454502105713,0,13.156818389892578,25769803776,2147483648,15949398016,790495232
209,1790449541908,4,4,4,4,4,4,4,4,4,4,74.32610321044922,74.51341247558594,72.00792694091797,72.12186431884766,64.6159439086914,73.9014663696289,78.40625,45.45454788208008,28.571430206298828,23.809524536132813,23.809524536132813,9.523809432983398,9.523809432983398,0,9.090909004211426,0,0,13.156818389892578,25769803776,2147483648,15949398016,790495232
209,1790449542118,4,4,4,4,4,4,4,4,4,4,74.32610321044922,74.51341247558594,72.00792694091797,72.12186431884766,64.6159439086914,73.9014663696289,78.40625,30.000001907348633,50,42.85714340209961,9.523809432983398,14.285715103149414,9.090909004211426,0,0,4.545454502105713,0,13.156818389892578,25769803776,2147483648,15949398016,790495232
205,1790449542328,4,4,4,4,4,4,4,4,4,4,76.71141815185547,72.89191436767578,72.60755920410156,74.43151092529297,65.77902221679688,76.0230484008789,77.484375,54.54545593261719,42.85714340209961,14.285715103149414,9.090909004211426,4.761904716491699,0,0,0,0,0,13.156818389892578,25769803776,2147483648,15949398016,790495232
209,1790449542533,4,4,4,4,4,4,4,4,4,4,76.71141815185547,72.89191436767578,72.60755920410156,74.43151092529297,65.77902221679688,76.0230484008789,77.484375,30.000001907348633,45,30.000001907348633,25,10,14.285715103149414,0,4.761904716491699,0,0,13.156818389892578,25769803776,2147483648,15928311808,790495232
203,1790449542743,4,4,4,4,4,4,4,4,4,4,76.71141815185547,72.89191436767578,72.60755920410156,74.43151092529297,65.77902221679688,76.0230484008789,77.484375,50,52.38095474243164,13.636363983154297,9.523809432983398,4.761904716491699,0,0,9.090909004211426,0,0,23.469562530517578,25769803776,2147483648,15933259776,790495232
209,1790449542947,4,4,4,4,4,4,4,4,4,4,76.71141815185547,72.89191436767578,72.60755920410156,74.43151092529297,65.77902221679688,76.0230484008789,77.484375,45,36.3636360168457,10.526315689086914,9.523809432983398,25,14.285715103149414,0,5,0,0,23.469562530517578,25769803776,2147483648,15928049664,790495232
209,1790449543157,4,4,4,4,4,4,4,4,4,4,76.34976959228516,73.17157745361328,72.84295654296875,74.2213134765625,65.91975402832031,75.68497467041016,77.484375,47.619049072265625,30.000001907348633,27.272727966308594,14.285715103149414,31.81818199157715,10,4.545454502105713,0,0,0,23.469562530517578,25769803776,2147483648,15933931520,790495232
203,1790449543367,4,4,4,4,4,4,4,4,4,4,76.34976959228516,73.17157745361328,72.84295654296875,74.2213134765625,65.91975402832031,75.68497467041016,77.484375,65,33.333335876464844,14.285715103149414,5,0,9.090909004211426,0,9.090909004211426,0,0,23.469562530517578,25769803776,2147483648,15934144512,790495232
209,1790449543571,4,4,4,4,4,4,4,4,4,4,76.34976959228516,73.17157745361328,72.84295654296875,74.2213134765625,65.91975402832031,75.68497467041016,77.484375,30.000001907348633,50,25,14.285715103149414,19.047618865966797,20,0,5,0,0,23.469562530517578,25769803776,2147483648,15928819712,790495232
209,1790449543781,4,4,4,4,4,4,4,4,4,4,76.34976959228516,73.17157745361328,72.84295654296875,74.2213134765625,65.91975402832031,75.68497467041016,77.484375,52.38095474243164,47.619049072265625,9.523809432983398,4.761904716491699,4.761904716491699,4.545454502105713,0,4.761904716491699,0,0,17.018381118774414,25769803776,2147483648,15934652416,790495232
209,1790449543991,4,4,4,4,4,4,4,4,4,4,76.34976959228516,73.17157745361328,72.84295654296875,74.2213134765625,65.91975402832031,75.68497467041016,77.484375,28.571430206298828,54.54545593261719,19.047618865966797,19.047618865966797,20,33.333335876464844,4.545454502105713,0,0,0,17.018381118774414,25769803776,2147483648,15934652416,790495232
209,1790449544201,4,4,4,4,4,4,4,4,4,4,76.56888580322266,73.4478759765625,73.26158905029297,74.47540283203125,66.34329223632813,75.94522857666016,78.671875,52.38095474243164,55,9.523809432983398,0,4.545454502105713,0,0,9.090909004211426,0,0,17.018381118774414,25769803776,2147483648,15934652416,790495232
209,1790449544411,4,4,4,4,4,4,4,4,4,4,76.56888580322266,73.4478759765625,73.26158905029297,74.47540283203125,66.34329223632813,75.94522857666016,78.671875,57.142860412597656,31.81818199157715,23.809524536132813,13.636363983154297,9.090909004211426,4.761904716491699,0,4.761904716491699,0,0,17.018381118774414,25769803776,2147483648,15934652416,790495232
209,1790449544621,4,4,4,4,4,4,4,4,4,4,76.56888580322266,73.4478759765625,73.26158905029297,74.47540283203125,66.34329223632813,75.94522857666016,78.671875,38.095237731933594,55,19.047618865966797,9.523809432983398,10,19.047618865966797,0,4.761904716491699,4.761904716491699,0,17.018381118774414,25769803776,2147483648,15937929216,790495232
209,1790449544831,4,4,4,4,4,4,4,4,4,4,76.56888580322266,73.4478759765625,73.26158905029297,74.47540283203125,66.34329223632813,75.94522857666016,78.671875,61.904762268066406,40.90909194946289,14.285715103149414,9.523809432983398,4.761904716491699,9.090909004211426,0,4.761904716491699,0,0,16.520450592041016,25769803776,2147483648,15935750144,790495232
209,1790449545041,4,4,4,4,4,4,4,4,4,4,76.56888580322266,73.4478759765625,73.26158905029297,74.47540283203125,66.34329223632813,75.94522857666016,78.671875,40,30.000001907348633,33.333335876464844,19.047618865966797,23.809524536132813,5,0,4.761904716491699,0,0,16.520450592041016,25769803776,2147483648,15929933824,790495232
209,1790449545251,4,4,4,4,4,4,4,4,4,4,77.01770782470703,73.78205108642578,73.54810333251953,75.01680755615234,66.52379608154297,76.40885925292969,78.4375,63.6363639831543,28.571430206298828,9.523809432983398,5,4.761904716491699,9.090909004211426,0,4.761904716491699,0,0,16.520450592041016,25769803776,2147483648,15929933824,790495232
209,1790449545461,4,4,4,4,4,4,4,4,4,4,77.01770782470703,73.78205108642578,73.54810333251953,75.01680755615234,66.52379608154297,76.40885925292969,78.4375,47.619049072265625,30.000001907348633,14.285715103149414,9.090909004211426,15.000000953674316,15.000000953674316,4.545454502105713,9.523809432983398,0,0,16.520450592041016,25769803776,2147483648,15929933824,790495232
209,1790449545671,4,4,4,4,4,4,4,4,4,4,77.01770782470703,73.78205108642578,73.54810333251953,75.01680755615234,66.52379608154297,76.40885925292969,78.4375,52.38095474243164,63.6363639831543,15.000000953674316,10,9.523809432983398,13.636363983154297,0,0,0,0,16.617212295532227,25769803776,2147483648,15937273856,790495232
209,1790449545881,4,4,4,4,4,4,4,4,4,4,77.01770782470703,73.78205108642578,73.54810333251953,75.01680755615234,66.52379608154297,76.40885925292969,78.4375,57.142860412597656,42.85714340209961,18.18181800842285,9.090909004211426,4.761904716491699,0,0,4.761904716491699,0,0,16.617212295532227,25769803776,2147483648,15934750720,790495232
209,1790449546091,4,4,4,4,4,4,4,4,4,4,77.01770782470703,73.78205108642578,73.54810333251953,75.01680755615234,66.52379608154297,76.40885925292969,78.4375,35,52.38095474243164,10,14.285715103149414,19.047618865966797,22.72727394104004,0,9.090909004211426,4.545454502105713,0,16.617212295532227,25769803776,2147483648,15932047360,790495232
209,1790449546301,4,4,4,4,4,4,4,4,4,4,77.38815307617188,74.20284271240234,74.08622741699219,75.4041519165039,67.18103790283203,76.94078063964844,78.90625,63.6363639831543,35,19.047618865966797,5,9.523809432983398,4.761904716491699,0,4.761904716491699,0,0,16.617212295532227,25769803776,2147483648,15938306048,790495232
209,1790449546511,4,4,4,4,4,4,4,4,4,4,77.38815307617188,74.20284271240234,74.08622741699219,75.4041519165039,67.18103790283203,76.94078063964844,78.90625,30.000001907348633,47.619049072265625,20,23.809524536132813,13.636363983154297,14.285715103149414,4.761904716491699,0,0,0,16.617212295532227,25769803776,2147483648,15933652992,790495232
209,1790449546721,4,4,4,4,4,4,4,4,4,4,77.38815307617188,74.20284271240234,74.08622741699219,75.4041519165039,67.18103790283203,76.94078063964844,78.90625,47.619049072265625,47.619049072265625,22.72727394104004,4.761904716491699,4.761904716491699,9.090909004211426,0,0,0,0,16.812602996826172,25769803776,2147483648,15941451776,790495232
209,1790449546931,4,4,4,4,4,4,4,4,4,4,77.38815307617188,74.20284271240234,74.08622741699219,75.4041519165039,67.18103790283203,76.94078063964844,78.90625,42.85714340209961,42.85714340209961,28.571430206298828,4.761904716491699,5,10,0,9.090909004211426,0,0,16.812602996826172,25769803776,2147483648,15937732608,790495232
209,1790449547141,4,4,4,4,4,4,4,4,4,4,77.66250610351563,74.67403411865234,74.17212677001953,75.89440155029297,67.12028503417969,77.31172943115234,79.140625,59.09090805053711,36.3636360168457,33.333335876464844,18.18181800842285,9.523809432983398,14.285715103149414,0,0,0,0,16.812602996826172,25769803776,2147483648,15934013440,790495232
209,1790449547351,4,4,4,4,4,4,4,4,4,4,77.66250610351563,74.67403411865234,74.17212677001953,75.89440155029297,67.12028503417969,77.31172943115234,79.140625,65,28.571430206298828,14.285715103149414,0,4.761904716491699,4.761904716491699,0,4.761904716491699,0,0,16.812602996826172,25769803776,2147483648,15934013440,790495232
209,1790449547561,4,4,4,4,4,4,4,4,4,4,77.66250610351563,74.67403411865234,74.17212677001953,75.89440155029297,67.12028503417969,77.31172943115234,79.140625,33.333335876464844,55,28.571430206298828,27.272727966308594,9.523809432983398,9.523809432983398,0,9.523809432983398,0,0,16.812602996826172,25769803776,2147483648,15934013440,790495232
209,1790449547771,4,4,4,4,4,4,4,4,4,4,77.66250610351563,74.67403411865234,74.17212677001953,75.89440155029297,67.12028503417969,77.31172943115234,79.140625,57.142860412597656,45,23.809524536132813,5,9.090909004211426,10,0,0,0,0,16.91585350036621,25769803776,2147483648,15963701248,790495232
209,1790449547981,4,4,4,4,4,4,4,4,4,4,77.66250610351563,74.67403411865234,74.17212677001953,75.89440155029297,67.12028503417969,77.31172943115234,79.140625,28.571430206298828,45.45454788208008,27.272727966308594,23.809524536132813,5,27.272727966308594,0,9.090909004211426,4.545454502105713,0,16.91585350036621,25769803776,2147483648,15961735168,790495232
205,1790449548191,4,4,4,4,4,4,4,4,4,4,77.96847534179688,75.0405502319336,74.73486328125,76.17864990234375,68.03767395019531,77.72239685058594,79.375,42.85714340209961,47.619049072265625,45,18.18181800842285,13.636363983154297,9.523809432983398,0,4.761904716491699,0,0,16.91585350036621,25769803776,2147483648,15961735168,790495232
209,1790449548396,4,4,4,4,4,4,4,4,4,4,77.96847534179688,75.0405502319336,74.73486328125,76.17864990234375,68.03767395019531,77.72239685058594,79.375,65,30.000001907348633,15.000000953674316,10,5,4.761904716491699,0,9.523809432983398,4.761904716491699,0,16.91585350036621,25769803776,2147483648,15961735168,790495232
209,1790449548606,4,4,4,4,4,4,4,4,4,4,77.96847534179688,75.0405502319336,74.73486328125,76.17864990234375,68.03767395019531,77.72239685058594,79.375,57.142860412597656,31.81818199157715,22.72727394104004,15.000000953674316,14.285715103149414,14.285715103149414,9.090909004211426,0,0,0,16.91585350036621,25769803776,2147483648,15961735168,790495232
209,1790449548816,4,4,4,4,4,4,4,4,4,4,77.96847534179688,75.0405502319336,74.73486328125,76.17864990234375,68.03767395019531,77.72239685058594,79.375,66.66667175292969,35,15.000000953674316,4.761904716491699,4.761904716491699,5,0,5,0,0,17.001449584960938,25769803776,2147483648,15958097920,790495232
209,1790449549026,4,4,4,4,4,4,4,4,4,4,77.96847534179688,75.0405502319336,74.73486328125,76.17864990234375,68.03767395019531,77.72239685058594,79.375,33.333335876464844,42.85714340209961,19.047618865966797,28.571430206298828,19.047618865966797,23.809524536132813,0,4.761904716491699,0,0,17.001449584960938,25769803776,2147483648,15940468736,790495232
209,1790449549236,4,4,4,4,4,4,4,4,4,4,78.08358764648438,75.38218688964844,74.8022689819336,76.39888763427734,67.94342803955078,78.08444213867188,79.84375,52.38095474243164,45.45454788208008,9.523809432983398,9.090909004211426,4.761904716491699,0,0,4.761904716491699,0,0,17.001449584960938,25769803776,2147483648,15945367552,790495232
209,1790449549446,4,4,4,4,4,4,4,4,4,4,78.08358764648438,75.38218688964844,74.8022689819336,76.39888763427734,67.94342803955078,78.08444213867188,79.84375,50,25,14.285715103149414,19.047618865966797,4.761904716491699,23.809524536132813,4.761904716491699,4.545454502105713,0,0,17.001449584960938,25769803776,2147483648,15944253440,790495232
209,1790449549656,4,4,4,4,4,4,4,4,4,4,78.08358764648438,75.38218688964844,74.8022689819336,76.39888763427734,67.94342803955078,78.08444213867188,79.84375,36.3636360168457,66.66667175292969,19.047618865966797,14.285715103149414,9.523809432983398,18.18181800842285,0,0,0,0,17.14512062072754,25769803776,2147483648,15944253440,790495232
209,1790449549866,4,4,4,4,4,4,4,4,4,4,78.08358764648438,75.38218688964844,74.8022689819336,76.39888763427734,67.94342803955078,78.08444213867188,79.84375,55,42.85714340209961,14.285715103149414,0,10,5,0,4.761904716491699,0,0,17.14512062072754,25769803776,2147483648,15942893568,790495232
209,1790449550076,4,4,4,4,4,4,4,4,4,4,78.08358764648438,75.38218688964844,74.8022689819336,76.39888763427734,67.94342803955078,78.08444213867188,79.84375,33.333335876464844,42.85714340209961,19.047618865966797,13.636363983154297,27.272727966308594,28.571430206298828,0,9.523809432983398,0,0,17.14512062072754,25769803776,2147483648,15909060608,790495232
209,1790449550286,4,4,4,4,4,4,4,4,4,4,78.22959899902344,75.66118621826172,75.25247955322266,76.73519134521484,68.40240478515625,78.33607482910156,79.84375,52.38095474243164,47.619049072265625,9.523809432983398,0,0,9.090909004211426,0,4.761904716491699,0,0,17.14512062072754,25769803776,2147483648,15914991616,790495232
209,1790449550496,4,4,4,4,4,4,4,4,4,4,78.22959899902344,75.66118621826172,75.25247955322266,76.73519134521484,68.40240478515625,78.33607482910156,79.84375,38.095237731933594,52.38095474243164,23.809524536132813,14.285715103149414,14.285715103149414,30.000001907348633,4.545454502105713,9.090909004211426,0,0,17.14512062072754,25769803776,2147483648,15910502400,790495232
209,1790449550707,4,4,4,4,4,4,4,4,4,4,78.22959899902344,75.66118621826172,75.25247955322266,76.73519134521484,68.40240478515625,78.33607482910156,79.84375,57.142860412597656,42.85714340209961,52.38095474243164,13.636363983154297,4.761904716491699,4.761904716491699,0,4.761904716491699,4.545454502105713,0,17.239734649658203,25769803776,2147483648,15915188224,790495232
209,1790449550916,4,4,4,4,4,4,4,4,4,4,78.22959899902344,75.66118621826172,75.25247955322266,76.73519134521484,68.40240478515625,78.33607482910156,79.84375,52.38095474243164,45,30.000001907348633,5,4.761904716491699,4.761904716491699,0,0,0,0,17.239734649658203,25769803776,2147483648,15912714240,790495232
209,1790449551127,4,4,4,4,4,4,4,4,4,4,78.22959899902344,75.66118621826172,75.25247955322266,76.73519134521484,68.40240478515625,78.33607482910156,79.84375,40.90909194946289,40.90909194946289,23.809524536132813,23.809524536132813,9.523809432983398,14.285715103149414,0,5,0,0,17.239734649658203,25769803776,2147483648,15896690688,790495232
209,1790449551337,4,4,4,4,4,4,4,4,4,4,78.42593383789063,75.78573608398438,75.48523712158203,77.01702880859375,68.74140930175781,78.572998046875,80.3125,60.000003814697266,38.095237731933594,22.72727394104004,4.761904716491699,4.761904716491699,4.761904716491699,0,9.090909004211426,0,0,17.239734649658203,25769803776,2147483648,15902605312,790495232
201,1790449551547,4,4,4,4,4,4,4,4,4,4,78.42593383789063,75.78573608398438,75.48523712158203,77.01702880859375,68.74140930175781,78.572998046875,80.3125,28.571430206298828,47.619049072265625,20,40.90909194946289,10,13.636363983154297,0,0,0,0,17.239734649658203,25769803776,2147483648,15899623424,790495232
209,1790449551748,4,4,4,4,4,4,4,4,4,4,78.42593383789063,75.78573608398438,75.48523712158203,77.01702880859375,68.74140930175781,78.572998046875,80.3125,45,52.6315803527832,14.285715103149414,5,4.761904716491699,0,0,4.761904716491699,0,0,17.157550811767578,25769803776,2147483648,15899623424,790495232
209,1790449551958,4,4,4,4,4,4,4,4,4,4,78.42593383789063,75.78573608398438,75.48523712158203,77.01702880859375,68.74140930175781,78.572998046875,80.3125,57.142860412597656,42.85714340209961,14.285715103149414,5,19.047618865966797,4.761904716491699,0,9.090909004211426,0,0,17.157550811767578,25769803776,2147483648,15901868032,790495232
209,1790449552168,4,4,4,4,4,4,4,4,4,4,78.62779998779297,76.0649642944336,75.65009307861328,77.27558898925781,68.87498474121094,78.78722381591797,80.5625,45,52.38095474243164,15.000000953674316,14.285715103149414,9.523809432983398,23.809524536132813,0,0,0,0,17.157550811767578,25769803776,2147483648,15903260672,790495232
209,1790449552378,4,4,4,4,4,4,4,4,4,4,78.62779998779297,76.0649642944336,75.65009307861328,77.27558898925781,68.87498474121094,78.78722381591797,80.5625,54.54545593261719,31.81818199157715,14.285715103149414,18.18181800842285,0,0,0,4.761904716491699,0,0,17.157550811767578,25769803776,2147483648,15903522816,790495232
204,1790449552588,4,4,4,4,4,4,4,4,4,4,78.62779998779297,76.0649642944336,75.65009307861328,77.27558898925781,68.87498474121094,78.78722381591797,80.5625,40,25,47.619049072265625,19.047618865966797,10,13.636363983154297,0,9.523809432983398,0,0,17.157550811767578,25769803776,2147483648,15898083328,790495232
209,1790449552793,4,4,4,4,4,4,4,4,4,4,78.62779998779297,76.0649642944336,75.65009307861328,77.27558898925781,68.87498474121094,78.78722381591797,80.5625,71.42857360839844,33.333335876464844,13.636363983154297,0,4.761904716491699,0,0,4.761904716491699,0,4.761904716491699,17.402820587158203,25769803776,2147483648,15904079872,790495232
209,1790449553003,4,4,4,4,4,4,4,4,4,4,78.62779998779297,76.0649642944336,75.65009307861328,77.27558898925781,68.87498474121094,78.78722381591797,80.5625,47.619049072265625,42.85714340209961,20,18.18181800842285,19.047618865966797,31.81818199157715,0,0,0,0,17.402820587158203,25769803776,2147483648,15899639808,790495232
203,1790449553213,4,4,4,4,4,4,4,4,4,4,78.74819946289063,76.24516296386719,75.93555450439453,77.50418853759766,69.1647720336914,78.96910095214844,80.796875,38.095237731933594,65,9.523809432983398,4.761904716491699,4.761904716491699,0,4.545454502105713,9.090909004211426,0,0,17.402820587158203,25769803776,2147483648,15905112064,790495232
209,1790449553417,4,4,4,4,4,4,4,4,4,4,78.74819946289063,76.24516296386719,75.93555450439453,77.50418853759766,69.1647720336914,78.96910095214844,80.796875,50,40,10.526315689086914,20,5,5,0,5,4.761904716491699,0,17.402820587158203,25769803776,2147483648,15902785536,790495232
209,1790449553627,4,4,4,4,4,4,4,4,4,4,78.74819946289063,76.24516296386719,75.93555450439453,77.50418853759766,69.1647720336914,78.96910095214844,80.796875,33.333335876464844,54.54545593261719,33.333335876464844,5,4.761904716491699,9.523809432983398,0,4.761904716491699,0,0,17.402820587158203,25769803776,2147483648,15905177600,790495232
209,1790449553837,4,4,4,4,4,4,4,4,4,4,78.74819946289063,76.24516296386719,75.93555450439453,77.50418853759766,69.1647720336914,78.96910095214844,80.796875,66.66667175292969,30.000001907348633,22.72727394104004,13.043478012084961,9.523809432983398,4.761904716491699,0,4.761904716491699,0,0,17.189632415771484,25769803776,2147483648,15905898496,790495232
209,1790449554047,4,4,4,4,4,4,4,4,4,4,78.74819946289063,76.24516296386719,75.93555450439453,77.50418853759766,69.1647720336914,78.96910095214844,80.796875,28.571430206298828,36.3636360168457,23.809524536132813,33.333335876464844,19.047618865966797,14.285715103149414,9.090909004211426,0,0,0,17.189632415771484,25769803776,2147483648,15900327936,790495232
209,1790449554257,4,4,4,4,4,4,4,4,4,4,78.97924041748047,76.569091796875,75.95101165771484,77.74293518066406,68.97947692871094,79.28333282470703,80.796875,57.142860412597656,42.85714340209961,9.523809432983398,0,4.545454502105713,4.761904716491699,0,5,0,0,17.189632415771484,25769803776,2147483648,15906504704,790495232
209,1790449554467,4,4,4,4,4,4,4,4,4,4,78.97924041748047,76.569091796875,75.95101165771484,77.74293518066406,68.97947692871094,79.28333282470703,80.796875,70,25,14.285715103149414,5,5,14.285715103149414,0,4.761904716491699,0,0,17.189632415771484,25769803776,2147483648,15901294592,790495232
209,1790449554677,4,4,4,4,4,4,4,4,4,4,78.97924041748047,76.569091796875,75.95101165771484,77.74293518066406,68.97947692871094,79.28333282470703,80.796875,54.54545593261719,54.54545593261719,19.047618865966797,13.636363983154297,9.523809432983398,14.285715103149414,0,9.090909004211426,0,0,17.548418045043945,25769803776,2147483648,15907143680,790495232
209,1790449554887,4,4,4,4,4,4,4,4,4,4,78.97924041748047,76.569091796875,75.95101165771484,77.74293518066406,68.97947692871094,79.28333282470703,80.796875,52.38095474243164,47.619049072265625,19.047618865966797,4.761904716491699,4.761904716491699,4.761904716491699,0,4.761904716491699,0,0,17.548418045043945,25769803776,2147483648,15907143680,790495232
209,1790449555097,4,4,4,4,4,4,4,4,4,4,78.97924041748047,76.569091796875,75.95101165771484,77.74293518066406,68.97947692871094,79.28333282470703,80.796875,38.095237731933594,40,14.285715103149414,33.333335876464844,19.047618865966797,9.523809432983398,0,0,0,0,17.548418045043945,25769803776,2147483648,15901458432,790495232
209,1790449555307,4,4,4,4,4,4,4,4,4,4,79.1570816040039,76.69307708740234,76.30709838867188,77.92804718017578,69.50460815429688,79.48869323730469,80.796875,66.66667175292969,36.3636360168457,14.285715103149414,5,9.090909004211426,5,0,9.090909004211426,0,0,17.548418045043945,25769803776,2147483648,15907897344,790495232
209,1790449555517,4,4,4,4,4,4,4,4,4,4,79.1570816040039,76.69307708740234,76.30709838867188,77.92804718017578,69.50460815429688,79.48869323730469,80.796875,40,23.809524536132813,42.85714340209961,18.18181800842285,5,19.047618865966797,0,0,0,0,17.548418045043945,25769803776,2147483648,15907897344,790495232
209,1790449555727,4,4,4,4,4,4,4,4,4,4,79.1570816040039,76.69307708740234,76.30709838867188,77.92804718017578,69.50460815429688,79.48869323730469,80.796875,52.38095474243164,30.000001907348633,14.285715103149414,4.761904716491699,4.761904716491699,14.285715103149414,0,4.761904716491699,0,0,17.381938934326172,25769803776,2147483648,15907897344,790495232
209,1790449555937,4,4,4,4,4,4,4,4,4,4,79.1570816040039,76.69307708740234,76.30709838867188,77.92804718017578,69.50460815429688,79.48869323730469,80.796875,33.333335876464844,38.095237731933594,23.809524536132813,4.761904716491699,28.571430206298828,13.636363983154297,0,4.761904716491699,0,0,17.381938934326172,25769803776,2147483648,15907897344,790495232
209,1790449556147,4,4,4,4,4,4,4,4,4,4,79.44387817382813,76.9321517944336,76.43070983886719,78.1950912475586,69.57897186279297,79.70027923583984,81.265625,50,42.85714340209961,19.047618865966797,14.285715103149414,28.571430206298828,14.285715103149414,0,9.523809432983398,4.545454502105713,0,17.381938934326172,25769803776,2147483648,15909060608,790495232
209,1790449556357,4,4,4,4,4,4,4,4,4,4,79.44387817382813,76.9321517944336,76.43070983886719,78.1950912475586,69.57897186279297,79.70027923583984,81.265625,52.173912048339844,47.619049072265625,14.285715103149414,0,0,0,0,0,0,0,17.381938934326172,25769803776,2147483648,15909126144,790495232
209,1790449556567,4,4,4,4,4,4,4,4,4,4,79.44387817382813,76.9321517944336,76.43070983886719,78.1950912475586,69.57897186279297,79.70027923583984,81.265625,25,33.333335876464844,10,18.18181800842285,25,47.619049072265625,0,9.090909004211426,0,0,17.381938934326172,25769803776,2147483648,15909126144,790495232
209,1790449556777,4,4,4,4,4,4,4,4,4,4,79.44387817382813,76.9321517944336,76.43070983886719,78.1950912475586,69.57897186279297,79.70027923583984,81.265625,47.619049072265625,50,14.285715103149414,0,4.545454502105713,0,4.545454502105713,4.761904716491699,0,0,17.265750885009766,25769803776,2147483648,15909126144,790495232
209,1790449556987,4,4,4,4,4,4,4,4,4,4,79.44387817382813,76.9321517944336,76.43070983886719,78.1950912475586,69.57897186279297,79.70027923583984,81.265625,28.571430206298828,40.90909194946289,18.18181800842285,38.095237731933594,9.523809432983398,15.000000953674316,0,9.523809432983398,0,0,17.265750885009766,25769803776,2147483648,15909126144,790495232
209,1790449557197,4,4,4,4,4,4,4,4,4,4,81.15746307373047,77.8922348022461,77.38511657714844,79.15706634521484,70.79590606689453,81.03515625,84.90625,42.85714340209961,45,35,13.636363983154297,9.523809432983398,9.523809432983398,4.761904716491699,4.761904716491699,0,4.545454502105713,17.265750885009766,25769803776,2147483648,15910223872,790495232
209,1790449557407,4,4,4,4,4,4,4,4,4,4,81.15746307373047,77.8922348022461,77.38511657714844,79.15706634521484,70.79590606689453,81.03515625,84.90625,57.142860412597656,38.095237731933594,14.285715103149414,5,4.761904716491699,18.18181800842285,0,9.523809432983398,0,0,17.265750885009766,25769803776,2147483648,15908274176,790495232
209,1790449557617,4,4,4,4,4,4,4,4,4,4,81.15746307373047,77.8922348022461,77.38511657714844,79.15706634521484,70.79590606689453,81.03515625,84.90625,45,27.272727966308594,42.85714340209961,9.523809432983398,18.18181800842285,10,0,4.761904716491699,0,0,17.265750885009766,25769803776,2147483648,15905275904,790495232
209,1790449557827,4,4,4,4,4,4,4,4,4,4,81.15746307373047,77.8922348022461,77.38511657714844,79.15706634521484,70.79590606689453,81.03515625,84.90625,63.6363639831543,35,14.285715103149414,4.761904716491699,0,4.545454502105713,0,9.523809432983398,4.545454502105713,0,21.46822166442871,25769803776,2147483648,15911272448,790495232
209,1790449558037,4,4,4,4,4,4,4,4,4,4,81.15746307373047,77.8922348022461,77.38511657714844,79.15706634521484,70.79590606689453,81.03515625,84.90625,40,27.272727966308594,38.095237731933594,14.285715103149414,33.333335876464844,19.047618865966797,0,5,4.761904716491699,0,21.46822166442871,25769803776,2147483648,15909486592,790495232
209,1790449558247,4,4,4,4,4,4,4,4,4,4,80.66537475585938,77.98773956298828,77.26416778564453,78.9904556274414,70.48468017578125,80.71317291259766,82.5625,52.38095474243164,40,23.809524536132813,9.090909004211426,4.761904716491699,0,0,9.090909004211426,0,4.761904716491699,21.46822166442871,25769803776,2147483648,15911895040,790495232
209,1790449558457,4,4,4,4,4,4,4,4,4,4,80.66537475585938,77.98773956298828,77.26416778564453,78.9904556274414,70.48468017578125,80.71317291259766,82.5625,71.42857360839844,31.81818199157715,33.333335876464844,5,5,5,4.545454502105713,5,0,0,21.46822166442871,25769803776,2147483648,15901655040,790495232
208,1790449558668,4,4,4,4,4,4,4,4,4,4,80.66537475585938,77.98773956298828,77.26416778564453,78.9904556274414,70.48468017578125,80.71317291259766,82.5625,42.85714340209961,55,19.047618865966797,9.523809432983398,9.090909004211426,18.18181800842285,0,9.090909004211426,0,0,21.241552352905273,25769803776,2147483648,15904440320,790495232
206,1790449558876,4,4,4,4,4,4,4,4,4,4,80.66537475585938,77.98773956298828,77.26416778564453,78.9904556274414,70.48468017578125,80.71317291259766,82.5625,61.904762268066406,33.333335876464844,19.047618865966797,9.523809432983398,5,5,0,9.523809432983398,0,0,21.241552352905273,25769803776,2147483648,15904440320,790495232
209,1790449559083,4,4,4,4,4,4,4,4,4,4,80.66537475585938,77.98773956298828,77.26416778564453,78.9904556274414,70.48468017578125,80.71317291259766,82.5625,47.619049072265625,35,20,23.809524536132813,14.285715103149414,19.047618865966797,0,5,0,0,21.241552352905273,25769803776,2147483648,15904440320,790495232
203,1790449559293,4,4,4,4,4,4,4,4,4,4,78.93407440185547,77.38284301757813,76.76068878173828,77.86376953125,69.93184661865234,79.33248138427734,82.09375,55,47.619049072265625,9.523809432983398,0,4.761904716491699,9.090909004211426,0,9.523809432983398,4.545454502105713,0,21.241552352905273,25769803776,2147483648,15905472512,790495232
209,1790449559496,4,4,4,4,4,4,4,4,4,4,78.93407440185547,77.38284301757813,76.76068878173828,77.86376953125,69.93184661865234,79.33248138427734,82.09375,76.19047546386719,28.571430206298828,14.285715103149414,5,5,5,4.761904716491699,4.761904716491699,0,0,21.241552352905273,25769803776,2147483648,15905767424,790495232
209,1790449559706,4,4,4,4,4,4,4,4,4,4,78.93407440185547,77.38284301757813,76.76068878173828,77.86376953125,69.93184661865234,79.33248138427734,82.09375,38.095237731933594,60.000003814697266,20,18.18181800842285,22.72727394104004,10,4.545454502105713,0,0,0,17.120615005493164,25769803776,2147483648,15905980416,790495232
209,1790449559916,4,4,4,4,4,4,4,4,4,4,78.93407440185547,77.38284301757813,76.76068878173828,77.86376953125,69.93184661865234,79.33248138427734,82.09375,55,40.90909194946289,13.636363983154297,4.761904716491699,4.761904716491699,9.523809432983398,5,4.545454502105713,0,0,17.120615005493164,25769803776,2147483648,15906291712,790495232
208,1790449560126,4,4,4,4,4,4,4,4,4,4,78.93407440185547,77.38284301757813,76.76068878173828,77.86376953125,69.93184661865234,79.33248138427734,82.09375,45.45454788208008,28.571430206298828,33.333335876464844,14.285715103149414,28.571430206298828,22.72727394104004,4.545454502105713,9.523809432983398,0,0,17.120615005493164,25769803776,2147483648,15906291712,790495232
209,1790449560335,4,4,4,4,4,4,4,4,4,4,78.67729949951172,76.97962188720703,76.32351684570313,77.55976867675781,69.22447204589844,78.99795532226563,81.15625,55,40,9.523809432983398,4.761904716491699,0,0,0,5,0,0,17.120615005493164,25769803776,2147483648,15915515904,790495232
209,1790449560545,4,4,4,4,4,4,4,4,4,4,78.67729949951172,76.97962188720703,76.32351684570313,77.55976867675781,69.22447204589844,78.99795532226563,81.15625,54.54545593261719,28.571430206298828,23.809524536132813,9.523809432983398,19.047618865966797,19.047618865966797,0,9.523809432983398,4.761904716491699,0,17.120615005493164,25769803776,2147483648,15913009152,790495232
209,1790449560755,4,4,4,4,4,4,4,4,4,4,78.67729949951172,76.97962188720703,76.32351684570313,77.55976867675781,69.22447204589844,78.99795532226563,81.15625,40,54.54545593261719,14.285715103149414,9.523809432983398,27.272727966308594,4.761904716491699,0,9.523809432983398,0,0,16.548240661621094,25769803776,2147483648,15913009152,790495232
209,1790449560965,4,4,4,4,4,4,4,4,4,4,78.67729949951172,76.97962188720703,76.32351684570313,77.55976867675781,69.22447204589844,78.99795532226563,81.15625,54.54545593261719,45,10,9.523809432983398,4.761904716491699,9.090909004211426,0,9.090909004211426,4.545454502105713,0,16.548240661621094,25769803776,2147483648,15913009152,790495232
204,1790449561175,4,4,4,4,4,4,4,4,4,4,78.84285736083984,77.01301574707031,76.47470092773438,77.67951202392578,69.52458953857422,79.20114135742188,81.03125,52.38095474243164,47.619049072265625,15.000000953674316,10,10,10,4.545454502105713,5,0,0,16.548240661621094,25769803776,2147483648,15913009152,790495232
202,1790449561379,4,4,4,4,4,4,4,4,4,4,78.84285736083984,77.01301574707031,76.47470092773438,77.67951202392578,69.52458953857422,79.20114135742188,81.03125,60.000003814697266,40,22.72727394104004,9.523809432983398,4.761904716491699,9.523809432983398,0,10,0,0,16.548240661621094,25769803776,2147483648,15904161792,790495232
203,1790449561582,4,4,4,4,4,4,4,4,4,4,78.84285736083984,77.01301574707031,76.47470092773438,77.67951202392578,69.52458953857422,79.20114135742188,81.03125,35,47.619049072265625,20,14.285715103149414,20,21.052631378173828,0,13.636363983154297,0,0,16.548240661621094,25769803776,2147483648,15899459584,790495232
209,1790449561786,4,4,4,4,4,4,4,4,4,4,78.84285736083984,77.01301574707031,76.47470092773438,77.67951202392578,69.52458953857422,79.20114135742188,81.03125,52.6315803527832,50,5,0,4.761904716491699,4.761904716491699,4.761904716491699,5.263157844543457,0,0,17.63186264038086,25769803776,2147483648,15904374784,790495232
209,1790449561996,4,4,4,4,4,4,4,4,4,4,78.84285736083984,77.01301574707031,76.47470092773438,77.67951202392578,69.52458953857422,79.20114135742188,81.03125,52.38095474243164,38.095237731933594,25,9.523809432983398,5,4.761904716491699,0,9.090909004211426,0,0,17.63186264038086,25769803776,2147483648,15902605312,790495232
209,1790449562206,4,4,4,4,4,4,4,4,4,4,78.94607543945313,77.18985748291016,76.48088073730469,77.81462097167969,69.51216888427734,79.44884490966797,81.03125,54.54545593261719,25,38.095237731933594,14.285715103149414,14.285715103149414,19.047618865966797,0,5,0,0,17.63186264038086,25769803776,2147483648,15906521088,790495232
203,1790449562416,4,4,4,4,4,4,4,4,4,4,78.94607543945313,77.18985748291016,76.48088073730469,77.81462097167969,69.51216888427734,79.44884490966797,81.03125,61.904762268066406,36.3636360168457,13.636363983154297,4.761904716491699,4.761904716491699,0,0,9.523809432983398,4.545454502105713,0,17.63186264038086,25769803776,2147483648,15907110912,790495232
209,1790449562620,4,4,4,4,4,4,4,4,4,4,78.94607543945313,77.18985748291016,76.48088073730469,77.81462097167969,69.51216888427734,79.44884490966797,81.03125,30.000001907348633,40,30.000001907348633,28.571430206298828,15.000000953674316,14.285715103149414,0,0,0,0,17.63186264038086,25769803776,2147483648,15899639808,790495232
200,1790449562830,4,4,4,4,4,4,4,4,4,4,78.94607543945313,77.18985748291016,76.48088073730469,77.81462097167969,69.51216888427734,79.44884490966797,81.03125,52.38095474243164,52.38095474243164,13.636363983154297,4.761904716491699,9.090909004211426,0,0,13.636363983154297,4.545454502105713,0,17.84290313720703,25769803776,2147483648,15899803648,790495232
209,1790449563030,4,4,4,4,4,4,4,4,4,4,78.94607543945313,77.18985748291016,76.48088073730469,77.81462097167969,69.51216888427734,79.44884490966797,81.03125,55,35,15.000000953674316,15.000000953674316,10,10,0,5,0,0,17.84290313720703,25769803776,2147483648,15899803648,790495232
203,1790449563240,4,4,4,4,4,4,4,4,4,4,79.01034545898438,77.26871490478516,76.60626983642578,77.93028259277344,69.72660064697266,79.52688598632813,81.15625,40.90909194946289,52.38095474243164,14.285715103149414,33.333335876464844,9.523809432983398,14.285715103149414,9.090909004211426,9.523809432983398,0,0,17.84290313720703,25769803776,2147483648,15899803648,790495232
209,1790449563444,4,4,4,4,4,4,4,4,4,4,79.01034545898438,77.26871490478516,76.60626983642578,77.93028259277344,69.72660064697266,79.52688598632813,81.15625,63.15789031982422,35,10.526315689086914,0,0,4.761904716491699,0,5,0,0,17.84290313720703,25769803776,2147483648,15901032448,790495232
209,1790449563654,4,4,4,4,4,4,4,4,4,4,79.01034545898438,77.26871490478516,76.60626983642578,77.93028259277344,69.72660064697266,79.52688598632813,81.15625,61.904762268066406,38.095237731933594,18.18181800842285,23.809524536132813,14.285715103149414,9.523809432983398,0,9.523809432983398,0,0,17.82318115234375,25769803776,2147483648,15901196288,790495232
209,1790449563864,4,4,4,4,4,4,4,4,4,4,79.01034545898438,77.26871490478516,76.60626983642578,77.93028259277344,69.72660064697266,79.52688598632813,81.15625,57.142860412597656,38.095237731933594,10,4.761904716491699,4.545454502105713,4.761904716491699,0,5,0,0,17.82318115234375,25769803776,2147483648,15907176448,790495232
209,1790449564074,4,4,4,4,4,4,4,4,4,4,79.01034545898438,77.26871490478516,76.60626983642578,77.93028259277344,69.72660064697266,79.52688598632813,81.15625,59.09090805053711,40.90909194946289,22.72727394104004,14.285715103149414,20,15.000000953674316,4.545454502105713,13.636363983154297,0,0,17.82318115234375,25769803776,2147483648,15902949376,790495232
204,1790449564284,4,4,4,4,4,4,4,4,4,4,79.05734252929688,77.34168243408203,76.60079956054688,78.02462768554688,69.69691467285156,79.5532455444336,81.265625,45,55,5,9.090909004211426,4.761904716491699,9.090909004211426,0,9.523809432983398,0,0,17.82318115234375,25769803776,2147483648,15907586048,790495232
209,1790449564489,4,4,4,4,4,4,4,4,4,4,79.05734252929688,77.34168243408203,76.60079956054688,78.02462768554688,69.69691467285156,79.5532455444336,81.265625,55,45,14.285715103149414,5.263157844543457,5,5,0,5,4.545454502105713,0,17.82318115234375,25769803776,2147483648,15905619968,790495232
209,1790449564699,4,4,4,4,4,4,4,4,4,4,79.05734252929688,77.34168243408203,76.60079956054688,78.02462768554688,69.69691467285156,79.5532455444336,81.265625,33.333335876464844,45.45454788208008,28.571430206298828,22.72727394104004,14.285715103149414,9.090909004211426,0,9.523809432983398,0,0,17.77556800842285,25769803776,2147483648,15907684352,790495232
209,1790449564909,4,4,4,4,4,4,4,4,4,4,79.05734252929688,77.34168243408203,76.60079956054688,78.02462768554688,69.69691467285156,79.5532455444336,81.265625,59.09090805053711,40,19.047618865966797,5,4.761904716491699,5,13.636363983154297,0,0,0,17.77556800842285,25769803776,2147483648,15908192256,790495232
209,1790449565119,4,4,4,4,4,4,4,4,4,4,79.05734252929688,77.34168243408203,76.60079956054688,78.02462768554688,69.69691467285156,79.5532455444336,81.265625,40,27.272727966308594,14.285715103149414,14.285715103149414,23.809524536132813,38.095237731933594,0,0,0,8.69565200805664,17.77556800842285,25769803776,2147483648,15905226752,790495232
209,1790449565329,4,4,4,4,4,4,4,4,4,4,79.14363861083984,77.48279571533203,76.59095001220703,78.1298599243164,69.67610168457031,79.6313247680664,81.5,57.142860412597656,45,9.523809432983398,4.761904716491699,4.761904716491699,4.761904716491699,9.090909004211426,0,4.545454502105713,0,17.77556800842285,25769803776,2147483648,15903195136,790495232
209,1790449565539,4,4,4,4,4,4,4,4,4,4,79.14363861083984,77.48279571533203,76.59095001220703,78.1298599243164,69.67610168457031,79.6313247680664,81.5,57.142860412597656,28.571430206298828,14.285715103149414,18.18181800842285,18.18181800842285,4.761904716491699,4.761904716491699,4.761904716491699,0,0,17.77556800842285,25769803776,2147483648,15907110912,790495232
209,1790449565749,4,4,4,4,4,4,4,4,4,4,79.14363861083984,77.48279571533203,76.59095001220703,78.1298599243164,69.67610168457031,79.6313247680664,81.5,47.619049072265625,42.85714340209961,35,10,10,10,5,4.545454502105713,0,0,17.75983238220215,25769803776,2147483648,15909109760,790495232
205,1790449565959,4,4,4,4,4,4,4,4,4,4,79.14363861083984,77.48279571533203,76.59095001220703,78.1298599243164,69.67610168457031,79.6313247680664,81.5,54.54545593261719,47.619049072265625,18.18181800842285,4.545454502105713,4.545454502105713,4.545454502105713,4.545454502105713,5,4.545454502105713,0,17.75983238220215,25769803776,2147483648,15909060608,790495232
206,1790449566165,4,4,4,4,4,4,4,4,4,4,79.25721740722656,77.58865356445313,76.58475494384766,78.17993927001953,69.67750549316406,79.7123031616211,81.5,31.57894515991211,45,15.000000953674316,26.3157901763916,14.285715103149414,30.000001907348633,0,9.523809432983398,0,0,17.75983238220215,25769803776,2147483648,15909060608,790495232
200,1790449566371,4,4,4,4,4,4,4,4,4,4,79.25721740722656,77.58865356445313,76.58475494384766,78.17993927001953,69.67750549316406,79.7123031616211,81.5,57.142860412597656,42.85714340209961,5,4.761904716491699,0,0,0,5,0,0,17.75983238220215,25769803776,2147483648,15909060608,790495232
209,1790449566571,4,4,4,4,4,4,4,4,4,4,79.25721740722656,77.58865356445313,76.58475494384766,78.17993927001953,69.67750549316406,79.7123031616211,81.5,50,40,25,10,5.263157844543457,9.523809432983398,0,10,0,0,17.75983238220215,25769803776,2147483648,15903621120,790495232
209,1790449566782,4,4,4,4,4,4,4,4,4,4,79.25721740722656,77.58865356445313,76.58475494384766,78.17993927001953,69.67750549316406,79.7123031616211,81.5,45,38.095237731933594,14.285715103149414,31.81818199157715,9.523809432983398,19.047618865966797,4.545454502105713,9.090909004211426,0,0,17.787372589111328,25769803776,2147483648,15909666816,790495232
209,1790449566992,4,4,4,4,4,4,4,4,4,4,79.25721740722656,77.58865356445313,76.58475494384766,78.17993927001953,69.67750549316406,79.7123031616211,81.5,54.54545593261719,42.85714340209961,19.047618865966797,4.761904716491699,4.761904716491699,9.090909004211426,4.761904716491699,5,4.545454502105713,0,17.787372589111328,25769803776,2147483648,15907258368,790495232
209,1790449567202,4,4,4,4,4,4,4,4,4,4,79.34837341308594,77.54217529296875,76.74832153320313,78.25092315673828,69.95906066894531,79.77516174316406,81.5,52.38095474243164,52.38095474243164,27.272727966308594,9.523809432983398,9.523809432983398,10,0,13.636363983154297,0,0,17.787372589111328,25769803776,2147483648,15904276480,790495232
209,1790449567412,4,4,4,4,4,4,4,4,4,4,79.34837341308594,77.54217529296875,76.74832153320313,78.25092315673828,69.95906066894531,79.77516174316406,81.5,57.142860412597656,38.095237731933594,5,0,4.761904716491699,0,0,4.761904716491699,4.545454502105713,0,17.787372589111328,25769803776,2147483648,15904276480,790495232
209,1790449567622,4,4,4,4,4,4,4,4,4,4,79.34837341308594,77.54217529296875,76.74832153320313,78.25092315673828,69.95906066894531,79.77516174316406,81.5,40,40,27.272727966308594,19.047618865966797,23.809524536132813,33.333335876464844,0,9.523809432983398,0,0,17.787372589111328,25769803776,2147483648,15906078720,790495232
204,1790449567832,4,4,4,4,4,4,4,4,4,4,79.34837341308594,77.54217529296875,76.74832153320313,78.25092315673828,69.95906066894531,79.77516174316406,81.5,54.54545593261719,36.3636360168457,10,4.545454502105713,18.18181800842285,4.761904716491699,0,5,0,0,17.81328582763672,25769803776,2147483648,15906078720,790495232
209,1790449568036,4,4,4,4,4,4,4,4,4,4,79.34837341308594,77.54217529296875,76.74832153320313,78.25092315673828,69.95906066894531,79.77516174316406,81.5,45,31.57894515991211,23.809524536132813,15.789472579956055,10,5,4.761904716491699,0,0,0,17.81328582763672,25769803776,2147483648,15906078720,790495232
209,1790449568246,4,4,4,4,4,4,4,4,4,4,79.46368408203125,77.70578002929688,76.78942108154297,78.3343734741211,70.00430297851563,79.83257293701172,81.5,61.904762268066406,31.81818199157715,14.285715103149414,19.047618865966797,20,9.523809432983398,5,4.545454502105713,0,0,17.81328582763672,25769803776,2147483648,15906078720,790495232
209,1790449568456,4,4,4,4,4,4,4,4,4,4,79.46368408203125,77.70578002929688,76.78942108154297,78.3343734741211,70.00430297851563,79.83257293701172,81.5,55,38.095237731933594,15.000000953674316,9.090909004211426,4.545454502105713,4.761904716491699,4.545454502105713,5,0,0,17.81328582763672,25769803776,2147483648,15906078720,790495232
209,1790449568666,4,4,4,4,4,4,4,4,4,4,79.46368408203125,77.70578002929688,76.78942108154297,78.3343734741211,70.00430297851563,79.83257293701172,81.5,31.81818199157715,54.54545593261719,14.285715103149414,14.285715103149414,23.809524536132813,28.571430206298828,4.761904716491699,13.043478012084961,4.545454502105713,0,17.87841033935547,25769803776,2147483648,15907651584,790495232
209,1790449568876,4,4,4,4,4,4,4,4,4,4,79.46368408203125,77.70578002929688,76.78942108154297,78.3343734741211,70.00430297851563,79.83257293701172,81.5,65,40,31.81818199157715,4.761904716491699,4.761904716491699,4.545454502105713,0,5,4.545454502105713,0,17.87841033935547,25769803776,2147483648,15904112640,790495232
209,1790449569086,4,4,4,4,4,4,4,4,4,4,79.46368408203125,77.70578002929688,76.78942108154297,78.3343734741211,70.00430297851563,79.83257293701172,81.5,47.619049072265625,30.000001907348633,28.571430206298828,19.047618865966797,10,10,0,9.523809432983398,0,0,17.87841033935547,25769803776,2147483648,15903326208,790495232
209,1790449569296,4,4,4,4,4,4,4,4,4,4,79.55304718017578,77.69049072265625,76.81145477294922,78.40446472167969,70.05281066894531,79.88089752197266,81.734375,42.85714340209961,68.18181610107422,15.000000953674316,9.523809432983398,9.523809432983398,13.636363983154297,4.545454502105713,5,0,0,17.87841033935547,25769803776,2147483648,15900131328,790495232
209,1790449569506,4,4,4,4,4,4,4,4,4,4,79.55304718017578,77.69049072265625,76.81145477294922,78.40446472167969,70.05281066894531,79.88089752197266,81.734375,54.54545593261719,40,13.636363983154297,4.761904716491699,4.545454502105713,0,0,13.636363983154297,0,0,17.87841033935547,25769803776,2147483648,15900131328,790495232
209,1790449569716,4,4,4,4,4,4,4,4,4,4,79.55304718017578,77.69049072265625,76.81145477294922,78.40446472167969,70.05281066894531,79.88089752197266,81.734375,25,45,20,30.000001907348633,15.000000953674316,22.72727394104004,0,9.523809432983398,0,0,17.790164947509766,25769803776,2147483648,15900049408,790495232
209,1790449569926,4,4,4,4,4,4,4,4,4,4,79.55304718017578,77.69049072265625,76.81145477294922,78.40446472167969,70.05281066894531,79.88089752197266,81.734375,54.54545593261719,45.45454788208008,9.523809432983398,9.090909004211426,4.761904716491699,4.761904716491699,4.545454502105713,5,0,0,17.790164947509766,25769803776,2147483648,15905898496,790495232
202,1790449570136,4,4,4,4,4,4,4,4,4,4,79.55304718017578,77.69049072265625,76.81145477294922,78.40446472167969,70.05281066894531,79.88089752197266,81.734375,35,50,19.047618865966797,20,23.809524536132813,20,0,9.090909004211426,4.545454502105713,0,17.790164947509766,25769803776,2147483648,15905898496,790495232
209,1790449570339,4,4,4,4,4,4,4,4,4,4,79.65743255615234,77.72258758544922,76.96846008300781,78.48278045654297,70.19589233398438,79.94916534423828,81.734375,42.85714340209961,65,14.285715103149414,5,9.090909004211426,4.761904716491699,0,10,0,0,17.790164947509766,25769803776,2147483648,15905898496,790495232
209,1790449570549,4,4,4,4,4,4,4,4,4,4,79.65743255615234,77.72258758544922,76.96846008300781,78.48278045654297,70.19589233398438,79.94916534423828,81.734375,55,45,14.285715103149414,9.090909004211426,0,5,0,9.523809432983398,0,0,17.790164947509766,25769803776,2147483648,15905898496,790495232
201,1790449570759,4,4,4,4,4,4,4,4,4,4,79.65743255615234,77.72258758544922,76.96846008300781,78.48278045654297,70.19589233398438,79.94916534423828,81.734375,38.095237731933594,52.38095474243164,35,10,9.523809432983398,22.72727394104004,0,9.523809432983398,0,0,17.864992141723633,25769803776,2147483648,15824437248,790495232
209,1790449570961,4,4,4,4,4,4,4,4,4,4,79.65743255615234,77.72258758544922,76.96846008300781,78.48278045654297,70.19589233398438,79.94916534423828,81.734375,57.894737243652344,40,14.285715103149414,4.761904716491699,5,0,0,0,4.761904716491699,0,17.864992141723633,25769803776,2147483648,15830220800,790495232
209,1790449571171,4,4,4,4,4,4,4,4,4,4,79.73772430419922,77.80699157714844,76.92778015136719,78.53306579589844,70.06251525878906,80.01493835449219,81.734375,65.21739196777344,33.333335876464844,20,25,14.285715103149414,22.72727394104004,9.523809432983398,4.545454502105713,0,0,17.864992141723633,25769803776,2147483648,15825895424,790495232
209,1790449571381,4,4,4,4,4,4,4,4,4,4,79.73772430419922,77.80699157714844,76.92778015136719,78.53306579589844,70.06251525878906,80.01493835449219,81.734375,65,42.85714340209961,9.523809432983398,4.545454502105713,4.761904716491699,0,4.545454502105713,9.523809432983398,0,4.545454502105713,17.864992141723633,25769803776,2147483648,15831203840,790495232
209,1790449571591,4,4,4,4,4,4,4,4,4,4,79.73772430419922,77.80699157714844,76.92778015136719,78.53306579589844,70.06251525878906,80.01493835449219,81.734375,52.38095474243164,36.3636360168457,9.523809432983398,9.523809432983398,14.285715103149414,4.761904716491699,0,5,0,4.545454502105713,17.864992141723633,25769803776,2147483648,15830892544,790495232
204,1790449571801,4,4,4,4,4,4,4,4,4,4,79.73772430419922,77.80699157714844,76.92778015136719,78.53306579589844,70.06251525878906,80.01493835449219,81.734375,45,55,19.047618865966797,5,9.523809432983398,19.047618865966797,4.545454502105713,9.523809432983398,4.545454502105713,0,17.771047592163086,25769803776,2147483648,15831564288,790495232
209,1790449572006,4,4,4,4,4,4,4,4,4,4,79.73772430419922,77.80699157714844,76.92778015136719,78.53306579589844,70.06251525878906,80.01493835449219,81.734375,50,52.38095474243164,20,13.636363983154297,5,9.523809432983398,0,14.285715103149414,0,0,17.771047592163086,25769803776,2147483648,15832416256,790495232
209,1790449572216,4,4,4,4,4,4,4,4,4,4,79.81436920166016,77.79241943359375,77.10812377929688,78.57986450195313,70.27236938476563,80.0821304321289,81.96875,50,23.809524536132813,22.72727394104004,28.571430206298828,9.523809432983398,19.047618865966797,0,4.761904716491699,0,0,17.771047592163086,25769803776,2147483648,15827632128,790495232
209,1790449572426,4,4,4,4,4,4,4,4,4,4,79.81436920166016,77.79241943359375,77.10812377929688,78.57986450195313,70.27236938476563,80.0821304321289,81.96875,50,50,9.523809432983398,5,4.761904716491699,0,4.545454502105713,9.523809432983398,0,0,17.771047592163086,25769803776,2147483648,15827632128,790495232
209,1790449572636,4,4,4,4,4,4,4,4,4,4,79.81436920166016,77.79241943359375,77.10812377929688,78.57986450195313,70.27236938476563,80.0821304321289,81.96875,54.54545593261719,38.095237731933594,19.047618865966797,19.047618865966797,4.761904716491699,9.090909004211426,0,13.636363983154297,0,0,17.771047592163086,25769803776,2147483648,15827632128,790495232
209,1790449572846,4,4,4,4,4,4,4,4,4,4,79.81436920166016,77.79241943359375,77.10812377929688,78.57986450195313,70.27236938476563,80.0821304321289,81.96875,57.142860412597656,31.81818199157715,35,10,10,10,0,5,4.545454502105713,0,17.71553611755371,25769803776,2147483648,15833546752,790495232
209,1790449573056,4,4,4,4,4,4,4,4,4,4,79.81436920166016,77.79241943359375,77.10812377929688,78.57986450195313,70.27236938476563,80.0821304321289,81.96875,47.619049072265625,52.6315803527832,13.636363983154297,4.545454502105713,8.69565200805664,9.090909004211426,4.545454502105713,9.523809432983398,0,0,17.71553611755371,25769803776,2147483648,15833890816,790495232
209,1790449573266,4,4,4,4,4,4,4,4,4,4,79.86421203613281,77.82720947265625,77.1365737915039,78.59521484375,70.2617416381836,80.11095428466797,81.96875,52.38095474243164,33.333335876464844,33.333335876464844,38.095237731933594,28.571430206298828,18.18181800842285,0,23.809524536132813,4.761904716491699,0,17.71553611755371,25769803776,2147483648,15869345792,790495232
209,1790449573476,4,4,4,4,4,4,4,4,4,4,79.86421203613281,77.82720947265625,77.1365737915039,78.59521484375,70.2617416381836,80.11095428466797,81.96875,66.66667175292969,40.90909194946289,15.000000953674316,4.761904716491699,4.761904716491699,0,0,5,0,0,17.71553611755371,25769803776,2147483648,15869345792,790495232
209,1790449573686,4,4,4,4,4,4,4,4,4,4,79.86421203613281,77.82720947265625,77.1365737915039,78.59521484375,70.2617416381836,80.11095428466797,81.96875,52.38095474243164,47.619049072265625,23.809524536132813,19.047618865966797,5,5,4.545454502105713,0,0,0,17.76142692565918,25769803776,2147483648,15869345792,790495232
209,1790449573896,4,4,4,4,4,4,4,4,4,4,79.86421203613281,77.82720947265625,77.1365737915039,78.59521484375,70.2617416381836,80.11095428466797,81.96875,45,57.142860412597656,36.3636360168457,14.285715103149414,10,22.72727394104004,0,9.090909004211426,0,0,17.76142692565918,25769803776,2147483648,15877980160,790495232
204,1790449574106,4,4,4,4,4,4,4,4,4,4,79.86421203613281,77.82720947265625,77.1365737915039,78.59521484375,70.2617416381836,80.11095428466797,81.96875,59.09090805053711,40,25,9.523809432983398,4.761904716491699,4.761904716491699,0,5,4.545454502105713,0,17.76142692565918,25769803776,2147483648,15876505600,790495232
202,1790449574310,4,4,4,4,4,4,4,4,4,4,79.20893859863281,77.77835083007813,77.10125732421875,78.08802795410156,70.30815124511719,79.59606170654297,81.96875,25,57.142860412597656,25,30.000001907348633,14.285715103149414,10,0,9.523809432983398,0,0,17.76142692565918,25769803776,2147483648,15876505600,790495232
202,1790449574513,4,4,4,4,4,4,4,4,4,4,79.20893859863281,77.77835083007813,77.10125732421875,78.08802795410156,70.30815124511719,79.59606170654297,81.96875,52.38095474243164,50,14.285715103149414,5,0,4.761904716491699,5,5,0,0,17.76142692565918,25769803776,2147483648,15876505600,790495232
209,1790449574716,4,4,4,4,4,4,4,4,4,4,79.20893859863281,77.77835083007813,77.10125732421875,78.08802795410156,70.30815124511719,79.59606170654297,81.96875,47.36842346191406,60.000003814697266,15.000000953674316,4.761904716491699,9.523809432983398,0,4.761904716491699,9.523809432983398,0,0,16.838172912597656,25769803776,2147483648,15876505600,790495232
203,1790449574926,4,4,4,4,4,4,4,4,4,4,79.20893859863281,77.77835083007813,77.10125732421875,78.08802795410156,70.30815124511719,79.59606170654297,81.96875,52.38095474243164,36.3636360168457,28.571430206298828,10,5,13.636363983154297,0,5,0,0,16.838172912597656,25769803776,2147483648,15877095424,790495232
202,1790449575129,4,4,4,4,4,4,4,4,4,4,79.20893859863281,77.77835083007813,77.10125732421875,78.08802795410156,70.30815124511719,79.59606170654297,81.96875,57.142860412597656,45,20,9.523809432983398,9.523809432983398,5,9.523809432983398,4.761904716491699,0,0,16.838172912597656,25769803776,2147483648,15876833280,790495232
202,1790449575332,4,4,4,4,4,4,4,4,4,4,79.87044525146484,77.9115219116211,77.15209197998047,78.5279312133789,70.3553466796875,80.11752319335938,82.203125,55,40,20,25,14.285715103149414,14.285715103149414,0,9.523809432983398,0,0,16.838172912597656,25769803776,2147483648,15876833280,790495232
209,1790449575535,4,4,4,4,4,4,4,4,4,4,79.87044525146484,77.9115219116211,77.15209197998047,78.5279312133789,70.3553466796875,80.11752319335938,82.203125,40,50,14.285715103149414,14.285715103149414,0,0,0,10,0,0,16.838172912597656,25769803776,2147483648,15876833280,790495232
209,1790449575745,4,4,4,4,4,4,4,4,4,4,79.87044525146484,77.9115219116211,77.15209197998047,78.5279312133789,70.3553466796875,80.11752319335938,82.203125,52.38095474243164,38.095237731933594,19.047618865966797,5,4.761904716491699,18.18181800842285,0,5,0,0,16.864398956298828,25769803776,2147483648,15876833280,790495232
201,1790449575955,4,4,4,4,4,4,4,4,4,4,79.87044525146484,77.9115219116211,77.15209197998047,78.5279312133789,70.3553466796875,80.11752319335938,82.203125,42.85714340209961,28.571430206298828,19.047618865966797,18.18181800842285,28.571430206298828,19.047618865966797,0,9.090909004211426,8.69565200805664,0,16.864398956298828,25769803776,2147483648,15853256704,790495232
209,1790449576157,4,4,4,4,4,4,4,4,4,4,80.82023620605469,78.37194061279297,77.82559967041016,79.11274719238281,71.0468521118164,80.92569732666016,82.671875,55,45,21.052631378173828,5,5,5,0,10,0,0,16.864398956298828,25769803776,2147483648,15851552768,790495232
209,1790449576366,4,4,4,4,4,4,4,4,4,4,80.82023620605469,78.37194061279297,77.82559967041016,79.11274719238281,71.0468521118164,80.92569732666016,82.671875,60.000003814697266,28.571430206298828,19.047618865966797,10,19.047618865966797,15.000000953674316,0,4.761904716491699,0,0,16.864398956298828,25769803776,2147483648,15848931328,790495232
209,1790449576576,4,4,4,4,4,4,4,4,4,4,80.82023620605469,78.37194061279297,77.82559967041016,79.11274719238281,71.0468521118164,80.92569732666016,82.671875,57.142860412597656,42.85714340209961,14.285715103149414,4.761904716491699,0,4.761904716491699,0,4.761904716491699,0,0,16.864398956298828,25769803776,2147483648,15853895680,790495232
204,1790449576786,4,4,4,4,4,4,4,4,4,4,80.82023620605469,78.37194061279297,77.82559967041016,79.11274719238281,71.0468521118164,80.92569732666016,82.671875,50,47.619049072265625,23.809524536132813,4.761904716491699,9.090909004211426,4.761904716491699,4.761904716491699,4.761904716491699,0,0,19.674222946166992,25769803776,2147483648,15853895680,790495232
209,1790449576990,4,4,4,4,4,4,4,4,4,4,80.82023620605469,78.37194061279297,77.82559967041016,79.11274719238281,71.0468521118164,80.92569732666016,82.671875,40,47.619049072265625,35,15.000000953674316,15.000000953674316,10,4.545454502105713,10,0,0,19.674222946166992,25769803776,2147483648,15852339200,790495232
203,1790449577200,4,4,4,4,4,4,4,4,4,4,80.42488861083984,78.42932891845703,77.92183685302734,78.99547576904297,71.12162780761719,80.58331298828125,82.4375,52.38095474243164,42.85714340209961,14.285715103149414,4.545454502105713,4.545454502105713,9.090909004211426,0,4.761904716491699,0,0,19.674222946166992,25769803776,2147483648,15852404736,790495232
202,1790449577403,4,4,4,4,4,4,4,4,4,4,80.42488861083984,78.42932891845703,77.92183685302734,78.99547576904297,71.12162780761719,80.58331298828125,82.4375,40,36.842105865478516,33.333335876464844,15.000000953674316,21.052631378173828,15.000000953674316,0,10,0,0,19.674222946166992,25769803776,2147483648,15852404736,790495232
201,1790449577606,4,4,4,4,4,4,4,4,4,4,80.42488861083984,78.42932891845703,77.92183685302734,78.99547576904297,71.12162780761719,80.58331298828125,82.4375,50,47.619049072265625,10,4.761904716491699,4.761904716491699,5,0,5,4.761904716491699,0,19.674222946166992,25769803776,2147483648,15852404736,790495232
202,1790449577808,4,4,4,4,4,4,4,4,4,4,80.42488861083984,78.42932891845703,77.92183685302734,78.99547576904297,71.12162780761719,80.58331298828125,82.4375,60.000003814697266,35,23.809524536132813,10.526315689086914,5,9.523809432983398,0,9.523809432983398,0,0,18.122303009033203,25769803776,2147483648,15852404736,790495232
209,1790449578011,4,4,4,4,4,4,4,4,4,4,80.42488861083984,78.42932891845703,77.92183685302734,78.99547576904297,71.12162780761719,80.58331298828125,82.4375,47.619049072265625,50,15.789472579956055,14.285715103149414,15.000000953674316,20,4.761904716491699,5.263157844543457,0,0,18.122303009033203,25769803776,2147483648,15853600768,790495232
209,1790449578221,4,4,4,4,4,4,4,4,4,4,80.068115234375,78.19496154785156,77.59174346923828,78.6928482055664,70.73365020751953,80.3082504272461,82.5625,47.619049072265625,47.619049072265625,18.18181800842285,4.761904716491699,0,4.761904716491699,0,9.090909004211426,0,0,18.122303009033203,25769803776,2147483648,15853715456,790495232
209,1790449578431,4,4,4,4,4,4,4,4,4,4,80.068115234375,78.19496154785156,77.59174346923828,78.6928482055664,70.73365020751953,80.3082504272461,82.5625,23.809524536132813,55,19.047618865966797,14.285715103149414,23.809524536132813,23.809524536132813,0,5,0,0,18.122303009033203,25769803776,2147483648,15848095744,790495232
209,1790449578641,4,4,4,4,4,4,4,4,4,4,80.068115234375,78.19496154785156,77.59174346923828,78.6928482055664,70.73365020751953,80.3082504272461,82.5625,50,50,10,0,0,4.761904716491699,4.761904716491699,9.523809432983398,0,0,18.122303009033203,25769803776,2147483648,15854239744,790495232
209,1790449578851,4,4,4,4,4,4,4,4,4,4,80.068115234375,78.19496154785156,77.59174346923828,78.6928482055664,70.73365020751953,80.3082504272461,82.5625,38.095237731933594,45,14.285715103149414,13.636363983154297,19.047618865966797,0,0,9.090909004211426,4.545454502105713,0,17.26262855529785,25769803776,2147483648,15853158400,790495232
206,1790449579061,4,4,4,4,4,4,4,4,4,4,80.068115234375,78.19496154785156,77.59174346923828,78.6928482055664,70.73365020751953,80.3082504272461,82.5625,61.904762268066406,50,22.72727394104004,14.285715103149414,17.39130401611328,14.285715103149414,0,9.523809432983398,0,0,17.26262855529785,25769803776,2147483648,15822749696,790495232
209,1790449579268,4,4,4,4,4,4,4,4,4,4,80.19190216064453,78.1722640991211,77.63146209716797,78.75679016113281,70.84815216064453,80.40652465820313,82.203125,50,55,25,5,5.263157844543457,9.090909004211426,0,4.761904716491699,0,0,17.26262855529785,25769803776,2147483648,15817637888,790495232
201,1790449579478,4,4,4,4,4,4,4,4,4,4,80.19190216064453,78.1722640991211,77.63146209716797,78.75679016113281,70.84815216064453,80.40652465820313,82.203125,27.272727966308594,52.38095474243164,38.095237731933594,13.636363983154297,22.72727394104004,5.263157844543457,0,4.761904716491699,4.545454502105713,0,17.26262855529785,25769803776,2147483648,15808495616,790495232
209,1790449579679,4,4,4,4,4,4,4,4,4,4,80.19190216064453,78.1722640991211,77.63146209716797,78.75679016113281,70.84815216064453,80.40652465820313,82.203125,65,35,10,0,0,9.090909004211426,0,10,0,0,17.395721435546875,25769803776,2147483648,15814475776,790495232
209,1790449579889,4,4,4,4,4,4,4,4,4,4,80.19190216064453,78.1722640991211,77.63146209716797,78.75679016113281,70.84815216064453,80.40652465820313,82.203125,42.85714340209961,42.85714340209961,14.285715103149414,9.523809432983398,18.18181800842285,10,4.545454502105713,5,0,0,17.395721435546875,25769803776,2147483648,15811706880,790495232
209,1790449580099,4,4,4,4,4,4,4,4,4,4,80.19190216064453,78.1722640991211,77.63146209716797,78.75679016113281,70.84815216064453,80.40652465820313,82.203125,42.85714340209961,66.66667175292969,23.809524536132813,9.523809432983398,9.523809432983398,13.636363983154297,0,9.090909004211426,0,0,17.395721435546875,25769803776,2147483648,15815491584,790495232
201,1790449580309,4,4,4,4,4,4,4,4,4,4,80.3064193725586,78.26056671142578,77.61921691894531,78.87474060058594,70.75149536132813,80.45909118652344,82.4375,40,52.38095474243164,14.285715103149414,9.523809432983398,9.523809432983398,9.523809432983398,0,5,0,0,17.395721435546875,25769803776,2147483648,15815327744,790495232
209,1790449580510,4,4,4,4,4,4,4,4,4,4,80.3064193725586,78.26056671142578,77.61921691894531,78.87474060058594,70.75149536132813,80.45909118652344,82.4375,40,35,30.000001907348633,10,21.052631378173828,15.789472579956055,4.761904716491699,9.523809432983398,0,0,17.395721435546875,25769803776,2147483648,15815327744,790495232
200,1790449580720,4,4,4,4,4,4,4,4,4,4,80.3064193725586,78.26056671142578,77.61921691894531,78.87474060058594,70.75149536132813,80.45909118652344,82.4375,66.66667175292969,52.38095474243164,38.095237731933594,9.523809432983398,4.545454502105713,4.545454502105713,0,5,0,0,17.691743850708008,25769803776,2147483648,15815327744,790495232
209,1790449580921,4,4,4,4,4,4,4,4,4,4,80.3064193725586,78.26056671142578,77.61921691894531,78.87474060058594,70.75149536132813,80.45909118652344,82.4375,50,26.3157901763916,15.000000953674316,15.000000953674316,15.789472579956055,15.000000953674316,5,9.523809432983398,0,0,17.691743850708008,25769803776,2147483648,15815327744,790495232
209,1790449581131,4,4,4,4,4,4,4,4,4,4,80.3064193725586,78.26056671142578,77.61921691894531,78.87474060058594,70.75149536132813,80.45909118652344,82.4375,42.85714340209961,50,33.333335876464844,10,13.636363983154297,15.000000953674316,0,5,8.69565200805664,0,17.691743850708008,25769803776,2147483648,15816097792,790495232
209,1790449581341,4,4,4,4,4,4,4,4,4,4,80.24215698242188,78.29667663574219,77.71870422363281,78.83148193359375,70.87796020507813,80.43270111083984,82.203125,63.6363639831543,33.333335876464844,14.285715103149414,8.69565200805664,0,4.545454502105713,0,9.523809432983398,0,0,17.691743850708008,25769803776,2147483648,15815983104,790495232
203,1790449581551,4,4,4,4,4,4,4,4,4,4,80.24215698242188,78.29667663574219,77.71870422363281,78.83148193359375,70.87796020507813,80.43270111083984,82.203125,30.000001907348633,61.904762268066406,28.571430206298828,10,14.285715103149414,10,0,13.636363983154297,0,0,17.691743850708008,25769803776,2147483648,15815983104,790495232
209,1790449581755,4,4,4,4,4,4,4,4,4,4,80.24215698242188,78.29667663574219,77.71870422363281,78.83148193359375,70.87796020507813,80.43270111083984,82.203125,65,36.842105865478516,10,4.761904716491699,4.761904716491699,4.761904716491699,0,5,0,0,17.537508010864258,25769803776,2147483648,15815983104,790495232
209,1790449581965,4,4,4,4,4,4,4,4,4,4,80.24215698242188,78.29667663574219,77.71870422363281,78.83148193359375,70.87796020507813,80.43270111083984,82.203125,54.54545593261719,27.272727966308594,9.523809432983398,19.047618865966797,23.809524536132813,5,4.761904716491699,9.523809432983398,0,0,17.537508010864258,25769803776,2147483648,15815983104,790495232
200,1790449582175,4,4,4,4,4,4,4,4,4,4,80.29731750488281,78.22119903564453,77.5784683227539,78.92655944824219,70.71281433105469,80.43357849121094,82.796875,70,38.095237731933594,20,10,9.523809432983398,13.636363983154297,0,0,0,4.545454502105713,17.537508010864258,25769803776,2147483648,15818637312,790495232
209,1790449582376,4,4,4,4,4,4,4,4,4,4,80.29731750488281,78.22119903564453,77.5784683227539,78.92655944824219,70.71281433105469,80.43357849121094,82.796875,52.38095474243164,47.36842346191406,14.285715103149414,9.523809432983398,5,0,0,5.263157844543457,0,0,17.537508010864258,25769803776,2147483648,15814377472,790495232
201,1790449582586,4,4,4,4,4,4,4,4,4,4,80.29731750488281,78.22119903564453,77.5784683227539,78.92655944824219,70.71281433105469,80.43357849121094,82.796875,30.000001907348633,36.3636360168457,42.85714340209961,10,14.285715103149414,19.047618865966797,4.545454502105713,9.090909004211426,0,0,17.537508010864258,25769803776,2147483648,15811297280,790495232
202,1790449582788,4,4,4,4,4,4,4,4,4,4,80.29731750488281,78.22119903564453,77.5784683227539,78.92655944824219,70.71281433105469,80.43357849121094,82.796875,60.000003814697266,40,9.523809432983398,4.761904716491699,5,4.761904716491699,0,14.285715103149414,4.761904716491699,0,17.6110897064209,25769803776,2147483648,15817342976,790495232
209,1790449582991,4,4,4,4,4,4,4,4,4,4,80.29731750488281,78.22119903564453,77.5784683227539,78.92655944824219,70.71281433105469,80.43357849121094,82.796875,60.000003814697266,28.571430206298828,26.3157901763916,10,19.047618865966797,10,0,5,0,0,17.6110897064209,25769803776,2147483648,15814459392,790495232
209,1790449583201,4,4,4,4,4,4,4,4,4,4,80.30915832519531,78.2640380859375,77.6495361328125,78.90615844726563,70.7906494140625,80.45658111572266,82.203125,54.54545593261719,30.000001907348633,31.81818199157715,9.523809432983398,15.000000953674316,5,0,9.523809432983398,4.545454502105713,0,17.6110897064209,25769803776,2147483648,15817031680,790495232
209,1790449583411,4,4,4,4,4,4,4,4,4,4,80.30915832519531,78.2640380859375,77.6495361328125,78.90615844726563,70.7906494140625,80.45658111572266,82.203125,45,55,10,9.523809432983398,4.761904716491699,9.090909004211426,0,5,0,0,17.6110897064209,25769803776,2147483648,15817179136,790495232
209,1790449583621,4,4,4,4,4,4,4,4,4,4,80.30915832519531,78.2640380859375,77.6495361328125,78.90615844726563,70.7906494140625,80.45658111572266,82.203125,38.095237731933594,28.571430206298828,19.047618865966797,42.85714340209961,9.523809432983398,18.18181800842285,0,9.523809432983398,0,0,17.6110897064209,25769803776,2147483648,15817179136,790495232
209,1790449583831,4,4,4,4,4,4,4,4,4,4,80.30915832519531,78.2640380859375,77.6495361328125,78.90615844726563,70.7906494140625,80.45658111572266,82.203125,50,45.45454788208008,19.047618865966797,4.761904716491699,4.545454502105713,0,4.545454502105713,9.523809432983398,0,0,17.55747413635254,25769803776,2147483648,15817179136,790495232
204,1790449584041,4,4,4,4,4,4,4,4,4,4,80.30915832519531,78.2640380859375,77.6495361328125,78.90615844726563,70.7906494140625,80.45658111572266,82.203125,35,28.571430206298828,23.809524536132813,23.809524536132813,25,23.809524536132813,0,9.090909004211426,0,0,17.55747413635254,25769803776,2147483648,15817179136,790495232
209,1790449584245,4,4,4,4,4,4,4,4,4,4,80.304931640625,78.25531005859375,77.62110900878906,78.91242980957031,70.73908233642578,80.42475128173828,82.203125,55,50,10,0,4.761904716491699,5,4.761904716491699,10,0,0,17.55747413635254,25769803776,2147483648,15810428928,790495232
209,1790449584455,4,4,4,4,4,4,4,4,4,4,80.304931640625,78.25531005859375,77.62110900878906,78.91242980957031,70.73908233642578,80.42475128173828,82.203125,52.38095474243164,36.3636360168457,19.047618865966797,9.090909004211426,15.000000953674316,9.090909004211426,0,4.761904716491699,4.545454502105713,0,17.55747413635254,25769803776,2147483648,15808790528,790495232
209,1790449584665,4,4,4,4,4,4,4,4,4,4,80.304931640625,78.25531005859375,77.62110900878906,78.91242980957031,70.73908233642578,80.42475128173828,82.203125,61.904762268066406,28.571430206298828,19.047618865966797,33.333335876464844,9.523809432983398,10,4.545454502105713,9.523809432983398,0,0,17.476255416870117,25769803776,2147483648,15813296128,790495232
209,1790449584875,4,4,4,4,4,4,4,4,4,4,80.304931640625,78.25531005859375,77.62110900878906,78.91242980957031,70.73908233642578,80.42475128173828,82.203125,57.142860412597656,40,14.285715103149414,4.545454502105713,9.090909004211426,9.090909004211426,0,5,0,0,17.476255416870117,25769803776,2147483648,15811182592,790495232
204,1790449585085,4,4,4,4,4,4,4,4,4,4,80.304931640625,78.25531005859375,77.62110900878906,78.91242980957031,70.73908233642578,80.42475128173828,82.203125,36.3636360168457,65,27.272727966308594,10,9.523809432983398,9.523809432983398,0,9.090909004211426,0,0,17.476255416870117,25769803776,2147483648,15811182592,790495232
209,1790449585290,4,4,4,4,4,4,4,4,4,4,80.30108642578125,78.30595397949219,77.69415283203125,78.900390625,70.82490539550781,80.42886352539063,82.203125,55,47.619049072265625,5.263157844543457,9.523809432983398,5,5,0,5,0,0,17.476255416870117,25769803776,2147483648,15812411392,790495232
209,1790449585500,4,4,4,4,4,4,4,4,4,4,80.30108642578125,78.30595397949219,77.69415283203125,78.900390625,70.82490539550781,80.42886352539063,82.203125,50,33.333335876464844,9.523809432983398,19.047618865966797,4.761904716491699,19.047618865966797,0,9.523809432983398,0,0,17.476255416870117,25769803776,2147483648,15812280320,790495232
203,1790449585710,4,4,4,4,4,4,4,4,4,4,80.30108642578125,78.30595397949219,77.69415283203125,78.900390625,70.82490539550781,80.42886352539063,82.203125,63.6363639831543,42.85714340209961,18.18181800842285,14.285715103149414,9.523809432983398,9.523809432983398,0,4.761904716491699,4.545454502105713,0,17.474302291870117,25769803776,2147483648,15812280320,790495232
209,1790449585913,4,4,4,4,4,4,4,4,4,4,80.30108642578125,78.30595397949219,77.69415283203125,78.900390625,70.82490539550781,80.42886352539063,82.203125,52.6315803527832,47.619049072265625,14.285715103149414,5,4.761904716491699,0,4.761904716491699,10,0,0,17.474302291870117,25769803776,2147483648,15812280320,790495232
209,1790449586123,4,4,4,4,4,4,4,4,4,4,80.30108642578125,78.30595397949219,77.69415283203125,78.900390625,70.82490539550781,80.42886352539063,82.203125,50,45,10,19.047618865966797,19.047618865966797,14.285715103149414,4.761904716491699,9.523809432983398,0,0,17.474302291870117,25769803776,2147483648,15812280320,790495232
209,1790449586333,4,4,4,4,4,4,4,4,4,4,80.32398986816406,78.2878189086914,77.65603637695313,78.94239044189453,70.76092529296875,80.43519592285156,82.203125,50,52.38095474243164,14.285715103149414,0,4.761904716491699,4.761904716491699,0,9.523809432983398,0,0,17.474302291870117,25769803776,2147483648,15814000640,790495232
207,1790449586543,4,4,4,4,4,4,4,4,4,4,80.32398986816406,78.2878189086914,77.65603637695313,78.94239044189453,70.76092529296875,80.43519592285156,82.203125,45.45454788208008,52.38095474243164,10,9.523809432983398,5,14.285715103149414,0,9.090909004211426,4.761904716491699,0,17.474302291870117,25769803776,2147483648,15808544768,790495232
209,1790449586751,4,4,4,4,4,4,4,4,4,4,80.32398986816406,78.2878189086914,77.65603637695313,78.94239044189453,70.76092529296875,80.43519592285156,82.203125,40,52.38095474243164,19.047618865966797,28.571430206298828,9.523809432983398,13.636363983154297,4.761904716491699,5,0,4.761904716491699,17.484256744384766,25769803776,2147483648,15808544768,790495232
209,1790449586961,4,4,4,4,4,4,4,4,4,4,80.32398986816406,78.2878189086914,77.65603637695313,78.94239044189453,70.76092529296875,80.43519592285156,82.203125,54.54545593261719,45,14.285715103149414,4.545454502105713,4.761904716491699,0,0,9.523809432983398,0,0,17.484256744384766,25769803776,2147483648,15808544768,790495232
209,1790449587171,4,4,4,4,4,4,4,4,4,4,80.30701446533203,78.3014144897461,77.68865966796875,78.95001220703125,70.81320190429688,80.43556213378906,82.5625,50,40.90909194946289,18.18181800842285,19.047618865966797,13.636363983154297,22.72727394104004,0,9.523809432983398,0,0,17.484256744384766,25769803776,2147483648,15808544768,790495232
209,1790449587381,4,4,4,4,4,4,4,4,4,4,80.30701446533203,78.3014144897461,77.68865966796875,78.95001220703125,70.81320190429688,80.43556213378906,82.5625,61.904762268066406,38.095237731933594,10,0,0,0,0,9.090909004211426,0,0,17.484256744384766,25769803776,2147483648,15814885376,790495232
200,1790449587592,4,4,4,4,4,4,4,4,4,4,80.30701446533203,78.3014144897461,77.68865966796875,78.95001220703125,70.81320190429688,80.43556213378906,82.5625,61.904762268066406,28.571430206298828,23.809524536132813,14.285715103149414,19.047618865966797,9.523809432983398,0,9.523809432983398,0,0,17.484256744384766,25769803776,2147483648,15812919296,790495232
209,1790449587792,4,4,4,4,4,4,4,4,4,4,80.30701446533203,78.3014144897461,77.68865966796875,78.95001220703125,70.81320190429688,80.43556213378906,82.5625,70,40,14.285715103149414,10,5,5,5,0,0,0,17.50592613220215,25769803776,2147483648,15815589888,790495232
209,1790449588002,4,4,4,4,4,4,4,4,4,4,80.30701446533203,78.3014144897461,77.68865966796875,78.95001220703125,70.81320190429688,80.43556213378906,82.5625,66.66667175292969,47.619049072265625,20,9.523809432983398,4.761904716491699,4.761904716491699,0,5,4.545454502105713,0,17.50592613220215,25769803776,2147483648,15810232320,790495232
209,1790449588212,4,4,4,4,4,4,4,4,4,4,80.35140228271484,78.35985565185547,77.61129760742188,78.94831848144531,70.65645599365234,80.45479583740234,82.203125,40,40,14.285715103149414,23.809524536132813,27.272727966308594,14.285715103149414,13.636363983154297,0,4.761904716491699,0,17.50592613220215,25769803776,2147483648,15810068480,790495232
209,1790449588422,4,4,4,4,4,4,4,4,4,4,80.35140228271484,78.35985565185547,77.61129760742188,78.94831848144531,70.65645599365234,80.45479583740234,82.203125,52.38095474243164,50,9.523809432983398,0,0,0,0,13.636363983154297,0,0,17.50592613220215,25769803776,2147483648,15816081408,790495232
201,1790449588632,4,4,4,4,4,4,4,4,4,4,80.35140228271484,78.35985565185547,77.61129760742188,78.94831848144531,70.65645599365234,80.45479583740234,82.203125,47.619049072265625,25,23.809524536132813,19.047618865966797,27.272727966308594,25,0,5,0,0,17.50592613220215,25769803776,2147483648,15814443008,790495232
209,1790449588834,4,4,4,4,4,4,4,4,4,4,80.35140228271484,78.35985565185547,77.61129760742188,78.94831848144531,70.65645599365234,80.45479583740234,82.203125,61.904762268066406,47.619049072265625,15.000000953674316,0,0,4.761904716491699,0,10,0,0,17.405189514160156,25769803776,2147483648,15817031680,790495232
208,1790449589044,4,4,4,4,4,4,4,4,4,4,80.35140228271484,78.35985565185547,77.61129760742188,78.94831848144531,70.65645599365234,80.45479583740234,82.203125,52.38095474243164,45,19.047618865966797,5,4.761904716491699,9.090909004211426,0,9.523809432983398,0,0,17.405189514160156,25769803776,2147483648,15815294976,790495232
209,1790449589252,4,4,4,4,4,4,4,4,4,4,80.3211898803711,78.2597885131836,77.61873626708984,78.9184341430664,70.68289184570313,80.4424819946289,82.203125,33.333335876464844,52.38095474243164,28.571430206298828,13.636363983154297,9.523809432983398,19.047618865966797,0,9.523809432983398,4.545454502105713,0,17.405189514160156,25769803776,2147483648,15815294976,790495232
209,1790449589462,4,4,4,4,4,4,4,4,4,4,80.3211898803711,78.2597885131836,77.61873626708984,78.9184341430664,70.68289184570313,80.4424819946289,82.203125,55,45.45454788208008,9.523809432983398,0,4.761904716491699,0,4.761904716491699,9.523809432983398,0,0,17.405189514160156,25769803776,2147483648,15817981952,790495232
209,1790449589672,4,4,4,4,4,4,4,4,4,4,80.3211898803711,78.2597885131836,77.61873626708984,78.9184341430664,70.68289184570313,80.4424819946289,82.203125,47.619049072265625,40,33.333335876464844,26.086956024169922,19.047618865966797,14.285715103149414,0,5,0,4.545454502105713,17.368457794189453,25769803776,2147483648,15813722112,790495232
209,1790449589882,4,4,4,4,4,4,4,4,4,4,80.3211898803711,78.2597885131836,77.61873626708984,78.9184341430664,70.68289184570313,80.4424819946289,82.203125,38.095237731933594,61.904762268066406,28.571430206298828,10,0,4.761904716491699,4.545454502105713,13.043478012084961,4.545454502105713,0,17.368457794189453,25769803776,2147483648,15810134016,790495232
209,1790449590092,4,4,4,4,4,4,4,4,4,4,80.3211898803711,78.2597885131836,77.61873626708984,78.9184341430664,70.68289184570313,80.4424819946289,82.203125,57.142860412597656,33.333335876464844,10,9.523809432983398,9.090909004211426,14.285715103149414,0,9.523809432983398,0,0,17.368457794189453,25769803776,2147483648,15810134016,790495232
209,1790449590302,4,4,4,4,4,4,4,4,4,4,80.34313201904297,78.29591369628906,77.6982650756836,78.96226501464844,70.81481170654297,80.45449829101563,82.203125,47.619049072265625,28.571430206298828,45.45454788208008,10,5,9.523809432983398,0,5,0,0,17.368457794189453,25769803776,2147483648,15810134016,790495232
209,1790449590512,4,4,4,4,4,4,4,4,4,4,80.34313201904297,78.29591369628906,77.6982650756836,78.96226501464844,70.81481170654297,80.45449829101563,82.203125,57.142860412597656,45.45454788208008,15.000000953674316,9.090909004211426,13.636363983154297,9.523809432983398,0,4.761904716491699,0,0,17.368457794189453,25769803776,2147483648,15812329472,790495232
209,1790449590722,4,4,4,4,4,4,4,4,4,4,80.34313201904297,78.29591369628906,77.6982650756836,78.96226501464844,70.81481170654297,80.45449829101563,82.203125,38.095237731933594,47.36842346191406,14.285715103149414,14.285715103149414,28.571430206298828,10,4.545454502105713,4.761904716491699,0,0,17.234277725219727,25769803776,2147483648,15810625536,790495232
209,1790449590932,4,4,4,4,4,4,4,4,4,4,80.34313201904297,78.29591369628906,77.6982650756836,78.96226501464844,70.81481170654297,80.45449829101563,82.203125,47.619049072265625,57.142860412597656,9.090909004211426,4.761904716491699,4.761904716491699,4.545454502105713,0,13.636363983154297,4.545454502105713,0,17.234277725219727,25769803776,2147483648,15810625536,790495232
209,1790449591142,4,4,4,4,4,4,4,4,4,4,80.33303833007813,78.29180145263672,77.62666320800781,78.94597625732422,70.71501922607422,80.44564819335938,82.4375,61.904762268066406,28.571430206298828,19.047618865966797,4.761904716491699,4.761904716491699,15.000000953674316,0,5,0,0,17.234277725219727,25769803776,2147483648,15810625536,790495232
205,1790449591352,4,4,4,4,4,4,4,4,4,4,80.33303833007813,78.29180145263672,77.62666320800781,78.94597625732422,70.71501922607422,80.44564819335938,82.4375,66.66667175292969,38.095237731933594,14.285715103149414,14.285715103149414,10,22.72727394104004,4.545454502105713,9.523809432983398,4.545454502105713,0,17.234277725219727,25769803776,2147483648,15810625536,790495232
209,1790449591558,4,4,4,4,4,4,4,4,4,4,80.33303833007813,78.29180145263672,77.62666320800781,78.94597625732422,70.71501922607422,80.44564819335938,82.4375,55,45,10,5,4.761904716491699,0,0,5,0,0,17.234277725219727,25769803776,2147483648,15811821568,790495232
201,1790449591768,4,4,4,4,4,4,4,4,4,4,80.33303833007813,78.29180145263672,77.62666320800781,78.94597625732422,70.71501922607422,80.44564819335938,82.4375,33.333335876464844,54.54545593261719,19.047618865966797,9.523809432983398,28.571430206298828,13.636363983154297,0,13.636363983154297,0,0,17.321521759033203,25769803776,2147483648,15806267392,790495232
209,1790449591970,4,4,4,4,4,4,4,4,4,4,80.33303833007813,78.29180145263672,77.62666320800781,78.94597625732422,70.71501922607422,80.44564819335938,82.4375,55,47.619049072265625,15.000000953674316,9.523809432983398,5,0,0,10,0,0,17.321521759033203,25769803776,2147483648,15812444160,790495232
209,1790449592180,4,4,4,4,4,4,4,4,4,4,80.36186981201172,78.32048797607422,77.72296142578125,78.95692443847656,70.85906219482422,80.44902038574219,83.96875,45.45454788208008,45,13.636363983154297,4.761904716491699,9.090909004211426,19.047618865966797,0,5,0,0,17.321521759033203,25769803776,2147483648,15810658304,790495232
209,1790449592390,4,4,4,4,4,4,4,4,4,4,80.36186981201172,78.32048797607422,77.72296142578125,78.95692443847656,70.85906219482422,80.44902038574219,83.96875,33.333335876464844,47.619049072265625,20,23.809524536132813,20,14.285715103149414,8.69565200805664,13.636363983154297,0,0,17.321521759033203,25769803776,2147483648,15812788224,790495232
203,1790449592599,4,4,4,4,4,4,4,4,4,4,80.36186981201172,78.32048797607422,77.72296142578125,78.95692443847656,70.85906219482422,80.44902038574219,83.96875,47.619049072265625,52.38095474243164,13.636363983154297,4.761904716491699,4.545454502105713,4.761904716491699,0,9.523809432983398,4.545454502105713,4.545454502105713,17.321521759033203,25769803776,2147483648,15813263360,790495232
204,1790449592803,4,4,4,4,4,4,4,4,4,4,80.36186981201172,78.32048797607422,77.72296142578125,78.95692443847656,70.85906219482422,80.44902038574219,83.96875,26.3157901763916,42.105262756347656,31.57894515991211,25,15.000000953674316,20,0,5,0,0,17.319400787353516,25769803776,2147483648,15807660032,790495232
202,1790449593008,4,4,4,4,4,4,4,4,4,4,80.36186981201172,78.32048797607422,77.72296142578125,78.95692443847656,70.85906219482422,80.44902038574219,83.96875,38.095237731933594,59.09090805053711,10,5,0,0,0,9.523809432983398,0,0,17.319400787353516,25769803776,2147483648,15815557120,790495232
209,1790449593211,4,4,4,4,4,4,4,4,4,4,80.29019165039063,78.2674560546875,77.61644744873047,78.88728332519531,70.70662689208984,80.42665100097656,82.203125,45,52.6315803527832,14.285715103149414,5,15.000000953674316,9.523809432983398,0,0,5,0,17.319400787353516,25769803776,2147483648,15812296704,790495232
205,1790449593420,4,4,4,4,4,4,4,4,4,4,80.29019165039063,78.2674560546875,77.61644744873047,78.88728332519531,70.70662689208984,80.42665100097656,82.203125,42.85714340209961,50,38.095237731933594,10,9.523809432983398,9.523809432983398,4.545454502105713,9.523809432983398,0,0,17.319400787353516,25769803776,2147483648,15816212480,790495232
205,1790449593625,4,4,4,4,4,4,4,4,4,4,80.29019165039063,78.2674560546875,77.61644744873047,78.88728332519531,70.70662689208984,80.42665100097656,82.203125,55,40,14.285715103149414,9.523809432983398,4.761904716491699,4.761904716491699,0,10,0,0,17.319400787353516,25769803776,2147483648,15814803456,790495232
206,1790449593831,4,4,4,4,4,4,4,4,4,4,80.29019165039063,78.2674560546875,77.61644744873047,78.88728332519531,70.70662689208984,80.42665100097656,82.203125,33.333335876464844,47.619049072265625,45,14.285715103149414,10,20,0,9.523809432983398,0,0,17.243459701538086,25769803776,2147483648,15810052096,790495232
206,1790449594037,4,4,4,4,4,4,4,4,4,4,80.29019165039063,78.2674560546875,77.61644744873047,78.88728332519531,70.70662689208984,80.42665100097656,82.203125,57.142860412597656,38.095237731933594,15.000000953674316,4.761904716491699,4.761904716491699,4.761904716491699,0,9.523809432983398,0,0,17.243459701538086,25769803776,2147483648,15814918144,790495232
209,1790449594244,4,4,4,4,4,4,4,4,4,4,80.20440673828125,78.19682312011719,77.5379409790039,78.80614471435547,70.63463592529297,80.40245056152344,82.203125,55,36.842105865478516,14.285715103149414,19.047618865966797,5,0,4.761904716491699,9.523809432983398,4.545454502105713,0,17.243459701538086,25769803776,2147483648,15814918144,790495232
203,1790449594454,4,4,4,4,4,4,4,4,4,4,80.20440673828125,78.19682312011719,77.5379409790039,78.80614471435547,70.63463592529297,80.40245056152344,82.203125,52.38095474243164,40.90909194946289,22.72727394104004,14.285715103149414,9.090909004211426,9.523809432983398,4.545454502105713,10,0,0,17.243459701538086,25769803776,2147483648,15814918144,790495232
209,1790449594658,4,4,4,4,4,4,4,4,4,4,80.20440673828125,78.19682312011719,77.5379409790039,78.80614471435547,70.63463592529297,80.40245056152344,82.203125,60.000003814697266,40,15.000000953674316,5.263157844543457,5,9.523809432983398,0,5,0,4.761904716491699,17.05731964111328,25769803776,2147483648,15817621504,790495232
209,1790449594868,4,4,4,4,4,4,4,4,4,4,80.20440673828125,78.19682312011719,77.5379409790039,78.80614471435547,70.63463592529297,80.40245056152344,82.203125,33.333335876464844,57.142860412597656,15.000000953674316,23.809524536132813,25,9.523809432983398,0,13.636363983154297,4.761904716491699,0,17.05731964111328,25769803776,2147483648,15810822144,790495232
209,1790449595078,4,4,4,4,4,4,4,4,4,4,80.20440673828125,78.19682312011719,77.5379409790039,78.80614471435547,70.63463592529297,80.40245056152344,82.203125,55,42.85714340209961,18.18181800842285,4.545454502105713,4.545454502105713,0,0,5,0,0,17.05731964111328,25769803776,2147483648,15815753728,790495232
209,1790449595288,4,4,4,4,4,4,4,4,4,4,80.22158813476563,78.23159790039063,77.62687683105469,78.85867309570313,70.75442504882813,80.40389251708984,82.4375,59.09090805053711,35,15.000000953674316,5,9.090909004211426,4.761904716491699,4.545454502105713,9.523809432983398,0,0,17.05731964111328,25769803776,2147483648,15814017024,790495232
203,1790449595498,4,4,4,4,4,4,4,4,4,4,80.22158813476563,78.23159790039063,77.62687683105469,78.85867309570313,70.75442504882813,80.40389251708984,82.4375,38.095237731933594,45.45454788208008,36.3636360168457,18.18181800842285,5,13.636363983154297,0,4.761904716491699,0,0,17.05731964111328,25769803776,2147483648,15812739072,790495232
209,1790449595701,4,4,4,4,4,4,4,4,4,4,80.22158813476563,78.23159790039063,77.62687683105469,78.85867309570313,70.75442504882813,80.40389251708984,82.4375,60.000003814697266,36.842105865478516,15.000000953674316,0,5,0,0,5,0,0,17.142698287963867,25769803776,2147483648,15817261056,790495232
209,1790449595911,4,4,4,4,4,4,4,4,4,4,80.22158813476563,78.23159790039063,77.62687683105469,78.85867309570313,70.75442504882813,80.40389251708984,82.4375,38.095237731933594,50,25,19.047618865966797,22.72727394104004,19.047618865966797,0,9.090909004211426,0,0,17.142698287963867,25769803776,2147483648,15812542464,790495232
209,1790449596121,4,4,4,4,4,4,4,4,4,4,80.22158813476563,78.23159790039063,77.62687683105469,78.85867309570313,70.75442504882813,80.40389251708984,82.4375,33.333335876464844,66.66667175292969,14.285715103149414,4.545454502105713,0,4.545454502105713,4.545454502105713,9.523809432983398,0,0,17.142698287963867,25769803776,2147483648,15817637888,790495232
209,1790449596331,4,4,4,4,4,4,4,4,4,4,80.23270416259766,78.19999694824219,77.53369140625,78.86054229736328,70.6291275024414,80.41690826416016,82.203125,66.66667175292969,35,13.636363983154297,9.523809432983398,4.761904716491699,9.523809432983398,4.545454502105713,9.523809432983398,0,0,17.142698287963867,25769803776,2147483648,15817424896,790495232
209,1790449596541,4,4,4,4,4,4,4,4,4,4,80.23270416259766,78.19999694824219,77.53369140625,78.86054229736328,70.6291275024414,80.41690826416016,82.203125,38.095237731933594,38.095237731933594,40,19.047618865966797,10,4.761904716491699,0,9.523809432983398,4.545454502105713,0,17.142698287963867,25769803776,2147483648,15817424896,790495232
203,1790449596751,4,4,4,4,4,4,4,4,4,4,80.23270416259766,78.19999694824219,77.53369140625,78.86054229736328,70.6291275024414,80.41690826416016,82.203125,52.38095474243164,54.54545593261719,9.523809432983398,4.761904716491699,4.761904716491699,0,0,9.523809432983398,4.545454502105713,0,17.202186584472656,25769803776,2147483648,15818407936,790495232
202,1790449596954,4,4,4,4,4,4,4,4,4,4,80.23270416259766,78.19999694824219,77.53369140625,78.86054229736328,70.6291275024414,80.41690826416016,82.203125,55,52.38095474243164,19.047618865966797,15.000000953674316,14.285715103149414,19.047618865966797,9.523809432983398,0,0,0,17.202186584472656,25769803776,2147483648,15816769536,790495232
209,1790449597157,4,4,4,4,4,4,4,4,4,4,80.2248306274414,78.24829864501953,77.58397674560547,78.82913970947266,70.67321014404297,80.40950012207031,82.203125,35,47.36842346191406,5.263157844543457,25,9.523809432983398,5,0,13.636363983154297,0,0,17.202186584472656,25769803776,2147483648,15819128832,790495232
209,1790449597367,4,4,4,4,4,4,4,4,4,4,80.2248306274414,78.24829864501953,77.58397674560547,78.82913970947266,70.67321014404297,80.40950012207031,82.203125,57.142860412597656,42.85714340209961,13.636363983154297,4.761904716491699,4.761904716491699,4.545454502105713,0,5,0,0,17.202186584472656,25769803776,2147483648,15816556544,790495232
209,1790449597577,4,4,4,4,4,4,4,4,4,4,80.2248306274414,78.24829864501953,77.58397674560547,78.82913970947266,70.67321014404297,80.40950012207031,82.203125,38.095237731933594,33.333335876464844,23.809524536132813,38.095237731933594,9.523809432983398,5,0,9.523809432983398,0,0,17.202186584472656,25769803776,2147483648,15813509120,790495232
209,1790449597787,4,4,4,4,4,4,4,4,4,4,80.2248306274414,78.24829864501953,77.58397674560547,78.82913970947266,70.67321014404297,80.40950012207031,82.203125,57.142860412597656,45,10,4.761904716491699,0,9.090909004211426,0,13.636363983154297,0,0,17.21381187438965,25769803776,2147483648,15820095488,790495232
209,1790449597997,4,4,4,4,4,4,4,4,4,4,80.2248306274414,78.24829864501953,77.58397674560547,78.82913970947266,70.67321014404297,80.40950012207031,82.203125,47.619049072265625,38.095237731933594,14.285715103149414,19.047618865966797,9.090909004211426,10,4.545454502105713,5,4.761904716491699,0,17.21381187438965,25769803776,2147483648,15820095488,790495232
209,1790449598207,4,4,4,4,4,4,4,4,4,4,80.16952514648438,78.16585540771484,77.49910736083984,78.79328155517578,70.61107635498047,80.3929672241211,82.203125,71.42857360839844,28.571430206298828,36.3636360168457,14.285715103149414,10,13.636363983154297,4.761904716491699,0,4.545454502105713,0,17.21381187438965,25769803776,2147483648,15820095488,790495232
209,1790449598417,4,4,4,4,4,4,4,4,4,4,80.16952514648438,78.16585540771484,77.49910736083984,78.79328155517578,70.61107635498047,80.3929672241211,82.203125,61.904762268066406,45.45454788208008,10,9.090909004211426,4.761904716491699,0,0,9.090909004211426,0,0,17.21381187438965,25769803776,2147483648,15820095488,790495232
201,1790449598627,4,4,4,4,4,4,4,4,4,4,80.16952514648438,78.16585540771484,77.49910736083984,78.79328155517578,70.61107635498047,80.3929672241211,82.203125,50,23.809524536132813,18.18181800842285,25,30.000001907348633,13.636363983154297,0,9.523809432983398,0,0,17.21381187438965,25769803776,2147483648,15820095488,790495232
201,1790449598828,4,4,4,4,4,4,4,4,4,4,80.16952514648438,78.16585540771484,77.49910736083984,78.79328155517578,70.61107635498047,80.3929672241211,82.203125,60.000003814697266,42.105262756347656,10,5,9.090909004211426,0,0,10,0,0,17.028953552246094,25769803776,2147483648,15821455360,790495232
209,1790449599030,4,4,4,4,4,4,4,4,4,4,80.16952514648438,78.16585540771484,77.49910736083984,78.79328155517578,70.61107635498047,80.3929672241211,82.203125,60.000003814697266,33.333335876464844,10.526315689086914,9.523809432983398,10.526315689086914,5.263157844543457,5,5,0,0,17.028953552246094,25769803776,2147483648,15821586432,790495232
203,1790449599240,4,4,4,4,4,4,4,4,4,4,80.16841888427734,78.12445068359375,77.50340270996094,78.80192565917969,70.63710021972656,80.38867950439453,82.203125,36.3636360168457,40.90909194946289,27.272727966308594,30.000001907348633,13.636363983154297,9.090909004211426,0,9.523809432983398,4.545454502105713,0,17.028953552246094,25769803776,2147483648,15821586432,790495232
209,1790449599444,4,4,4,4,4,4,4,4,4,4,80.16841888427734,78.12445068359375,77.50340270996094,78.80192565917969,70.63710021972656,80.38867950439453,82.203125,60.000003814697266,42.105262756347656,15.000000953674316,5,5,5,0,9.523809432983398,0,0,17.028953552246094,25769803776,2147483648,15821586432,790495232
204,1790449599654,4,4,4,4,4,4,4,4,4,4,80.16841888427734,78.12445068359375,77.50340270996094,78.80192565917969,70.63710021972656,80.38867950439453,82.203125,42.85714340209961,33.333335876464844,14.285715103149414,36.3636360168457,15.000000953674316,19.047618865966797,4.545454502105713,13.636363983154297,0,0,17.055219650268555,25769803776,2147483648,15821586432,790495232
209,1790449599859,4,4,4,4,4,4,4,4,4,4,80.16841888427734,78.12445068359375,77.50340270996094,78.80192565917969,70.63710021972656,80.38867950439453,82.203125,57.142860412597656,35,10,5,4.761904716491699,10,0,5.263157844543457,4.761904716491699,4.761904716491699,17.055219650268555,25769803776,2147483648,15823060992,790495232
209,1790449600069,4,4,4,4,4,4,4,4,4,4,80.16841888427734,78.12445068359375,77.50340270996094,78.80192565917969,70.63710021972656,80.38867950439453,82.203125,45,47.619049072265625,19.047618865966797,4.761904716491699,9.090909004211426,9.523809432983398,0,9.523809432983398,0,0,17.055219650268555,25769803776,2147483648,15821094912,790495232
209,1790449600279,4,4,4,4,4,4,4,4,4,4,80.12893676757813,78.12628936767578,77.5028305053711,78.7657699584961,70.61837005615234,80.36494445800781,82.203125,33.333335876464844,47.619049072265625,19.047618865966797,13.636363983154297,19.047618865966797,22.72727394104004,0,9.523809432983398,0,0,17.055219650268555,25769803776,2147483648,15817719808,790495232
209,1790449600489,4,4,4,4,4,4,4,4,4,4,80.12893676757813,78.12628936767578,77.5028305053711,78.7657699584961,70.61837005615234,80.36494445800781,82.203125,52.38095474243164,50,14.285715103149414,0,0,0,4.545454502105713,9.523809432983398,0,0,17.055219650268555,25769803776,2147483648,15823781888,790495232
203,1790449600699,4,4,4,4,4,4,4,4,4,4,80.12893676757813,78.12628936767578,77.5028305053711,78.7657699584961,70.61837005615234,80.36494445800781,82.203125,42.85714340209961,50,47.619049072265625,14.285715103149414,22.72727394104004,14.285715103149414,0,4.761904716491699,0,0,17.16208267211914,25769803776,2147483648,15815442432,790495232
201,1790449600902,4,4,4,4,4,4,4,4,4,4,80.12893676757813,78.12628936767578,77.5028305053711,78.7657699584961,70.61837005615234,80.36494445800781,82.203125,50,57.142860412597656,9.523809432983398,10,0,4.761904716491699,0,4.761904716491699,0,0,17.16208267211914,25769803776,2147483648,15816376320,790495232
202,1790449601103,4,4,4,4,4,4,4,4,4,4,80.12893676757813,78.12628936767578,77.5028305053711,78.7657699584961,70.61837005615234,80.36494445800781,82.203125,52.38095474243164,45,15.000000953674316,5,9.523809432983398,0,13.636363983154297,5,4.761904716491699,0,17.16208267211914,25769803776,2147483648,15810871296,790495232
209,1790449601306,4,4,4,4,4,4,4,4,4,4,80.05812072753906,78.16149139404297,77.38796997070313,78.70179748535156,70.47892761230469,80.34064483642578,82.203125,21.052631378173828,31.57894515991211,55,14.285715103149414,21.052631378173828,19.047618865966797,0,5,0,0,17.16208267211914,25769803776,2147483648,15810822144,790495232
204,1790449601516,4,4,4,4,4,4,4,4,4,4,80.05812072753906,78.16149139404297,77.38796997070313,78.70179748535156,70.47892761230469,80.34064483642578,82.203125,52.38095474243164,52.38095474243164,9.523809432983398,4.761904716491699,4.545454502105713,0,0,9.523809432983398,0,0,17.16208267211914,25769803776,2147483648,15817048064,790495232
209,1790449601721,4,4,4,4,4,4,4,4,4,4,80.05812072753906,78.16149139404297,77.38796997070313,78.70179748535156,70.47892761230469,80.34064483642578,82.203125,45,42.85714340209961,15.000000953674316,15.000000953674316,9.523809432983398,9.523809432983398,0,5,4.761904716491699,0,16.927387237548828,25769803776,2147483648,15816048640,790495232
209,1790449601931,4,4,4,4,4,4,4,4,4,4,80.05812072753906,78.16149139404297,77.38796997070313,78.70179748535156,70.47892761230469,80.34064483642578,82.203125,68.18181610107422,38.095237731933594,22.72727394104004,14.285715103149414,5,14.285715103149414,4.545454502105713,14.285715103149414,0,0,16.927387237548828,25769803776,2147483648,15817850880,790495232
204,1790449602141,4,4,4,4,4,4,4,4,4,4,80.0232925415039,78.09617614746094,77.50182342529297,78.68569946289063,70.64573669433594,80.3013687133789,82.203125,42.85714340209961,50,14.285715103149414,4.761904716491699,9.090909004211426,4.545454502105713,0,9.523809432983398,0,0,16.927387237548828,25769803776,2147483648,15817900032,790495232
209,1790449602346,4,4,4,4,4,4,4,4,4,4,80.0232925415039,78.09617614746094,77.50182342529297,78.68569946289063,70.64573669433594,80.3013687133789,82.203125,25,52.38095474243164,15.000000953674316,30.000001907348633,20,23.809524536132813,0,5,0,0,16.927387237548828,25769803776,2147483648,15813214208,790495232
206,1790449602556,4,4,4,4,4,4,4,4,4,4,80.0232925415039,78.09617614746094,77.50182342529297,78.68569946289063,70.64573669433594,80.3013687133789,82.203125,52.38095474243164,47.619049072265625,9.523809432983398,4.545454502105713,4.761904716491699,0,0,9.523809432983398,4.545454502105713,0,16.927387237548828,25769803776,2147483648,15818178560,790495232
209,1790449602762,4,4,4,4,4,4,4,4,4,4,80.0232925415039,78.09617614746094,77.50182342529297,78.68569946289063,70.64573669433594,80.3013687133789,82.203125,45,38.095237731933594,15.000000953674316,10.526315689086914,4.761904716491699,15.000000953674316,4.761904716491699,13.636363983154297,0,0,16.937450408935547,25769803776,2147483648,15818178560,790495232
209,1790449602972,4,4,4,4,4,4,4,4,4,4,80.0232925415039,78.09617614746094,77.50182342529297,78.68569946289063,70.64573669433594,80.3013687133789,82.203125,63.6363639831543,28.571430206298828,15.000000953674316,34.78260803222656,9.523809432983398,9.523809432983398,0,5,0,0,16.937450408935547,25769803776,2147483648,15818506240,790495232
209,1790449603182,4,4,4,4,4,4,4,4,4,4,79.98604583740234,78.03067016601563,77.38211059570313,78.66824340820313,70.49576568603516,80.26441192626953,82.203125,50,47.619049072265625,18.18181800842285,5,5,4.761904716491699,4.761904716491699,9.523809432983398,0,0,16.937450408935547,25769803776,2147483648,15821619200,790495232
209,1790449603392,4,4,4,4,4,4,4,4,4,4,79.98604583740234,78.03067016601563,77.38211059570313,78.66824340820313,70.49576568603516,80.26441192626953,82.203125,59.09090805053711,35,14.285715103149414,19.047618865966797,18.18181800842285,14.285715103149414,0,0,0,0,16.937450408935547,25769803776,2147483648,15814705152,790495232
209,1790449603602,4,4,4,4,4,4,4,4,4,4,79.98604583740234,78.03067016601563,77.38211059570313,78.66824340820313,70.49576568603516,80.26441192626953,82.203125,45,38.095237731933594,23.809524536132813,14.285715103149414,0,0,0,9.523809432983398,4.545454502105713,0,16.937450408935547,25769803776,2147483648,15819636736,790495232
205,1790449603812,4,4,4,4,4,4,4,4,4,4,79.98604583740234,78.03067016601563,77.38211059570313,78.66824340820313,70.49576568603516,80.26441192626953,82.203125,42.85714340209961,40.90909194946289,14.285715103149414,4.761904716491699,4.761904716491699,27.272727966308594,0,9.523809432983398,0,0,16.90231704711914,25769803776,2147483648,15819620352,790495232
202,1790449604018,4,4,4,4,4,4,4,4,4,4,79.98604583740234,78.03067016601563,77.38211059570313,78.66824340820313,70.49576568603516,80.26441192626953,82.203125,33.333335876464844,45,33.333335876464844,19.047618865966797,20,5.263157844543457,0,9.523809432983398,0,0,16.90231704711914,25769803776,2147483648,15813984256,790495232
209,1790449604220,4,4,4,4,4,4,4,4,4,4,79.94668579101563,78.06945037841797,77.48096466064453,78.64904022216797,70.59251403808594,80.20084381103516,82.4375,50,50,15.000000953674316,0,9.090909004211426,4.761904716491699,5,10,0,0,16.90231704711914,25769803776,2147483648,15819948032,790495232
209,1790449604430,4,4,4,4,4,4,4,4,4,4,79.94668579101563,78.06945037841797,77.48096466064453,78.64904022216797,70.59251403808594,80.20084381103516,82.4375,50,33.333335876464844,23.809524536132813,33.333335876464844,15.000000953674316,19.047618865966797,0,9.523809432983398,0,4.545454502105713,16.90231704711914,25769803776,2147483648,15815360512,790495232
209,1790449604640,4,4,4,4,4,4,4,4,4,4,79.94668579101563,78.06945037841797,77.48096466064453,78.64904022216797,70.59251403808594,80.20084381103516,82.4375,45.45454788208008,60.000003814697266,5,4.761904716491699,4.761904716491699,4.545454502105713,4.545454502105713,9.523809432983398,0,0,16.90231704711914,25769803776,2147483648,15820505088,790495232
209,1790449604850,4,4,4,4,4,4,4,4,4,4,79.94668579101563,78.06945037841797,77.48096466064453,78.64904022216797,70.59251403808594,80.20084381103516,82.4375,42.85714340209961,54.54545593261719,14.285715103149414,5,9.523809432983398,0,0,9.090909004211426,4.545454502105713,0,16.8696231842041,25769803776,2147483648,15818145792,790495232
209,1790449605060,4,4,4,4,4,4,4,4,4,4,79.94668579101563,78.06945037841797,77.48096466064453,78.64904022216797,70.59251403808594,80.20084381103516,82.4375,35,52.38095474243164,38.095237731933594,13.636363983154297,9.523809432983398,13.636363983154297,4.761904716491699,5,0,0,16.8696231842041,25769803776,2147483648,15814934528,790495232
209,1790449605270,4,4,4,4,4,4,4,4,4,4,79.92546081542969,78.02264404296875,77.4030990600586,78.65396118164063,70.47274780273438,80.19979858398438,82.203125,57.142860412597656,35,14.285715103149414,0,0,0,0,9.523809432983398,4.761904716491699,4.545454502105713,16.8696231842041,25769803776,2147483648,15821225984,790495232
200,1790449605480,4,4,4,4,4,4,4,4,4,4,79.92546081542969,78.02264404296875,77.4030990600586,78.65396118164063,70.47274780273438,80.19979858398438,82.203125,61.904762268066406,31.81818199157715,28.571430206298828,18.18181800842285,14.285715103149414,30.000001907348633,0,9.523809432983398,0,0,16.8696231842041,25769803776,2147483648,15816900608,790495232
209,1790449605681,4,4,4,4,4,4,4,4,4,4,79.92546081542969,78.02264404296875,77.4030990600586,78.65396118164063,70.47274780273438,80.19979858398438,82.203125,45,52.6315803527832,15.000000953674316,0,5,9.090909004211426,0,10,0,0,16.850933074951172,25769803776,2147483648,15821832192,790495232
203,1790449605891,4,4,4,4,4,4,4,4,4,4,79.92546081542969,78.02264404296875,77.4030990600586,78.65396118164063,70.47274780273438,80.19979858398438,82.203125,61.904762268066406,36.3636360168457,14.285715103149414,9.090909004211426,4.761904716491699,5,0,9.090909004211426,0,0,16.850933074951172,25769803776,2147483648,15821635584,790495232
209,1790449606094,4,4,4,4,4,4,4,4,4,4,79.92546081542969,78.02264404296875,77.4030990600586,78.65396118164063,70.47274780273438,80.19979858398438,82.203125,30.000001907348633,25,47.619049072265625,19.047618865966797,10,28.571430206298828,0,0,0,0,16.850933074951172,25769803776,2147483648,15816654848,790495232
202,1790449606304,4,4,4,4,4,4,4,4,4,4,79.8958969116211,77.97156524658203,77.39530181884766,78.63297271728516,70.53948211669922,80.15174102783203,81.96875,54.54545593261719,42.85714340209961,9.523809432983398,0,4.761904716491699,0,0,13.636363983154297,0,0,16.850933074951172,25769803776,2147483648,15822667776,790495232
202,1790449606507,4,4,4,4,4,4,4,4,4,4,79.8958969116211,77.97156524658203,77.39530181884766,78.63297271728516,70.53948211669922,80.15174102783203,81.96875,35,35,10,25,20,15.000000953674316,4.761904716491699,5.263157844543457,0,0,16.850933074951172,25769803776,2147483648,15822929920,790495232
209,1790449606710,4,4,4,4,4,4,4,4,4,4,79.8958969116211,77.97156524658203,77.39530181884766,78.63297271728516,70.53948211669922,80.15174102783203,81.96875,50,35,25,33.333335876464844,13.636363983154297,14.285715103149414,4.761904716491699,9.523809432983398,0,0,16.802824020385742,25769803776,2147483648,15822929920,790495232
209,1790449606920,4,4,4,4,4,4,4,4,4,4,79.8958969116211,77.97156524658203,77.39530181884766,78.63297271728516,70.53948211669922,80.15174102783203,81.96875,57.142860412597656,42.85714340209961,9.523809432983398,0,0,0,0,9.523809432983398,9.090909004211426,0,16.802824020385742,25769803776,2147483648,15822929920,790495232
209,1790449607130,4,4,4,4,4,4,4,4,4,4,79.8958969116211,77.97156524658203,77.39530181884766,78.63297271728516,70.53948211669922,80.15174102783203,81.96875,30.000001907348633,57.142860412597656,19.047618865966797,33.333335876464844,14.285715103149414,13.636363983154297,0,9.523809432983398,0,0,16.802824020385742,25769803776,2147483648,15818948608,790495232
209,1790449607340,4,4,4,4,4,4,4,4,4,4,79.84163665771484,77.92589569091797,77.30928039550781,78.61199188232422,70.4255599975586,80.1164779663086,81.96875,50,54.54545593261719,10,4.761904716491699,0,0,0,9.523809432983398,0,0,16.802824020385742,25769803776,2147483648,15824289792,790495232
205,1790449607550,4,4,4,4,4,4,4,4,4,4,79.84163665771484,77.92589569091797,77.30928039550781,78.61199188232422,70.4255599975586,80.1164779663086,81.96875,45,40,18.18181800842285,28.571430206298828,10,9.090909004211426,4.545454502105713,5,0,0,16.802824020385742,25769803776,2147483648,15822176256,790495232
205,1790449607756,4,4,4,4,4,4,4,4,4,4,79.84163665771484,77.92589569091797,77.30928039550781,78.61199188232422,70.4255599975586,80.1164779663086,81.96875,42.85714340209961,28.571430206298828,47.619049072265625,14.285715103149414,9.523809432983398,10,0,13.636363983154297,0,0,16.804853439331055,25769803776,2147483648,15824125952,790495232
209,1790449607961,4,4,4,4,4,4,4,4,4,4,79.84163665771484,77.92589569091797,77.30928039550781,78.61199188232422,70.4255599975586,80.1164779663086,81.96875,52.38095474243164,45,15.000000953674316,0,4.761904716491699,4.761904716491699,0,5.263157844543457,0,0,16.804853439331055,25769803776,2147483648,15824125952,790495232
209,1790449608171,4,4,4,4,4,4,4,4,4,4,79.76590728759766,77.86576843261719,77.25359344482422,78.60179138183594,70.35992431640625,80.03907012939453,81.96875,61.904762268066406,47.619049072265625,15.000000953674316,18.18181800842285,14.285715103149414,14.285715103149414,0,13.636363983154297,4.545454502105713,0,16.804853439331055,25769803776,2147483648,15820537856,790495232
209,1790449608381,4,4,4,4,4,4,4,4,4,4,79.76590728759766,77.86576843261719,77.25359344482422,78.60179138183594,70.35992431640625,80.03907012939453,81.96875,65,42.85714340209961,9.523809432983398,0,0,0,4.545454502105713,9.523809432983398,0,0,16.804853439331055,25769803776,2147483648,15827861504,790495232
200,1790449608591,4,4,4,4,4,4,4,4,4,4,79.76590728759766,77.86576843261719,77.25359344482422,78.60179138183594,70.35992431640625,80.03907012939453,81.96875,50,38.095237731933594,18.18181800842285,9.523809432983398,22.72727394104004,4.761904716491699,0,0,0,0,16.804853439331055,25769803776,2147483648,15825813504,790495232
209,1790449608791,4,4,4,4,4,4,4,4,4,4,79.76590728759766,77.86576843261719,77.25359344482422,78.60179138183594,70.35992431640625,80.03907012939453,81.96875,47.36842346191406,30.000001907348633,45,10,5.263157844543457,14.285715103149414,0,9.523809432983398,4.761904716491699,0,16.7734317779541,25769803776,2147483648,15825813504,790495232
209,1790449609001,4,4,4,4,4,4,4,4,4,4,79.76590728759766,77.86576843261719,77.25359344482422,78.60179138183594,70.35992431640625,80.03907012939453,81.96875,59.09090805053711,38.095237731933594,9.523809432983398,4.761904716491699,9.090909004211426,0,0,13.636363983154297,0,0,16.7734317779541,25769803776,2147483648,15825813504,790495232
209,1790449609211,4,4,4,4,4,4,4,4,4,4,79.71375274658203,77.87995910644531,77.35800170898438,78.58866882324219,70.50680541992188,80.01074981689453,81.96875,40,28.571430206298828,25,19.047618865966797,4.761904716491699,19.047618865966797,0,10,0,0,16.7734317779541,25769803776,2147483648,15823093760,790495232
205,1790449609421,4,4,4,4,4,4,4,4,4,4,79.71375274658203,77.87995910644531,77.35800170898438,78.58866882324219,70.50680541992188,80.01074981689453,81.96875,76.19047546386719,33.333335876464844,18.18181800842285,13.636363983154297,14.285715103149414,5,4.545454502105713,4.761904716491699,0,0,16.7734317779541,25769803776,2147483648,15826731008,790495232
209,1790449609627,4,4,4,4,4,4,4,4,4,4,79.71375274658203,77.87995910644531,77.35800170898438,78.58866882324219,70.50680541992188,80.01074981689453,81.96875,55,42.85714340209961,15.789472579956055,5,0,9.090909004211426,0,10,0,0,16.7734317779541,25769803776,2147483648,15827369984,790495232
209,1790449609837,4,4,4,4,4,4,4,4,4,4,79.71375274658203,77.87995910644531,77.35800170898438,78.58866882324219,70.50680541992188,80.01074981689453,81.96875,31.81818199157715,35,57.142860412597656,19.047618865966797,22.72727394104004,14.285715103149414,0,9.523809432983398,0,0,16.65227699279785,25769803776,2147483648,15821783040,790495232
209,1790449610047,4,4,4,4,4,4,4,4,4,4,79.71375274658203,77.87995910644531,77.35800170898438,78.58866882324219,70.50680541992188,80.01074981689453,81.96875,45,50,13.636363983154297,0,0,0,4.761904716491699,9.090909004211426,4.545454502105713,0,16.65227699279785,25769803776,2147483648,15827468288,790495232
209,1790449610257,4,4,4,4,4,4,4,4,4,4,79.67716217041016,77.82230377197266,77.18053436279297,78.57366943359375,70.29448699951172,79.9887466430664,81.96875,38.095237731933594,57.142860412597656,14.285715103149414,5,18.18181800842285,4.761904716491699,0,5,0,0,16.65227699279785,25769803776,2147483648,15825895424,790495232
209,1790449610467,4,4,4,4,4,4,4,4,4,4,79.67716217041016,77.82230377197266,77.18053436279297,78.57366943359375,70.29448699951172,79.9887466430664,81.96875,52.38095474243164,45.45454788208008,15.000000953674316,18.18181800842285,5,9.523809432983398,0,9.523809432983398,0,0,16.65227699279785,25769803776,2147483648,15829565440,790495232
209,1790449610677,4,4,4,4,4,4,4,4,4,4,79.67716217041016,77.82230377197266,77.18053436279297,78.57366943359375,70.29448699951172,79.9887466430664,81.96875,70,45,31.81818199157715,19.047618865966797,9.523809432983398,4.761904716491699,4.761904716491699,13.636363983154297,4.545454502105713,0,16.7301082611084,25769803776,2147483648,15828500480,790495232
201,1790449610887,4,4,4,4,4,4,4,4,4,4,79.67716217041016,77.82230377197266,77.18053436279297,78.57366943359375,70.29448699951172,79.9887466430664,81.96875,47.826087951660156,31.81818199157715,33.333335876464844,33.333335876464844,19.047618865966797,19.047618865966797,0,5,0,0,16.7301082611084,25769803776,2147483648,15825895424,790495232
209,1790449611089,4,4,4,4,4,4,4,4,4,4,79.67716217041016,77.82230377197266,77.18053436279297,78.57366943359375,70.29448699951172,79.9887466430664,81.96875,36.842105865478516,31.57894515991211,10,31.57894515991211,5,4.761904716491699,0,0,0,0,16.7301082611084,25769803776,2147483648,15828729856,790495232
209,1790449611299,4,4,4,4,4,4,4,4,4,4,79.60580444335938,77.83000946044922,77.2086410522461,78.54961395263672,70.33606719970703,79.95040893554688,81.96875,57.142860412597656,42.85714340209961,14.285715103149414,9.090909004211426,4.761904716491699,0,4.545454502105713,9.523809432983398,4.545454502105713,0,16.7301082611084,25769803776,2147483648,15826616320,790495232
209,1790449611509,4,4,4,4,4,4,4,4,4,4,79.60580444335938,77.83000946044922,77.2086410522461,78.54961395263672,70.33606719970703,79.95040893554688,81.96875,23.809524536132813,47.619049072265625,33.333335876464844,14.285715103149414,28.571430206298828,13.636363983154297,0,9.523809432983398,0,0,16.7301082611084,25769803776,2147483648,15823503360,790495232
209,1790449611719,4,4,4,4,4,4,4,4,4,4,79.60580444335938,77.83000946044922,77.2086410522461,78.54961395263672,70.33606719970703,79.95040893554688,81.96875,55,54.54545593261719,20,4.761904716491699,18.18181800842285,0,0,9.090909004211426,0,0,16.62631607055664,25769803776,2147483648,15830794240,790495232
209,1790449611929,4,4,4,4,4,4,4,4,4,4,79.60580444335938,77.83000946044922,77.2086410522461,78.54961395263672,70.33606719970703,79.95040893554688,81.96875,59.09090805053711,40,13.636363983154297,10,4.761904716491699,5,0,9.523809432983398,0,0,16.62631607055664,25769803776,2147483648,15830794240,790495232
209,1790449612139,4,4,4,4,4,4,4,4,4,4,79.57762908935547,77.77320098876953,77.14468383789063,78.52639770507813,70.23995971679688,79.9097671508789,81.734375,52.38095474243164,52.38095474243164,23.809524536132813,18.18181800842285,10,13.636363983154297,4.761904716491699,5,4.545454502105713,0,16.62631607055664,25769803776,2147483648,15830794240,790495232
209,1790449612349,4,4,4,4,4,4,4,4,4,4,79.57762908935547,77.77320098876953,77.14468383789063,78.52639770507813,70.23995971679688,79.9097671508789,81.734375,60.000003814697266,42.85714340209961,9.523809432983398,4.761904716491699,4.545454502105713,4.761904716491699,0,9.523809432983398,0,0,16.62631607055664,25769803776,2147483648,15822684160,790495232
209,1790449612559,4,4,4,4,4,4,4,4,4,4,79.57762908935547,77.77320098876953,77.14468383789063,78.52639770507813,70.23995971679688,79.9097671508789,81.734375,54.54545593261719,27.272727966308594,15.000000953674316,14.285715103149414,30.000001907348633,19.047618865966797,0,13.636363983154297,0,4.545454502105713,16.62631607055664,25769803776,2147483648,15810723840,790495232
209,1790449612769,4,4,4,4,4,4,4,4,4,4,79.57762908935547,77.77320098876953,77.14468383789063,78.52639770507813,70.23995971679688,79.9097671508789,81.734375,47.619049072265625,60.000003814697266,9.523809432983398,0,4.761904716491699,4.761904716491699,0,5,0,0,16.650495529174805,25769803776,2147483648,15815606272,790495232
205,1790449612979,4,4,4,4,4,4,4,4,4,4,79.57762908935547,77.77320098876953,77.14468383789063,78.52639770507813,70.23995971679688,79.9097671508789,81.734375,30.000001907348633,47.619049072265625,14.285715103149414,9.523809432983398,20,9.090909004211426,4.761904716491699,9.523809432983398,4.545454502105713,0,16.650495529174805,25769803776,2147483648,15813836800,790495232
209,1790449613185,4,4,4,4,4,4,4,4,4,4,79.49713134765625,77.744140625,77.0682373046875,78.50499725341797,70.19386291503906,79.8675765991211,81.734375,42.85714340209961,33.333335876464844,28.571430206298828,14.285715103149414,27.272727966308594,21.052631378173828,0,9.523809432983398,0,0,16.650495529174805,25769803776,2147483648,15812083712,790495232
203,1790449613395,4,4,4,4,4,4,4,4,4,4,79.49713134765625,77.744140625,77.0682373046875,78.50499725341797,70.19386291503906,79.8675765991211,81.734375,61.904762268066406,35,14.285715103149414,0,0,4.545454502105713,4.761904716491699,9.523809432983398,0,0,16.650495529174805,25769803776,2147483648,15816835072,790495232
209,1790449613599,4,4,4,4,4,4,4,4,4,4,79.49713134765625,77.744140625,77.0682373046875,78.50499725341797,70.19386291503906,79.8675765991211,81.734375,50,61.904762268066406,15.000000953674316,22.72727394104004,19.047618865966797,15.000000953674316,0,0,0,4.761904716491699,16.650495529174805,25769803776,2147483648,15816835072,790495232
209,1790449613809,4,4,4,4,4,4,4,4,4,4,79.49713134765625,77.744140625,77.0682373046875,78.50499725341797,70.19386291503906,79.8675765991211,81.734375,54.54545593261719,47.619049072265625,9.523809432983398,0,0,4.761904716491699,0,0,9.523809432983398,0,16.539255142211914,25769803776,2147483648,15816835072,790495232
201,1790449614019,4,4,4,4,4,4,4,4,4,4,79.49713134765625,77.744140625,77.0682373046875,78.50499725341797,70.19386291503906,79.8675765991211,81.734375,47.619049072265625,50,10,4.761904716491699,14.285715103149414,4.761904716491699,0,9.523809432983398,0,0,16.539255142211914,25769803776,2147483648,15816835072,790495232
204,1790449614220,4,4,4,4,4,4,4,4,4,4,79.58209991455078,77.77559661865234,76.96774291992188,78.52534484863281,70.06632232666016,79.97428894042969,82.203125,31.57894515991211,52.38095474243164,19.047618865966797,20,15.000000953674316,20,5.263157844543457,0,0,4.761904716491699,16.539255142211914,25769803776,2147483648,15816835072,790495232
203,1790449614424,4,4,4,4,4,4,4,4,4,4,79.58209991455078,77.77559661865234,76.96774291992188,78.52534484863281,70.06632232666016,79.97428894042969,82.203125,52.38095474243164,38.095237731933594,20,4.761904716491699,4.761904716491699,0,9.090909004211426,9.523809432983398,4.761904716491699,0,16.539255142211914,25769803776,2147483648,15817719808,790495232
205,1790449614628,4,4,4,4,4,4,4,4,4,4,79.58209991455078,77.77559661865234,76.96774291992188,78.52534484863281,70.06632232666016,79.97428894042969,82.203125,52.6315803527832,30.000001907348633,14.285715103149414,20,19.047618865966797,9.523809432983398,0,9.523809432983398,4.761904716491699,0,16.539255142211914,25769803776,2147483648,15816998912,790495232
209,1790449614835,4,4,4,4,4,4,4,4,4,4,79.58209991455078,77.77559661865234,76.96774291992188,78.52534484863281,70.06632232666016,79.97428894042969,82.203125,45.45454788208008,40,40,14.285715103149414,15.000000953674316,10,0,5.263157844543457,0,0,16.61916160583496,25769803776,2147483648,15818375168,790495232
209,1790449615045,4,4,4,4,4,4,4,4,4,4,79.58209991455078,77.77559661865234,76.96774291992188,78.52534484863281,70.06632232666016,79.97428894042969,82.203125,57.142860412597656,38.095237731933594,13.636363983154297,4.761904716491699,4.761904716491699,4.545454502105713,0,9.523809432983398,0,0,16.61916160583496,25769803776,2147483648,15818375168,790495232
209,1790449615255,4,4,4,4,4,4,4,4,4,4,79.39559173583984,77.72679901123047,77.01593017578125,78.42414093017578,70.15267944335938,79.80205535888672,82.203125,23.809524536132813,33.333335876464844,33.333335876464844,33.333335876464844,14.285715103149414,25,0,13.636363983154297,0,0,16.61916160583496,25769803776,2147483648,15818375168,790495232
205,1790449615465,4,4,4,4,4,4,4,4,4,4,79.39559173583984,77.72679901123047,77.01593017578125,78.42414093017578,70.15267944335938,79.80205535888672,82.203125,50,47.619049072265625,14.285715103149414,4.761904716491699,4.761904716491699,9.090909004211426,4.545454502105713,9.523809432983398,0,0,16.61916160583496,25769803776,2147483648,15818719232,790495232
209,1790449615671,4,4,4,4,4,4,4,4,4,4,79.39559173583984,77.72679901123047,77.01593017578125,78.42414093017578,70.15267944335938,79.80205535888672,82.203125,61.904762268066406,30.000001907348633,10.526315689086914,5,4.761904716491699,15.000000953674316,0,5,0,0,16.48065757751465,25769803776,2147483648,15817195520,790495232
209,1790449615881,4,4,4,4,4,4,4,4,4,4,79.39559173583984,77.72679901123047,77.01593017578125,78.42414093017578,70.15267944335938,79.80205535888672,82.203125,33.333335876464844,28.571430206298828,27.272727966308594,33.333335876464844,9.523809432983398,14.285715103149414,0,9.523809432983398,4.545454502105713,0,16.48065757751465,25769803776,2147483648,15817506816,790495232
209,1790449616091,4,4,4,4,4,4,4,4,4,4,79.39559173583984,77.72679901123047,77.01593017578125,78.42414093017578,70.15267944335938,79.80205535888672,82.203125,55,50,14.285715103149414,5,9.523809432983398,4.761904716491699,0,4.545454502105713,0,0,16.48065757751465,25769803776,2147483648,15817506816,790495232
209,1790449616301,4,4,4,4,4,4,4,4,4,4,79.372802734375,77.77433013916016,76.99585723876953,78.36636352539063,70.14897918701172,79.78216552734375,81.734375,42.85714340209961,30.000001907348633,35,19.047618865966797,9.523809432983398,28.571430206298828,13.636363983154297,0,4.545454502105713,0,16.48065757751465,25769803776,2147483648,15817506816,790495232
209,1790449616511,4,4,4,4,4,4,4,4,4,4,79.372802734375,77.77433013916016,76.99585723876953,78.36636352539063,70.14897918701172,79.78216552734375,81.734375,54.54545593261719,28.571430206298828,31.81818199157715,9.090909004211426,4.761904716491699,0,0,9.523809432983398,0,0,16.48065757751465,25769803776,2147483648,15814983680,790495232
209,1790449616721,4,4,4,4,4,4,4,4,4,4,79.372802734375,77.77433013916016,76.99585723876953,78.36636352539063,70.14897918701172,79.78216552734375,81.734375,45,45.45454788208008,14.285715103149414,4.761904716491699,4.761904716491699,14.285715103149414,0,5,0,0,16.499149322509766,25769803776,2147483648,15812919296,790495232
209,1790449616931,4,4,4,4,4,4,4,4,4,4,79.372802734375,77.77433013916016,76.99585723876953,78.36636352539063,70.14897918701172,79.78216552734375,81.734375,33.333335876464844,35,42.85714340209961,19.047618865966797,9.523809432983398,14.285715103149414,4.761904716491699,13.636363983154297,0,0,16.499149322509766,25769803776,2147483648,15809626112,790495232
209,1790449617141,4,4,4,4,4,4,4,4,4,4,79.31151580810547,77.71581268310547,76.92890930175781,78.30960845947266,70.10758972167969,79.75707244873047,81.734375,57.142860412597656,42.85714340209961,5,0,4.761904716491699,4.761904716491699,0,5,0,0,16.499149322509766,25769803776,2147483648,15815573504,790495232
209,1790449617351,4,4,4,4,4,4,4,4,4,4,79.31151580810547,77.71581268310547,76.92890930175781,78.30960845947266,70.10758972167969,79.75707244873047,81.734375,47.619049072265625,45,23.809524536132813,13.636363983154297,14.285715103149414,9.523809432983398,0,9.523809432983398,4.761904716491699,0,16.499149322509766,25769803776,2147483648,15810183168,790495232
209,1790449617561,4,4,4,4,4,4,4,4,4,4,79.31151580810547,77.71581268310547,76.92890930175781,78.30960845947266,70.10758972167969,79.75707244873047,81.734375,45.45454788208008,45.45454788208008,14.285715103149414,33.333335876464844,9.523809432983398,9.523809432983398,0,4.761904716491699,4.545454502105713,0,16.499149322509766,25769803776,2147483648,15815983104,790495232
209,1790449617771,4,4,4,4,4,4,4,4,4,4,79.31151580810547,77.71581268310547,76.92890930175781,78.30960845947266,70.10758972167969,79.75707244873047,81.734375,60.000003814697266,47.619049072265625,27.272727966308594,5,0,0,8.69565200805664,13.636363983154297,0,0,16.480121612548828,25769803776,2147483648,15817031680,790495232
209,1790449617981,4,4,4,4,4,4,4,4,4,4,79.31151580810547,77.71581268310547,76.92890930175781,78.30960845947266,70.10758972167969,79.75707244873047,81.734375,36.3636360168457,33.333335876464844,42.85714340209961,14.285715103149414,23.809524536132813,13.636363983154297,0,5,0,0,16.480121612548828,25769803776,2147483648,15811444736,790495232
209,1790449618191,4,4,4,4,4,4,4,4,4,4,79.2469711303711,77.68110656738281,76.90184020996094,78.28874206542969,70.15656280517578,79.71833801269531,81.734375,52.38095474243164,47.619049072265625,14.285715103149414,4.545454502105713,4.545454502105713,4.761904716491699,0,9.523809432983398,0,0,16.480121612548828,25769803776,2147483648,15817146368,790495232
209,1790449618401,4,4,4,4,4,4,4,4,4,4,79.2469711303711,77.68110656738281,76.90184020996094,78.28874206542969,70.15656280517578,79.71833801269531,81.734375,45,45,23.809524536132813,9.523809432983398,9.523809432983398,5,0,9.523809432983398,0,0,16.480121612548828,25769803776,2147483648,15817146368,790495232
209,1790449618611,4,4,4,4,4,4,4,4,4,4,79.2469711303711,77.68110656738281,76.90184020996094,78.28874206542969,70.15656280517578,79.71833801269531,81.734375,42.85714340209961,40.90909194946289,14.285715103149414,19.047618865966797,25,13.636363983154297,4.761904716491699,4.761904716491699,4.761904716491699,0,16.480121612548828,25769803776,2147483648,15817998336,790495232
201,1790449618821,4,4,4,4,4,4,4,4,4,4,79.2469711303711,77.68110656738281,76.90184020996094,78.28874206542969,70.15656280517578,79.71833801269531,81.734375,61.904762268066406,40,15.000000953674316,4.761904716491699,4.761904716491699,4.761904716491699,0,13.636363983154297,0,0,16.3475399017334,25769803776,2147483648,15818424320,790495232
209,1790449619022,4,4,4,4,4,4,4,4,4,4,79.2469711303711,77.68110656738281,76.90184020996094,78.28874206542969,70.15656280517578,79.71833801269531,81.734375,70,25,20,20,14.285715103149414,10,0,0,0,0,16.3475399017334,25769803776,2147483648,15818424320,790495232
209,1790449619232,4,4,4,4,4,4,4,4,4,4,79.21316528320313,77.7139663696289,76.80890655517578,78.23094177246094,69.99183654785156,79.69928741455078,81.5,40,50,13.636363983154297,15.000000953674316,0,4.761904716491699,9.523809432983398,0,0,0,16.3475399017334,25769803776,2147483648,15818424320,790495232
209,1790449619442,4,4,4,4,4,4,4,4,4,4,79.21316528320313,77.7139663696289,76.80890655517578,78.23094177246094,69.99183654785156,79.69928741455078,81.5,54.54545593261719,45,10,13.636363983154297,9.090909004211426,5,0,9.090909004211426,0,0,16.3475399017334,25769803776,2147483648,15818424320,790495232
209,1790449619652,4,4,4,4,4,4,4,4,4,4,79.21316528320313,77.7139663696289,76.80890655517578,78.23094177246094,69.99183654785156,79.69928741455078,81.5,42.85714340209961,50,14.285715103149414,25,10,13.636363983154297,4.761904716491699,5,4.761904716491699,0,16.37165069580078,25769803776,2147483648,15813476352,790495232
209,1790449619862,4,4,4,4,4,4,4,4,4,4,79.21316528320313,77.7139663696289,76.80890655517578,78.23094177246094,69.99183654785156,79.69928741455078,81.5,55,40,9.523809432983398,4.545454502105713,4.545454502105713,4.761904716491699,0,13.636363983154297,4.545454502105713,0,16.37165069580078,25769803776,2147483648,15819309056,790495232
209,1790449620072,4,4,4,4,4,4,4,4,4,4,79.21316528320313,77.7139663696289,76.80890655517578,78.23094177246094,69.99183654785156,79.69928741455078,81.5,66.66667175292969,25,14.285715103149414,9.523809432983398,5,19.047618865966797,4.545454502105713,5,0,0,16.37165069580078,25769803776,2147483648,15819309056,790495232
202,1790449620282,4,4,4,4,4,4,4,4,4,4,79.16387176513672,77.61453247070313,76.78617095947266,78.1942138671875,70.02642822265625,79.64408874511719,81.5,57.142860412597656,38.095237731933594,36.3636360168457,10,13.636363983154297,14.285715103149414,0,9.523809432983398,0,0,16.37165069580078,25769803776,2147483648,15819309056,790495232
202,1790449620485,4,4,4,4,4,4,4,4,4,4,79.16387176513672,77.61453247070313,76.78617095947266,78.1942138671875,70.02642822265625,79.64408874511719,81.5,50,40.90909194946289,15.789472579956055,9.090909004211426,5,5,0,10,0,0,16.37165069580078,25769803776,2147483648,15819309056,790495232
209,1790449620688,4,4,4,4,4,4,4,4,4,4,79.16387176513672,77.61453247070313,76.78617095947266,78.1942138671875,70.02642822265625,79.64408874511719,81.5,30.000001907348633,60.000003814697266,33.333335876464844,20,10,15.000000953674316,0,9.523809432983398,0,0,16.35687828063965,25769803776,2147483648,15815688192,790495232
209,1790449620898,4,4,4,4,4,4,4,4,4,4,79.16387176513672,77.61453247070313,76.78617095947266,78.1942138671875,70.02642822265625,79.64408874511719,81.5,57.142860412597656,40,9.523809432983398,0,0,0,0,9.523809432983398,0,0,16.35687828063965,25769803776,2147483648,15820963840,790495232
209,1790449621108,4,4,4,4,4,4,4,4,4,4,79.16387176513672,77.61453247070313,76.78617095947266,78.1942138671875,70.02642822265625,79.64408874511719,81.5,52.38095474243164,38.095237731933594,25,9.523809432983398,5,4.761904716491699,9.090909004211426,9.523809432983398,0,4.545454502105713,16.35687828063965,25769803776,2147483648,15820963840,790495232
209,1790449621318,4,4,4,4,4,4,4,4,4,4,79.10820770263672,77.60187530517578,76.86367797851563,78.16703033447266,70.11605072021484,79.5976333618164,81.5,40.90909194946289,50,33.333335876464844,9.523809432983398,13.636363983154297,13.636363983154297,0,9.523809432983398,4.545454502105713,0,16.35687828063965,25769803776,2147483648,15820963840,790495232
209,1790449621528,4,4,4,4,4,4,4,4,4,4,79.10820770263672,77.60187530517578,76.86367797851563,78.16703033447266,70.11605072021484,79.5976333618164,81.5,50,50,18.18181800842285,4.761904716491699,4.761904716491699,0,0,4.761904716491699,0,0,16.35687828063965,25769803776,2147483648,15820963840,790495232
209,1790449621738,4,4,4,4,4,4,4,4,4,4,79.10820770263672,77.60187530517578,76.86367797851563,78.16703033447266,70.11605072021484,79.5976333618164,81.5,33.333335876464844,47.619049072265625,28.571430206298828,14.285715103149414,14.285715103149414,33.333335876464844,0,4.761904716491699,0,0,16.393339157104492,25769803776,2147483648,15816966144,790495232
209,1790449621948,4,4,4,4,4,4,4,4,4,4,79.10820770263672,77.60187530517578,76.86367797851563,78.16703033447266,70.11605072021484,79.5976333618164,81.5,42.85714340209961,61.904762268066406,5,4.761904716491699,0,4.761904716491699,0,9.523809432983398,0,0,16.393339157104492,25769803776,2147483648,15821996032,790495232
209,1790449622158,4,4,4,4,4,4,4,4,4,4,79.06006622314453,77.5067138671875,76.74131774902344,78.14342498779297,69.94477844238281,79.56927490234375,81.5,57.142860412597656,42.85714340209961,14.285715103149414,4.761904716491699,13.636363983154297,4.761904716491699,0,5,4.545454502105713,0,16.393339157104492,25769803776,2147483648,15819948032,790495232
203,1790449622368,4,4,4,4,4,4,4,4,4,4,79.06006622314453,77.5067138671875,76.74131774902344,78.14342498779297,69.94477844238281,79.56927490234375,81.5,38.095237731933594,33.333335876464844,14.285715103149414,42.85714340209961,19.047618865966797,9.523809432983398,4.545454502105713,13.636363983154297,0,0,16.393339157104492,25769803776,2147483648,15816753152,790495232
209,1790449622571,4,4,4,4,4,4,4,4,4,4,79.06006622314453,77.5067138671875,76.74131774902344,78.14342498779297,69.94477844238281,79.56927490234375,81.5,65,35,10,5,0,5,0,9.523809432983398,0,0,16.393339157104492,25769803776,2147483648,15824289792,790495232
209,1790449622781,4,4,4,4,4,4,4,4,4,4,79.06006622314453,77.5067138671875,76.74131774902344,78.14342498779297,69.94477844238281,79.56927490234375,81.5,57.142860412597656,33.333335876464844,28.571430206298828,18.18181800842285,28.571430206298828,9.090909004211426,0,5,4.545454502105713,0,16.140830993652344,25769803776,2147483648,15813476352,790495232
203,1790449622991,4,4,4,4,4,4,4,4,4,4,79.06006622314453,77.5067138671875,76.74131774902344,78.14342498779297,69.94477844238281,79.56927490234375,81.5,38.095237731933594,66.66667175292969,18.18181800842285,10,14.285715103149414,9.523809432983398,4.545454502105713,9.523809432983398,0,0,16.140830993652344,25769803776,2147483648,15815213056,790495232
209,1790449623195,4,4,4,4,4,4,4,4,4,4,78.99324035644531,77.48589324951172,76.78282928466797,78.0808334350586,69.98847198486328,79.50984954833984,81.5,57.142860412597656,45,5.263157844543457,4.761904716491699,9.523809432983398,5,4.761904716491699,10,0,0,16.140830993652344,25769803776,2147483648,15815213056,790495232
209,1790449623405,4,4,4,4,4,4,4,4,4,4,78.99324035644531,77.48589324951172,76.78282928466797,78.0808334350586,69.98847198486328,79.50984954833984,81.5,45,28.571430206298828,27.272727966308594,28.571430206298828,19.047618865966797,19.047618865966797,0,9.523809432983398,0,0,16.140830993652344,25769803776,2147483648,15815213056,790495232
209,1790449623615,4,4,4,4,4,4,4,4,4,4,78.99324035644531,77.48589324951172,76.78282928466797,78.0808334350586,69.98847198486328,79.50984954833984,81.5,47.619049072265625,38.095237731933594,15.000000953674316,9.523809432983398,0,0,0,9.523809432983398,0,0,16.140830993652344,25769803776,2147483648,15815213056,790495232
209,1790449623825,4,4,4,4,4,4,4,4,4,4,78.99324035644531,77.48589324951172,76.78282928466797,78.0808334350586,69.98847198486328,79.50984954833984,81.5,42.85714340209961,45.45454788208008,31.81818199157715,10,4.761904716491699,5,0,9.523809432983398,0,0,16.264102935791016,25769803776,2147483648,15813754880,790495232
209,1790449624035,4,4,4,4,4,4,4,4,4,4,78.99324035644531,77.48589324951172,76.78282928466797,78.0808334350586,69.98847198486328,79.50984954833984,81.5,31.81818199157715,38.095237731933594,40,14.285715103149414,13.636363983154297,19.047618865966797,0,9.523809432983398,0,0,16.264102935791016,25769803776,2147483648,15810445312,790495232
204,1790449624245,4,4,4,4,4,4,4,4,4,4,78.95046997070313,77.4421615600586,76.73239135742188,78.00572967529297,69.90563201904297,79.45564270019531,81.265625,63.15789031982422,31.57894515991211,13.636363983154297,9.090909004211426,0,4.545454502105713,0,9.523809432983398,4.545454502105713,0,16.264102935791016,25769803776,2147483648,15817031680,790495232
209,1790449624450,4,4,4,4,4,4,4,4,4,4,78.95046997070313,77.4421615600586,76.73239135742188,78.00572967529297,69.90563201904297,79.45564270019531,81.265625,42.85714340209961,23.809524536132813,15.000000953674316,10.526315689086914,5,35,4.545454502105713,0,0,0,16.264102935791016,25769803776,2147483648,15817031680,790495232
209,1790449624660,4,4,4,4,4,4,4,4,4,4,78.95046997070313,77.4421615600586,76.73239135742188,78.00572967529297,69.90563201904297,79.45564270019531,81.265625,45.45454788208008,52.38095474243164,14.285715103149414,36.3636360168457,13.636363983154297,14.285715103149414,4.761904716491699,9.523809432983398,0,0,16.152246475219727,25769803776,2147483648,15817031680,790495232
209,1790449624870,4,4,4,4,4,4,4,4,4,4,78.95046997070313,77.4421615600586,76.73239135742188,78.00572967529297,69.90563201904297,79.45564270019531,81.265625,55,33.333335876464844,14.285715103149414,5,4.761904716491699,0,0,9.090909004211426,0,0,16.152246475219727,25769803776,2147483648,15818375168,790495232
202,1790449625080,4,4,4,4,4,4,4,4,4,4,78.95046997070313,77.4421615600586,76.73239135742188,78.00572967529297,69.90563201904297,79.45564270019531,81.265625,47.619049072265625,38.095237731933594,28.571430206298828,14.285715103149414,20,13.636363983154297,0,9.523809432983398,0,0,16.152246475219727,25769803776,2147483648,15816212480,790495232
202,1790449625282,4,4,4,4,4,4,4,4,4,4,78.93501281738281,77.36981201171875,76.68669891357422,77.9608154296875,69.80104064941406,79.4396743774414,81.265625,60.000003814697266,40,19.047618865966797,9.090909004211426,9.090909004211426,5,0,10,0,4.761904716491699,16.152246475219727,25769803776,2147483648,15816212480,790495232
209,1790449625485,4,4,4,4,4,4,4,4,4,4,78.93501281738281,77.36981201171875,76.68669891357422,77.9608154296875,69.80104064941406,79.4396743774414,81.265625,33.333335876464844,57.142860412597656,15.000000953674316,10.526315689086914,5,5,0,10,0,25,16.152246475219727,25769803776,2147483648,15816212480,790495232
7,1790449625695,4,4,4,4,4,4,4,4,4,4,78.93501281738281,77.36981201171875,76.68669891357422,77.9608154296875,69.80104064941406,79.4396743774414,81.265625,38.095237731933594,57.142860412597656,25,14.285715103149414,10,28.571430206298828,9.523809432983398,18.18181800842285,27.272727966308594,9.090909004211426,16.164710998535156,25769803776,2147483648,15816212480,790495232
