Delta,Time,CPU_FREQUENCY_0,CPU_FREQUENCY_1,CPU_FREQUENCY_2,CPU_FREQUENCY_3,CPU_FREQUENCY_4,CPU_FREQUENCY_5,CPU_FREQUENCY_6,CPU_FREQUENCY_7,CPU_FREQUENCY_8,CPU_FREQUENCY_9,CPU_TEMP_0,CPU_TEMP_1,CPU_TEMP_2,CPU_TEMP_3,CPU_TEMP_4,CPU_TEMP_5,CPU_TEMP_6,CPU_USAGE_0,CPU_USAGE_1,CPU_USAGE_2,CPU_USAGE_3,CPU_USAGE_4,CPU_USAGE_5,CPU_USAGE_6,CPU_USAGE_7,CPU_USAGE_8,CPU_USAGE_9,SYSTEM_POWER (Watts),TOTAL_MEMORY,TOTAL_SWAP,USED_MEMORY,USED_SWAP
0,1790939170045,4,4,4,4,4,4,4,4,4,4,65.83099365234375,65.88570404052734,65.79497528076172,65.3073959350586,58.72759246826172,65.93692779541016,73.1875,0,NaN,0,0,0,0,0,0,0,0,1.9658355712890625,25769803776,0,18679463936,0
202,1790939170045,4,4,4,4,4,4,4,4,4,4,65.83099365234375,65.88570404052734,65.79497528076172,65.3073959350586,58.72759246826172,65.93692779541016,73.1875,100,50,0,0,NaN,NaN,NaN,0,0,0,1.9658355712890625,25769803776,0,18679463936,0
204,1790939170247,4,4,4,4,4,4,4,4,4,4,65.43025970458984,65.87932586669922,65.6133804321289,64.85147094726563,58.62491226196289,65.5843276977539,72.484375,0,0,0,0,0,0,38.095237731933594,5,0,0,1.9658355712890625,25769803776,0,18679463936,0
204,1790939170452,4,4,4,4,4,4,4,4,4,4,65.43025970458984,65.87932586669922,65.6133804321289,64.85147094726563,58.62491226196289,65.5843276977539,72.484375,9.523809432983398,0,0,0,4.761904716491699,0,0,5,0,0,1.9658355712890625,25769803776,0,18679463936,0
204,1790939170657,4,4,4,4,4,4,4,4,4,4,65.43025970458984,65.87932586669922,65.6133804321289,64.85147094726563,58.62491226196289,65.5843276977539,72.484375,0,0,0,0,0,0,4.761904716491699,0,0,0,2.147855281829834,25769803776,0,18679463936,0
204,1790939170862,4,4,4,4,4,4,4,4,4,4,65.43025970458984,65.87932586669922,65.6133804321289,64.85147094726563,58.62491226196289,65.5843276977539,72.484375,4.761904716491699,4.761904716491699,0,0,0,0,0,0,0,0,2.147855281829834,25769803776,0,18701860864,0
204,1790939171067,4,4,4,4,4,4,4,4,4,4,65.43025970458984,65.87932586669922,65.6133804321289,64.85147094726563,58.62491226196289,65.5843276977539,72.484375,0,0,0,0,0,0,9.090909004211426,0,4.761904716491699,0,2.147855281829834,25769803776,0,18689064960,0
204,1790939171272,4,4,4,4,4,4,4,4,4,4,75.51161193847656,69.83245849609375,69.0991439819336,73.08522033691406,62.093841552734375,74.605712890625,77.953125,0,4.761904716491699,4.761904716491699,0,0,0,5,0,0,0,2.147855281829834,25769803776,0,18689064960,0
204,1790939171477,4,4,4,4,4,4,4,4,4,4,75.51161193847656,69.83245849609375,69.0991439819336,73.08522033691406,62.093841552734375,74.605712890625,77.953125,4.761904716491699,0,0,0,0,0,4.761904716491699,9.090909004211426,0,0,2.147855281829834,25769803776,0,18689064960,0
204,1790939171682,4,4,4,4,4,4,4,4,4,4,75.51161193847656,69.83245849609375,69.0991439819336,73.08522033691406,62.093841552734375,74.605712890625,77.953125,0,0,0,0,0,0,5,0,0,0,20.063087463378906,25769803776,0,18689064960,0
202,1790939171887,4,4,4,4,4,4,4,4,4,4,75.51161193847656,69.83245849609375,69.0991439819336,73.08522033691406,62.093841552734375,74.605712890625,77.953125,4.761904716491699,4.761904716491699,0,0,0,0,5,0,0,0,20.063087463378906,25769803776,0,18688737280,0
204,1790939172089,4,4,4,4,4,4,4,4,4,4,75.51161193847656,69.83245849609375,69.0991439819336,73.08522033691406,62.093841552734375,74.605712890625,77.953125,0,0,0,0,0,0,9.523809432983398,0,0,0,20.063087463378906,25769803776,0,18676088832,0
201,1790939172295,4,4,4,4,4,4,4,4,4,4,77.97125244140625,73.2694320678711,72.2712631225586,75.81463623046875,65.0946273803711,77.55538177490234,82.5625,4.761904716491699,0,0,0,0,0,5,0,0,0,20.063087463378906,25769803776,0,18677874688,0
204,1790939172496,4,4,4,4,4,4,4,4,4,4,77.97125244140625,73.2694320678711,72.2712631225586,75.81463623046875,65.0946273803711,77.55538177490234,82.5625,19.047618865966797,19.047618865966797,10,9.523809432983398,0,0,5,0,0,0,20.063087463378906,25769803776,0,18676662272,0
204,1790939172701,4,4,4,4,4,4,4,4,4,4,77.97125244140625,73.2694320678711,72.2712631225586,75.81463623046875,65.0946273803711,77.55538177490234,82.5625,5.263157844543457,0,0,0,0,4.545454502105713,5,0,4.761904716491699,0,21.70061492919922,25769803776,0,18676711424,0
204,1790939172906,4,4,4,4,4,4,4,4,4,4,77.97125244140625,73.2694320678711,72.2712631225586,75.81463623046875,65.0946273803711,77.55538177490234,82.5625,4.761904716491699,9.523809432983398,4.761904716491699,0,0,0,9.523809432983398,0,0,0,21.70061492919922,25769803776,0,18676465664,0
204,1790939173111,4,4,4,4,4,4,4,4,4,4,78.38407897949219,74.60028839111328,73.64405059814453,76.60746002197266,66.40587615966797,78.42898559570313,79.609375,9.523809432983398,0,4.761904716491699,0,0,0,4.761904716491699,4.761904716491699,0,0,21.70061492919922,25769803776,0,18676514816,0
204,1790939173316,4,4,4,4,4,4,4,4,4,4,78.38407897949219,74.60028839111328,73.64405059814453,76.60746002197266,66.40587615966797,78.42898559570313,79.609375,5,9.523809432983398,0,0,0,0,9.523809432983398,4.761904716491699,0,0,21.70061492919922,25769803776,0,18676465664,0
204,1790939173521,4,4,4,4,4,4,4,4,4,4,78.38407897949219,74.60028839111328,73.64405059814453,76.60746002197266,66.40587615966797,78.42898559570313,79.609375,0,0,4.761904716491699,0,0,0,5,0,0,0,21.70061492919922,25769803776,0,18676645888,0
204,1790939173726,4,4,4,4,4,4,4,4,4,4,78.38407897949219,74.60028839111328,73.64405059814453,76.60746002197266,66.40587615966797,78.42898559570313,79.609375,9.090909004211426,4.761904716491699,0,4.761904716491699,4.545454502105713,0,5,0,0,0,22.242551803588867,25769803776,0,18676842496,0
204,1790939173931,4,4,4,4,4,4,4,4,4,4,78.38407897949219,74.60028839111328,73.64405059814453,76.60746002197266,66.40587615966797,78.42898559570313,79.609375,5,5,4.761904716491699,4.761904716491699,0,0,5,0,0,0,22.242551803588867,25769803776,0,18676695040,0
201,1790939174136,4,4,4,4,4,4,4,4,4,4,77.0002212524414,74.42151641845703,73.54813385009766,75.1286392211914,66.26873016357422,76.4976577758789,79.140625,5,9.523809432983398,5,0,0,0,9.523809432983398,0,0,0,22.242551803588867,25769803776,0,18676809728,0
204,1790939174337,4,4,4,4,4,4,4,4,4,4,77.0002212524414,74.42151641845703,73.54813385009766,75.1286392211914,66.26873016357422,76.4976577758789,79.140625,10,5,5,0,0,0,5,0,0,0,22.242551803588867,25769803776,0,18676809728,0
202,1790939174542,4,4,4,4,4,4,4,4,4,4,77.0002212524414,74.42151641845703,73.54813385009766,75.1286392211914,66.26873016357422,76.4976577758789,79.140625,5,5,0,0,0,0,9.523809432983398,4.761904716491699,9.090909004211426,0,22.242551803588867,25769803776,0,18675400704,0
204,1790939174745,4,4,4,4,4,4,4,4,4,4,77.0002212524414,74.42151641845703,73.54813385009766,75.1286392211914,66.26873016357422,76.4976577758789,79.140625,9.523809432983398,5,4.761904716491699,0,0,0,5,4.761904716491699,0,0,16.011157989501953,25769803776,0,18675400704,0
204,1790939174950,4,4,4,4,4,4,4,4,4,4,77.0002212524414,74.42151641845703,73.54813385009766,75.1286392211914,66.26873016357422,76.4976577758789,79.140625,5,5,0,0,4.761904716491699,0,5,0,0,0,16.011157989501953,25769803776,0,18674810880,0
204,1790939175155,4,4,4,4,4,4,4,4,4,4,75.7210693359375,73.59418487548828,72.8348159790039,73.88325500488281,65.53414154052734,75.24732971191406,77.484375,5,4.761904716491699,4.761904716491699,0,0,0,9.523809432983398,0,0,0,16.011157989501953,25769803776,0,18674827264,0
204,1790939175360,4,4,4,4,4,4,4,4,4,4,75.7210693359375,73.59418487548828,72.8348159790039,73.88325500488281,65.53414154052734,75.24732971191406,77.484375,9.523809432983398,5,0,4.761904716491699,0,0,0,0,0,0,16.011157989501953,25769803776,0,18674630656,0
204,1790939175565,4,4,4,4,4,4,4,4,4,4,75.7210693359375,73.59418487548828,72.8348159790039,73.88325500488281,65.53414154052734,75.24732971191406,77.484375,5,9.523809432983398,4.761904716491699,4.761904716491699,0,0,9.523809432983398,0,0,0,16.011157989501953,25769803776,0,18674630656,0
204,1790939175770,4,4,4,4,4,4,4,4,4,4,75.7210693359375,73.59418487548828,72.8348159790039,73.88325500488281,65.53414154052734,75.24732971191406,77.484375,9.523809432983398,0,4.761904716491699,0,0,0,5,0,0,0,13.225969314575195,25769803776,0,18674630656,0
204,1790939175975,4,4,4,4,4,4,4,4,4,4,75.7210693359375,73.59418487548828,72.8348159790039,73.88325500488281,65.53414154052734,75.24732971191406,77.484375,5,9.523809432983398,0,0,0,0,9.523809432983398,0,0,0,13.225969314575195,25769803776,0,18676465664,0
204,1790939176179,4,4,4,4,4,4,4,4,4,4,76.23503875732422,73.84952545166016,73.06069946289063,74.28565216064453,65.76589965820313,75.59386444091797,77.953125,5,9.523809432983398,0,0,0,0,0,4.761904716491699,0,0,13.225969314575195,25769803776,0,18674434048,0
204,1790939176384,4,4,4,4,4,4,4,4,4,4,76.23503875732422,73.84952545166016,73.06069946289063,74.28565216064453,65.76589965820313,75.59386444091797,77.953125,5,5,9.090909004211426,0,0,0,4.761904716491699,4.761904716491699,0,0,13.225969314575195,25769803776,0,18673696768,0
204,1790939176589,4,4,4,4,4,4,4,4,4,4,76.23503875732422,73.84952545166016,73.06069946289063,74.28565216064453,65.76589965820313,75.59386444091797,77.953125,9.523809432983398,9.523809432983398,0,4.761904716491699,0,0,9.523809432983398,0,4.761904716491699,0,13.225969314575195,25769803776,0,18673696768,0
204,1790939176794,4,4,4,4,4,4,4,4,4,4,76.23503875732422,73.84952545166016,73.06069946289063,74.28565216064453,65.76589965820313,75.59386444091797,77.953125,10,5,0,4.761904716491699,0,0,0,0,0,0,14.997264862060547,25769803776,0,18673696768,0
200,1790939176999,4,4,4,4,4,4,4,4,4,4,76.23503875732422,73.84952545166016,73.06069946289063,74.28565216064453,65.76589965820313,75.59386444091797,77.953125,5,5,0,0,0,0,9.523809432983398,0,0,0,14.997264862060547,25769803776,0,18673745920,0
200,1790939177200,4,4,4,4,4,4,4,4,4,4,76.96879577636719,74.22874450683594,73.37992858886719,75.07660675048828,66.08357238769531,76.41638946533203,78.4375,5,10,9.523809432983398,0,4.761904716491699,0,5,0,0,0,14.997264862060547,25769803776,0,18673762304,0
200,1790939177400,4,4,4,4,4,4,4,4,4,4,76.96879577636719,74.22874450683594,73.37992858886719,75.07660675048828,66.08357238769531,76.41638946533203,78.4375,10,9.523809432983398,0,0,0,0,9.523809432983398,0,0,0,14.997264862060547,25769803776,0,18667470848,0
204,1790939177601,4,4,4,4,4,4,4,4,4,4,76.96879577636719,74.22874450683594,73.37992858886719,75.07660675048828,66.08357238769531,76.41638946533203,78.4375,5,5.263157844543457,0,0,0,0,0,9.523809432983398,0,0,14.997264862060547,25769803776,0,18667143168,0
202,1790939177806,4,4,4,4,4,4,4,4,4,4,76.96879577636719,74.22874450683594,73.37992858886719,75.07660675048828,66.08357238769531,76.41638946533203,78.4375,5,4.761904716491699,0,0,0,0,0,5,0,0,15.859447479248047,25769803776,0,18667143168,0
204,1790939178008,4,4,4,4,4,4,4,4,4,4,76.96879577636719,74.22874450683594,73.37992858886719,75.07660675048828,66.08357238769531,76.41638946533203,78.4375,9.523809432983398,5,4.761904716491699,0,0,0,0,9.523809432983398,4.761904716491699,0,15.859447479248047,25769803776,0,18667126784,0
204,1790939178213,4,4,4,4,4,4,4,4,4,4,77.22628021240234,74.18256378173828,73.99188232421875,75.32457733154297,66.98988342285156,76.72797393798828,78.671875,20,23.809524536132813,4.761904716491699,9.523809432983398,0,0,0,5,0,0,15.859447479248047,25769803776,0,18667175936,0
204,1790939178418,4,4,4,4,4,4,4,4,4,4,77.22628021240234,74.18256378173828,73.99188232421875,75.32457733154297,66.98988342285156,76.72797393798828,78.671875,10,5,0,4.761904716491699,0,0,4.761904716491699,9.523809432983398,0,0,15.859447479248047,25769803776,0,18667126784,0
204,1790939178623,4,4,4,4,4,4,4,4,4,4,77.22628021240234,74.18256378173828,73.99188232421875,75.32457733154297,66.98988342285156,76.72797393798828,78.671875,9.523809432983398,5,0,0,0,0,0,5,4.545454502105713,0,15.905299186706543,25769803776,0,18667143168,0
204,1790939178828,4,4,4,4,4,4,4,4,4,4,77.22628021240234,74.18256378173828,73.99188232421875,75.32457733154297,66.98988342285156,76.72797393798828,78.671875,5.263157844543457,5,4.761904716491699,4.761904716491699,0,0,9.090909004211426,0,0,0,15.905299186706543,25769803776,0,18667044864,0
202,1790939179033,4,4,4,4,4,4,4,4,4,4,77.22628021240234,74.18256378173828,73.99188232421875,75.32457733154297,66.98988342285156,76.72797393798828,78.671875,9.523809432983398,4.761904716491699,0,0,4.761904716491699,0,0,9.523809432983398,0,0,15.905299186706543,25769803776,0,18667323392,0
204,1790939179236,4,4,4,4,4,4,4,4,4,4,77.40852355957031,74.45729064941406,74.31999969482422,75.61426544189453,67.43805694580078,77.01809692382813,79.140625,9.523809432983398,4.761904716491699,0,0,0,0,0,5,0,0,15.905299186706543,25769803776,0,18667274240,0
204,1790939179441,4,4,4,4,4,4,4,4,4,4,77.40852355957031,74.45729064941406,74.31999969482422,75.61426544189453,67.43805694580078,77.01809692382813,79.140625,5.263157844543457,0,0,0,0,4.545454502105713,0,9.523809432983398,0,0,15.905299186706543,25769803776,0,18667274240,0
204,1790939179646,4,4,4,4,4,4,4,4,4,4,77.40852355957031,74.45729064941406,74.31999969482422,75.61426544189453,67.43805694580078,77.01809692382813,79.140625,9.523809432983398,4.761904716491699,0,0,0,0,4.761904716491699,0,0,0,15.875967979431152,25769803776,0,18667274240,0
204,1790939179851,4,4,4,4,4,4,4,4,4,4,77.40852355957031,74.45729064941406,74.31999969482422,75.61426544189453,67.43805694580078,77.01809692382813,79.140625,0,4.761904716491699,0,0,0,0,4.761904716491699,0,4.761904716491699,0,15.875967979431152,25769803776,0,18667274240,0
204,1790939180056,4,4,4,4,4,4,4,4,4,4,77.40852355957031,74.45729064941406,74.31999969482422,75.61426544189453,67.43805694580078,77.01809692382813,79.140625,9.523809432983398,0,4.545454502105713,0,0,0,0,5,0,0,15.875967979431152,25769803776,0,18667159552,0
204,1790939180261,4,4,4,4,4,4,4,4,4,4,77.55123138427734,74.65374755859375,74.40192413330078,75.85394287109375,67.51911163330078,77.20664978027344,79.140625,10,0,0,0,0,0,0,5,0,0,15.875967979431152,25769803776,0,18667061248,0
203,1790939180466,4,4,4,4,4,4,4,4,4,4,77.55123138427734,74.65374755859375,74.40192413330078,75.85394287109375,67.51911163330078,77.20664978027344,79.140625,5,5,4.761904716491699,0,0,0,0,4.761904716491699,0,0,15.875967979431152,25769803776,0,18660818944,0
204,1790939180670,4,4,4,4,4,4,4,4,4,4,77.55123138427734,74.65374755859375,74.40192413330078,75.85394287109375,67.51911163330078,77.20664978027344,79.140625,4.761904716491699,4.761904716491699,0,0,0,0,0,9.523809432983398,0,0,15.727246284484863,25769803776,0,18660818944,0
204,1790939180875,4,4,4,4,4,4,4,4,4,4,77.55123138427734,74.65374755859375,74.40192413330078,75.85394287109375,67.51911163330078,77.20664978027344,79.140625,0,4.761904716491699,0,0,0,0,0,5,0,0,15.727246284484863,25769803776,0,18660818944,0
204,1790939181080,4,4,4,4,4,4,4,4,4,4,77.55123138427734,74.65374755859375,74.40192413330078,75.85394287109375,67.51911163330078,77.20664978027344,79.140625,9.090909004211426,0,0,0,0,0,9.090909004211426,9.523809432983398,0,0,15.727246284484863,25769803776,0,18652119040,0
204,1790939181285,4,4,4,4,4,4,4,4,4,4,77.72727966308594,74.77288055419922,74.57567596435547,76.088623046875,67.85306549072266,77.42420959472656,79.375,0,0,0,0,0,0,0,5,4.761904716491699,0,15.727246284484863,25769803776,0,18652119040,0
204,1790939181490,4,4,4,4,4,4,4,4,4,4,77.72727966308594,74.77288055419922,74.57567596435547,76.088623046875,67.85306549072266,77.42420959472656,79.375,4.761904716491699,4.761904716491699,0,0,0,0,0,5,0,0,15.727246284484863,25769803776,0,18652397568,0
203,1790939181695,4,4,4,4,4,4,4,4,4,4,77.72727966308594,74.77288055419922,74.57567596435547,76.088623046875,67.85306549072266,77.42420959472656,79.375,0,0,0,0,0,0,0,4.761904716491699,0,4.761904716491699,15.777236938476563,25769803776,0,18652397568,0
204,1790939181898,4,4,4,4,4,4,4,4,4,4,77.72727966308594,74.77288055419922,74.57567596435547,76.088623046875,67.85306549072266,77.42420959472656,79.375,4.761904716491699,0,0,0,0,0,0,5,4.761904716491699,0,15.777236938476563,25769803776,0,18652397568,0
202,1790939182103,4,4,4,4,4,4,4,4,4,4,77.93303680419922,74.97219848632813,74.81411743164063,76.24816131591797,68.15339660644531,77.71659088134766,80.3125,0,0,0,0,0,0,0,9.523809432983398,0,0,15.777236938476563,25769803776,0,18639323136,0
204,1790939182306,4,4,4,4,4,4,4,4,4,4,77.93303680419922,74.97219848632813,74.81411743164063,76.24816131591797,68.15339660644531,77.71659088134766,80.3125,0,4.761904716491699,0,0,0,0,0,5,0,0,15.777236938476563,25769803776,0,18639323136,0
204,1790939182511,4,4,4,4,4,4,4,4,4,4,77.93303680419922,74.97219848632813,74.81411743164063,76.24816131591797,68.15339660644531,77.71659088134766,80.3125,13.636363983154297,4.761904716491699,0,0,0,0,9.090909004211426,9.523809432983398,0,0,15.777236938476563,25769803776,0,18639077376,0
204,1790939182716,4,4,4,4,4,4,4,4,4,4,77.93303680419922,74.97219848632813,74.81411743164063,76.24816131591797,68.15339660644531,77.71659088134766,80.3125,0,0,0,0,0,0,0,5,0,0,15.731450080871582,25769803776,0,18639044608,0
204,1790939182921,4,4,4,4,4,4,4,4,4,4,77.93303680419922,74.97219848632813,74.81411743164063,76.24816131591797,68.15339660644531,77.71659088134766,80.3125,5,0,0,0,4.761904716491699,0,0,9.523809432983398,0,0,15.731450080871582,25769803776,0,18639044608,0
204,1790939183126,4,4,4,4,4,4,4,4,4,4,78.0656509399414,75.13481903076172,75.03215789794922,76.41734313964844,68.2795181274414,77.96966552734375,79.84375,0,4.761904716491699,4.761904716491699,0,0,0,0,0,0,0,15.731450080871582,25769803776,0,18639093760,0
204,1790939183331,4,4,4,4,4,4,4,4,4,4,78.0656509399414,75.13481903076172,75.03215789794922,76.41734313964844,68.2795181274414,77.96966552734375,79.84375,4.761904716491699,0,0,0,0,0,0,0,0,0,15.731450080871582,25769803776,0,18640764928,0
202,1790939183536,4,4,4,4,4,4,4,4,4,4,78.0656509399414,75.13481903076172,75.03215789794922,76.41734313964844,68.2795181274414,77.96966552734375,79.84375,0,0,4.761904716491699,0,0,0,0,9.090909004211426,0,0,15.731450080871582,25769803776,0,18640764928,0
199,1790939183738,4,4,4,4,4,4,4,4,4,4,78.0656509399414,75.13481903076172,75.03215789794922,76.41734313964844,68.2795181274414,77.96966552734375,79.84375,0,0,0,0,0,0,4.761904716491699,5,0,0,16.016801834106445,25769803776,0,18640764928,0
204,1790939183938,4,4,4,4,4,4,4,4,4,4,78.0656509399414,75.13481903076172,75.03215789794922,76.41734313964844,68.2795181274414,77.96966552734375,79.84375,9.523809432983398,0,0,5,0,0,0,10,0,0,16.016801834106445,25769803776,0,18640764928,0
201,1790939184143,4,4,4,4,4,4,4,4,4,4,78.16092681884766,75.44194793701172,75.38729095458984,76.73871612548828,68.6965103149414,78.20433807373047,81.96875,0,0,0,0,0,0,0,5,4.545454502105713,0,16.016801834106445,25769803776,0,18638585856,0
204,1790939184345,4,4,4,4,4,4,4,4,4,4,78.16092681884766,75.44194793701172,75.38729095458984,76.73871612548828,68.6965103149414,78.20433807373047,81.96875,5,4.761904716491699,0,0,0,0,4.761904716491699,9.523809432983398,4.761904716491699,0,16.016801834106445,25769803776,0,18638585856,0
204,1790939184550,4,4,4,4,4,4,4,4,4,4,78.16092681884766,75.44194793701172,75.38729095458984,76.73871612548828,68.6965103149414,78.20433807373047,81.96875,0,0,0,0,0,0,0,0,0,0,16.016801834106445,25769803776,0,18638061568,0
204,1790939184755,4,4,4,4,4,4,4,4,4,4,78.16092681884766,75.44194793701172,75.38729095458984,76.73871612548828,68.6965103149414,78.20433807373047,81.96875,4.761904716491699,4.545454502105713,0,4.545454502105713,0,0,0,9.090909004211426,0,0,16.11166000366211,25769803776,0,18638061568,0
204,1790939184960,4,4,4,4,4,4,4,4,4,4,78.16092681884766,75.44194793701172,75.38729095458984,76.73871612548828,68.6965103149414,78.20433807373047,81.96875,0,0,0,0,0,0,0,5,0,0,16.11166000366211,25769803776,0,18638061568,0
204,1790939185165,4,4,4,4,4,4,4,4,4,4,78.29742431640625,75.55816650390625,75.51700592041016,76.96642303466797,68.87749481201172,78.4215087890625,81.265625,0,0,0,0,0,0,0,9.523809432983398,0,0,16.11166000366211,25769803776,0,18638061568,0
203,1790939185370,4,4,4,4,4,4,4,4,4,4,78.29742431640625,75.55816650390625,75.51700592041016,76.96642303466797,68.87749481201172,78.4215087890625,81.265625,31.81818199157715,31.57894515991211,0,0,0,4.545454502105713,4.761904716491699,5,0,0,16.11166000366211,25769803776,0,18696142848,0
204,1790939185574,4,4,4,4,4,4,4,4,4,4,78.29742431640625,75.55816650390625,75.51700592041016,76.96642303466797,68.87749481201172,78.4215087890625,81.265625,20,9.090909004211426,4.761904716491699,0,4.761904716491699,0,0,9.523809432983398,0,0,16.11166000366211,25769803776,0,18673762304,0
202,1790939185779,4,4,4,4,4,4,4,4,4,4,78.29742431640625,75.55816650390625,75.51700592041016,76.96642303466797,68.87749481201172,78.4215087890625,81.265625,0,0,0,0,0,0,4.761904716491699,5,0,0,16.07978630065918,25769803776,0,18673778688,0
204,1790939185981,4,4,4,4,4,4,4,4,4,4,78.29742431640625,75.55816650390625,75.51700592041016,76.96642303466797,68.87749481201172,78.4215087890625,81.265625,0,0,0,0,0,0,0,9.523809432983398,0,0,16.07978630065918,25769803776,0,18673926144,0
204,1790939186186,4,4,4,4,4,4,4,4,4,4,78.47341918945313,75.779296875,75.67780303955078,77.20571899414063,68.98937225341797,78.62943267822266,80.796875,9.523809432983398,0,5,0,0,0,0,0,0,0,16.07978630065918,25769803776,0,18673680384,0
204,1790939186391,4,4,4,4,4,4,4,4,4,4,78.47341918945313,75.779296875,75.67780303955078,77.20571899414063,68.98937225341797,78.62943267822266,80.796875,0,4.761904716491699,0,0,0,0,0,9.523809432983398,0,0,16.07978630065918,25769803776,0,18673401856,0
204,1790939186596,4,4,4,4,4,4,4,4,4,4,78.47341918945313,75.779296875,75.67780303955078,77.20571899414063,68.98937225341797,78.62943267822266,80.796875,4.761904716491699,0,0,0,0,0,0,5,4.761904716491699,0,16.07978630065918,25769803776,0,18673401856,0
201,1790939186801,4,4,4,4,4,4,4,4,4,4,78.47341918945313,75.779296875,75.67780303955078,77.20571899414063,68.98937225341797,78.62943267822266,80.796875,0,0,0,0,0,0,4.761904716491699,9.523809432983398,0,0,16.331758499145508,25769803776,0,18673401856,0
200,1790939187003,4,4,4,4,4,4,4,4,4,4,78.47341918945313,75.779296875,75.67780303955078,77.20571899414063,68.98937225341797,78.62943267822266,80.796875,0,0,0,0,0,0,0,0,0,0,16.331758499145508,25769803776,0,18673401856,0
204,1790939187203,4,4,4,4,4,4,4,4,4,4,78.72091674804688,75.95564270019531,75.7673110961914,77.38249206542969,69.03135681152344,78.90301513671875,81.265625,5,5,0,0,0,0,5,0,10,0,16.331758499145508,25769803776,0,18661113856,0
204,1790939187408,4,4,4,4,4,4,4,4,4,4,78.72091674804688,75.95564270019531,75.7673110961914,77.38249206542969,69.03135681152344,78.90301513671875,81.265625,0,4.761904716491699,0,0,0,0,4.761904716491699,0,0,0,16.331758499145508,25769803776,0,18661113856,0
201,1790939187613,4,4,4,4,4,4,4,4,4,4,78.72091674804688,75.95564270019531,75.7673110961914,77.38249206542969,69.03135681152344,78.90301513671875,81.265625,0,0,0,0,0,0,0,9.523809432983398,0,0,16.180850982666016,25769803776,0,18661113856,0
200,1790939187814,4,4,4,4,4,4,4,4,4,4,78.72091674804688,75.95564270019531,75.7673110961914,77.38249206542969,69.03135681152344,78.90301513671875,81.265625,4.761904716491699,0,0,0,0,0,0,5,0,0,16.180850982666016,25769803776,0,18661408768,0
204,1790939188015,4,4,4,4,4,4,4,4,4,4,78.72091674804688,75.95564270019531,75.7673110961914,77.38249206542969,69.03135681152344,78.90301513671875,81.265625,0,0,0,0,0,0,0,9.523809432983398,0,0,16.180850982666016,25769803776,0,18661261312,0
204,1790939188220,4,4,4,4,4,4,4,4,4,4,78.74185943603516,76.2208480834961,75.88738250732422,77.55799865722656,69.06173706054688,78.94246673583984,80.796875,4.761904716491699,0,0,0,0,0,0,5,0,0,16.180850982666016,25769803776,0,18661261312,0
204,1790939188425,4,4,4,4,4,4,4,4,4,4,78.74185943603516,76.2208480834961,75.88738250732422,77.55799865722656,69.06173706054688,78.94246673583984,80.796875,4.761904716491699,4.545454502105713,0,0,0,0,4.545454502105713,9.523809432983398,0,0,16.180850982666016,25769803776,0,18661261312,0
204,1790939188630,4,4,4,4,4,4,4,4,4,4,78.74185943603516,76.2208480834961,75.88738250732422,77.55799865722656,69.06173706054688,78.94246673583984,80.796875,0,0,0,0,0,0,0,5,0,0,16.339452743530273,25769803776,0,18661261312,0
201,1790939188835,4,4,4,4,4,4,4,4,4,4,78.74185943603516,76.2208480834961,75.88738250732422,77.55799865722656,69.06173706054688,78.94246673583984,80.796875,4.761904716491699,0,4.761904716491699,0,0,0,4.761904716491699,5,0,0,16.339452743530273,25769803776,0,18661261312,0
200,1790939189036,4,4,4,4,4,4,4,4,4,4,78.74185943603516,76.2208480834961,75.88738250732422,77.55799865722656,69.06173706054688,78.94246673583984,80.796875,0,0,4.761904716491699,0,0,0,0,5,0,0,16.339452743530273,25769803776,0,18661261312,0
200,1790939189237,4,4,4,4,4,4,4,4,4,4,78.86954498291016,76.36089324951172,76.19598388671875,77.68623352050781,69.41749572753906,79.11250305175781,80.796875,0,5,0,0,0,0,0,0,4.761904716491699,0,16.339452743530273,25769803776,0,18661097472,0
204,1790939189437,4,4,4,4,4,4,4,4,4,4,78.86954498291016,76.36089324951172,76.19598388671875,77.68623352050781,69.41749572753906,79.11250305175781,80.796875,5,0,0,0,0,0,9.090909004211426,10,0,0,16.339452743530273,25769803776,0,18661097472,0
204,1790939189642,4,4,4,4,4,4,4,4,4,4,78.86954498291016,76.36089324951172,76.19598388671875,77.68623352050781,69.41749572753906,79.11250305175781,80.796875,4.761904716491699,4.761904716491699,0,0,4.761904716491699,0,0,4.761904716491699,0,0,16.41237449645996,25769803776,0,18661130240,0
204,1790939189847,4,4,4,4,4,4,4,4,4,4,78.86954498291016,76.36089324951172,76.19598388671875,77.68623352050781,69.41749572753906,79.11250305175781,80.796875,4.761904716491699,0,0,0,0,0,0,5,0,0,16.41237449645996,25769803776,0,18661130240,0
204,1790939190052,4,4,4,4,4,4,4,4,4,4,78.86954498291016,76.36089324951172,76.19598388671875,77.68623352050781,69.41749572753906,79.11250305175781,80.796875,0,0,0,4.545454502105713,0,0,0,9.523809432983398,0,0,16.41237449645996,25769803776,0,18661130240,0
204,1790939190257,4,4,4,4,4,4,4,4,4,4,78.96684265136719,76.57884216308594,76.24583435058594,77.88272857666016,69.43951416015625,79.2811050415039,84.671875,0,0,0,0,0,0,0,5,0,0,16.41237449645996,25769803776,0,18663227392,0
204,1790939190462,4,4,4,4,4,4,4,4,4,4,78.96684265136719,76.57884216308594,76.24583435058594,77.88272857666016,69.43951416015625,79.2811050415039,84.671875,0,0,0,0,0,0,0,4.761904716491699,0,0,16.41237449645996,25769803776,0,18661212160,0
204,1790939190667,4,4,4,4,4,4,4,4,4,4,78.96684265136719,76.57884216308594,76.24583435058594,77.88272857666016,69.43951416015625,79.2811050415039,84.671875,4.761904716491699,0,0,0,0,0,0,5,0,0,16.395734786987305,25769803776,0,18661212160,0
204,1790939190872,4,4,4,4,4,4,4,4,4,4,78.96684265136719,76.57884216308594,76.24583435058594,77.88272857666016,69.43951416015625,79.2811050415039,84.671875,4.761904716491699,9.090909004211426,0,0,0,0,4.761904716491699,4.761904716491699,9.090909004211426,0,16.395734786987305,25769803776,0,18661212160,0
204,1790939191077,4,4,4,4,4,4,4,4,4,4,78.96684265136719,76.57884216308594,76.24583435058594,77.88272857666016,69.43951416015625,79.2811050415039,84.671875,0,0,0,0,0,0,0,5,0,0,16.395734786987305,25769803776,0,18661212160,0
204,1790939191282,4,4,4,4,4,4,4,4,4,4,79.13349151611328,76.60765075683594,76.37783813476563,78.06839752197266,69.58094787597656,79.54070281982422,81.265625,4.761904716491699,0,9.090909004211426,0,0,0,0,9.523809432983398,0,0,16.395734786987305,25769803776,0,18661113856,0
204,1790939191487,4,4,4,4,4,4,4,4,4,4,79.13349151611328,76.60765075683594,76.37783813476563,78.06839752197266,69.58094787597656,79.54070281982422,81.265625,0,0,0,0,0,0,0,0,5,0,16.395734786987305,25769803776,0,18661113856,0
204,1790939191692,4,4,4,4,4,4,4,4,4,4,79.13349151611328,76.60765075683594,76.37783813476563,78.06839752197266,69.58094787597656,79.54070281982422,81.265625,0,4.761904716491699,0,0,0,0,9.523809432983398,0,0,0,16.516002655029297,25769803776,0,18661113856,0
204,1790939191897,4,4,4,4,4,4,4,4,4,4,79.13349151611328,76.60765075683594,76.37783813476563,78.06839752197266,69.58094787597656,79.54070281982422,81.265625,4.761904716491699,0,0,0,0,0,0,4.761904716491699,0,0,16.516002655029297,25769803776,0,18661113856,0
204,1790939192102,4,4,4,4,4,4,4,4,4,4,79.47196960449219,76.86189270019531,76.47561645507813,78.25931549072266,69.6271743774414,79.88526153564453,81.96875,0,0,0,0,0,0,0,9.523809432983398,0,0,16.516002655029297,25769803776,0,18660950016,0
204,1790939192307,4,4,4,4,4,4,4,4,4,4,79.47196960449219,76.86189270019531,76.47561645507813,78.25931549072266,69.6271743774414,79.88526153564453,81.96875,0,0,0,0,0,0,0,5,0,0,16.516002655029297,25769803776,0,18660933632,0
204,1790939192512,4,4,4,4,4,4,4,4,4,4,79.47196960449219,76.86189270019531,76.47561645507813,78.25931549072266,69.6271743774414,79.88526153564453,81.96875,4.761904716491699,0,0,4.761904716491699,0,0,0,5,9.090909004211426,0,16.516002655029297,25769803776,0,18660933632,0
204,1790939192717,4,4,4,4,4,4,4,4,4,4,79.47196960449219,76.86189270019531,76.47561645507813,78.25931549072266,69.6271743774414,79.88526153564453,81.96875,0,0,0,0,0,0,4.545454502105713,4.761904716491699,0,0,16.54029083251953,25769803776,0,18660933632,0
204,1790939192922,4,4,4,4,4,4,4,4,4,4,79.47196960449219,76.86189270019531,76.47561645507813,78.25931549072266,69.6271743774414,79.88526153564453,81.96875,9.090909004211426,0,0,0,0,0,0,9.523809432983398,0,0,16.54029083251953,25769803776,0,18660933632,0
201,1790939193128,4,4,4,4,4,4,4,4,4,4,79.47369384765625,76.9221420288086,76.75492858886719,78.33164978027344,70.03316497802734,79.81346130371094,81.734375,0,0,0,0,0,0,0,5,0,0,16.54029083251953,25769803776,0,18660933632,0
204,1790939193329,4,4,4,4,4,4,4,4,4,4,79.47369384765625,76.9221420288086,76.75492858886719,78.33164978027344,70.03316497802734,79.81346130371094,81.734375,0,4.761904716491699,0,0,0,0,0,9.523809432983398,4.761904716491699,0,16.54029083251953,25769803776,0,18660376576,0
204,1790939193534,4,4,4,4,4,4,4,4,4,4,79.47369384765625,76.9221420288086,76.75492858886719,78.33164978027344,70.03316497802734,79.81346130371094,81.734375,4.761904716491699,0,0,0,0,0,0,5,0,0,16.54029083251953,25769803776,0,18660360192,0
203,1790939193739,4,4,4,4,4,4,4,4,4,4,79.47369384765625,76.9221420288086,76.75492858886719,78.33164978027344,70.03316497802734,79.81346130371094,81.734375,0,0,0,0,0,0,4.761904716491699,5,0,0,16.430246353149414,25769803776,0,18660360192,0
204,1790939193942,4,4,4,4,4,4,4,4,4,4,79.47369384765625,76.9221420288086,76.75492858886719,78.33164978027344,70.03316497802734,79.81346130371094,81.734375,0,5,0,0,0,0,0,5,0,0,16.430246353149414,25769803776,0,18660360192,0
204,1790939194147,4,4,4,4,4,4,4,4,4,4,79.71318054199219,76.95094299316406,76.77519989013672,78.4950942993164,70.0916519165039,79.95153045654297,81.734375,4.761904716491699,0,0,0,0,0,0,5,0,0,16.430246353149414,25769803776,0,18660360192,0
204,1790939194352,4,4,4,4,4,4,4,4,4,4,79.71318054199219,76.95094299316406,76.77519989013672,78.4950942993164,70.0916519165039,79.95153045654297,81.734375,0,0,0,0,0,0,0,9.090909004211426,0,0,16.430246353149414,25769803776,0,18661965824,0
204,1790939194557,4,4,4,4,4,4,4,4,4,4,79.71318054199219,76.95094299316406,76.77519989013672,78.4950942993164,70.0916519165039,79.95153045654297,81.734375,0,0,4.545454502105713,0,0,0,4.761904716491699,0,4.761904716491699,0,16.430246353149414,25769803776,0,18660179968,0
204,1790939194763,4,4,4,4,4,4,4,4,4,4,79.71318054199219,76.95094299316406,76.77519989013672,78.4950942993164,70.0916519165039,79.95153045654297,81.734375,4.761904716491699,4.545454502105713,4.761904716491699,0,4.761904716491699,0,0,5,0,0,16.614442825317383,25769803776,0,18660130816,0
200,1790939194968,4,4,4,4,4,4,4,4,4,4,79.71318054199219,76.95094299316406,76.77519989013672,78.4950942993164,70.0916519165039,79.95153045654297,81.734375,0,0,0,0,0,0,0,9.523809432983398,0,0,16.614442825317383,25769803776,0,18659540992,0
200,1790939195168,4,4,4,4,4,4,4,4,4,4,79.85533905029297,77.14704132080078,77.01387023925781,78.5915756225586,70.4467544555664,80.04322052001953,81.96875,75,10,0,0,0,0,0,5,5,0,16.614442825317383,25769803776,0,18659540992,0
200,1790939195369,4,4,4,4,4,4,4,4,4,4,79.85533905029297,77.14704132080078,77.01387023925781,78.5915756225586,70.4467544555664,80.04322052001953,81.96875,0,0,0,0,0,0,4.761904716491699,9.523809432983398,0,0,16.614442825317383,25769803776,0,18659590144,0
204,1790939195569,4,4,4,4,4,4,4,4,4,4,79.85533905029297,77.14704132080078,77.01387023925781,78.5915756225586,70.4467544555664,80.04322052001953,81.96875,0,0,0,0,0,0,5.263157844543457,0,0,0,16.614442825317383,25769803776,0,18653249536,0
202,1790939195774,4,4,4,4,4,4,4,4,4,4,79.85533905029297,77.14704132080078,77.01387023925781,78.5915756225586,70.4467544555664,80.04322052001953,81.96875,9.090909004211426,0,0,0,0,0,4.545454502105713,5,0,0,16.700057983398438,25769803776,0,18653265920,0
204,1790939195977,4,4,4,4,4,4,4,4,4,4,79.85533905029297,77.14704132080078,77.01387023925781,78.5915756225586,70.4467544555664,80.04322052001953,81.96875,0,0,0,0,0,0,0,5,0,0,16.700057983398438,25769803776,0,18653265920,0
202,1790939196182,4,4,4,4,4,4,4,4,4,4,80.10423278808594,77.43489074707031,76.9695816040039,78.6677474975586,70.3397216796875,80.23128509521484,82.203125,0,0,0,0,0,0,0,4.761904716491699,0,0,16.700057983398438,25769803776,0,18653265920,0
204,1790939196384,4,4,4,4,4,4,4,4,4,4,80.10423278808594,77.43489074707031,76.9695816040039,78.6677474975586,70.3397216796875,80.23128509521484,82.203125,5,0,0,4.761904716491699,4.545454502105713,0,0,9.523809432983398,0,0,16.700057983398438,25769803776,0,18653364224,0
204,1790939196589,4,4,4,4,4,4,4,4,4,4,80.10423278808594,77.43489074707031,76.9695816040039,78.6677474975586,70.3397216796875,80.23128509521484,82.203125,0,4.545454502105713,0,0,0,0,0,5,0,0,16.700057983398438,25769803776,0,18653380608,0
204,1790939196794,4,4,4,4,4,4,4,4,4,4,80.10423278808594,77.43489074707031,76.9695816040039,78.6677474975586,70.3397216796875,80.23128509521484,82.203125,4.761904716491699,0,0,0,0,0,0,9.523809432983398,0,4.545454502105713,16.67839241027832,25769803776,0,18653396992,0
204,1790939196999,4,4,4,4,4,4,4,4,4,4,80.10423278808594,77.43489074707031,76.9695816040039,78.6677474975586,70.3397216796875,80.23128509521484,82.203125,0,0,0,0,0,0,0,5,4.761904716491699,0,16.67839241027832,25769803776,0,18653396992,0
204,1790939197204,4,4,4,4,4,4,4,4,4,4,80.21009063720703,77.45622253417969,77.14779663085938,78.79078674316406,70.56391143798828,80.30339050292969,82.5625,4.761904716491699,4.761904716491699,0,0,0,0,4.545454502105713,5,0,0,16.67839241027832,25769803776,0,18653937664,0
200,1790939197409,4,4,4,4,4,4,4,4,4,4,80.21009063720703,77.45622253417969,77.14779663085938,78.79078674316406,70.56391143798828,80.30339050292969,82.5625,0,0,0,0,0,0,4.761904716491699,4.761904716491699,4.761904716491699,0,16.67839241027832,25769803776,0,18653986816,0
204,1790939197610,4,4,4,4,4,4,4,4,4,4,80.21009063720703,77.45622253417969,77.14779663085938,78.79078674316406,70.56391143798828,80.30339050292969,82.5625,5,0,0,0,0,0,0,5.263157844543457,0,0,16.600351333618164,25769803776,0,18654035968,0
202,1790939197815,4,4,4,4,4,4,4,4,4,4,80.21009063720703,77.45622253417969,77.14779663085938,78.79078674316406,70.56391143798828,80.30339050292969,82.5625,4.761904716491699,0,0,0,0,0,0,4.761904716491699,0,0,16.600351333618164,25769803776,0,18656378880,0
204,1790939198017,4,4,4,4,4,4,4,4,4,4,80.21009063720703,77.45622253417969,77.14779663085938,78.79078674316406,70.56391143798828,80.30339050292969,82.5625,0,0,4.761904716491699,0,0,0,0,5,0,0,16.600351333618164,25769803776,0,18656378880,0
204,1790939198222,4,4,4,4,4,4,4,4,4,4,80.40476989746094,77.54469299316406,77.2706069946289,78.92523193359375,70.75801849365234,80.46111297607422,82.203125,4.761904716491699,0,0,4.761904716491699,0,0,0,4.761904716491699,0,0,16.600351333618164,25769803776,0,18656378880,0
204,1790939198427,4,4,4,4,4,4,4,4,4,4,80.40476989746094,77.54469299316406,77.2706069946289,78.92523193359375,70.75801849365234,80.46111297607422,82.203125,0,0,0,0,0,0,0,9.523809432983398,0,0,16.600351333618164,25769803776,0,18654724096,0
204,1790939198632,4,4,4,4,4,4,4,4,4,4,80.40476989746094,77.54469299316406,77.2706069946289,78.92523193359375,70.75801849365234,80.46111297607422,82.203125,0,9.090909004211426,0,0,0,0,4.545454502105713,5,0,0,16.67057228088379,25769803776,0,18654806016,0
204,1790939198837,4,4,4,4,4,4,4,4,4,4,80.40476989746094,77.54469299316406,77.2706069946289,78.92523193359375,70.75801849365234,80.46111297607422,82.203125,0,0,0,0,0,0,0,5,0,0,16.67057228088379,25769803776,0,18654806016,0
203,1790939199042,4,4,4,4,4,4,4,4,4,4,80.40476989746094,77.54469299316406,77.2706069946289,78.92523193359375,70.75801849365234,80.46111297607422,82.203125,4.761904716491699,0,0,0,0,0,0,5,0,0,16.67057228088379,25769803776,0,18654806016,0
204,1790939199246,4,4,4,4,4,4,4,4,4,4,80.50039672851563,77.61044311523438,77.2552261352539,79.05506134033203,70.68592834472656,80.49596405029297,84.90625,0,0,0,0,0,0,0,9.523809432983398,0,0,16.67057228088379,25769803776,0,18654806016,0
204,1790939199451,4,4,4,4,4,4,4,4,4,4,80.50039672851563,77.61044311523438,77.2552261352539,79.05506134033203,70.68592834472656,80.49596405029297,84.90625,4.761904716491699,0,0,0,0,0,4.545454502105713,4.761904716491699,4.761904716491699,0,16.67057228088379,25769803776,0,18654986240,0
204,1790939199656,4,4,4,4,4,4,4,4,4,4,80.50039672851563,77.61044311523438,77.2552261352539,79.05506134033203,70.68592834472656,80.49596405029297,84.90625,4.761904716491699,0,4.761904716491699,0,0,0,0,9.523809432983398,4.761904716491699,0,16.62571144104004,25769803776,0,18655035392,0
204,1790939199861,4,4,4,4,4,4,4,4,4,4,80.50039672851563,77.61044311523438,77.2552261352539,79.05506134033203,70.68592834472656,80.49596405029297,84.90625,0,0,4.761904716491699,0,0,0,0,5,0,0,16.62571144104004,25769803776,0,18655133696,0
204,1790939200066,4,4,4,4,4,4,4,4,4,4,80.50039672851563,77.61044311523438,77.2552261352539,79.05506134033203,70.68592834472656,80.49596405029297,84.90625,4.761904716491699,0,0,0,0,0,0,5,0,0,16.62571144104004,25769803776,0,18655166464,0
204,1790939200271,4,4,4,4,4,4,4,4,4,4,80.56400299072266,77.75716400146484,77.56710052490234,79.07816314697266,71.03335571289063,80.552490234375,82.4375,0,0,0,0,0,0,4.545454502105713,5,0,0,16.62571144104004,25769803776,0,18655166464,0
204,1790939200476,4,4,4,4,4,4,4,4,4,4,80.56400299072266,77.75716400146484,77.56710052490234,79.07816314697266,71.03335571289063,80.552490234375,82.4375,0,4.761904716491699,0,0,0,0,0,9.523809432983398,0,0,16.62571144104004,25769803776,0,18655117312,0
204,1790939200681,4,4,4,4,4,4,4,4,4,4,80.56400299072266,77.75716400146484,77.56710052490234,79.07816314697266,71.03335571289063,80.552490234375,82.4375,4.761904716491699,0,0,0,0,0,0,5,0,0,16.68596076965332,25769803776,0,18655133696,0
204,1790939200886,4,4,4,4,4,4,4,4,4,4,80.56400299072266,77.75716400146484,77.56710052490234,79.07816314697266,71.03335571289063,80.552490234375,82.4375,0,0,0,0,0,0,0,9.090909004211426,0,0,16.68596076965332,25769803776,0,18655166464,0
204,1790939201091,4,4,4,4,4,4,4,4,4,4,80.56400299072266,77.75716400146484,77.56710052490234,79.07816314697266,71.03335571289063,80.552490234375,82.4375,25,0,0,0,0,0,0,5,0,0,16.68596076965332,25769803776,0,18199232512,0
204,1790939201296,4,4,4,4,4,4,4,4,4,4,80.63724517822266,77.81378173828125,77.60152435302734,79.09632110595703,71.06634521484375,80.63912963867188,82.671875,0,4.761904716491699,0,0,0,0,4.761904716491699,5,0,0,16.68596076965332,25769803776,0,18201427968,0
204,1790939201501,4,4,4,4,4,4,4,4,4,4,80.63724517822266,77.81378173828125,77.60152435302734,79.09632110595703,71.06634521484375,80.63912963867188,82.671875,4.761904716491699,4.761904716491699,0,0,0,0,0,0,4.761904716491699,0,16.68596076965332,25769803776,0,18199379968,0
204,1790939201706,4,4,4,4,4,4,4,4,4,4,80.63724517822266,77.81378173828125,77.60152435302734,79.09632110595703,71.06634521484375,80.63912963867188,82.671875,4.761904716491699,0,0,4.761904716491699,0,0,5,4.545454502105713,0,0,16.579788208007813,25769803776,0,18199412736,0
204,1790939201911,4,4,4,4,4,4,4,4,4,4,80.63724517822266,77.81378173828125,77.60152435302734,79.09632110595703,71.06634521484375,80.63912963867188,82.671875,0,0,4.761904716491699,0,0,0,0,0,0,0,16.579788208007813,25769803776,0,18199412736,0
204,1790939202116,4,4,4,4,4,4,4,4,4,4,80.76691436767578,77.98023223876953,77.44667053222656,79.13941955566406,70.72989654541016,80.79654693603516,82.671875,5,0,4.761904716491699,0,4.761904716491699,0,4.761904716491699,9.523809432983398,0,0,16.579788208007813,25769803776,0,18199412736,0
204,1790939202321,4,4,4,4,4,4,4,4,4,4,80.76691436767578,77.98023223876953,77.44667053222656,79.13941955566406,70.72989654541016,80.79654693603516,82.671875,4.761904716491699,0,0,0,0,0,0,5,0,4.545454502105713,16.579788208007813,25769803776,0,18199412736,0
204,1790939202526,4,4,4,4,4,4,4,4,4,4,80.76691436767578,77.98023223876953,77.44667053222656,79.13941955566406,70.72989654541016,80.79654693603516,82.671875,5,0,0,0,0,0,0,9.090909004211426,0,0,16.579788208007813,25769803776,0,18199166976,0
204,1790939202731,4,4,4,4,4,4,4,4,4,4,80.76691436767578,77.98023223876953,77.44667053222656,79.13941955566406,70.72989654541016,80.79654693603516,82.671875,0,9.090909004211426,0,0,0,0,4.545454502105713,0,0,0,16.698747634887695,25769803776,0,18192498688,0
204,1790939202936,4,4,4,4,4,4,4,4,4,4,80.76691436767578,77.98023223876953,77.44667053222656,79.13941955566406,70.72989654541016,80.79654693603516,82.671875,4.761904716491699,0,0,0,0,0,0,9.523809432983398,0,0,16.698747634887695,25769803776,0,18192498688,0
202,1790939203141,4,4,4,4,4,4,4,4,4,4,80.82831573486328,77.94114685058594,77.80008697509766,79.20683288574219,71.26890563964844,80.88465881347656,83.15625,0,0,0,0,0,0,0,4.761904716491699,4.761904716491699,0,16.698747634887695,25769803776,0,18192498688,0
204,1790939203344,4,4,4,4,4,4,4,4,4,4,80.82831573486328,77.94114685058594,77.80008697509766,79.20683288574219,71.26890563964844,80.88465881347656,83.15625,4.761904716491699,0,0,0,0,0,0,10,0,0,16.698747634887695,25769803776,0,18192498688,0
202,1790939203549,4,4,4,4,4,4,4,4,4,4,80.82831573486328,77.94114685058594,77.80008697509766,79.20683288574219,71.26890563964844,80.88465881347656,83.15625,0,0,0,0,0,0,0,4.761904716491699,4.761904716491699,0,16.698747634887695,25769803776,0,18191450112,0
200,1790939203751,4,4,4,4,4,4,4,4,4,4,80.82831573486328,77.94114685058594,77.80008697509766,79.20683288574219,71.26890563964844,80.88465881347656,83.15625,5.263157844543457,4.761904716491699,0,0,0,0,0,0,0,0,16.707618713378906,25769803776,0,18191400960,0
204,1790939203952,4,4,4,4,4,4,4,4,4,4,80.82831573486328,77.94114685058594,77.80008697509766,79.20683288574219,71.26890563964844,80.88465881347656,83.15625,0,0,0,0,0,0,9.090909004211426,10,0,0,16.707618713378906,25769803776,0,18191400960,0
204,1790939204157,4,4,4,4,4,4,4,4,4,4,80.91073608398438,77.9531021118164,77.78813934326172,79.2203140258789,71.1648178100586,80.93170166015625,82.671875,9.090909004211426,0,0,0,0,0,0,4.761904716491699,0,0,16.707618713378906,25769803776,0,18191400960,0
204,1790939204362,4,4,4,4,4,4,4,4,4,4,80.91073608398438,77.9531021118164,77.78813934326172,79.2203140258789,71.1648178100586,80.93170166015625,82.671875,0,0,0,0,0,0,0,9.523809432983398,0,0,16.707618713378906,25769803776,0,18191400960,0
204,1790939204567,4,4,4,4,4,4,4,4,4,4,80.91073608398438,77.9531021118164,77.78813934326172,79.2203140258789,71.1648178100586,80.93170166015625,82.671875,5,4.761904716491699,4.761904716491699,4.761904716491699,0,0,0,5,0,0,16.707618713378906,25769803776,0,18191564800,0
204,1790939204772,4,4,4,4,4,4,4,4,4,4,80.91073608398438,77.9531021118164,77.78813934326172,79.2203140258789,71.1648178100586,80.93170166015625,82.671875,9.090909004211426,5,4.761904716491699,0,0,0,0,9.523809432983398,4.761904716491699,0,16.587377548217773,25769803776,0,18191400960,0
203,1790939204977,4,4,4,4,4,4,4,4,4,4,80.91073608398438,77.9531021118164,77.78813934326172,79.2203140258789,71.1648178100586,80.93170166015625,82.671875,0,0,0,0,4.761904716491699,0,0,5,0,0,16.587377548217773,25769803776,0,18193383424,0
200,1790939205181,4,4,4,4,4,4,4,4,4,4,81.04723358154297,78.05473327636719,77.9935073852539,79.2900390625,71.44022369384766,81.0257568359375,82.90625,0,0,0,0,0,0,0,4.761904716491699,0,0,16.587377548217773,25769803776,0,18191400960,0
204,1790939205381,4,4,4,4,4,4,4,4,4,4,81.04723358154297,78.05473327636719,77.9935073852539,79.2900390625,71.44022369384766,81.0257568359375,82.90625,5,0,0,0,0,0,4.761904716491699,0,0,0,16.587377548217773,25769803776,0,18190991360,0
201,1790939205586,4,4,4,4,4,4,4,4,4,4,81.04723358154297,78.05473327636719,77.9935073852539,79.2900390625,71.44022369384766,81.0257568359375,82.90625,0,0,0,0,0,0,0,9.523809432983398,0,0,16.587377548217773,25769803776,0,18190991360,0
200,1790939205788,4,4,4,4,4,4,4,4,4,4,81.04723358154297,78.05473327636719,77.9935073852539,79.2900390625,71.44022369384766,81.0257568359375,82.90625,4.761904716491699,0,0,0,0,0,0,5,0,0,16.646299362182617,25769803776,0,18191007744,0
200,1790939205988,4,4,4,4,4,4,4,4,4,4,81.04723358154297,78.05473327636719,77.9935073852539,79.2900390625,71.44022369384766,81.0257568359375,82.90625,5.263157844543457,9.523809432983398,0,0,0,0,4.761904716491699,10,0,0,16.646299362182617,25769803776,0,18191204352,0
200,1790939206189,4,4,4,4,4,4,4,4,4,4,81.07280731201172,78.23253631591797,77.99324035644531,79.33141326904297,71.36067199707031,81.01226806640625,82.90625,4.761904716491699,0,0,0,0,0,5,0,0,0,16.646299362182617,25769803776,0,18191204352,0
204,1790939206390,4,4,4,4,4,4,4,4,4,4,81.07280731201172,78.23253631591797,77.99324035644531,79.33141326904297,71.36067199707031,81.01226806640625,82.90625,0,0,0,0,0,0,0,5,0,0,16.646299362182617,25769803776,0,18191204352,0
204,1790939206595,4,4,4,4,4,4,4,4,4,4,81.07280731201172,78.23253631591797,77.99324035644531,79.33141326904297,71.36067199707031,81.01226806640625,82.90625,0,0,0,0,0,0,0,5,4.761904716491699,0,16.646299362182617,25769803776,0,18190974976,0
204,1790939206800,4,4,4,4,4,4,4,4,4,4,81.07280731201172,78.23253631591797,77.99324035644531,79.33141326904297,71.36067199707031,81.01226806640625,82.90625,9.090909004211426,0,4.761904716491699,0,0,0,0,9.523809432983398,4.761904716491699,0,16.64239501953125,25769803776,0,18190974976,0
204,1790939207005,4,4,4,4,4,4,4,4,4,4,81.07280731201172,78.23253631591797,77.99324035644531,79.33141326904297,71.36067199707031,81.01226806640625,82.90625,0,0,0,0,0,0,4.761904716491699,0,0,0,16.64239501953125,25769803776,0,18190925824,0
204,1790939207210,4,4,4,4,4,4,4,4,4,4,81.25757598876953,78.200927734375,77.98734283447266,79.43241882324219,71.34957122802734,81.15377044677734,82.90625,15.000000953674316,14.285715103149414,10,14.285715103149414,5,9.523809432983398,0,9.523809432983398,0,0,16.64239501953125,25769803776,0,18205573120,0
201,1790939207415,4,4,4,4,4,4,4,4,4,4,81.25757598876953,78.200927734375,77.98734283447266,79.43241882324219,71.34957122802734,81.15377044677734,82.90625,9.523809432983398,0,10,0,0,0,4.761904716491699,5,0,0,16.64239501953125,25769803776,0,18205573120,0
204,1790939207617,4,4,4,4,4,4,4,4,4,4,81.25757598876953,78.200927734375,77.98734283447266,79.43241882324219,71.34957122802734,81.15377044677734,82.90625,5.263157844543457,5,4.761904716491699,5,0,0,0,0,0,0,16.5784854888916,25769803776,0,18205655040,0
204,1790939207822,4,4,4,4,4,4,4,4,4,4,81.25757598876953,78.200927734375,77.98734283447266,79.43241882324219,71.34957122802734,81.15377044677734,82.90625,9.523809432983398,4.761904716491699,0,9.523809432983398,0,0,9.090909004211426,9.090909004211426,0,0,16.5784854888916,25769803776,0,18205671424,0
204,1790939208027,4,4,4,4,4,4,4,4,4,4,81.25757598876953,78.200927734375,77.98734283447266,79.43241882324219,71.34957122802734,81.15377044677734,82.90625,0,0,4.761904716491699,0,0,0,5,0,0,0,16.5784854888916,25769803776,0,18205687808,0
204,1790939208232,4,4,4,4,4,4,4,4,4,4,80.68165588378906,78.408447265625,77.7642822265625,79.13561248779297,70.96793365478516,80.70781707763672,82.90625,9.090909004211426,9.090909004211426,0,0,0,0,9.523809432983398,0,0,0,16.5784854888916,25769803776,0,18205687808,0
201,1790939208437,4,4,4,4,4,4,4,4,4,4,80.68165588378906,78.408447265625,77.7642822265625,79.13561248779297,70.96793365478516,80.70781707763672,82.90625,0,0,0,0,0,0,5,0,0,0,16.5784854888916,25769803776,0,18205687808,0
204,1790939208638,4,4,4,4,4,4,4,4,4,4,80.68165588378906,78.408447265625,77.7642822265625,79.13561248779297,70.96793365478516,80.70781707763672,82.90625,4.761904716491699,0,0,0,0,0,0,0,0,0,15.831369400024414,25769803776,0,18205261824,0
204,1790939208843,4,4,4,4,4,4,4,4,4,4,80.68165588378906,78.408447265625,77.7642822265625,79.13561248779297,70.96793365478516,80.70781707763672,82.90625,0,0,4.545454502105713,0,0,0,9.523809432983398,0,4.761904716491699,0,15.831369400024414,25769803776,0,18205212672,0
204,1790939209048,4,4,4,4,4,4,4,4,4,4,80.68165588378906,78.408447265625,77.7642822265625,79.13561248779297,70.96793365478516,80.70781707763672,82.90625,0,0,0,0,0,0,5,4.761904716491699,0,0,15.831369400024414,25769803776,0,18177671168,0
204,1790939209253,4,4,4,4,4,4,4,4,4,4,81.41667175292969,78.73834228515625,77.67827606201172,79.60131072998047,70.72782135009766,81.2507095336914,83.15625,4.761904716491699,4.761904716491699,0,4.545454502105713,0,0,5,0,0,0,15.831369400024414,25769803776,0,18177851392,0
204,1790939209458,4,4,4,4,4,4,4,4,4,4,81.41667175292969,78.73834228515625,77.67827606201172,79.60131072998047,70.72782135009766,81.2507095336914,83.15625,4.761904716491699,0,0,0,4.761904716491699,0,4.761904716491699,0,0,0,15.831369400024414,25769803776,0,18177900544,0
204,1790939209663,4,4,4,4,4,4,4,4,4,4,81.41667175292969,78.73834228515625,77.67827606201172,79.60131072998047,70.72782135009766,81.2507095336914,83.15625,4.761904716491699,0,0,0,0,0,9.523809432983398,4.761904716491699,0,0,17.03540802001953,25769803776,0,18177916928,0
204,1790939209868,4,4,4,4,4,4,4,4,4,4,81.41667175292969,78.73834228515625,77.67827606201172,79.60131072998047,70.72782135009766,81.2507095336914,83.15625,0,0,0,0,0,0,5,0,0,0,17.03540802001953,25769803776,0,18177933312,0
204,1790939210074,4,4,4,4,4,4,4,4,4,4,81.41667175292969,78.73834228515625,77.67827606201172,79.60131072998047,70.72782135009766,81.2507095336914,83.15625,0,0,0,0,0,0,9.523809432983398,0,8.69565200805664,0,17.03540802001953,25769803776,0,18177785856,0
200,1790939210279,4,4,4,4,4,4,4,4,4,4,81.7300796508789,78.92434692382813,77.91765594482422,79.93644714355469,70.99508666992188,81.5066909790039,85.15625,4.761904716491699,4.761904716491699,0,0,0,0,0,0,0,0,17.03540802001953,25769803776,0,18177785856,0
204,1790939210479,4,4,4,4,4,4,4,4,4,4,81.7300796508789,78.92434692382813,77.91765594482422,79.93644714355469,70.99508666992188,81.5066909790039,85.15625,5,5,4.761904716491699,0,0,0,5,5,0,0,17.03540802001953,25769803776,0,18177785856,0
204,1790939210684,4,4,4,4,4,4,4,4,4,4,81.7300796508789,78.92434692382813,77.91765594482422,79.93644714355469,70.99508666992188,81.5066909790039,85.15625,5,0,0,0,0,0,9.523809432983398,0,0,0,17.23504066467285,25769803776,0,18177736704,0
204,1790939210889,4,4,4,4,4,4,4,4,4,4,81.7300796508789,78.92434692382813,77.91765594482422,79.93644714355469,70.99508666992188,81.5066909790039,85.15625,0,0,0,0,0,0,5,0,0,0,17.23504066467285,25769803776,0,18177785856,0
204,1790939211094,4,4,4,4,4,4,4,4,4,4,81.7300796508789,78.92434692382813,77.91765594482422,79.93644714355469,70.99508666992188,81.5066909790039,85.15625,9.090909004211426,0,0,0,0,0,9.523809432983398,0,0,0,17.23504066467285,25769803776,0,18177916928,0
204,1790939211299,4,4,4,4,4,4,4,4,4,4,81.56420135498047,78.97300720214844,77.91392517089844,79.76594543457031,70.97335052490234,81.34500122070313,83.734375,0,4.761904716491699,0,0,0,0,5,4.545454502105713,0,0,17.23504066467285,25769803776,0,18177916928,0
202,1790939211504,4,4,4,4,4,4,4,4,4,4,81.56420135498047,78.97300720214844,77.91392517089844,79.76594543457031,70.97335052490234,81.34500122070313,83.734375,0,0,4.761904716491699,0,0,0,5,0,0,0,17.23504066467285,25769803776,0,18177933312,0
204,1790939211707,4,4,4,4,4,4,4,4,4,4,81.56420135498047,78.97300720214844,77.91392517089844,79.76594543457031,70.97335052490234,81.34500122070313,83.734375,4.761904716491699,0,0,0,0,0,5,0,4.761904716491699,0,16.579784393310547,25769803776,0,18178310144,0
204,1790939211912,4,4,4,4,4,4,4,4,4,4,81.56420135498047,78.97300720214844,77.91392517089844,79.76594543457031,70.97335052490234,81.34500122070313,83.734375,0,4.761904716491699,0,0,0,0,5,4.545454502105713,0,0,16.579784393310547,25769803776,0,18178326528,0
204,1790939212117,4,4,4,4,4,4,4,4,4,4,81.49073028564453,78.84904479980469,77.82323455810547,79.68293762207031,70.84683227539063,81.31168365478516,82.90625,4.761904716491699,4.761904716491699,0,0,0,0,9.523809432983398,0,4.545454502105713,0,16.579784393310547,25769803776,0,18178326528,0
200,1790939212322,4,4,4,4,4,4,4,4,4,4,81.49073028564453,78.84904479980469,77.82323455810547,79.68293762207031,70.84683227539063,81.31168365478516,82.90625,0,0,4.761904716491699,0,4.545454502105713,0,4.761904716491699,0,0,0,16.579784393310547,25769803776,0,18179653632,0
204,1790939212522,4,4,4,4,4,4,4,4,4,4,81.49073028564453,78.84904479980469,77.82323455810547,79.68293762207031,70.84683227539063,81.31168365478516,82.90625,5,0,0,0,0,0,0,0,0,0,16.579784393310547,25769803776,0,18177933312,0
204,1790939212727,4,4,4,4,4,4,4,4,4,4,81.49073028564453,78.84904479980469,77.82323455810547,79.68293762207031,70.84683227539063,81.31168365478516,82.90625,9.090909004211426,4.761904716491699,0,0,0,4.761904716491699,4.545454502105713,5,0,0,16.343297958374023,25769803776,0,18177703936,0
204,1790939212932,4,4,4,4,4,4,4,4,4,4,81.49073028564453,78.84904479980469,77.82323455810547,79.68293762207031,70.84683227539063,81.31168365478516,82.90625,0,0,0,0,0,0,5,4.761904716491699,0,0,16.343297958374023,25769803776,0,18177933312,0
204,1790939213137,4,4,4,4,4,4,4,4,4,4,81.4715805053711,78.93492889404297,78.06460571289063,79.72412872314453,71.20379638671875,81.29720306396484,83.15625,5.263157844543457,5,5,14.285715103149414,0,0,9.523809432983398,0,0,0,16.343297958374023,25769803776,0,18178539520,0
204,1790939213342,4,4,4,4,4,4,4,4,4,4,81.4715805053711,78.93492889404297,78.06460571289063,79.72412872314453,71.20379638671875,81.29720306396484,83.15625,28.571430206298828,10,30.000001907348633,40,0,0,5,0,0,0,16.343297958374023,25769803776,0,18159960064,0
203,1790939213547,4,4,4,4,4,4,4,4,4,4,81.4715805053711,78.93492889404297,78.06460571289063,79.72412872314453,71.20379638671875,81.29720306396484,83.15625,19.047618865966797,9.523809432983398,13.636363983154297,4.761904716491699,4.761904716491699,0,5,0,4.761904716491699,0,16.343297958374023,25769803776,0,18159960064,0
204,1790939213751,4,4,4,4,4,4,4,4,4,4,81.4715805053711,78.93492889404297,78.06460571289063,79.72412872314453,71.20379638671875,81.29720306396484,83.15625,5.263157844543457,5,0,0,0,0,9.523809432983398,0,0,0,16.577192306518555,25769803776,0,18159976448,0
204,1790939213956,4,4,4,4,4,4,4,4,4,4,81.4715805053711,78.93492889404297,78.06460571289063,79.72412872314453,71.20379638671875,81.29720306396484,83.15625,4.761904716491699,0,0,0,0,0,5,4.761904716491699,0,0,16.577192306518555,25769803776,0,18159976448,0
204,1790939214161,4,4,4,4,4,4,4,4,4,4,81.55443572998047,79.10968017578125,77.94381713867188,79.79093170166016,70.9695816040039,81.37106323242188,83.96875,0,4.761904716491699,0,0,0,0,4.761904716491699,0,0,0,16.577192306518555,25769803776,0,18159763456,0
200,1790939214365,4,4,4,4,4,4,4,4,4,4,81.55443572998047,79.10968017578125,77.94381713867188,79.79093170166016,70.9695816040039,81.37106323242188,83.96875,4.761904716491699,0,0,0,0,0,5,0,0,0,16.577192306518555,25769803776,0,18159714304,0
204,1790939214566,4,4,4,4,4,4,4,4,4,4,81.55443572998047,79.10968017578125,77.94381713867188,79.79093170166016,70.9695816040039,81.37106323242188,83.96875,9.523809432983398,5,0,0,0,0,9.523809432983398,0,0,0,16.577192306518555,25769803776,0,18159714304,0
202,1790939214771,4,4,4,4,4,4,4,4,4,4,81.55443572998047,79.10968017578125,77.94381713867188,79.79093170166016,70.9695816040039,81.37106323242188,83.96875,0,4.761904716491699,5,0,0,0,5,0,0,0,16.639793395996094,25769803776,0,18159779840,0
204,1790939214973,4,4,4,4,4,4,4,4,4,4,81.55443572998047,79.10968017578125,77.94381713867188,79.79093170166016,70.9695816040039,81.37106323242188,83.96875,4.761904716491699,0,0,0,0,0,9.523809432983398,4.761904716491699,0,0,16.639793395996094,25769803776,0,18159779840,0
204,1790939215178,4,4,4,4,4,4,4,4,4,4,81.48197937011719,78.95661926269531,77.9350814819336,79.71097564697266,70.9881820678711,81.28861999511719,83.265625,0,0,0,0,0,0,0,0,4.761904716491699,0,16.639793395996094,25769803776,0,18159747072,0
204,1790939215383,4,4,4,4,4,4,4,4,4,4,81.48197937011719,78.95661926269531,77.9350814819336,79.71097564697266,70.9881820678711,81.28861999511719,83.265625,4.761904716491699,0,0,0,0,0,9.523809432983398,4.761904716491699,4.761904716491699,0,16.639793395996094,25769803776,0,18159747072,0
204,1790939215588,4,4,4,4,4,4,4,4,4,4,81.48197937011719,78.95661926269531,77.9350814819336,79.71097564697266,70.9881820678711,81.28861999511719,83.265625,4.761904716491699,0,0,4.545454502105713,0,0,5,0,0,0,16.639793395996094,25769803776,0,18159747072,0
204,1790939215793,4,4,4,4,4,4,4,4,4,4,81.48197937011719,78.95661926269531,77.9350814819336,79.71097564697266,70.9881820678711,81.28861999511719,83.265625,0,0,4.761904716491699,0,0,0,9.523809432983398,0,0,0,16.230844497680664,25769803776,0,18159468544,0
204,1790939215998,4,4,4,4,4,4,4,4,4,4,81.48197937011719,78.95661926269531,77.9350814819336,79.71097564697266,70.9881820678711,81.28861999511719,83.265625,4.761904716491699,4.761904716491699,0,0,0,0,0,0,0,0,16.230844497680664,25769803776,0,18159468544,0
204,1790939216203,4,4,4,4,4,4,4,4,4,4,81.49687194824219,79.11089324951172,77.97602081298828,79.71902465820313,71.0099868774414,81.2912826538086,83.15625,0,4.761904716491699,4.761904716491699,0,0,0,9.523809432983398,0,0,0,16.230844497680664,25769803776,0,18159468544,0
204,1790939216408,4,4,4,4,4,4,4,4,4,4,81.49687194824219,79.11089324951172,77.97602081298828,79.71902465820313,71.0099868774414,81.2912826538086,83.15625,4.761904716491699,0,0,0,4.761904716491699,0,4.761904716491699,0,0,0,16.230844497680664,25769803776,0,18159468544,0
204,1790939216613,4,4,4,4,4,4,4,4,4,4,81.49687194824219,79.11089324951172,77.97602081298828,79.71902465820313,71.0099868774414,81.2912826538086,83.15625,0,0,0,0,0,0,5,0,0,0,16.34969139099121,25769803776,0,18159468544,0
204,1790939216818,4,4,4,4,4,4,4,4,4,4,81.49687194824219,79.11089324951172,77.97602081298828,79.71902465820313,71.0099868774414,81.2912826538086,83.15625,4.761904716491699,0,0,0,0,0,5,0,0,0,16.34969139099121,25769803776,0,18159599616,0
204,1790939217023,4,4,4,4,4,4,4,4,4,4,81.49687194824219,79.11089324951172,77.97602081298828,79.71902465820313,71.0099868774414,81.2912826538086,83.15625,0,4.761904716491699,0,4.761904716491699,0,0,5,0,0,0,16.34969139099121,25769803776,0,18159616000,0
204,1790939217228,4,4,4,4,4,4,4,4,4,4,81.5916748046875,79.05464935302734,77.94735717773438,79.81388092041016,70.99307250976563,81.38772583007813,83.15625,4.761904716491699,4.761904716491699,4.761904716491699,0,0,0,9.523809432983398,8.69565200805664,4.761904716491699,0,16.34969139099121,25769803776,0,18159714304,0
200,1790939217433,4,4,4,4,4,4,4,4,4,4,81.5916748046875,79.05464935302734,77.94735717773438,79.81388092041016,70.99307250976563,81.38772583007813,83.15625,4.761904716491699,0,0,0,0,0,4.761904716491699,0,0,0,16.34969139099121,25769803776,0,18159714304,0
204,1790939217633,4,4,4,4,4,4,4,4,4,4,81.5916748046875,79.05464935302734,77.94735717773438,79.81388092041016,70.99307250976563,81.38772583007813,83.15625,0,0,4.761904716491699,0,0,0,10,0,0,0,16.399545669555664,25769803776,0,18159714304,0
204,1790939217838,4,4,4,4,4,4,4,4,4,4,81.5916748046875,79.05464935302734,77.94735717773438,79.81388092041016,70.99307250976563,81.38772583007813,83.15625,0,0,0,0,0,0,5,0,0,0,16.399545669555664,25769803776,0,18159730688,0
204,1790939218043,4,4,4,4,4,4,4,4,4,4,81.5916748046875,79.05464935302734,77.94735717773438,79.81388092041016,70.99307250976563,81.38772583007813,83.15625,4.761904716491699,0,0,0,0,0,9.090909004211426,0,0,0,16.399545669555664,25769803776,0,18151669760,0
201,1790939218248,4,4,4,4,4,4,4,4,4,4,81.59542846679688,79.05474853515625,78.05191040039063,79.8468246459961,71.1198959350586,81.38789367675781,83.15625,0,0,0,0,0,0,0,0,4.761904716491699,0,16.399545669555664,25769803776,0,18151669760,0
204,1790939218449,4,4,4,4,4,4,4,4,4,4,81.59542846679688,79.05474853515625,78.05191040039063,79.8468246459961,71.1198959350586,81.38789367675781,83.15625,5,5,0,0,0,0,5,0,0,0,16.399545669555664,25769803776,0,18151669760,0
204,1790939218654,4,4,4,4,4,4,4,4,4,4,81.59542846679688,79.05474853515625,78.05191040039063,79.8468246459961,71.1198959350586,81.38789367675781,83.15625,0,0,0,0,0,0,9.523809432983398,9.090909004211426,0,0,16.365007400512695,25769803776,0,18151669760,0
204,1790939218859,4,4,4,4,4,4,4,4,4,4,81.59542846679688,79.05474853515625,78.05191040039063,79.8468246459961,71.1198959350586,81.38789367675781,83.15625,9.523809432983398,5,0,0,0,0,5,0,0,0,16.365007400512695,25769803776,0,18149588992,0
204,1790939219064,4,4,4,4,4,4,4,4,4,4,81.59542846679688,79.05474853515625,78.05191040039063,79.8468246459961,71.1198959350586,81.38789367675781,83.15625,0,0,0,0,0,0,9.523809432983398,0,4.761904716491699,0,16.365007400512695,25769803776,0,18149539840,0
200,1790939219269,4,4,4,4,4,4,4,4,4,4,81.6485824584961,79.1335678100586,78.06237030029297,79.88011932373047,71.11988830566406,81.45792388916016,83.15625,4.761904716491699,0,0,0,0,0,5,0,0,0,16.365007400512695,25769803776,0,18149539840,0
204,1790939219470,4,4,4,4,4,4,4,4,4,4,81.6485824584961,79.1335678100586,78.06237030029297,79.88011932373047,71.11988830566406,81.45792388916016,83.15625,5,4.761904716491699,5,0,0,0,5,0,0,0,16.365007400512695,25769803776,0,18149539840,0
204,1790939219675,4,4,4,4,4,4,4,4,4,4,81.6485824584961,79.1335678100586,78.06237030029297,79.88011932373047,71.11988830566406,81.45792388916016,83.15625,4.761904716491699,0,0,0,0,0,4.761904716491699,0,0,0,16.38804054260254,25769803776,0,18149539840,0
204,1790939219880,4,4,4,4,4,4,4,4,4,4,81.6485824584961,79.1335678100586,78.06237030029297,79.88011932373047,71.11988830566406,81.45792388916016,83.15625,0,4.761904716491699,0,0,0,0,0,0,0,9.090909004211426,16.38804054260254,25769803776,0,18149638144,0
204,1790939220085,4,4,4,4,4,4,4,4,4,4,81.6485824584961,79.1335678100586,78.06237030029297,79.88011932373047,71.11988830566406,81.45792388916016,83.15625,4.761904716491699,0,0,0,0,0,9.090909004211426,0,0,0,16.38804054260254,25769803776,0,18149900288,0
204,1790939220290,4,4,4,4,4,4,4,4,4,4,81.56195831298828,79.03739166259766,78.00880432128906,79.85738372802734,71.0713882446289,81.34335327148438,83.15625,4.761904716491699,4.761904716491699,4.761904716491699,0,0,4.761904716491699,5,0,0,0,16.38804054260254,25769803776,0,18149900288,0
204,1790939220495,4,4,4,4,4,4,4,4,4,4,81.56195831298828,79.03739166259766,78.00880432128906,79.85738372802734,71.0713882446289,81.34335327148438,83.15625,5,0,0,0,0,0,4.761904716491699,9.523809432983398,0,0,16.38804054260254,25769803776,0,18149916672,0
204,1790939220700,4,4,4,4,4,4,4,4,4,4,81.56195831298828,79.03739166259766,78.00880432128906,79.85738372802734,71.0713882446289,81.34335327148438,83.15625,0,0,0,4.545454502105713,4.761904716491699,0,5,0,0,0,16.31007194519043,25769803776,0,18149998592,0
204,1790939220905,4,4,4,4,4,4,4,4,4,4,81.56195831298828,79.03739166259766,78.00880432128906,79.85738372802734,71.0713882446289,81.34335327148438,83.15625,4.761904716491699,4.761904716491699,0,0,0,0,4.761904716491699,4.545454502105713,0,0,16.31007194519043,25769803776,0,18150064128,0
204,1790939221110,4,4,4,4,4,4,4,4,4,4,81.58761596679688,79.06857299804688,78.16877746582031,79.88687133789063,71.32354736328125,81.39507293701172,83.15625,0,0,4.761904716491699,0,0,0,9.523809432983398,0,4.761904716491699,0,16.31007194519043,25769803776,0,18150047744,0
204,1790939221315,4,4,4,4,4,4,4,4,4,4,81.58761596679688,79.06857299804688,78.16877746582031,79.88687133789063,71.32354736328125,81.39507293701172,83.15625,9.090909004211426,4.761904716491699,0,0,0,0,0,0,4.761904716491699,0,16.31007194519043,25769803776,0,18150047744,0
204,1790939221520,4,4,4,4,4,4,4,4,4,4,81.58761596679688,79.06857299804688,78.16877746582031,79.88687133789063,71.32354736328125,81.39507293701172,83.15625,0,0,0,0,0,0,9.090909004211426,0,0,0,16.31007194519043,25769803776,0,18150047744,0
204,1790939221725,4,4,4,4,4,4,4,4,4,4,81.58761596679688,79.06857299804688,78.16877746582031,79.88687133789063,71.32354736328125,81.39507293701172,83.15625,4.761904716491699,0,0,0,0,0,5,4.761904716491699,0,0,16.16694450378418,25769803776,0,18150047744,0
204,1790939221930,4,4,4,4,4,4,4,4,4,4,81.58761596679688,79.06857299804688,78.16877746582031,79.88687133789063,71.32354736328125,81.39507293701172,83.15625,0,0,0,0,0,0,5,0,0,0,16.16694450378418,25769803776,0,18149982208,0
204,1790939222135,4,4,4,4,4,4,4,4,4,4,81.58816528320313,79.09577178955078,78.08353424072266,79.87752532958984,71.1842041015625,81.4053955078125,83.15625,0,0,0,0,0,0,4.761904716491699,0,0,0,16.16694450378418,25769803776,0,18149916672,0
204,1790939222340,4,4,4,4,4,4,4,4,4,4,81.58816528320313,79.09577178955078,78.08353424072266,79.87752532958984,71.1842041015625,81.4053955078125,83.15625,5,4.761904716491699,0,0,0,0,5,4.761904716491699,0,0,16.16694450378418,25769803776,0,18149949440,0
204,1790939222545,4,4,4,4,4,4,4,4,4,4,81.58816528320313,79.09577178955078,78.08353424072266,79.87752532958984,71.1842041015625,81.4053955078125,83.15625,0,0,4.545454502105713,0,0,0,9.523809432983398,0,0,0,16.16694450378418,25769803776,0,18149900288,0
204,1790939222750,4,4,4,4,4,4,4,4,4,4,81.58816528320313,79.09577178955078,78.08353424072266,79.87752532958984,71.1842041015625,81.4053955078125,83.15625,9.090909004211426,4.761904716491699,0,0,0,0,4.761904716491699,0,0,0,16.170732498168945,25769803776,0,18149900288,0
204,1790939222955,4,4,4,4,4,4,4,4,4,4,81.58816528320313,79.09577178955078,78.08353424072266,79.87752532958984,71.1842041015625,81.4053955078125,83.15625,0,0,0,0,0,0,0,4.761904716491699,0,0,16.170732498168945,25769803776,0,18149851136,0
201,1790939223160,4,4,4,4,4,4,4,4,4,4,81.57894134521484,79.02454376220703,78.0584487915039,79.87344360351563,71.14038848876953,81.38079833984375,83.15625,4.761904716491699,0,0,0,0,0,9.523809432983398,0,0,0,16.170732498168945,25769803776,0,18149851136,0
200,1790939223362,4,4,4,4,4,4,4,4,4,4,81.57894134521484,79.02454376220703,78.0584487915039,79.87344360351563,71.14038848876953,81.38079833984375,83.15625,0,0,0,0,4.761904716491699,0,0,4.761904716491699,4.761904716491699,4.761904716491699,16.170732498168945,25769803776,0,18149851136,0
204,1790939223563,4,4,4,4,4,4,4,4,4,4,81.57894134521484,79.02454376220703,78.0584487915039,79.87344360351563,71.14038848876953,81.38079833984375,83.15625,0,4.761904716491699,0,0,0,0,0,0,4.761904716491699,0,16.170732498168945,25769803776,0,18149851136,0
202,1790939223768,4,4,4,4,4,4,4,4,4,4,81.57894134521484,79.02454376220703,78.0584487915039,79.87344360351563,71.14038848876953,81.38079833984375,83.15625,4.761904716491699,0,0,0,0,0,9.523809432983398,0,0,0,16.23981285095215,25769803776,0,18149851136,0
204,1790939223971,4,4,4,4,4,4,4,4,4,4,81.57894134521484,79.02454376220703,78.0584487915039,79.87344360351563,71.14038848876953,81.38079833984375,83.15625,0,0,0,0,0,0,5,0,0,0,16.23981285095215,25769803776,0,18149736448,0
204,1790939224176,4,4,4,4,4,4,4,4,4,4,81.62590026855469,79.12358093261719,78.16388702392578,79.906982421875,71.28550720214844,81.43525695800781,83.390625,4.761904716491699,0,0,0,0,0,9.523809432983398,0,0,0,16.23981285095215,25769803776,0,18149736448,0
204,1790939224381,4,4,4,4,4,4,4,4,4,4,81.62590026855469,79.12358093261719,78.16388702392578,79.906982421875,71.28550720214844,81.43525695800781,83.390625,0,0,0,0,0,0,5,0,0,0,16.23981285095215,25769803776,0,18149736448,0
204,1790939224586,4,4,4,4,4,4,4,4,4,4,81.62590026855469,79.12358093261719,78.16388702392578,79.906982421875,71.28550720214844,81.43525695800781,83.390625,4.761904716491699,0,0,4.761904716491699,0,0,9.523809432983398,9.090909004211426,0,0,16.23981285095215,25769803776,0,18149736448,0
204,1790939224791,4,4,4,4,4,4,4,4,4,4,81.62590026855469,79.12358093261719,78.16388702392578,79.906982421875,71.28550720214844,81.43525695800781,83.390625,4.761904716491699,0,0,0,0,0,5,0,4.761904716491699,0,16.16567611694336,25769803776,0,18149736448,0
204,1790939224996,4,4,4,4,4,4,4,4,4,4,81.62590026855469,79.12358093261719,78.16388702392578,79.906982421875,71.28550720214844,81.43525695800781,83.390625,0,4.545454502105713,0,0,0,0,5,0,0,0,16.16567611694336,25769803776,0,18149736448,0
204,1790939225201,4,4,4,4,4,4,4,4,4,4,81.58672332763672,79.20006561279297,78.05157470703125,79.86175537109375,71.10699462890625,81.38217163085938,83.15625,70,5,4.761904716491699,0,0,0,5,0,0,0,16.16567611694336,25769803776,0,18149801984,0
200,1790939225406,4,4,4,4,4,4,4,4,4,4,81.58672332763672,79.20006561279297,78.05157470703125,79.86175537109375,71.10699462890625,81.38217163085938,83.15625,4.761904716491699,0,4.761904716491699,0,0,0,9.090909004211426,0,0,0,16.16567611694336,25769803776,0,18149654528,0
200,1790939225607,4,4,4,4,4,4,4,4,4,4,81.58672332763672,79.20006561279297,78.05157470703125,79.86175537109375,71.10699462890625,81.38217163085938,83.15625,0,0,0,0,0,0,5.263157844543457,0,0,0,16.1822509765625,25769803776,0,18149752832,0
200,1790939225807,4,4,4,4,4,4,4,4,4,4,81.58672332763672,79.20006561279297,78.05157470703125,79.86175537109375,71.10699462890625,81.38217163085938,83.15625,5,4.761904716491699,0,0,0,0,9.523809432983398,0,0,0,16.1822509765625,25769803776,0,18149769216,0
204,1790939226008,4,4,4,4,4,4,4,4,4,4,81.58672332763672,79.20006561279297,78.05157470703125,79.86175537109375,71.10699462890625,81.38217163085938,83.15625,0,0,0,4.761904716491699,0,0,5,0,0,0,16.1822509765625,25769803776,0,18150162432,0
204,1790939226213,4,4,4,4,4,4,4,4,4,4,81.61974334716797,79.18216705322266,78.16290283203125,79.90369415283203,71.22383117675781,81.43353271484375,83.15625,0,0,0,0,0,0,9.523809432983398,4.761904716491699,0,0,16.1822509765625,25769803776,0,18150162432,0
204,1790939226418,4,4,4,4,4,4,4,4,4,4,81.61974334716797,79.18216705322266,78.16290283203125,79.90369415283203,71.22383117675781,81.43353271484375,83.15625,4.761904716491699,0,0,0,0,0,0,4.545454502105713,0,0,16.1822509765625,25769803776,0,18150162432,0
204,1790939226623,4,4,4,4,4,4,4,4,4,4,81.61974334716797,79.18216705322266,78.16290283203125,79.90369415283203,71.22383117675781,81.43353271484375,83.15625,5,4.761904716491699,0,0,0,0,9.523809432983398,0,9.090909004211426,0,16.163148880004883,25769803776,0,18150162432,0
204,1790939226828,4,4,4,4,4,4,4,4,4,4,81.61974334716797,79.18216705322266,78.16290283203125,79.90369415283203,71.22383117675781,81.43353271484375,83.15625,0,4.761904716491699,0,0,0,0,5,0,0,0,16.163148880004883,25769803776,0,18150162432,0
204,1790939227033,4,4,4,4,4,4,4,4,4,4,81.61974334716797,79.18216705322266,78.16290283203125,79.90369415283203,71.22383117675781,81.43353271484375,83.15625,4.761904716491699,0,0,0,0,4.545454502105713,9.090909004211426,0,0,0,16.163148880004883,25769803776,0,18151931904,0
204,1790939227238,4,4,4,4,4,4,4,4,4,4,81.50788879394531,79.21422576904297,78.10778045654297,79.7916030883789,71.1662368774414,81.31625366210938,83.15625,0,0,0,0,0,0,0,0,0,0,16.163148880004883,25769803776,0,18150195200,0
204,1790939227443,4,4,4,4,4,4,4,4,4,4,81.50788879394531,79.21422576904297,78.10778045654297,79.7916030883789,71.1662368774414,81.31625366210938,83.15625,10,5,0,0,0,0,5,9.523809432983398,0,0,16.163148880004883,25769803776,0,18150932480,0
200,1790939227648,4,4,4,4,4,4,4,4,4,4,81.50788879394531,79.21422576904297,78.10778045654297,79.7916030883789,71.1662368774414,81.31625366210938,83.15625,10,5,4.761904716491699,0,0,0,10,0,0,0,15.966212272644043,25769803776,0,18150932480,0
200,1790939227849,4,4,4,4,4,4,4,4,4,4,81.50788879394531,79.21422576904297,78.10778045654297,79.7916030883789,71.1662368774414,81.31625366210938,83.15625,9.523809432983398,5,4.761904716491699,0,0,0,9.523809432983398,4.761904716491699,0,0,15.966212272644043,25769803776,0,18150932480,0
204,1790939228049,4,4,4,4,4,4,4,4,4,4,81.50788879394531,79.21422576904297,78.10778045654297,79.7916030883789,71.1662368774414,81.31625366210938,83.15625,0,0,0,0,4.761904716491699,0,5.263157844543457,0,0,0,15.966212272644043,25769803776,0,18164383744,0
204,1790939228254,4,4,4,4,4,4,4,4,4,4,81.51679992675781,79.1960678100586,78.34642028808594,79.85047912597656,71.5040283203125,81.34053039550781,86.203125,9.523809432983398,9.523809432983398,0,4.761904716491699,0,0,9.090909004211426,0,0,0,15.966212272644043,25769803776,0,18164383744,0
204,1790939228459,4,4,4,4,4,4,4,4,4,4,81.51679992675781,79.1960678100586,78.34642028808594,79.85047912597656,71.5040283203125,81.34053039550781,86.203125,0,0,0,0,0,0,5,0,0,0,15.966212272644043,25769803776,0,18164449280,0
204,1790939228664,4,4,4,4,4,4,4,4,4,4,81.51679992675781,79.1960678100586,78.34642028808594,79.85047912597656,71.5040283203125,81.34053039550781,86.203125,9.090909004211426,9.523809432983398,0,0,0,0,5,4.545454502105713,0,0,16.055686950683594,25769803776,0,18164989952,0
204,1790939228869,4,4,4,4,4,4,4,4,4,4,81.51679992675781,79.1960678100586,78.34642028808594,79.85047912597656,71.5040283203125,81.34053039550781,86.203125,0,0,9.090909004211426,4.545454502105713,0,0,9.523809432983398,0,4.761904716491699,0,16.055686950683594,25769803776,0,18164989952,0
202,1790939229074,4,4,4,4,4,4,4,4,4,4,81.51679992675781,79.1960678100586,78.34642028808594,79.85047912597656,71.5040283203125,81.34053039550781,86.203125,4.761904716491699,0,0,0,0,0,0,0,0,0,16.055686950683594,25769803776,0,18164989952,0
204,1790939229277,4,4,4,4,4,4,4,4,4,4,81.4129638671875,79.10918426513672,78.01959991455078,79.68453979492188,71.07649230957031,81.28009796142578,85.625,0,0,0,0,0,0,4.761904716491699,5,0,0,16.055686950683594,25769803776,0,18164989952,0
204,1790939229482,4,4,4,4,4,4,4,4,4,4,81.4129638671875,79.10918426513672,78.01959991455078,79.68453979492188,71.07649230957031,81.28009796142578,85.625,0,0,0,0,4.545454502105713,0,4.761904716491699,0,4.545454502105713,0,16.055686950683594,25769803776,0,18164973568,0
204,1790939229687,4,4,4,4,4,4,4,4,4,4,81.4129638671875,79.10918426513672,78.01959991455078,79.68453979492188,71.07649230957031,81.28009796142578,85.625,9.090909004211426,4.761904716491699,0,0,0,0,5,9.090909004211426,0,0,15.602189064025879,25769803776,0,18164776960,0
204,1790939229891,4,4,4,4,4,4,4,4,4,4,81.4129638671875,79.10918426513672,78.01959991455078,79.68453979492188,71.07649230957031,81.28009796142578,85.625,0,4.761904716491699,4.761904716491699,0,0,0,9.523809432983398,0,0,0,15.602189064025879,25769803776,0,18164793344,0
204,1790939230096,4,4,4,4,4,4,4,4,4,4,81.4129638671875,79.10918426513672,78.01959991455078,79.68453979492188,71.07649230957031,81.28009796142578,85.625,9.523809432983398,0,0,0,0,0,5,0,0,0,15.602189064025879,25769803776,0,18152194048,0
204,1790939230301,4,4,4,4,4,4,4,4,4,4,81.55218505859375,79.081787109375,78.19752502441406,79.83919525146484,71.35012817382813,81.33980560302734,83.15625,0,0,0,0,0,0,9.523809432983398,0,0,0,15.602189064025879,25769803776,0,18152194048,0
204,1790939230506,4,4,4,4,4,4,4,4,4,4,81.55218505859375,79.081787109375,78.19752502441406,79.83919525146484,71.35012817382813,81.33980560302734,83.15625,0,4.761904716491699,0,0,0,0,5,0,0,0,15.602189064025879,25769803776,0,18152194048,0
204,1790939230711,4,4,4,4,4,4,4,4,4,4,81.55218505859375,79.081787109375,78.19752502441406,79.83919525146484,71.35012817382813,81.33980560302734,83.15625,4.761904716491699,0,4.761904716491699,0,0,0,9.523809432983398,0,0,0,16.193767547607422,25769803776,0,18152194048,0
204,1790939230916,4,4,4,4,4,4,4,4,4,4,81.55218505859375,79.081787109375,78.19752502441406,79.83919525146484,71.35012817382813,81.33980560302734,83.15625,4.761904716491699,0,0,0,0,0,0,0,0,0,16.193767547607422,25769803776,0,18152194048,0
204,1790939231121,4,4,4,4,4,4,4,4,4,4,81.50601196289063,79.06885528564453,78.0654296875,79.78256225585938,71.14830780029297,81.29744720458984,83.15625,0,0,0,0,0,0,0,4.761904716491699,4.761904716491699,0,16.193767547607422,25769803776,0,18152177664,0
204,1790939231326,4,4,4,4,4,4,4,4,4,4,81.50601196289063,79.06885528564453,78.0654296875,79.78256225585938,71.14830780029297,81.29744720458984,83.15625,4.761904716491699,0,0,0,0,0,9.523809432983398,4.761904716491699,0,0,16.193767547607422,25769803776,0,18152177664,0
204,1790939231531,4,4,4,4,4,4,4,4,4,4,81.50601196289063,79.06885528564453,78.0654296875,79.78256225585938,71.14830780029297,81.29744720458984,83.15625,0,0,0,0,0,0,5,0,0,0,16.193767547607422,25769803776,0,18152194048,0
202,1790939231736,4,4,4,4,4,4,4,4,4,4,81.50601196289063,79.06885528564453,78.0654296875,79.78256225585938,71.14830780029297,81.29744720458984,83.15625,4.761904716491699,4.761904716491699,0,0,0,0,9.523809432983398,0,0,0,16.00581169128418,25769803776,0,18152194048,0
204,1790939231939,4,4,4,4,4,4,4,4,4,4,81.50601196289063,79.06885528564453,78.0654296875,79.78256225585938,71.14830780029297,81.29744720458984,83.15625,0,4.761904716491699,0,0,0,0,5,0,0,0,16.00581169128418,25769803776,0,18152194048,0
204,1790939232144,4,4,4,4,4,4,4,4,4,4,81.41983795166016,79.14566802978516,78.08126068115234,79.6817398071289,71.13645935058594,81.25323486328125,83.15625,4.761904716491699,0,4.761904716491699,0,0,0,5,0,0,0,16.00581169128418,25769803776,0,18152259584,0
204,1790939232348,4,4,4,4,4,4,4,4,4,4,81.41983795166016,79.14566802978516,78.08126068115234,79.6817398071289,71.13645935058594,81.25323486328125,83.15625,4.761904716491699,0,0,0,0,0,9.090909004211426,4.761904716491699,0,0,16.00581169128418,25769803776,0,18152226816,0
204,1790939232553,4,4,4,4,4,4,4,4,4,4,81.41983795166016,79.14566802978516,78.08126068115234,79.6817398071289,71.13645935058594,81.25323486328125,83.15625,0,0,0,0,0,0,0,0,0,0,16.00581169128418,25769803776,0,18152226816,0
204,1790939232758,4,4,4,4,4,4,4,4,4,4,81.41983795166016,79.14566802978516,78.08126068115234,79.6817398071289,71.13645935058594,81.25323486328125,83.15625,0,0,0,0,0,0,9.523809432983398,0,4.545454502105713,0,15.689172744750977,25769803776,0,18152226816,0
204,1790939232963,4,4,4,4,4,4,4,4,4,4,81.41983795166016,79.14566802978516,78.08126068115234,79.6817398071289,71.13645935058594,81.25323486328125,83.15625,5,4.761904716491699,0,0,0,0,5,4.761904716491699,0,0,15.689172744750977,25769803776,0,18152226816,0
201,1790939233168,4,4,4,4,4,4,4,4,4,4,81.31689453125,79.08972930908203,78.00843811035156,79.61429595947266,71.08272552490234,81.17225646972656,83.15625,0,0,0,0,0,0,9.523809432983398,0,0,0,15.689172744750977,25769803776,0,18151981056,0
204,1790939233370,4,4,4,4,4,4,4,4,4,4,81.31689453125,79.08972930908203,78.00843811035156,79.61429595947266,71.08272552490234,81.17225646972656,83.15625,4.761904716491699,0,0,0,0,0,5,0,0,0,15.689172744750977,25769803776,0,18151931904,0
204,1790939233575,4,4,4,4,4,4,4,4,4,4,81.31689453125,79.08972930908203,78.00843811035156,79.61429595947266,71.08272552490234,81.17225646972656,83.15625,5,5,0,0,0,0,9.523809432983398,0,0,0,15.689172744750977,25769803776,0,18151948288,0
204,1790939233780,4,4,4,4,4,4,4,4,4,4,81.31689453125,79.08972930908203,78.00843811035156,79.61429595947266,71.08272552490234,81.17225646972656,83.15625,4.761904716491699,0,0,0,0,0,5,0,0,0,15.814054489135742,25769803776,0,18151211008,0
204,1790939233985,4,4,4,4,4,4,4,4,4,4,81.31689453125,79.08972930908203,78.00843811035156,79.61429595947266,71.08272552490234,81.17225646972656,83.15625,0,0,0,0,0,0,5,0,0,0,15.814054489135742,25769803776,0,18151211008,0
204,1790939234190,4,4,4,4,4,4,4,4,4,4,81.33354187011719,79.01935577392578,77.98279571533203,79.59085845947266,71.03064727783203,81.20736694335938,83.15625,0,0,0,0,0,0,4.761904716491699,4.761904716491699,4.761904716491699,0,15.814054489135742,25769803776,0,18151112704,0
204,1790939234395,4,4,4,4,4,4,4,4,4,4,81.33354187011719,79.01935577392578,77.98279571533203,79.59085845947266,71.03064727783203,81.20736694335938,83.15625,4.761904716491699,4.761904716491699,4.761904716491699,0,0,0,9.523809432983398,4.545454502105713,0,0,15.814054489135742,25769803776,0,18151145472,0
204,1790939234600,4,4,4,4,4,4,4,4,4,4,81.33354187011719,79.01935577392578,77.98279571533203,79.59085845947266,71.03064727783203,81.20736694335938,83.15625,0,0,0,4.545454502105713,0,0,0,0,0,0,15.814054489135742,25769803776,0,18152931328,0
204,1790939234805,4,4,4,4,4,4,4,4,4,4,81.33354187011719,79.01935577392578,77.98279571533203,79.59085845947266,71.03064727783203,81.20736694335938,83.15625,4.761904716491699,0,4.761904716491699,0,0,0,4.761904716491699,0,4.761904716491699,0,15.809103012084961,25769803776,0,18151145472,0
204,1790939235010,4,4,4,4,4,4,4,4,4,4,81.33354187011719,79.01935577392578,77.98279571533203,79.59085845947266,71.03064727783203,81.20736694335938,83.15625,0,0,0,4.545454502105713,0,0,4.761904716491699,5,0,0,15.809103012084961,25769803776,0,18151145472,0
204,1790939235215,4,4,4,4,4,4,4,4,4,4,81.2308578491211,78.95784759521484,78.07673645019531,79.51701354980469,71.1949234008789,81.12886810302734,83.15625,4.761904716491699,0,0,0,0,0,4.761904716491699,4.761904716491699,0,0,15.809103012084961,25769803776,0,18150834176,0
204,1790939235420,4,4,4,4,4,4,4,4,4,4,81.2308578491211,78.95784759521484,78.07673645019531,79.51701354980469,71.1949234008789,81.12886810302734,83.15625,4.761904716491699,0,0,0,0,0,5,0,0,0,15.809103012084961,25769803776,0,18150834176,0
204,1790939235625,4,4,4,4,4,4,4,4,4,4,81.2308578491211,78.95784759521484,78.07673645019531,79.51701354980469,71.1949234008789,81.12886810302734,83.15625,0,0,0,0,0,0,5,0,0,0,15.566291809082031,25769803776,0,18150522880,0
204,1790939235830,4,4,4,4,4,4,4,4,4,4,81.2308578491211,78.95784759521484,78.07673645019531,79.51701354980469,71.1949234008789,81.12886810302734,83.15625,0,9.090909004211426,0,0,0,0,4.761904716491699,0,0,0,15.566291809082031,25769803776,0,18150522880,0
204,1790939236035,4,4,4,4,4,4,4,4,4,4,81.2308578491211,78.95784759521484,78.07673645019531,79.51701354980469,71.1949234008789,81.12886810302734,83.15625,4.761904716491699,0,0,0,0,0,9.523809432983398,0,4.761904716491699,0,15.566291809082031,25769803776,0,18150522880,0
204,1790939236240,4,4,4,4,4,4,4,4,4,4,81.27152252197266,78.83155822753906,77.85173797607422,79.5281982421875,70.87249755859375,81.18809509277344,85.390625,0,0,0,0,0,0,5,0,0,0,15.566291809082031,25769803776,0,18150785024,0
202,1790939236445,4,4,4,4,4,4,4,4,4,4,81.27152252197266,78.83155822753906,77.85173797607422,79.5281982421875,70.87249755859375,81.18809509277344,85.390625,0,0,0,0,0,0,5,4.761904716491699,0,0,15.566291809082031,25769803776,0,18150785024,0
204,1790939236648,4,4,4,4,4,4,4,4,4,4,81.27152252197266,78.83155822753906,77.85173797607422,79.5281982421875,70.87249755859375,81.18809509277344,85.390625,4.761904716491699,0,0,0,0,0,5,0,0,0,15.633861541748047,25769803776,0,18150785024,0
204,1790939236853,4,4,4,4,4,4,4,4,4,4,81.27152252197266,78.83155822753906,77.85173797607422,79.5281982421875,70.87249755859375,81.18809509277344,85.390625,0,4.761904716491699,0,0,0,0,9.090909004211426,0,0,0,15.633861541748047,25769803776,0,18150785024,0
204,1790939237058,4,4,4,4,4,4,4,4,4,4,81.27152252197266,78.83155822753906,77.85173797607422,79.5281982421875,70.87249755859375,81.18809509277344,85.390625,0,0,0,0,4.545454502105713,0,5,0,0,0,15.633861541748047,25769803776,0,18150785024,0
204,1790939237262,4,4,4,4,4,4,4,4,4,4,81.16230010986328,79.00952911376953,77.9064712524414,79.43270874023438,70.91795349121094,81.07950592041016,82.90625,9.090909004211426,5,4.761904716491699,0,0,0,9.523809432983398,0,0,4.761904716491699,15.633861541748047,25769803776,0,18150686720,0
204,1790939237467,4,4,4,4,4,4,4,4,4,4,81.16230010986328,79.00952911376953,77.9064712524414,79.43270874023438,70.91795349121094,81.07950592041016,82.90625,0,0,0,0,0,0,0,4.761904716491699,4.761904716491699,0,15.633861541748047,25769803776,0,18150883328,0
204,1790939237672,4,4,4,4,4,4,4,4,4,4,81.16230010986328,79.00952911376953,77.9064712524414,79.43270874023438,70.91795349121094,81.07950592041016,82.90625,0,0,4.545454502105713,0,0,0,4.761904716491699,5,0,0,15.590628623962402,25769803776,0,18150899712,0
204,1790939237877,4,4,4,4,4,4,4,4,4,4,81.16230010986328,79.00952911376953,77.9064712524414,79.43270874023438,70.91795349121094,81.07950592041016,82.90625,4.761904716491699,0,0,0,0,0,0,4.761904716491699,0,0,15.590628623962402,25769803776,0,18150899712,0
204,1790939238082,4,4,4,4,4,4,4,4,4,4,81.16230010986328,79.00952911376953,77.9064712524414,79.43270874023438,70.91795349121094,81.07950592041016,82.90625,0,0,0,0,0,0,4.761904716491699,5,4.761904716491699,0,15.590628623962402,25769803776,0,18150899712,0
204,1790939238287,4,4,4,4,4,4,4,4,4,4,81.061279296875,78.66883087158203,78.14431762695313,79.37760925292969,71.39088439941406,81.02960205078125,83.15625,4.761904716491699,4.761904716491699,0,0,0,0,0,4.761904716491699,0,0,15.590628623962402,25769803776,0,18151997440,0
204,1790939238492,4,4,4,4,4,4,4,4,4,4,81.061279296875,78.66883087158203,78.14431762695313,79.37760925292969,71.39088439941406,81.02960205078125,83.15625,0,0,0,0,0,0,0,4.761904716491699,0,0,15.590628623962402,25769803776,0,18148261888,0
204,1790939238697,4,4,4,4,4,4,4,4,4,4,81.061279296875,78.66883087158203,78.14431762695313,79.37760925292969,71.39088439941406,81.02960205078125,83.15625,0,0,0,0,0,0,0,5,0,0,15.492035865783691,25769803776,0,18148360192,0
204,1790939238902,4,4,4,4,4,4,4,4,4,4,81.061279296875,78.66883087158203,78.14431762695313,79.37760925292969,71.39088439941406,81.02960205078125,83.15625,4.761904716491699,0,0,0,0,0,4.545454502105713,9.523809432983398,0,0,15.492035865783691,25769803776,0,18148360192,0
204,1790939239107,4,4,4,4,4,4,4,4,4,4,81.05895233154297,78.38014221191406,78.2185287475586,79.38616180419922,71.57847595214844,81.04074096679688,82.90625,0,0,0,0,0,0,0,5,0,0,15.492035865783691,25769803776,0,18148409344,0
204,1790939239312,4,4,4,4,4,4,4,4,4,4,81.05895233154297,78.38014221191406,78.2185287475586,79.38616180419922,71.57847595214844,81.04074096679688,82.90625,0,0,0,0,4.545454502105713,0,0,0,4.761904716491699,0,15.492035865783691,25769803776,0,18148212736,0
204,1790939239517,4,4,4,4,4,4,4,4,4,4,81.05895233154297,78.38014221191406,78.2185287475586,79.38616180419922,71.57847595214844,81.04074096679688,82.90625,9.523809432983398,9.090909004211426,0,4.761904716491699,0,0,0,9.523809432983398,0,0,15.492035865783691,25769803776,0,18148392960,0
204,1790939239722,4,4,4,4,4,4,4,4,4,4,81.05895233154297,78.38014221191406,78.2185287475586,79.38616180419922,71.57847595214844,81.04074096679688,82.90625,0,0,0,0,0,0,0,5,0,0,15.494455337524414,25769803776,0,18148392960,0
204,1790939239927,4,4,4,4,4,4,4,4,4,4,81.05895233154297,78.38014221191406,78.2185287475586,79.38616180419922,71.57847595214844,81.04074096679688,82.90625,4.761904716491699,0,0,0,0,0,0,9.523809432983398,0,0,15.494455337524414,25769803776,0,18148392960,0
204,1790939240133,4,4,4,4,4,4,4,4,4,4,80.99657440185547,78.37920379638672,78.30902099609375,79.36833190917969,71.74414825439453,81.01892852783203,84.09375,0,0,0,0,0,0,0,5,0,0,15.494455337524414,25769803776,0,18148392960,0
204,1790939240338,4,4,4,4,4,4,4,4,4,4,80.99657440185547,78.37920379638672,78.30902099609375,79.36833190917969,71.74414825439453,81.01892852783203,84.09375,9.523809432983398,0,4.761904716491699,0,0,0,4.545454502105713,9.523809432983398,0,0,15.494455337524414,25769803776,0,18148458496,0
204,1790939240543,4,4,4,4,4,4,4,4,4,4,80.99657440185547,78.37920379638672,78.30902099609375,79.36833190917969,71.74414825439453,81.01892852783203,84.09375,0,0,0,0,0,4.761904716491699,0,0,0,0,15.494455337524414,25769803776,0,18148458496,0
204,1790939240748,4,4,4,4,4,4,4,4,4,4,80.99657440185547,78.37920379638672,78.30902099609375,79.36833190917969,71.74414825439453,81.01892852783203,84.09375,0,4.761904716491699,0,0,0,0,0,9.523809432983398,4.761904716491699,0,15.424505233764648,25769803776,0,18148458496,0
204,1790939240953,4,4,4,4,4,4,4,4,4,4,80.99657440185547,78.37920379638672,78.30902099609375,79.36833190917969,71.74414825439453,81.01892852783203,84.09375,4.761904716491699,4.545454502105713,0,0,0,0,4.761904716491699,5,0,0,15.424505233764648,25769803776,0,18148458496,0
204,1790939241158,4,4,4,4,4,4,4,4,4,4,80.8590087890625,78.29975891113281,78.12230682373047,79.27362823486328,71.46398162841797,80.92052459716797,82.90625,0,0,0,0,0,0,0,9.090909004211426,0,0,15.424505233764648,25769803776,0,18148458496,0
204,1790939241363,4,4,4,4,4,4,4,4,4,4,80.8590087890625,78.29975891113281,78.12230682373047,79.27362823486328,71.46398162841797,80.92052459716797,82.90625,4.761904716491699,0,0,0,0,0,0,0,4.761904716491699,0,15.424505233764648,25769803776,0,18148442112,0
204,1790939241568,4,4,4,4,4,4,4,4,4,4,80.8590087890625,78.29975891113281,78.12230682373047,79.27362823486328,71.46398162841797,80.92052459716797,82.90625,0,0,0,0,0,0,0,5,0,0,15.424505233764648,25769803776,0,18148425728,0
204,1790939241773,4,4,4,4,4,4,4,4,4,4,80.8590087890625,78.29975891113281,78.12230682373047,79.27362823486328,71.46398162841797,80.92052459716797,82.90625,0,0,0,0,0,0,4.761904716491699,9.523809432983398,0,4.545454502105713,15.357436180114746,25769803776,0,18148425728,0
204,1790939241978,4,4,4,4,4,4,4,4,4,4,80.8590087890625,78.29975891113281,78.12230682373047,79.27362823486328,71.46398162841797,80.92052459716797,82.90625,4.761904716491699,0,4.545454502105713,0,0,0,0,0,4.545454502105713,0,15.357436180114746,25769803776,0,18150293504,0
204,1790939242183,4,4,4,4,4,4,4,4,4,4,80.80318450927734,78.29973602294922,78.19661712646484,79.2297592163086,71.60047149658203,80.87984466552734,82.90625,4.761904716491699,4.761904716491699,0,0,0,0,0,9.090909004211426,0,0,15.357436180114746,25769803776,0,18148507648,0
204,1790939242388,4,4,4,4,4,4,4,4,4,4,80.80318450927734,78.29973602294922,78.19661712646484,79.2297592163086,71.60047149658203,80.87984466552734,82.90625,5,0,0,4.545454502105713,0,0,5,0,0,0,15.357436180114746,25769803776,0,18148491264,0
204,1790939242593,4,4,4,4,4,4,4,4,4,4,80.80318450927734,78.29973602294922,78.19661712646484,79.2297592163086,71.60047149658203,80.87984466552734,82.90625,0,0,0,0,0,0,0,5,0,0,15.357436180114746,25769803776,0,18148507648,0
204,1790939242798,4,4,4,4,4,4,4,4,4,4,80.80318450927734,78.29973602294922,78.19661712646484,79.2297592163086,71.60047149658203,80.87984466552734,82.90625,4.761904716491699,0,0,0,0,0,0,5,0,0,15.341056823730469,25769803776,0,18148245504,0
204,1790939243003,4,4,4,4,4,4,4,4,4,4,80.80318450927734,78.29973602294922,78.19661712646484,79.2297592163086,71.60047149658203,80.87984466552734,82.90625,0,0,0,0,0,0,0,4.761904716491699,0,4.761904716491699,15.341056823730469,25769803776,0,18148245504,0
201,1790939243208,4,4,4,4,4,4,4,4,4,4,80.7094955444336,78.3139419555664,78.07707214355469,79.21646881103516,71.42620849609375,80.77751922607422,86.4375,0,0,0,0,0,0,9.090909004211426,5,0,0,15.341056823730469,25769803776,0,18148245504,0
204,1790939243410,4,4,4,4,4,4,4,4,4,4,80.7094955444336,78.3139419555664,78.07707214355469,79.21646881103516,71.42620849609375,80.77751922607422,86.4375,5,0,0,0,0,0,0,9.523809432983398,0,0,15.341056823730469,25769803776,0,18148261888,0
204,1790939243615,4,4,4,4,4,4,4,4,4,4,80.7094955444336,78.3139419555664,78.07707214355469,79.21646881103516,71.42620849609375,80.77751922607422,86.4375,0,9.090909004211426,4.545454502105713,0,0,0,0,5,0,0,15.225997924804688,25769803776,0,18148278272,0
204,1790939243820,4,4,4,4,4,4,4,4,4,4,80.7094955444336,78.3139419555664,78.07707214355469,79.21646881103516,71.42620849609375,80.77751922607422,86.4375,9.090909004211426,0,4.761904716491699,0,0,0,0,9.523809432983398,4.545454502105713,0,15.225997924804688,25769803776,0,18148261888,0
204,1790939244025,4,4,4,4,4,4,4,4,4,4,80.7094955444336,78.3139419555664,78.07707214355469,79.21646881103516,71.42620849609375,80.77751922607422,86.4375,0,0,0,0,0,0,0,5,0,0,15.225997924804688,25769803776,0,18148114432,0
200,1790939244230,4,4,4,4,4,4,4,4,4,4,80.63665008544922,78.18701934814453,78.03980255126953,79.15049743652344,71.38410949707031,80.71376037597656,82.671875,4.761904716491699,0,0,0,0,0,0,9.523809432983398,0,0,15.225997924804688,25769803776,0,18148114432,0
204,1790939244430,4,4,4,4,4,4,4,4,4,4,80.63665008544922,78.18701934814453,78.03980255126953,79.15049743652344,71.38410949707031,80.71376037597656,82.671875,0,0,0,0,0,0,0,0,0,0,15.225997924804688,25769803776,0,18147803136,0
204,1790939244635,4,4,4,4,4,4,4,4,4,4,80.63665008544922,78.18701934814453,78.03980255126953,79.15049743652344,71.38410949707031,80.71376037597656,82.671875,4.761904716491699,0,0,0,4.545454502105713,0,4.761904716491699,9.523809432983398,0,0,15.305098533630371,25769803776,0,18147852288,0
204,1790939244841,4,4,4,4,4,4,4,4,4,4,80.63665008544922,78.18701934814453,78.03980255126953,79.15049743652344,71.38410949707031,80.71376037597656,82.671875,0,4.761904716491699,0,0,0,0,4.761904716491699,4.761904716491699,0,0,15.305098533630371,25769803776,0,18147966976,0
204,1790939245045,4,4,4,4,4,4,4,4,4,4,80.63665008544922,78.18701934814453,78.03980255126953,79.15049743652344,71.38410949707031,80.71376037597656,82.671875,4.761904716491699,0,0,0,0,0,0,9.523809432983398,0,0,15.305098533630371,25769803776,0,18147966976,0
204,1790939245250,4,4,4,4,4,4,4,4,4,4,80.64986419677734,78.17340850830078,78.12367248535156,79.13326263427734,71.5465087890625,80.73602294921875,82.671875,4.761904716491699,0,0,0,0,0,0,5,0,0,15.305098533630371,25769803776,0,18147966976,0
204,1790939245455,4,4,4,4,4,4,4,4,4,4,80.64986419677734,78.17340850830078,78.12367248535156,79.13326263427734,71.5465087890625,80.73602294921875,82.671875,0,0,0,0,0,0,5,0,4.545454502105713,0,15.305098533630371,25769803776,0,18147721216,0
204,1790939245660,4,4,4,4,4,4,4,4,4,4,80.64986419677734,78.17340850830078,78.12367248535156,79.13326263427734,71.5465087890625,80.73602294921875,82.671875,4.761904716491699,0,0,0,0,0,0,4.761904716491699,4.761904716491699,0,15.244406700134277,25769803776,0,18147721216,0
204,1790939245865,4,4,4,4,4,4,4,4,4,4,80.64986419677734,78.17340850830078,78.12367248535156,79.13326263427734,71.5465087890625,80.73602294921875,82.671875,0,4.761904716491699,0,0,0,0,0,5,0,0,15.244406700134277,25769803776,0,18149752832,0
203,1790939246070,4,4,4,4,4,4,4,4,4,4,80.64986419677734,78.17340850830078,78.12367248535156,79.13326263427734,71.5465087890625,80.73602294921875,82.671875,0,4.761904716491699,0,0,0,0,0,4.761904716491699,0,0,15.244406700134277,25769803776,0,18147966976,0
204,1790939246273,4,4,4,4,4,4,4,4,4,4,80.65789031982422,78.2295150756836,77.83383178710938,79.11495971679688,71.08226776123047,80.73028564453125,82.4375,5,0,4.761904716491699,0,0,0,9.523809432983398,0,0,0,15.244406700134277,25769803776,0,18147786752,0
204,1790939246478,4,4,4,4,4,4,4,4,4,4,80.65789031982422,78.2295150756836,77.83383178710938,79.11495971679688,71.08226776123047,80.73028564453125,82.4375,0,0,0,0,0,0,0,9.523809432983398,0,0,15.244406700134277,25769803776,0,18147819520,0
204,1790939246683,4,4,4,4,4,4,4,4,4,4,80.65789031982422,78.2295150756836,77.83383178710938,79.11495971679688,71.08226776123047,80.73028564453125,82.4375,9.090909004211426,0,0,0,4.761904716491699,0,0,0,0,0,15.239980697631836,25769803776,0,18147901440,0
204,1790939246888,4,4,4,4,4,4,4,4,4,4,80.65789031982422,78.2295150756836,77.83383178710938,79.11495971679688,71.08226776123047,80.73028564453125,82.4375,0,0,0,0,0,0,0,9.523809432983398,0,0,15.239980697631836,25769803776,0,18147917824,0
204,1790939247093,4,4,4,4,4,4,4,4,4,4,80.65789031982422,78.2295150756836,77.83383178710938,79.11495971679688,71.08226776123047,80.73028564453125,82.4375,0,0,0,0,0,0,0,4.761904716491699,0,0,15.239980697631836,25769803776,0,18147917824,0
204,1790939247298,4,4,4,4,4,4,4,4,4,4,80.58111572265625,78.03777313232422,77.94495391845703,79.0995864868164,71.2967300415039,80.62018585205078,82.4375,4.761904716491699,0,0,0,0,0,4.761904716491699,9.523809432983398,4.761904716491699,0,15.239980697631836,25769803776,0,18147917824,0
204,1790939247503,4,4,4,4,4,4,4,4,4,4,80.58111572265625,78.03777313232422,77.94495391845703,79.0995864868164,71.2967300415039,80.62018585205078,82.4375,0,0,0,0,0,0,0,5,0,0,15.239980697631836,25769803776,0,18147721216,0
200,1790939247708,4,4,4,4,4,4,4,4,4,4,80.58111572265625,78.03777313232422,77.94495391845703,79.0995864868164,71.2967300415039,80.62018585205078,82.4375,4.761904716491699,4.761904716491699,4.545454502105713,0,0,0,0,9.523809432983398,4.545454502105713,0,15.187651634216309,25769803776,0,18147655680,0
200,1790939247909,4,4,4,4,4,4,4,4,4,4,80.58111572265625,78.03777313232422,77.94495391845703,79.0995864868164,71.2967300415039,80.62018585205078,82.4375,0,0,0,0,0,0,5,5,0,0,15.187651634216309,25769803776,0,18147655680,0
204,1790939248110,4,4,4,4,4,4,4,4,4,4,80.51509094238281,78.06044006347656,78.04286193847656,79.0819091796875,71.4564208984375,80.53592681884766,82.4375,0,0,0,0,0,0,0,0,0,0,15.187651634216309,25769803776,0,18147655680,0
204,1790939248315,4,4,4,4,4,4,4,4,4,4,80.51509094238281,78.06044006347656,78.04286193847656,79.0819091796875,71.4564208984375,80.53592681884766,82.4375,5,0,0,4.761904716491699,0,0,5,9.090909004211426,0,0,15.187651634216309,25769803776,0,18147655680,0
202,1790939248520,4,4,4,4,4,4,4,4,4,4,80.51509094238281,78.06044006347656,78.04286193847656,79.0819091796875,71.4564208984375,80.53592681884766,82.4375,4.761904716491699,0,0,0,0,0,0,0,0,0,15.187651634216309,25769803776,0,18147557376,0
204,1790939248722,4,4,4,4,4,4,4,4,4,4,80.51509094238281,78.06044006347656,78.04286193847656,79.0819091796875,71.4564208984375,80.53592681884766,82.4375,0,4.761904716491699,0,0,0,0,0,5,0,0,15.085381507873535,25769803776,0,18147491840,0
204,1790939248927,4,4,4,4,4,4,4,4,4,4,80.51509094238281,78.06044006347656,78.04286193847656,79.0819091796875,71.4564208984375,80.53592681884766,82.4375,4.761904716491699,4.761904716491699,0,0,0,0,0,9.523809432983398,0,0,15.085381507873535,25769803776,0,18147508224,0
204,1790939249131,4,4,4,4,4,4,4,4,4,4,80.50546264648438,78.04090881347656,77.69009399414063,79.08226013183594,70.94739532470703,80.56004333496094,83.96875,0,0,0,4.761904716491699,0,0,4.761904716491699,5,0,0,15.085381507873535,25769803776,0,18147508224,0
204,1790939249336,4,4,4,4,4,4,4,4,4,4,80.50546264648438,78.04090881347656,77.69009399414063,79.08226013183594,70.94739532470703,80.56004333496094,83.96875,4.761904716491699,0,0,0,0,0,0,9.090909004211426,4.761904716491699,0,15.085381507873535,25769803776,0,18149523456,0
204,1790939249541,4,4,4,4,4,4,4,4,4,4,80.50546264648438,78.04090881347656,77.69009399414063,79.08226013183594,70.94739532470703,80.56004333496094,83.96875,0,0,0,0,0,0,0,0,0,0,15.085381507873535,25769803776,0,18147508224,0
204,1790939249746,4,4,4,4,4,4,4,4,4,4,80.50546264648438,78.04090881347656,77.69009399414063,79.08226013183594,70.94739532470703,80.56004333496094,83.96875,4.761904716491699,0,0,0,0,0,4.761904716491699,5,0,0,15.074953079223633,25769803776,0,18147524608,0
204,1790939249951,4,4,4,4,4,4,4,4,4,4,80.50546264648438,78.04090881347656,77.69009399414063,79.08226013183594,70.94739532470703,80.56004333496094,83.96875,4.761904716491699,0,0,0,0,0,0,5,0,0,15.074953079223633,25769803776,0,18147540992,0
204,1790939250156,4,4,4,4,4,4,4,4,4,4,80.45114135742188,77.97508239746094,77.93097686767578,79.0677261352539,71.36238098144531,80.52271270751953,82.4375,0,9.523809432983398,0,0,0,0,0,5,0,0,15.074953079223633,25769803776,0,18147590144,0
204,1790939250361,4,4,4,4,4,4,4,4,4,4,80.45114135742188,77.97508239746094,77.93097686767578,79.0677261352539,71.36238098144531,80.52271270751953,82.4375,9.523809432983398,0,4.761904716491699,0,0,0,0,9.090909004211426,0,0,15.074953079223633,25769803776,0,18147590144,0
204,1790939250566,4,4,4,4,4,4,4,4,4,4,80.45114135742188,77.97508239746094,77.93097686767578,79.0677261352539,71.36238098144531,80.52271270751953,82.4375,0,0,4.761904716491699,0,0,0,9.523809432983398,0,0,0,15.074953079223633,25769803776,0,18147934208,0
204,1790939250771,4,4,4,4,4,4,4,4,4,4,80.45114135742188,77.97508239746094,77.93097686767578,79.0677261352539,71.36238098144531,80.52271270751953,82.4375,0,0,0,0,0,0,0,5,4.761904716491699,0,15.108582496643066,25769803776,0,18147983360,0
204,1790939250975,4,4,4,4,4,4,4,4,4,4,80.45114135742188,77.97508239746094,77.93097686767578,79.0677261352539,71.36238098144531,80.52271270751953,82.4375,4.761904716491699,0,0,0,0,0,0,9.523809432983398,0,0,15.108582496643066,25769803776,0,18147999744,0
204,1790939251180,4,4,4,4,4,4,4,4,4,4,80.39768981933594,78.04554748535156,77.71505737304688,79.04322052001953,71.0602798461914,80.47267150878906,82.4375,0,0,0,0,0,0,0,0,4.545454502105713,0,15.108582496643066,25769803776,0,18147999744,0
204,1790939251385,4,4,4,4,4,4,4,4,4,4,80.39768981933594,78.04554748535156,77.71505737304688,79.04322052001953,71.0602798461914,80.47267150878906,82.4375,0,4.545454502105713,0,0,0,0,4.761904716491699,9.523809432983398,0,0,15.108582496643066,25769803776,0,18147999744,0
204,1790939251590,4,4,4,4,4,4,4,4,4,4,80.39768981933594,78.04554748535156,77.71505737304688,79.04322052001953,71.0602798461914,80.47267150878906,82.4375,4.761904716491699,0,0,0,4.761904716491699,0,0,5,0,4.545454502105713,15.108582496643066,25769803776,0,18147999744,0
200,1790939251795,4,4,4,4,4,4,4,4,4,4,80.39768981933594,78.04554748535156,77.71505737304688,79.04322052001953,71.0602798461914,80.47267150878906,82.4375,0,0,0,0,0,0,4.761904716491699,4.761904716491699,0,0,14.994720458984375,25769803776,0,18148048896,0
200,1790939251996,4,4,4,4,4,4,4,4,4,4,80.39768981933594,78.04554748535156,77.71505737304688,79.04322052001953,71.0602798461914,80.47267150878906,82.4375,0,0,0,0,0,0,0,10,0,0,14.994720458984375,25769803776,0,18148048896,0
200,1790939252197,4,4,4,4,4,4,4,4,4,4,80.31815338134766,77.92530822753906,77.70317840576172,79.01734161376953,71.05233764648438,80.39933776855469,82.4375,5,4.761904716491699,0,0,0,0,5,0,0,0,14.994720458984375,25769803776,0,18148048896,0
204,1790939252397,4,4,4,4,4,4,4,4,4,4,80.31815338134766,77.92530822753906,77.70317840576172,79.01734161376953,71.05233764648438,80.39933776855469,82.4375,0,0,0,0,0,0,0,9.523809432983398,0,0,14.994720458984375,25769803776,0,18148048896,0
202,1790939252602,4,4,4,4,4,4,4,4,4,4,80.31815338134766,77.92530822753906,77.70317840576172,79.01734161376953,71.05233764648438,80.39933776855469,82.4375,9.523809432983398,4.761904716491699,0,0,0,0,0,0,0,0,14.994720458984375,25769803776,0,18147950592,0
204,1790939252804,4,4,4,4,4,4,4,4,4,4,80.31815338134766,77.92530822753906,77.70317840576172,79.01734161376953,71.05233764648438,80.39933776855469,82.4375,0,0,0,0,0,0,0,5,0,0,15.01219654083252,25769803776,0,18149736448,0
201,1790939253009,4,4,4,4,4,4,4,4,4,4,80.31815338134766,77.92530822753906,77.70317840576172,79.01734161376953,71.05233764648438,80.39933776855469,82.4375,0,0,0,0,0,0,0,4.761904716491699,0,0,15.01219654083252,25769803776,0,18147950592,0
200,1790939253211,4,4,4,4,4,4,4,4,4,4,80.40959930419922,77.95243835449219,77.57820892333984,78.96273040771484,70.87155151367188,80.56563568115234,82.90625,4.761904716491699,0,0,0,0,0,4.761904716491699,4.761904716491699,5,0,15.01219654083252,25769803776,0,18147950592,0
200,1790939253412,4,4,4,4,4,4,4,4,4,4,80.40959930419922,77.95243835449219,77.57820892333984,78.96273040771484,70.87155151367188,80.56563568115234,82.90625,0,0,0,0,0,0,5,0,0,0,15.01219654083252,25769803776,0,18147950592,0
204,1790939253612,4,4,4,4,4,4,4,4,4,4,80.40959930419922,77.95243835449219,77.57820892333984,78.96273040771484,70.87155151367188,80.56563568115234,82.90625,9.523809432983398,0,0,0,0,0,0,5,0,0,14.931971549987793,25769803776,0,18147934208,0
204,1790939253817,4,4,4,4,4,4,4,4,4,4,80.40959930419922,77.95243835449219,77.57820892333984,78.96273040771484,70.87155151367188,80.56563568115234,82.90625,0,0,0,0,0,0,4.761904716491699,4.761904716491699,9.090909004211426,0,14.931971549987793,25769803776,0,18147934208,0
204,1790939254022,4,4,4,4,4,4,4,4,4,4,80.40959930419922,77.95243835449219,77.57820892333984,78.96273040771484,70.87155151367188,80.56563568115234,82.90625,4.761904716491699,4.761904716491699,0,0,0,0,0,5,0,0,14.931971549987793,25769803776,0,18147901440,0
200,1790939254227,4,4,4,4,4,4,4,4,4,4,80.21420288085938,77.94115447998047,77.47624206542969,78.90560150146484,70.77638244628906,80.32909393310547,84.4375,0,4.761904716491699,0,0,0,0,4.761904716491699,9.523809432983398,0,0,14.931971549987793,25769803776,0,18147901440,0
204,1790939254427,4,4,4,4,4,4,4,4,4,4,80.21420288085938,77.94115447998047,77.47624206542969,78.90560150146484,70.77638244628906,80.32909393310547,84.4375,0,0,0,0,0,0,0,5,0,0,14.931971549987793,25769803776,0,18147819520,0
9,1790939254632,4,4,4,4,4,4,4,4,4,4,80.21420288085938,77.94115447998047,77.47624206542969,78.90560150146484,70.77638244628906,80.32909393310547,84.4375,4.761904716491699,0,0,0,0,0,0,10,0,0,14.998242378234863,25769803776,0,18127372288,0
