Delta,Time,CPU_FREQUENCY_0,CPU_FREQUENCY_1,CPU_FREQUENCY_2,CPU_FREQUENCY_3,CPU_FREQUENCY_4,CPU_FREQUENCY_5,CPU_FREQUENCY_6,CPU_FREQUENCY_7,CPU_FREQUENCY_8,CPU_FREQUENCY_9,CPU_TEMP_0,CPU_TEMP_1,CPU_TEMP_2,CPU_TEMP_3,CPU_TEMP_4,CPU_TEMP_5,CPU_TEMP_6,CPU_USAGE_0,CPU_USAGE_1,CPU_USAGE_2,CPU_USAGE_3,CPU_USAGE_4,CPU_USAGE_5,CPU_USAGE_6,CPU_USAGE_7,CPU_USAGE_8,CPU_USAGE_9,SYSTEM_POWER (Watts),TOTAL_MEMORY,TOTAL_SWAP,USED_MEMORY,USED_SWAP
0,1790939511365,4,4,4,4,4,4,4,4,4,4,64.91492462158203,65.20258331298828,64.95218658447266,64.4297103881836,58.037445068359375,65.09376525878906,72.484375,0,0,0,0,0,0,0,0,0,0,1.9677529335021973,25769803776,0,18688278528,0
204,1790939511365,4,4,4,4,4,4,4,4,4,4,64.91492462158203,65.20258331298828,64.95218658447266,64.4297103881836,58.037445068359375,65.09376525878906,72.484375,100,0,NaN,0,NaN,0,NaN,0,NaN,0,1.9677529335021973,25769803776,0,18689638400,0
204,1790939511571,4,4,4,4,4,4,4,4,4,4,64.91492462158203,65.20258331298828,64.95218658447266,64.4297103881836,58.037445068359375,65.09376525878906,72.484375,5,4.761904716491699,0,4.761904716491699,0,0,4.761904716491699,38.095237731933594,0,0,1.9677529335021973,25769803776,0,18721538048,0
202,1790939511776,4,4,4,4,4,4,4,4,4,4,64.91492462158203,65.20258331298828,64.95218658447266,64.4297103881836,58.037445068359375,65.09376525878906,72.484375,4.761904716491699,0,4.545454502105713,0,0,0,4.761904716491699,9.523809432983398,0,0,1.9167636632919312,25769803776,0,18721538048,0
204,1790939511978,4,4,4,4,4,4,4,4,4,4,64.91492462158203,65.20258331298828,64.95218658447266,64.4297103881836,58.037445068359375,65.09376525878906,72.484375,0,0,0,0,0,0,0,5,4.761904716491699,0,1.9167636632919312,25769803776,0,18721538048,0
204,1790939512183,4,4,4,4,4,4,4,4,4,4,70.84761047363281,67.11554718017578,67.3067626953125,69.06539916992188,60.65203857421875,70.16875457763672,76.296875,5,4.545454502105713,0,0,0,0,0,5,0,0,1.9167636632919312,25769803776,0,18720686080,0
204,1790939512388,4,4,4,4,4,4,4,4,4,4,70.84761047363281,67.11554718017578,67.3067626953125,69.06539916992188,60.65203857421875,70.16875457763672,76.296875,0,0,0,0,0,0,0,4.761904716491699,0,0,1.9167636632919312,25769803776,0,18697273344,0
204,1790939512593,4,4,4,4,4,4,4,4,4,4,70.84761047363281,67.11554718017578,67.3067626953125,69.06539916992188,60.65203857421875,70.16875457763672,76.296875,9.090909004211426,4.761904716491699,4.761904716491699,0,0,0,0,5,0,0,1.9167636632919312,25769803776,0,18697273344,0
200,1790939512798,4,4,4,4,4,4,4,4,4,4,70.84761047363281,67.11554718017578,67.3067626953125,69.06539916992188,60.65203857421875,70.16875457763672,76.296875,0,0,4.761904716491699,0,0,0,0,9.523809432983398,0,0,6.433737754821777,25769803776,0,18697273344,0
204,1790939512999,4,4,4,4,4,4,4,4,4,4,70.84761047363281,67.11554718017578,67.3067626953125,69.06539916992188,60.65203857421875,70.16875457763672,76.296875,4.761904716491699,0,0,0,0,0,4.761904716491699,5,0,0,6.433737754821777,25769803776,0,18697273344,0
204,1790939513204,4,4,4,4,4,4,4,4,4,4,76.78693389892578,71.30338287353516,71.29322052001953,74.25081634521484,64.45567321777344,75.79911804199219,77.484375,0,4.761904716491699,0,0,0,0,0,5,0,0,6.433737754821777,25769803776,0,18697617408,0
204,1790939513409,4,4,4,4,4,4,4,4,4,4,76.78693389892578,71.30338287353516,71.29322052001953,74.25081634521484,64.45567321777344,75.79911804199219,77.484375,4.761904716491699,0,0,0,0,0,4.761904716491699,4.761904716491699,0,0,6.433737754821777,25769803776,0,18697617408,0
204,1790939513613,4,4,4,4,4,4,4,4,4,4,76.78693389892578,71.30338287353516,71.29322052001953,74.25081634521484,64.45567321777344,75.79911804199219,77.484375,0,0,0,0,0,0,0,5,0,0,24.147193908691406,25769803776,0,18697617408,0
204,1790939513818,4,4,4,4,4,4,4,4,4,4,76.78693389892578,71.30338287353516,71.29322052001953,74.25081634521484,64.45567321777344,75.79911804199219,77.484375,0,0,0,0,0,0,0,5,0,0,24.147193908691406,25769803776,0,18697617408,0
204,1790939514023,4,4,4,4,4,4,4,4,4,4,76.78693389892578,71.30338287353516,71.29322052001953,74.25081634521484,64.45567321777344,75.79911804199219,77.484375,4.761904716491699,4.545454502105713,0,0,0,0,0,9.090909004211426,4.545454502105713,0,24.147193908691406,25769803776,0,18697617408,0
204,1790939514228,4,4,4,4,4,4,4,4,4,4,77.53589630126953,72.85588073730469,72.758056640625,75.26409149169922,65.9864730834961,76.9930419921875,78.4375,0,0,0,0,0,0,0,5,4.761904716491699,0,24.147193908691406,25769803776,0,18684624896,0
204,1790939514433,4,4,4,4,4,4,4,4,4,4,77.53589630126953,72.85588073730469,72.758056640625,75.26409149169922,65.9864730834961,76.9930419921875,78.4375,5,5,0,0,0,0,0,5,0,0,24.147193908691406,25769803776,0,18684706816,0
204,1790939514638,4,4,4,4,4,4,4,4,4,4,77.53589630126953,72.85588073730469,72.758056640625,75.26409149169922,65.9864730834961,76.9930419921875,78.4375,4.761904716491699,0,0,0,0,0,0,9.523809432983398,0,0,21.350677490234375,25769803776,0,18684706816,0
204,1790939514843,4,4,4,4,4,4,4,4,4,4,77.53589630126953,72.85588073730469,72.758056640625,75.26409149169922,65.9864730834961,76.9930419921875,78.4375,0,0,0,0,0,0,9.090909004211426,5,0,0,21.350677490234375,25769803776,0,18684706816,0
204,1790939515048,4,4,4,4,4,4,4,4,4,4,77.53589630126953,72.85588073730469,72.758056640625,75.26409149169922,65.9864730834961,76.9930419921875,78.4375,4.761904716491699,4.761904716491699,0,0,0,0,0,5,0,0,21.350677490234375,25769803776,0,18684706816,0
204,1790939515253,4,4,4,4,4,4,4,4,4,4,76.3791275024414,73.09957885742188,73.00154876708984,74.41072845458984,66.11456298828125,75.77533721923828,78.4375,0,0,0,0,4.761904716491699,0,0,9.090909004211426,0,0,21.350677490234375,25769803776,0,18684706816,0
204,1790939515458,4,4,4,4,4,4,4,4,4,4,76.3791275024414,73.09957885742188,73.00154876708984,74.41072845458984,66.11456298828125,75.77533721923828,78.4375,0,0,0,0,0,0,0,5,0,0,21.350677490234375,25769803776,0,18684706816,0
204,1790939515663,4,4,4,4,4,4,4,4,4,4,76.3791275024414,73.09957885742188,73.00154876708984,74.41072845458984,66.11456298828125,75.77533721923828,78.4375,4.761904716491699,0,0,0,0,0,0,5,4.761904716491699,0,18.23672103881836,25769803776,0,18684837888,0
202,1790939515868,4,4,4,4,4,4,4,4,4,4,76.3791275024414,73.09957885742188,73.00154876708984,74.41072845458984,66.11456298828125,75.77533721923828,78.4375,0,0,0,0,0,0,0,5,0,0,18.23672103881836,25769803776,0,18684854272,0
204,1790939516070,4,4,4,4,4,4,4,4,4,4,76.3791275024414,73.09957885742188,73.00154876708984,74.41072845458984,66.11456298828125,75.77533721923828,78.4375,0,0,4.761904716491699,0,0,0,9.523809432983398,0,0,0,18.23672103881836,25769803776,0,18684772352,0
204,1790939516275,4,4,4,4,4,4,4,4,4,4,74.94813537597656,72.438720703125,72.3208236694336,73.1815185546875,65.37724304199219,74.31327056884766,76.546875,9.090909004211426,4.761904716491699,0,0,0,0,0,9.523809432983398,0,0,18.23672103881836,25769803776,0,18684772352,0
204,1790939516480,4,4,4,4,4,4,4,4,4,4,74.94813537597656,72.438720703125,72.3208236694336,73.1815185546875,65.37724304199219,74.31327056884766,76.546875,0,4.761904716491699,0,4.761904716491699,0,0,0,5,0,0,18.23672103881836,25769803776,0,18684755968,0
204,1790939516685,4,4,4,4,4,4,4,4,4,4,74.94813537597656,72.438720703125,72.3208236694336,73.1815185546875,65.37724304199219,74.31327056884766,76.546875,0,0,0,0,0,0,0,5,0,0,12.767303466796875,25769803776,0,18684477440,0
204,1790939516890,4,4,4,4,4,4,4,4,4,4,74.94813537597656,72.438720703125,72.3208236694336,73.1815185546875,65.37724304199219,74.31327056884766,76.546875,4.761904716491699,0,0,0,0,0,4.761904716491699,9.090909004211426,4.545454502105713,0,12.767303466796875,25769803776,0,18684477440,0
203,1790939517095,4,4,4,4,4,4,4,4,4,4,74.94813537597656,72.438720703125,72.3208236694336,73.1815185546875,65.37724304199219,74.31327056884766,76.546875,0,0,0,0,4.545454502105713,0,0,0,0,0,12.767303466796875,25769803776,0,18686148608,0
200,1790939517298,4,4,4,4,4,4,4,4,4,4,75.09038543701172,72.30021667480469,72.2649154663086,73.2631607055664,65.38531494140625,74.43473052978516,76.546875,0,0,0,0,0,0,0,5,0,0,12.767303466796875,25769803776,0,18684346368,0
204,1790939517499,4,4,4,4,4,4,4,4,4,4,75.09038543701172,72.30021667480469,72.2649154663086,73.2631607055664,65.38531494140625,74.43473052978516,76.546875,4.761904716491699,0,0,0,0,0,4.761904716491699,9.523809432983398,0,0,12.767303466796875,25769803776,0,18683904000,0
204,1790939517704,4,4,4,4,4,4,4,4,4,4,75.09038543701172,72.30021667480469,72.2649154663086,73.2631607055664,65.38531494140625,74.43473052978516,76.546875,0,0,0,0,0,0,0,5,0,0,13.375041961669922,25769803776,0,18683904000,0
204,1790939517909,4,4,4,4,4,4,4,4,4,4,75.09038543701172,72.30021667480469,72.2649154663086,73.2631607055664,65.38531494140625,74.43473052978516,76.546875,4.761904716491699,4.761904716491699,4.761904716491699,0,0,0,0,9.523809432983398,4.761904716491699,0,13.375041961669922,25769803776,0,18683904000,0
204,1790939518113,4,4,4,4,4,4,4,4,4,4,75.52587890625,72.69757080078125,72.68086242675781,73.7416763305664,65.84777069091797,75.03516387939453,77.25,0,0,0,0,0,0,0,0,0,0,13.375041961669922,25769803776,0,18683904000,0
202,1790939518318,4,4,4,4,4,4,4,4,4,4,75.52587890625,72.69757080078125,72.68086242675781,73.7416763305664,65.84777069091797,75.03516387939453,77.25,9.090909004211426,0,0,0,0,0,0,9.523809432983398,0,0,13.375041961669922,25769803776,0,18681987072,0
200,1790939518521,4,4,4,4,4,4,4,4,4,4,75.52587890625,72.69757080078125,72.68086242675781,73.7416763305664,65.84777069091797,75.03516387939453,77.25,0,0,0,0,0,0,5,5,0,0,13.375041961669922,25769803776,0,18681069568,0
204,1790939518721,4,4,4,4,4,4,4,4,4,4,75.52587890625,72.69757080078125,72.68086242675781,73.7416763305664,65.84777069091797,75.03516387939453,77.25,0,0,0,0,0,0,0,9.523809432983398,0,0,14.82502555847168,25769803776,0,18681151488,0
202,1790939518927,4,4,4,4,4,4,4,4,4,4,75.52587890625,72.69757080078125,72.68086242675781,73.7416763305664,65.84777069091797,75.03516387939453,77.25,4.761904716491699,0,0,0,0,0,4.761904716491699,5,0,0,14.82502555847168,25769803776,0,18681151488,0
204,1790939519129,4,4,4,4,4,4,4,4,4,4,75.92963409423828,73.01679992675781,73.06768035888672,73.9811019897461,66.27037811279297,75.31499481201172,77.484375,0,4.761904716491699,0,0,0,0,0,9.523809432983398,0,0,14.82502555847168,25769803776,0,18681151488,0
204,1790939519334,4,4,4,4,4,4,4,4,4,4,75.92963409423828,73.01679992675781,73.06768035888672,73.9811019897461,66.27037811279297,75.31499481201172,77.484375,9.090909004211426,4.761904716491699,4.761904716491699,4.761904716491699,0,0,0,0,0,0,14.82502555847168,25769803776,0,18674892800,0
204,1790939519539,4,4,4,4,4,4,4,4,4,4,75.92963409423828,73.01679992675781,73.06768035888672,73.9811019897461,66.27037811279297,75.31499481201172,77.484375,0,0,0,0,0,0,0,9.523809432983398,0,0,14.82502555847168,25769803776,0,18674778112,0
204,1790939519744,4,4,4,4,4,4,4,4,4,4,75.92963409423828,73.01679992675781,73.06768035888672,73.9811019897461,66.27037811279297,75.31499481201172,77.484375,4.761904716491699,0,0,0,0,0,0,5,4.761904716491699,0,15.131819725036621,25769803776,0,18674335744,0
204,1790939519949,4,4,4,4,4,4,4,4,4,4,75.92963409423828,73.01679992675781,73.06768035888672,73.9811019897461,66.27037811279297,75.31499481201172,77.484375,0,0,0,0,0,0,4.761904716491699,9.523809432983398,0,0,15.131819725036621,25769803776,0,18674335744,0
202,1790939520154,4,4,4,4,4,4,4,4,4,4,76.22225952148438,73.26781463623047,73.29153442382813,74.29808807373047,66.35330963134766,75.50386810302734,77.71875,4.761904716491699,0,4.761904716491699,0,0,0,0,4.761904716491699,0,0,15.131819725036621,25769803776,0,18674663424,0
204,1790939520356,4,4,4,4,4,4,4,4,4,4,76.22225952148438,73.26781463623047,73.29153442382813,74.29808807373047,66.35330963134766,75.50386810302734,77.71875,4.761904716491699,9.090909004211426,0,0,0,0,0,10,0,0,15.131819725036621,25769803776,0,18674761728,0
204,1790939520561,4,4,4,4,4,4,4,4,4,4,76.22225952148438,73.26781463623047,73.29153442382813,74.29808807373047,66.35330963134766,75.50386810302734,77.71875,5,0,4.761904716491699,0,0,0,0,0,0,0,15.131819725036621,25769803776,0,18676891648,0
204,1790939520766,4,4,4,4,4,4,4,4,4,4,76.22225952148438,73.26781463623047,73.29153442382813,74.29808807373047,66.35330963134766,75.50386810302734,77.71875,4.761904716491699,0,0,0,0,0,4.761904716491699,4.761904716491699,0,0,15.001118659973145,25769803776,0,18676219904,0
204,1790939520971,4,4,4,4,4,4,4,4,4,4,76.22225952148438,73.26781463623047,73.29153442382813,74.29808807373047,66.35330963134766,75.50386810302734,77.71875,0,0,0,0,0,0,0,9.523809432983398,0,0,15.001118659973145,25769803776,0,18674843648,0
202,1790939521176,4,4,4,4,4,4,4,4,4,4,76.49118041992188,73.56366729736328,73.61264038085938,74.51549530029297,66.7026138305664,75.82357025146484,77.953125,0,0,0,0,0,0,0,0,0,0,15.001118659973145,25769803776,0,18674843648,0
200,1790939521378,4,4,4,4,4,4,4,4,4,4,76.49118041992188,73.56366729736328,73.61264038085938,74.51549530029297,66.7026138305664,75.82357025146484,77.953125,4.761904716491699,0,0,0,0,0,0,5,0,0,15.001118659973145,25769803776,0,18674794496,0
204,1790939521579,4,4,4,4,4,4,4,4,4,4,76.49118041992188,73.56366729736328,73.61264038085938,74.51549530029297,66.7026138305664,75.82357025146484,77.953125,0,0,4.761904716491699,0,0,0,4.761904716491699,9.523809432983398,0,0,15.001118659973145,25769803776,0,18674712576,0
201,1790939521784,4,4,4,4,4,4,4,4,4,4,76.49118041992188,73.56366729736328,73.61264038085938,74.51549530029297,66.7026138305664,75.82357025146484,77.953125,0,9.090909004211426,0,0,0,0,5,0,0,0,15.037001609802246,25769803776,0,18674712576,0
204,1790939521986,4,4,4,4,4,4,4,4,4,4,76.49118041992188,73.56366729736328,73.61264038085938,74.51549530029297,66.7026138305664,75.82357025146484,77.953125,4.761904716491699,0,0,0,0,4.761904716491699,4.761904716491699,9.523809432983398,4.761904716491699,0,15.037001609802246,25769803776,0,18674237440,0
204,1790939522191,4,4,4,4,4,4,4,4,4,4,76.71053314208984,73.81237030029297,73.71109771728516,74.79838562011719,66.75830078125,76.08553314208984,78.90625,5,0,0,0,0,0,0,5,4.761904716491699,0,15.037001609802246,25769803776,0,18674237440,0
204,1790939522396,4,4,4,4,4,4,4,4,4,4,76.71053314208984,73.81237030029297,73.71109771728516,74.79838562011719,66.75830078125,76.08553314208984,78.90625,9.523809432983398,0,0,0,0,0,0,5,0,0,15.037001609802246,25769803776,0,18658983936,0
204,1790939522600,4,4,4,4,4,4,4,4,4,4,76.71053314208984,73.81237030029297,73.71109771728516,74.79838562011719,66.75830078125,76.08553314208984,78.90625,0,0,0,0,0,0,0,9.523809432983398,0,0,15.037001609802246,25769803776,0,18659000320,0
204,1790939522805,4,4,4,4,4,4,4,4,4,4,76.71053314208984,73.81237030029297,73.71109771728516,74.79838562011719,66.75830078125,76.08553314208984,78.90625,5,0,0,0,0,0,0,5,0,0,15.020719528198242,25769803776,0,18658967552,0
204,1790939523010,4,4,4,4,4,4,4,4,4,4,76.71053314208984,73.81237030029297,73.71109771728516,74.79838562011719,66.75830078125,76.08553314208984,78.90625,0,4.761904716491699,0,0,4.545454502105713,0,4.761904716491699,4.761904716491699,0,0,15.020719528198242,25769803776,0,18658967552,0
204,1790939523215,4,4,4,4,4,4,4,4,4,4,76.95450592041016,73.91692352294922,73.93243408203125,75.16475677490234,66.99746704101563,76.34459686279297,79.265625,0,0,0,0,0,0,0,5,0,0,15.020719528198242,25769803776,0,18659016704,0
204,1790939523420,4,4,4,4,4,4,4,4,4,4,76.95450592041016,73.91692352294922,73.93243408203125,75.16475677490234,66.99746704101563,76.34459686279297,79.265625,4.761904716491699,0,0,4.761904716491699,0,0,0,9.523809432983398,0,0,15.020719528198242,25769803776,0,18645975040,0
204,1790939523625,4,4,4,4,4,4,4,4,4,4,76.95450592041016,73.91692352294922,73.93243408203125,75.16475677490234,66.99746704101563,76.34459686279297,79.265625,0,0,0,0,0,0,4.545454502105713,5,0,0,15.137754440307617,25769803776,0,18646024192,0
204,1790939523830,4,4,4,4,4,4,4,4,4,4,76.95450592041016,73.91692352294922,73.93243408203125,75.16475677490234,66.99746704101563,76.34459686279297,79.265625,4.761904716491699,0,0,0,0,0,0,9.523809432983398,0,0,15.137754440307617,25769803776,0,18646024192,0
204,1790939524035,4,4,4,4,4,4,4,4,4,4,76.95450592041016,73.91692352294922,73.93243408203125,75.16475677490234,66.99746704101563,76.34459686279297,79.265625,4.761904716491699,4.761904716491699,0,0,0,0,0,5,0,0,15.137754440307617,25769803776,0,18646024192,0
204,1790939524240,4,4,4,4,4,4,4,4,4,4,77.14977264404297,74.10826110839844,74.18494415283203,75.30229949951172,67.34295654296875,76.64871978759766,78.671875,0,0,0,0,0,0,0,9.090909004211426,0,0,15.137754440307617,25769803776,0,18646024192,0
204,1790939524445,4,4,4,4,4,4,4,4,4,4,77.14977264404297,74.10826110839844,74.18494415283203,75.30229949951172,67.34295654296875,76.64871978759766,78.671875,4.761904716491699,0,0,0,0,0,0,0,0,0,15.137754440307617,25769803776,0,18647826432,0
204,1790939524650,4,4,4,4,4,4,4,4,4,4,77.14977264404297,74.10826110839844,74.18494415283203,75.30229949951172,67.34295654296875,76.64871978759766,78.671875,0,0,0,0,0,0,4.761904716491699,4.761904716491699,4.545454502105713,0,15.224554061889648,25769803776,0,18645991424,0
204,1790939524855,4,4,4,4,4,4,4,4,4,4,77.14977264404297,74.10826110839844,74.18494415283203,75.30229949951172,67.34295654296875,76.64871978759766,78.671875,0,4.761904716491699,0,0,0,0,0,5,0,0,15.224554061889648,25769803776,0,18645843968,0
204,1790939525060,4,4,4,4,4,4,4,4,4,4,77.14977264404297,74.10826110839844,74.18494415283203,75.30229949951172,67.34295654296875,76.64871978759766,78.671875,30.000001907348633,0,0,0,0,0,0,5,4.761904716491699,0,15.224554061889648,25769803776,0,18645909504,0
204,1790939525265,4,4,4,4,4,4,4,4,4,4,77.2873306274414,74.1725845336914,74.24571228027344,75.44041442871094,67.36053466796875,76.85135650634766,79.96875,42.85714340209961,4.761904716491699,0,0,0,0,0,4.761904716491699,0,0,15.224554061889648,25769803776,0,18645925888,0
204,1790939525470,4,4,4,4,4,4,4,4,4,4,77.2873306274414,74.1725845336914,74.24571228027344,75.44041442871094,67.36053466796875,76.85135650634766,79.96875,5,0,0,0,0,0,0,9.523809432983398,0,0,15.224554061889648,25769803776,0,18645942272,0
202,1790939525675,4,4,4,4,4,4,4,4,4,4,77.2873306274414,74.1725845336914,74.24571228027344,75.44041442871094,67.36053466796875,76.85135650634766,79.96875,0,0,4.761904716491699,4.761904716491699,0,4.545454502105713,4.761904716491699,5,0,0,15.124691009521484,25769803776,0,18645663744,0
204,1790939525878,4,4,4,4,4,4,4,4,4,4,77.2873306274414,74.1725845336914,74.24571228027344,75.44041442871094,67.36053466796875,76.85135650634766,79.96875,4.761904716491699,0,4.545454502105713,0,0,0,0,9.523809432983398,0,0,15.124691009521484,25769803776,0,18645745664,0
204,1790939526083,4,4,4,4,4,4,4,4,4,4,77.2873306274414,74.1725845336914,74.24571228027344,75.44041442871094,67.36053466796875,76.85135650634766,79.96875,0,0,0,0,0,0,0,5,0,0,15.124691009521484,25769803776,0,18645745664,0
203,1790939526288,4,4,4,4,4,4,4,4,4,4,77.45337677001953,74.52994537353516,74.45760345458984,75.70201110839844,67.65238952636719,77.06259155273438,79.140625,4.761904716491699,4.761904716491699,0,0,4.545454502105713,0,0,0,0,0,15.124691009521484,25769803776,0,18645745664,0
200,1790939526491,4,4,4,4,4,4,4,4,4,4,77.45337677001953,74.52994537353516,74.45760345458984,75.70201110839844,67.65238952636719,77.06259155273438,79.140625,0,0,0,0,0,0,9.523809432983398,9.090909004211426,0,0,15.124691009521484,25769803776,0,18646220800,0
200,1790939526692,4,4,4,4,4,4,4,4,4,4,77.45337677001953,74.52994537353516,74.45760345458984,75.70201110839844,67.65238952636719,77.06259155273438,79.140625,4.761904716491699,0,0,0,0,0,0,0,0,0,15.339219093322754,25769803776,0,18646220800,0
204,1790939526892,4,4,4,4,4,4,4,4,4,4,77.45337677001953,74.52994537353516,74.45760345458984,75.70201110839844,67.65238952636719,77.06259155273438,79.140625,4.761904716491699,0,0,0,0,0,0,5,4.761904716491699,0,15.339219093322754,25769803776,0,18646269952,0
204,1790939527097,4,4,4,4,4,4,4,4,4,4,77.45337677001953,74.52994537353516,74.45760345458984,75.70201110839844,67.65238952636719,77.06259155273438,79.140625,0,0,0,0,0,0,0,9.523809432983398,0,4.545454502105713,15.339219093322754,25769803776,0,18646269952,0
204,1790939527302,4,4,4,4,4,4,4,4,4,4,77.51791381835938,74.7304458618164,74.46180725097656,75.82434844970703,67.65644836425781,77.16658020019531,80.203125,4.761904716491699,0,0,0,0,0,4.761904716491699,5,0,0,15.339219093322754,25769803776,0,18646269952,0
204,1790939527507,4,4,4,4,4,4,4,4,4,4,77.51791381835938,74.7304458618164,74.46180725097656,75.82434844970703,67.65644836425781,77.16658020019531,80.203125,0,4.761904716491699,0,0,0,0,0,9.523809432983398,4.545454502105713,0,15.339219093322754,25769803776,0,18646319104,0
204,1790939527712,4,4,4,4,4,4,4,4,4,4,77.51791381835938,74.7304458618164,74.46180725097656,75.82434844970703,67.65644836425781,77.16658020019531,80.203125,0,0,0,0,0,0,4.761904716491699,4.761904716491699,0,0,15.158480644226074,25769803776,0,18646286336,0
204,1790939527917,4,4,4,4,4,4,4,4,4,4,77.51791381835938,74.7304458618164,74.46180725097656,75.82434844970703,67.65644836425781,77.16658020019531,80.203125,0,0,0,0,0,0,0,9.523809432983398,0,0,15.158480644226074,25769803776,0,18646286336,0
204,1790939528122,4,4,4,4,4,4,4,4,4,4,77.62483978271484,74.69385528564453,74.53140258789063,75.94371032714844,67.80773162841797,77.29271697998047,80.90625,4.761904716491699,0,0,0,0,0,0,0,0,0,15.158480644226074,25769803776,0,18647957504,0
204,1790939528327,4,4,4,4,4,4,4,4,4,4,77.62483978271484,74.69385528564453,74.53140258789063,75.94371032714844,67.80773162841797,77.29271697998047,80.90625,0,0,0,0,0,0,0,5,0,0,15.158480644226074,25769803776,0,18646155264,0
200,1790939528532,4,4,4,4,4,4,4,4,4,4,77.62483978271484,74.69385528564453,74.53140258789063,75.94371032714844,67.80773162841797,77.29271697998047,80.90625,0,0,0,0,0,0,9.523809432983398,0,0,4.761904716491699,15.158480644226074,25769803776,0,18646138880,0
204,1790939528733,4,4,4,4,4,4,4,4,4,4,77.62483978271484,74.69385528564453,74.53140258789063,75.94371032714844,67.80773162841797,77.29271697998047,80.90625,5,0,0,0,0,0,0,9.523809432983398,0,0,15.08087158203125,25769803776,0,18646122496,0
204,1790939528938,4,4,4,4,4,4,4,4,4,4,77.62483978271484,74.69385528564453,74.53140258789063,75.94371032714844,67.80773162841797,77.29271697998047,80.90625,0,9.090909004211426,0,0,0,0,5,0,4.761904716491699,0,15.08087158203125,25769803776,0,18646122496,0
204,1790939529143,4,4,4,4,4,4,4,4,4,4,77.7520751953125,75.13417053222656,74.65304565429688,76.09893798828125,67.8607177734375,77.45613861083984,79.375,4.761904716491699,0,0,0,0,0,0,5,0,0,15.08087158203125,25769803776,0,18646073344,0
204,1790939529348,4,4,4,4,4,4,4,4,4,4,77.7520751953125,75.13417053222656,74.65304565429688,76.09893798828125,67.8607177734375,77.45613861083984,79.375,0,0,0,0,0,0,0,4.761904716491699,0,0,15.08087158203125,25769803776,0,18646122496,0
204,1790939529553,4,4,4,4,4,4,4,4,4,4,77.7520751953125,75.13417053222656,74.65304565429688,76.09893798828125,67.8607177734375,77.45613861083984,79.375,0,0,0,0,0,0,4.545454502105713,5,0,0,15.08087158203125,25769803776,0,18646089728,0
204,1790939529758,4,4,4,4,4,4,4,4,4,4,77.7520751953125,75.13417053222656,74.65304565429688,76.09893798828125,67.8607177734375,77.45613861083984,79.375,4.761904716491699,0,0,0,0,0,0,9.523809432983398,0,0,15.284659385681152,25769803776,0,18646089728,0
204,1790939529963,4,4,4,4,4,4,4,4,4,4,77.7520751953125,75.13417053222656,74.65304565429688,76.09893798828125,67.8607177734375,77.45613861083984,79.375,0,0,0,0,0,0,0,5,0,0,15.284659385681152,25769803776,0,18646089728,0
200,1790939530168,4,4,4,4,4,4,4,4,4,4,77.92503356933594,75.06895446777344,74.96724700927734,76.24310302734375,68.30986022949219,77.71360778808594,79.609375,4.761904716491699,0,0,0,0,0,4.761904716491699,9.090909004211426,0,0,15.284659385681152,25769803776,0,18646155264,0
204,1790939530369,4,4,4,4,4,4,4,4,4,4,77.92503356933594,75.06895446777344,74.96724700927734,76.24310302734375,68.30986022949219,77.71360778808594,79.609375,5,4.761904716491699,0,0,0,0,0,0,4.761904716491699,0,15.284659385681152,25769803776,0,18646155264,0
204,1790939530574,4,4,4,4,4,4,4,4,4,4,77.92503356933594,75.06895446777344,74.96724700927734,76.24310302734375,68.30986022949219,77.71360778808594,79.609375,4.761904716491699,0,4.761904716491699,0,0,0,0,9.090909004211426,0,0,15.284659385681152,25769803776,0,18646384640,0
204,1790939530779,4,4,4,4,4,4,4,4,4,4,77.92503356933594,75.06895446777344,74.96724700927734,76.24310302734375,68.30986022949219,77.71360778808594,79.609375,0,0,0,0,0,0,0,5,0,0,15.394450187683105,25769803776,0,18646417408,0
204,1790939530984,4,4,4,4,4,4,4,4,4,4,77.92503356933594,75.06895446777344,74.96724700927734,76.24310302734375,68.30986022949219,77.71360778808594,79.609375,10,19.047618865966797,10,4.545454502105713,0,0,0,9.523809432983398,4.761904716491699,0,15.394450187683105,25769803776,0,18647269376,0
204,1790939531189,4,4,4,4,4,4,4,4,4,4,77.97940826416016,75.24178314208984,75.10867309570313,76.28192901611328,68.33647918701172,77.77620697021484,79.84375,4.761904716491699,10,4.761904716491699,0,4.761904716491699,0,4.761904716491699,5,0,0,15.394450187683105,25769803776,0,18647121920,0
204,1790939531394,4,4,4,4,4,4,4,4,4,4,77.97940826416016,75.24178314208984,75.10867309570313,76.28192901611328,68.33647918701172,77.77620697021484,79.84375,5,9.090909004211426,0,0,0,0,4.761904716491699,9.523809432983398,0,0,15.394450187683105,25769803776,0,18647121920,0
204,1790939531599,4,4,4,4,4,4,4,4,4,4,77.97940826416016,75.24178314208984,75.10867309570313,76.28192901611328,68.33647918701172,77.77620697021484,79.84375,25,5.555555820465088,13.636363983154297,4.761904716491699,0,0,0,0,0,0,15.394450187683105,25769803776,0,18649137152,0
204,1790939531804,4,4,4,4,4,4,4,4,4,4,77.97940826416016,75.24178314208984,75.10867309570313,76.28192901611328,68.33647918701172,77.77620697021484,79.84375,4.761904716491699,4.761904716491699,0,0,0,0,0,4.761904716491699,0,0,15.323559761047363,25769803776,0,18650906624,0
202,1790939532009,4,4,4,4,4,4,4,4,4,4,77.97940826416016,75.24178314208984,75.10867309570313,76.28192901611328,68.33647918701172,77.77620697021484,79.84375,0,4.545454502105713,0,0,0,0,0,4.761904716491699,0,0,15.323559761047363,25769803776,0,18650906624,0
204,1790939532211,4,4,4,4,4,4,4,4,4,4,78.06575012207031,75.54535675048828,75.2833480834961,76.4009780883789,68.45500183105469,77.99938201904297,79.84375,0,0,0,0,4.761904716491699,0,10,0,4.761904716491699,0,15.323559761047363,25769803776,0,18650906624,0
202,1790939532416,4,4,4,4,4,4,4,4,4,4,78.06575012207031,75.54535675048828,75.2833480834961,76.4009780883789,68.45500183105469,77.99938201904297,79.84375,4.761904716491699,0,0,0,0,0,4.761904716491699,4.761904716491699,0,0,15.323559761047363,25769803776,0,18650906624,0
204,1790939532618,4,4,4,4,4,4,4,4,4,4,78.06575012207031,75.54535675048828,75.2833480834961,76.4009780883789,68.45500183105469,77.99938201904297,79.84375,5,0,0,0,0,0,0,0,0,0,15.72303295135498,25769803776,0,18648678400,0
202,1790939532823,4,4,4,4,4,4,4,4,4,4,78.06575012207031,75.54535675048828,75.2833480834961,76.4009780883789,68.45500183105469,77.99938201904297,79.84375,4.761904716491699,0,0,0,0,0,0,9.523809432983398,0,0,15.72303295135498,25769803776,0,18648563712,0
204,1790939533026,4,4,4,4,4,4,4,4,4,4,78.06575012207031,75.54535675048828,75.2833480834961,76.4009780883789,68.45500183105469,77.99938201904297,79.84375,0,0,0,4.761904716491699,0,0,4.761904716491699,5,0,0,15.72303295135498,25769803776,0,18645499904,0
203,1790939533231,4,4,4,4,4,4,4,4,4,4,78.09613800048828,75.52630615234375,75.2289047241211,76.48686981201172,68.371826171875,78.10509490966797,80.078125,0,0,0,0,0,0,0,9.523809432983398,0,0,15.72303295135498,25769803776,0,18642878464,0
204,1790939533434,4,4,4,4,4,4,4,4,4,4,78.09613800048828,75.52630615234375,75.2289047241211,76.48686981201172,68.371826171875,78.10509490966797,80.078125,10,9.523809432983398,9.523809432983398,0,0,0,0,5,0,0,15.72303295135498,25769803776,0,18642878464,0
204,1790939533639,4,4,4,4,4,4,4,4,4,4,78.09613800048828,75.52630615234375,75.2289047241211,76.48686981201172,68.371826171875,78.10509490966797,80.078125,0,0,0,0,0,0,0,9.090909004211426,0,0,15.374467849731445,25769803776,0,18643009536,0
204,1790939533844,4,4,4,4,4,4,4,4,4,4,78.09613800048828,75.52630615234375,75.2289047241211,76.48686981201172,68.371826171875,78.10509490966797,80.078125,9.090909004211426,0,0,0,0,0,4.545454502105713,0,0,0,15.374467849731445,25769803776,0,18643189760,0
204,1790939534049,4,4,4,4,4,4,4,4,4,4,78.09613800048828,75.52630615234375,75.2289047241211,76.48686981201172,68.371826171875,78.10509490966797,80.078125,0,0,0,0,0,0,0,9.523809432983398,4.761904716491699,0,15.374467849731445,25769803776,0,18643189760,0
204,1790939534254,4,4,4,4,4,4,4,4,4,4,78.15811157226563,75.54901885986328,75.48453521728516,76.70344543457031,68.76890563964844,78.20494842529297,80.3125,4.761904716491699,0,0,0,0,0,0,5,4.761904716491699,0,15.374467849731445,25769803776,0,18643238912,0
204,1790939534459,4,4,4,4,4,4,4,4,4,4,78.15811157226563,75.54901885986328,75.48453521728516,76.70344543457031,68.76890563964844,78.20494842529297,80.3125,0,0,0,0,0,0,0,5,0,0,15.374467849731445,25769803776,0,18643238912,0
203,1790939534664,4,4,4,4,4,4,4,4,4,4,78.15811157226563,75.54901885986328,75.48453521728516,76.70344543457031,68.76890563964844,78.20494842529297,80.3125,0,4.761904716491699,0,0,0,0,0,9.523809432983398,0,0,15.315642356872559,25769803776,0,18643140608,0
204,1790939534868,4,4,4,4,4,4,4,4,4,4,78.15811157226563,75.54901885986328,75.48453521728516,76.70344543457031,68.76890563964844,78.20494842529297,80.3125,5,0,0,0,0,0,9.523809432983398,0,0,0,15.315642356872559,25769803776,0,18643140608,0
204,1790939535073,4,4,4,4,4,4,4,4,4,4,78.15811157226563,75.54901885986328,75.48453521728516,76.70344543457031,68.76890563964844,78.20494842529297,80.3125,0,4.545454502105713,0,0,4.545454502105713,0,0,9.523809432983398,0,0,15.315642356872559,25769803776,0,18643107840,0
204,1790939535278,4,4,4,4,4,4,4,4,4,4,78.2503662109375,75.7093505859375,75.51416015625,76.89512634277344,68.76790618896484,78.36017608642578,82.3125,4.761904716491699,0,0,0,0,0,0,4.761904716491699,0,0,15.315642356872559,25769803776,0,18643140608,0
204,1790939535483,4,4,4,4,4,4,4,4,4,4,78.2503662109375,75.7093505859375,75.51416015625,76.89512634277344,68.76790618896484,78.36017608642578,82.3125,4.761904716491699,0,4.761904716491699,0,0,0,0,9.523809432983398,4.545454502105713,0,15.315642356872559,25769803776,0,18643140608,0
204,1790939535688,4,4,4,4,4,4,4,4,4,4,78.2503662109375,75.7093505859375,75.51416015625,76.89512634277344,68.76790618896484,78.36017608642578,82.3125,0,0,0,0,0,0,0,0,0,0,15.495095252990723,25769803776,0,18643435520,0
200,1790939535893,4,4,4,4,4,4,4,4,4,4,78.2503662109375,75.7093505859375,75.51416015625,76.89512634277344,68.76790618896484,78.36017608642578,82.3125,4.761904716491699,4.761904716491699,0,0,4.761904716491699,0,0,5,0,0,15.495095252990723,25769803776,0,18645106688,0
204,1790939536093,4,4,4,4,4,4,4,4,4,4,78.2503662109375,75.7093505859375,75.51416015625,76.89512634277344,68.76790618896484,78.36017608642578,82.3125,0,0,0,0,0,0,0,4.761904716491699,0,0,15.495095252990723,25769803776,0,18643304448,0
204,1790939536298,4,4,4,4,4,4,4,4,4,4,78.34312438964844,75.62859344482422,75.55723571777344,77.09610748291016,68.87869262695313,78.46278381347656,84.203125,4.761904716491699,4.761904716491699,0,0,0,0,4.545454502105713,5,0,0,15.495095252990723,25769803776,0,18643353600,0
201,1790939536503,4,4,4,4,4,4,4,4,4,4,78.34312438964844,75.62859344482422,75.55723571777344,77.09610748291016,68.87869262695313,78.46278381347656,84.203125,0,0,4.761904716491699,0,0,0,0,5,0,0,15.495095252990723,25769803776,0,18643353600,0
204,1790939536705,4,4,4,4,4,4,4,4,4,4,78.34312438964844,75.62859344482422,75.55723571777344,77.09610748291016,68.87869262695313,78.46278381347656,84.203125,0,0,0,4.761904716491699,0,0,0,9.523809432983398,0,0,15.510809898376465,25769803776,0,18642976768,0
204,1790939536910,4,4,4,4,4,4,4,4,4,4,78.34312438964844,75.62859344482422,75.55723571777344,77.09610748291016,68.87869262695313,78.46278381347656,84.203125,4.761904716491699,0,0,4.761904716491699,0,0,4.761904716491699,5,0,0,15.510809898376465,25769803776,0,18642829312,0
204,1790939537115,4,4,4,4,4,4,4,4,4,4,78.38676452636719,75.8487319946289,75.7934799194336,77.12066650390625,69.10293579101563,78.54759216308594,80.5625,0,4.761904716491699,0,0,0,0,0,9.090909004211426,0,0,15.510809898376465,25769803776,0,18642894848,0
200,1790939537319,4,4,4,4,4,4,4,4,4,4,78.38676452636719,75.8487319946289,75.7934799194336,77.12066650390625,69.10293579101563,78.54759216308594,80.5625,9.523809432983398,5,0,0,0,0,0,5,8.69565200805664,0,15.510809898376465,25769803776,0,18642993152,0
204,1790939537519,4,4,4,4,4,4,4,4,4,4,78.38676452636719,75.8487319946289,75.7934799194336,77.12066650390625,69.10293579101563,78.54759216308594,80.5625,0,0,0,0,0,0,0,5.263157844543457,0,0,15.510809898376465,25769803776,0,18642993152,0
200,1790939537724,4,4,4,4,4,4,4,4,4,4,78.38676452636719,75.8487319946289,75.7934799194336,77.12066650390625,69.10293579101563,78.54759216308594,80.5625,4.761904716491699,0,0,0,0,0,9.523809432983398,4.761904716491699,0,0,15.462340354919434,25769803776,0,18643025920,0
200,1790939537925,4,4,4,4,4,4,4,4,4,4,78.38676452636719,75.8487319946289,75.7934799194336,77.12066650390625,69.10293579101563,78.54759216308594,80.5625,0,0,0,0,0,0,5,0,0,0,15.462340354919434,25769803776,0,18643025920,0
204,1790939538125,4,4,4,4,4,4,4,4,4,4,78.43389892578125,76.2907485961914,75.65599822998047,77.17557525634766,68.69528198242188,78.57506561279297,82.3125,0,4.761904716491699,0,0,0,0,5,0,0,0,15.462340354919434,25769803776,0,18642960384,0
204,1790939538330,4,4,4,4,4,4,4,4,4,4,78.43389892578125,76.2907485961914,75.65599822998047,77.17557525634766,68.69528198242188,78.57506561279297,82.3125,4.761904716491699,0,0,0,0,0,5,0,0,0,15.462340354919434,25769803776,0,18642976768,0
204,1790939538535,4,4,4,4,4,4,4,4,4,4,78.43389892578125,76.2907485961914,75.65599822998047,77.17557525634766,68.69528198242188,78.57506561279297,82.3125,0,0,0,0,0,0,9.523809432983398,4.761904716491699,0,0,15.462340354919434,25769803776,0,18642812928,0
204,1790939538740,4,4,4,4,4,4,4,4,4,4,78.43389892578125,76.2907485961914,75.65599822998047,77.17557525634766,68.69528198242188,78.57506561279297,82.3125,4.761904716491699,0,0,0,0,0,5,0,0,0,15.50539493560791,25769803776,0,18642845696,0
204,1790939538945,4,4,4,4,4,4,4,4,4,4,78.43389892578125,76.2907485961914,75.65599822998047,77.17557525634766,68.69528198242188,78.57506561279297,82.3125,0,0,0,0,0,0,9.523809432983398,0,0,0,15.50539493560791,25769803776,0,18642944000,0
204,1790939539150,4,4,4,4,4,4,4,4,4,4,78.4830093383789,76.4615478515625,75.52843475341797,77.22280883789063,68.39200592041016,78.59794616699219,80.796875,0,4.761904716491699,0,0,0,0,5,0,4.761904716491699,0,15.50539493560791,25769803776,0,18642845696,0
204,1790939539355,4,4,4,4,4,4,4,4,4,4,78.4830093383789,76.4615478515625,75.52843475341797,77.22280883789063,68.39200592041016,78.59794616699219,80.796875,4.761904716491699,4.761904716491699,0,0,0,0,9.523809432983398,4.761904716491699,0,0,15.50539493560791,25769803776,0,18642944000,0
200,1790939539560,4,4,4,4,4,4,4,4,4,4,78.4830093383789,76.4615478515625,75.52843475341797,77.22280883789063,68.39200592041016,78.59794616699219,80.796875,0,0,0,0,0,0,0,0,0,0,15.50539493560791,25769803776,0,18642944000,0
204,1790939539761,4,4,4,4,4,4,4,4,4,4,78.4830093383789,76.4615478515625,75.52843475341797,77.22280883789063,68.39200592041016,78.59794616699219,80.796875,0,0,0,0,0,0,5,0,0,0,15.487796783447266,25769803776,0,18642944000,0
204,1790939539966,4,4,4,4,4,4,4,4,4,4,78.4830093383789,76.4615478515625,75.52843475341797,77.22280883789063,68.39200592041016,78.59794616699219,80.796875,9.523809432983398,0,0,0,0,0,9.523809432983398,4.761904716491699,0,0,15.487796783447266,25769803776,0,18642796544,0
204,1790939540171,4,4,4,4,4,4,4,4,4,4,78.5536117553711,76.66654205322266,75.64139556884766,77.32722473144531,68.47920989990234,78.69384002685547,80.796875,0,0,0,0,0,0,0,0,0,0,15.487796783447266,25769803776,0,18642616320,0
204,1790939540376,4,4,4,4,4,4,4,4,4,4,78.5536117553711,76.66654205322266,75.64139556884766,77.32722473144531,68.47920989990234,78.69384002685547,80.796875,0,0,0,0,0,0,9.523809432983398,0,0,0,15.487796783447266,25769803776,0,18642649088,0
204,1790939540581,4,4,4,4,4,4,4,4,4,4,78.5536117553711,76.66654205322266,75.64139556884766,77.32722473144531,68.47920989990234,78.69384002685547,80.796875,4.761904716491699,0,4.761904716491699,0,0,0,4.761904716491699,0,0,0,15.487796783447266,25769803776,0,18642698240,0
204,1790939540786,4,4,4,4,4,4,4,4,4,4,78.5536117553711,76.66654205322266,75.64139556884766,77.32722473144531,68.47920989990234,78.69384002685547,80.796875,0,4.761904716491699,0,0,0,0,9.523809432983398,0,0,0,15.492658615112305,25769803776,0,18642288640,0
204,1790939540991,4,4,4,4,4,4,4,4,4,4,78.5536117553711,76.66654205322266,75.64139556884766,77.32722473144531,68.47920989990234,78.69384002685547,80.796875,0,0,4.545454502105713,4.761904716491699,0,0,5,0,4.761904716491699,0,15.492658615112305,25769803776,0,18642337792,0
204,1790939541196,4,4,4,4,4,4,4,4,4,4,78.6277084350586,76.73908996582031,75.66976165771484,77.43112182617188,68.46422576904297,78.78828430175781,84.4375,0,0,0,0,0,0,9.523809432983398,0,0,0,15.492658615112305,25769803776,0,18642223104,0
204,1790939541401,4,4,4,4,4,4,4,4,4,4,78.6277084350586,76.73908996582031,75.66976165771484,77.43112182617188,68.46422576904297,78.78828430175781,84.4375,4.761904716491699,0,0,0,0,0,5,0,0,0,15.492658615112305,25769803776,0,18642223104,0
204,1790939541606,4,4,4,4,4,4,4,4,4,4,78.6277084350586,76.73908996582031,75.66976165771484,77.43112182617188,68.46422576904297,78.78828430175781,84.4375,0,0,0,0,4.761904716491699,0,9.523809432983398,0,0,0,15.54113483428955,25769803776,0,18642223104,0
200,1790939541811,4,4,4,4,4,4,4,4,4,4,78.6277084350586,76.73908996582031,75.66976165771484,77.43112182617188,68.46422576904297,78.78828430175781,84.4375,9.090909004211426,5,0,0,0,4.761904716491699,0,4.761904716491699,0,0,15.54113483428955,25769803776,0,18642010112,0
204,1790939542012,4,4,4,4,4,4,4,4,4,4,78.6277084350586,76.73908996582031,75.66976165771484,77.43112182617188,68.46422576904297,78.78828430175781,84.4375,0,4.761904716491699,0,0,0,4.761904716491699,9.523809432983398,4.761904716491699,0,0,15.54113483428955,25769803776,0,18641993728,0
204,1790939542217,4,4,4,4,4,4,4,4,4,4,78.69876861572266,76.72217559814453,75.7096176147461,77.53377532958984,68.51206970214844,78.92035675048828,83.96875,0,0,0,0,0,0,4.761904716491699,0,4.761904716491699,0,15.54113483428955,25769803776,0,18641977344,0
204,1790939542422,4,4,4,4,4,4,4,4,4,4,78.69876861572266,76.72217559814453,75.7096176147461,77.53377532958984,68.51206970214844,78.92035675048828,83.96875,19.047618865966797,0,0,14.285715103149414,0,0,5,0,0,0,15.54113483428955,25769803776,0,18185895936,0
204,1790939542627,4,4,4,4,4,4,4,4,4,4,78.69876861572266,76.72217559814453,75.7096176147461,77.53377532958984,68.51206970214844,78.92035675048828,83.96875,0,0,0,0,0,0,9.523809432983398,0,4.761904716491699,0,15.435681343078613,25769803776,0,18185895936,0
204,1790939542832,4,4,4,4,4,4,4,4,4,4,78.69876861572266,76.72217559814453,75.7096176147461,77.53377532958984,68.51206970214844,78.92035675048828,83.96875,0,0,0,0,0,0,5,0,0,0,15.435681343078613,25769803776,0,18185928704,0
204,1790939543037,4,4,4,4,4,4,4,4,4,4,78.69876861572266,76.72217559814453,75.7096176147461,77.53377532958984,68.51206970214844,78.92035675048828,83.96875,5,0,0,0,0,0,5,0,0,0,15.435681343078613,25769803776,0,18185977856,0
201,1790939543242,4,4,4,4,4,4,4,4,4,4,78.77082061767578,76.89509582519531,75.79900360107422,77.61504364013672,68.6210708618164,78.99968719482422,83.03125,0,4.761904716491699,0,0,0,0,4.761904716491699,4.761904716491699,0,0,15.435681343078613,25769803776,0,18185977856,0
202,1790939543444,4,4,4,4,4,4,4,4,4,4,78.77082061767578,76.89509582519531,75.79900360107422,77.61504364013672,68.6210708618164,78.99968719482422,83.03125,0,0,0,0,0,0,0,0,0,0,15.435681343078613,25769803776,0,18185977856,0
200,1790939543647,4,4,4,4,4,4,4,4,4,4,78.77082061767578,76.89509582519531,75.79900360107422,77.61504364013672,68.6210708618164,78.99968719482422,83.03125,4.761904716491699,4.761904716491699,0,0,0,0,9.090909004211426,0,0,0,15.5665922164917,25769803776,0,18185977856,0
204,1790939543847,4,4,4,4,4,4,4,4,4,4,78.77082061767578,76.89509582519531,75.79900360107422,77.61504364013672,68.6210708618164,78.99968719482422,83.03125,5,0,0,0,0,0,5.263157844543457,4.761904716491699,0,0,15.5665922164917,25769803776,0,18185863168,0
204,1790939544052,4,4,4,4,4,4,4,4,4,4,78.77082061767578,76.89509582519531,75.79900360107422,77.61504364013672,68.6210708618164,78.99968719482422,83.03125,0,0,0,0,0,0,9.090909004211426,0,0,0,15.5665922164917,25769803776,0,18185715712,0
204,1790939544257,4,4,4,4,4,4,4,4,4,4,78.79830932617188,76.84001159667969,75.79341125488281,77.64903259277344,68.61949157714844,79.03744506835938,83.265625,4.761904716491699,0,0,0,0,0,5,0,0,0,15.5665922164917,25769803776,0,18185715712,0
204,1790939544462,4,4,4,4,4,4,4,4,4,4,78.79830932617188,76.84001159667969,75.79341125488281,77.64903259277344,68.61949157714844,79.03744506835938,83.265625,0,0,0,0,0,0,5,0,4.545454502105713,0,15.5665922164917,25769803776,0,18185715712,0
204,1790939544667,4,4,4,4,4,4,4,4,4,4,78.79830932617188,76.84001159667969,75.79341125488281,77.64903259277344,68.61949157714844,79.03744506835938,83.265625,4.545454502105713,4.545454502105713,0,0,0,0,4.761904716491699,5,0,0,15.500524520874023,25769803776,0,18185715712,0
204,1790939544872,4,4,4,4,4,4,4,4,4,4,78.79830932617188,76.84001159667969,75.79341125488281,77.64903259277344,68.61949157714844,79.03744506835938,83.265625,0,0,4.761904716491699,0,0,0,5,0,0,0,15.500524520874023,25769803776,0,18185715712,0
204,1790939545077,4,4,4,4,4,4,4,4,4,4,78.79830932617188,76.84001159667969,75.79341125488281,77.64903259277344,68.61949157714844,79.03744506835938,83.265625,0,0,0,0,0,0,5,0,0,0,15.500524520874023,25769803776,0,18185715712,0
203,1790939545282,4,4,4,4,4,4,4,4,4,4,78.82121276855469,76.960693359375,76.00455474853516,77.67102813720703,68.89119720458984,79.03517150878906,82.328125,0,0,0,0,0,0,5,0,0,0,15.500524520874023,25769803776,0,18185715712,0
204,1790939545486,4,4,4,4,4,4,4,4,4,4,78.82121276855469,76.960693359375,76.00455474853516,77.67102813720703,68.89119720458984,79.03517150878906,82.328125,9.090909004211426,4.761904716491699,5,0,0,0,9.523809432983398,9.090909004211426,0,0,15.500524520874023,25769803776,0,18185912320,0
204,1790939545691,4,4,4,4,4,4,4,4,4,4,78.82121276855469,76.960693359375,76.00455474853516,77.67102813720703,68.89119720458984,79.03517150878906,82.328125,0,4.761904716491699,0,0,0,0,5,0,0,0,15.443547248840332,25769803776,0,18185617408,0
200,1790939545896,4,4,4,4,4,4,4,4,4,4,78.82121276855469,76.960693359375,76.00455474853516,77.67102813720703,68.89119720458984,79.03517150878906,82.328125,4.761904716491699,0,0,0,0,0,9.523809432983398,0,0,0,15.443547248840332,25769803776,0,18185633792,0
204,1790939546097,4,4,4,4,4,4,4,4,4,4,78.82121276855469,76.960693359375,76.00455474853516,77.67102813720703,68.89119720458984,79.03517150878906,82.328125,0,0,5,4.761904716491699,0,0,5,0,0,0,15.443547248840332,25769803776,0,18185846784,0
204,1790939546302,4,4,4,4,4,4,4,4,4,4,78.86174774169922,77.10244750976563,76.02766418457031,77.69075775146484,68.8799057006836,79.1241683959961,80.796875,9.523809432983398,0,0,0,0,0,4.761904716491699,0,4.545454502105713,0,15.443547248840332,25769803776,0,18185666560,0
204,1790939546507,4,4,4,4,4,4,4,4,4,4,78.86174774169922,77.10244750976563,76.02766418457031,77.69075775146484,68.8799057006836,79.1241683959961,80.796875,0,0,0,0,4.761904716491699,0,5,0,4.761904716491699,0,15.443547248840332,25769803776,0,18185666560,0
204,1790939546712,4,4,4,4,4,4,4,4,4,4,78.86174774169922,77.10244750976563,76.02766418457031,77.69075775146484,68.8799057006836,79.1241683959961,80.796875,0,0,0,0,0,0,9.523809432983398,0,0,0,15.538698196411133,25769803776,0,18185666560,0
204,1790939546917,4,4,4,4,4,4,4,4,4,4,78.86174774169922,77.10244750976563,76.02766418457031,77.69075775146484,68.8799057006836,79.1241683959961,80.796875,4.545454502105713,4.761904716491699,0,0,0,0,5,4.761904716491699,0,0,15.538698196411133,25769803776,0,18187780096,0
204,1790939547122,4,4,4,4,4,4,4,4,4,4,78.91279602050781,77.01220703125,76.02101135253906,77.7500991821289,68.85932159423828,79.1970443725586,80.796875,0,0,0,0,0,0,0,4.545454502105713,0,0,15.538698196411133,25769803776,0,18185764864,0
204,1790939547327,4,4,4,4,4,4,4,4,4,4,78.91279602050781,77.01220703125,76.02101135253906,77.7500991821289,68.85932159423828,79.1970443725586,80.796875,0,0,0,0,0,0,9.523809432983398,0,0,0,15.538698196411133,25769803776,0,18185764864,0
204,1790939547532,4,4,4,4,4,4,4,4,4,4,78.91279602050781,77.01220703125,76.02101135253906,77.7500991821289,68.85932159423828,79.1970443725586,80.796875,10,10,4.761904716491699,0,0,0,10.526315689086914,5.263157844543457,0,0,15.538698196411133,25769803776,0,18185764864,0
201,1790939547737,4,4,4,4,4,4,4,4,4,4,78.91279602050781,77.01220703125,76.02101135253906,77.7500991821289,68.85932159423828,79.1970443725586,80.796875,13.636363983154297,10,0,4.761904716491699,0,0,9.090909004211426,4.545454502105713,4.761904716491699,0,15.562926292419434,25769803776,0,18185764864,0
204,1790939547939,4,4,4,4,4,4,4,4,4,4,78.91279602050781,77.01220703125,76.02101135253906,77.7500991821289,68.85932159423828,79.1970443725586,80.796875,5,5,4.761904716491699,0,0,0,0,0,0,4.761904716491699,15.562926292419434,25769803776,0,18223235072,0
204,1790939548144,4,4,4,4,4,4,4,4,4,4,78.92401885986328,77.30165100097656,76.2536392211914,77.77762603759766,69.14727020263672,79.25401306152344,83.734375,5,4.761904716491699,0,0,0,0,9.523809432983398,0,0,0,15.562926292419434,25769803776,0,18223235072,0
204,1790939548349,4,4,4,4,4,4,4,4,4,4,78.92401885986328,77.30165100097656,76.2536392211914,77.77762603759766,69.14727020263672,79.25401306152344,83.734375,5,0,0,0,0,0,5,0,0,0,15.562926292419434,25769803776,0,18223251456,0
204,1790939548554,4,4,4,4,4,4,4,4,4,4,78.92401885986328,77.30165100097656,76.2536392211914,77.77762603759766,69.14727020263672,79.25401306152344,83.734375,4.761904716491699,4.761904716491699,4.761904716491699,0,0,0,9.523809432983398,4.761904716491699,0,0,15.562926292419434,25769803776,0,18223415296,0
204,1790939548759,4,4,4,4,4,4,4,4,4,4,78.92401885986328,77.30165100097656,76.2536392211914,77.77762603759766,69.14727020263672,79.25401306152344,83.734375,5,0,0,0,0,0,0,0,4.761904716491699,0,15.330259323120117,25769803776,0,18223235072,0
202,1790939548964,4,4,4,4,4,4,4,4,4,4,78.92401885986328,77.30165100097656,76.2536392211914,77.77762603759766,69.14727020263672,79.25401306152344,83.734375,0,0,0,0,0,0,5,0,0,0,15.330259323120117,25769803776,0,18223185920,0
204,1790939549166,4,4,4,4,4,4,4,4,4,4,79.00951385498047,77.12971496582031,76.22050476074219,77.87533569335938,69.12174987792969,79.35831451416016,81.265625,4.761904716491699,4.761904716491699,0,0,4.761904716491699,0,9.523809432983398,9.090909004211426,0,0,15.330259323120117,25769803776,0,18223185920,0
201,1790939549371,4,4,4,4,4,4,4,4,4,4,79.00951385498047,77.12971496582031,76.22050476074219,77.87533569335938,69.12174987792969,79.35831451416016,81.265625,0,0,0,4.545454502105713,0,0,4.761904716491699,0,4.761904716491699,0,15.330259323120117,25769803776,0,18195644416,0
200,1790939549573,4,4,4,4,4,4,4,4,4,4,79.00951385498047,77.12971496582031,76.22050476074219,77.87533569335938,69.12174987792969,79.35831451416016,81.265625,5,0,0,0,0,0,0,5,0,0,15.330259323120117,25769803776,0,18195660800,0
204,1790939549773,4,4,4,4,4,4,4,4,4,4,79.00951385498047,77.12971496582031,76.22050476074219,77.87533569335938,69.12174987792969,79.35831451416016,81.265625,4.761904716491699,0,0,0,0,0,9.523809432983398,0,0,0,15.421744346618652,25769803776,0,18195709952,0
202,1790939549978,4,4,4,4,4,4,4,4,4,4,79.00951385498047,77.12971496582031,76.22050476074219,77.87533569335938,69.12174987792969,79.35831451416016,81.265625,0,0,0,0,0,0,0,0,9.523809432983398,0,15.421744346618652,25769803776,0,18195709952,0
200,1790939550181,4,4,4,4,4,4,4,4,4,4,79.24807739257813,77.02398681640625,76.30718994140625,78.1256103515625,69.29224395751953,79.71100616455078,81.96875,4.761904716491699,0,0,0,0,0,0,9.523809432983398,0,0,15.421744346618652,25769803776,0,18195709952,0
200,1790939550381,4,4,4,4,4,4,4,4,4,4,79.24807739257813,77.02398681640625,76.30718994140625,78.1256103515625,69.29224395751953,79.71100616455078,81.96875,0,0,4.761904716491699,0,0,0,5,0,0,0,15.421744346618652,25769803776,0,18195775488,0
204,1790939550582,4,4,4,4,4,4,4,4,4,4,79.24807739257813,77.02398681640625,76.30718994140625,78.1256103515625,69.29224395751953,79.71100616455078,81.96875,5,9.523809432983398,0,0,0,0,0,0,0,0,15.421744346618652,25769803776,0,18196267008,0
204,1790939550787,4,4,4,4,4,4,4,4,4,4,79.24807739257813,77.02398681640625,76.30718994140625,78.1256103515625,69.29224395751953,79.71100616455078,81.96875,0,0,0,0,0,0,9.523809432983398,0,0,0,15.742653846740723,25769803776,0,18195841024,0
204,1790939550992,4,4,4,4,4,4,4,4,4,4,79.24807739257813,77.02398681640625,76.30718994140625,78.1256103515625,69.29224395751953,79.71100616455078,81.96875,0,0,0,0,0,0,5,0,0,0,15.742653846740723,25769803776,0,18195841024,0
204,1790939551197,4,4,4,4,4,4,4,4,4,4,79.07086181640625,77.29704284667969,76.40930938720703,78.10950469970703,69.366943359375,79.52082824707031,83.03125,0,0,0,0,0,0,9.523809432983398,0,0,4.761904716491699,15.742653846740723,25769803776,0,18195857408,0
204,1790939551401,4,4,4,4,4,4,4,4,4,4,79.07086181640625,77.29704284667969,76.40930938720703,78.10950469970703,69.366943359375,79.52082824707031,83.03125,4.761904716491699,0,0,0,0,0,4.761904716491699,4.761904716491699,0,0,15.742653846740723,25769803776,0,18195857408,0
204,1790939551606,4,4,4,4,4,4,4,4,4,4,79.07086181640625,77.29704284667969,76.40930938720703,78.10950469970703,69.366943359375,79.52082824707031,83.03125,0,0,0,0,0,0,0,4.761904716491699,0,0,15.502267837524414,25769803776,0,18195857408,0
204,1790939551811,4,4,4,4,4,4,4,4,4,4,79.07086181640625,77.29704284667969,76.40930938720703,78.10950469970703,69.366943359375,79.52082824707031,83.03125,4.761904716491699,0,0,0,0,0,9.523809432983398,0,4.545454502105713,0,15.502267837524414,25769803776,0,18195857408,0
204,1790939552016,4,4,4,4,4,4,4,4,4,4,79.07086181640625,77.29704284667969,76.40930938720703,78.10950469970703,69.366943359375,79.52082824707031,83.03125,0,0,0,0,0,0,5,0,0,0,15.502267837524414,25769803776,0,18195808256,0
204,1790939552221,4,4,4,4,4,4,4,4,4,4,79.04692077636719,77.27245330810547,76.27932739257813,78.10665893554688,69.1405258178711,79.49684143066406,86.90625,0,4.545454502105713,0,0,0,0,9.523809432983398,0,0,0,15.502267837524414,25769803776,0,18195890176,0
204,1790939552426,4,4,4,4,4,4,4,4,4,4,79.04692077636719,77.27245330810547,76.27932739257813,78.10665893554688,69.1405258178711,79.49684143066406,86.90625,9.090909004211426,0,0,0,0,0,5,0,0,0,15.502267837524414,25769803776,0,18195890176,0
204,1790939552631,4,4,4,4,4,4,4,4,4,4,79.04692077636719,77.27245330810547,76.27932739257813,78.10665893554688,69.1405258178711,79.49684143066406,86.90625,0,0,0,0,0,0,9.090909004211426,0,0,0,15.410233497619629,25769803776,0,18195644416,0
204,1790939552836,4,4,4,4,4,4,4,4,4,4,79.04692077636719,77.27245330810547,76.27932739257813,78.10665893554688,69.1405258178711,79.49684143066406,86.90625,0,0,0,0,0,0,5,0,0,0,15.410233497619629,25769803776,0,18195726336,0
204,1790939553041,4,4,4,4,4,4,4,4,4,4,79.04692077636719,77.27245330810547,76.27932739257813,78.10665893554688,69.1405258178711,79.49684143066406,86.90625,4.761904716491699,0,4.761904716491699,0,0,0,5,0,4.761904716491699,0,15.410233497619629,25769803776,0,18195677184,0
200,1790939553246,4,4,4,4,4,4,4,4,4,4,79.06829833984375,77.43132781982422,76.33370971679688,78.1054916381836,69.2349853515625,79.53266906738281,81.265625,0,0,4.545454502105713,0,0,0,5,9.090909004211426,0,0,15.410233497619629,25769803776,0,18195382272,0
204,1790939553446,4,4,4,4,4,4,4,4,4,4,79.06829833984375,77.43132781982422,76.33370971679688,78.1054916381836,69.2349853515625,79.53266906738281,81.265625,0,4.761904716491699,0,0,0,0,9.523809432983398,0,0,0,15.410233497619629,25769803776,0,18195382272,0
204,1790939553651,4,4,4,4,4,4,4,4,4,4,79.06829833984375,77.43132781982422,76.33370971679688,78.1054916381836,69.2349853515625,79.53266906738281,81.265625,4.761904716491699,0,0,0,0,0,5,0,4.761904716491699,0,15.395081520080566,25769803776,0,18195431424,0
204,1790939553856,4,4,4,4,4,4,4,4,4,4,79.06829833984375,77.43132781982422,76.33370971679688,78.1054916381836,69.2349853515625,79.53266906738281,81.265625,0,0,0,0,0,0,9.523809432983398,0,0,0,15.395081520080566,25769803776,0,18195431424,0
204,1790939554061,4,4,4,4,4,4,4,4,4,4,79.06829833984375,77.43132781982422,76.33370971679688,78.1054916381836,69.2349853515625,79.53266906738281,81.265625,4.761904716491699,4.761904716491699,0,0,0,0,5,0,0,0,15.395081520080566,25769803776,0,18195005440,0
201,1790939554266,4,4,4,4,4,4,4,4,4,4,79.10552215576172,77.49179077148438,76.37134552001953,78.1368637084961,69.28509521484375,79.55042266845703,81.265625,0,0,0,0,0,0,4.761904716491699,0,0,0,15.395081520080566,25769803776,0,18196856832,0
204,1790939554468,4,4,4,4,4,4,4,4,4,4,79.10552215576172,77.49179077148438,76.37134552001953,78.1368637084961,69.28509521484375,79.55042266845703,81.265625,0,0,0,0,0,0,5,0,0,0,15.395081520080566,25769803776,0,18176425984,0
202,1790939554673,4,4,4,4,4,4,4,4,4,4,79.10552215576172,77.49179077148438,76.37134552001953,78.1368637084961,69.28509521484375,79.55042266845703,81.265625,9.523809432983398,14.285715103149414,5,0,4.761904716491699,0,9.523809432983398,0,0,0,15.435678482055664,25769803776,0,18234605568,0
204,1790939554875,4,4,4,4,4,4,4,4,4,4,79.10552215576172,77.49179077148438,76.37134552001953,78.1368637084961,69.28509521484375,79.55042266845703,81.265625,50,5,0,9.090909004211426,4.761904716491699,0,0,9.090909004211426,0,0,15.435678482055664,25769803776,0,18234654720,0
204,1790939555080,4,4,4,4,4,4,4,4,4,4,79.10552215576172,77.49179077148438,76.37134552001953,78.1368637084961,69.28509521484375,79.55042266845703,81.265625,38.095237731933594,5,0,0,0,0,5,0,0,0,15.435678482055664,25769803776,0,18212241408,0
204,1790939555285,4,4,4,4,4,4,4,4,4,4,79.1810073852539,77.43011474609375,76.40928649902344,78.17511749267578,69.35375213623047,79.6104736328125,81.5,35,0,4.761904716491699,0,0,0,9.523809432983398,0,0,0,15.435678482055664,25769803776,0,18211995648,0
204,1790939555490,4,4,4,4,4,4,4,4,4,4,79.1810073852539,77.43011474609375,76.40928649902344,78.17511749267578,69.35375213623047,79.6104736328125,81.5,0,9.090909004211426,0,0,0,0,5,0,4.761904716491699,0,15.435678482055664,25769803776,0,18212077568,0
204,1790939555695,4,4,4,4,4,4,4,4,4,4,79.1810073852539,77.43011474609375,76.40928649902344,78.17511749267578,69.35375213623047,79.6104736328125,81.5,5,0,0,0,0,0,9.090909004211426,0,0,0,15.548980712890625,25769803776,0,18212028416,0
204,1790939555900,4,4,4,4,4,4,4,4,4,4,79.1810073852539,77.43011474609375,76.40928649902344,78.17511749267578,69.35375213623047,79.6104736328125,81.5,4.761904716491699,0,0,0,0,0,5,0,0,0,15.548980712890625,25769803776,0,18211700736,0
204,1790939556105,4,4,4,4,4,4,4,4,4,4,79.22903442382813,77.43914031982422,76.54154968261719,78.244140625,69.5937271118164,79.66650390625,84.90625,4.761904716491699,4.761904716491699,0,0,0,0,0,9.090909004211426,0,0,15.548980712890625,25769803776,0,18212110336,0
204,1790939556310,4,4,4,4,4,4,4,4,4,4,79.22903442382813,77.43914031982422,76.54154968261719,78.244140625,69.5937271118164,79.66650390625,84.90625,0,0,0,0,0,0,9.523809432983398,0,0,0,15.548980712890625,25769803776,0,18212110336,0
200,1790939556515,4,4,4,4,4,4,4,4,4,4,79.22903442382813,77.43914031982422,76.54154968261719,78.244140625,69.5937271118164,79.66650390625,84.90625,4.761904716491699,0,0,0,0,0,0,0,0,0,15.548980712890625,25769803776,0,18199445504,0
204,1790939556716,4,4,4,4,4,4,4,4,4,4,79.22903442382813,77.43914031982422,76.54154968261719,78.244140625,69.5937271118164,79.66650390625,84.90625,0,0,0,0,0,0,5.263157844543457,0,4.761904716491699,0,15.47683334350586,25769803776,0,18199412736,0
204,1790939556921,4,4,4,4,4,4,4,4,4,4,79.22903442382813,77.43914031982422,76.54154968261719,78.244140625,69.5937271118164,79.66650390625,84.90625,0,4.761904716491699,0,0,0,0,9.090909004211426,4.761904716491699,0,0,15.47683334350586,25769803776,0,18199412736,0
204,1790939557126,4,4,4,4,4,4,4,4,4,4,79.12541961669922,77.5083999633789,76.46125793457031,78.17782592773438,69.46268463134766,79.57235717773438,81.5,4.761904716491699,0,0,0,0,0,9.523809432983398,0,0,0,15.47683334350586,25769803776,0,18199412736,0
204,1790939557331,4,4,4,4,4,4,4,4,4,4,79.12541961669922,77.5083999633789,76.46125793457031,78.17782592773438,69.46268463134766,79.57235717773438,81.5,0,0,9.090909004211426,0,0,0,5,4.761904716491699,0,0,15.47683334350586,25769803776,0,18199461888,0
204,1790939557536,4,4,4,4,4,4,4,4,4,4,79.12541961669922,77.5083999633789,76.46125793457031,78.17782592773438,69.46268463134766,79.57235717773438,81.5,4.761904716491699,0,0,0,0,0,5,0,4.761904716491699,0,15.47683334350586,25769803776,0,18199478272,0
204,1790939557741,4,4,4,4,4,4,4,4,4,4,79.12541961669922,77.5083999633789,76.46125793457031,78.17782592773438,69.46268463134766,79.57235717773438,81.5,4.761904716491699,4.761904716491699,0,0,0,0,9.523809432983398,0,0,0,15.308428764343262,25769803776,0,18199478272,0
204,1790939557946,4,4,4,4,4,4,4,4,4,4,79.12541961669922,77.5083999633789,76.46125793457031,78.17782592773438,69.46268463134766,79.57235717773438,81.5,5,0,0,0,0,0,5,0,0,0,15.308428764343262,25769803776,0,18199478272,0
204,1790939558151,4,4,4,4,4,4,4,4,4,4,79.13032531738281,77.46127319335938,76.44937133789063,78.18708801269531,69.43514251708984,79.58016967773438,81.265625,0,0,0,0,0,0,4.761904716491699,0,0,0,15.308428764343262,25769803776,0,18200592384,0
204,1790939558356,4,4,4,4,4,4,4,4,4,4,79.13032531738281,77.46127319335938,76.44937133789063,78.18708801269531,69.43514251708984,79.58016967773438,81.265625,0,0,0,0,0,0,5,0,0,0,15.308428764343262,25769803776,0,18198822912,0
204,1790939558561,4,4,4,4,4,4,4,4,4,4,79.13032531738281,77.46127319335938,76.44937133789063,78.18708801269531,69.43514251708984,79.58016967773438,81.265625,9.090909004211426,0,0,0,0,0,4.761904716491699,4.545454502105713,0,0,15.308428764343262,25769803776,0,18198315008,0
204,1790939558766,4,4,4,4,4,4,4,4,4,4,79.13032531738281,77.46127319335938,76.44937133789063,78.18708801269531,69.43514251708984,79.58016967773438,81.265625,0,8.69565200805664,0,0,0,0,5,0,0,0,15.304823875427246,25769803776,0,18198364160,0
200,1790939558971,4,4,4,4,4,4,4,4,4,4,79.13032531738281,77.46127319335938,76.44937133789063,78.18708801269531,69.43514251708984,79.58016967773438,81.265625,0,0,0,0,0,0,5,4.761904716491699,0,0,15.304823875427246,25769803776,0,18198364160,0
204,1790939559172,4,4,4,4,4,4,4,4,4,4,79.19917297363281,77.5630111694336,76.47615051269531,78.22608947753906,69.44647979736328,79.65050506591797,81.5,5,0,0,0,0,0,9.523809432983398,0,0,0,15.304823875427246,25769803776,0,18196807680,0
201,1790939559377,4,4,4,4,4,4,4,4,4,4,79.19917297363281,77.5630111694336,76.47615051269531,78.22608947753906,69.44647979736328,79.65050506591797,81.5,0,0,0,4.545454502105713,4.761904716491699,0,0,0,0,0,15.304823875427246,25769803776,0,18196840448,0
204,1790939559579,4,4,4,4,4,4,4,4,4,4,79.19917297363281,77.5630111694336,76.47615051269531,78.22608947753906,69.44647979736328,79.65050506591797,81.5,9.523809432983398,0,0,0,0,0,9.523809432983398,0,4.761904716491699,0,15.304823875427246,25769803776,0,18196725760,0
200,1790939559784,4,4,4,4,4,4,4,4,4,4,79.19917297363281,77.5630111694336,76.47615051269531,78.22608947753906,69.44647979736328,79.65050506591797,81.5,0,4.761904716491699,0,0,0,0,5,4.761904716491699,0,0,15.259455680847168,25769803776,0,18196660224,0
200,1790939559984,4,4,4,4,4,4,4,4,4,4,79.19917297363281,77.5630111694336,76.47615051269531,78.22608947753906,69.44647979736328,79.65050506591797,81.5,0,0,0,0,0,0,9.523809432983398,0,0,0,15.259455680847168,25769803776,0,18196660224,0
204,1790939560185,4,4,4,4,4,4,4,4,4,4,79.20067596435547,77.45293426513672,76.45878601074219,78.22593688964844,69.46837615966797,79.6337890625,81.5,5,0,0,0,0,0,0,10,0,0,15.259455680847168,25769803776,0,18196447232,0
204,1790939560390,4,4,4,4,4,4,4,4,4,4,79.20067596435547,77.45293426513672,76.45878601074219,78.22593688964844,69.46837615966797,79.6337890625,81.5,0,0,4.545454502105713,0,0,0,5,0,0,0,15.259455680847168,25769803776,0,18196463616,0
204,1790939560595,4,4,4,4,4,4,4,4,4,4,79.20067596435547,77.45293426513672,76.45878601074219,78.22593688964844,69.46837615966797,79.6337890625,81.5,0,9.090909004211426,0,0,0,0,0,4.761904716491699,0,0,15.259455680847168,25769803776,0,18196234240,0
204,1790939560799,4,4,4,4,4,4,4,4,4,4,79.20067596435547,77.45293426513672,76.45878601074219,78.22593688964844,69.46837615966797,79.6337890625,81.5,4.761904716491699,0,4.761904716491699,0,0,0,9.090909004211426,0,0,0,15.294496536254883,25769803776,0,18196332544,0
202,1790939561004,4,4,4,4,4,4,4,4,4,4,79.20067596435547,77.45293426513672,76.45878601074219,78.22593688964844,69.46837615966797,79.6337890625,81.5,0,0,0,0,0,0,5,4.761904716491699,4.761904716491699,0,15.294496536254883,25769803776,0,18196332544,0
204,1790939561207,4,4,4,4,4,4,4,4,4,4,79.24101257324219,77.43359375,76.72018432617188,78.27173614501953,69.87703704833984,79.67745208740234,81.5,9.090909004211426,0,0,0,0,0,5,0,4.761904716491699,0,15.294496536254883,25769803776,0,18196299776,0
204,1790939561412,4,4,4,4,4,4,4,4,4,4,79.24101257324219,77.43359375,76.72018432617188,78.27173614501953,69.87703704833984,79.67745208740234,81.5,0,0,0,0,0,0,5,0,0,0,15.294496536254883,25769803776,0,18196299776,0
204,1790939561617,4,4,4,4,4,4,4,4,4,4,79.24101257324219,77.43359375,76.72018432617188,78.27173614501953,69.87703704833984,79.67745208740234,81.5,0,0,0,4.545454502105713,0,0,9.523809432983398,4.761904716491699,0,0,15.342979431152344,25769803776,0,18198200320,0
204,1790939561822,4,4,4,4,4,4,4,4,4,4,79.24101257324219,77.43359375,76.72018432617188,78.27173614501953,69.87703704833984,79.67745208740234,81.5,4.761904716491699,4.761904716491699,0,0,0,0,0,0,0,0,15.342979431152344,25769803776,0,18196398080,0
200,1790939562027,4,4,4,4,4,4,4,4,4,4,79.24101257324219,77.43359375,76.72018432617188,78.27173614501953,69.87703704833984,79.67745208740234,81.5,0,4.545454502105713,0,0,0,0,0,0,5,0,15.342979431152344,25769803776,0,18196398080,0
204,1790939562227,4,4,4,4,4,4,4,4,4,4,79.36015319824219,77.46589660644531,76.50038146972656,78.28533935546875,69.5245132446289,79.82506561279297,82.203125,4.761904716491699,0,0,0,0,0,5,0,0,0,15.342979431152344,25769803776,0,18196365312,0
201,1790939562432,4,4,4,4,4,4,4,4,4,4,79.36015319824219,77.46589660644531,76.50038146972656,78.28533935546875,69.5245132446289,79.82506561279297,82.203125,9.523809432983398,0,0,0,0,0,9.523809432983398,0,0,0,15.342979431152344,25769803776,0,18196201472,0
200,1790939562634,4,4,4,4,4,4,4,4,4,4,79.36015319824219,77.46589660644531,76.50038146972656,78.28533935546875,69.5245132446289,79.82506561279297,82.203125,0,0,0,0,0,0,5,0,0,0,15.175219535827637,25769803776,0,18196201472,0
200,1790939562835,4,4,4,4,4,4,4,4,4,4,79.36015319824219,77.46589660644531,76.50038146972656,78.28533935546875,69.5245132446289,79.82506561279297,82.203125,0,0,0,0,0,0,9.523809432983398,5,0,0,15.175219535827637,25769803776,0,18196201472,0
200,1790939563036,4,4,4,4,4,4,4,4,4,4,79.36015319824219,77.46589660644531,76.50038146972656,78.28533935546875,69.5245132446289,79.82506561279297,82.203125,5,5,0,0,0,0,0,4.761904716491699,0,0,15.175219535827637,25769803776,0,18196201472,0
200,1790939563236,4,4,4,4,4,4,4,4,4,4,79.26181030273438,77.48490142822266,76.46421813964844,78.24559783935547,69.44937133789063,79.68871307373047,81.5,0,0,0,0,0,0,9.523809432983398,0,0,0,15.175219535827637,25769803776,0,18196234240,0
204,1790939563437,4,4,4,4,4,4,4,4,4,4,79.26181030273438,77.48490142822266,76.46421813964844,78.24559783935547,69.44937133789063,79.68871307373047,81.5,4.761904716491699,0,0,0,0,0,5.263157844543457,0,4.761904716491699,0,15.175219535827637,25769803776,0,18196234240,0
204,1790939563642,4,4,4,4,4,4,4,4,4,4,79.26181030273438,77.48490142822266,76.46421813964844,78.24559783935547,69.44937133789063,79.68871307373047,81.5,0,0,0,0,0,0,4.761904716491699,0,0,0,15.20423698425293,25769803776,0,18196283392,0
204,1790939563847,4,4,4,4,4,4,4,4,4,4,79.26181030273438,77.48490142822266,76.46421813964844,78.24559783935547,69.44937133789063,79.68871307373047,81.5,0,0,0,0,0,0,9.523809432983398,0,4.761904716491699,0,15.20423698425293,25769803776,0,18196283392,0
204,1790939564052,4,4,4,4,4,4,4,4,4,4,79.26181030273438,77.48490142822266,76.46421813964844,78.24559783935547,69.44937133789063,79.68871307373047,81.5,4.761904716491699,0,0,0,0,0,5,0,0,0,15.20423698425293,25769803776,0,18196283392,0
204,1790939564257,4,4,4,4,4,4,4,4,4,4,79.26329803466797,77.61918640136719,76.54261779785156,78.26541137695313,69.53948211669922,79.7011489868164,81.5,0,0,0,0,0,0,5,4.761904716491699,0,0,15.20423698425293,25769803776,0,18196283392,0
204,1790939564462,4,4,4,4,4,4,4,4,4,4,79.26329803466797,77.61918640136719,76.54261779785156,78.26541137695313,69.53948211669922,79.7011489868164,81.5,0,4.761904716491699,4.545454502105713,0,4.761904716491699,0,5,4.545454502105713,0,0,15.20423698425293,25769803776,0,18196332544,0
204,1790939564667,4,4,4,4,4,4,4,4,4,4,79.26329803466797,77.61918640136719,76.54261779785156,78.26541137695313,69.53948211669922,79.7011489868164,81.5,4.761904716491699,0,0,0,0,0,9.090909004211426,0,0,0,15.199460983276367,25769803776,0,18196332544,0
204,1790939564872,4,4,4,4,4,4,4,4,4,4,79.26329803466797,77.61918640136719,76.54261779785156,78.26541137695313,69.53948211669922,79.7011489868164,81.5,0,0,0,0,0,0,5,0,0,0,15.199460983276367,25769803776,0,18196332544,0
204,1790939565077,4,4,4,4,4,4,4,4,4,4,79.26329803466797,77.61918640136719,76.54261779785156,78.26541137695313,69.53948211669922,79.7011489868164,81.5,4.761904716491699,0,0,0,0,4.545454502105713,0,5,0,0,15.199460983276367,25769803776,0,18196332544,0
204,1790939565282,4,4,4,4,4,4,4,4,4,4,79.25291442871094,77.51665496826172,76.6070327758789,78.27859497070313,69.69071197509766,79.68196105957031,83.265625,4.761904716491699,0,0,4.545454502105713,0,0,0,0,0,0,15.199460983276367,25769803776,0,18190073856,0
204,1790939565487,4,4,4,4,4,4,4,4,4,4,79.25291442871094,77.51665496826172,76.6070327758789,78.27859497070313,69.69071197509766,79.68196105957031,83.265625,0,0,0,0,0,0,9.523809432983398,4.761904716491699,0,0,15.199460983276367,25769803776,0,18190188544,0
204,1790939565692,4,4,4,4,4,4,4,4,4,4,79.25291442871094,77.51665496826172,76.6070327758789,78.27859497070313,69.69071197509766,79.68196105957031,83.265625,5,0,0,0,0,0,4.761904716491699,0,4.761904716491699,0,15.119580268859863,25769803776,0,18189926400,0
204,1790939565897,4,4,4,4,4,4,4,4,4,4,79.25291442871094,77.51665496826172,76.6070327758789,78.27859497070313,69.69071197509766,79.68196105957031,83.265625,0,9.090909004211426,4.761904716491699,0,0,0,9.523809432983398,0,0,0,15.119580268859863,25769803776,0,18189975552,0
204,1790939566102,4,4,4,4,4,4,4,4,4,4,79.25291442871094,77.53230285644531,76.52972412109375,78.27859497070313,69.55597686767578,79.68196105957031,83.265625,4.761904716491699,0,0,0,4.545454502105713,0,5,0,0,0,15.119580268859863,25769803776,0,18190254080,0
204,1790939566307,4,4,4,4,4,4,4,4,4,4,79.24324035644531,77.53230285644531,76.52972412109375,78.27682495117188,69.55597686767578,79.66960144042969,81.5,0,0,0,0,0,0,5,0,0,0,15.119580268859863,25769803776,0,18190172160,0
201,1790939566512,4,4,4,4,4,4,4,4,4,4,79.24324035644531,77.53230285644531,76.52972412109375,78.27682495117188,69.55597686767578,79.66960144042969,81.5,0,0,0,0,0,0,5,0,0,0,15.119580268859863,25769803776,0,18190188544,0
204,1790939566714,4,4,4,4,4,4,4,4,4,4,79.24324035644531,77.53230285644531,76.52972412109375,78.27682495117188,69.55597686767578,79.66960144042969,81.5,4.761904716491699,0,0,0,0,0,9.523809432983398,0,4.761904716491699,0,15.17760181427002,25769803776,0,18189910016,0
204,1790939566919,4,4,4,4,4,4,4,4,4,4,79.24324035644531,77.53230285644531,76.52972412109375,78.27682495117188,69.55597686767578,79.66960144042969,81.5,0,0,0,0,0,0,5,0,4.761904716491699,0,15.17760181427002,25769803776,0,18189910016,0
204,1790939567124,4,4,4,4,4,4,4,4,4,4,79.26010131835938,77.65908813476563,76.53355407714844,78.26905059814453,69.53343963623047,79.70364379882813,81.5,9.523809432983398,4.761904716491699,4.761904716491699,0,0,4.761904716491699,9.090909004211426,4.545454502105713,0,0,15.17760181427002,25769803776,0,18189910016,0
200,1790939567328,4,4,4,4,4,4,4,4,4,4,79.26010131835938,77.65908813476563,76.53355407714844,78.26905059814453,69.53343963623047,79.70364379882813,81.5,0,0,0,0,0,0,5,4.761904716491699,0,0,15.17760181427002,25769803776,0,18190303232,0
204,1790939567529,4,4,4,4,4,4,4,4,4,4,79.26010131835938,77.65908813476563,76.53355407714844,78.26905059814453,69.53343963623047,79.70364379882813,81.5,5,0,0,0,0,0,5.263157844543457,0,0,0,15.17760181427002,25769803776,0,18190352384,0
200,1790939567734,4,4,4,4,4,4,4,4,4,4,79.26010131835938,77.65908813476563,76.53355407714844,78.26905059814453,69.53343963623047,79.70364379882813,81.5,0,0,0,0,0,0,4.545454502105713,5,0,0,15.056002616882324,25769803776,0,18190352384,0
204,1790939567934,4,4,4,4,4,4,4,4,4,4,79.26010131835938,77.65908813476563,76.53355407714844,78.26905059814453,69.53343963623047,79.70364379882813,81.5,4.761904716491699,0,0,0,0,0,0,5,0,0,15.056002616882324,25769803776,0,18190352384,0
204,1790939568139,4,4,4,4,4,4,4,4,4,4,79.23905181884766,77.37222290039063,76.80888366699219,78.28675079345703,70.04134368896484,79.67671203613281,83.96875,0,0,0,0,0,0,0,5,0,0,15.056002616882324,25769803776,0,18190352384,0
204,1790939568345,4,4,4,4,4,4,4,4,4,4,79.23905181884766,77.37222290039063,76.80888366699219,78.28675079345703,70.04134368896484,79.67671203613281,83.96875,0,0,0,0,0,0,0,9.523809432983398,0,0,15.056002616882324,25769803776,0,18190237696,0
204,1790939568550,4,4,4,4,4,4,4,4,4,4,79.23905181884766,77.37222290039063,76.80888366699219,78.28675079345703,70.04134368896484,79.67671203613281,83.96875,4.761904716491699,4.761904716491699,0,0,0,0,0,5,0,0,15.056002616882324,25769803776,0,18190254080,0
200,1790939568755,4,4,4,4,4,4,4,4,4,4,79.23905181884766,77.37222290039063,76.80888366699219,78.28675079345703,70.04134368896484,79.67671203613281,83.96875,0,4.545454502105713,0,0,0,0,0,5,4.761904716491699,0,15.115181922912598,25769803776,0,18190303232,0
204,1790939568955,4,4,4,4,4,4,4,4,4,4,79.23905181884766,77.37222290039063,76.80888366699219,78.28675079345703,70.04134368896484,79.67671203613281,83.96875,4.761904716491699,0,0,0,0,0,4.761904716491699,9.523809432983398,0,0,15.115181922912598,25769803776,0,18190303232,0
202,1790939569160,4,4,4,4,4,4,4,4,4,4,79.21728515625,77.16681671142578,76.95398712158203,78.30187225341797,70.31281280517578,79.6316146850586,83.96875,0,0,0,0,0,0,0,0,0,0,15.115181922912598,25769803776,0,18190303232,0
201,1790939569363,4,4,4,4,4,4,4,4,4,4,79.21728515625,77.16681671142578,76.95398712158203,78.30187225341797,70.31281280517578,79.6316146850586,83.96875,0,0,0,0,0,0,4.761904716491699,4.761904716491699,0,0,15.115181922912598,25769803776,0,18190336000,0
204,1790939569564,4,4,4,4,4,4,4,4,4,4,79.21728515625,77.16681671142578,76.95398712158203,78.30187225341797,70.31281280517578,79.6316146850586,83.96875,5,0,0,0,0,0,0,5.263157844543457,0,0,15.115181922912598,25769803776,0,18190417920,0
204,1790939569769,4,4,4,4,4,4,4,4,4,4,79.21728515625,77.16681671142578,76.95398712158203,78.30187225341797,70.31281280517578,79.6316146850586,83.96875,4.761904716491699,0,0,0,0,0,0,4.761904716491699,0,0,15.101274490356445,25769803776,0,18190417920,0
204,1790939569974,4,4,4,4,4,4,4,4,4,4,79.21728515625,77.16681671142578,76.95398712158203,78.30187225341797,70.31281280517578,79.6316146850586,83.96875,4.761904716491699,0,0,0,0,0,0,9.523809432983398,0,0,15.101274490356445,25769803776,0,18190368768,0
204,1790939570179,4,4,4,4,4,4,4,4,4,4,79.20996856689453,77.2726058959961,76.9394760131836,78.27180480957031,70.26768493652344,79.63626861572266,81.5,0,4.545454502105713,4.761904716491699,4.545454502105713,0,0,9.090909004211426,0,4.545454502105713,0,15.101274490356445,25769803776,0,18190368768,0
204,1790939570384,4,4,4,4,4,4,4,4,4,4,79.20996856689453,77.2726058959961,76.9394760131836,78.27180480957031,70.26768493652344,79.63626861572266,81.5,0,0,4.761904716491699,4.761904716491699,0,0,0,5,0,0,15.101274490356445,25769803776,0,18190401536,0
204,1790939570589,4,4,4,4,4,4,4,4,4,4,79.20996856689453,77.2726058959961,76.9394760131836,78.27180480957031,70.26768493652344,79.63626861572266,81.5,4.761904716491699,0,0,0,0,0,4.761904716491699,9.523809432983398,0,0,15.101274490356445,25769803776,0,18190270464,0
204,1790939570794,4,4,4,4,4,4,4,4,4,4,79.20996856689453,77.2726058959961,76.9394760131836,78.27180480957031,70.26768493652344,79.63626861572266,81.5,5,4.761904716491699,0,0,0,0,0,5,0,0,14.953100204467773,25769803776,0,18190434304,0
204,1790939570999,4,4,4,4,4,4,4,4,4,4,79.20996856689453,77.2726058959961,76.9394760131836,78.27180480957031,70.26768493652344,79.63626861572266,81.5,4.761904716491699,0,0,0,0,0,0,9.090909004211426,4.761904716491699,0,14.953100204467773,25769803776,0,18190483456,0
204,1790939571204,4,4,4,4,4,4,4,4,4,4,79.16961669921875,77.09700012207031,76.88043975830078,78.22886657714844,70.20553588867188,79.62344360351563,81.734375,0,0,0,0,0,0,0,5,0,0,14.953100204467773,25769803776,0,18190483456,0
204,1790939571409,4,4,4,4,4,4,4,4,4,4,79.16961669921875,77.09700012207031,76.88043975830078,78.22886657714844,70.20553588867188,79.62344360351563,81.734375,0,0,0,0,0,0,0,5,0,0,14.953100204467773,25769803776,0,18190434304,0
204,1790939571614,4,4,4,4,4,4,4,4,4,4,79.16961669921875,77.09700012207031,76.88043975830078,78.22886657714844,70.20553588867188,79.62344360351563,81.734375,4.761904716491699,4.545454502105713,0,0,0,0,0,5,0,0,14.937060356140137,25769803776,0,18190434304,0
204,1790939571819,4,4,4,4,4,4,4,4,4,4,79.16961669921875,77.09700012207031,76.88043975830078,78.22886657714844,70.20553588867188,79.62344360351563,81.734375,0,0,0,0,0,0,0,9.523809432983398,0,0,14.937060356140137,25769803776,0,18190467072,0
204,1790939572024,4,4,4,4,4,4,4,4,4,4,79.16961669921875,77.09700012207031,76.88043975830078,78.22886657714844,70.20553588867188,79.62344360351563,81.734375,0,0,0,0,0,0,4.545454502105713,5,0,0,14.937060356140137,25769803776,0,18190467072,0
203,1790939572229,4,4,4,4,4,4,4,4,4,4,79.1754379272461,77.12384796142578,77.00968933105469,78.22908782958984,70.431884765625,79.6185302734375,81.5,4.761904716491699,0,0,0,0,0,0,4.761904716491699,0,0,14.937060356140137,25769803776,0,18190516224,0
204,1790939572432,4,4,4,4,4,4,4,4,4,4,79.1754379272461,77.12384796142578,77.00968933105469,78.22908782958984,70.431884765625,79.6185302734375,81.5,0,0,0,0,0,0,4.761904716491699,9.523809432983398,0,0,14.937060356140137,25769803776,0,18190467072,0
204,1790939572637,4,4,4,4,4,4,4,4,4,4,79.1754379272461,77.12384796142578,77.00968933105469,78.22908782958984,70.431884765625,79.6185302734375,81.5,4.761904716491699,4.761904716491699,0,0,0,0,0,5,0,0,14.94861125946045,25769803776,0,18189811712,0
204,1790939572842,4,4,4,4,4,4,4,4,4,4,79.1754379272461,77.12384796142578,77.00968933105469,78.22908782958984,70.431884765625,79.6185302734375,81.5,4.761904716491699,0,0,0,0,0,0,5,4.545454502105713,0,14.94861125946045,25769803776,0,18189811712,0
204,1790939573046,4,4,4,4,4,4,4,4,4,4,79.1754379272461,77.12384796142578,77.00968933105469,78.22908782958984,70.431884765625,79.6185302734375,81.5,4.761904716491699,4.761904716491699,0,0,4.761904716491699,0,0,4.761904716491699,4.761904716491699,0,14.94861125946045,25769803776,0,18189811712,0
204,1790939573251,4,4,4,4,4,4,4,4,4,4,79.12771606445313,77.09880065917969,76.98766326904297,78.18683624267578,70.3782730102539,79.57554626464844,81.734375,0,0,0,0,0,0,0,0,0,0,14.94861125946045,25769803776,0,18189811712,0
204,1790939573456,4,4,4,4,4,4,4,4,4,4,79.12771606445313,77.09880065917969,76.98766326904297,78.18683624267578,70.3782730102539,79.57554626464844,81.734375,0,0,0,0,0,0,9.523809432983398,4.545454502105713,0,0,14.94861125946045,25769803776,0,18189565952,0
204,1790939573661,4,4,4,4,4,4,4,4,4,4,79.12771606445313,77.09880065917969,76.98766326904297,78.18683624267578,70.3782730102539,79.57554626464844,81.734375,4.761904716491699,0,0,0,0,0,0,5,0,0,14.821395874023438,25769803776,0,18189615104,0
204,1790939573866,4,4,4,4,4,4,4,4,4,4,79.12771606445313,77.09880065917969,76.98766326904297,78.18683624267578,70.3782730102539,79.57554626464844,81.734375,0,0,4.545454502105713,4.761904716491699,0,0,0,5,0,0,14.821395874023438,25769803776,0,18189615104,0
204,1790939574071,4,4,4,4,4,4,4,4,4,4,79.12771606445313,77.09880065917969,76.98766326904297,78.18683624267578,70.3782730102539,79.57554626464844,81.734375,0,0,0,0,0,0,0,9.523809432983398,0,0,14.821395874023438,25769803776,0,18189615104,0
204,1790939574276,4,4,4,4,4,4,4,4,4,4,79.10919189453125,77.1298599243164,76.76405334472656,78.16796112060547,70.01891326904297,79.55550384521484,81.5,4.761904716491699,0,0,0,0,0,0,5,4.545454502105713,0,14.821395874023438,25769803776,0,18189615104,0
204,1790939574481,4,4,4,4,4,4,4,4,4,4,79.10919189453125,77.1298599243164,76.76405334472656,78.16796112060547,70.01891326904297,79.55550384521484,81.5,0,0,0,0,4.545454502105713,0,0,4.761904716491699,0,0,14.821395874023438,25769803776,0,18189713408,0
204,1790939574686,4,4,4,4,4,4,4,4,4,4,79.10919189453125,77.1298599243164,76.76405334472656,78.16796112060547,70.01891326904297,79.55550384521484,81.5,4.761904716491699,4.761904716491699,0,0,0,0,4.545454502105713,5,0,0,14.84917163848877,25769803776,0,18189811712,0
201,1790939574891,4,4,4,4,4,4,4,4,4,4,79.10919189453125,77.1298599243164,76.76405334472656,78.16796112060547,70.01891326904297,79.55550384521484,81.5,0,0,0,0,0,0,0,9.523809432983398,0,0,14.84917163848877,25769803776,0,18189811712,0
204,1790939575093,4,4,4,4,4,4,4,4,4,4,79.10919189453125,77.1298599243164,76.76405334472656,78.16796112060547,70.01891326904297,79.55550384521484,81.5,5,0,0,0,0,0,0,5,0,0,14.84917163848877,25769803776,0,18182832128,0
204,1790939575298,4,4,4,4,4,4,4,4,4,4,79.13064575195313,77.07382202148438,76.97798919677734,78.18317413330078,70.38899993896484,79.59676361083984,81.5,5,4.761904716491699,4.761904716491699,0,0,0,4.545454502105713,9.523809432983398,4.761904716491699,0,14.84917163848877,25769803776,0,18182832128,0
202,1790939575503,4,4,4,4,4,4,4,4,4,4,79.13064575195313,77.07382202148438,76.97798919677734,78.18317413330078,70.38899993896484,79.59676361083984,81.5,4.761904716491699,0,0,0,0,0,0,5,0,0,14.84917163848877,25769803776,0,18182455296,0
204,1790939575705,4,4,4,4,4,4,4,4,4,4,79.13064575195313,77.07382202148438,76.97798919677734,78.18317413330078,70.38899993896484,79.59676361083984,81.5,0,4.761904716491699,0,0,0,0,0,9.523809432983398,0,0,14.816728591918945,25769803776,0,18182471680,0
202,1790939575910,4,4,4,4,4,4,4,4,4,4,79.13064575195313,77.07382202148438,76.97798919677734,78.18317413330078,70.38899993896484,79.59676361083984,81.5,4.761904716491699,0,0,0,0,0,0,0,0,0,14.816728591918945,25769803776,0,18182471680,0
204,1790939576112,4,4,4,4,4,4,4,4,4,4,79.0567398071289,77.12030029296875,76.86436462402344,78.12706756591797,70.19635009765625,79.52690887451172,81.5,5,5,0,0,0,0,5,4.761904716491699,0,0,14.816728591918945,25769803776,0,18182471680,0
204,1790939576317,4,4,4,4,4,4,4,4,4,4,79.0567398071289,77.12030029296875,76.86436462402344,78.12706756591797,70.19635009765625,79.52690887451172,81.5,4.761904716491699,0,0,0,0,0,0,9.523809432983398,4.761904716491699,0,14.816728591918945,25769803776,0,18182471680,0
204,1790939576522,4,4,4,4,4,4,4,4,4,4,79.0567398071289,77.12030029296875,76.86436462402344,78.12706756591797,70.19635009765625,79.52690887451172,81.5,0,4.761904716491699,0,4.545454502105713,0,0,0,0,0,0,14.816728591918945,25769803776,0,18182995968,0
204,1790939576727,4,4,4,4,4,4,4,4,4,4,79.0567398071289,77.12030029296875,76.86436462402344,78.12706756591797,70.19635009765625,79.52690887451172,81.5,4.761904716491699,0,0,0,0,0,0,9.090909004211426,0,0,14.730026245117188,25769803776,0,18185306112,0
200,1790939576932,4,4,4,4,4,4,4,4,4,4,79.0567398071289,77.12030029296875,76.86436462402344,78.12706756591797,70.19635009765625,79.52690887451172,81.5,0,0,4.761904716491699,0,0,0,4.761904716491699,0,0,0,14.730026245117188,25769803776,0,18185306112,0
200,1790939577133,4,4,4,4,4,4,4,4,4,4,79.0328140258789,77.02241516113281,76.8098373413086,78.11002349853516,70.09825897216797,79.47362518310547,83.03125,0,0,0,0,0,0,0,5,0,0,14.730026245117188,25769803776,0,18185306112,0
200,1790939577333,4,4,4,4,4,4,4,4,4,4,79.0328140258789,77.02241516113281,76.8098373413086,78.11002349853516,70.09825897216797,79.47362518310547,83.03125,5,0,0,0,0,0,4.761904716491699,5.263157844543457,4.761904716491699,0,14.730026245117188,25769803776,0,18185306112,0
204,1790939577534,4,4,4,4,4,4,4,4,4,4,79.0328140258789,77.02241516113281,76.8098373413086,78.11002349853516,70.09825897216797,79.47362518310547,83.03125,0,0,0,0,0,0,0,9.523809432983398,0,0,14.730026245117188,25769803776,0,18183290880,0
204,1790939577739,4,4,4,4,4,4,4,4,4,4,79.0328140258789,77.02241516113281,76.8098373413086,78.11002349853516,70.09825897216797,79.47362518310547,83.03125,9.523809432983398,4.761904716491699,4.761904716491699,0,0,0,0,5,0,0,14.77283000946045,25769803776,0,18183176192,0
204,1790939577944,4,4,4,4,4,4,4,4,4,4,79.0328140258789,77.02241516113281,76.8098373413086,78.11002349853516,70.09825897216797,79.47362518310547,83.03125,0,4.761904716491699,0,0,0,0,0,9.090909004211426,0,0,14.77283000946045,25769803776,0,18183225344,0
204,1790939578149,4,4,4,4,4,4,4,4,4,4,79.037353515625,77.06231689453125,76.93601989746094,78.102783203125,70.30311584472656,79.49628448486328,81.265625,0,0,0,4.761904716491699,0,0,0,0,0,0,14.77283000946045,25769803776,0,18183225344,0
200,1790939578354,4,4,4,4,4,4,4,4,4,4,79.037353515625,77.06231689453125,76.93601989746094,78.102783203125,70.30311584472656,79.49628448486328,81.265625,4.761904716491699,0,0,0,0,0,0,9.523809432983398,0,0,14.77283000946045,25769803776,0,18183225344,0
204,1790939578554,4,4,4,4,4,4,4,4,4,4,79.037353515625,77.06231689453125,76.93601989746094,78.102783203125,70.30311584472656,79.49628448486328,81.265625,0,4.761904716491699,0,0,0,0,9.090909004211426,5,0,0,14.77283000946045,25769803776,0,18183340032,0
204,1790939578760,4,4,4,4,4,4,4,4,4,4,79.037353515625,77.06231689453125,76.93601989746094,78.102783203125,70.30311584472656,79.49628448486328,81.265625,4.761904716491699,0,0,0,0,0,0,9.523809432983398,0,0,14.775093078613281,25769803776,0,18183340032,0
204,1790939578965,4,4,4,4,4,4,4,4,4,4,79.037353515625,77.06231689453125,76.93601989746094,78.102783203125,70.30311584472656,79.49628448486328,81.265625,0,0,0,0,0,0,0,5,0,0,14.775093078613281,25769803776,0,18183340032,0
204,1790939579170,4,4,4,4,4,4,4,4,4,4,78.97625732421875,76.9967269897461,76.84093475341797,78.0601806640625,70.19441986083984,79.3857421875,81.265625,4.761904716491699,0,0,0,0,0,0,9.523809432983398,4.761904716491699,0,14.775093078613281,25769803776,0,18183176192,0
204,1790939579375,4,4,4,4,4,4,4,4,4,4,78.97625732421875,76.9967269897461,76.84093475341797,78.0601806640625,70.19441986083984,79.3857421875,81.265625,0,0,0,0,4.761904716491699,0,0,0,0,0,14.775093078613281,25769803776,0,18183176192,0
202,1790939579580,4,4,4,4,4,4,4,4,4,4,78.97625732421875,76.9967269897461,76.84093475341797,78.0601806640625,70.19441986083984,79.3857421875,81.265625,4.761904716491699,0,0,0,0,0,0,9.523809432983398,0,0,14.775093078613281,25769803776,0,18183176192,0
200,1790939579782,4,4,4,4,4,4,4,4,4,4,78.97625732421875,76.9967269897461,76.84093475341797,78.0601806640625,70.19441986083984,79.3857421875,81.265625,5,0,0,0,0,0,0,4.761904716491699,4.761904716491699,0,14.643293380737305,25769803776,0,18183176192,0
200,1790939579983,4,4,4,4,4,4,4,4,4,4,78.97625732421875,76.9967269897461,76.84093475341797,78.0601806640625,70.19441986083984,79.3857421875,81.265625,0,9.090909004211426,0,0,0,0,4.761904716491699,5.263157844543457,0,0,14.643293380737305,25769803776,0,18183421952,0
200,1790939580183,4,4,4,4,4,4,4,4,4,4,78.98306274414063,77.00971984863281,76.87776184082031,78.0278549194336,70.19625091552734,79.40289306640625,81.265625,4.761904716491699,0,9.090909004211426,0,0,0,0,5,0,0,14.643293380737305,25769803776,0,18185486336,0
204,1790939580384,4,4,4,4,4,4,4,4,4,4,78.98306274414063,77.00971984863281,76.87776184082031,78.0278549194336,70.19625091552734,79.40289306640625,81.265625,0,0,0,0,0,0,4.761904716491699,4.761904716491699,0,0,14.643293380737305,25769803776,0,18183536640,0
204,1790939580589,4,4,4,4,4,4,4,4,4,4,78.98306274414063,77.00971984863281,76.87776184082031,78.0278549194336,70.19625091552734,79.40289306640625,81.265625,4.761904716491699,0,0,0,0,0,0,5,0,0,14.643293380737305,25769803776,0,18183503872,0
204,1790939580794,4,4,4,4,4,4,4,4,4,4,78.98306274414063,77.00971984863281,76.87776184082031,78.0278549194336,70.19625091552734,79.40289306640625,81.265625,4.761904716491699,4.761904716491699,0,0,0,0,0,9.523809432983398,4.545454502105713,0,14.60741138458252,25769803776,0,18183487488,0
204,1790939580999,4,4,4,4,4,4,4,4,4,4,78.98306274414063,77.00971984863281,76.87776184082031,78.0278549194336,70.19625091552734,79.40289306640625,81.265625,0,0,0,0,0,0,0,0,0,0,14.60741138458252,25769803776,0,18183258112,0
204,1790939581204,4,4,4,4,4,4,4,4,4,4,78.95333099365234,77.0081787109375,76.87306213378906,77.96318817138672,70.21002960205078,79.32072448730469,81.265625,4.761904716491699,0,0,0,0,0,0,9.523809432983398,0,0,14.60741138458252,25769803776,0,18183241728,0
204,1790939581409,4,4,4,4,4,4,4,4,4,4,78.95333099365234,77.0081787109375,76.87306213378906,77.96318817138672,70.21002960205078,79.32072448730469,81.265625,0,0,0,0,0,0,0,5,0,0,14.60741138458252,25769803776,0,18183290880,0
202,1790939581614,4,4,4,4,4,4,4,4,4,4,78.95333099365234,77.0081787109375,76.87306213378906,77.96318817138672,70.21002960205078,79.32072448730469,81.265625,4.761904716491699,4.761904716491699,0,0,0,0,4.761904716491699,9.523809432983398,0,0,14.605121612548828,25769803776,0,18183290880,0
204,1790939581817,4,4,4,4,4,4,4,4,4,4,78.95333099365234,77.0081787109375,76.87306213378906,77.96318817138672,70.21002960205078,79.32072448730469,81.265625,4.761904716491699,0,0,0,0,0,0,5,4.761904716491699,0,14.605121612548828,25769803776,0,18183290880,0
201,1790939582022,4,4,4,4,4,4,4,4,4,4,78.95333099365234,77.0081787109375,76.87306213378906,77.96318817138672,70.21002960205078,79.32072448730469,81.265625,0,0,0,0,0,0,0,5,0,0,14.605121612548828,25769803776,0,18183208960,0
200,1790939582224,4,4,4,4,4,4,4,4,4,4,78.95439147949219,76.91800689697266,76.73674774169922,77.95014190673828,69.99283599853516,79.30123901367188,81.265625,5,4.761904716491699,0,0,0,0,4.761904716491699,5,0,0,14.605121612548828,25769803776,0,18183225344,0
204,1790939582425,4,4,4,4,4,4,4,4,4,4,78.95439147949219,76.91800689697266,76.73674774169922,77.95014190673828,69.99283599853516,79.30123901367188,81.265625,5,0,5,0,0,0,0,5,4.761904716491699,0,14.605121612548828,25769803776,0,18183094272,0
204,1790939582630,4,4,4,4,4,4,4,4,4,4,78.95439147949219,76.91800689697266,76.73674774169922,77.95014190673828,69.99283599853516,79.30123901367188,81.265625,0,0,4.761904716491699,0,0,0,0,9.523809432983398,0,0,14.542656898498535,25769803776,0,18183094272,0
204,1790939582835,4,4,4,4,4,4,4,4,4,4,78.95439147949219,76.91800689697266,76.73674774169922,77.95014190673828,69.99283599853516,79.30123901367188,81.265625,4.761904716491699,0,0,0,0,0,0,4.761904716491699,0,0,14.542656898498535,25769803776,0,18183094272,0
204,1790939583040,4,4,4,4,4,4,4,4,4,4,78.95439147949219,76.91800689697266,76.73674774169922,77.95014190673828,69.99283599853516,79.30123901367188,81.265625,0,0,0,0,0,0,0,9.523809432983398,0,0,14.542656898498535,25769803776,0,18183094272,0
201,1790939583245,4,4,4,4,4,4,4,4,4,4,78.93309020996094,76.97312927246094,76.87216186523438,77.92695617675781,70.2121810913086,79.28129577636719,81.265625,0,0,0,0,0,0,0,5,0,0,14.542656898498535,25769803776,0,18183192576,0
204,1790939583446,4,4,4,4,4,4,4,4,4,4,78.93309020996094,76.97312927246094,76.87216186523438,77.92695617675781,70.2121810913086,79.28129577636719,81.265625,5,0,0,0,0,0,4.761904716491699,5,0,0,14.542656898498535,25769803776,0,18183192576,0
204,1790939583651,4,4,4,4,4,4,4,4,4,4,78.93309020996094,76.97312927246094,76.87216186523438,77.92695617675781,70.2121810913086,79.28129577636719,81.265625,4.761904716491699,4.761904716491699,0,0,0,0,4.761904716491699,5,4.761904716491699,0,14.568099975585938,25769803776,0,18185076736,0
204,1790939583856,4,4,4,4,4,4,4,4,4,4,78.93309020996094,76.97312927246094,76.87216186523438,77.92695617675781,70.2121810913086,79.28129577636719,81.265625,5,0,0,0,0,0,0,0,0,0,14.568099975585938,25769803776,0,18184978432,0
204,1790939584061,4,4,4,4,4,4,4,4,4,4,78.93309020996094,76.97312927246094,76.87216186523438,77.92695617675781,70.2121810913086,79.28129577636719,81.265625,0,4.761904716491699,0,0,4.545454502105713,0,0,9.523809432983398,0,0,14.568099975585938,25769803776,0,18183176192,0
201,1790939584266,4,4,4,4,4,4,4,4,4,4,78.90479278564453,76.9266586303711,76.8080825805664,77.85079193115234,70.07605743408203,79.21470642089844,81.265625,4.761904716491699,0,0,0,0,0,0,4.761904716491699,0,0,14.568099975585938,25769803776,0,18183176192,0
204,1790939584468,4,4,4,4,4,4,4,4,4,4,78.90479278564453,76.9266586303711,76.8080825805664,77.85079193115234,70.07605743408203,79.21470642089844,81.265625,0,0,0,0,0,0,0,5.263157844543457,0,0,14.568099975585938,25769803776,0,18183176192,0
204,1790939584673,4,4,4,4,4,4,4,4,4,4,78.90479278564453,76.9266586303711,76.8080825805664,77.85079193115234,70.07605743408203,79.21470642089844,81.265625,0,0,0,0,0,0,0,9.090909004211426,0,0,14.445646286010742,25769803776,0,18183077888,0
204,1790939584878,4,4,4,4,4,4,4,4,4,4,78.90479278564453,76.9266586303711,76.8080825805664,77.85079193115234,70.07605743408203,79.21470642089844,81.265625,9.523809432983398,4.761904716491699,0,0,0,0,4.761904716491699,5,0,0,14.445646286010742,25769803776,0,18183077888,0
204,1790939585083,4,4,4,4,4,4,4,4,4,4,78.90479278564453,76.9266586303711,76.8080825805664,77.85079193115234,70.07605743408203,79.21470642089844,81.265625,31.57894515991211,0,4.545454502105713,0,4.545454502105713,0,4.761904716491699,5,0,0,14.445646286010742,25769803776,0,18183127040,0
204,1790939585288,4,4,4,4,4,4,4,4,4,4,78.881591796875,76.93408966064453,76.70791625976563,77.80123901367188,69.93470764160156,79.15064239501953,81.265625,40.90909194946289,5,0,0,0,0,0,5,0,0,14.445646286010742,25769803776,0,18183127040,0
204,1790939585493,4,4,4,4,4,4,4,4,4,4,78.881591796875,76.93408966064453,76.70791625976563,77.80123901367188,69.93470764160156,79.15064239501953,81.265625,0,0,0,4.545454502105713,0,0,0,9.523809432983398,0,0,14.445646286010742,25769803776,0,18183127040,0
204,1790939585698,4,4,4,4,4,4,4,4,4,4,78.881591796875,76.93408966064453,76.70791625976563,77.80123901367188,69.93470764160156,79.15064239501953,81.265625,0,0,0,0,0,0,0,5,0,0,14.518351554870605,25769803776,0,18182553600,0
204,1790939585903,4,4,4,4,4,4,4,4,4,4,78.881591796875,76.93408966064453,76.70791625976563,77.80123901367188,69.93470764160156,79.15064239501953,81.265625,4.761904716491699,4.761904716491699,0,0,0,0,0,9.090909004211426,4.761904716491699,0,14.518351554870605,25769803776,0,18182668288,0
204,1790939586108,4,4,4,4,4,4,4,4,4,4,78.88807678222656,76.91546630859375,76.8340072631836,77.82726287841797,70.18439483642578,79.17932891845703,81.265625,0,4.761904716491699,4.761904716491699,0,0,0,0,5,0,0,14.518351554870605,25769803776,0,18182914048,0
204,1790939586313,4,4,4,4,4,4,4,4,4,4,78.88807678222656,76.91546630859375,76.8340072631836,77.82726287841797,70.18439483642578,79.17932891845703,81.265625,9.523809432983398,0,0,4.761904716491699,0,0,0,9.523809432983398,0,0,14.518351554870605,25769803776,0,18182914048,0
204,1790939586518,4,4,4,4,4,4,4,4,4,4,78.88807678222656,76.91546630859375,76.8340072631836,77.82726287841797,70.18439483642578,79.17932891845703,81.265625,0,0,0,0,0,0,0,0,4.761904716491699,0,14.518351554870605,25769803776,0,18182914048,0
204,1790939586723,4,4,4,4,4,4,4,4,4,4,78.88807678222656,76.91546630859375,76.8340072631836,77.82726287841797,70.18439483642578,79.17932891845703,81.265625,4.761904716491699,0,0,0,0,0,0,9.523809432983398,0,0,14.568098068237305,25769803776,0,18182684672,0
204,1790939586928,4,4,4,4,4,4,4,4,4,4,78.88807678222656,76.91546630859375,76.8340072631836,77.82726287841797,70.18439483642578,79.17932891845703,81.265625,0,0,0,0,0,0,0,5,0,0,14.568098068237305,25769803776,0,18182717440,0
204,1790939587133,4,4,4,4,4,4,4,4,4,4,78.83942413330078,76.85466003417969,76.7109603881836,77.77244567871094,70.00794219970703,79.09008026123047,84.4375,0,0,0,0,0,0,9.090909004211426,9.523809432983398,0,0,14.568098068237305,25769803776,0,18182471680,0
204,1790939587338,4,4,4,4,4,4,4,4,4,4,78.83942413330078,76.85466003417969,76.7109603881836,77.77244567871094,70.00794219970703,79.09008026123047,84.4375,4.761904716491699,0,0,0,0,0,0,5,0,0,14.568098068237305,25769803776,0,18182602752,0
200,1790939587542,4,4,4,4,4,4,4,4,4,4,78.83942413330078,76.85466003417969,76.7109603881836,77.77244567871094,70.00794219970703,79.09008026123047,84.4375,0,4.761904716491699,0,0,0,0,0,9.523809432983398,0,0,14.568098068237305,25769803776,0,18182668288,0
204,1790939587743,4,4,4,4,4,4,4,4,4,4,78.83942413330078,76.85466003417969,76.7109603881836,77.77244567871094,70.00794219970703,79.09008026123047,84.4375,5,0,0,0,0,0,0,0,0,0,14.39111328125,25769803776,0,18182406144,0
204,1790939587948,4,4,4,4,4,4,4,4,4,4,78.83942413330078,76.85466003417969,76.7109603881836,77.77244567871094,70.00794219970703,79.09008026123047,84.4375,0,0,0,0,0,0,5,0,4.761904716491699,0,14.39111328125,25769803776,0,18182520832,0
204,1790939588153,4,4,4,4,4,4,4,4,4,4,78.82673645019531,77.05858612060547,76.59740447998047,77.73096466064453,69.72221374511719,79.08534240722656,81.03125,0,0,0,0,0,0,9.090909004211426,0,0,0,14.39111328125,25769803776,0,18182537216,0
204,1790939588358,4,4,4,4,4,4,4,4,4,4,78.82673645019531,77.05858612060547,76.59740447998047,77.73096466064453,69.72221374511719,79.08534240722656,81.03125,4.761904716491699,0,0,0,0,0,0,9.523809432983398,0,0,14.39111328125,25769803776,0,18182537216,0
204,1790939588563,4,4,4,4,4,4,4,4,4,4,78.82673645019531,77.05858612060547,76.59740447998047,77.73096466064453,69.72221374511719,79.08534240722656,81.03125,0,0,0,0,0,0,0,4.761904716491699,0,4.761904716491699,14.39111328125,25769803776,0,18182537216,0
204,1790939588767,4,4,4,4,4,4,4,4,4,4,78.82673645019531,77.05858612060547,76.59740447998047,77.73096466064453,69.72221374511719,79.08534240722656,81.03125,0,0,0,0,0,0,0,9.523809432983398,0,0,14.468595504760742,25769803776,0,18182553600,0
200,1790939588971,4,4,4,4,4,4,4,4,4,4,78.82673645019531,77.05858612060547,76.59740447998047,77.73096466064453,69.72221374511719,79.08534240722656,81.03125,4.761904716491699,9.090909004211426,0,0,0,0,0,0,0,0,14.468595504760742,25769803776,0,18182553600,0
204,1790939589172,4,4,4,4,4,4,4,4,4,4,78.85415649414063,76.83441162109375,76.7275161743164,77.7613296508789,69.99018096923828,79.11832427978516,84.90625,4.761904716491699,0,4.761904716491699,0,0,0,0,9.523809432983398,0,0,14.468595504760742,25769803776,0,18182455296,0
204,1790939589377,4,4,4,4,4,4,4,4,4,4,78.85415649414063,76.83441162109375,76.7275161743164,77.7613296508789,69.99018096923828,79.11832427978516,84.90625,4.761904716491699,0,0,0,0,0,5,0,0,0,14.468595504760742,25769803776,0,18182455296,0
202,1790939589582,4,4,4,4,4,4,4,4,4,4,78.85415649414063,76.83441162109375,76.7275161743164,77.7613296508789,69.99018096923828,79.11832427978516,84.90625,0,0,0,0,0,0,0,5,0,0,14.468595504760742,25769803776,0,18182520832,0
204,1790939589785,4,4,4,4,4,4,4,4,4,4,78.85415649414063,76.83441162109375,76.7275161743164,77.7613296508789,69.99018096923828,79.11832427978516,84.90625,0,0,0,0,0,0,0,5,0,0,14.439739227294922,25769803776,0,18182455296,0
204,1790939589990,4,4,4,4,4,4,4,4,4,4,78.85415649414063,76.83441162109375,76.7275161743164,77.7613296508789,69.99018096923828,79.11832427978516,84.90625,4.761904716491699,0,0,0,0,0,0,9.523809432983398,4.761904716491699,0,14.439739227294922,25769803776,0,18182455296,0
204,1790939590195,4,4,4,4,4,4,4,4,4,4,78.80654907226563,76.83367156982422,76.49034118652344,77.7362060546875,69.61408996582031,79.04366302490234,84.90625,0,0,0,0,0,0,8.69565200805664,5,0,0,14.439739227294922,25769803776,0,18182504448,0
200,1790939590399,4,4,4,4,4,4,4,4,4,4,78.80654907226563,76.83367156982422,76.49034118652344,77.7362060546875,69.61408996582031,79.04366302490234,84.90625,4.761904716491699,4.761904716491699,0,0,0,0,0,9.090909004211426,0,0,14.439739227294922,25769803776,0,18182504448,0
200,1790939590600,4,4,4,4,4,4,4,4,4,4,78.80654907226563,76.83367156982422,76.49034118652344,77.7362060546875,69.61408996582031,79.04366302490234,84.90625,0,0,0,0,0,0,0,5.263157844543457,0,0,14.439739227294922,25769803776,0,18182504448,0
204,1790939590800,4,4,4,4,4,4,4,4,4,4,78.80654907226563,76.83367156982422,76.49034118652344,77.7362060546875,69.61408996582031,79.04366302490234,84.90625,5,0,0,0,0,0,0,5,0,0,14.320734977722168,25769803776,0,18175770624,0
204,1790939591005,4,4,4,4,4,4,4,4,4,4,78.80654907226563,76.83367156982422,76.49034118652344,77.7362060546875,69.61408996582031,79.04366302490234,84.90625,0,0,0,0,0,0,0,5,0,0,14.320734977722168,25769803776,0,18175852544,0
204,1790939591210,4,4,4,4,4,4,4,4,4,4,78.76242065429688,76.79169464111328,76.69656372070313,77.66675567626953,69.96186065673828,79.02499389648438,81.03125,0,4.761904716491699,0,0,4.761904716491699,0,0,9.090909004211426,0,0,14.320734977722168,25769803776,0,18177900544,0
203,1790939591414,4,4,4,4,4,4,4,4,4,4,78.76242065429688,76.79169464111328,76.69656372070313,77.66675567626953,69.96186065673828,79.02499389648438,81.03125,9.523809432983398,0,0,0,0,0,0,0,0,0,14.320734977722168,25769803776,0,18177900544,0
204,1790939591618,4,4,4,4,4,4,4,4,4,4,78.76242065429688,76.79169464111328,76.69656372070313,77.66675567626953,69.96186065673828,79.02499389648438,81.03125,0,0,0,0,0,0,4.761904716491699,5,9.090909004211426,0,14.290448188781738,25769803776,0,18177900544,0
204,1790939591823,4,4,4,4,4,4,4,4,4,4,78.76242065429688,76.79169464111328,76.69656372070313,77.66675567626953,69.96186065673828,79.02499389648438,81.03125,4.761904716491699,0,0,0,0,0,0,9.523809432983398,0,0,14.290448188781738,25769803776,0,18176196608,0
204,1790939592028,4,4,4,4,4,4,4,4,4,4,78.76242065429688,76.79169464111328,76.69656372070313,77.66675567626953,69.96186065673828,79.02499389648438,81.03125,0,4.761904716491699,0,0,0,0,4.761904716491699,5,0,0,14.290448188781738,25769803776,0,18176163840,0
204,1790939592233,4,4,4,4,4,4,4,4,4,4,78.78641510009766,76.75813293457031,76.65360260009766,77.65556335449219,69.87743377685547,79.0423812866211,81.03125,0,0,4.761904716491699,0,0,0,0,5,0,0,14.290448188781738,25769803776,0,18176212992,0
204,1790939592438,4,4,4,4,4,4,4,4,4,4,78.78641510009766,76.75813293457031,76.65360260009766,77.65556335449219,69.87743377685547,79.0423812866211,81.03125,4.761904716491699,0,4.761904716491699,0,4.761904716491699,0,0,9.523809432983398,0,0,14.290448188781738,25769803776,0,18176212992,0
204,1790939592643,4,4,4,4,4,4,4,4,4,4,78.78641510009766,76.75813293457031,76.65360260009766,77.65556335449219,69.87743377685547,79.0423812866211,81.03125,0,0,0,0,0,0,0,0,0,0,14.382073402404785,25769803776,0,18176212992,0
204,1790939592848,4,4,4,4,4,4,4,4,4,4,78.78641510009766,76.75813293457031,76.65360260009766,77.65556335449219,69.87743377685547,79.0423812866211,81.03125,4.761904716491699,0,0,0,0,0,0,9.523809432983398,0,0,14.382073402404785,25769803776,0,18176262144,0
204,1790939593053,4,4,4,4,4,4,4,4,4,4,78.78641510009766,76.75813293457031,76.65360260009766,77.65556335449219,69.87743377685547,79.0423812866211,81.03125,0,0,0,0,0,0,0,5,0,0,14.382073402404785,25769803776,0,18176327680,0
204,1790939593257,4,4,4,4,4,4,4,4,4,4,78.75714874267578,76.73333740234375,76.58494567871094,77.65283203125,69.77959442138672,78.99662017822266,81.03125,5,0,0,0,0,0,4.761904716491699,9.523809432983398,0,0,14.382073402404785,25769803776,0,18176327680,0
202,1790939593462,4,4,4,4,4,4,4,4,4,4,78.75714874267578,76.73333740234375,76.58494567871094,77.65283203125,69.77959442138672,78.99662017822266,81.03125,0,4.545454502105713,0,0,0,0,0,5,0,0,14.382073402404785,25769803776,0,18176327680,0
204,1790939593665,4,4,4,4,4,4,4,4,4,4,78.75714874267578,76.73333740234375,76.58494567871094,77.65283203125,69.77959442138672,78.99662017822266,81.03125,0,0,0,0,0,0,4.761904716491699,9.523809432983398,4.761904716491699,0,14.28819465637207,25769803776,0,18176327680,0
204,1790939593870,4,4,4,4,4,4,4,4,4,4,78.75714874267578,76.73333740234375,76.58494567871094,77.65283203125,69.77959442138672,78.99662017822266,81.03125,4.761904716491699,4.761904716491699,0,0,0,0,0,5,0,0,14.28819465637207,25769803776,0,18176196608,0
204,1790939594075,4,4,4,4,4,4,4,4,4,4,78.75714874267578,76.73333740234375,76.58494567871094,77.65283203125,69.77959442138672,78.99662017822266,81.03125,0,0,0,0,0,0,0,4.761904716491699,0,0,14.28819465637207,25769803776,0,18176180224,0
204,1790939594279,4,4,4,4,4,4,4,4,4,4,78.73470306396484,76.71944427490234,76.61693572998047,77.63623046875,69.8728256225586,78.96959686279297,81.03125,9.090909004211426,0,0,0,0,0,0,5,0,0,14.28819465637207,25769803776,0,18176180224,0
201,1790939594484,4,4,4,4,4,4,4,4,4,4,78.73470306396484,76.71944427490234,76.61693572998047,77.63623046875,69.8728256225586,78.96959686279297,81.03125,0,0,0,0,0,0,0,5,4.545454502105713,0,14.28819465637207,25769803776,0,18176180224,0
200,1790939594685,4,4,4,4,4,4,4,4,4,4,78.73470306396484,76.71944427490234,76.61693572998047,77.63623046875,69.8728256225586,78.96959686279297,81.03125,0,0,0,0,0,0,0,9.523809432983398,0,0,14.314770698547363,25769803776,0,18176180224,0
204,1790939594886,4,4,4,4,4,4,4,4,4,4,78.73470306396484,76.71944427490234,76.61693572998047,77.63623046875,69.8728256225586,78.96959686279297,81.03125,4.761904716491699,0,0,0,0,0,0,0,0,0,14.314770698547363,25769803776,0,18177032192,0
204,1790939595091,4,4,4,4,4,4,4,4,4,4,78.73470306396484,76.71944427490234,76.61693572998047,77.63623046875,69.8728256225586,78.96959686279297,81.03125,0,4.761904716491699,0,0,0,0,9.090909004211426,4.761904716491699,0,0,14.314770698547363,25769803776,0,18176180224,0
204,1790939595296,4,4,4,4,4,4,4,4,4,4,78.67485809326172,76.59620666503906,76.43717193603516,77.60079956054688,69.60804748535156,78.88117218017578,81.03125,0,0,0,0,0,0,0,9.523809432983398,0,0,14.314770698547363,25769803776,0,18176180224,0
204,1790939595501,4,4,4,4,4,4,4,4,4,4,78.67485809326172,76.59620666503906,76.43717193603516,77.60079956054688,69.60804748535156,78.88117218017578,81.03125,4.761904716491699,0,0,0,0,0,0,5,4.761904716491699,0,14.314770698547363,25769803776,0,18176180224,0
204,1790939595706,4,4,4,4,4,4,4,4,4,4,78.67485809326172,76.59620666503906,76.43717193603516,77.60079956054688,69.60804748535156,78.88117218017578,81.03125,5,5,0,4.761904716491699,0,4.545454502105713,0,5,0,0,14.172584533691406,25769803776,0,18176180224,0
204,1790939595911,4,4,4,4,4,4,4,4,4,4,78.67485809326172,76.59620666503906,76.43717193603516,77.60079956054688,69.60804748535156,78.88117218017578,81.03125,4.761904716491699,4.761904716491699,4.545454502105713,0,0,0,0,4.761904716491699,0,0,14.172584533691406,25769803776,0,18176327680,0
204,1790939596116,4,4,4,4,4,4,4,4,4,4,78.68224334716797,76.63349914550781,76.5628890991211,77.60609436035156,69.79582214355469,78.89232635498047,80.796875,0,4.761904716491699,0,4.761904716491699,0,0,0,9.523809432983398,0,0,14.172584533691406,25769803776,0,18176327680,0
204,1790939596321,4,4,4,4,4,4,4,4,4,4,78.68224334716797,76.63349914550781,76.5628890991211,77.60609436035156,69.79582214355469,78.89232635498047,80.796875,4.761904716491699,0,0,0,0,0,0,5,0,0,14.172584533691406,25769803776,0,18176327680,0
204,1790939596526,4,4,4,4,4,4,4,4,4,4,78.68224334716797,76.63349914550781,76.5628890991211,77.60609436035156,69.79582214355469,78.89232635498047,80.796875,0,0,0,0,0,0,0,5,0,0,14.172584533691406,25769803776,0,18176147456,0
204,1790939596731,4,4,4,4,4,4,4,4,4,4,78.68224334716797,76.63349914550781,76.5628890991211,77.60609436035156,69.79582214355469,78.89232635498047,80.796875,0,0,0,0,0,0,9.090909004211426,4.761904716491699,0,0,14.251158714294434,25769803776,0,18176147456,0
204,1790939596936,4,4,4,4,4,4,4,4,4,4,78.68224334716797,76.63349914550781,76.5628890991211,77.60609436035156,69.79582214355469,78.89232635498047,80.796875,4.761904716491699,0,0,0,0,0,0,5,4.761904716491699,0,14.251158714294434,25769803776,0,18176212992,0
200,1790939597141,4,4,4,4,4,4,4,4,4,4,78.67699432373047,76.58432006835938,76.50308227539063,77.58551025390625,69.70481872558594,78.90229797363281,80.796875,0,4.761904716491699,4.761904716491699,0,0,0,0,9.523809432983398,0,0,14.251158714294434,25769803776,0,18176229376,0
200,1790939597342,4,4,4,4,4,4,4,4,4,4,78.67699432373047,76.58432006835938,76.50308227539063,77.58551025390625,69.70481872558594,78.90229797363281,80.796875,4.761904716491699,0,0,0,0,0,0,5,4.761904716491699,0,14.251158714294434,25769803776,0,18176344064,0
204,1790939597543,4,4,4,4,4,4,4,4,4,4,78.67699432373047,76.58432006835938,76.50308227539063,77.58551025390625,69.70481872558594,78.90229797363281,80.796875,5,0,0,0,4.761904716491699,0,5,0,0,0,14.251158714294434,25769803776,0,18176409600,0
200,1790939597748,4,4,4,4,4,4,4,4,4,4,78.67699432373047,76.58432006835938,76.50308227539063,77.58551025390625,69.70481872558594,78.90229797363281,80.796875,0,4.761904716491699,0,0,0,0,5,0,0,0,14.237308502197266,25769803776,0,18176507904,0
204,1790939597948,4,4,4,4,4,4,4,4,4,4,78.67699432373047,76.58432006835938,76.50308227539063,77.58551025390625,69.70481872558594,78.90229797363281,80.796875,5,0,0,0,0,0,5,0,0,0,14.237308502197266,25769803776,0,18176475136,0
204,1790939598153,4,4,4,4,4,4,4,4,4,4,78.60022735595703,76.82256317138672,76.07784271240234,77.51770782470703,68.98312377929688,78.80560302734375,80.796875,0,4.545454502105713,0,0,0,0,9.523809432983398,9.090909004211426,4.761904716491699,0,14.237308502197266,25769803776,0,18176393216,0
204,1790939598358,4,4,4,4,4,4,4,4,4,4,78.60022735595703,76.82256317138672,76.07784271240234,77.51770782470703,68.98312377929688,78.80560302734375,80.796875,4.761904716491699,0,4.761904716491699,0,0,0,5,0,0,0,14.237308502197266,25769803776,0,18176393216,0
204,1790939598563,4,4,4,4,4,4,4,4,4,4,78.60022735595703,76.82256317138672,76.07784271240234,77.51770782470703,68.98312377929688,78.80560302734375,80.796875,4.761904716491699,0,0,0,0,0,4.761904716491699,0,0,0,14.237308502197266,25769803776,0,18178228224,0
204,1790939598768,4,4,4,4,4,4,4,4,4,4,78.60022735595703,76.82256317138672,76.07784271240234,77.51770782470703,68.98312377929688,78.80560302734375,80.796875,0,0,0,0,0,0,4.761904716491699,0,0,0,14.17861557006836,25769803776,0,18176376832,0
204,1790939598973,4,4,4,4,4,4,4,4,4,4,78.60022735595703,76.82256317138672,76.07784271240234,77.51770782470703,68.98312377929688,78.80560302734375,80.796875,0,0,0,0,0,0,5,0,0,0,14.17861557006836,25769803776,0,18176229376,0
204,1790939599178,4,4,4,4,4,4,4,4,4,4,78.55976867675781,77.02909851074219,75.97399139404297,77.47349548339844,68.77770233154297,78.76942443847656,80.796875,4.761904716491699,0,0,0,0,0,5,0,0,0,14.17861557006836,25769803776,0,18176196608,0
204,1790939599383,4,4,4,4,4,4,4,4,4,4,78.55976867675781,77.02909851074219,75.97399139404297,77.47349548339844,68.77770233154297,78.76942443847656,80.796875,0,4.761904716491699,0,4.545454502105713,0,0,4.761904716491699,0,0,0,14.17861557006836,25769803776,0,18176196608,0
204,1790939599588,4,4,4,4,4,4,4,4,4,4,78.55976867675781,77.02909851074219,75.97399139404297,77.47349548339844,68.77770233154297,78.76942443847656,80.796875,4.761904716491699,5,4.545454502105713,0,0,0,9.523809432983398,4.545454502105713,4.761904716491699,0,14.17861557006836,25769803776,0,18176229376,0
9,1790939599793,4,4,4,4,4,4,4,4,4,4,78.55976867675781,77.02909851074219,75.97399139404297,77.47349548339844,68.77770233154297,78.76942443847656,80.796875,5,0,0,0,0,0,10,0,0,0,14.276602745056152,25769803776,0,18156060672,0
