Delta,Time,CPU_FREQUENCY_0,CPU_FREQUENCY_1,CPU_FREQUENCY_2,CPU_FREQUENCY_3,CPU_FREQUENCY_4,CPU_FREQUENCY_5,CPU_FREQUENCY_6,CPU_FREQUENCY_7,CPU_FREQUENCY_8,CPU_FREQUENCY_9,CPU_TEMP_0,CPU_TEMP_1,CPU_TEMP_2,CPU_TEMP_3,CPU_TEMP_4,CPU_TEMP_5,CPU_TEMP_6,CPU_USAGE_0,CPU_USAGE_1,CPU_USAGE_2,CPU_USAGE_3,CPU_USAGE_4,CPU_USAGE_5,CPU_USAGE_6,CPU_USAGE_7,CPU_USAGE_8,CPU_USAGE_9,SYSTEM_POWER (Watts),TOTAL_MEMORY,TOTAL_SWAP,USED_MEMORY,USED_SWAP
0,1790454433745,4,4,4,4,4,4,4,4,4,4,68.6393814086914,68.42066192626953,68.31803131103516,68.01564025878906,61.07887268066406,68.65544128417969,75.5625,0,0,0,0,0,0,0,0,0,0,3.0130343437194824,25769803776,2147483648,17894408192,765329408
201,1790454433745,4,4,4,4,4,4,4,4,4,4,68.6393814086914,68.42066192626953,68.31803131103516,68.01564025878906,61.07887268066406,68.65544128417969,75.5625,NaN,NaN,0,0,0,0,0,0,0,0,3.0130343437194824,25769803776,2147483648,17894408192,765329408
202,1790454433947,4,4,4,4,4,4,4,4,4,4,68.6393814086914,68.42066192626953,68.31803131103516,68.01564025878906,61.07887268066406,68.65544128417969,75.5625,14.285715103149414,9.523809432983398,0,0,0,0,25,60.000003814697266,15.000000953674316,5,2.837454080581665,25769803776,2147483648,17894408192,765329408
202,1790454434149,4,4,4,4,4,4,4,4,4,4,68.6393814086914,68.42066192626953,68.31803131103516,68.01564025878906,61.07887268066406,68.65544128417969,75.5625,0,0,0,0,4.761904716491699,4.761904716491699,5,100,0,0,2.837454080581665,25769803776,2147483648,17894408192,765329408
209,1790454434352,4,4,4,4,4,4,4,4,4,4,70.34492492675781,72.5842514038086,76.26502227783203,69.12651824951172,72.08609771728516,70.55686950683594,81.484375,4.761904716491699,0,0,0,0,0,33.333335876464844,71.42857360839844,4.545454502105713,0,2.837454080581665,25769803776,2147483648,17894408192,765329408
203,1790454434562,4,4,4,4,4,4,4,4,4,4,70.34492492675781,72.5842514038086,76.26502227783203,69.12651824951172,72.08609771728516,70.55686950683594,81.484375,4.761904716491699,4.545454502105713,0,0,0,0,33.333335876464844,4.545454502105713,0,0,2.837454080581665,25769803776,2147483648,18430787584,765329408
209,1790454434766,4,4,4,4,4,4,4,4,4,4,70.34492492675781,72.5842514038086,76.26502227783203,69.12651824951172,72.08609771728516,70.55686950683594,81.484375,10,5,9.090909004211426,0,0,0,10,0,0,0,2.837454080581665,25769803776,2147483648,18425692160,765329408
209,1790454434976,4,4,4,4,4,4,4,4,4,4,70.34492492675781,72.5842514038086,76.26502227783203,69.12651824951172,72.08609771728516,70.55686950683594,81.484375,9.090909004211426,0,0,0,0,0,4.761904716491699,4.545454502105713,0,0,3.4011664390563965,25769803776,2147483648,18417254400,765329408
209,1790454435186,4,4,4,4,4,4,4,4,4,4,70.34492492675781,72.5842514038086,76.26502227783203,69.12651824951172,72.08609771728516,70.55686950683594,81.484375,0,4.545454502105713,0,0,0,0,4.761904716491699,0,0,0,3.4011664390563965,25769803776,2147483648,18417254400,765329408
209,1790454435396,4,4,4,4,4,4,4,4,4,4,76.10562896728516,73.21576690673828,72.04891967773438,74.06517028808594,64.70433044433594,75.47200012207031,80.796875,0,0,0,0,0,0,4.545454502105713,0,0,0,3.4011664390563965,25769803776,2147483648,18417254400,765329408
202,1790454435606,4,4,4,4,4,4,4,4,4,4,76.10562896728516,73.21576690673828,72.04891967773438,74.06517028808594,64.70433044433594,75.47200012207031,80.796875,0,0,0,4.545454502105713,0,0,0,5,0,0,3.4011664390563965,25769803776,2147483648,18411896832,765329408
201,1790454435808,4,4,4,4,4,4,4,4,4,4,76.10562896728516,73.21576690673828,72.04891967773438,74.06517028808594,64.70433044433594,75.47200012207031,80.796875,4.761904716491699,4.761904716491699,0,4.761904716491699,0,0,0,0,0,0,3.4011664390563965,25769803776,2147483648,18411896832,765329408
202,1790454436010,4,4,4,4,4,4,4,4,4,4,76.10562896728516,73.21576690673828,72.04891967773438,74.06517028808594,64.70433044433594,75.47200012207031,80.796875,0,4.761904716491699,0,0,0,0,4.761904716491699,5,4.761904716491699,0,13.007251739501953,25769803776,2147483648,18399248384,765329408
209,1790454436213,4,4,4,4,4,4,4,4,4,4,76.10562896728516,73.21576690673828,72.04891967773438,74.06517028808594,64.70433044433594,75.47200012207031,80.796875,4.761904716491699,0,0,0,0,0,5,4.761904716491699,0,0,13.007251739501953,25769803776,2147483648,18398756864,765329408
202,1790454436423,4,4,4,4,4,4,4,4,4,4,81.34837341308594,75.77466583251953,75.013427734375,79.01285552978516,68.16877746582031,80.9595718383789,82.203125,0,0,0,0,0,0,5,0,0,0,13.007251739501953,25769803776,2147483648,18398789632,765329408
209,1790454436625,4,4,4,4,4,4,4,4,4,4,81.34837341308594,75.77466583251953,75.013427734375,79.01285552978516,68.16877746582031,80.9595718383789,82.203125,0,0,0,0,0,0,5,0,0,0,13.007251739501953,25769803776,2147483648,18398904320,765329408
209,1790454436835,4,4,4,4,4,4,4,4,4,4,81.34837341308594,75.77466583251953,75.013427734375,79.01285552978516,68.16877746582031,80.9595718383789,82.203125,9.090909004211426,0,0,0,0,0,9.090909004211426,0,0,0,28.85169219970703,25769803776,2147483648,18398871552,765329408
209,1790454437045,4,4,4,4,4,4,4,4,4,4,81.34837341308594,75.77466583251953,75.013427734375,79.01285552978516,68.16877746582031,80.9595718383789,82.203125,0,0,0,0,0,0,4.761904716491699,0,0,0,28.85169219970703,25769803776,2147483648,18398871552,765329408
209,1790454437255,4,4,4,4,4,4,4,4,4,4,81.34837341308594,75.77466583251953,75.013427734375,79.01285552978516,68.16877746582031,80.9595718383789,82.203125,0,0,0,0,0,0,9.090909004211426,0,0,0,28.85169219970703,25769803776,2147483648,18398887936,765329408
209,1790454437465,4,4,4,4,4,4,4,4,4,4,81.41866302490234,77.03932189941406,75.90403747558594,79.19699096679688,68.78451538085938,81.17835998535156,82.4375,4.545454502105713,0,0,0,0,0,5,0,0,0,28.85169219970703,25769803776,2147483648,18398887936,765329408
209,1790454437675,4,4,4,4,4,4,4,4,4,4,81.41866302490234,77.03932189941406,75.90403747558594,79.19699096679688,68.78451538085938,81.17835998535156,82.4375,0,4.545454502105713,0,0,0,0,4.761904716491699,0,4.545454502105713,0,28.85169219970703,25769803776,2147483648,18398937088,765329408
209,1790454437885,4,4,4,4,4,4,4,4,4,4,81.41866302490234,77.03932189941406,75.90403747558594,79.19699096679688,68.78451538085938,81.17835998535156,82.4375,4.545454502105713,0,0,0,0,0,4.761904716491699,4.545454502105713,0,0,23.43300437927246,25769803776,2147483648,18398871552,765329408
203,1790454438095,4,4,4,4,4,4,4,4,4,4,81.41866302490234,77.03932189941406,75.90403747558594,79.19699096679688,68.78451538085938,81.17835998535156,82.4375,0,5,8.69565200805664,0,0,0,5,0,4.545454502105713,0,23.43300437927246,25769803776,2147483648,18399182848,765329408
209,1790454438299,4,4,4,4,4,4,4,4,4,4,81.41866302490234,77.03932189941406,75.90403747558594,79.19699096679688,68.78451538085938,81.17835998535156,82.4375,0,4.761904716491699,0,0,0,0,9.090909004211426,0,0,4.761904716491699,23.43300437927246,25769803776,2147483648,18399133696,765329408
209,1790454438509,4,4,4,4,4,4,4,4,4,4,81.91181945800781,77.9686279296875,76.64273071289063,79.74730682373047,69.7140884399414,81.68636322021484,85.859375,9.523809432983398,4.761904716491699,0,0,0,0,5,4.545454502105713,0,0,23.43300437927246,25769803776,2147483648,18399133696,765329408
209,1790454438719,4,4,4,4,4,4,4,4,4,4,81.91181945800781,77.9686279296875,76.64273071289063,79.74730682373047,69.7140884399414,81.68636322021484,85.859375,0,0,0,0,0,0,0,0,0,0,23.43300437927246,25769803776,2147483648,18399297536,765329408
209,1790454438929,4,4,4,4,4,4,4,4,4,4,81.91181945800781,77.9686279296875,76.64273071289063,79.74730682373047,69.7140884399414,81.68636322021484,85.859375,4.761904716491699,0,0,0,0,0,9.090909004211426,0,0,0,23.46331024169922,25769803776,2147483648,18399297536,765329408
201,1790454439139,4,4,4,4,4,4,4,4,4,4,81.91181945800781,77.9686279296875,76.64273071289063,79.74730682373047,69.7140884399414,81.68636322021484,85.859375,0,0,0,0,0,0,0,0,4.545454502105713,0,23.46331024169922,25769803776,2147483648,18399297536,765329408
209,1790454439340,4,4,4,4,4,4,4,4,4,4,81.02604675292969,77.893310546875,76.694580078125,79.19322204589844,69.79954528808594,80.96224975585938,85.859375,0,0,0,0,0,0,5,0,0,0,23.46331024169922,25769803776,2147483648,18399297536,765329408
209,1790454439550,4,4,4,4,4,4,4,4,4,4,81.02604675292969,77.893310546875,76.694580078125,79.19322204589844,69.79954528808594,80.96224975585938,85.859375,0,0,0,0,0,0,9.090909004211426,0,0,0,23.46331024169922,25769803776,2147483648,18399297536,765329408
209,1790454439760,4,4,4,4,4,4,4,4,4,4,81.02604675292969,77.893310546875,76.694580078125,79.19322204589844,69.79954528808594,80.96224975585938,85.859375,4.545454502105713,0,0,0,0,0,5,0,0,0,23.46331024169922,25769803776,2147483648,18399281152,765329408
209,1790454439970,4,4,4,4,4,4,4,4,4,4,81.02604675292969,77.893310546875,76.694580078125,79.19322204589844,69.79954528808594,80.96224975585938,85.859375,0,9.090909004211426,0,0,4.545454502105713,0,4.761904716491699,4.761904716491699,0,0,20.79037094116211,25769803776,2147483648,18399412224,765329408
209,1790454440180,4,4,4,4,4,4,4,4,4,4,81.02604675292969,77.893310546875,76.694580078125,79.19322204589844,69.79954528808594,80.96224975585938,85.859375,4.545454502105713,0,0,0,0,0,4.761904716491699,0,0,0,20.79037094116211,25769803776,2147483648,18398887936,765329408
209,1790454440390,4,4,4,4,4,4,4,4,4,4,80.15726470947266,77.73455810546875,76.57913208007813,78.69265747070313,69.59712982177734,80.31645202636719,82.203125,0,0,4.545454502105713,0,0,0,4.761904716491699,4.545454502105713,0,0,20.79037094116211,25769803776,2147483648,18398953472,765329408
209,1790454440600,4,4,4,4,4,4,4,4,4,4,80.15726470947266,77.73455810546875,76.57913208007813,78.69265747070313,69.59712982177734,80.31645202636719,82.203125,4.545454502105713,0,0,0,0,0,9.090909004211426,0,8.69565200805664,0,20.79037094116211,25769803776,2147483648,18398953472,765329408
209,1790454440810,4,4,4,4,4,4,4,4,4,4,80.15726470947266,77.73455810546875,76.57913208007813,78.69265747070313,69.59712982177734,80.31645202636719,82.203125,5,0,4.545454502105713,4.761904716491699,0,0,0,0,0,0,20.79037094116211,25769803776,2147483648,18399068160,765329408
209,1790454441020,4,4,4,4,4,4,4,4,4,4,80.15726470947266,77.73455810546875,76.57913208007813,78.69265747070313,69.59712982177734,80.31645202636719,82.203125,0,0,0,0,0,0,9.090909004211426,0,0,4.545454502105713,18.872318267822266,25769803776,2147483648,18399035392,765329408
200,1790454441230,4,4,4,4,4,4,4,4,4,4,80.15726470947266,77.73455810546875,76.57913208007813,78.69265747070313,69.59712982177734,80.31645202636719,82.203125,0,0,0,0,0,0,5,0,0,0,18.872318267822266,25769803776,2147483648,18399068160,765329408
209,1790454441431,4,4,4,4,4,4,4,4,4,4,79.81526947021484,77.48546600341797,76.43041229248047,78.54222869873047,69.39612579345703,80.0801773071289,81.734375,5,5,0,0,0,0,5,0,0,0,18.872318267822266,25769803776,2147483648,18399117312,765329408
209,1790454441641,4,4,4,4,4,4,4,4,4,4,79.81526947021484,77.48546600341797,76.43041229248047,78.54222869873047,69.39612579345703,80.0801773071289,81.734375,33.333335876464844,22.72727394104004,10,14.285715103149414,4.761904716491699,0,19.047618865966797,0,0,0,18.872318267822266,25769803776,2147483648,18402443264,765329408
209,1790454441851,4,4,4,4,4,4,4,4,4,4,79.81526947021484,77.48546600341797,76.43041229248047,78.54222869873047,69.39612579345703,80.0801773071289,81.734375,4.761904716491699,0,0,4.545454502105713,0,0,28.571430206298828,4.761904716491699,0,0,18.1680965423584,25769803776,2147483648,18402672640,765329408
209,1790454442061,4,4,4,4,4,4,4,4,4,4,79.81526947021484,77.48546600341797,76.43041229248047,78.54222869873047,69.39612579345703,80.0801773071289,81.734375,0,0,4.761904716491699,0,0,0,9.090909004211426,4.545454502105713,4.761904716491699,0,18.1680965423584,25769803776,2147483648,18402672640,765329408
204,1790454442271,4,4,4,4,4,4,4,4,4,4,79.81526947021484,77.48546600341797,76.43041229248047,78.54222869873047,69.39612579345703,80.0801773071289,81.734375,4.545454502105713,4.545454502105713,0,0,0,0,0,4.761904716491699,0,0,18.1680965423584,25769803776,2147483648,18402672640,765329408
209,1790454442476,4,4,4,4,4,4,4,4,4,4,80.26856994628906,78.67204284667969,77.24913024902344,78.79090881347656,70.28372192382813,80.48838806152344,84.4375,0,0,4.761904716491699,0,0,0,0,0,4.761904716491699,0,18.1680965423584,25769803776,2147483648,18402672640,765329408
209,1790454442686,4,4,4,4,4,4,4,4,4,4,80.26856994628906,78.67204284667969,77.24913024902344,78.79090881347656,70.28372192382813,80.48838806152344,84.4375,13.636363983154297,0,0,0,0,0,4.545454502105713,9.090909004211426,0,0,18.1680965423584,25769803776,2147483648,18402672640,765329408
209,1790454442896,4,4,4,4,4,4,4,4,4,4,80.26856994628906,78.67204284667969,77.24913024902344,78.79090881347656,70.28372192382813,80.48838806152344,84.4375,5,4.761904716491699,4.761904716491699,0,0,0,4.761904716491699,0,0,0,18.812110900878906,25769803776,2147483648,18403426304,765329408
200,1790454443106,4,4,4,4,4,4,4,4,4,4,80.26856994628906,78.67204284667969,77.24913024902344,78.79090881347656,70.28372192382813,80.48838806152344,84.4375,4.545454502105713,4.761904716491699,0,0,0,0,0,0,0,0,18.812110900878906,25769803776,2147483648,18396889088,765329408
209,1790454443306,4,4,4,4,4,4,4,4,4,4,80.26856994628906,78.67204284667969,77.24913024902344,78.79090881347656,70.28372192382813,80.48838806152344,84.4375,0,0,0,4.761904716491699,0,0,0,5,0,0,18.812110900878906,25769803776,2147483648,18396807168,765329408
203,1790454443516,4,4,4,4,4,4,4,4,4,4,80.6156997680664,77.73258209228516,77.10958862304688,79.03248596191406,70.3922348022461,80.67896270751953,82.4375,4.545454502105713,0,0,0,0,0,0,9.090909004211426,0,0,18.812110900878906,25769803776,2147483648,18396807168,765329408
202,1790454443719,4,4,4,4,4,4,4,4,4,4,80.6156997680664,77.73258209228516,77.10958862304688,79.03248596191406,70.3922348022461,80.67896270751953,82.4375,4.761904716491699,0,0,0,0,0,0,5,0,0,18.812110900878906,25769803776,2147483648,18396807168,765329408
205,1790454443922,4,4,4,4,4,4,4,4,4,4,80.6156997680664,77.73258209228516,77.10958862304688,79.03248596191406,70.3922348022461,80.67896270751953,82.4375,0,0,0,0,0,0,0,9.523809432983398,4.761904716491699,0,18.718589782714844,25769803776,2147483648,18396463104,765329408
203,1790454444128,4,4,4,4,4,4,4,4,4,4,80.6156997680664,77.73258209228516,77.10958862304688,79.03248596191406,70.3922348022461,80.67896270751953,82.4375,4.761904716491699,4.761904716491699,0,0,0,0,0,5,0,0,18.718589782714844,25769803776,2147483648,18390351872,765329408
203,1790454444332,4,4,4,4,4,4,4,4,4,4,81.2077407836914,77.96104431152344,77.77542114257813,79.34819793701172,71.17072296142578,81.09449768066406,85.859375,0,0,0,0,0,0,4.761904716491699,5,0,0,18.718589782714844,25769803776,2147483648,18390351872,765329408
209,1790454444536,4,4,4,4,4,4,4,4,4,4,81.2077407836914,77.96104431152344,77.77542114257813,79.34819793701172,71.17072296142578,81.09449768066406,85.859375,5,0,0,0,0,0,4.761904716491699,9.523809432983398,0,0,18.718589782714844,25769803776,2147483648,18390351872,765329408
203,1790454444746,4,4,4,4,4,4,4,4,4,4,81.2077407836914,77.96104431152344,77.77542114257813,79.34819793701172,71.17072296142578,81.09449768066406,85.859375,0,0,0,0,0,0,0,0,0,0,18.718589782714844,25769803776,2147483648,18390351872,765329408
209,1790454444950,4,4,4,4,4,4,4,4,4,4,81.2077407836914,77.96104431152344,77.77542114257813,79.34819793701172,71.17072296142578,81.09449768066406,85.859375,5,0,0,0,0,0,0,9.523809432983398,0,0,19.407276153564453,25769803776,2147483648,18403377152,765329408
209,1790454445160,4,4,4,4,4,4,4,4,4,4,81.2077407836914,77.96104431152344,77.77542114257813,79.34819793701172,71.17072296142578,81.09449768066406,85.859375,0,0,0,0,0,0,0,4.761904716491699,0,0,19.407276153564453,25769803776,2147483648,18403459072,765329408
203,1790454445370,4,4,4,4,4,4,4,4,4,4,81.63655853271484,78.24427032470703,78.07673645019531,79.7856216430664,71.46060943603516,81.42994689941406,83.390625,9.090909004211426,9.090909004211426,0,0,0,0,0,4.761904716491699,0,0,19.407276153564453,25769803776,2147483648,18403459072,765329408
209,1790454445573,4,4,4,4,4,4,4,4,4,4,81.63655853271484,78.24427032470703,78.07673645019531,79.7856216430664,71.46060943603516,81.42994689941406,83.390625,0,0,0,0,4.761904716491699,0,0,9.523809432983398,0,0,19.407276153564453,25769803776,2147483648,18403459072,765329408
209,1790454445783,4,4,4,4,4,4,4,4,4,4,81.63655853271484,78.24427032470703,78.07673645019531,79.7856216430664,71.46060943603516,81.42994689941406,83.390625,4.761904716491699,0,4.545454502105713,0,0,0,0,5,0,0,19.407276153564453,25769803776,2147483648,18403459072,765329408
209,1790454445994,4,4,4,4,4,4,4,4,4,4,81.63655853271484,78.24427032470703,78.07673645019531,79.7856216430664,71.46060943603516,81.42994689941406,83.390625,0,0,0,0,0,0,4.545454502105713,4.761904716491699,9.090909004211426,0,19.570327758789063,25769803776,2147483648,18390302720,765329408
202,1790454446203,4,4,4,4,4,4,4,4,4,4,81.63655853271484,78.24427032470703,78.07673645019531,79.7856216430664,71.46060943603516,81.42994689941406,83.390625,0,0,0,0,0,0,0,4.761904716491699,0,0,19.570327758789063,25769803776,2147483648,18390302720,765329408
209,1790454446406,4,4,4,4,4,4,4,4,4,4,81.90280151367188,78.47111511230469,78.24654388427734,80.14247131347656,71.57579040527344,81.74678039550781,85.140625,4.761904716491699,0,4.761904716491699,0,0,0,4.761904716491699,5,0,0,19.570327758789063,25769803776,2147483648,18390302720,765329408
209,1790454446616,4,4,4,4,4,4,4,4,4,4,81.90280151367188,78.47111511230469,78.24654388427734,80.14247131347656,71.57579040527344,81.74678039550781,85.140625,0,4.545454502105713,0,0,0,0,0,0,0,0,19.570327758789063,25769803776,2147483648,18390302720,765329408
209,1790454446826,4,4,4,4,4,4,4,4,4,4,81.90280151367188,78.47111511230469,78.24654388427734,80.14247131347656,71.57579040527344,81.74678039550781,85.140625,4.761904716491699,0,0,0,0,0,4.761904716491699,4.761904716491699,0,0,19.570327758789063,25769803776,2147483648,18390302720,765329408
202,1790454447036,4,4,4,4,4,4,4,4,4,4,81.90280151367188,78.47111511230469,78.24654388427734,80.14247131347656,71.57579040527344,81.74678039550781,85.140625,0,0,0,0,4.545454502105713,0,0,4.761904716491699,0,0,19.547094345092773,25769803776,2147483648,18390876160,765329408
209,1790454447239,4,4,4,4,4,4,4,4,4,4,81.90280151367188,78.47111511230469,78.24654388427734,80.14247131347656,71.57579040527344,81.74678039550781,85.140625,9.523809432983398,0,0,0,0,0,0,9.523809432983398,0,0,19.547094345092773,25769803776,2147483648,18390876160,765329408
209,1790454447449,4,4,4,4,4,4,4,4,4,4,82.01872253417969,78.77679443359375,78.42073059082031,80.32221984863281,71.78620910644531,81.94034576416016,84.671875,0,4.761904716491699,0,0,0,0,0,4.761904716491699,0,0,19.547094345092773,25769803776,2147483648,18390892544,765329408
203,1790454447659,4,4,4,4,4,4,4,4,4,4,82.01872253417969,78.77679443359375,78.42073059082031,80.32221984863281,71.78620910644531,81.94034576416016,84.671875,33.333335876464844,33.333335876464844,4.761904716491699,0,0,4.761904716491699,0,4.761904716491699,4.545454502105713,0,19.547094345092773,25769803776,2147483648,18395742208,765329408
209,1790454447863,4,4,4,4,4,4,4,4,4,4,82.01872253417969,78.77679443359375,78.42073059082031,80.32221984863281,71.78620910644531,81.94034576416016,84.671875,15.789472579956055,23.809524536132813,5,0,0,0,0,5,0,0,19.5303897857666,25769803776,2147483648,18396545024,765329408
209,1790454448073,4,4,4,4,4,4,4,4,4,4,82.01872253417969,78.77679443359375,78.42073059082031,80.32221984863281,71.78620910644531,81.94034576416016,84.671875,9.090909004211426,0,0,0,0,0,4.545454502105713,5,0,0,19.5303897857666,25769803776,2147483648,18396610560,765329408
209,1790454448283,4,4,4,4,4,4,4,4,4,4,82.01872253417969,78.77679443359375,78.42073059082031,80.32221984863281,71.78620910644531,81.94034576416016,84.671875,0,0,0,0,0,0,0,9.090909004211426,0,0,19.5303897857666,25769803776,2147483648,18396299264,765329408
209,1790454448493,4,4,4,4,4,4,4,4,4,4,82.14506530761719,78.83963012695313,78.70494842529297,80.43899536132813,72.1272201538086,82.15554809570313,84.09375,4.761904716491699,0,0,4.761904716491699,0,0,0,4.761904716491699,0,0,19.5303897857666,25769803776,2147483648,18396299264,765329408
204,1790454448703,4,4,4,4,4,4,4,4,4,4,82.14506530761719,78.83963012695313,78.70494842529297,80.43899536132813,72.1272201538086,82.15554809570313,84.09375,5,9.090909004211426,4.545454502105713,0,0,0,0,9.523809432983398,0,4.545454502105713,19.5303897857666,25769803776,2147483648,18396299264,765329408
202,1790454448908,4,4,4,4,4,4,4,4,4,4,82.14506530761719,78.83963012695313,78.70494842529297,80.43899536132813,72.1272201538086,82.15554809570313,84.09375,4.761904716491699,0,0,0,0,0,0,4.761904716491699,4.761904716491699,0,19.753257751464844,25769803776,2147483648,18396299264,765329408
202,1790454449110,4,4,4,4,4,4,4,4,4,4,82.14506530761719,78.83963012695313,78.70494842529297,80.43899536132813,72.1272201538086,82.15554809570313,84.09375,0,0,0,0,0,0,4.761904716491699,5,0,0,19.753257751464844,25769803776,2147483648,18396413952,765329408
209,1790454449312,4,4,4,4,4,4,4,4,4,4,82.14506530761719,78.83963012695313,78.70494842529297,80.43899536132813,72.1272201538086,82.15554809570313,84.09375,0,0,0,0,0,0,0,10,4.761904716491699,0,19.753257751464844,25769803776,2147483648,18396528640,765329408
209,1790454449522,4,4,4,4,4,4,4,4,4,4,82.32408142089844,78.97940826416016,78.93838500976563,80.68279266357422,72.41119384765625,82.37142181396484,87.859375,38.095237731933594,4.761904716491699,4.761904716491699,0,0,0,0,0,0,0,19.753257751464844,25769803776,2147483648,18396577792,765329408
209,1790454449732,4,4,4,4,4,4,4,4,4,4,82.32408142089844,78.97940826416016,78.93838500976563,80.68279266357422,72.41119384765625,82.37142181396484,87.859375,33.333335876464844,0,0,4.545454502105713,0,0,0,9.090909004211426,0,0,19.753257751464844,25769803776,2147483648,18396577792,765329408
209,1790454449942,4,4,4,4,4,4,4,4,4,4,82.32408142089844,78.97940826416016,78.93838500976563,80.68279266357422,72.41119384765625,82.37142181396484,87.859375,4.761904716491699,0,0,0,0,0,0,4.761904716491699,0,0,19.577238082885742,25769803776,2147483648,18396594176,765329408
209,1790454450152,4,4,4,4,4,4,4,4,4,4,82.32408142089844,78.97940826416016,78.93838500976563,80.68279266357422,72.41119384765625,82.37142181396484,87.859375,0,0,0,0,0,4.545454502105713,0,9.523809432983398,0,0,19.577238082885742,25769803776,2147483648,18396545024,765329408
207,1790454450362,4,4,4,4,4,4,4,4,4,4,82.4375228881836,79.17118072509766,79.02655029296875,80.83268737792969,72.43036651611328,82.45568084716797,84.09375,4.545454502105713,4.545454502105713,0,0,0,0,0,4.761904716491699,0,0,19.577238082885742,25769803776,2147483648,18396413952,765329408
209,1790454450570,4,4,4,4,4,4,4,4,4,4,82.4375228881836,79.17118072509766,79.02655029296875,80.83268737792969,72.43036651611328,82.45568084716797,84.09375,0,0,0,0,0,0,0,0,0,0,19.577238082885742,25769803776,2147483648,18398232576,765329408
201,1790454450780,4,4,4,4,4,4,4,4,4,4,82.4375228881836,79.17118072509766,79.02655029296875,80.83268737792969,72.43036651611328,82.45568084716797,84.09375,4.761904716491699,4.545454502105713,0,0,0,0,4.545454502105713,4.761904716491699,0,0,19.577238082885742,25769803776,2147483648,18396266496,765329408
209,1790454450981,4,4,4,4,4,4,4,4,4,4,82.4375228881836,79.17118072509766,79.02655029296875,80.83268737792969,72.43036651611328,82.45568084716797,84.09375,4.761904716491699,0,0,0,0,0,4.761904716491699,5,0,0,19.69870948791504,25769803776,2147483648,18396413952,765329408
202,1790454451191,4,4,4,4,4,4,4,4,4,4,82.4375228881836,79.17118072509766,79.02655029296875,80.83268737792969,72.43036651611328,82.45568084716797,84.09375,0,0,0,0,0,0,0,4.761904716491699,4.545454502105713,0,19.69870948791504,25769803776,2147483648,18396610560,765329408
200,1790454451394,4,4,4,4,4,4,4,4,4,4,82.72783660888672,79.35787963867188,79.33538818359375,81.07770538330078,72.81233215332031,82.72229766845703,87.5,5,0,4.761904716491699,0,0,0,0,9.523809432983398,0,0,19.69870948791504,25769803776,2147483648,18396610560,765329408
202,1790454451595,4,4,4,4,4,4,4,4,4,4,82.72783660888672,79.35787963867188,79.33538818359375,81.07770538330078,72.81233215332031,82.72229766845703,87.5,0,0,0,0,0,0,0,5,0,0,19.69870948791504,25769803776,2147483648,18396610560,765329408
209,1790454451798,4,4,4,4,4,4,4,4,4,4,82.72783660888672,79.35787963867188,79.33538818359375,81.07770538330078,72.81233215332031,82.72229766845703,87.5,4.761904716491699,0,0,0,0,0,0,9.523809432983398,0,4.545454502105713,19.69870948791504,25769803776,2147483648,18396610560,765329408
209,1790454452008,4,4,4,4,4,4,4,4,4,4,82.72783660888672,79.35787963867188,79.33538818359375,81.07770538330078,72.81233215332031,82.72229766845703,87.5,0,4.761904716491699,0,0,4.545454502105713,0,0,5,0,0,19.767915725708008,25769803776,2147483648,18396610560,765329408
209,1790454452218,4,4,4,4,4,4,4,4,4,4,82.72783660888672,79.35787963867188,79.33538818359375,81.07770538330078,72.81233215332031,82.72229766845703,87.5,0,0,0,0,0,0,0,9.090909004211426,0,0,19.767915725708008,25769803776,2147483648,18396102656,765329408
209,1790454452428,4,4,4,4,4,4,4,4,4,4,82.85596466064453,79.53165435791016,79.3998031616211,81.2063217163086,72.79254913330078,82.81327056884766,85.03125,4.545454502105713,0,4.545454502105713,0,0,0,0,0,0,0,19.767915725708008,25769803776,2147483648,18396102656,765329408
209,1790454452638,4,4,4,4,4,4,4,4,4,4,82.85596466064453,79.53165435791016,79.3998031616211,81.2063217163086,72.79254913330078,82.81327056884766,85.03125,0,0,0,0,0,0,0,9.523809432983398,4.545454502105713,0,19.767915725708008,25769803776,2147483648,18396168192,765329408
209,1790454452848,4,4,4,4,4,4,4,4,4,4,82.85596466064453,79.53165435791016,79.3998031616211,81.2063217163086,72.79254913330078,82.81327056884766,85.03125,8.69565200805664,0,0,0,0,0,0,4.761904716491699,0,0,19.618881225585938,25769803776,2147483648,18396053504,765329408
209,1790454453058,4,4,4,4,4,4,4,4,4,4,82.85596466064453,79.53165435791016,79.3998031616211,81.2063217163086,72.79254913330078,82.81327056884766,85.03125,0,4.761904716491699,0,0,0,0,0,4.761904716491699,4.545454502105713,0,19.618881225585938,25769803776,2147483648,18396053504,765329408
206,1790454453268,4,4,4,4,4,4,4,4,4,4,82.85596466064453,79.53165435791016,79.3998031616211,81.2063217163086,72.79254913330078,82.81327056884766,85.03125,0,0,0,0,4.545454502105713,0,4.545454502105713,9.090909004211426,0,0,19.618881225585938,25769803776,2147483648,18396233728,765329408
209,1790454453475,4,4,4,4,4,4,4,4,4,4,83.0718765258789,79.7231216430664,79.70687866210938,81.43202209472656,73.12378692626953,82.99307250976563,86.09375,4.761904716491699,0,0,0,0,0,0,5,0,0,19.618881225585938,25769803776,2147483648,18396233728,765329408
209,1790454453685,4,4,4,4,4,4,4,4,4,4,83.0718765258789,79.7231216430664,79.70687866210938,81.43202209472656,73.12378692626953,82.99307250976563,86.09375,0,4.545454502105713,0,0,0,0,4.545454502105713,9.090909004211426,0,0,19.618881225585938,25769803776,2147483648,18396233728,765329408
209,1790454453895,4,4,4,4,4,4,4,4,4,4,83.0718765258789,79.7231216430664,79.70687866210938,81.43202209472656,73.12378692626953,82.99307250976563,86.09375,4.545454502105713,0,0,0,0,0,0,0,0,0,19.835487365722656,25769803776,2147483648,18395971584,765329408
209,1790454454105,4,4,4,4,4,4,4,4,4,4,83.0718765258789,79.7231216430664,79.70687866210938,81.43202209472656,73.12378692626953,82.99307250976563,86.09375,5,0,0,0,0,0,0,9.090909004211426,0,0,19.835487365722656,25769803776,2147483648,18396266496,765329408
201,1790454454315,4,4,4,4,4,4,4,4,4,4,83.0718765258789,79.7231216430664,79.70687866210938,81.43202209472656,73.12378692626953,82.99307250976563,86.09375,0,0,0,0,0,0,0,4.761904716491699,0,0,19.835487365722656,25769803776,2147483648,18396168192,765329408
209,1790454454517,4,4,4,4,4,4,4,4,4,4,83.211181640625,79.81647491455078,79.82603454589844,81.60147857666016,73.24225616455078,83.1263198852539,85.625,4.761904716491699,0,0,0,0,0,0,5,0,0,19.835487365722656,25769803776,2147483648,18396069888,765329408
209,1790454454727,4,4,4,4,4,4,4,4,4,4,83.211181640625,79.81647491455078,79.82603454589844,81.60147857666016,73.24225616455078,83.1263198852539,85.625,0,0,0,0,0,0,0,9.523809432983398,0,0,19.835487365722656,25769803776,2147483648,18396119040,765329408
201,1790454454937,4,4,4,4,4,4,4,4,4,4,83.211181640625,79.81647491455078,79.82603454589844,81.60147857666016,73.24225616455078,83.1263198852539,85.625,4.545454502105713,0,0,0,0,0,0,0,0,0,19.801054000854492,25769803776,2147483648,18396987392,765329408
209,1790454455138,4,4,4,4,4,4,4,4,4,4,83.211181640625,79.81647491455078,79.82603454589844,81.60147857666016,73.24225616455078,83.1263198852539,85.625,0,0,0,0,0,0,0,5,0,0,19.801054000854492,25769803776,2147483648,18396987392,765329408
209,1790454455348,4,4,4,4,4,4,4,4,4,4,83.36708068847656,79.94049835205078,79.8389663696289,81.72356414794922,73.16109466552734,83.3068618774414,84.796875,0,8.69565200805664,0,0,0,0,0,9.090909004211426,9.090909004211426,0,19.801054000854492,25769803776,2147483648,18389827584,765329408
209,1790454455558,4,4,4,4,4,4,4,4,4,4,83.36708068847656,79.94049835205078,79.8389663696289,81.72356414794922,73.16109466552734,83.3068618774414,84.796875,4.761904716491699,0,0,0,0,0,4.545454502105713,0,0,0,19.801054000854492,25769803776,2147483648,18389843968,765329408
209,1790454455768,4,4,4,4,4,4,4,4,4,4,83.36708068847656,79.94049835205078,79.8389663696289,81.72356414794922,73.16109466552734,83.3068618774414,84.796875,0,0,0,0,0,0,0,4.761904716491699,0,0,19.801054000854492,25769803776,2147483648,18389843968,765329408
209,1790454455978,4,4,4,4,4,4,4,4,4,4,83.36708068847656,79.94049835205078,79.8389663696289,81.72356414794922,73.16109466552734,83.3068618774414,84.796875,0,0,0,0,0,0,4.545454502105713,9.090909004211426,0,0,19.798389434814453,25769803776,2147483648,18389843968,765329408
203,1790454456188,4,4,4,4,4,4,4,4,4,4,83.36708068847656,79.94049835205078,79.8389663696289,81.72356414794922,73.16109466552734,83.3068618774414,84.796875,4.545454502105713,0,0,0,0,0,0,4.761904716491699,0,0,19.798389434814453,25769803776,2147483648,18389843968,765329408
209,1790454456392,4,4,4,4,4,4,4,4,4,4,83.49545288085938,80.11724853515625,80.0279312133789,81.84687042236328,73.45158386230469,83.42670440673828,89.03125,0,0,0,0,0,0,0,9.523809432983398,0,0,19.798389434814453,25769803776,2147483648,18389352448,765329408
209,1790454456602,4,4,4,4,4,4,4,4,4,4,83.49545288085938,80.11724853515625,80.0279312133789,81.84687042236328,73.45158386230469,83.42670440673828,89.03125,0,0,0,0,0,0,0,5,0,0,19.798389434814453,25769803776,2147483648,18389303296,765329408
209,1790454456812,4,4,4,4,4,4,4,4,4,4,83.49545288085938,80.11724853515625,80.0279312133789,81.84687042236328,73.45158386230469,83.42670440673828,89.03125,4.545454502105713,0,0,0,0,0,0,9.090909004211426,0,0,19.798389434814453,25769803776,2147483648,18389352448,765329408
209,1790454457022,4,4,4,4,4,4,4,4,4,4,83.49545288085938,80.11724853515625,80.0279312133789,81.84687042236328,73.45158386230469,83.42670440673828,89.03125,0,4.545454502105713,4.761904716491699,0,0,0,0,0,0,0,19.687641143798828,25769803776,2147483648,18389336064,765329408
209,1790454457232,4,4,4,4,4,4,4,4,4,4,83.49545288085938,80.11724853515625,80.0279312133789,81.84687042236328,73.45158386230469,83.42670440673828,89.03125,9.090909004211426,0,4.545454502105713,0,0,0,0,4.761904716491699,4.545454502105713,0,19.687641143798828,25769803776,2147483648,18389237760,765329408
209,1790454457442,4,4,4,4,4,4,4,4,4,4,83.65336608886719,80.18413543701172,80.01592254638672,81.98902130126953,73.45441436767578,83.55928039550781,85.03125,0,0,0,0,0,0,0,9.523809432983398,0,0,19.687641143798828,25769803776,2147483648,18389303296,765329408
209,1790454457652,4,4,4,4,4,4,4,4,4,4,83.65336608886719,80.18413543701172,80.01592254638672,81.98902130126953,73.45441436767578,83.55928039550781,85.03125,4.761904716491699,0,0,0,0,0,4.761904716491699,4.761904716491699,0,0,19.687641143798828,25769803776,2147483648,18389254144,765329408
201,1790454457862,4,4,4,4,4,4,4,4,4,4,83.65336608886719,80.18413543701172,80.01592254638672,81.98902130126953,73.45441436767578,83.55928039550781,85.03125,0,0,0,0,0,0,0,9.523809432983398,0,0,19.813154220581055,25769803776,2147483648,18389286912,765329408
209,1790454458064,4,4,4,4,4,4,4,4,4,4,83.65336608886719,80.18413543701172,80.01592254638672,81.98902130126953,73.45441436767578,83.55928039550781,85.03125,5,0,0,0,0,0,0,5,4.761904716491699,0,19.813154220581055,25769803776,2147483648,18375786496,765329408
209,1790454458274,4,4,4,4,4,4,4,4,4,4,83.65336608886719,80.18413543701172,80.01592254638672,81.98902130126953,73.45441436767578,83.55928039550781,85.03125,0,4.545454502105713,0,4.761904716491699,4.545454502105713,0,0,9.090909004211426,0,0,19.813154220581055,25769803776,2147483648,18375786496,765329408
204,1790454458484,4,4,4,4,4,4,4,4,4,4,83.750732421875,80.34632873535156,80.25582885742188,82.10159301757813,73.77547454833984,83.71517181396484,85.265625,4.761904716491699,4.761904716491699,0,0,0,0,4.545454502105713,0,0,0,19.813154220581055,25769803776,2147483648,18368266240,765329408
209,1790454458688,4,4,4,4,4,4,4,4,4,4,83.750732421875,80.34632873535156,80.25582885742188,82.10159301757813,73.77547454833984,83.71517181396484,85.265625,0,0,0,0,0,0,0,9.523809432983398,0,0,19.813154220581055,25769803776,2147483648,18368282624,765329408
209,1790454458898,4,4,4,4,4,4,4,4,4,4,83.750732421875,80.34632873535156,80.25582885742188,82.10159301757813,73.77547454833984,83.71517181396484,85.265625,0,0,0,0,0,0,0,4.761904716491699,0,0,19.91896629333496,25769803776,2147483648,18368282624,765329408
209,1790454459108,4,4,4,4,4,4,4,4,4,4,83.750732421875,80.34632873535156,80.25582885742188,82.10159301757813,73.77547454833984,83.71517181396484,85.265625,4.545454502105713,0,0,0,0,0,0,5,4.545454502105713,0,19.91896629333496,25769803776,2147483648,18368282624,765329408
202,1790454459318,4,4,4,4,4,4,4,4,4,4,83.750732421875,80.34632873535156,80.25582885742188,82.10159301757813,73.77547454833984,83.71517181396484,85.265625,0,0,0,0,0,0,0,9.090909004211426,0,0,19.91896629333496,25769803776,2147483648,18368282624,765329408
209,1790454459520,4,4,4,4,4,4,4,4,4,4,83.83467864990234,80.371826171875,80.24104309082031,82.1849594116211,73.77741241455078,83.85444641113281,88.671875,0,0,0,4.761904716491699,0,0,4.761904716491699,0,0,0,19.91896629333496,25769803776,2147483648,18367971328,765329408
209,1790454459730,4,4,4,4,4,4,4,4,4,4,83.83467864990234,80.371826171875,80.24104309082031,82.1849594116211,73.77741241455078,83.85444641113281,88.671875,4.545454502105713,0,0,0,0,0,0,0,0,0,19.91896629333496,25769803776,2147483648,18368167936,765329408
209,1790454459940,4,4,4,4,4,4,4,4,4,4,83.83467864990234,80.371826171875,80.24104309082031,82.1849594116211,73.77741241455078,83.85444641113281,88.671875,4.761904716491699,4.545454502105713,4.761904716491699,0,0,0,0,5,0,0,19.724159240722656,25769803776,2147483648,18368135168,765329408
206,1790454460150,4,4,4,4,4,4,4,4,4,4,83.83467864990234,80.371826171875,80.24104309082031,82.1849594116211,73.77741241455078,83.85444641113281,88.671875,0,0,0,0,0,0,4.545454502105713,9.090909004211426,0,0,19.724159240722656,25769803776,2147483648,18368004096,765329408
209,1790454460357,4,4,4,4,4,4,4,4,4,4,84.00537109375,80.62036895751953,80.18569946289063,82.2938003540039,73.59677124023438,84.01871490478516,85.5,4.761904716491699,0,0,0,0,0,4.761904716491699,5,0,0,19.724159240722656,25769803776,2147483648,18368135168,765329408
209,1790454460567,4,4,4,4,4,4,4,4,4,4,84.00537109375,80.62036895751953,80.18569946289063,82.2938003540039,73.59677124023438,84.01871490478516,85.5,0,0,0,0,0,0,0,4.761904716491699,4.761904716491699,0,19.724159240722656,25769803776,2147483648,18368135168,765329408
207,1790454460777,4,4,4,4,4,4,4,4,4,4,84.00537109375,80.62036895751953,80.18569946289063,82.2938003540039,73.59677124023438,84.01871490478516,85.5,0,0,0,0,0,0,0,4.761904716491699,0,0,19.724159240722656,25769803776,2147483648,18368135168,765329408
209,1790454460985,4,4,4,4,4,4,4,4,4,4,84.00537109375,80.62036895751953,80.18569946289063,82.2938003540039,73.59677124023438,84.01871490478516,85.5,4.761904716491699,0,0,0,0,0,0,9.523809432983398,0,0,19.795957565307617,25769803776,2147483648,18368135168,765329408
209,1790454461195,4,4,4,4,4,4,4,4,4,4,84.00537109375,80.62036895751953,80.18569946289063,82.2938003540039,73.59677124023438,84.01871490478516,85.5,0,0,0,0,0,0,0,4.761904716491699,4.761904716491699,0,19.795957565307617,25769803776,2147483648,18368135168,765329408
209,1790454461405,4,4,4,4,4,4,4,4,4,4,84.10663604736328,80.62358093261719,80.41942596435547,82.45956420898438,73.97492980957031,84.12931823730469,89.03125,4.545454502105713,8.69565200805664,0,0,0,0,0,4.761904716491699,0,0,19.795957565307617,25769803776,2147483648,18368135168,765329408
209,1790454461615,4,4,4,4,4,4,4,4,4,4,84.10663604736328,80.62358093261719,80.41942596435547,82.45956420898438,73.97492980957031,84.12931823730469,89.03125,0,0,0,0,0,0,0,9.523809432983398,0,0,19.795957565307617,25769803776,2147483648,18368069632,765329408
209,1790454461825,4,4,4,4,4,4,4,4,4,4,84.10663604736328,80.62358093261719,80.41942596435547,82.45956420898438,73.97492980957031,84.12931823730469,89.03125,0,0,0,0,0,0,0,4.761904716491699,0,0,19.795957565307617,25769803776,2147483648,18368020480,765329408
209,1790454462035,4,4,4,4,4,4,4,4,4,4,84.10663604736328,80.62358093261719,80.41942596435547,82.45956420898438,73.97492980957031,84.12931823730469,89.03125,4.761904716491699,0,0,0,0,0,0,9.090909004211426,0,4.545454502105713,19.885854721069336,25769803776,2147483648,18368020480,765329408
209,1790454462245,4,4,4,4,4,4,4,4,4,4,84.10663604736328,80.62358093261719,80.41942596435547,82.45956420898438,73.97492980957031,84.12931823730469,89.03125,0,0,0,0,0,0,0,0,0,0,19.885854721069336,25769803776,2147483648,18368004096,765329408
206,1790454462455,4,4,4,4,4,4,4,4,4,4,84.16259002685547,80.64790344238281,80.42866516113281,82.56010437011719,73.87614440917969,84.15394592285156,87.96875,0,0,0,0,0,0,0,9.090909004211426,0,0,19.885854721069336,25769803776,2147483648,18368053248,765329408
209,1790454462662,4,4,4,4,4,4,4,4,4,4,84.16259002685547,80.64790344238281,80.42866516113281,82.56010437011719,73.87614440917969,84.15394592285156,87.96875,4.761904716491699,0,0,0,0,0,4.761904716491699,5,0,0,19.885854721069336,25769803776,2147483648,18368102400,765329408
209,1790454462872,4,4,4,4,4,4,4,4,4,4,84.16259002685547,80.64790344238281,80.42866516113281,82.56010437011719,73.87614440917969,84.15394592285156,87.96875,4.761904716491699,4.761904716491699,0,0,0,0,0,9.090909004211426,4.545454502105713,0,19.856935501098633,25769803776,2147483648,18368167936,765329408
209,1790454463082,4,4,4,4,4,4,4,4,4,4,84.16259002685547,80.64790344238281,80.42866516113281,82.56010437011719,73.87614440917969,84.15394592285156,87.96875,4.545454502105713,0,4.545454502105713,0,0,0,0,4.761904716491699,0,0,19.856935501098633,25769803776,2147483648,18368167936,765329408
209,1790454463292,4,4,4,4,4,4,4,4,4,4,84.16259002685547,80.64790344238281,80.42866516113281,82.56010437011719,73.87614440917969,84.15394592285156,87.96875,0,0,0,0,0,0,0,4.761904716491699,4.545454502105713,0,19.856935501098633,25769803776,2147483648,18368167936,765329408
209,1790454463501,4,4,4,4,4,4,4,4,4,4,84.31221771240234,80.7579574584961,80.61576080322266,82.65045928955078,74.10054016113281,84.21675872802734,88.203125,4.545454502105713,0,0,0,0,0,0,5,0,0,19.856935501098633,25769803776,2147483648,18368167936,765329408
209,1790454463711,4,4,4,4,4,4,4,4,4,4,84.31221771240234,80.7579574584961,80.61576080322266,82.65045928955078,74.10054016113281,84.21675872802734,88.203125,0,0,0,0,4.545454502105713,0,0,4.761904716491699,0,0,19.856935501098633,25769803776,2147483648,18367954944,765329408
203,1790454463921,4,4,4,4,4,4,4,4,4,4,84.31221771240234,80.7579574584961,80.61576080322266,82.65045928955078,74.10054016113281,84.21675872802734,88.203125,0,0,4.545454502105713,0,0,0,0,9.090909004211426,0,0,19.882905960083008,25769803776,2147483648,18367397888,765329408
209,1790454464125,4,4,4,4,4,4,4,4,4,4,84.31221771240234,80.7579574584961,80.61576080322266,82.65045928955078,74.10054016113281,84.21675872802734,88.203125,9.523809432983398,4.761904716491699,0,0,0,4.761904716491699,0,0,0,0,19.882905960083008,25769803776,2147483648,18367561728,765329408
209,1790454464335,4,4,4,4,4,4,4,4,4,4,84.4000015258789,80.8511734008789,80.46487426757813,82.75198364257813,73.79606628417969,84.23530578613281,85.96875,5,4.761904716491699,0,4.545454502105713,0,0,9.523809432983398,0,0,0,19.882905960083008,25769803776,2147483648,18368577536,765329408
209,1790454464545,4,4,4,4,4,4,4,4,4,4,84.4000015258789,80.8511734008789,80.46487426757813,82.75198364257813,73.79606628417969,84.23530578613281,85.96875,0,0,0,0,0,0,0,5,0,0,19.882905960083008,25769803776,2147483648,18368577536,765329408
209,1790454464755,4,4,4,4,4,4,4,4,4,4,84.4000015258789,80.8511734008789,80.46487426757813,82.75198364257813,73.79606628417969,84.23530578613281,85.96875,0,0,9.090909004211426,0,0,0,0,9.090909004211426,0,0,19.882905960083008,25769803776,2147483648,18368020480,765329408
209,1790454464965,4,4,4,4,4,4,4,4,4,4,84.4000015258789,80.8511734008789,80.46487426757813,82.75198364257813,73.79606628417969,84.23530578613281,85.96875,8.69565200805664,0,14.285715103149414,0,0,0,0,4.761904716491699,4.545454502105713,0,19.800926208496094,25769803776,2147483648,18367774720,765329408
209,1790454465175,4,4,4,4,4,4,4,4,4,4,84.4000015258789,80.8511734008789,80.46487426757813,82.75198364257813,73.79606628417969,84.23530578613281,85.96875,0,0,0,0,4.545454502105713,0,0,4.761904716491699,4.761904716491699,0,19.800926208496094,25769803776,2147483648,18367578112,765329408
209,1790454465385,4,4,4,4,4,4,4,4,4,4,84.59546661376953,80.84569549560547,80.74470520019531,82.8658218383789,74.18171691894531,84.34144592285156,85.96875,4.761904716491699,8.69565200805664,0,0,0,0,4.545454502105713,4.761904716491699,0,0,19.800926208496094,25769803776,2147483648,18367873024,765329408
209,1790454465595,4,4,4,4,4,4,4,4,4,4,84.59546661376953,80.84569549560547,80.74470520019531,82.8658218383789,74.18171691894531,84.34144592285156,85.96875,0,0,0,0,0,0,0,4.761904716491699,0,0,19.800926208496094,25769803776,2147483648,18367873024,765329408
209,1790454465805,4,4,4,4,4,4,4,4,4,4,84.59546661376953,80.84569549560547,80.74470520019531,82.8658218383789,74.18171691894531,84.34144592285156,85.96875,0,0,0,0,0,0,0,9.523809432983398,0,4.545454502105713,19.800926208496094,25769803776,2147483648,18367889408,765329408
209,1790454466015,4,4,4,4,4,4,4,4,4,4,84.59546661376953,80.84569549560547,80.74470520019531,82.8658218383789,74.18171691894531,84.34144592285156,85.96875,4.545454502105713,0,0,0,0,0,0,0,0,0,19.892784118652344,25769803776,2147483648,18367971328,765329408
209,1790454466225,4,4,4,4,4,4,4,4,4,4,84.59546661376953,80.84569549560547,80.74470520019531,82.8658218383789,74.18171691894531,84.34144592285156,85.96875,0,0,0,0,0,0,0,4.761904716491699,4.545454502105713,0,19.892784118652344,25769803776,2147483648,18367971328,765329408
209,1790454466435,4,4,4,4,4,4,4,4,4,4,84.67145538330078,80.8967514038086,80.63946533203125,82.9237060546875,74.00225830078125,84.34739685058594,85.96875,4.761904716491699,0,0,0,0,0,4.545454502105713,9.090909004211426,0,0,19.892784118652344,25769803776,2147483648,18367971328,765329408
209,1790454466645,4,4,4,4,4,4,4,4,4,4,84.67145538330078,80.8967514038086,80.63946533203125,82.9237060546875,74.00225830078125,84.34739685058594,85.96875,4.761904716491699,0,4.761904716491699,0,0,0,0,4.761904716491699,0,0,19.892784118652344,25769803776,2147483648,18367971328,765329408
209,1790454466855,4,4,4,4,4,4,4,4,4,4,84.67145538330078,80.8967514038086,80.63946533203125,82.9237060546875,74.00225830078125,84.34739685058594,85.96875,4.545454502105713,4.761904716491699,0,0,0,0,0,4.761904716491699,4.545454502105713,0,19.793901443481445,25769803776,2147483648,18368184320,765329408
209,1790454467065,4,4,4,4,4,4,4,4,4,4,84.67145538330078,80.8967514038086,80.63946533203125,82.9237060546875,74.00225830078125,84.34739685058594,85.96875,0,0,0,0,0,0,0,4.761904716491699,0,0,19.793901443481445,25769803776,2147483648,18368184320,765329408
209,1790454467275,4,4,4,4,4,4,4,4,4,4,84.67145538330078,80.8967514038086,80.63946533203125,82.9237060546875,74.00225830078125,84.34739685058594,85.96875,4.545454502105713,0,0,4.545454502105713,0,0,0,4.761904716491699,0,0,19.793901443481445,25769803776,2147483648,18368184320,765329408
202,1790454467485,4,4,4,4,4,4,4,4,4,4,84.72573852539063,81.02084350585938,80.82071685791016,82.9825668334961,74.24519348144531,84.37975311279297,89.375,0,0,0,0,0,0,0,5,4.545454502105713,0,19.793901443481445,25769803776,2147483648,18368184320,765329408
209,1790454467687,4,4,4,4,4,4,4,4,4,4,84.72573852539063,81.02084350585938,80.82071685791016,82.9825668334961,74.24519348144531,84.37975311279297,89.375,0,0,0,0,0,0,4.761904716491699,4.761904716491699,0,0,19.793901443481445,25769803776,2147483648,18368184320,765329408
205,1790454467897,4,4,4,4,4,4,4,4,4,4,84.72573852539063,81.02084350585938,80.82071685791016,82.9825668334961,74.24519348144531,84.37975311279297,89.375,4.761904716491699,0,0,0,0,0,0,4.761904716491699,0,0,19.82246208190918,25769803776,2147483648,18368217088,765329408
200,1790454468103,4,4,4,4,4,4,4,4,4,4,84.72573852539063,81.02084350585938,80.82071685791016,82.9825668334961,74.24519348144531,84.37975311279297,89.375,0,4.545454502105713,0,0,0,0,9.090909004211426,0,0,0,19.82246208190918,25769803776,2147483648,18368217088,765329408
202,1790454468303,4,4,4,4,4,4,4,4,4,4,84.72573852539063,81.02084350585938,80.82071685791016,82.9825668334961,74.24519348144531,84.37975311279297,89.375,0,4.761904716491699,4.761904716491699,0,0,0,0,5.263157844543457,0,0,19.82246208190918,25769803776,2147483648,18368217088,765329408
202,1790454468506,4,4,4,4,4,4,4,4,4,4,84.68159484863281,81.15867614746094,80.7085189819336,82.96610260009766,73.9802474975586,84.30349731445313,89.140625,5,0,0,0,0,0,0,9.523809432983398,0,0,19.82246208190918,25769803776,2147483648,18368217088,765329408
209,1790454468708,4,4,4,4,4,4,4,4,4,4,84.68159484863281,81.15867614746094,80.7085189819336,82.96610260009766,73.9802474975586,84.30349731445313,89.140625,0,0,0,0,0,0,0,5,0,0,19.82246208190918,25769803776,2147483648,18368217088,765329408
207,1790454468918,4,4,4,4,4,4,4,4,4,4,84.68159484863281,81.15867614746094,80.7085189819336,82.96610260009766,73.9802474975586,84.30349731445313,89.140625,4.545454502105713,0,0,0,0,0,0,0,0,0,19.721403121948242,25769803776,2147483648,18368004096,765329408
209,1790454469126,4,4,4,4,4,4,4,4,4,4,84.68159484863281,81.15867614746094,80.7085189819336,82.96610260009766,73.9802474975586,84.30349731445313,89.140625,0,0,0,0,0,0,0,9.523809432983398,0,0,19.721403121948242,25769803776,2147483648,18368004096,765329408
209,1790454469336,4,4,4,4,4,4,4,4,4,4,84.8003158569336,81.14854431152344,80.99690246582031,83.03874969482422,74.40680694580078,84.38937377929688,89.375,0,0,0,0,0,0,0,4.761904716491699,0,0,19.721403121948242,25769803776,2147483648,18367725568,765329408
209,1790454469546,4,4,4,4,4,4,4,4,4,4,84.8003158569336,81.14854431152344,80.99690246582031,83.03874969482422,74.40680694580078,84.38937377929688,89.375,9.090909004211426,0,0,0,0,0,0,9.090909004211426,9.090909004211426,0,19.721403121948242,25769803776,2147483648,18367840256,765329408
207,1790454469756,4,4,4,4,4,4,4,4,4,4,84.8003158569336,81.14854431152344,80.99690246582031,83.03874969482422,74.40680694580078,84.38937377929688,89.375,0,4.545454502105713,0,0,0,0,0,4.761904716491699,0,0,19.721403121948242,25769803776,2147483648,18367840256,765329408
209,1790454469963,4,4,4,4,4,4,4,4,4,4,84.8003158569336,81.14854431152344,80.99690246582031,83.03874969482422,74.40680694580078,84.38937377929688,89.375,0,0,0,0,0,0,4.545454502105713,5,0,0,19.821855545043945,25769803776,2147483648,18367660032,765329408
202,1790454470173,4,4,4,4,4,4,4,4,4,4,84.8003158569336,81.14854431152344,80.99690246582031,83.03874969482422,74.40680694580078,84.38937377929688,89.375,4.545454502105713,0,0,0,0,0,4.761904716491699,9.090909004211426,0,4.545454502105713,19.821855545043945,25769803776,2147483648,18367709184,765329408
209,1790454470376,4,4,4,4,4,4,4,4,4,4,84.83831787109375,81.14949035644531,80.9400634765625,83.08373260498047,74.32246398925781,84.42655181884766,91.375,0,4.761904716491699,0,0,0,0,0,0,0,0,19.821855545043945,25769803776,2147483648,18367709184,765329408
204,1790454470586,4,4,4,4,4,4,4,4,4,4,84.83831787109375,81.14949035644531,80.9400634765625,83.08373260498047,74.32246398925781,84.42655181884766,91.375,4.545454502105713,0,0,0,0,0,0,4.545454502105713,0,0,19.821855545043945,25769803776,2147483648,18367709184,765329408
209,1790454470790,4,4,4,4,4,4,4,4,4,4,84.83831787109375,81.14949035644531,80.9400634765625,83.08373260498047,74.32246398925781,84.42655181884766,91.375,4.761904716491699,0,4.545454502105713,0,0,0,0,5,0,0,19.821855545043945,25769803776,2147483648,18367709184,765329408
209,1790454471000,4,4,4,4,4,4,4,4,4,4,84.83831787109375,81.14949035644531,80.9400634765625,83.08373260498047,74.32246398925781,84.42655181884766,91.375,0,4.545454502105713,0,0,0,0,4.545454502105713,5,0,0,19.752422332763672,25769803776,2147483648,18367725568,765329408
203,1790454471210,4,4,4,4,4,4,4,4,4,4,84.83831787109375,81.14949035644531,80.9400634765625,83.08373260498047,74.32246398925781,84.42655181884766,91.375,4.761904716491699,0,0,0,0,0,0,9.090909004211426,0,0,19.752422332763672,25769803776,2147483648,18369839104,765329408
209,1790454471414,4,4,4,4,4,4,4,4,4,4,84.81951904296875,81.30261993408203,80.96052551269531,83.11328887939453,74.23103332519531,84.42005157470703,87.96875,0,0,0,4.761904716491699,0,0,0,0,0,0,19.752422332763672,25769803776,2147483648,18367873024,765329408
209,1790454471624,4,4,4,4,4,4,4,4,4,4,84.81951904296875,81.30261993408203,80.96052551269531,83.11328887939453,74.23103332519531,84.42005157470703,87.96875,0,0,0,0,0,0,0,4.761904716491699,0,0,19.752422332763672,25769803776,2147483648,18367873024,765329408
209,1790454471834,4,4,4,4,4,4,4,4,4,4,84.81951904296875,81.30261993408203,80.96052551269531,83.11328887939453,74.23103332519531,84.42005157470703,87.96875,4.761904716491699,0,0,0,0,0,4.761904716491699,4.761904716491699,0,0,19.775346755981445,25769803776,2147483648,18367873024,765329408
209,1790454472044,4,4,4,4,4,4,4,4,4,4,84.81951904296875,81.30261993408203,80.96052551269531,83.11328887939453,74.23103332519531,84.42005157470703,87.96875,4.545454502105713,0,4.545454502105713,0,0,0,0,9.090909004211426,4.761904716491699,0,19.775346755981445,25769803776,2147483648,18367807488,765329408
209,1790454472254,4,4,4,4,4,4,4,4,4,4,84.81951904296875,81.30261993408203,80.96052551269531,83.11328887939453,74.23103332519531,84.42005157470703,87.96875,0,0,0,0,0,0,4.761904716491699,0,4.545454502105713,4.545454502105713,19.775346755981445,25769803776,2147483648,18367807488,765329408
209,1790454472464,4,4,4,4,4,4,4,4,4,4,84.87437438964844,81.3863525390625,80.86917877197266,83.13523864746094,74.07977294921875,84.4750747680664,87.734375,4.545454502105713,4.545454502105713,0,0,0,0,4.761904716491699,0,0,0,19.775346755981445,25769803776,2147483648,18367823872,765329408
209,1790454472674,4,4,4,4,4,4,4,4,4,4,84.87437438964844,81.3863525390625,80.86917877197266,83.13523864746094,74.07977294921875,84.4750747680664,87.734375,0,4.545454502105713,0,0,0,0,5,0,0,0,19.775346755981445,25769803776,2147483648,18367823872,765329408
209,1790454472884,4,4,4,4,4,4,4,4,4,4,84.87437438964844,81.3863525390625,80.86917877197266,83.13523864746094,74.07977294921875,84.4750747680664,87.734375,0,0,0,0,0,0,4.761904716491699,0,0,0,19.65387535095215,25769803776,2147483648,18367987712,765329408
209,1790454473095,4,4,4,4,4,4,4,4,4,4,84.87437438964844,81.3863525390625,80.86917877197266,83.13523864746094,74.07977294921875,84.4750747680664,87.734375,4.545454502105713,0,0,0,0,0,9.090909004211426,0,0,0,19.65387535095215,25769803776,2147483648,18367905792,765329408
209,1790454473304,4,4,4,4,4,4,4,4,4,4,84.87437438964844,81.3863525390625,80.86917877197266,83.13523864746094,74.07977294921875,84.4750747680664,87.734375,0,0,0,0,4.545454502105713,0,5,0,0,0,19.65387535095215,25769803776,2147483648,18368364544,765329408
209,1790454473515,4,4,4,4,4,4,4,4,4,4,84.8482666015625,81.67745971679688,80.61924743652344,83.10265350341797,73.60626983642578,84.44154357910156,85.96875,4.545454502105713,0,0,4.545454502105713,4.545454502105713,0,9.090909004211426,0,0,0,19.65387535095215,25769803776,2147483648,18368364544,765329408
209,1790454473725,4,4,4,4,4,4,4,4,4,4,84.8482666015625,81.67745971679688,80.61924743652344,83.10265350341797,73.60626983642578,84.44154357910156,85.96875,0,4.545454502105713,0,0,0,0,0,0,0,0,19.65387535095215,25769803776,2147483648,18368364544,765329408
204,1790454473935,4,4,4,4,4,4,4,4,4,4,84.8482666015625,81.67745971679688,80.61924743652344,83.10265350341797,73.60626983642578,84.44154357910156,85.96875,4.545454502105713,0,0,0,0,0,9.090909004211426,4.545454502105713,0,0,19.837648391723633,25769803776,2147483648,18368364544,765329408
204,1790454474140,4,4,4,4,4,4,4,4,4,4,84.8482666015625,81.67745971679688,80.61924743652344,83.10265350341797,73.60626983642578,84.44154357910156,85.96875,15.789472579956055,9.523809432983398,5,0,0,4.545454502105713,15.789472579956055,9.523809432983398,9.090909004211426,0,19.837648391723633,25769803776,2147483648,18461720576,765329408
209,1790454474344,4,4,4,4,4,4,4,4,4,4,84.9276351928711,81.87553405761719,80.9659423828125,83.1325454711914,74.08148193359375,84.58575439453125,87.625,13.636363983154297,5,4.761904716491699,4.761904716491699,0,0,9.090909004211426,9.523809432983398,0,0,19.837648391723633,25769803776,2147483648,18435096576,765329408
209,1790454474554,4,4,4,4,4,4,4,4,4,4,84.9276351928711,81.87553405761719,80.9659423828125,83.1325454711914,74.08148193359375,84.58575439453125,87.625,10,9.523809432983398,4.761904716491699,0,0,4.761904716491699,4.761904716491699,0,0,0,19.837648391723633,25769803776,2147483648,18367905792,765329408
205,1790454474764,4,4,4,4,4,4,4,4,4,4,84.9276351928711,81.87553405761719,80.9659423828125,83.1325454711914,74.08148193359375,84.58575439453125,87.625,10,5,4.761904716491699,0,0,0,9.523809432983398,0,0,0,19.837648391723633,25769803776,2147483648,18367774720,765329408
209,1790454474970,4,4,4,4,4,4,4,4,4,4,84.9276351928711,81.87553405761719,80.9659423828125,83.1325454711914,74.08148193359375,84.58575439453125,87.625,9.090909004211426,4.761904716491699,0,0,0,0,5,0,0,0,19.631515502929688,25769803776,2147483648,18367758336,765329408
209,1790454475180,4,4,4,4,4,4,4,4,4,4,84.9276351928711,81.87553405761719,80.9659423828125,83.1325454711914,74.08148193359375,84.58575439453125,87.625,0,9.090909004211426,0,0,0,0,0,0,4.545454502105713,0,19.631515502929688,25769803776,2147483648,18368086016,765329408
203,1790454475390,4,4,4,4,4,4,4,4,4,4,84.03275299072266,81.5032730102539,80.48942565917969,82.49405670166016,73.5123519897461,84.08351135253906,88.4375,8.69565200805664,0,0,0,4.545454502105713,0,9.090909004211426,0,0,0,19.631515502929688,25769803776,2147483648,18368184320,765329408
202,1790454475594,4,4,4,4,4,4,4,4,4,4,84.03275299072266,81.5032730102539,80.48942565917969,82.49405670166016,73.5123519897461,84.08351135253906,88.4375,0,0,0,0,0,0,5,0,4.761904716491699,0,19.631515502929688,25769803776,2147483648,18369986560,765329408
209,1790454475797,4,4,4,4,4,4,4,4,4,4,84.03275299072266,81.5032730102539,80.48942565917969,82.49405670166016,73.5123519897461,84.08351135253906,88.4375,0,0,0,0,0,0,0,0,0,0,19.631515502929688,25769803776,2147483648,18368184320,765329408
200,1790454476007,4,4,4,4,4,4,4,4,4,4,84.03275299072266,81.5032730102539,80.48942565917969,82.49405670166016,73.5123519897461,84.08351135253906,88.4375,4.545454502105713,0,0,0,0,0,9.090909004211426,0,0,0,18.8814754486084,25769803776,2147483648,18344951808,765329408
202,1790454476207,4,4,4,4,4,4,4,4,4,4,84.03275299072266,81.5032730102539,80.48942565917969,82.49405670166016,73.5123519897461,84.08351135253906,88.4375,5,4.761904716491699,4.761904716491699,9.090909004211426,0,0,0,9.523809432983398,0,0,18.8814754486084,25769803776,2147483648,18340364288,765329408
209,1790454476410,4,4,4,4,4,4,4,4,4,4,84.62288665771484,81.50312042236328,80.54073333740234,82.8925552368164,73.6102294921875,84.33016204833984,86.4375,0,0,0,0,0,0,5,0,0,0,18.8814754486084,25769803776,2147483648,18340380672,765329408
209,1790454476620,4,4,4,4,4,4,4,4,4,4,84.62288665771484,81.50312042236328,80.54073333740234,82.8925552368164,73.6102294921875,84.33016204833984,86.4375,4.545454502105713,0,0,0,0,0,9.090909004211426,0,0,0,18.8814754486084,25769803776,2147483648,18340282368,765329408
209,1790454476830,4,4,4,4,4,4,4,4,4,4,84.62288665771484,81.50312042236328,80.54073333740234,82.8925552368164,73.6102294921875,84.33016204833984,86.4375,0,0,4.545454502105713,0,0,0,4.761904716491699,0,0,0,19.21854019165039,25769803776,2147483648,18340282368,765329408
209,1790454477040,4,4,4,4,4,4,4,4,4,4,84.62288665771484,81.50312042236328,80.54073333740234,82.8925552368164,73.6102294921875,84.33016204833984,86.4375,9.090909004211426,4.761904716491699,0,0,0,0,9.090909004211426,0,0,0,19.21854019165039,25769803776,2147483648,18339332096,765329408
209,1790454477250,4,4,4,4,4,4,4,4,4,4,84.62288665771484,81.50312042236328,80.54073333740234,82.8925552368164,73.6102294921875,84.33016204833984,86.4375,0,0,0,0,0,0,0,4.545454502105713,4.545454502105713,0,19.21854019165039,25769803776,2147483648,18339397632,765329408
209,1790454477460,4,4,4,4,4,4,4,4,4,4,85.06714630126953,81.71124267578125,80.65425872802734,83.26341247558594,73.68472290039063,84.68037414550781,87.265625,0,4.761904716491699,0,0,0,0,9.090909004211426,0,0,0,19.21854019165039,25769803776,2147483648,18339577856,765329408
209,1790454477670,4,4,4,4,4,4,4,4,4,4,85.06714630126953,81.71124267578125,80.65425872802734,83.26341247558594,73.68472290039063,84.68037414550781,87.265625,4.761904716491699,0,0,0,0,0,4.761904716491699,0,0,0,19.21854019165039,25769803776,2147483648,18339594240,765329408
201,1790454477880,4,4,4,4,4,4,4,4,4,4,85.06714630126953,81.71124267578125,80.65425872802734,83.26341247558594,73.68472290039063,84.68037414550781,87.265625,0,0,0,0,0,0,5,0,0,0,20.142919540405273,25769803776,2147483648,18339594240,765329408
209,1790454478082,4,4,4,4,4,4,4,4,4,4,85.06714630126953,81.71124267578125,80.65425872802734,83.26341247558594,73.68472290039063,84.68037414550781,87.265625,0,0,0,0,0,0,0,9.523809432983398,0,0,20.142919540405273,25769803776,2147483648,18339594240,765329408
209,1790454478292,4,4,4,4,4,4,4,4,4,4,85.06714630126953,81.71124267578125,80.65425872802734,83.26341247558594,73.68472290039063,84.68037414550781,87.265625,4.761904716491699,4.545454502105713,0,0,0,0,9.090909004211426,0,0,4.545454502105713,20.142919540405273,25769803776,2147483648,18339053568,765329408
209,1790454478502,4,4,4,4,4,4,4,4,4,4,85.1318359375,81.85999298095703,80.87991333007813,83.3083724975586,74.00743865966797,84.77902221679688,90.4375,0,0,0,0,0,0,4.761904716491699,0,0,0,20.142919540405273,25769803776,2147483648,18339086336,765329408
209,1790454478712,4,4,4,4,4,4,4,4,4,4,85.1318359375,81.85999298095703,80.87991333007813,83.3083724975586,74.00743865966797,84.77902221679688,90.4375,9.090909004211426,0,0,0,0,0,9.523809432983398,0,0,0,20.142919540405273,25769803776,2147483648,18339086336,765329408
209,1790454478922,4,4,4,4,4,4,4,4,4,4,85.1318359375,81.85999298095703,80.87991333007813,83.3083724975586,74.00743865966797,84.77902221679688,90.4375,0,0,4.545454502105713,0,0,0,4.761904716491699,0,4.545454502105713,4.545454502105713,20.076274871826172,25769803776,2147483648,18339020800,765329408
209,1790454479132,4,4,4,4,4,4,4,4,4,4,85.1318359375,81.85999298095703,80.87991333007813,83.3083724975586,74.00743865966797,84.77902221679688,90.4375,0,0,0,0,4.545454502105713,0,0,0,0,0,20.076274871826172,25769803776,2147483648,18338922496,765329408
209,1790454479342,4,4,4,4,4,4,4,4,4,4,84.94529724121094,81.76512145996094,80.70149230957031,83.25646209716797,73.76296997070313,84.56555938720703,89.609375,4.761904716491699,0,0,0,0,0,9.090909004211426,0,0,0,20.076274871826172,25769803776,2147483648,18338955264,765329408
209,1790454479552,4,4,4,4,4,4,4,4,4,4,84.94529724121094,81.76512145996094,80.70149230957031,83.25646209716797,73.76296997070313,84.56555938720703,89.609375,0,52.38095474243164,0,0,0,0,5,0,0,0,20.076274871826172,25769803776,2147483648,18340331520,765329408
200,1790454479762,4,4,4,4,4,4,4,4,4,4,84.94529724121094,81.76512145996094,80.70149230957031,83.25646209716797,73.76296997070313,84.56555938720703,89.609375,4.545454502105713,19.047618865966797,4.545454502105713,0,0,0,9.090909004211426,4.545454502105713,4.761904716491699,0,20.076274871826172,25769803776,2147483648,18340331520,765329408
209,1790454479963,4,4,4,4,4,4,4,4,4,4,84.94529724121094,81.76512145996094,80.70149230957031,83.25646209716797,73.76296997070313,84.56555938720703,89.609375,0,0,0,0,0,0,0,0,0,0,19.57866859436035,25769803776,2147483648,18340331520,765329408
209,1790454480173,4,4,4,4,4,4,4,4,4,4,84.94529724121094,81.76512145996094,80.70149230957031,83.25646209716797,73.76296997070313,84.56555938720703,89.609375,4.545454502105713,4.545454502105713,0,0,0,4.761904716491699,5,0,0,0,19.57866859436035,25769803776,2147483648,18340331520,765329408
201,1790454480383,4,4,4,4,4,4,4,4,4,4,84.87164306640625,81.93697357177734,80.74549102783203,83.13665771484375,73.75685119628906,84.50697326660156,88.203125,0,0,0,0,0,4.545454502105713,9.090909004211426,0,0,0,19.57866859436035,25769803776,2147483648,18343264256,765329408
209,1790454480585,4,4,4,4,4,4,4,4,4,4,84.87164306640625,81.93697357177734,80.74549102783203,83.13665771484375,73.75685119628906,84.50697326660156,88.203125,0,4.761904716491699,0,0,0,0,5,0,0,0,19.57866859436035,25769803776,2147483648,18343264256,765329408
209,1790454480795,4,4,4,4,4,4,4,4,4,4,84.87164306640625,81.93697357177734,80.74549102783203,83.13665771484375,73.75685119628906,84.50697326660156,88.203125,9.523809432983398,0,13.636363983154297,4.761904716491699,4.545454502105713,0,4.761904716491699,4.545454502105713,0,0,19.57866859436035,25769803776,2147483648,18343264256,765329408
209,1790454481005,4,4,4,4,4,4,4,4,4,4,84.87164306640625,81.93697357177734,80.74549102783203,83.13665771484375,73.75685119628906,84.50697326660156,88.203125,4.545454502105713,0,0,0,0,0,5,0,0,0,19.40111541748047,25769803776,2147483648,18343264256,765329408
209,1790454481215,4,4,4,4,4,4,4,4,4,4,84.87164306640625,81.93697357177734,80.74549102783203,83.13665771484375,73.75685119628906,84.50697326660156,88.203125,0,4.545454502105713,0,0,0,0,9.090909004211426,0,0,0,19.40111541748047,25769803776,2147483648,18343264256,765329408
209,1790454481425,4,4,4,4,4,4,4,4,4,4,84.76548767089844,81.84132385253906,80.69124603271484,83.05043029785156,73.71441650390625,84.36849975585938,89.375,0,4.761904716491699,0,0,0,0,4.761904716491699,0,0,0,19.40111541748047,25769803776,2147483648,18343346176,765329408
209,1790454481635,4,4,4,4,4,4,4,4,4,4,84.76548767089844,81.84132385253906,80.69124603271484,83.05043029785156,73.71441650390625,84.36849975585938,89.375,4.761904716491699,0,0,0,0,0,9.523809432983398,0,0,0,19.40111541748047,25769803776,2147483648,18343346176,765329408
209,1790454481845,4,4,4,4,4,4,4,4,4,4,84.76548767089844,81.84132385253906,80.69124603271484,83.05043029785156,73.71441650390625,84.36849975585938,89.375,0,0,0,0,0,0,4.761904716491699,4.545454502105713,4.545454502105713,0,19.318248748779297,25769803776,2147483648,18343411712,765329408
209,1790454482055,4,4,4,4,4,4,4,4,4,4,84.76548767089844,81.84132385253906,80.69124603271484,83.05043029785156,73.71441650390625,84.36849975585938,89.375,9.090909004211426,0,0,0,0,0,9.090909004211426,0,0,0,19.318248748779297,25769803776,2147483648,18343903232,765329408
209,1790454482265,4,4,4,4,4,4,4,4,4,4,84.76548767089844,81.84132385253906,80.69124603271484,83.05043029785156,73.71441650390625,84.36849975585938,89.375,0,0,0,0,0,0,5,0,0,0,19.318248748779297,25769803776,2147483648,18343903232,765329408
209,1790454482475,4,4,4,4,4,4,4,4,4,4,84.77758026123047,81.73151397705078,80.63764953613281,83.03651428222656,73.6524429321289,84.37812042236328,89.375,4.761904716491699,4.545454502105713,0,0,0,0,0,0,0,0,19.318248748779297,25769803776,2147483648,18344050688,765329408
209,1790454482685,4,4,4,4,4,4,4,4,4,4,84.77758026123047,81.73151397705078,80.63764953613281,83.03651428222656,73.6524429321289,84.37812042236328,89.375,0,0,0,0,0,0,9.090909004211426,0,0,0,19.318248748779297,25769803776,2147483648,18344165376,765329408
203,1790454482895,4,4,4,4,4,4,4,4,4,4,84.77758026123047,81.73151397705078,80.63764953613281,83.03651428222656,73.6524429321289,84.37812042236328,89.375,4.545454502105713,0,0,0,0,0,5,0,4.545454502105713,0,19.345584869384766,25769803776,2147483648,18344165376,765329408
209,1790454483098,4,4,4,4,4,4,4,4,4,4,84.77758026123047,81.73151397705078,80.63764953613281,83.03651428222656,73.6524429321289,84.37812042236328,89.375,0,0,0,0,0,0,9.090909004211426,0,0,0,19.345584869384766,25769803776,2147483648,18344165376,765329408
209,1790454483308,4,4,4,4,4,4,4,4,4,4,84.77758026123047,81.73151397705078,80.63764953613281,83.03651428222656,73.6524429321289,84.37812042236328,89.375,0,0,0,0,0,0,5,0,0,0,19.345584869384766,25769803776,2147483648,18344165376,765329408
209,1790454483518,4,4,4,4,4,4,4,4,4,4,84.7426528930664,81.79434967041016,80.66649627685547,83.04495239257813,73.66476440429688,84.36148071289063,87.734375,4.545454502105713,0,4.761904716491699,0,0,0,4.761904716491699,0,4.545454502105713,4.545454502105713,19.345584869384766,25769803776,2147483648,18344116224,765329408
209,1790454483728,4,4,4,4,4,4,4,4,4,4,84.7426528930664,81.79434967041016,80.66649627685547,83.04495239257813,73.66476440429688,84.36148071289063,87.734375,4.761904716491699,4.545454502105713,4.545454502105713,4.545454502105713,0,0,4.761904716491699,0,0,0,19.345584869384766,25769803776,2147483648,18343723008,765329408
209,1790454483938,4,4,4,4,4,4,4,4,4,4,84.7426528930664,81.79434967041016,80.66649627685547,83.04495239257813,73.66476440429688,84.36148071289063,87.734375,4.761904716491699,4.761904716491699,0,0,0,0,4.761904716491699,0,0,0,19.381349563598633,25769803776,2147483648,18343772160,765329408
209,1790454484148,4,4,4,4,4,4,4,4,4,4,84.7426528930664,81.79434967041016,80.66649627685547,83.04495239257813,73.66476440429688,84.36148071289063,87.734375,0,0,0,0,0,0,9.523809432983398,4.545454502105713,0,0,19.381349563598633,25769803776,2147483648,18343936000,765329408
209,1790454484358,4,4,4,4,4,4,4,4,4,4,84.76667785644531,81.6298828125,80.62373352050781,83.08212280273438,73.635009765625,84.36746215820313,90.4375,0,0,0,0,0,0,4.761904716491699,4.761904716491699,0,0,19.381349563598633,25769803776,2147483648,18345672704,765329408
201,1790454484568,4,4,4,4,4,4,4,4,4,4,84.76667785644531,81.6298828125,80.62373352050781,83.08212280273438,73.635009765625,84.36746215820313,90.4375,4.545454502105713,0,0,0,0,0,0,0,0,0,19.381349563598633,25769803776,2147483648,18337431552,765329408
209,1790454484770,4,4,4,4,4,4,4,4,4,4,84.76667785644531,81.6298828125,80.62373352050781,83.08212280273438,73.635009765625,84.36746215820313,90.4375,0,0,0,0,0,0,9.523809432983398,0,0,0,19.381349563598633,25769803776,2147483648,18337415168,765329408
209,1790454484980,4,4,4,4,4,4,4,4,4,4,84.76667785644531,81.6298828125,80.62373352050781,83.08212280273438,73.635009765625,84.36746215820313,90.4375,0,0,0,0,0,0,0,0,0,0,19.285099029541016,25769803776,2147483648,18337415168,765329408
209,1790454485190,4,4,4,4,4,4,4,4,4,4,84.76667785644531,81.6298828125,80.62373352050781,83.08212280273438,73.635009765625,84.36746215820313,90.4375,4.761904716491699,0,0,0,0,0,9.523809432983398,0,0,0,19.285099029541016,25769803776,2147483648,18337415168,765329408
209,1790454485400,4,4,4,4,4,4,4,4,4,4,84.76972198486328,81.7989730834961,80.68043518066406,83.00761413574219,73.6887435913086,84.41188049316406,86.203125,0,4.545454502105713,0,0,0,0,4.761904716491699,0,4.545454502105713,0,19.285099029541016,25769803776,2147483648,18337415168,765329408
209,1790454485610,4,4,4,4,4,4,4,4,4,4,84.76972198486328,81.7989730834961,80.68043518066406,83.00761413574219,73.6887435913086,84.41188049316406,86.203125,4.761904716491699,0,0,0,0,0,9.090909004211426,0,0,0,19.285099029541016,25769803776,2147483648,18329387008,765329408
209,1790454485820,4,4,4,4,4,4,4,4,4,4,84.76972198486328,81.7989730834961,80.68043518066406,83.00761413574219,73.6887435913086,84.41188049316406,86.203125,0,0,0,0,0,0,4.761904716491699,0,4.545454502105713,0,19.285099029541016,25769803776,2147483648,18329387008,765329408
209,1790454486030,4,4,4,4,4,4,4,4,4,4,84.76972198486328,81.7989730834961,80.68043518066406,83.00761413574219,73.6887435913086,84.41188049316406,86.203125,0,4.545454502105713,0,0,0,0,0,4.545454502105713,0,0,19.289058685302734,25769803776,2147483648,18329387008,765329408
204,1790454486240,4,4,4,4,4,4,4,4,4,4,84.76972198486328,81.7989730834961,80.68043518066406,83.00761413574219,73.6887435913086,84.41188049316406,86.203125,8.69565200805664,0,0,0,0,0,9.090909004211426,0,0,0,19.289058685302734,25769803776,2147483648,18329387008,765329408
209,1790454486445,4,4,4,4,4,4,4,4,4,4,84.7294921875,81.6599349975586,80.64060974121094,83.02140045166016,73.65941619873047,84.34774780273438,88.4375,0,0,0,0,0,0,5,0,0,0,19.289058685302734,25769803776,2147483648,18329387008,765329408
209,1790454486655,4,4,4,4,4,4,4,4,4,4,84.7294921875,81.6599349975586,80.64060974121094,83.02140045166016,73.65941619873047,84.34774780273438,88.4375,4.761904716491699,0,0,0,0,0,9.090909004211426,0,0,0,19.289058685302734,25769803776,2147483648,18329010176,765329408
204,1790454486865,4,4,4,4,4,4,4,4,4,4,84.7294921875,81.6599349975586,80.64060974121094,83.02140045166016,73.65941619873047,84.34774780273438,88.4375,0,0,0,0,0,0,4.761904716491699,0,0,0,19.228023529052734,25769803776,2147483648,18329042944,765329408
209,1790454487069,4,4,4,4,4,4,4,4,4,4,84.7294921875,81.6599349975586,80.64060974121094,83.02140045166016,73.65941619873047,84.34774780273438,88.4375,4.761904716491699,4.761904716491699,0,0,0,0,0,9.523809432983398,0,0,19.228023529052734,25769803776,2147483648,18329042944,765329408
209,1790454487279,4,4,4,4,4,4,4,4,4,4,84.7294921875,81.6599349975586,80.64060974121094,83.02140045166016,73.65941619873047,84.34774780273438,88.4375,0,0,0,0,0,0,0,4.761904716491699,4.545454502105713,0,19.228023529052734,25769803776,2147483648,18329042944,765329408
209,1790454487489,4,4,4,4,4,4,4,4,4,4,84.70421600341797,81.6053695678711,80.85006713867188,82.98921966552734,74.01013946533203,84.36265563964844,90.203125,5,4.761904716491699,0,0,0,0,0,9.523809432983398,0,0,19.228023529052734,25769803776,2147483648,18329042944,765329408
209,1790454487700,4,4,4,4,4,4,4,4,4,4,84.70421600341797,81.6053695678711,80.85006713867188,82.98921966552734,74.01013946533203,84.36265563964844,90.203125,4.545454502105713,0,0,0,0,0,9.090909004211426,0,0,0,19.228023529052734,25769803776,2147483648,18328535040,765329408
201,1790454487910,4,4,4,4,4,4,4,4,4,4,84.70421600341797,81.6053695678711,80.85006713867188,82.98921966552734,74.01013946533203,84.36265563964844,90.203125,0,0,4.545454502105713,0,0,0,4.761904716491699,0,0,0,19.18191909790039,25769803776,2147483648,18328535040,765329408
209,1790454488111,4,4,4,4,4,4,4,4,4,4,84.70421600341797,81.6053695678711,80.85006713867188,82.98921966552734,74.01013946533203,84.36265563964844,90.203125,0,4.761904716491699,0,0,0,0,9.523809432983398,0,4.761904716491699,0,19.18191909790039,25769803776,2147483648,18328403968,765329408
209,1790454488321,4,4,4,4,4,4,4,4,4,4,84.66702270507813,81.6001205444336,80.7173080444336,82.96271514892578,73.78853607177734,84.35836029052734,87.5,4.761904716491699,0,0,0,4.545454502105713,0,4.761904716491699,0,0,0,19.18191909790039,25769803776,2147483648,18328403968,765329408
203,1790454488531,4,4,4,4,4,4,4,4,4,4,84.66702270507813,81.6001205444336,80.7173080444336,82.96271514892578,73.78853607177734,84.35836029052734,87.5,0,0,0,0,4.761904716491699,0,0,0,0,0,19.18191909790039,25769803776,2147483648,18328403968,765329408
209,1790454488734,4,4,4,4,4,4,4,4,4,4,84.66702270507813,81.6001205444336,80.7173080444336,82.96271514892578,73.78853607177734,84.35836029052734,87.5,4.761904716491699,0,0,0,0,0,5,0,0,0,19.18191909790039,25769803776,2147483648,18328387584,765329408
209,1790454488944,4,4,4,4,4,4,4,4,4,4,84.66702270507813,81.6001205444336,80.7173080444336,82.96271514892578,73.78853607177734,84.35836029052734,87.5,0,0,0,0,0,0,4.545454502105713,0,4.761904716491699,0,19.101598739624023,25769803776,2147483648,18328403968,765329408
209,1790454489154,4,4,4,4,4,4,4,4,4,4,84.66702270507813,81.6001205444336,80.7173080444336,82.96271514892578,73.78853607177734,84.35836029052734,87.5,0,0,0,0,0,0,0,0,0,4.545454502105713,19.101598739624023,25769803776,2147483648,18328403968,765329408
209,1790454489364,4,4,4,4,4,4,4,4,4,4,84.77299499511719,81.53855895996094,80.58626556396484,82.99813079833984,73.58118438720703,84.5527114868164,90.671875,4.761904716491699,0,0,0,0,0,9.090909004211426,0,0,0,19.101598739624023,25769803776,2147483648,18328403968,765329408
209,1790454489574,4,4,4,4,4,4,4,4,4,4,84.77299499511719,81.53855895996094,80.58626556396484,82.99813079833984,73.58118438720703,84.5527114868164,90.671875,0,4.545454502105713,0,0,0,0,5,0,4.545454502105713,0,19.101598739624023,25769803776,2147483648,18328403968,765329408
209,1790454489784,4,4,4,4,4,4,4,4,4,4,84.77299499511719,81.53855895996094,80.58626556396484,82.99813079833984,73.58118438720703,84.5527114868164,90.671875,0,0,0,0,0,0,4.761904716491699,4.545454502105713,4.761904716491699,0,19.101598739624023,25769803776,2147483648,18328240128,765329408
209,1790454489994,4,4,4,4,4,4,4,4,4,4,84.77299499511719,81.53855895996094,80.58626556396484,82.99813079833984,73.58118438720703,84.5527114868164,90.671875,4.761904716491699,0,0,0,0,0,9.090909004211426,0,0,0,19.1626033782959,25769803776,2147483648,18328256512,765329408
209,1790454490204,4,4,4,4,4,4,4,4,4,4,84.77299499511719,81.53855895996094,80.58626556396484,82.99813079833984,73.58118438720703,84.5527114868164,90.671875,0,0,4.545454502105713,0,0,0,4.761904716491699,0,0,0,19.1626033782959,25769803776,2147483648,18328256512,765329408
204,1790454490414,4,4,4,4,4,4,4,4,4,4,84.61177825927734,81.69416809082031,80.60635375976563,82.90519714355469,73.57530975341797,84.34786224365234,86.4375,9.090909004211426,4.761904716491699,0,4.545454502105713,0,0,5,0,0,0,19.1626033782959,25769803776,2147483648,18328256512,765329408
209,1790454490619,4,4,4,4,4,4,4,4,4,4,84.61177825927734,81.69416809082031,80.60635375976563,82.90519714355469,73.57530975341797,84.34786224365234,86.4375,10,4.761904716491699,0,0,0,4.545454502105713,4.761904716491699,4.545454502105713,0,0,19.1626033782959,25769803776,2147483648,18328256512,765329408
201,1790454490829,4,4,4,4,4,4,4,4,4,4,84.61177825927734,81.69416809082031,80.60635375976563,82.90519714355469,73.57530975341797,84.34786224365234,86.4375,0,4.761904716491699,0,0,0,0,5,0,0,0,19.040803909301758,25769803776,2147483648,18328485888,765329408
202,1790454491031,4,4,4,4,4,4,4,4,4,4,84.61177825927734,81.69416809082031,80.60635375976563,82.90519714355469,73.57530975341797,84.34786224365234,86.4375,0,0,4.761904716491699,0,0,0,4.761904716491699,5,0,0,19.040803909301758,25769803776,2147483648,18326994944,765329408
206,1790454491234,4,4,4,4,4,4,4,4,4,4,84.61177825927734,81.69416809082031,80.60635375976563,82.90519714355469,73.57530975341797,84.34786224365234,86.4375,4.761904716491699,0,0,0,0,0,5,0,4.761904716491699,0,19.040803909301758,25769803776,2147483648,18327060480,765329408
209,1790454491441,4,4,4,4,4,4,4,4,4,4,84.5810546875,81.51594543457031,80.67613220214844,82.89795684814453,73.745849609375,84.31245422363281,88.90625,0,4.545454502105713,0,0,0,0,4.761904716491699,0,4.545454502105713,0,19.040803909301758,25769803776,2147483648,18327027712,765329408
207,1790454491651,4,4,4,4,4,4,4,4,4,4,84.5810546875,81.51594543457031,80.67613220214844,82.89795684814453,73.745849609375,84.31245422363281,88.90625,0,0,0,0,0,0,9.523809432983398,0,0,0,19.040803909301758,25769803776,2147483648,18327027712,765329408
209,1790454491858,4,4,4,4,4,4,4,4,4,4,84.5810546875,81.51594543457031,80.67613220214844,82.89795684814453,73.745849609375,84.31245422363281,88.90625,9.090909004211426,0,0,0,0,0,0,5,0,0,19.14706039428711,25769803776,2147483648,18327011328,765329408
209,1790454492068,4,4,4,4,4,4,4,4,4,4,84.5810546875,81.51594543457031,80.67613220214844,82.89795684814453,73.745849609375,84.31245422363281,88.90625,0,0,0,0,0,0,9.523809432983398,0,0,0,19.14706039428711,25769803776,2147483648,18326994944,765329408
209,1790454492278,4,4,4,4,4,4,4,4,4,4,84.5810546875,81.51594543457031,80.67613220214844,82.89795684814453,73.745849609375,84.31245422363281,88.90625,4.761904716491699,0,4.761904716491699,4.761904716491699,0,0,4.761904716491699,4.545454502105713,0,0,19.14706039428711,25769803776,2147483648,18327191552,765329408
209,1790454492488,4,4,4,4,4,4,4,4,4,4,84.47799682617188,81.63838195800781,80.69348907470703,82.8387451171875,73.73802185058594,84.26461791992188,85.96875,4.761904716491699,9.090909004211426,0,0,0,0,0,0,0,0,19.14706039428711,25769803776,2147483648,18329206784,765329408
209,1790454492698,4,4,4,4,4,4,4,4,4,4,84.47799682617188,81.63838195800781,80.69348907470703,82.8387451171875,73.73802185058594,84.26461791992188,85.96875,4.761904716491699,0,0,0,0,0,0,4.545454502105713,0,0,19.14706039428711,25769803776,2147483648,18327437312,765329408
209,1790454492908,4,4,4,4,4,4,4,4,4,4,84.47799682617188,81.63838195800781,80.69348907470703,82.8387451171875,73.73802185058594,84.26461791992188,85.96875,0,0,0,0,0,0,9.090909004211426,0,0,0,18.972408294677734,25769803776,2147483648,18327437312,765329408
209,1790454493118,4,4,4,4,4,4,4,4,4,4,84.47799682617188,81.63838195800781,80.69348907470703,82.8387451171875,73.73802185058594,84.26461791992188,85.96875,0,0,0,0,0,0,0,4.545454502105713,4.545454502105713,0,18.972408294677734,25769803776,2147483648,18327470080,765329408
209,1790454493328,4,4,4,4,4,4,4,4,4,4,84.39331817626953,81.45575714111328,80.64382934570313,82.80863189697266,73.7104263305664,84.25941467285156,85.96875,4.545454502105713,0,0,0,0,0,4.761904716491699,0,0,0,18.972408294677734,25769803776,2147483648,18327568384,765329408
209,1790454493538,4,4,4,4,4,4,4,4,4,4,84.39331817626953,81.45575714111328,80.64382934570313,82.80863189697266,73.7104263305664,84.25941467285156,85.96875,0,0,0,0,0,0,9.090909004211426,0,4.761904716491699,0,18.972408294677734,25769803776,2147483648,18327568384,765329408
209,1790454493748,4,4,4,4,4,4,4,4,4,4,84.39331817626953,81.45575714111328,80.64382934570313,82.80863189697266,73.7104263305664,84.25941467285156,85.96875,4.545454502105713,0,0,0,0,0,0,4.761904716491699,0,0,18.972408294677734,25769803776,2147483648,18327568384,765329408
209,1790454493958,4,4,4,4,4,4,4,4,4,4,84.39331817626953,81.45575714111328,80.64382934570313,82.80863189697266,73.7104263305664,84.25941467285156,85.96875,0,0,4.545454502105713,0,0,0,4.761904716491699,4.761904716491699,0,0,19.06537628173828,25769803776,2147483648,18327224320,765329408
209,1790454494168,4,4,4,4,4,4,4,4,4,4,84.39331817626953,81.45575714111328,80.64382934570313,82.80863189697266,73.7104263305664,84.25941467285156,85.96875,4.761904716491699,4.761904716491699,0,0,0,0,9.090909004211426,0,0,0,19.06537628173828,25769803776,2147483648,18327502848,765329408
209,1790454494378,4,4,4,4,4,4,4,4,4,4,84.32582092285156,81.52854919433594,80.63806915283203,82.78562927246094,73.70560455322266,84.23796844482422,87.03125,4.545454502105713,0,0,0,0,0,4.761904716491699,0,0,0,19.06537628173828,25769803776,2147483648,18327306240,765329408
209,1790454494588,4,4,4,4,4,4,4,4,4,4,84.32582092285156,81.52854919433594,80.63806915283203,82.78562927246094,73.70560455322266,84.23796844482422,87.03125,0,0,0,0,0,0,4.761904716491699,0,4.761904716491699,0,19.06537628173828,25769803776,2147483648,18327289856,765329408
209,1790454494798,4,4,4,4,4,4,4,4,4,4,84.32582092285156,81.52854919433594,80.63806915283203,82.78562927246094,73.70560455322266,84.23796844482422,87.03125,0,0,0,0,4.545454502105713,0,5,0,0,0,19.06537628173828,25769803776,2147483648,18327289856,765329408
203,1790454495008,4,4,4,4,4,4,4,4,4,4,84.32582092285156,81.52854919433594,80.63806915283203,82.78562927246094,73.70560455322266,84.23796844482422,87.03125,4.761904716491699,4.545454502105713,4.545454502105713,4.761904716491699,0,0,0,9.090909004211426,0,0,18.91655921936035,25769803776,2147483648,18327322624,765329408
209,1790454495212,4,4,4,4,4,4,4,4,4,4,84.32582092285156,81.52854919433594,80.63806915283203,82.78562927246094,73.70560455322266,84.23796844482422,87.03125,0,0,0,0,0,0,5,0,0,0,18.91655921936035,25769803776,2147483648,18327339008,765329408
209,1790454495422,4,4,4,4,4,4,4,4,4,4,84.3056640625,81.36044311523438,80.55789947509766,82.719970703125,73.6506576538086,84.2328109741211,85.734375,4.761904716491699,0,0,0,0,0,9.090909004211426,0,0,0,18.91655921936035,25769803776,2147483648,18327257088,765329408
209,1790454495632,4,4,4,4,4,4,4,4,4,4,84.3056640625,81.36044311523438,80.55789947509766,82.719970703125,73.6506576538086,84.2328109741211,85.734375,0,0,0,0,0,0,4.761904716491699,0,4.545454502105713,0,18.91655921936035,25769803776,2147483648,18327257088,765329408
209,1790454495842,4,4,4,4,4,4,4,4,4,4,84.3056640625,81.36044311523438,80.55789947509766,82.719970703125,73.6506576538086,84.2328109741211,85.734375,0,4.545454502105713,0,0,0,0,9.090909004211426,0,0,0,18.849960327148438,25769803776,2147483648,18327257088,765329408
209,1790454496052,4,4,4,4,4,4,4,4,4,4,84.3056640625,81.36044311523438,80.55789947509766,82.719970703125,73.6506576538086,84.2328109741211,85.734375,4.545454502105713,0,0,0,0,0,0,0,4.545454502105713,4.545454502105713,18.849960327148438,25769803776,2147483648,18327175168,765329408
200,1790454496262,4,4,4,4,4,4,4,4,4,4,84.3056640625,81.36044311523438,80.55789947509766,82.719970703125,73.6506576538086,84.2328109741211,85.734375,4.761904716491699,0,0,0,0,0,9.090909004211426,0,0,0,18.849960327148438,25769803776,2147483648,18326749184,765329408
205,1790454496462,4,4,4,4,4,4,4,4,4,4,84.1933822631836,81.56452178955078,80.43871307373047,82.64213562011719,73.45953369140625,84.20655822753906,88.4375,5,0,0,0,0,0,5,4.761904716491699,0,0,18.849960327148438,25769803776,2147483648,18326847488,765329408
209,1790454496668,4,4,4,4,4,4,4,4,4,4,84.1933822631836,81.56452178955078,80.43871307373047,82.64213562011719,73.45953369140625,84.20655822753906,88.4375,0,0,0,0,0,0,5,0,0,0,18.849960327148438,25769803776,2147483648,18326863872,765329408
209,1790454496878,4,4,4,4,4,4,4,4,4,4,84.1933822631836,81.56452178955078,80.43871307373047,82.64213562011719,73.45953369140625,84.20655822753906,88.4375,0,0,4.545454502105713,0,0,0,9.090909004211426,0,0,0,18.816267013549805,25769803776,2147483648,18326962176,765329408
201,1790454497088,4,4,4,4,4,4,4,4,4,4,84.1933822631836,81.56452178955078,80.43871307373047,82.64213562011719,73.45953369140625,84.20655822753906,88.4375,33.333335876464844,42.85714340209961,35,22.72727394104004,19.047618865966797,33.333335876464844,0,0,0,0,18.816267013549805,25769803776,2147483648,18330763264,765329408
209,1790454497290,4,4,4,4,4,4,4,4,4,4,84.1933822631836,81.56452178955078,80.43871307373047,82.64213562011719,73.45953369140625,84.20655822753906,88.4375,57.142860412597656,40,9.523809432983398,0,0,0,5,4.761904716491699,0,0,18.816267013549805,25769803776,2147483648,18439651328,765329408
209,1790454497500,4,4,4,4,4,4,4,4,4,4,84.17446899414063,81.64669799804688,80.52102661132813,82.62783813476563,73.5526351928711,84.1751708984375,87.5,60.000003814697266,42.85714340209961,10,4.761904716491699,4.761904716491699,4.761904716491699,4.761904716491699,0,0,0,18.816267013549805,25769803776,2147483648,18440159232,765329408
209,1790454497710,4,4,4,4,4,4,4,4,4,4,84.17446899414063,81.64669799804688,80.52102661132813,82.62783813476563,73.5526351928711,84.1751708984375,87.5,54.54545593261719,30.000001907348633,14.285715103149414,19.047618865966797,28.571430206298828,14.285715103149414,5,0,0,0,18.816267013549805,25769803776,2147483648,18434375680,765329408
209,1790454497920,4,4,4,4,4,4,4,4,4,4,84.17446899414063,81.64669799804688,80.52102661132813,82.62783813476563,73.5526351928711,84.1751708984375,87.5,60.000003814697266,31.81818199157715,19.047618865966797,0,9.090909004211426,0,9.090909004211426,0,0,0,18.755958557128906,25769803776,2147483648,18442223616,765329408
209,1790454498130,4,4,4,4,4,4,4,4,4,4,84.17446899414063,81.64669799804688,80.52102661132813,82.62783813476563,73.5526351928711,84.1751708984375,87.5,52.38095474243164,33.333335876464844,14.285715103149414,13.636363983154297,20,4.761904716491699,4.761904716491699,0,0,0,18.755958557128906,25769803776,2147483648,18438848512,765329408
204,1790454498340,4,4,4,4,4,4,4,4,4,4,84.67948913574219,82.44339752197266,81.11194610595703,82.95038604736328,74.05241394042969,84.43531036376953,86.796875,52.38095474243164,42.85714340209961,14.285715103149414,19.047618865966797,13.636363983154297,18.18181800842285,5,4.545454502105713,0,0,18.755958557128906,25769803776,2147483648,18435031040,765329408
201,1790454498545,4,4,4,4,4,4,4,4,4,4,84.67948913574219,82.44339752197266,81.11194610595703,82.95038604736328,74.05241394042969,84.43531036376953,86.796875,45,52.38095474243164,9.523809432983398,4.761904716491699,0,4.761904716491699,9.090909004211426,0,4.761904716491699,0,18.755958557128906,25769803776,2147483648,18443468800,765329408
209,1790454498746,4,4,4,4,4,4,4,4,4,4,84.67948913574219,82.44339752197266,81.11194610595703,82.95038604736328,74.05241394042969,84.43531036376953,86.796875,55,21.052631378173828,47.619049072265625,5.263157844543457,5,10,0,0,0,0,18.755958557128906,25769803776,2147483648,18441060352,765329408
209,1790454498956,4,4,4,4,4,4,4,4,4,4,84.67948913574219,82.44339752197266,81.11194610595703,82.95038604736328,74.05241394042969,84.43531036376953,86.796875,42.85714340209961,57.142860412597656,20,10,13.636363983154297,10,9.523809432983398,0,0,0,20.02851104736328,25769803776,2147483648,18444681216,765329408
209,1790454499166,4,4,4,4,4,4,4,4,4,4,84.67948913574219,82.44339752197266,81.11194610595703,82.95038604736328,74.05241394042969,84.43531036376953,86.796875,38.095237731933594,61.904762268066406,18.18181800842285,8.69565200805664,5,4.545454502105713,4.761904716491699,4.545454502105713,0,0,20.02851104736328,25769803776,2147483648,18445139968,765329408
209,1790454499376,4,4,4,4,4,4,4,4,4,4,84.54671478271484,82.63616180419922,81.26702880859375,82.88201141357422,74.17501831054688,84.37004089355469,86.671875,47.619049072265625,33.333335876464844,15.000000953674316,15.000000953674316,22.72727394104004,35,9.090909004211426,0,0,0,20.02851104736328,25769803776,2147483648,18438717440,765329408
202,1790454499586,4,4,4,4,4,4,4,4,4,4,84.54671478271484,82.63616180419922,81.26702880859375,82.88201141357422,74.17501831054688,84.37004089355469,86.671875,45.45454788208008,40,20,4.761904716491699,0,0,4.761904716491699,0,0,0,20.02851104736328,25769803776,2147483648,18446319616,765329408
209,1790454499789,4,4,4,4,4,4,4,4,4,4,84.54671478271484,82.63616180419922,81.26702880859375,82.88201141357422,74.17501831054688,84.37004089355469,86.671875,50,42.85714340209961,14.285715103149414,15.000000953674316,9.523809432983398,13.636363983154297,5.263157844543457,0,4.761904716491699,0,20.02851104736328,25769803776,2147483648,18443239424,765329408
209,1790454499999,4,4,4,4,4,4,4,4,4,4,84.54671478271484,82.63616180419922,81.26702880859375,82.88201141357422,74.17501831054688,84.37004089355469,86.671875,50,38.095237731933594,14.285715103149414,28.571430206298828,5,15.000000953674316,4.761904716491699,0,0,0,19.504884719848633,25769803776,2147483648,18443239424,765329408
209,1790454500209,4,4,4,4,4,4,4,4,4,4,84.54671478271484,82.63616180419922,81.26702880859375,82.88201141357422,74.17501831054688,84.37004089355469,86.671875,40.90909194946289,54.54545593261719,9.523809432983398,13.636363983154297,8.69565200805664,4.761904716491699,9.090909004211426,0,0,0,19.504884719848633,25769803776,2147483648,18447302656,765329408
209,1790454500419,4,4,4,4,4,4,4,4,4,4,84.0556411743164,82.47537231445313,81.15813446044922,82.5741195678711,74.06466674804688,84.18196105957031,85.96875,45,31.57894515991211,10,23.809524536132813,15.000000953674316,10,5,4.545454502105713,0,4.545454502105713,19.504884719848633,25769803776,2147483648,18445123584,765329408
209,1790454500629,4,4,4,4,4,4,4,4,4,4,84.0556411743164,82.47537231445313,81.15813446044922,82.5741195678711,74.06466674804688,84.18196105957031,85.96875,33.333335876464844,68.18181610107422,21.7391300201416,10,14.285715103149414,14.285715103149414,4.761904716491699,0,0,0,19.504884719848633,25769803776,2147483648,18445123584,765329408
209,1790454500839,4,4,4,4,4,4,4,4,4,4,84.0556411743164,82.47537231445313,81.15813446044922,82.5741195678711,74.06466674804688,84.18196105957031,85.96875,47.619049072265625,50,5.263157844543457,4.545454502105713,0,4.545454502105713,9.090909004211426,0,4.545454502105713,0,18.774375915527344,25769803776,2147483648,18445123584,765329408
209,1790454501050,4,4,4,4,4,4,4,4,4,4,84.0556411743164,82.47537231445313,81.15813446044922,82.5741195678711,74.06466674804688,84.18196105957031,85.96875,33.333335876464844,33.333335876464844,36.3636360168457,30.000001907348633,13.636363983154297,20,5,0,0,0,18.774375915527344,25769803776,2147483648,18445123584,765329408
209,1790454501259,4,4,4,4,4,4,4,4,4,4,84.0556411743164,82.47537231445313,81.15813446044922,82.5741195678711,74.06466674804688,84.18196105957031,85.96875,40,63.6363639831543,9.523809432983398,4.761904716491699,4.761904716491699,4.545454502105713,4.761904716491699,0,0,0,18.774375915527344,25769803776,2147483648,18451234816,765329408
206,1790454501469,4,4,4,4,4,4,4,4,4,4,84.02021026611328,82.46549987792969,81.03158569335938,82.44898223876953,73.95536041259766,84.21162414550781,85.734375,47.619049072265625,52.38095474243164,19.047618865966797,13.636363983154297,5,9.523809432983398,4.545454502105713,0,0,0,18.774375915527344,25769803776,2147483648,18448039936,765329408
209,1790454501676,4,4,4,4,4,4,4,4,4,4,84.02021026611328,82.46549987792969,81.03158569335938,82.44898223876953,73.95536041259766,84.21162414550781,85.734375,38.095237731933594,28.571430206298828,45,10,19.047618865966797,14.285715103149414,0,0,4.761904716491699,0,18.774375915527344,25769803776,2147483648,18446237696,765329408
209,1790454501886,4,4,4,4,4,4,4,4,4,4,84.02021026611328,82.46549987792969,81.03158569335938,82.44898223876953,73.95536041259766,84.21162414550781,85.734375,61.904762268066406,40,9.523809432983398,4.761904716491699,4.545454502105713,0,9.090909004211426,0,4.545454502105713,0,18.626331329345703,25769803776,2147483648,18446237696,765329408
209,1790454502096,4,4,4,4,4,4,4,4,4,4,84.02021026611328,82.46549987792969,81.03158569335938,82.44898223876953,73.95536041259766,84.21162414550781,85.734375,23.809524536132813,52.38095474243164,33.333335876464844,14.285715103149414,5,4.761904716491699,0,0,0,0,18.626331329345703,25769803776,2147483648,18446237696,765329408
209,1790454502306,4,4,4,4,4,4,4,4,4,4,84.02021026611328,82.46549987792969,81.03158569335938,82.44898223876953,73.95536041259766,84.21162414550781,85.734375,47.619049072265625,38.095237731933594,28.571430206298828,30.000001907348633,13.636363983154297,14.285715103149414,9.090909004211426,0,0,0,18.626331329345703,25769803776,2147483648,18454085632,765329408
209,1790454502516,4,4,4,4,4,4,4,4,4,4,84.1070327758789,82.21813201904297,80.95576477050781,82.495361328125,73.90714263916016,84.4123764038086,86.4375,50,47.619049072265625,14.285715103149414,4.761904716491699,5,4.545454502105713,0,9.090909004211426,0,0,18.626331329345703,25769803776,2147483648,18452283392,765329408
209,1790454502726,4,4,4,4,4,4,4,4,4,4,84.1070327758789,82.21813201904297,80.95576477050781,82.495361328125,73.90714263916016,84.4123764038086,86.4375,30.000001907348633,52.38095474243164,38.095237731933594,22.72727394104004,14.285715103149414,10,0,4.761904716491699,0,0,18.626331329345703,25769803776,2147483648,18452283392,765329408
202,1790454502936,4,4,4,4,4,4,4,4,4,4,84.1070327758789,82.21813201904297,80.95576477050781,82.495361328125,73.90714263916016,84.4123764038086,86.4375,40,40,13.636363983154297,0,19.047618865966797,4.761904716491699,4.761904716491699,9.523809432983398,0,0,18.81640625,25769803776,2147483648,18452283392,765329408
209,1790454503138,4,4,4,4,4,4,4,4,4,4,84.1070327758789,82.21813201904297,80.95576477050781,82.495361328125,73.90714263916016,84.4123764038086,86.4375,52.38095474243164,47.619049072265625,15.789472579956055,9.523809432983398,5,4.761904716491699,0,5,0,0,18.81640625,25769803776,2147483648,18452283392,765329408
209,1790454503348,4,4,4,4,4,4,4,4,4,4,83.98680877685547,81.91962432861328,81.492431640625,82.44866180419922,74.80386352539063,84.2099609375,85.96875,28.571430206298828,19.047618865966797,57.142860412597656,9.523809432983398,22.72727394104004,19.047618865966797,0,9.090909004211426,0,0,18.81640625,25769803776,2147483648,18446188544,765329408
209,1790454503558,4,4,4,4,4,4,4,4,4,4,83.98680877685547,81.91962432861328,81.492431640625,82.44866180419922,74.80386352539063,84.2099609375,85.96875,45,57.142860412597656,9.523809432983398,5,0,0,0,4.761904716491699,4.761904716491699,0,18.81640625,25769803776,2147483648,18454560768,765329408
209,1790454503768,4,4,4,4,4,4,4,4,4,4,83.98680877685547,81.91962432861328,81.492431640625,82.44866180419922,74.80386352539063,84.2099609375,85.96875,45.45454788208008,38.095237731933594,18.18181800842285,31.81818199157715,4.761904716491699,4.761904716491699,0,9.523809432983398,0,0,18.81640625,25769803776,2147483648,18454560768,765329408
203,1790454503978,4,4,4,4,4,4,4,4,4,4,83.98680877685547,81.91962432861328,81.492431640625,82.44866180419922,74.80386352539063,84.2099609375,85.96875,61.904762268066406,45,14.285715103149414,14.285715103149414,19.047618865966797,14.285715103149414,5,0,4.545454502105713,0,18.846845626831055,25769803776,2147483648,18454560768,765329408
209,1790454504182,4,4,4,4,4,4,4,4,4,4,83.98680877685547,81.91962432861328,81.492431640625,82.44866180419922,74.80386352539063,84.2099609375,85.96875,52.38095474243164,47.619049072265625,15.000000953674316,5,4.761904716491699,4.761904716491699,4.545454502105713,5,0,0,18.846845626831055,25769803776,2147483648,18454560768,765329408
209,1790454504392,4,4,4,4,4,4,4,4,4,4,83.80355834960938,81.84709930419922,81.14148712158203,82.30636596679688,74.34959411621094,84.09475708007813,87.03125,30.000001907348633,52.38095474243164,25,14.285715103149414,9.523809432983398,10,0,9.523809432983398,0,0,18.846845626831055,25769803776,2147483648,18451038208,765329408
209,1790454504602,4,4,4,4,4,4,4,4,4,4,83.80355834960938,81.84709930419922,81.14148712158203,82.30636596679688,74.34959411621094,84.09475708007813,87.03125,33.333335876464844,71.42857360839844,22.72727394104004,5,5,9.090909004211426,0,4.761904716491699,0,0,18.846845626831055,25769803776,2147483648,18456084480,765329408
209,1790454504812,4,4,4,4,4,4,4,4,4,4,83.80355834960938,81.84709930419922,81.14148712158203,82.30636596679688,74.34959411621094,84.09475708007813,87.03125,42.85714340209961,52.38095474243164,10,9.523809432983398,9.090909004211426,5,0,5,0,0,18.846845626831055,25769803776,2147483648,18453430272,765329408
202,1790454505022,4,4,4,4,4,4,4,4,4,4,83.80355834960938,81.84709930419922,81.14148712158203,82.30636596679688,74.34959411621094,84.09475708007813,87.03125,52.38095474243164,38.095237731933594,22.72727394104004,31.81818199157715,9.523809432983398,13.636363983154297,0,4.761904716491699,0,0,18.60267448425293,25769803776,2147483648,18453430272,765329408
209,1790454505225,4,4,4,4,4,4,4,4,4,4,83.80355834960938,81.84709930419922,81.14148712158203,82.30636596679688,74.34959411621094,84.09475708007813,87.03125,50,45,10,4.761904716491699,5,0,4.761904716491699,0,0,0,18.60267448425293,25769803776,2147483648,18453430272,765329408
209,1790454505435,4,4,4,4,4,4,4,4,4,4,83.76783752441406,81.80288696289063,81.32167053222656,82.22772979736328,74.6368408203125,84.02481079101563,85.5,57.142860412597656,33.333335876464844,25,10,4.761904716491699,5,0,9.090909004211426,4.545454502105713,0,18.60267448425293,25769803776,2147483648,18455052288,765329408
209,1790454505645,4,4,4,4,4,4,4,4,4,4,83.76783752441406,81.80288696289063,81.32167053222656,82.22772979736328,74.6368408203125,84.02481079101563,85.5,33.333335876464844,57.142860412597656,23.809524536132813,23.809524536132813,13.636363983154297,9.523809432983398,0,5,0,0,18.60267448425293,25769803776,2147483648,18457755648,765329408
209,1790454505855,4,4,4,4,4,4,4,4,4,4,83.76783752441406,81.80288696289063,81.32167053222656,82.22772979736328,74.6368408203125,84.02481079101563,85.5,52.38095474243164,52.38095474243164,18.18181800842285,5,5,4.761904716491699,0,9.090909004211426,0,0,18.651180267333984,25769803776,2147483648,18457755648,765329408
209,1790454506065,4,4,4,4,4,4,4,4,4,4,83.76783752441406,81.80288696289063,81.32167053222656,82.22772979736328,74.6368408203125,84.02481079101563,85.5,38.095237731933594,35,14.285715103149414,31.81818199157715,9.523809432983398,31.81818199157715,4.545454502105713,4.761904716491699,0,0,18.651180267333984,25769803776,2147483648,18457755648,765329408
209,1790454506275,4,4,4,4,4,4,4,4,4,4,83.76783752441406,81.80288696289063,81.32167053222656,82.22772979736328,74.6368408203125,84.02481079101563,85.5,57.142860412597656,50,5,4.761904716491699,4.761904716491699,0,0,9.523809432983398,0,0,18.651180267333984,25769803776,2147483648,18457755648,765329408
209,1790454506485,4,4,4,4,4,4,4,4,4,4,83.69921112060547,81.70085144042969,81.09912872314453,82.18859100341797,74.36054229736328,83.96379852294922,85.5,52.38095474243164,45,14.285715103149414,4.761904716491699,10,9.090909004211426,0,4.761904716491699,0,0,18.651180267333984,25769803776,2147483648,18456444928,765329408
209,1790454506695,4,4,4,4,4,4,4,4,4,4,83.69921112060547,81.70085144042969,81.09912872314453,82.18859100341797,74.36054229736328,83.96379852294922,85.5,33.333335876464844,33.333335876464844,33.333335876464844,23.809524536132813,23.809524536132813,10,0,4.761904716491699,4.545454502105713,0,18.651180267333984,25769803776,2147483648,18451922944,765329408
209,1790454506905,4,4,4,4,4,4,4,4,4,4,83.69921112060547,81.70085144042969,81.09912872314453,82.18859100341797,74.36054229736328,83.96379852294922,85.5,47.619049072265625,57.142860412597656,13.636363983154297,4.761904716491699,4.545454502105713,4.545454502105713,9.090909004211426,0,0,0,18.523746490478516,25769803776,2147483648,18459918336,765329408
209,1790454507115,4,4,4,4,4,4,4,4,4,4,83.69921112060547,81.70085144042969,81.09912872314453,82.18859100341797,74.36054229736328,83.96379852294922,85.5,25,22.72727394104004,45,4.761904716491699,14.285715103149414,25,0,9.090909004211426,0,0,18.523746490478516,25769803776,2147483648,18457772032,765329408
209,1790454507325,4,4,4,4,4,4,4,4,4,4,83.66671752929688,81.72270965576172,81.01946258544922,82.15508270263672,74.21027374267578,83.88996887207031,85.96875,45.45454788208008,45,19.047618865966797,14.285715103149414,9.523809432983398,28.571430206298828,0,4.761904716491699,0,0,18.523746490478516,25769803776,2147483648,18453577728,765329408
209,1790454507535,4,4,4,4,4,4,4,4,4,4,83.66671752929688,81.72270965576172,81.01946258544922,82.15508270263672,74.21027374267578,83.88996887207031,85.96875,52.38095474243164,47.619049072265625,14.285715103149414,0,4.761904716491699,4.761904716491699,0,9.523809432983398,4.545454502105713,0,18.523746490478516,25769803776,2147483648,18461016064,765329408
209,1790454507745,4,4,4,4,4,4,4,4,4,4,83.66671752929688,81.72270965576172,81.01946258544922,82.15508270263672,74.21027374267578,83.88996887207031,85.96875,70,28.571430206298828,14.285715103149414,13.636363983154297,13.636363983154297,19.047618865966797,0,0,0,0,18.523746490478516,25769803776,2147483648,18456870912,765329408
209,1790454507955,4,4,4,4,4,4,4,4,4,4,83.66671752929688,81.72270965576172,81.01946258544922,82.15508270263672,74.21027374267578,83.88996887207031,85.96875,42.85714340209961,47.619049072265625,9.523809432983398,23.809524536132813,5,9.090909004211426,4.761904716491699,9.523809432983398,0,0,18.588430404663086,25769803776,2147483648,18461327360,765329408
209,1790454508165,4,4,4,4,4,4,4,4,4,4,83.66671752929688,81.72270965576172,81.01946258544922,82.15508270263672,74.21027374267578,83.88996887207031,85.96875,45,52.38095474243164,22.72727394104004,9.523809432983398,5,4.761904716491699,0,4.761904716491699,4.545454502105713,0,18.588430404663086,25769803776,2147483648,18458492928,765329408
209,1790454508375,4,4,4,4,4,4,4,4,4,4,83.56670379638672,81.50545501708984,80.9149398803711,82.0850830078125,74.09905242919922,83.76038360595703,85.5,59.09090805053711,31.81818199157715,31.57894515991211,14.285715103149414,13.636363983154297,5,4.545454502105713,9.090909004211426,0,0,18.588430404663086,25769803776,2147483648,18454216704,765329408
209,1790454508585,4,4,4,4,4,4,4,4,4,4,83.56670379638672,81.50545501708984,80.9149398803711,82.0850830078125,74.09905242919922,83.76038360595703,85.5,57.142860412597656,50,18.18181800842285,5,19.047618865966797,9.090909004211426,0,5,0,0,18.588430404663086,25769803776,2147483648,18454708224,765329408
209,1790454508795,4,4,4,4,4,4,4,4,4,4,83.56670379638672,81.50545501708984,80.9149398803711,82.0850830078125,74.09905242919922,83.76038360595703,85.5,52.38095474243164,52.38095474243164,10,9.090909004211426,4.761904716491699,5,0,9.090909004211426,0,0,18.588430404663086,25769803776,2147483648,18451873792,765329408
208,1790454509005,4,4,4,4,4,4,4,4,4,4,83.56670379638672,81.50545501708984,80.9149398803711,82.0850830078125,74.09905242919922,83.76038360595703,85.5,38.095237731933594,28.571430206298828,54.54545593261719,19.047618865966797,9.523809432983398,13.636363983154297,0,4.761904716491699,0,0,18.424877166748047,25769803776,2147483648,18456150016,765329408
209,1790454509214,4,4,4,4,4,4,4,4,4,4,83.56670379638672,81.50545501708984,80.9149398803711,82.0850830078125,74.09905242919922,83.76038360595703,85.5,50,50,15.000000953674316,4.761904716491699,5,5,0,0,0,0,18.424877166748047,25769803776,2147483648,18456150016,765329408
209,1790454509424,4,4,4,4,4,4,4,4,4,4,83.49609375,81.53678131103516,80.88227081298828,82.01363372802734,74.01896667480469,83.67000579833984,85.265625,71.42857360839844,18.18181800842285,18.18181800842285,9.523809432983398,9.523809432983398,4.761904716491699,9.523809432983398,4.545454502105713,0,0,18.424877166748047,25769803776,2147483648,18456150016,765329408
209,1790454509634,4,4,4,4,4,4,4,4,4,4,83.49609375,81.53678131103516,80.88227081298828,82.01363372802734,74.01896667480469,83.67000579833984,85.265625,66.66667175292969,57.142860412597656,75,14.285715103149414,18.18181800842285,14.285715103149414,4.761904716491699,4.761904716491699,4.545454502105713,0,18.424877166748047,25769803776,2147483648,18454364160,765329408
209,1790454509844,4,4,4,4,4,4,4,4,4,4,83.49609375,81.53678131103516,80.88227081298828,82.01363372802734,74.01896667480469,83.67000579833984,85.265625,45.45454788208008,55,13.636363983154297,4.761904716491699,0,0,0,4.761904716491699,0,0,18.422252655029297,25769803776,2147483648,18447187968,765329408
202,1790454510054,4,4,4,4,4,4,4,4,4,4,83.49609375,81.53678131103516,80.88227081298828,82.01363372802734,74.01896667480469,83.67000579833984,85.265625,35,22.72727394104004,38.095237731933594,30.000001907348633,19.047618865966797,23.809524536132813,0,9.523809432983398,0,0,18.422252655029297,25769803776,2147483648,18448285696,765329408
209,1790454510257,4,4,4,4,4,4,4,4,4,4,83.49609375,81.53678131103516,80.88227081298828,82.01363372802734,74.01896667480469,83.67000579833984,85.265625,55,50,10.526315689086914,4.761904716491699,5,4.761904716491699,0,5,0,0,18.422252655029297,25769803776,2147483648,18455576576,765329408
209,1790454510467,4,4,4,4,4,4,4,4,4,4,83.4345474243164,81.44599914550781,80.72917175292969,81.9433364868164,73.78418731689453,83.57467651367188,85.625,42.85714340209961,40,18.18181800842285,9.523809432983398,23.809524536132813,5,4.545454502105713,9.523809432983398,0,0,18.422252655029297,25769803776,2147483648,18452955136,765329408
209,1790454510677,4,4,4,4,4,4,4,4,4,4,83.4345474243164,81.44599914550781,80.72917175292969,81.9433364868164,73.78418731689453,83.57467651367188,85.625,66.66667175292969,28.571430206298828,23.809524536132813,9.523809432983398,15.000000953674316,13.636363983154297,0,9.523809432983398,4.545454502105713,0,18.422252655029297,25769803776,2147483648,18448367616,765329408
205,1790454510887,4,4,4,4,4,4,4,4,4,4,83.4345474243164,81.44599914550781,80.72917175292969,81.9433364868164,73.78418731689453,83.57467651367188,85.625,47.619049072265625,50,10,4.761904716491699,4.545454502105713,0,0,4.761904716491699,4.545454502105713,0,18.4508113861084,25769803776,2147483648,18456231936,765329408
209,1790454511093,4,4,4,4,4,4,4,4,4,4,83.4345474243164,81.44599914550781,80.72917175292969,81.9433364868164,73.78418731689453,83.57467651367188,85.625,47.619049072265625,30.000001907348633,9.523809432983398,10,9.523809432983398,23.809524536132813,4.761904716491699,10,0,0,18.4508113861084,25769803776,2147483648,18454691840,765329408
209,1790454511303,4,4,4,4,4,4,4,4,4,4,83.4345474243164,81.44599914550781,80.72917175292969,81.9433364868164,73.78418731689453,83.57467651367188,85.625,42.85714340209961,66.66667175292969,23.809524536132813,18.18181800842285,14.285715103149414,14.285715103149414,0,4.761904716491699,0,0,18.4508113861084,25769803776,2147483648,18456838144,765329408
209,1790454511513,4,4,4,4,4,4,4,4,4,4,83.3282241821289,81.2418212890625,80.76531982421875,81.81025695800781,73.9151382446289,83.42098236083984,85.03125,47.619049072265625,52.38095474243164,14.285715103149414,0,5,0,0,9.523809432983398,0,0,18.4508113861084,25769803776,2147483648,18457395200,765329408
199,1790454511723,4,4,4,4,4,4,4,4,4,4,83.3282241821289,81.2418212890625,80.76531982421875,81.81025695800781,73.9151382446289,83.42098236083984,85.03125,47.619049072265625,23.809524536132813,28.571430206298828,23.809524536132813,9.523809432983398,31.81818199157715,0,5,0,0,18.4508113861084,25769803776,2147483648,18450284544,765329408
209,1790454511923,4,4,4,4,4,4,4,4,4,4,83.3282241821289,81.2418212890625,80.76531982421875,81.81025695800781,73.9151382446289,83.42098236083984,85.03125,50,45,20,5,5,5,0,13.636363983154297,0,0,18.244844436645508,25769803776,2147483648,18456952832,765329408
207,1790454512133,4,4,4,4,4,4,4,4,4,4,83.3282241821289,81.2418212890625,80.76531982421875,81.81025695800781,73.9151382446289,83.42098236083984,85.03125,55,30.000001907348633,10,23.809524536132813,4.761904716491699,4.761904716491699,0,9.523809432983398,0,0,18.244844436645508,25769803776,2147483648,18454347776,765329408
205,1790454512341,4,4,4,4,4,4,4,4,4,4,83.19094848632813,81.12115478515625,80.55624389648438,81.7314682006836,73.67188262939453,83.27704620361328,85.03125,47.619049072265625,28.571430206298828,38.095237731933594,14.285715103149414,9.523809432983398,19.047618865966797,4.545454502105713,0,4.761904716491699,0,18.244844436645508,25769803776,2147483648,18454347776,765329408
209,1790454512547,4,4,4,4,4,4,4,4,4,4,83.19094848632813,81.12115478515625,80.55624389648438,81.7314682006836,73.67188262939453,83.27704620361328,85.03125,38.095237731933594,61.904762268066406,18.18181800842285,4.761904716491699,9.523809432983398,5,0,5,0,0,18.244844436645508,25769803776,2147483648,18454347776,765329408
209,1790454512757,4,4,4,4,4,4,4,4,4,4,83.19094848632813,81.12115478515625,80.55624389648438,81.7314682006836,73.67188262939453,83.27704620361328,85.03125,33.333335876464844,61.904762268066406,20,5,9.523809432983398,9.523809432983398,0,9.090909004211426,0,0,18.244844436645508,25769803776,2147483648,18456592384,765329408
203,1790454512967,4,4,4,4,4,4,4,4,4,4,83.19094848632813,81.12115478515625,80.55624389648438,81.7314682006836,73.67188262939453,83.27704620361328,85.03125,47.619049072265625,42.85714340209961,35,14.285715103149414,14.285715103149414,13.636363983154297,4.545454502105713,5,0,0,18.237178802490234,25769803776,2147483648,18459344896,765329408
202,1790454513170,4,4,4,4,4,4,4,4,4,4,83.19094848632813,81.12115478515625,80.55624389648438,81.7314682006836,73.67188262939453,83.27704620361328,85.03125,50,47.619049072265625,14.285715103149414,5,0,0,0,14.285715103149414,4.761904716491699,4.761904716491699,18.237178802490234,25769803776,2147483648,18459541504,765329408
209,1790454513373,4,4,4,4,4,4,4,4,4,4,83.18485260009766,81.11480712890625,80.52375793457031,81.70509338378906,73.69591522216797,83.26313781738281,85.140625,70,25,14.285715103149414,18.18181800842285,5,5,0,5,0,0,18.237178802490234,25769803776,2147483648,18454216704,765329408
209,1790454513583,4,4,4,4,4,4,4,4,4,4,83.18485260009766,81.11480712890625,80.52375793457031,81.70509338378906,73.69591522216797,83.26313781738281,85.140625,61.904762268066406,45,19.047618865966797,10,13.636363983154297,13.636363983154297,0,9.523809432983398,0,0,18.237178802490234,25769803776,2147483648,18452168704,765329408
203,1790454513793,4,4,4,4,4,4,4,4,4,4,83.18485260009766,81.11480712890625,80.52375793457031,81.70509338378906,73.69591522216797,83.26313781738281,85.140625,61.904762268066406,38.095237731933594,15.000000953674316,4.761904716491699,13.636363983154297,4.761904716491699,4.761904716491699,9.523809432983398,0,0,18.237178802490234,25769803776,2147483648,18457018368,765329408
202,1790454513997,4,4,4,4,4,4,4,4,4,4,83.18485260009766,81.11480712890625,80.52375793457031,81.70509338378906,73.69591522216797,83.26313781738281,85.140625,57.142860412597656,15.000000953674316,14.285715103149414,30.000001907348633,5.263157844543457,28.571430206298828,0,9.523809432983398,0,0,18.256685256958008,25769803776,2147483648,18453610496,765329408
209,1790454514200,4,4,4,4,4,4,4,4,4,4,83.18485260009766,81.11480712890625,80.52375793457031,81.70509338378906,73.69591522216797,83.26313781738281,85.140625,52.6315803527832,50,10.526315689086914,4.761904716491699,4.761904716491699,0,0,10,0,0,18.256685256958008,25769803776,2147483648,18461065216,765329408
209,1790454514410,4,4,4,4,4,4,4,4,4,4,83.0869369506836,81.03622436523438,80.37267303466797,81.65033721923828,73.50558471679688,83.19049072265625,84.796875,52.38095474243164,52.38095474243164,14.285715103149414,5,9.523809432983398,9.090909004211426,4.545454502105713,5,4.545454502105713,0,18.256685256958008,25769803776,2147483648,18461065216,765329408
203,1790454514620,4,4,4,4,4,4,4,4,4,4,83.0869369506836,81.03622436523438,80.37267303466797,81.65033721923828,73.50558471679688,83.19049072265625,84.796875,50,28.571430206298828,18.18181800842285,33.333335876464844,9.523809432983398,9.523809432983398,0,9.523809432983398,0,0,18.256685256958008,25769803776,2147483648,18461065216,765329408
209,1790454514823,4,4,4,4,4,4,4,4,4,4,83.0869369506836,81.03622436523438,80.37267303466797,81.65033721923828,73.50558471679688,83.19049072265625,84.796875,36.842105865478516,61.904762268066406,10,9.523809432983398,0,0,4.761904716491699,4.761904716491699,0,0,18.256685256958008,25769803776,2147483648,18463096832,765329408
203,1790454515033,4,4,4,4,4,4,4,4,4,4,83.0869369506836,81.03622436523438,80.37267303466797,81.65033721923828,73.50558471679688,83.19049072265625,84.796875,28.571430206298828,33.333335876464844,50,15.000000953674316,14.285715103149414,9.090909004211426,0,9.090909004211426,0,0,18.11685562133789,25769803776,2147483648,18459852800,765329408
209,1790454515237,4,4,4,4,4,4,4,4,4,4,83.0869369506836,81.03622436523438,80.37267303466797,81.65033721923828,73.50558471679688,83.19049072265625,84.796875,45,40,22.72727394104004,33.333335876464844,15.000000953674316,10.526315689086914,0,5.263157844543457,0,0,18.11685562133789,25769803776,2147483648,18461933568,765329408
209,1790454515447,4,4,4,4,4,4,4,4,4,4,83.00389862060547,80.9955825805664,80.35690307617188,81.58999633789063,73.53394317626953,83.12785339355469,84.796875,52.38095474243164,47.619049072265625,10,0,0,8.69565200805664,0,9.523809432983398,0,0,18.11685562133789,25769803776,2147483648,18462228480,765329408
209,1790454515657,4,4,4,4,4,4,4,4,4,4,83.00389862060547,80.9955825805664,80.35690307617188,81.58999633789063,73.53394317626953,83.12785339355469,84.796875,40.90909194946289,35,14.285715103149414,14.285715103149414,23.809524536132813,40,0,13.636363983154297,0,0,18.11685562133789,25769803776,2147483648,18455543808,765329408
209,1790454515867,4,4,4,4,4,4,4,4,4,4,83.00389862060547,80.9955825805664,80.35690307617188,81.58999633789063,73.53394317626953,83.12785339355469,84.796875,40,50,31.81818199157715,4.761904716491699,4.761904716491699,4.761904716491699,4.761904716491699,5,4.545454502105713,0,18.08537483215332,25769803776,2147483648,18462769152,765329408
209,1790454516077,4,4,4,4,4,4,4,4,4,4,83.00389862060547,80.9955825805664,80.35690307617188,81.58999633789063,73.53394317626953,83.12785339355469,84.796875,45.45454788208008,55,10,4.761904716491699,4.761904716491699,0,0,9.523809432983398,0,0,18.08537483215332,25769803776,2147483648,18463129600,765329408
209,1790454516287,4,4,4,4,4,4,4,4,4,4,83.00389862060547,80.9955825805664,80.35690307617188,81.58999633789063,73.53394317626953,83.12785339355469,84.796875,52.38095474243164,22.72727394104004,28.571430206298828,23.809524536132813,33.333335876464844,14.285715103149414,0,13.636363983154297,0,0,18.08537483215332,25769803776,2147483648,18463129600,765329408
209,1790454516497,4,4,4,4,4,4,4,4,4,4,82.89547729492188,80.74848937988281,80.1837158203125,81.45511627197266,73.3849868774414,82.94808959960938,84.796875,61.904762268066406,38.095237731933594,14.285715103149414,4.761904716491699,0,8.69565200805664,0,5,4.545454502105713,0,18.08537483215332,25769803776,2147483648,18463129600,765329408
209,1790454516707,4,4,4,4,4,4,4,4,4,4,82.89547729492188,80.74848937988281,80.1837158203125,81.45511627197266,73.3849868774414,82.94808959960938,84.796875,45,35,28.571430206298828,4.761904716491699,4.761904716491699,10,0,9.523809432983398,0,0,18.08537483215332,25769803776,2147483648,18463129600,765329408
209,1790454516917,4,4,4,4,4,4,4,4,4,4,82.89547729492188,80.74848937988281,80.1837158203125,81.45511627197266,73.3849868774414,82.94808959960938,84.796875,27.272727966308594,38.095237731933594,33.333335876464844,15.000000953674316,13.636363983154297,23.809524536132813,0,9.523809432983398,0,0,18.081302642822266,25769803776,2147483648,18457362432,765329408
209,1790454517127,4,4,4,4,4,4,4,4,4,4,82.89547729492188,80.74848937988281,80.1837158203125,81.45511627197266,73.3849868774414,82.94808959960938,84.796875,55,50,5,9.090909004211426,9.523809432983398,4.761904716491699,0,9.523809432983398,0,0,18.081302642822266,25769803776,2147483648,18464882688,765329408
209,1790454517337,4,4,4,4,4,4,4,4,4,4,82.76744079589844,80.6015396118164,80.03592681884766,81.29949188232422,73.352783203125,82.83468627929688,84.5625,50,40,18.18181800842285,4.761904716491699,4.761904716491699,23.809524536132813,4.545454502105713,9.523809432983398,4.545454502105713,0,18.081302642822266,25769803776,2147483648,18460098560,765329408
209,1790454517547,4,4,4,4,4,4,4,4,4,4,82.76744079589844,80.6015396118164,80.03592681884766,81.29949188232422,73.352783203125,82.83468627929688,84.5625,26.3157901763916,38.095237731933594,33.333335876464844,14.285715103149414,14.285715103149414,33.333335876464844,0,9.523809432983398,0,0,18.081302642822266,25769803776,2147483648,18455625728,765329408
209,1790454517757,4,4,4,4,4,4,4,4,4,4,82.76744079589844,80.6015396118164,80.03592681884766,81.29949188232422,73.352783203125,82.83468627929688,84.5625,59.09090805053711,42.85714340209961,4.761904716491699,4.761904716491699,0,4.761904716491699,0,4.545454502105713,0,0,18.081302642822266,25769803776,2147483648,18465554432,765329408
209,1790454517967,4,4,4,4,4,4,4,4,4,4,82.76744079589844,80.6015396118164,80.03592681884766,81.29949188232422,73.352783203125,82.83468627929688,84.5625,50,28.571430206298828,14.285715103149414,14.285715103149414,28.571430206298828,4.761904716491699,0,5,0,0,17.8944091796875,25769803776,2147483648,18461212672,765329408
209,1790454518177,4,4,4,4,4,4,4,4,4,4,82.76744079589844,80.6015396118164,80.03592681884766,81.29949188232422,73.352783203125,82.83468627929688,84.5625,36.3636360168457,52.38095474243164,14.285715103149414,23.809524536132813,19.047618865966797,10,0,9.523809432983398,4.545454502105713,0,17.8944091796875,25769803776,2147483648,18456297472,765329408
7,1790454518387,4,4,4,4,4,4,4,4,4,4,82.70238494873047,80.81573486328125,80.15966796875,81.23188781738281,73.47447967529297,82.80586242675781,88.328125,57.142860412597656,47.619049072265625,19.047618865966797,5,9.090909004211426,4.761904716491699,33.333335876464844,33.333335876464844,0,0,17.8944091796875,25769803776,2147483648,17669586944,765329408
