Delta,Time,CPU_FREQUENCY_0,CPU_FREQUENCY_1,CPU_FREQUENCY_2,CPU_FREQUENCY_3,CPU_FREQUENCY_4,CPU_FREQUENCY_5,CPU_FREQUENCY_6,CPU_FREQUENCY_7,CPU_FREQUENCY_8,CPU_FREQUENCY_9,CPU_TEMP_0,CPU_TEMP_1,CPU_TEMP_2,CPU_TEMP_3,CPU_TEMP_4,CPU_TEMP_5,CPU_TEMP_6,CPU_USAGE_0,CPU_USAGE_1,CPU_USAGE_2,CPU_USAGE_3,CPU_USAGE_4,CPU_USAGE_5,CPU_USAGE_6,CPU_USAGE_7,CPU_USAGE_8,CPU_USAGE_9,SYSTEM_POWER (Watts),TOTAL_MEMORY,TOTAL_SWAP,USED_MEMORY,USED_SWAP
0,1790937262694,4,4,4,4,4,4,4,4,4,4,64.55196380615234,64.908935546875,64.58454132080078,63.98795700073242,57.478904724121094,64.69534301757813,66.25,66.66667175292969,0,0,NaN,0,0,0,0,0,0,3.430142879486084,25769803776,0,18343641088,0
202,1790937262695,4,4,4,4,4,4,4,4,4,4,64.55196380615234,64.908935546875,64.58454132080078,63.98795700073242,57.478904724121094,64.69534301757813,66.25,NaN,100,100,0,100,100,NaN,0,0,0,3.430142879486084,25769803776,0,18343641088,0
209,1790937262897,4,4,4,4,4,4,4,4,4,4,64.55196380615234,64.908935546875,64.58454132080078,63.98795700073242,57.478904724121094,64.69534301757813,66.25,50,20,45,25,10,5.263157844543457,33.333335876464844,5,0,0,3.430142879486084,25769803776,0,18343641088,0
209,1790937263107,4,4,4,4,4,4,4,4,4,4,65.88074493408203,65.7845687866211,65.28279876708984,64.8370132446289,58.33222961425781,65.87914276123047,72.75,71.42857360839844,35,13.636363983154297,4.761904716491699,4.761904716491699,9.090909004211426,13.636363983154297,0,0,0,3.430142879486084,25769803776,0,18343641088,0
209,1790937263317,4,4,4,4,4,4,4,4,4,4,65.88074493408203,65.7845687866211,65.28279876708984,64.8370132446289,58.33222961425781,65.87914276123047,72.75,65,33.333335876464844,9.523809432983398,9.090909004211426,0,0,0,5,0,0,3.430142879486084,25769803776,0,18356649984,0
209,1790937263527,4,4,4,4,4,4,4,4,4,4,65.88074493408203,65.7845687866211,65.28279876708984,64.8370132446289,58.33222961425781,65.87914276123047,72.75,68.18181610107422,27.272727966308594,15.000000953674316,15.000000953674316,13.636363983154297,14.285715103149414,0,4.761904716491699,0,0,3.430142879486084,25769803776,0,18357256192,0
209,1790937263737,4,4,4,4,4,4,4,4,4,4,65.88074493408203,65.7845687866211,65.28279876708984,64.8370132446289,58.33222961425781,65.87914276123047,72.75,25,50,38.095237731933594,9.523809432983398,5,13.636363983154297,0,9.090909004211426,8.69565200805664,0,3.7612411975860596,25769803776,0,18349342720,0
209,1790937263947,4,4,4,4,4,4,4,4,4,4,65.88074493408203,65.7845687866211,65.28279876708984,64.8370132446289,58.33222961425781,65.87914276123047,72.75,36.3636360168457,66.66667175292969,14.285715103149414,9.523809432983398,13.636363983154297,15.000000953674316,0,4.761904716491699,0,0,3.7612411975860596,25769803776,0,18349342720,0
209,1790937264157,4,4,4,4,4,4,4,4,4,4,74.99414825439453,69.44619750976563,69.25140380859375,72.56849670410156,62.42687225341797,74.04489135742188,75.828125,61.904762268066406,45.45454788208008,9.523809432983398,9.523809432983398,0,9.090909004211426,0,0,0,0,3.7612411975860596,25769803776,0,18349342720,0
209,1790937264367,4,4,4,4,4,4,4,4,4,4,74.99414825439453,69.44619750976563,69.25140380859375,72.56849670410156,62.42687225341797,74.04489135742188,75.828125,65,30.000001907348633,9.090909004211426,0,0,0,0,9.090909004211426,0,0,3.7612411975860596,25769803776,0,18334318592,0
209,1790937264577,4,4,4,4,4,4,4,4,4,4,74.99414825439453,69.44619750976563,69.25140380859375,72.56849670410156,62.42687225341797,74.04489135742188,75.828125,38.095237731933594,68.18181610107422,15.000000953674316,4.761904716491699,9.523809432983398,5,0,4.761904716491699,0,0,22.06734848022461,25769803776,0,18334187520,0
209,1790937264787,4,4,4,4,4,4,4,4,4,4,74.99414825439453,69.44619750976563,69.25140380859375,72.56849670410156,62.42687225341797,74.04489135742188,75.828125,31.81818199157715,50,38.095237731933594,30.000001907348633,14.285715103149414,18.18181800842285,0,4.761904716491699,0,0,22.06734848022461,25769803776,0,18327355392,0
209,1790937264997,4,4,4,4,4,4,4,4,4,4,74.99414825439453,69.44619750976563,69.25140380859375,72.56849670410156,62.42687225341797,74.04489135742188,75.828125,40,65,0,8.69565200805664,0,0,4.545454502105713,9.523809432983398,0,0,22.06734848022461,25769803776,0,18334056448,0
209,1790937265207,4,4,4,4,4,4,4,4,4,4,74.40089416503906,70.65999603271484,70.64311218261719,72.32791900634766,63.837989807128906,73.63033294677734,75.359375,61.904762268066406,43.4782600402832,19.047618865966797,5.263157844543457,5,5,0,0,4.545454502105713,0,22.06734848022461,25769803776,0,18321883136,0
209,1790937265417,4,4,4,4,4,4,4,4,4,4,74.40089416503906,70.65999603271484,70.64311218261719,72.32791900634766,63.837989807128906,73.63033294677734,75.359375,57.142860412597656,40,33.333335876464844,9.090909004211426,13.043478012084961,5,0,4.545454502105713,0,0,22.06734848022461,25769803776,0,18323980288,0
209,1790937265627,4,4,4,4,4,4,4,4,4,4,74.40089416503906,70.65999603271484,70.64311218261719,72.32791900634766,63.837989807128906,73.63033294677734,75.359375,38.095237731933594,52.38095474243164,5,9.523809432983398,5,27.272727966308594,0,0,0,0,17.309429168701172,25769803776,0,18318819328,0
209,1790937265837,4,4,4,4,4,4,4,4,4,4,74.40089416503906,70.65999603271484,70.64311218261719,72.32791900634766,63.837989807128906,73.63033294677734,75.359375,40,52.38095474243164,27.272727966308594,4.761904716491699,13.636363983154297,9.523809432983398,0,0,4.761904716491699,0,17.309429168701172,25769803776,0,18314723328,0
204,1790937266047,4,4,4,4,4,4,4,4,4,4,73.98006439208984,70.7958755493164,70.513671875,71.97798156738281,63.43866729736328,73.37218475341797,75.828125,76.19047546386719,25,5,9.523809432983398,10,4.761904716491699,4.761904716491699,0,0,0,17.309429168701172,25769803776,0,18322980864,0
209,1790937266252,4,4,4,4,4,4,4,4,4,4,73.98006439208984,70.7958755493164,70.513671875,71.97798156738281,63.43866729736328,73.37218475341797,75.828125,71.42857360839844,20,14.285715103149414,0,0,0,0,9.523809432983398,0,0,17.309429168701172,25769803776,0,18322980864,0
209,1790937266462,4,4,4,4,4,4,4,4,4,4,73.98006439208984,70.7958755493164,70.513671875,71.97798156738281,63.43866729736328,73.37218475341797,75.828125,57.142860412597656,50,14.285715103149414,4.761904716491699,9.090909004211426,13.636363983154297,0,4.761904716491699,0,0,17.309429168701172,25769803776,0,18323111936,0
209,1790937266672,4,4,4,4,4,4,4,4,4,4,73.98006439208984,70.7958755493164,70.513671875,71.97798156738281,63.43866729736328,73.37218475341797,75.828125,40,42.85714340209961,36.3636360168457,20,9.523809432983398,5,0,9.090909004211426,0,0,14.953682899475098,25769803776,0,18315526144,0
209,1790937266882,4,4,4,4,4,4,4,4,4,4,73.98006439208984,70.7958755493164,70.513671875,71.97798156738281,63.43866729736328,73.37218475341797,75.828125,68.18181610107422,52.38095474243164,40,14.285715103149414,10,13.636363983154297,0,5,0,0,14.953682899475098,25769803776,0,18315640832,0
209,1790937267092,4,4,4,4,4,4,4,4,4,4,73.7178955078125,70.88404846191406,71.00231170654297,71.87771606445313,64.10843658447266,73.0984115600586,75.125,57.142860412597656,35,14.285715103149414,13.636363983154297,14.285715103149414,5,0,0,0,0,14.953682899475098,25769803776,0,18323062784,0
209,1790937267302,4,4,4,4,4,4,4,4,4,4,73.7178955078125,70.88404846191406,71.00231170654297,71.87771606445313,64.10843658447266,73.0984115600586,75.125,71.42857360839844,28.571430206298828,9.523809432983398,0,4.761904716491699,0,8.69565200805664,9.090909004211426,0,0,14.953682899475098,25769803776,0,18323406848,0
209,1790937267512,4,4,4,4,4,4,4,4,4,4,73.7178955078125,70.88404846191406,71.00231170654297,71.87771606445313,64.10843658447266,73.0984115600586,75.125,45,61.904762268066406,23.809524536132813,18.18181800842285,19.047618865966797,18.18181800842285,0,4.761904716491699,0,0,14.953682899475098,25769803776,0,18319933440,0
209,1790937267722,4,4,4,4,4,4,4,4,4,4,73.7178955078125,70.88404846191406,71.00231170654297,71.87771606445313,64.10843658447266,73.0984115600586,75.125,23.809524536132813,50,20,14.285715103149414,33.333335876464844,5,0,4.761904716491699,0,0,13.859601974487305,25769803776,0,18317312000,0
206,1790937267932,4,4,4,4,4,4,4,4,4,4,73.7178955078125,70.88404846191406,71.00231170654297,71.87771606445313,64.10843658447266,73.0984115600586,75.125,76.19047546386719,30.000001907348633,9.090909004211426,4.761904716491699,4.761904716491699,9.090909004211426,0,9.523809432983398,0,0,13.859601974487305,25769803776,0,18317312000,0
202,1790937268138,4,4,4,4,4,4,4,4,4,4,74.03253936767578,71.01856994628906,71.06369018554688,72.18608856201172,64.07808685302734,73.33506774902344,75.59375,61.904762268066406,28.571430206298828,15.000000953674316,0,0,0,0,4.761904716491699,0,0,13.859601974487305,25769803776,0,18317312000,0
209,1790937268341,4,4,4,4,4,4,4,4,4,4,74.03253936767578,71.01856994628906,71.06369018554688,72.18608856201172,64.07808685302734,73.33506774902344,75.59375,75,26.3157901763916,20,14.285715103149414,9.523809432983398,5,0,0,4.761904716491699,0,13.859601974487305,25769803776,0,18317312000,0
209,1790937268551,4,4,4,4,4,4,4,4,4,4,74.03253936767578,71.01856994628906,71.06369018554688,72.18608856201172,64.07808685302734,73.33506774902344,75.59375,57.142860412597656,27.272727966308594,14.285715103149414,4.761904716491699,23.809524536132813,4.761904716491699,0,9.090909004211426,0,0,14.203246116638184,25769803776,0,18320556032,0
209,1790937268761,4,4,4,4,4,4,4,4,4,4,74.03253936767578,71.01856994628906,71.06369018554688,72.18608856201172,64.07808685302734,73.33506774902344,75.59375,55,28.571430206298828,28.571430206298828,14.285715103149414,19.047618865966797,9.523809432983398,0,4.761904716491699,0,0,14.203246116638184,25769803776,0,18316705792,0
209,1790937268971,4,4,4,4,4,4,4,4,4,4,74.03253936767578,71.01856994628906,71.06369018554688,72.18608856201172,64.07808685302734,73.33506774902344,75.59375,77.2727279663086,19.047618865966797,14.285715103149414,23.809524536132813,9.090909004211426,9.523809432983398,0,4.761904716491699,0,0,14.203246116638184,25769803776,0,18324766720,0
204,1790937269181,4,4,4,4,4,4,4,4,4,4,74.46361541748047,71.35662078857422,71.4517593383789,72.52757263183594,64.47808074951172,73.71903991699219,75.828125,71.42857360839844,25,9.523809432983398,0,0,0,0,9.523809432983398,0,0,14.203246116638184,25769803776,0,18324766720,0
209,1790937269386,4,4,4,4,4,4,4,4,4,4,74.46361541748047,71.35662078857422,71.4517593383789,72.52757263183594,64.47808074951172,73.71903991699219,75.828125,55,38.095237731933594,28.571430206298828,15.000000953674316,5,9.523809432983398,4.545454502105713,4.761904716491699,0,0,14.203246116638184,25769803776,0,18324766720,0
209,1790937269596,4,4,4,4,4,4,4,4,4,4,74.46361541748047,71.35662078857422,71.4517593383789,72.52757263183594,64.47808074951172,73.71903991699219,75.828125,50,22.72727394104004,20,9.523809432983398,28.571430206298828,9.523809432983398,0,0,0,0,14.27522087097168,25769803776,0,18318884864,0
209,1790937269806,4,4,4,4,4,4,4,4,4,4,74.46361541748047,71.35662078857422,71.4517593383789,72.52757263183594,64.47808074951172,73.71903991699219,75.828125,40,52.6315803527832,28.571430206298828,9.523809432983398,13.636363983154297,9.523809432983398,0,9.090909004211426,0,0,14.27522087097168,25769803776,0,18317754368,0
209,1790937270016,4,4,4,4,4,4,4,4,4,4,74.46361541748047,71.35662078857422,71.4517593383789,72.52757263183594,64.47808074951172,73.71903991699219,75.828125,45,45.45454788208008,13.636363983154297,22.72727394104004,5,4.761904716491699,0,4.761904716491699,4.545454502105713,0,14.27522087097168,25769803776,0,18325536768,0
202,1790937270226,4,4,4,4,4,4,4,4,4,4,74.7836685180664,71.65371704101563,71.72936248779297,72.90476989746094,64.70439147949219,74.09524536132813,78.3125,76.19047546386719,15.000000953674316,5,0,0,0,0,0,0,0,14.27522087097168,25769803776,0,18325536768,0
209,1790937270429,4,4,4,4,4,4,4,4,4,4,74.7836685180664,71.65371704101563,71.72936248779297,72.90476989746094,64.70439147949219,74.09524536132813,78.3125,52.38095474243164,66.66667175292969,19.047618865966797,15.000000953674316,14.285715103149414,10.526315689086914,4.761904716491699,0,4.761904716491699,0,14.27522087097168,25769803776,0,18325536768,0
209,1790937270639,4,4,4,4,4,4,4,4,4,4,74.7836685180664,71.65371704101563,71.72936248779297,72.90476989746094,64.70439147949219,74.09524536132813,78.3125,19.047618865966797,19.047618865966797,28.571430206298828,47.619049072265625,15.000000953674316,14.285715103149414,4.545454502105713,9.523809432983398,0,0,14.190081596374512,25769803776,0,18319523840,0
209,1790937270849,4,4,4,4,4,4,4,4,4,4,74.7836685180664,71.65371704101563,71.72936248779297,72.90476989746094,64.70439147949219,74.09524536132813,78.3125,61.904762268066406,38.095237731933594,4.761904716491699,9.090909004211426,0,0,0,4.761904716491699,0,0,14.190081596374512,25769803776,0,18326814720,0
209,1790937271059,4,4,4,4,4,4,4,4,4,4,75.73001861572266,72.80281829833984,72.5146713256836,73.736328125,65.55690002441406,75.15049743652344,79.96875,70,50,25,20,13.636363983154297,13.636363983154297,9.523809432983398,42.85714340209961,0,9.090909004211426,14.190081596374512,25769803776,0,18326749184,0
209,1790937271269,4,4,4,4,4,4,4,4,4,4,75.73001861572266,72.80281829833984,72.5146713256836,73.736328125,65.55690002441406,75.15049743652344,79.96875,68.18181610107422,31.81818199157715,36.3636360168457,14.285715103149414,10,5,5,100,0,0,14.190081596374512,25769803776,0,18326749184,0
209,1790937271479,4,4,4,4,4,4,4,4,4,4,75.73001861572266,72.80281829833984,72.5146713256836,73.736328125,65.55690002441406,75.15049743652344,79.96875,38.095237731933594,40,15.000000953674316,4.761904716491699,22.72727394104004,22.72727394104004,4.761904716491699,100,0,0,14.190081596374512,25769803776,0,18326749184,0
209,1790937271689,4,4,4,4,4,4,4,4,4,4,75.73001861572266,72.80281829833984,72.5146713256836,73.736328125,65.55690002441406,75.15049743652344,79.96875,40,42.85714340209961,22.72727394104004,33.333335876464844,10,14.285715103149414,9.523809432983398,90,0,0,18.48335838317871,25769803776,0,18353848320,0
209,1790937271899,4,4,4,4,4,4,4,4,4,4,75.73001861572266,72.80281829833984,72.5146713256836,73.736328125,65.55690002441406,75.15049743652344,79.96875,57.142860412597656,54.54545593261719,25,14.285715103149414,9.523809432983398,5,4.761904716491699,4.545454502105713,0,4.545454502105713,18.48335838317871,25769803776,0,18361925632,0
209,1790937272109,4,4,4,4,4,4,4,4,4,4,77.3664779663086,78.53871154785156,83.04092407226563,75.85755157470703,79.02015686035156,77.69190979003906,88.09375,66.66667175292969,25,9.523809432983398,9.523809432983398,4.545454502105713,0,0,9.090909004211426,4.545454502105713,4.545454502105713,18.48335838317871,25769803776,0,18361860096,0
209,1790937272319,4,4,4,4,4,4,4,4,4,4,77.3664779663086,78.53871154785156,83.04092407226563,75.85755157470703,79.02015686035156,77.69190979003906,88.09375,71.42857360839844,35,15.000000953674316,5,5,9.090909004211426,0,9.523809432983398,0,0,18.48335838317871,25769803776,0,18353258496,0
209,1790937272529,4,4,4,4,4,4,4,4,4,4,77.3664779663086,78.53871154785156,83.04092407226563,75.85755157470703,79.02015686035156,77.69190979003906,88.09375,45,50,13.636363983154297,14.285715103149414,13.636363983154297,9.523809432983398,4.545454502105713,4.761904716491699,0,0,20.931392669677734,25769803776,0,18349981696,0
209,1790937272739,4,4,4,4,4,4,4,4,4,4,77.3664779663086,78.53871154785156,83.04092407226563,75.85755157470703,79.02015686035156,77.69190979003906,88.09375,40.90909194946289,47.619049072265625,23.809524536132813,31.81818199157715,9.523809432983398,9.523809432983398,0,5,0,0,20.931392669677734,25769803776,0,18345705472,0
209,1790937272949,4,4,4,4,4,4,4,4,4,4,77.3664779663086,78.53871154785156,83.04092407226563,75.85755157470703,79.02015686035156,77.69190979003906,88.09375,85,19.047618865966797,14.285715103149414,10,9.523809432983398,5,4.545454502105713,9.090909004211426,4.545454502105713,0,20.931392669677734,25769803776,0,18354094080,0
199,1790937273159,4,4,4,4,4,4,4,4,4,4,73.95267486572266,72.44267272949219,72.3515396118164,72.45931243896484,65.26069641113281,73.44415283203125,79.375,72.7272720336914,25,9.523809432983398,0,0,0,0,0,0,0,20.931392669677734,25769803776,0,18347474944,0
209,1790937273359,4,4,4,4,4,4,4,4,4,4,73.95267486572266,72.44267272949219,72.3515396118164,72.45931243896484,65.26069641113281,73.44415283203125,79.375,68.42105102539063,40,20,14.285715103149414,5.263157844543457,10,0,9.523809432983398,0,0,20.931392669677734,25769803776,0,18333237248,0
209,1790937273569,4,4,4,4,4,4,4,4,4,4,73.95267486572266,72.44267272949219,72.3515396118164,72.45931243896484,65.26069641113281,73.44415283203125,79.375,66.66667175292969,42.85714340209961,19.047618865966797,15.000000953674316,14.285715103149414,14.285715103149414,0,4.761904716491699,0,0,10.886122703552246,25769803776,0,18333237248,0
209,1790937273779,4,4,4,4,4,4,4,4,4,4,73.95267486572266,72.44267272949219,72.3515396118164,72.45931243896484,65.26069641113281,73.44415283203125,79.375,77.2727279663086,31.81818199157715,5,4.545454502105713,4.761904716491699,0,0,9.523809432983398,0,0,10.886122703552246,25769803776,0,18324684800,0
204,1790937273989,4,4,4,4,4,4,4,4,4,4,73.95267486572266,72.44267272949219,72.3515396118164,72.45931243896484,65.26069641113281,73.44415283203125,79.375,66.66667175292969,38.095237731933594,18.18181800842285,9.523809432983398,9.090909004211426,9.523809432983398,4.761904716491699,4.545454502105713,4.545454502105713,0,10.886122703552246,25769803776,0,18326700032,0
209,1790937274193,4,4,4,4,4,4,4,4,4,4,74.2464370727539,72.31397247314453,72.05416107177734,72.53076171875,64.87664794921875,73.72557067871094,76.0625,73.68421173095703,25,5,5,0,0,5,0,0,0,10.886122703552246,25769803776,0,18324848640,0
201,1790937274403,4,4,4,4,4,4,4,4,4,4,74.2464370727539,72.31397247314453,72.05416107177734,72.53076171875,64.87664794921875,73.72557067871094,76.0625,45.45454788208008,55,23.809524536132813,9.523809432983398,25,10,0,9.523809432983398,0,0,10.886122703552246,25769803776,0,18321195008,0
209,1790937274605,4,4,4,4,4,4,4,4,4,4,74.2464370727539,72.31397247314453,72.05416107177734,72.53076171875,64.87664794921875,73.72557067871094,76.0625,31.57894515991211,35,40,21.052631378173828,14.285715103149414,14.285715103149414,0,5,0,0,14.048696517944336,25769803776,0,18318426112,0
209,1790937274815,4,4,4,4,4,4,4,4,4,4,74.2464370727539,72.31397247314453,72.05416107177734,72.53076171875,64.87664794921875,73.72557067871094,76.0625,47.619049072265625,54.54545593261719,9.090909004211426,4.545454502105713,0,0,4.545454502105713,9.523809432983398,0,0,14.048696517944336,25769803776,0,18325798912,0
203,1790937275025,4,4,4,4,4,4,4,4,4,4,74.61478424072266,72.41551971435547,72.20230865478516,72.86096954345703,65.13524627685547,74.04623413085938,76.296875,76.19047546386719,45,35,23.809524536132813,9.523809432983398,9.523809432983398,0,4.761904716491699,0,0,14.048696517944336,25769803776,0,18317410304,0
209,1790937275228,4,4,4,4,4,4,4,4,4,4,74.61478424072266,72.41551971435547,72.20230865478516,72.86096954345703,65.13524627685547,74.04623413085938,76.296875,76.19047546386719,33.333335876464844,20,5,5,10,0,9.523809432983398,0,0,14.048696517944336,25769803776,0,18305286144,0
209,1790937275438,4,4,4,4,4,4,4,4,4,4,74.61478424072266,72.41551971435547,72.20230865478516,72.86096954345703,65.13524627685547,74.04623413085938,76.296875,61.904762268066406,28.571430206298828,9.523809432983398,9.523809432983398,28.571430206298828,4.761904716491699,0,0,0,0,14.048696517944336,25769803776,0,18305286144,0
209,1790937275648,4,4,4,4,4,4,4,4,4,4,74.61478424072266,72.41551971435547,72.20230865478516,72.86096954345703,65.13524627685547,74.04623413085938,76.296875,28.571430206298828,35,47.619049072265625,22.72727394104004,9.523809432983398,9.523809432983398,4.545454502105713,9.090909004211426,0,0,15.438228607177734,25769803776,0,18305286144,0
209,1790937275858,4,4,4,4,4,4,4,4,4,4,74.61478424072266,72.41551971435547,72.20230865478516,72.86096954345703,65.13524627685547,74.04623413085938,76.296875,65,40.90909194946289,9.523809432983398,10,9.523809432983398,9.523809432983398,0,4.761904716491699,4.545454502105713,0,15.438228607177734,25769803776,0,18305646592,0
209,1790937276068,4,4,4,4,4,4,4,4,4,4,74.65770721435547,72.48031616210938,72.32827758789063,72.93390655517578,65.35895538330078,74.08740997314453,76.296875,59.09090805053711,33.333335876464844,5,0,0,4.545454502105713,0,9.523809432983398,0,0,15.438228607177734,25769803776,0,18305482752,0
209,1790937276279,4,4,4,4,4,4,4,4,4,4,74.65770721435547,72.48031616210938,72.32827758789063,72.93390655517578,65.35895538330078,74.08740997314453,76.296875,55,40,18.18181800842285,13.043478012084961,9.523809432983398,10,0,4.761904716491699,0,0,15.438228607177734,25769803776,0,18306220032,0
209,1790937276489,4,4,4,4,4,4,4,4,4,4,74.65770721435547,72.48031616210938,72.32827758789063,72.93390655517578,65.35895538330078,74.08740997314453,76.296875,63.6363639831543,18.18181800842285,47.619049072265625,5,4.761904716491699,4.761904716491699,4.545454502105713,5,0,0,15.438228607177734,25769803776,0,18303647744,0
209,1790937276699,4,4,4,4,4,4,4,4,4,4,74.65770721435547,72.48031616210938,72.32827758789063,72.93390655517578,65.35895538330078,74.08740997314453,76.296875,40,45,33.333335876464844,9.523809432983398,9.523809432983398,14.285715103149414,0,9.090909004211426,0,0,14.980731964111328,25769803776,0,18303647744,0
209,1790937276909,4,4,4,4,4,4,4,4,4,4,74.65770721435547,72.48031616210938,72.32827758789063,72.93390655517578,65.35895538330078,74.08740997314453,76.296875,61.904762268066406,40,14.285715103149414,9.523809432983398,9.523809432983398,9.090909004211426,0,4.761904716491699,4.545454502105713,0,14.980731964111328,25769803776,0,18306662400,0
209,1790937277119,4,4,4,4,4,4,4,4,4,4,74.73607635498047,72.51049041748047,72.30692291259766,73.02072143554688,65.30522918701172,74.17431640625,76.296875,61.904762268066406,33.333335876464844,9.523809432983398,0,0,0,0,9.523809432983398,0,0,14.980731964111328,25769803776,0,18306105344,0
209,1790937277329,4,4,4,4,4,4,4,4,4,4,74.73607635498047,72.51049041748047,72.30692291259766,73.02072143554688,65.30522918701172,74.17431640625,76.296875,50,31.81818199157715,52.38095474243164,9.523809432983398,5,4.761904716491699,0,4.761904716491699,0,0,14.980731964111328,25769803776,0,18301763584,0
205,1790937277539,4,4,4,4,4,4,4,4,4,4,74.73607635498047,72.51049041748047,72.30692291259766,73.02072143554688,65.30522918701172,74.17431640625,76.296875,52.38095474243164,33.333335876464844,33.333335876464844,23.809524536132813,27.272727966308594,19.047618865966797,4.545454502105713,9.090909004211426,0,0,14.813417434692383,25769803776,0,18299650048,0
204,1790937277744,4,4,4,4,4,4,4,4,4,4,74.73607635498047,72.51049041748047,72.30692291259766,73.02072143554688,65.30522918701172,74.17431640625,76.296875,57.142860412597656,40,9.523809432983398,0,0,0,0,0,0,0,14.813417434692383,25769803776,0,18306351104,0
209,1790937277949,4,4,4,4,4,4,4,4,4,4,74.73607635498047,72.51049041748047,72.30692291259766,73.02072143554688,65.30522918701172,74.17431640625,76.296875,75,33.333335876464844,10,5,5,9.523809432983398,4.761904716491699,0,0,0,14.813417434692383,25769803776,0,18307006464,0
209,1790937278159,4,4,4,4,4,4,4,4,4,4,74.84649658203125,72.68450927734375,72.53771209716797,73.1335678100586,65.58761596679688,74.2791748046875,76.546875,72.7272720336914,20,14.285715103149414,9.090909004211426,0,0,0,9.090909004211426,0,0,14.813417434692383,25769803776,0,18306449408,0
209,1790937278369,4,4,4,4,4,4,4,4,4,4,74.84649658203125,72.68450927734375,72.53771209716797,73.1335678100586,65.58761596679688,74.2791748046875,76.546875,38.095237731933594,72.7272720336914,14.285715103149414,14.285715103149414,10,9.523809432983398,0,4.761904716491699,4.545454502105713,0,14.813417434692383,25769803776,0,18302664704,0
209,1790937278579,4,4,4,4,4,4,4,4,4,4,74.84649658203125,72.68450927734375,72.53771209716797,73.1335678100586,65.58761596679688,74.2791748046875,76.546875,57.142860412597656,30.000001907348633,20,19.047618865966797,19.047618865966797,14.285715103149414,0,9.523809432983398,0,0,15.081661224365234,25769803776,0,18299158528,0
209,1790937278789,4,4,4,4,4,4,4,4,4,4,74.84649658203125,72.68450927734375,72.53771209716797,73.1335678100586,65.58761596679688,74.2791748046875,76.546875,71.42857360839844,40.90909194946289,13.636363983154297,10,9.090909004211426,9.523809432983398,0,4.761904716491699,0,0,15.081661224365234,25769803776,0,18307399680,0
209,1790937278999,4,4,4,4,4,4,4,4,4,4,74.84649658203125,72.68450927734375,72.53771209716797,73.1335678100586,65.58761596679688,74.2791748046875,76.546875,65,20,10,4.545454502105713,4.761904716491699,0,0,9.523809432983398,4.545454502105713,0,15.081661224365234,25769803776,0,18320326656,0
209,1790937279209,4,4,4,4,4,4,4,4,4,4,74.9247055053711,72.70853424072266,72.53175354003906,73.17414093017578,65.56072235107422,74.3634262084961,76.546875,63.6363639831543,38.095237731933594,23.809524536132813,9.523809432983398,15.000000953674316,4.761904716491699,0,4.761904716491699,0,0,15.081661224365234,25769803776,0,18320998400,0
209,1790937279419,4,4,4,4,4,4,4,4,4,4,74.9247055053711,72.70853424072266,72.53175354003906,73.17414093017578,65.56072235107422,74.3634262084961,76.546875,40,15.000000953674316,42.85714340209961,5,18.18181800842285,19.047618865966797,9.090909004211426,4.761904716491699,0,0,15.081661224365234,25769803776,0,18320998400,0
209,1790937279629,4,4,4,4,4,4,4,4,4,4,74.9247055053711,72.70853424072266,72.53175354003906,73.17414093017578,65.56072235107422,74.3634262084961,76.546875,47.619049072265625,57.142860412597656,14.285715103149414,13.636363983154297,9.523809432983398,9.523809432983398,0,9.523809432983398,0,0,14.99276351928711,25769803776,0,18320998400,0
206,1790937279839,4,4,4,4,4,4,4,4,4,4,74.9247055053711,72.70853424072266,72.53175354003906,73.17414093017578,65.56072235107422,74.3634262084961,76.546875,81.81818389892578,31.81818199157715,9.523809432983398,9.523809432983398,5,9.523809432983398,0,4.761904716491699,0,0,14.99276351928711,25769803776,0,18320998400,0
209,1790937280046,4,4,4,4,4,4,4,4,4,4,75.0540771484375,72.81797790527344,72.70604705810547,73.23686218261719,65.77391815185547,74.4916000366211,76.78125,75,20,14.285715103149414,0,0,4.761904716491699,0,9.523809432983398,0,0,14.99276351928711,25769803776,0,18321211392,0
209,1790937280256,4,4,4,4,4,4,4,4,4,4,75.0540771484375,72.81797790527344,72.70604705810547,73.23686218261719,65.77391815185547,74.4916000366211,76.78125,52.38095474243164,50,19.047618865966797,4.761904716491699,5,4.761904716491699,0,4.761904716491699,0,0,14.99276351928711,25769803776,0,18308169728,0
209,1790937280466,4,4,4,4,4,4,4,4,4,4,75.0540771484375,72.81797790527344,72.70604705810547,73.23686218261719,65.77391815185547,74.4916000366211,76.78125,47.619049072265625,45.45454788208008,23.809524536132813,9.523809432983398,13.636363983154297,10,0,4.761904716491699,4.545454502105713,0,14.99276351928711,25769803776,0,18300452864,0
209,1790937280676,4,4,4,4,4,4,4,4,4,4,75.0540771484375,72.81797790527344,72.70604705810547,73.23686218261719,65.77391815185547,74.4916000366211,76.78125,50,57.142860412597656,14.285715103149414,14.285715103149414,4.761904716491699,4.761904716491699,0,5,0,0,15.104513168334961,25769803776,0,18300583936,0
209,1790937280886,4,4,4,4,4,4,4,4,4,4,75.0540771484375,72.81797790527344,72.70604705810547,73.23686218261719,65.77391815185547,74.4916000366211,76.78125,77.2727279663086,31.81818199157715,14.285715103149414,9.523809432983398,13.636363983154297,9.523809432983398,0,9.090909004211426,0,0,15.104513168334961,25769803776,0,18308775936,0
209,1790937281096,4,4,4,4,4,4,4,4,4,4,75.13274383544922,72.89261627197266,72.74618530273438,73.3531723022461,65.76387023925781,74.5411376953125,77.015625,70,21.052631378173828,9.523809432983398,4.545454502105713,0,0,4.545454502105713,5,0,0,15.104513168334961,25769803776,0,18308857856,0
209,1790937281306,4,4,4,4,4,4,4,4,4,4,75.13274383544922,72.89261627197266,72.74618530273438,73.3531723022461,65.76387023925781,74.5411376953125,77.015625,42.85714340209961,61.904762268066406,38.095237731933594,10,10,14.285715103149414,4.545454502105713,9.090909004211426,0,0,15.104513168334961,25769803776,0,18305073152,0
209,1790937281516,4,4,4,4,4,4,4,4,4,4,75.13274383544922,72.89261627197266,72.74618530273438,73.3531723022461,65.76387023925781,74.5411376953125,77.015625,35,33.333335876464844,19.047618865966797,19.047618865966797,19.047618865966797,23.809524536132813,0,5,0,0,15.104513168334961,25769803776,0,18302418944,0
209,1790937281726,4,4,4,4,4,4,4,4,4,4,75.13274383544922,72.89261627197266,72.74618530273438,73.3531723022461,65.76387023925781,74.5411376953125,77.015625,76.19047546386719,33.333335876464844,5,9.523809432983398,9.523809432983398,13.636363983154297,0,4.761904716491699,4.545454502105713,0,14.99404239654541,25769803776,0,18311299072,0
206,1790937281936,4,4,4,4,4,4,4,4,4,4,75.13274383544922,72.89261627197266,72.74618530273438,73.3531723022461,65.76387023925781,74.5411376953125,77.015625,68.18181610107422,31.81818199157715,9.523809432983398,4.761904716491699,4.545454502105713,0,0,9.523809432983398,4.545454502105713,0,14.99404239654541,25769803776,0,18311643136,0
202,1790937282142,4,4,4,4,4,4,4,4,4,4,75.24015045166016,73.01690673828125,72.98697662353516,73.51180267333984,66.08482360839844,74.68518829345703,77.015625,65,35,23.809524536132813,4.761904716491699,5,5,0,0,0,0,14.99404239654541,25769803776,0,18308005888,0
209,1790937282345,4,4,4,4,4,4,4,4,4,4,75.24015045166016,73.01690673828125,72.98697662353516,73.51180267333984,66.08482360839844,74.68518829345703,77.015625,60.000003814697266,40,20,5.263157844543457,5,5,0,9.523809432983398,0,0,14.99404239654541,25769803776,0,18303746048,0
209,1790937282555,4,4,4,4,4,4,4,4,4,4,75.24015045166016,73.01690673828125,72.98697662353516,73.51180267333984,66.08482360839844,74.68518829345703,77.015625,40.90909194946289,47.619049072265625,22.72727394104004,28.571430206298828,14.285715103149414,14.285715103149414,0,5,0,0,15.199305534362793,25769803776,0,18299879424,0
209,1790937282765,4,4,4,4,4,4,4,4,4,4,75.24015045166016,73.01690673828125,72.98697662353516,73.51180267333984,66.08482360839844,74.68518829345703,77.015625,76.19047546386719,33.333335876464844,5.263157844543457,9.090909004211426,9.523809432983398,9.523809432983398,0,4.761904716491699,0,0,15.199305534362793,25769803776,0,18299879424,0
209,1790937282975,4,4,4,4,4,4,4,4,4,4,75.24015045166016,73.01690673828125,72.98697662353516,73.51180267333984,66.08482360839844,74.68518829345703,77.015625,70,25,9.090909004211426,4.761904716491699,0,0,0,9.523809432983398,0,0,15.199305534362793,25769803776,0,18299879424,0
209,1790937283185,4,4,4,4,4,4,4,4,4,4,75.31637573242188,73.0735092163086,72.96829223632813,73.60982513427734,65.98043823242188,74.78550720214844,77.015625,66.66667175292969,40.90909194946289,22.72727394104004,9.523809432983398,4.761904716491699,9.090909004211426,0,4.761904716491699,0,0,15.199305534362793,25769803776,0,18308317184,0
209,1790937283395,4,4,4,4,4,4,4,4,4,4,75.31637573242188,73.0735092163086,72.96829223632813,73.60982513427734,65.98043823242188,74.78550720214844,77.015625,14.285715103149414,40,47.619049072265625,9.523809432983398,23.809524536132813,5,4.545454502105713,9.523809432983398,0,0,15.199305534362793,25769803776,0,18300502016,0
209,1790937283605,4,4,4,4,4,4,4,4,4,4,75.31637573242188,73.0735092163086,72.96829223632813,73.60982513427734,65.98043823242188,74.78550720214844,77.015625,45,59.09090805053711,15.000000953674316,9.523809432983398,9.523809432983398,9.523809432983398,0,4.761904716491699,4.761904716491699,0,15.054011344909668,25769803776,0,18300436480,0
209,1790937283815,4,4,4,4,4,4,4,4,4,4,75.31637573242188,73.0735092163086,72.96829223632813,73.60982513427734,65.98043823242188,74.78550720214844,77.015625,81.81818389892578,20,14.285715103149414,5,4.761904716491699,5,0,9.523809432983398,0,0,15.054011344909668,25769803776,0,18300436480,0
209,1790937284025,4,4,4,4,4,4,4,4,4,4,75.364013671875,73.20946502685547,73.22339630126953,73.66093444824219,66.26296997070313,74.8969497680664,77.015625,71.42857360839844,23.809524536132813,13.636363983154297,0,0,0,0,4.761904716491699,0,0,15.054011344909668,25769803776,0,18300436480,0
209,1790937284235,4,4,4,4,4,4,4,4,4,4,75.364013671875,73.20946502685547,73.22339630126953,73.66093444824219,66.26296997070313,74.8969497680664,77.015625,57.142860412597656,36.3636360168457,26.3157901763916,9.523809432983398,5,9.090909004211426,0,9.523809432983398,0,0,15.054011344909668,25769803776,0,18308890624,0
209,1790937284445,4,4,4,4,4,4,4,4,4,4,75.364013671875,73.20946502685547,73.22339630126953,73.66093444824219,66.26296997070313,74.8969497680664,77.015625,40,31.57894515991211,50,19.047618865966797,19.047618865966797,19.047618865966797,0,4.761904716491699,0,0,15.054011344909668,25769803776,0,18305482752,0
209,1790937284655,4,4,4,4,4,4,4,4,4,4,75.364013671875,73.20946502685547,73.22339630126953,73.66093444824219,66.26296997070313,74.8969497680664,77.015625,52.38095474243164,27.272727966308594,20,18.18181800842285,4.545454502105713,0,4.761904716491699,9.523809432983398,0,0,15.19629192352295,25769803776,0,18308939776,0
209,1790937284866,4,4,4,4,4,4,4,4,4,4,75.364013671875,73.20946502685547,73.22339630126953,73.66093444824219,66.26296997070313,74.8969497680664,77.015625,68.18181610107422,36.3636360168457,18.18181800842285,10,9.523809432983398,9.523809432983398,0,4.761904716491699,4.545454502105713,0,15.19629192352295,25769803776,0,18309611520,0
209,1790937285076,4,4,4,4,4,4,4,4,4,4,75.42631530761719,73.26394653320313,73.28382110595703,73.71390533447266,66.3200454711914,75.0409927368164,77.015625,71.42857360839844,25,15.000000953674316,4.545454502105713,0,0,0,9.090909004211426,0,0,15.19629192352295,25769803776,0,18309382144,0
209,1790937285286,4,4,4,4,4,4,4,4,4,4,75.42631530761719,73.26394653320313,73.28382110595703,73.71390533447266,66.3200454711914,75.0409927368164,77.015625,57.142860412597656,30.000001907348633,42.85714340209961,10,10,14.285715103149414,0,5,0,0,15.19629192352295,25769803776,0,18305679360,0
209,1790937285496,4,4,4,4,4,4,4,4,4,4,75.42631530761719,73.26394653320313,73.28382110595703,73.71390533447266,66.3200454711914,75.0409927368164,77.015625,35,28.571430206298828,22.72727394104004,38.095237731933594,14.285715103149414,13.636363983154297,0,9.090909004211426,0,0,15.19629192352295,25769803776,0,18302304256,0
209,1790937285706,4,4,4,4,4,4,4,4,4,4,75.42631530761719,73.26394653320313,73.28382110595703,73.71390533447266,66.3200454711914,75.0409927368164,77.015625,54.54545593261719,59.09090805053711,5,9.090909004211426,9.090909004211426,5,4.761904716491699,0,0,0,15.154875755310059,25769803776,0,18302304256,0
209,1790937285916,4,4,4,4,4,4,4,4,4,4,75.42631530761719,73.26394653320313,73.28382110595703,73.71390533447266,66.3200454711914,75.0409927368164,77.015625,65,25,14.285715103149414,0,0,0,0,9.090909004211426,0,0,15.154875755310059,25769803776,0,18302304256,0
209,1790937286126,4,4,4,4,4,4,4,4,4,4,75.48621368408203,73.40044403076172,73.32344818115234,73.79254913330078,66.26283264160156,75.15042877197266,77.25,68.18181610107422,40.90909194946289,18.18181800842285,9.523809432983398,5,4.761904716491699,0,4.761904716491699,4.545454502105713,0,15.154875755310059,25769803776,0,18302304256,0
209,1790937286336,4,4,4,4,4,4,4,4,4,4,75.48621368408203,73.40044403076172,73.32344818115234,73.79254913330078,66.26283264160156,75.15042877197266,77.25,30.000001907348633,47.619049072265625,5,28.571430206298828,9.090909004211426,19.047618865966797,0,9.523809432983398,0,0,15.154875755310059,25769803776,0,18306908160,0
209,1790937286546,4,4,4,4,4,4,4,4,4,4,75.48621368408203,73.40044403076172,73.32344818115234,73.79254913330078,66.26283264160156,75.15042877197266,77.25,42.85714340209961,42.85714340209961,31.81818199157715,14.285715103149414,10,14.285715103149414,0,4.761904716491699,0,0,15.228499412536621,25769803776,0,18302582784,0
209,1790937286756,4,4,4,4,4,4,4,4,4,4,75.48621368408203,73.40044403076172,73.32344818115234,73.79254913330078,66.26283264160156,75.15042877197266,77.25,55,50,14.285715103149414,9.523809432983398,4.761904716491699,5,4.545454502105713,0,0,0,15.228499412536621,25769803776,0,18302582784,0
209,1790937286966,4,4,4,4,4,4,4,4,4,4,75.48621368408203,73.40044403076172,73.32344818115234,73.79254913330078,66.26283264160156,75.15042877197266,77.25,68.18181610107422,23.809524536132813,10,4.761904716491699,9.090909004211426,0,0,9.090909004211426,4.545454502105713,0,15.228499412536621,25769803776,0,18302582784,0
209,1790937287176,4,4,4,4,4,4,4,4,4,4,75.55370330810547,73.47335052490234,73.4570541381836,73.84178161621094,66.44514465332031,75.20459747314453,77.484375,57.142860412597656,42.85714340209961,19.047618865966797,9.523809432983398,4.761904716491699,19.047618865966797,0,4.761904716491699,0,0,15.228499412536621,25769803776,0,18302582784,0
209,1790937287386,4,4,4,4,4,4,4,4,4,4,75.55370330810547,73.47335052490234,73.4570541381836,73.84178161621094,66.44514465332031,75.20459747314453,77.484375,42.85714340209961,47.619049072265625,15.000000953674316,10,10,19.047618865966797,4.761904716491699,9.090909004211426,0,0,15.228499412536621,25769803776,0,18306056192,0
209,1790937287596,4,4,4,4,4,4,4,4,4,4,75.55370330810547,73.47335052490234,73.4570541381836,73.84178161621094,66.44514465332031,75.20459747314453,77.484375,61.904762268066406,47.619049072265625,13.636363983154297,9.090909004211426,9.523809432983398,4.761904716491699,0,5,4.761904716491699,0,15.207439422607422,25769803776,0,18303680512,0
209,1790937287806,4,4,4,4,4,4,4,4,4,4,75.55370330810547,73.47335052490234,73.4570541381836,73.84178161621094,66.44514465332031,75.20459747314453,77.484375,80,28.571430206298828,14.285715103149414,5,9.090909004211426,9.090909004211426,0,9.090909004211426,0,0,15.207439422607422,25769803776,0,18311380992,0
209,1790937288016,4,4,4,4,4,4,4,4,4,4,75.55370330810547,73.47335052490234,73.4570541381836,73.84178161621094,66.44514465332031,75.20459747314453,77.484375,70,19.047618865966797,9.523809432983398,4.545454502105713,0,0,0,4.761904716491699,0,0,15.207439422607422,25769803776,0,18311380992,0
209,1790937288226,4,4,4,4,4,4,4,4,4,4,75.6639633178711,73.57464599609375,73.47220611572266,73.88905334472656,66.3868179321289,75.24593353271484,77.484375,77.2727279663086,38.095237731933594,15.000000953674316,19.047618865966797,10,14.285715103149414,0,5,0,0,15.207439422607422,25769803776,0,18311380992,0
209,1790937288436,4,4,4,4,4,4,4,4,4,4,75.6639633178711,73.57464599609375,73.47220611572266,73.88905334472656,66.3868179321289,75.24593353271484,77.484375,27.272727966308594,55,22.72727394104004,14.285715103149414,18.18181800842285,15.000000953674316,0,9.090909004211426,0,0,15.207439422607422,25769803776,0,18304892928,0
209,1790937288646,4,4,4,4,4,4,4,4,4,4,75.6639633178711,73.57464599609375,73.47220611572266,73.88905334472656,66.3868179321289,75.24593353271484,77.484375,50,59.09090805053711,9.523809432983398,0,4.761904716491699,4.545454502105713,0,5,0,0,15.276302337646484,25769803776,0,18313969664,0
209,1790937288856,4,4,4,4,4,4,4,4,4,4,75.6639633178711,73.57464599609375,73.47220611572266,73.88905334472656,66.3868179321289,75.24593353271484,77.484375,66.66667175292969,35,10,9.523809432983398,0,4.761904716491699,0,4.761904716491699,4.545454502105713,0,15.276302337646484,25769803776,0,18312052736,0
209,1790937289066,4,4,4,4,4,4,4,4,4,4,75.78032684326172,73.67627716064453,73.7052230834961,73.95573425292969,66.71722412109375,75.30192565917969,77.484375,65,30.000001907348633,23.809524536132813,9.523809432983398,13.636363983154297,19.047618865966797,0,4.761904716491699,0,0,15.276302337646484,25769803776,0,18306220032,0
209,1790937289276,4,4,4,4,4,4,4,4,4,4,75.78032684326172,73.67627716064453,73.7052230834961,73.95573425292969,66.71722412109375,75.30192565917969,77.484375,54.54545593261719,50,9.523809432983398,13.636363983154297,4.761904716491699,4.761904716491699,4.545454502105713,9.523809432983398,0,0,15.276302337646484,25769803776,0,18302926848,0
202,1790937289486,4,4,4,4,4,4,4,4,4,4,75.78032684326172,73.67627716064453,73.7052230834961,73.95573425292969,66.71722412109375,75.30192565917969,77.484375,40.90909194946289,57.142860412597656,20,15.000000953674316,14.285715103149414,14.285715103149414,0,4.761904716491699,0,0,15.276302337646484,25769803776,0,18298667008,0
209,1790937289688,4,4,4,4,4,4,4,4,4,4,75.78032684326172,73.67627716064453,73.7052230834961,73.95573425292969,66.71722412109375,75.30192565917969,77.484375,50,52.38095474243164,13.636363983154297,9.523809432983398,5,5,4.545454502105713,9.523809432983398,0,0,15.272954940795898,25769803776,0,18306465792,0
209,1790937289898,4,4,4,4,4,4,4,4,4,4,75.78032684326172,73.67627716064453,73.7052230834961,73.95573425292969,66.71722412109375,75.30192565917969,77.484375,71.42857360839844,20,9.523809432983398,0,4.761904716491699,0,0,5,0,0,15.272954940795898,25769803776,0,18306531328,0
209,1790937290108,4,4,4,4,4,4,4,4,4,4,75.85747528076172,73.71326446533203,73.71321105957031,74.0549087524414,66.67095184326172,75.32373809814453,77.484375,50,57.142860412597656,15.000000953674316,9.523809432983398,4.761904716491699,4.761904716491699,0,9.090909004211426,4.545454502105713,0,15.272954940795898,25769803776,0,18306646016,0
209,1790937290318,4,4,4,4,4,4,4,4,4,4,75.85747528076172,73.71326446533203,73.71321105957031,74.0549087524414,66.67095184326172,75.32373809814453,77.484375,52.38095474243164,23.809524536132813,19.047618865966797,15.000000953674316,9.523809432983398,15.000000953674316,0,5,0,0,15.272954940795898,25769803776,0,18303401984,0
209,1790937290528,4,4,4,4,4,4,4,4,4,4,75.85747528076172,73.71326446533203,73.71321105957031,74.0549087524414,66.67095184326172,75.32373809814453,77.484375,42.85714340209961,42.85714340209961,40,13.636363983154297,9.523809432983398,9.523809432983398,0,9.090909004211426,4.761904716491699,0,15.268045425415039,25769803776,0,18298830848,0
209,1790937290738,4,4,4,4,4,4,4,4,4,4,75.85747528076172,73.71326446533203,73.71321105957031,74.0549087524414,66.67095184326172,75.32373809814453,77.484375,60.000003814697266,28.571430206298828,13.636363983154297,9.523809432983398,14.285715103149414,22.72727394104004,0,4.761904716491699,0,0,15.268045425415039,25769803776,0,18307072000,0
209,1790937290948,4,4,4,4,4,4,4,4,4,4,75.85747528076172,73.71326446533203,73.71321105957031,74.0549087524414,66.67095184326172,75.32373809814453,77.484375,66.66667175292969,30.000001907348633,9.523809432983398,0,0,0,0,0,0,0,15.268045425415039,25769803776,0,18307137536,0
209,1790937291158,4,4,4,4,4,4,4,4,4,4,75.97624206542969,73.84783172607422,73.9139404296875,74.2283706665039,66.96192169189453,75.47626495361328,77.71875,76.19047546386719,38.095237731933594,23.809524536132813,14.285715103149414,10,10,0,9.090909004211426,0,0,15.268045425415039,25769803776,0,18307137536,0
209,1790937291368,4,4,4,4,4,4,4,4,4,4,75.97624206542969,73.84783172607422,73.9139404296875,74.2283706665039,66.96192169189453,75.47626495361328,77.71875,28.571430206298828,19.047618865966797,38.095237731933594,19.047618865966797,42.85714340209961,13.636363983154297,0,4.761904716491699,4.761904716491699,0,15.268045425415039,25769803776,0,18307137536,0
206,1790937291578,4,4,4,4,4,4,4,4,4,4,75.97624206542969,73.84783172607422,73.9139404296875,74.2283706665039,66.96192169189453,75.47626495361328,77.71875,45.45454788208008,52.38095474243164,9.523809432983398,0,0,0,4.545454502105713,4.761904716491699,0,0,15.425780296325684,25769803776,0,18308874240,0
209,1790937291785,4,4,4,4,4,4,4,4,4,4,75.97624206542969,73.84783172607422,73.9139404296875,74.2283706665039,66.96192169189453,75.47626495361328,77.71875,65,42.85714340209961,15.000000953674316,13.636363983154297,9.523809432983398,9.523809432983398,0,4.761904716491699,0,0,15.425780296325684,25769803776,0,18307629056,0
209,1790937291995,4,4,4,4,4,4,4,4,4,4,75.97624206542969,73.84783172607422,73.9139404296875,74.2283706665039,66.96192169189453,75.47626495361328,77.71875,61.904762268066406,30.000001907348633,18.18181800842285,0,0,4.761904716491699,0,4.761904716491699,0,0,15.425780296325684,25769803776,0,18309595136,0
209,1790937292205,4,4,4,4,4,4,4,4,4,4,76.011962890625,73.87852478027344,73.8547134399414,74.2880859375,66.81866455078125,75.49459838867188,77.953125,30.000001907348633,77.2727279663086,14.285715103149414,9.523809432983398,9.523809432983398,9.523809432983398,4.545454502105713,9.523809432983398,0,0,15.425780296325684,25769803776,0,18303614976,0
209,1790937292415,4,4,4,4,4,4,4,4,4,4,76.011962890625,73.87852478027344,73.8547134399414,74.2880859375,66.81866455078125,75.49459838867188,77.953125,36.3636360168457,57.142860412597656,28.571430206298828,14.285715103149414,14.285715103149414,14.285715103149414,0,4.761904716491699,0,0,15.425780296325684,25769803776,0,18304401408,0
209,1790937292625,4,4,4,4,4,4,4,4,4,4,76.011962890625,73.87852478027344,73.8547134399414,74.2880859375,66.81866455078125,75.49459838867188,77.953125,40,66.66667175292969,9.523809432983398,9.523809432983398,9.523809432983398,9.523809432983398,0,9.090909004211426,0,0,15.272100448608398,25769803776,0,18307792896,0
204,1790937292835,4,4,4,4,4,4,4,4,4,4,76.011962890625,73.87852478027344,73.8547134399414,74.2880859375,66.81866455078125,75.49459838867188,77.953125,63.6363639831543,30.000001907348633,10,4.761904716491699,0,0,0,0,4.545454502105713,0,15.272100448608398,25769803776,0,18307874816,0
209,1790937293039,4,4,4,4,4,4,4,4,4,4,76.16629028320313,74.05121612548828,74.1171646118164,74.37261199951172,67.1861572265625,75.67329406738281,77.953125,60.000003814697266,45,20,14.285715103149414,9.523809432983398,5,0,4.761904716491699,0,0,15.272100448608398,25769803776,0,18307825664,0
203,1790937293249,4,4,4,4,4,4,4,4,4,4,76.16629028320313,74.05121612548828,74.1171646118164,74.37261199951172,67.1861572265625,75.67329406738281,77.953125,55,23.809524536132813,19.047618865966797,5,26.3157901763916,9.523809432983398,0,9.523809432983398,0,0,15.272100448608398,25769803776,0,18307825664,0
202,1790937293453,4,4,4,4,4,4,4,4,4,4,76.16629028320313,74.05121612548828,74.1171646118164,74.37261199951172,67.1861572265625,75.67329406738281,77.953125,55,47.619049072265625,14.285715103149414,19.047618865966797,9.523809432983398,9.523809432983398,4.761904716491699,5,0,0,15.272100448608398,25769803776,0,18307825664,0
209,1790937293656,4,4,4,4,4,4,4,4,4,4,76.16629028320313,74.05121612548828,74.1171646118164,74.37261199951172,67.1861572265625,75.67329406738281,77.953125,54.54545593261719,25,47.619049072265625,5.263157844543457,9.523809432983398,9.523809432983398,0,9.523809432983398,0,0,15.394126892089844,25769803776,0,18261393408,0
209,1790937293866,4,4,4,4,4,4,4,4,4,4,76.16629028320313,74.05121612548828,74.1171646118164,74.37261199951172,67.1861572265625,75.67329406738281,77.953125,65,38.095237731933594,9.523809432983398,9.090909004211426,0,0,0,4.761904716491699,4.761904716491699,0,15.394126892089844,25769803776,0,17853267968,0
209,1790937294076,4,4,4,4,4,4,4,4,4,4,76.26847076416016,74.04961395263672,74.11238098144531,74.43280792236328,67.19168090820313,75.80429077148438,77.953125,52.38095474243164,28.571430206298828,45,5,9.523809432983398,5,0,4.761904716491699,0,0,15.394126892089844,25769803776,0,17853464576,0
209,1790937294286,4,4,4,4,4,4,4,4,4,4,76.26847076416016,74.04961395263672,74.11238098144531,74.43280792236328,67.19168090820313,75.80429077148438,77.953125,47.619049072265625,33.333335876464844,10,9.090909004211426,4.761904716491699,28.571430206298828,0,9.523809432983398,0,0,15.394126892089844,25769803776,0,17845714944,0
204,1790937294496,4,4,4,4,4,4,4,4,4,4,76.26847076416016,74.04961395263672,74.11238098144531,74.43280792236328,67.19168090820313,75.80429077148438,77.953125,40,45,18.18181800842285,10,28.571430206298828,13.636363983154297,0,4.761904716491699,4.545454502105713,0,15.394126892089844,25769803776,0,17845682176,0
209,1790937294701,4,4,4,4,4,4,4,4,4,4,76.26847076416016,74.04961395263672,74.11238098144531,74.43280792236328,67.19168090820313,75.80429077148438,77.953125,57.142860412597656,54.54545593261719,14.285715103149414,13.636363983154297,5,5.263157844543457,4.761904716491699,9.523809432983398,0,0,15.296149253845215,25769803776,0,17853825024,0
209,1790937294911,4,4,4,4,4,4,4,4,4,4,76.26847076416016,74.04961395263672,74.11238098144531,74.43280792236328,67.19168090820313,75.80429077148438,77.953125,60.000003814697266,35,9.523809432983398,0,0,0,0,5,0,0,15.296149253845215,25769803776,0,17853874176,0
209,1790937295121,4,4,4,4,4,4,4,4,4,4,76.31214904785156,74.20297241210938,74.21566009521484,74.52239227294922,67.25588989257813,75.83993530273438,80.4375,54.54545593261719,38.095237731933594,55,9.523809432983398,9.523809432983398,28.571430206298828,0,9.090909004211426,0,0,15.296149253845215,25769803776,0,17853874176,0
209,1790937295331,4,4,4,4,4,4,4,4,4,4,76.31214904785156,74.20297241210938,74.21566009521484,74.52239227294922,67.25588989257813,75.83993530273438,80.4375,38.095237731933594,47.619049072265625,28.571430206298828,33.333335876464844,19.047618865966797,19.047618865966797,0,4.761904716491699,0,0,15.296149253845215,25769803776,0,17853874176,0
209,1790937295541,4,4,4,4,4,4,4,4,4,4,76.31214904785156,74.20297241210938,74.21566009521484,74.52239227294922,67.25588989257813,75.83993530273438,80.4375,76.19047546386719,23.809524536132813,4.761904716491699,0,0,4.761904716491699,0,0,0,0,15.47195053100586,25769803776,0,17853874176,0
204,1790937295751,4,4,4,4,4,4,4,4,4,4,76.31214904785156,74.20297241210938,74.21566009521484,74.52239227294922,67.25588989257813,75.83993530273438,80.4375,61.904762268066406,38.095237731933594,14.285715103149414,9.523809432983398,9.523809432983398,9.090909004211426,0,4.761904716491699,0,0,15.47195053100586,25769803776,0,17846681600,0
209,1790937295956,4,4,4,4,4,4,4,4,4,4,76.31214904785156,74.20297241210938,74.21566009521484,74.52239227294922,67.25588989257813,75.83993530273438,80.4375,65,30.000001907348633,14.285715103149414,4.761904716491699,0,0,5,4.761904716491699,4.761904716491699,0,15.47195053100586,25769803776,0,17846960128,0
203,1790937296166,4,4,4,4,4,4,4,4,4,4,76.41388702392578,74.42487335205078,74.13813018798828,74.59671783447266,67.07695770263672,76.00420379638672,78.203125,52.38095474243164,61.904762268066406,23.809524536132813,15.000000953674316,14.285715103149414,9.523809432983398,9.523809432983398,0,0,0,15.47195053100586,25769803776,0,17843191808,0
202,1790937296370,4,4,4,4,4,4,4,4,4,4,76.41388702392578,74.42487335205078,74.13813018798828,74.59671783447266,67.07695770263672,76.00420379638672,78.203125,31.57894515991211,50,15.000000953674316,28.571430206298828,10,14.285715103149414,0,5,0,0,15.47195053100586,25769803776,0,17839570944,0
209,1790937296573,4,4,4,4,4,4,4,4,4,4,76.41388702392578,74.42487335205078,74.13813018798828,74.59671783447266,67.07695770263672,76.00420379638672,78.203125,54.54545593261719,57.142860412597656,5.263157844543457,10,5,5,5,4.761904716491699,0,0,15.327339172363281,25769803776,0,17849434112,0
203,1790937296783,4,4,4,4,4,4,4,4,4,4,76.41388702392578,74.42487335205078,74.13813018798828,74.59671783447266,67.07695770263672,76.00420379638672,78.203125,55,60.000003814697266,54.54545593261719,14.285715103149414,9.523809432983398,5,9.523809432983398,0,0,0,15.327339172363281,25769803776,0,17847730176,0
209,1790937296986,4,4,4,4,4,4,4,4,4,4,76.41388702392578,74.42487335205078,74.13813018798828,74.59671783447266,67.07695770263672,76.00420379638672,78.203125,65,42.85714340209961,30.000001907348633,10,5,5,5,0,0,0,15.327339172363281,25769803776,0,17847533568,0
203,1790937297196,4,4,4,4,4,4,4,4,4,4,76.41020202636719,74.66205596923828,74.02152252197266,74.61502075195313,66.78990936279297,75.98423767089844,81.390625,57.142860412597656,30.000001907348633,13.636363983154297,9.523809432983398,28.571430206298828,9.090909004211426,0,4.761904716491699,0,0,15.327339172363281,25769803776,0,17847533568,0
202,1790937297399,4,4,4,4,4,4,4,4,4,4,76.41020202636719,74.66205596923828,74.02152252197266,74.61502075195313,66.78990936279297,75.98423767089844,81.390625,42.85714340209961,31.81818199157715,15.789472579956055,25,14.285715103149414,30.000001907348633,0,9.523809432983398,0,0,15.327339172363281,25769803776,0,17847533568,0
202,1790937297602,4,4,4,4,4,4,4,4,4,4,76.41020202636719,74.66205596923828,74.02152252197266,74.61502075195313,66.78990936279297,75.98423767089844,81.390625,80,21.052631378173828,9.523809432983398,9.523809432983398,10,5,0,0,4.761904716491699,0,15.34951114654541,25769803776,0,17847533568,0
209,1790937297805,4,4,4,4,4,4,4,4,4,4,76.41020202636719,74.66205596923828,74.02152252197266,74.61502075195313,66.78990936279297,75.98423767089844,81.390625,71.42857360839844,25,10,0,0,0,4.761904716491699,10,4.761904716491699,0,15.34951114654541,25769803776,0,17848483840,0
209,1790937298015,4,4,4,4,4,4,4,4,4,4,76.41020202636719,74.66205596923828,74.02152252197266,74.61502075195313,66.78990936279297,75.98423767089844,81.390625,75,31.81818199157715,14.285715103149414,9.523809432983398,4.761904716491699,9.090909004211426,0,4.761904716491699,0,0,15.34951114654541,25769803776,0,17848893440,0
209,1790937298225,4,4,4,4,4,4,4,4,4,4,76.52449035644531,74.43573760986328,74.44530487060547,74.76272583007813,67.58214569091797,76.11769104003906,78.4375,23.809524536132813,60.000003814697266,10,9.523809432983398,13.636363983154297,23.809524536132813,0,9.090909004211426,0,0,15.34951114654541,25769803776,0,17845633024,0
209,1790937298435,4,4,4,4,4,4,4,4,4,4,76.52449035644531,74.43573760986328,74.44530487060547,74.76272583007813,67.58214569091797,76.11769104003906,78.4375,42.85714340209961,40,18.18181800842285,28.571430206298828,10,9.523809432983398,4.761904716491699,5,0,0,15.34951114654541,25769803776,0,17841274880,0
209,1790937298645,4,4,4,4,4,4,4,4,4,4,76.52449035644531,74.43573760986328,74.44530487060547,74.76272583007813,67.58214569091797,76.11769104003906,78.4375,76.19047546386719,31.81818199157715,14.285715103149414,9.523809432983398,4.761904716491699,5,0,4.761904716491699,0,0,15.556244850158691,25769803776,0,17841274880,0
209,1790937298855,4,4,4,4,4,4,4,4,4,4,76.52449035644531,74.43573760986328,74.44530487060547,74.76272583007813,67.58214569091797,76.11769104003906,78.4375,70,33.333335876464844,10,4.761904716491699,0,4.761904716491699,0,9.090909004211426,0,0,15.556244850158691,25769803776,0,17849073664,0
209,1790937299065,4,4,4,4,4,4,4,4,4,4,76.59354400634766,74.4548110961914,74.34619140625,74.81629943847656,67.38818359375,76.12750244140625,78.4375,47.619049072265625,47.619049072265625,31.81818199157715,4.761904716491699,13.043478012084961,9.090909004211426,0,0,0,0,15.556244850158691,25769803776,0,17849548800,0
209,1790937299275,4,4,4,4,4,4,4,4,4,4,76.59354400634766,74.4548110961914,74.34619140625,74.81629943847656,67.38818359375,76.12750244140625,78.4375,36.3636360168457,38.095237731933594,38.095237731933594,14.285715103149414,10,28.571430206298828,0,4.761904716491699,0,0,15.556244850158691,25769803776,0,17849548800,0
209,1790937299485,4,4,4,4,4,4,4,4,4,4,76.59354400634766,74.4548110961914,74.34619140625,74.81629943847656,67.38818359375,76.12750244140625,78.4375,52.38095474243164,25,20,9.523809432983398,9.090909004211426,10,0,9.090909004211426,4.545454502105713,0,15.556244850158691,25769803776,0,17849548800,0
209,1790937299695,4,4,4,4,4,4,4,4,4,4,76.59354400634766,74.4548110961914,74.34619140625,74.81629943847656,67.38818359375,76.12750244140625,78.4375,75,33.333335876464844,14.285715103149414,5,5,9.523809432983398,0,0,0,0,15.307710647583008,25769803776,0,17849548800,0
209,1790937299905,4,4,4,4,4,4,4,4,4,4,76.59354400634766,74.4548110961914,74.34619140625,74.81629943847656,67.38818359375,76.12750244140625,78.4375,63.6363639831543,28.571430206298828,18.18181800842285,4.545454502105713,0,0,8.69565200805664,9.523809432983398,0,0,15.307710647583008,25769803776,0,17850318848,0
209,1790937300115,4,4,4,4,4,4,4,4,4,4,76.68090057373047,74.56859588623047,74.49485778808594,74.93989562988281,67.63343811035156,76.22412109375,78.4375,45,66.66667175292969,20,14.285715103149414,13.636363983154297,14.285715103149414,0,4.761904716491699,0,0,15.307710647583008,25769803776,0,17852186624,0
200,1790937300325,4,4,4,4,4,4,4,4,4,4,76.68090057373047,74.56859588623047,74.49485778808594,74.93989562988281,67.63343811035156,76.22412109375,78.4375,45.45454788208008,40,23.809524536132813,19.047618865966797,10,14.285715103149414,0,9.090909004211426,0,0,15.307710647583008,25769803776,0,17852186624,0
209,1790937300525,4,4,4,4,4,4,4,4,4,4,76.68090057373047,74.56859588623047,74.49485778808594,74.93989562988281,67.63343811035156,76.22412109375,78.4375,68.42105102539063,23.809524536132813,14.285715103149414,10,0,0,0,5.263157844543457,0,0,15.307710647583008,25769803776,0,17852186624,0
209,1790937300735,4,4,4,4,4,4,4,4,4,4,76.68090057373047,74.56859588623047,74.49485778808594,74.93989562988281,67.63343811035156,76.22412109375,78.4375,75,28.571430206298828,14.285715103149414,5,9.523809432983398,9.523809432983398,0,4.761904716491699,0,0,15.4100923538208,25769803776,0,17852186624,0
203,1790937300946,4,4,4,4,4,4,4,4,4,4,76.68090057373047,74.56859588623047,74.49485778808594,74.93989562988281,67.63343811035156,76.22412109375,78.4375,61.904762268066406,33.333335876464844,28.571430206298828,9.523809432983398,5,9.523809432983398,0,9.090909004211426,0,0,15.4100923538208,25769803776,0,17850925056,0
202,1790937301149,4,4,4,4,4,4,4,4,4,4,76.74430847167969,74.58934783935547,74.39900970458984,75.05023193359375,67.50851440429688,76.27922821044922,78.4375,33.333335876464844,50,10.526315689086914,9.523809432983398,31.81818199157715,9.523809432983398,0,5,4.545454502105713,0,15.4100923538208,25769803776,0,17850925056,0
202,1790937301352,4,4,4,4,4,4,4,4,4,4,76.74430847167969,74.58934783935547,74.39900970458984,75.05023193359375,67.50851440429688,76.27922821044922,78.4375,38.095237731933594,52.38095474243164,25,20,10,10,0,5,0,0,15.4100923538208,25769803776,0,17850925056,0
209,1790937301555,4,4,4,4,4,4,4,4,4,4,76.74430847167969,74.58934783935547,74.39900970458984,75.05023193359375,67.50851440429688,76.27922821044922,78.4375,78.94737243652344,35,9.523809432983398,9.523809432983398,5,5,4.761904716491699,5,0,0,15.382798194885254,25769803776,0,17850925056,0
209,1790937301765,4,4,4,4,4,4,4,4,4,4,76.74430847167969,74.58934783935547,74.39900970458984,75.05023193359375,67.50851440429688,76.27922821044922,78.4375,77.2727279663086,19.047618865966797,9.523809432983398,0,0,0,4.761904716491699,4.761904716491699,0,0,15.382798194885254,25769803776,0,17850925056,0
203,1790937301975,4,4,4,4,4,4,4,4,4,4,76.74430847167969,74.58934783935547,74.39900970458984,75.05023193359375,67.50851440429688,76.27922821044922,78.4375,65,42.85714340209961,22.72727394104004,4.761904716491699,5,5,0,9.523809432983398,0,0,15.382798194885254,25769803776,0,17851449344,0
209,1790937302179,4,4,4,4,4,4,4,4,4,4,76.77008819580078,74.69546508789063,74.52921295166016,75.1256103515625,67.69605255126953,76.3309097290039,78.4375,47.619049072265625,25,10.526315689086914,10,14.285715103149414,33.333335876464844,0,5,0,0,15.382798194885254,25769803776,0,17848188928,0
209,1790937302389,4,4,4,4,4,4,4,4,4,4,76.77008819580078,74.69546508789063,74.52921295166016,75.1256103515625,67.69605255126953,76.3309097290039,78.4375,38.095237731933594,23.809524536132813,23.809524536132813,36.3636360168457,28.571430206298828,14.285715103149414,0,9.090909004211426,0,0,15.382798194885254,25769803776,0,17848188928,0
203,1790937302599,4,4,4,4,4,4,4,4,4,4,76.77008819580078,74.69546508789063,74.52921295166016,75.1256103515625,67.69605255126953,76.3309097290039,78.4375,80.95238494873047,20,14.285715103149414,5,9.090909004211426,4.761904716491699,0,4.761904716491699,0,0,15.39223575592041,25769803776,0,17848188928,0
209,1790937302802,4,4,4,4,4,4,4,4,4,4,76.77008819580078,74.69546508789063,74.52921295166016,75.1256103515625,67.69605255126953,76.3309097290039,78.4375,70,30.000001907348633,9.523809432983398,4.761904716491699,0,0,0,5,4.545454502105713,0,15.39223575592041,25769803776,0,17848188928,0
209,1790937303012,4,4,4,4,4,4,4,4,4,4,76.77008819580078,74.69546508789063,74.52921295166016,75.1256103515625,67.69605255126953,76.3309097290039,78.4375,66.66667175292969,33.333335876464844,19.047618865966797,10,5,13.043478012084961,0,4.761904716491699,0,0,15.39223575592041,25769803776,0,17854087168,0
209,1790937303222,4,4,4,4,4,4,4,4,4,4,76.78076934814453,74.68387603759766,74.55058288574219,75.14949035644531,67.74930572509766,76.31688690185547,78.4375,28.571430206298828,27.272727966308594,23.809524536132813,28.571430206298828,19.047618865966797,31.57894515991211,0,0,0,0,15.39223575592041,25769803776,0,17847091200,0
209,1790937303432,4,4,4,4,4,4,4,4,4,4,76.78076934814453,74.68387603759766,74.55058288574219,75.14949035644531,67.74930572509766,76.31688690185547,78.4375,71.42857360839844,15.000000953674316,25,9.090909004211426,9.090909004211426,9.090909004211426,9.090909004211426,4.545454502105713,0,0,15.39223575592041,25769803776,0,17844043776,0
209,1790937303642,4,4,4,4,4,4,4,4,4,4,76.78076934814453,74.68387603759766,74.55058288574219,75.14949035644531,67.74930572509766,76.31688690185547,78.4375,71.42857360839844,31.81818199157715,18.18181800842285,4.761904716491699,5,4.761904716491699,4.545454502105713,4.761904716491699,4.545454502105713,0,15.425187110900879,25769803776,0,17852022784,0
209,1790937303852,4,4,4,4,4,4,4,4,4,4,76.78076934814453,74.68387603759766,74.55058288574219,75.14949035644531,67.74930572509766,76.31688690185547,78.4375,70,25,0,0,0,0,0,5,0,0,15.425187110900879,25769803776,0,17852022784,0
209,1790937304062,4,4,4,4,4,4,4,4,4,4,76.83052062988281,74.83049774169922,74.4149169921875,75.2069091796875,67.4974594116211,76.39463806152344,78.671875,40.90909194946289,71.42857360839844,27.272727966308594,17.39130401611328,18.18181800842285,14.285715103149414,0,9.090909004211426,0,0,15.425187110900879,25769803776,0,17848631296,0
209,1790937304273,4,4,4,4,4,4,4,4,4,4,76.83052062988281,74.83049774169922,74.4149169921875,75.2069091796875,67.4974594116211,76.39463806152344,78.671875,30.000001907348633,22.72727394104004,38.095237731933594,10,25,23.809524536132813,0,4.761904716491699,4.545454502105713,0,15.425187110900879,25769803776,0,17846026240,0
209,1790937304483,4,4,4,4,4,4,4,4,4,4,76.83052062988281,74.83049774169922,74.4149169921875,75.2069091796875,67.4974594116211,76.39463806152344,78.671875,63.6363639831543,25,22.72727394104004,4.761904716491699,4.545454502105713,4.761904716491699,0,4.761904716491699,0,0,15.425187110900879,25769803776,0,17846026240,0
209,1790937304693,4,4,4,4,4,4,4,4,4,4,76.83052062988281,74.83049774169922,74.4149169921875,75.2069091796875,67.4974594116211,76.39463806152344,78.671875,65,40.90909194946289,14.285715103149414,5,5,9.090909004211426,0,4.761904716491699,0,0,15.346863746643066,25769803776,0,17846026240,0
209,1790937304903,4,4,4,4,4,4,4,4,4,4,76.83052062988281,74.83049774169922,74.4149169921875,75.2069091796875,67.4974594116211,76.39463806152344,78.671875,57.142860412597656,50,15.000000953674316,9.090909004211426,4.761904716491699,5,0,5,0,0,15.346863746643066,25769803776,0,17846026240,0
209,1790937305113,4,4,4,4,4,4,4,4,4,4,76.93125915527344,74.72430419921875,74.56097412109375,75.26126861572266,67.80139923095703,76.51776885986328,78.671875,28.571430206298828,61.904762268066406,9.523809432983398,25,9.523809432983398,4.761904716491699,0,9.090909004211426,0,0,15.346863746643066,25769803776,0,17850138624,0
209,1790937305323,4,4,4,4,4,4,4,4,4,4,76.93125915527344,74.72430419921875,74.56097412109375,75.26126861572266,67.80139923095703,76.51776885986328,78.671875,35,52.38095474243164,19.047618865966797,13.636363983154297,14.285715103149414,14.285715103149414,4.545454502105713,4.761904716491699,0,0,15.346863746643066,25769803776,0,17845780480,0
200,1790937305533,4,4,4,4,4,4,4,4,4,4,76.93125915527344,74.72430419921875,74.56097412109375,75.26126861572266,67.80139923095703,76.51776885986328,78.671875,47.619049072265625,60.000003814697266,9.523809432983398,9.523809432983398,9.523809432983398,9.523809432983398,4.545454502105713,5,0,0,15.2891263961792,25769803776,0,17853612032,0
209,1790937305733,4,4,4,4,4,4,4,4,4,4,76.93125915527344,74.72430419921875,74.56097412109375,75.26126861572266,67.80139923095703,76.51776885986328,78.671875,71.42857360839844,25,5.263157844543457,0,0,0,0,9.523809432983398,4.761904716491699,0,15.2891263961792,25769803776,0,17853612032,0
209,1790937305943,4,4,4,4,4,4,4,4,4,4,76.93125915527344,74.72430419921875,74.56097412109375,75.26126861572266,67.80139923095703,76.51776885986328,78.671875,66.66667175292969,36.3636360168457,13.636363983154297,14.285715103149414,9.523809432983398,9.523809432983398,0,4.761904716491699,4.761904716491699,0,15.2891263961792,25769803776,0,17853612032,0
209,1790937306153,4,4,4,4,4,4,4,4,4,4,76.94794464111328,74.79432678222656,74.55123901367188,75.26935577392578,67.77278137207031,76.48672485351563,78.671875,61.904762268066406,15.000000953674316,28.571430206298828,5,9.523809432983398,14.285715103149414,0,9.523809432983398,0,0,15.2891263961792,25769803776,0,17827299328,0
209,1790937306363,4,4,4,4,4,4,4,4,4,4,76.94794464111328,74.79432678222656,74.55123901367188,75.26935577392578,67.77278137207031,76.48672485351563,78.671875,71.42857360839844,31.81818199157715,19.047618865966797,14.285715103149414,9.523809432983398,9.523809432983398,0,0,0,0,15.2891263961792,25769803776,0,17827479552,0
209,1790937306573,4,4,4,4,4,4,4,4,4,4,76.94794464111328,74.79432678222656,74.55123901367188,75.26935577392578,67.77278137207031,76.48672485351563,78.671875,57.142860412597656,28.571430206298828,30.000001907348633,9.523809432983398,9.090909004211426,5,0,9.090909004211426,0,0,15.307625770568848,25769803776,0,17835622400,0
209,1790937306783,4,4,4,4,4,4,4,4,4,4,76.94794464111328,74.79432678222656,74.55123901367188,75.26935577392578,67.77278137207031,76.48672485351563,78.671875,60.000003814697266,33.333335876464844,13.636363983154297,0,0,0,0,5,0,0,15.307625770568848,25769803776,0,17835622400,0
209,1790937306993,4,4,4,4,4,4,4,4,4,4,76.94794464111328,74.79432678222656,74.55123901367188,75.26935577392578,67.77278137207031,76.48672485351563,78.671875,42.85714340209961,45,28.571430206298828,9.523809432983398,9.090909004211426,27.272727966308594,0,4.761904716491699,0,0,15.307625770568848,25769803776,0,17835622400,0
209,1790937307203,4,4,4,4,4,4,4,4,4,4,76.97254180908203,74.80623626708984,74.69132232666016,75.27699279785156,67.96668243408203,76.54468536376953,78.671875,28.571430206298828,47.619049072265625,30.000001907348633,38.095237731933594,15.000000953674316,19.047618865966797,4.761904716491699,9.523809432983398,0,0,15.307625770568848,25769803776,0,17828790272,0
205,1790937307413,4,4,4,4,4,4,4,4,4,4,76.97254180908203,74.80623626708984,74.69132232666016,75.27699279785156,67.96668243408203,76.54468536376953,78.671875,30.000001907348633,55,4.545454502105713,13.636363983154297,14.285715103149414,0,0,4.761904716491699,0,0,15.307625770568848,25769803776,0,17837637632,0
209,1790937307619,4,4,4,4,4,4,4,4,4,4,76.97254180908203,74.80623626708984,74.69132232666016,75.27699279785156,67.96668243408203,76.54468536376953,78.671875,68.18181610107422,33.333335876464844,15.000000953674316,5.263157844543457,5,5,0,4.761904716491699,0,0,15.246817588806152,25769803776,0,17835884544,0
209,1790937307829,4,4,4,4,4,4,4,4,4,4,76.97254180908203,74.80623626708984,74.69132232666016,75.27699279785156,67.96668243408203,76.54468536376953,78.671875,75,27.272727966308594,9.523809432983398,0,4.545454502105713,0,0,4.761904716491699,0,0,15.246817588806152,25769803776,0,17836392448,0
203,1790937308039,4,4,4,4,4,4,4,4,4,4,76.95489501953125,74.84815979003906,74.60551452636719,75.28506469726563,67.860107421875,76.4948501586914,78.90625,45.45454788208008,52.38095474243164,19.047618865966797,13.636363983154297,28.571430206298828,10,0,9.090909004211426,4.761904716491699,0,15.246817588806152,25769803776,0,17836392448,0
209,1790937308242,4,4,4,4,4,4,4,4,4,4,76.95489501953125,74.84815979003906,74.60551452636719,75.28506469726563,67.860107421875,76.4948501586914,78.90625,35,35,25,40,20,13.636363983154297,0,5,0,0,15.246817588806152,25769803776,0,17828691968,0
209,1790937308452,4,4,4,4,4,4,4,4,4,4,76.95489501953125,74.84815979003906,74.60551452636719,75.28506469726563,67.860107421875,76.4948501586914,78.90625,50,55,9.090909004211426,9.090909004211426,4.761904716491699,9.523809432983398,0,0,0,0,15.246817588806152,25769803776,0,17836490752,0
209,1790937308662,4,4,4,4,4,4,4,4,4,4,76.95489501953125,74.84815979003906,74.60551452636719,75.28506469726563,67.860107421875,76.4948501586914,78.90625,68.18181610107422,28.571430206298828,5,0,0,0,0,9.523809432983398,0,0,15.369672775268555,25769803776,0,17836556288,0
209,1790937308872,4,4,4,4,4,4,4,4,4,4,76.95489501953125,74.84815979003906,74.60551452636719,75.28506469726563,67.860107421875,76.4948501586914,78.90625,65,33.333335876464844,23.809524536132813,15.000000953674316,9.523809432983398,4.761904716491699,9.090909004211426,4.545454502105713,0,0,15.369672775268555,25769803776,0,17836556288,0
209,1790937309082,4,4,4,4,4,4,4,4,4,4,77.04743194580078,74.95809173583984,74.6183090209961,75.29654693603516,67.8571548461914,76.62657165527344,78.671875,36.3636360168457,47.619049072265625,13.636363983154297,19.047618865966797,5,30.000001907348633,0,4.761904716491699,0,0,15.369672775268555,25769803776,0,17836556288,0
209,1790937309292,4,4,4,4,4,4,4,4,4,4,77.04743194580078,74.95809173583984,74.6183090209961,75.29654693603516,67.8571548461914,76.62657165527344,78.671875,40,42.85714340209961,35,9.523809432983398,13.636363983154297,9.523809432983398,0,5,9.090909004211426,0,15.369672775268555,25769803776,0,17829658624,0
209,1790937309502,4,4,4,4,4,4,4,4,4,4,77.04743194580078,74.95809173583984,74.6183090209961,75.29654693603516,67.8571548461914,76.62657165527344,78.671875,47.619049072265625,57.142860412597656,14.285715103149414,5,9.090909004211426,9.090909004211426,0,4.761904716491699,0,0,15.369672775268555,25769803776,0,17837883392,0
209,1790937309712,4,4,4,4,4,4,4,4,4,4,77.04743194580078,74.95809173583984,74.6183090209961,75.29654693603516,67.8571548461914,76.62657165527344,78.671875,71.42857360839844,19.047618865966797,14.285715103149414,4.545454502105713,0,0,4.545454502105713,9.090909004211426,0,0,15.306150436401367,25769803776,0,17837981696,0
209,1790937309922,4,4,4,4,4,4,4,4,4,4,77.04743194580078,74.95809173583984,74.6183090209961,75.29654693603516,67.8571548461914,76.62657165527344,78.671875,71.42857360839844,42.85714340209961,19.047618865966797,9.523809432983398,5,5,4.761904716491699,0,0,0,15.306150436401367,25769803776,0,17838080000,0
209,1790937310132,4,4,4,4,4,4,4,4,4,4,77.0600814819336,74.99800872802734,74.51805114746094,75.30252838134766,67.69949340820313,76.65888214111328,78.90625,38.095237731933594,20,14.285715103149414,14.285715103149414,23.809524536132813,28.571430206298828,4.761904716491699,0,0,0,15.306150436401367,25769803776,0,17830739968,0
209,1790937310342,4,4,4,4,4,4,4,4,4,4,77.0600814819336,74.99800872802734,74.51805114746094,75.30252838134766,67.69949340820313,76.65888214111328,78.90625,57.142860412597656,54.54545593261719,14.285715103149414,9.523809432983398,5,9.523809432983398,5,0,4.545454502105713,0,15.306150436401367,25769803776,0,17830248448,0
209,1790937310552,4,4,4,4,4,4,4,4,4,4,77.0600814819336,74.99800872802734,74.51805114746094,75.30252838134766,67.69949340820313,76.65888214111328,78.90625,71.42857360839844,33.333335876464844,14.285715103149414,10,9.090909004211426,9.523809432983398,9.090909004211426,0,0,0,15.230111122131348,25769803776,0,17838637056,0
209,1790937310762,4,4,4,4,4,4,4,4,4,4,77.0600814819336,74.99800872802734,74.51805114746094,75.30252838134766,67.69949340820313,76.65888214111328,78.90625,76.19047546386719,15.000000953674316,9.523809432983398,0,0,0,4.761904716491699,0,0,0,15.230111122131348,25769803776,0,17838637056,0
209,1790937310972,4,4,4,4,4,4,4,4,4,4,77.0600814819336,74.99800872802734,74.51805114746094,75.30252838134766,67.69949340820313,76.65888214111328,78.90625,66.66667175292969,42.85714340209961,20,14.285715103149414,23.809524536132813,9.523809432983398,4.761904716491699,0,0,0,15.230111122131348,25769803776,0,17838637056,0
209,1790937311182,4,4,4,4,4,4,4,4,4,4,77.0556869506836,75.39264678955078,74.31214141845703,75.29878997802734,67.22897338867188,76.67591094970703,78.671875,28.571430206298828,38.095237731933594,22.72727394104004,13.636363983154297,47.619049072265625,14.285715103149414,5,4.545454502105713,0,0,15.230111122131348,25769803776,0,17838637056,0
209,1790937311392,4,4,4,4,4,4,4,4,4,4,77.0556869506836,75.39264678955078,74.31214141845703,75.29878997802734,67.22897338867188,76.67591094970703,78.671875,80,28.571430206298828,5,9.523809432983398,5,9.090909004211426,9.090909004211426,4.545454502105713,0,0,15.230111122131348,25769803776,0,17839112192,0
209,1790937311602,4,4,4,4,4,4,4,4,4,4,77.0556869506836,75.39264678955078,74.31214141845703,75.29878997802734,67.22897338867188,76.67591094970703,78.671875,71.42857360839844,23.809524536132813,9.523809432983398,0,0,0,4.761904716491699,0,4.761904716491699,0,15.31235408782959,25769803776,0,17839341568,0
209,1790937311812,4,4,4,4,4,4,4,4,4,4,77.0556869506836,75.39264678955078,74.31214141845703,75.29878997802734,67.22897338867188,76.67591094970703,78.671875,59.09090805053711,47.619049072265625,19.047618865966797,5,9.090909004211426,5,4.761904716491699,0,0,0,15.31235408782959,25769803776,0,17839341568,0
209,1790937312022,4,4,4,4,4,4,4,4,4,4,77.0556869506836,75.29524230957031,74.24464416503906,75.29878997802734,67.22897338867188,76.67591094970703,78.671875,55,38.095237731933594,9.523809432983398,9.523809432983398,9.523809432983398,19.047618865966797,4.761904716491699,0,0,0,15.31235408782959,25769803776,0,17839341568,0
203,1790937312232,4,4,4,4,4,4,4,4,4,4,77.05377960205078,75.29524230957031,74.24464416503906,75.29879760742188,67.18862915039063,76.6752700805664,78.671875,33.333335876464844,33.333335876464844,38.095237731933594,14.285715103149414,23.809524536132813,14.285715103149414,4.761904716491699,0,0,0,15.31235408782959,25769803776,0,17839341568,0
209,1790937312436,4,4,4,4,4,4,4,4,4,4,77.05377960205078,75.29524230957031,74.24464416503906,75.29879760742188,67.18862915039063,76.6752700805664,78.671875,57.142860412597656,50,10,14.285715103149414,5.263157844543457,9.523809432983398,0,0,0,0,15.31235408782959,25769803776,0,17840455680,0
209,1790937312646,4,4,4,4,4,4,4,4,4,4,77.05377960205078,75.29524230957031,74.24464416503906,75.29879760742188,67.18862915039063,76.6752700805664,78.671875,65,30.000001907348633,9.523809432983398,0,0,0,9.090909004211426,0,0,0,15.220335006713867,25769803776,0,17840340992,0
209,1790937312856,4,4,4,4,4,4,4,4,4,4,77.05377960205078,75.29524230957031,74.24464416503906,75.29879760742188,67.18862915039063,76.6752700805664,78.671875,61.904762268066406,52.173912048339844,23.809524536132813,5,13.636363983154297,9.090909004211426,4.761904716491699,0,8.69565200805664,0,15.220335006713867,25769803776,0,17840439296,0
209,1790937313066,4,4,4,4,4,4,4,4,4,4,77.06262969970703,75.46226501464844,74.31778717041016,75.30382537841797,67.23388671875,76.70775604248047,78.671875,40.90909194946289,30.000001907348633,33.333335876464844,19.047618865966797,10,5,9.523809432983398,0,0,0,15.220335006713867,25769803776,0,17832722432,0
209,1790937313276,4,4,4,4,4,4,4,4,4,4,77.06262969970703,75.46226501464844,74.31778717041016,75.30382537841797,67.23388671875,76.70775604248047,78.671875,52.6315803527832,57.142860412597656,14.285715103149414,13.636363983154297,9.523809432983398,9.523809432983398,4.761904716491699,0,0,0,15.220335006713867,25769803776,0,17832722432,0
209,1790937313486,4,4,4,4,4,4,4,4,4,4,77.06262969970703,75.46226501464844,74.31778717041016,75.30382537841797,67.23388671875,76.70775604248047,78.671875,82.60869598388672,55,50,42.85714340209961,45.45454788208008,28.571430206298828,4.761904716491699,0,0,0,15.220335006713867,25769803776,0,17859362816,0
209,1790937313696,4,4,4,4,4,4,4,4,4,4,77.06262969970703,75.46226501464844,74.31778717041016,75.30382537841797,67.23388671875,76.70775604248047,78.671875,90,66.66667175292969,80,65,50,38.095237731933594,9.523809432983398,0,0,0,15.244287490844727,25769803776,0,17891590144,0
209,1790937313906,4,4,4,4,4,4,4,4,4,4,77.06262969970703,75.46226501464844,74.31778717041016,75.30382537841797,67.23388671875,76.70775604248047,78.671875,47.619049072265625,59.09090805053711,70,42.85714340209961,47.619049072265625,31.81818199157715,4.761904716491699,0,0,0,15.244287490844727,25769803776,0,17844977664,0
209,1790937314116,4,4,4,4,4,4,4,4,4,4,77.27227783203125,75.92922973632813,74.65702056884766,75.45326232910156,67.47010803222656,77.05500793457031,81.15625,42.85714340209961,45,40.90909194946289,14.285715103149414,18.18181800842285,10,9.523809432983398,0,4.761904716491699,0,15.244287490844727,25769803776,0,17845043200,0
206,1790937314326,4,4,4,4,4,4,4,4,4,4,77.27227783203125,75.92922973632813,74.65702056884766,75.45326232910156,67.47010803222656,77.05500793457031,81.15625,57.142860412597656,47.619049072265625,14.285715103149414,9.523809432983398,5,9.523809432983398,4.761904716491699,4.545454502105713,0,0,15.244287490844727,25769803776,0,17853612032,0
209,1790937314533,4,4,4,4,4,4,4,4,4,4,77.27227783203125,75.92922973632813,74.65702056884766,75.45326232910156,67.47010803222656,77.05500793457031,81.15625,80.95238494873047,19.047618865966797,9.523809432983398,4.545454502105713,0,0,9.523809432983398,0,0,0,15.524100303649902,25769803776,0,17853349888,0
203,1790937314743,4,4,4,4,4,4,4,4,4,4,77.27227783203125,75.92922973632813,74.65702056884766,75.45326232910156,67.47010803222656,77.05500793457031,81.15625,47.619049072265625,60.000003814697266,20,5,18.18181800842285,9.523809432983398,4.761904716491699,0,4.761904716491699,0,15.524100303649902,25769803776,0,17853415424,0
202,1790937314946,4,4,4,4,4,4,4,4,4,4,77.27227783203125,75.92922973632813,74.65702056884766,75.45326232910156,67.47010803222656,77.05500793457031,81.15625,55,28.571430206298828,35,25,15.000000953674316,20,5,0,0,0,15.524100303649902,25769803776,0,17835245568,0
209,1790937315149,4,4,4,4,4,4,4,4,4,4,77.00592041015625,75.47826385498047,74.41814422607422,75.31087493896484,67.29869079589844,76.62548065185547,78.671875,57.894737243652344,45,45,42.85714340209961,50,30.000001907348633,9.523809432983398,4.761904716491699,0,0,15.524100303649902,25769803776,0,17835245568,0
209,1790937315359,4,4,4,4,4,4,4,4,4,4,77.00592041015625,75.47826385498047,74.41814422607422,75.31087493896484,67.29869079589844,76.62548065185547,78.671875,61.904762268066406,52.38095474243164,40.90909194946289,57.142860412597656,33.333335876464844,47.619049072265625,5,0,4.545454502105713,0,15.524100303649902,25769803776,0,17835245568,0
209,1790937315569,4,4,4,4,4,4,4,4,4,4,77.00592041015625,75.47826385498047,74.41814422607422,75.31087493896484,67.29869079589844,76.62548065185547,78.671875,66.66667175292969,35,19.047618865966797,0,0,0,9.090909004211426,0,0,0,15.133718490600586,25769803776,0,17886035968,0
209,1790937315779,4,4,4,4,4,4,4,4,4,4,77.00592041015625,75.47826385498047,74.41814422607422,75.31087493896484,67.29869079589844,76.62548065185547,78.671875,66.66667175292969,45.45454788208008,14.285715103149414,4.761904716491699,5,9.523809432983398,0,0,0,0,15.133718490600586,25769803776,0,17886691328,0
209,1790937315989,4,4,4,4,4,4,4,4,4,4,77.00592041015625,75.47826385498047,74.41814422607422,75.31087493896484,67.29869079589844,76.62548065185547,78.671875,19.047618865966797,47.619049072265625,19.047618865966797,18.18181800842285,14.285715103149414,28.571430206298828,9.090909004211426,0,0,0,15.133718490600586,25769803776,0,17886691328,0
204,1790937316199,4,4,4,4,4,4,4,4,4,4,76.93161010742188,75.40888214111328,74.31456756591797,75.27406311035156,67.22116088867188,76.4859848022461,78.671875,38.095237731933594,57.142860412597656,20,10,13.636363983154297,13.636363983154297,4.761904716491699,0,0,0,15.133718490600586,25769803776,0,17886691328,0
202,1790937316404,4,4,4,4,4,4,4,4,4,4,76.93161010742188,75.40888214111328,74.31456756591797,75.27406311035156,67.22116088867188,76.4859848022461,78.671875,85.71428680419922,20,14.285715103149414,9.523809432983398,10,5,0,0,0,0,15.133718490600586,25769803776,0,17886691328,0
209,1790937316607,4,4,4,4,4,4,4,4,4,4,76.93161010742188,75.40888214111328,74.31456756591797,75.27406311035156,67.22116088867188,76.4859848022461,78.671875,68.42105102539063,31.57894515991211,10,0,0,0,9.523809432983398,0,0,0,14.78134536743164,25769803776,0,17886789632,0
209,1790937316817,4,4,4,4,4,4,4,4,4,4,76.93161010742188,75.40888214111328,74.31456756591797,75.27406311035156,67.22116088867188,76.4859848022461,78.671875,47.619049072265625,47.619049072265625,28.571430206298828,9.523809432983398,9.523809432983398,5,5,9.090909004211426,0,0,14.78134536743164,25769803776,0,17887379456,0
209,1790937317027,4,4,4,4,4,4,4,4,4,4,77.01192474365234,75.31576538085938,74.29206085205078,75.29655456542969,67.23645782470703,76.58767700195313,78.90625,42.85714340209961,36.3636360168457,28.571430206298828,23.809524536132813,42.85714340209961,21.7391300201416,9.090909004211426,0,0,0,14.78134536743164,25769803776,0,17887379456,0
209,1790937317237,4,4,4,4,4,4,4,4,4,4,77.01192474365234,75.31576538085938,74.29206085205078,75.29655456542969,67.23645782470703,76.58767700195313,78.90625,42.85714340209961,40,19.047618865966797,4.761904716491699,4.761904716491699,14.285715103149414,4.761904716491699,0,4.545454502105713,0,14.78134536743164,25769803776,0,17887379456,0
209,1790937317447,4,4,4,4,4,4,4,4,4,4,77.01192474365234,75.31576538085938,74.29206085205078,75.29655456542969,67.23645782470703,76.58767700195313,78.90625,76.19047546386719,40.90909194946289,19.047618865966797,10,9.090909004211426,5,5,0,0,0,14.78134536743164,25769803776,0,17887379456,0
209,1790937317657,4,4,4,4,4,4,4,4,4,4,77.01192474365234,75.31576538085938,74.29206085205078,75.29655456542969,67.23645782470703,76.58767700195313,78.90625,66.66667175292969,33.333335876464844,14.285715103149414,0,0,0,9.090909004211426,0,0,0,15.081695556640625,25769803776,0,17887199232,0
209,1790937317867,4,4,4,4,4,4,4,4,4,4,77.01192474365234,75.31576538085938,74.29206085205078,75.29655456542969,67.23645782470703,76.58767700195313,78.90625,47.619049072265625,70,14.285715103149414,13.636363983154297,9.523809432983398,14.285715103149414,5,0,0,0,15.081695556640625,25769803776,0,17879826432,0
205,1790937318077,4,4,4,4,4,4,4,4,4,4,77.05278778076172,75.4465103149414,74.30540466308594,75.30441284179688,67.23455047607422,76.67201232910156,78.90625,28.571430206298828,45.45454788208008,20,20,33.333335876464844,33.333335876464844,9.090909004211426,0,0,0,15.081695556640625,25769803776,0,17879826432,0
209,1790937318283,4,4,4,4,4,4,4,4,4,4,77.05278778076172,75.4465103149414,74.30540466308594,75.30441284179688,67.23455047607422,76.67201232910156,78.90625,38.095237731933594,80,18.18181800842285,5,14.285715103149414,4.761904716491699,9.523809432983398,0,4.761904716491699,0,15.081695556640625,25769803776,0,17879826432,0
209,1790937318493,4,4,4,4,4,4,4,4,4,4,77.05278778076172,75.4465103149414,74.30540466308594,75.30441284179688,67.23455047607422,76.67201232910156,78.90625,75,35,33.333335876464844,19.047618865966797,9.523809432983398,5,5,4.545454502105713,4.761904716491699,0,15.081695556640625,25769803776,0,17879826432,0
209,1790937318703,4,4,4,4,4,4,4,4,4,4,77.05278778076172,75.4465103149414,74.30540466308594,75.30441284179688,67.23455047607422,76.67201232910156,78.90625,61.904762268066406,45.45454788208008,25,14.285715103149414,9.523809432983398,13.636363983154297,9.090909004211426,0,0,0,15.025766372680664,25769803776,0,17888952320,0
204,1790937318913,4,4,4,4,4,4,4,4,4,4,77.05278778076172,75.4465103149414,74.30540466308594,75.30441284179688,67.23455047607422,76.67201232910156,78.90625,59.09090805053711,47.619049072265625,25,28.571430206298828,40,15.000000953674316,5,38.095237731933594,0,0,15.025766372680664,25769803776,0,17886806016,0
200,1790937319117,4,4,4,4,4,4,4,4,4,4,77.14904022216797,75.75000762939453,75.25346374511719,75.41328430175781,68.4452133178711,76.8759536743164,84.796875,52.6315803527832,35,36.3636360168457,28.571430206298828,40.90909194946289,10,5,0,0,0,15.025766372680664,25769803776,0,17886806016,0
204,1790937319318,4,4,4,4,4,4,4,4,4,4,77.14904022216797,75.75000762939453,75.25346374511719,75.41328430175781,68.4452133178711,76.8759536743164,84.796875,60.000003814697266,42.105262756347656,33.333335876464844,19.047618865966797,5.555555820465088,14.285715103149414,4.761904716491699,10,0,0,15.025766372680664,25769803776,0,17886806016,0
204,1790937319523,4,4,4,4,4,4,4,4,4,4,77.14904022216797,75.75000762939453,75.25346374511719,75.41328430175781,68.4452133178711,76.8759536743164,84.796875,61.904762268066406,35,22.72727394104004,5.263157844543457,9.090909004211426,0,0,5,0,0,15.025766372680664,25769803776,0,17886806016,0
204,1790937319728,4,4,4,4,4,4,4,4,4,4,77.14904022216797,75.75000762939453,75.25346374511719,75.41328430175781,68.4452133178711,76.8759536743164,84.796875,65,47.619049072265625,30.000001907348633,13.636363983154297,5,5,4.761904716491699,9.523809432983398,4.761904716491699,0,14.757296562194824,25769803776,0,17891491840,0
204,1790937319933,4,4,4,4,4,4,4,4,4,4,77.14904022216797,75.75000762939453,75.25346374511719,75.41328430175781,68.4452133178711,76.8759536743164,84.796875,61.904762268066406,33.333335876464844,20,26.3157901763916,15.000000953674316,14.285715103149414,5,0,0,0,14.757296562194824,25769803776,0,17890443264,0
204,1790937320138,4,4,4,4,4,4,4,4,4,4,77.02261352539063,75.31297302246094,74.72512817382813,75.31161499023438,67.82776641845703,76.64238739013672,79.96875,55,35,20,40.90909194946289,14.285715103149414,14.285715103149414,0,0,0,4.761904716491699,14.757296562194824,25769803776,0,17890443264,0
204,1790937320343,4,4,4,4,4,4,4,4,4,4,77.02261352539063,75.31297302246094,74.72512817382813,75.31161499023438,67.82776641845703,76.64238739013672,79.96875,55,60.000003814697266,19.047618865966797,5.263157844543457,5,5,9.523809432983398,4.761904716491699,0,0,14.757296562194824,25769803776,0,17890443264,0
204,1790937320548,4,4,4,4,4,4,4,4,4,4,77.02261352539063,75.31297302246094,74.72512817382813,75.31161499023438,67.82776641845703,76.64238739013672,79.96875,55,52.38095474243164,10,9.523809432983398,0,0,5,0,4.545454502105713,0,14.768402099609375,25769803776,0,17890443264,0
204,1790937320753,4,4,4,4,4,4,4,4,4,4,77.02261352539063,75.31297302246094,74.72512817382813,75.31161499023438,67.82776641845703,76.64238739013672,79.96875,61.904762268066406,47.619049072265625,23.809524536132813,15.000000953674316,9.523809432983398,5,9.523809432983398,0,0,0,14.768402099609375,25769803776,0,17891590144,0
204,1790937320958,4,4,4,4,4,4,4,4,4,4,77.02261352539063,75.31297302246094,74.72512817382813,75.31161499023438,67.82776641845703,76.64238739013672,79.96875,45,40,15.000000953674316,23.809524536132813,14.285715103149414,19.047618865966797,0,9.523809432983398,0,0,14.768402099609375,25769803776,0,17886085120,0
204,1790937321163,4,4,4,4,4,4,4,4,4,4,77.11345672607422,75.35083770751953,74.57173919677734,75.33676147460938,67.5502700805664,76.75802612304688,80.4375,50,65,14.285715103149414,9.523809432983398,10,13.636363983154297,5,0,4.761904716491699,0,14.768402099609375,25769803776,0,17883824128,0
204,1790937321368,4,4,4,4,4,4,4,4,4,4,77.11345672607422,75.35083770751953,74.57173919677734,75.33676147460938,67.5502700805664,76.75802612304688,80.4375,5.263157844543457,19.047618865966797,0,5,0,0,9.523809432983398,0,0,0,14.768402099609375,25769803776,0,17883955200,0
204,1790937321573,4,4,4,4,4,4,4,4,4,4,77.11345672607422,75.35083770751953,74.57173919677734,75.33676147460938,67.5502700805664,76.75802612304688,80.4375,9.523809432983398,0,0,0,0,0,9.523809432983398,0,0,0,15.611823081970215,25769803776,0,17883922432,0
204,1790937321778,4,4,4,4,4,4,4,4,4,4,77.11345672607422,75.35083770751953,74.57173919677734,75.33676147460938,67.5502700805664,76.75802612304688,80.4375,10,9.523809432983398,0,9.090909004211426,4.761904716491699,0,5,0,0,0,15.611823081970215,25769803776,0,17883955200,0
204,1790937321983,4,4,4,4,4,4,4,4,4,4,77.11345672607422,75.35083770751953,74.57173919677734,75.33676147460938,67.5502700805664,76.75802612304688,80.4375,9.523809432983398,4.761904716491699,9.090909004211426,0,0,0,5,0,0,0,15.611823081970215,25769803776,0,17883971584,0
204,1790937322188,4,4,4,4,4,4,4,4,4,4,76.92206573486328,75.29088592529297,74.28258514404297,75.28988647460938,67.18440246582031,76.50508117675781,78.671875,0,0,0,0,0,0,5,9.090909004211426,4.545454502105713,0,15.611823081970215,25769803776,0,17883971584,0
204,1790937322393,4,4,4,4,4,4,4,4,4,4,76.92206573486328,75.29088592529297,74.28258514404297,75.28988647460938,67.18440246582031,76.50508117675781,78.671875,10,4.761904716491699,0,4.761904716491699,0,0,4.761904716491699,0,0,0,15.611823081970215,25769803776,0,17883971584,0
204,1790937322598,4,4,4,4,4,4,4,4,4,4,76.92206573486328,75.29088592529297,74.28258514404297,75.28988647460938,67.18440246582031,76.50508117675781,78.671875,9.523809432983398,5,0,0,0,0,9.523809432983398,0,0,0,15.024632453918457,25769803776,0,17883971584,0
200,1790937322803,4,4,4,4,4,4,4,4,4,4,76.92206573486328,75.29088592529297,74.28258514404297,75.28988647460938,67.18440246582031,76.50508117675781,78.671875,5,0,4.761904716491699,4.761904716491699,0,0,0,5,0,0,15.024632453918457,25769803776,0,17882988544,0
204,1790937323003,4,4,4,4,4,4,4,4,4,4,76.92206573486328,75.29088592529297,74.28258514404297,75.28988647460938,67.18440246582031,76.50508117675781,78.671875,9.523809432983398,5,4.761904716491699,4.761904716491699,0,0,5.263157844543457,0,0,0,15.024632453918457,25769803776,0,17882267648,0
204,1790937323208,4,4,4,4,4,4,4,4,4,4,76.91949462890625,75.06161499023438,74.23013305664063,75.282958984375,67.17144775390625,76.4813461303711,78.671875,5,4.761904716491699,0,0,0,0,9.090909004211426,0,0,0,15.024632453918457,25769803776,0,17882267648,0
204,1790937323413,4,4,4,4,4,4,4,4,4,4,76.91949462890625,75.06161499023438,74.23013305664063,75.282958984375,67.17144775390625,76.4813461303711,78.671875,9.523809432983398,0,0,0,0,0,0,0,4.761904716491699,0,15.024632453918457,25769803776,0,17882267648,0
204,1790937323618,4,4,4,4,4,4,4,4,4,4,76.91949462890625,75.06161499023438,74.23013305664063,75.282958984375,67.17144775390625,76.4813461303711,78.671875,10,5,0,4.761904716491699,4.761904716491699,0,5,0,0,0,14.696423530578613,25769803776,0,17882267648,0
200,1790937323823,4,4,4,4,4,4,4,4,4,4,76.91949462890625,75.06161499023438,74.23013305664063,75.282958984375,67.17144775390625,76.4813461303711,78.671875,10,9.090909004211426,0,4.761904716491699,0,0,9.523809432983398,4.761904716491699,0,0,14.696423530578613,25769803776,0,17880973312,0
204,1790937324024,4,4,4,4,4,4,4,4,4,4,76.98234558105469,75.04994201660156,74.13723754882813,75.29866790771484,67.0554428100586,76.50949096679688,78.671875,5,5.263157844543457,9.523809432983398,5,0,0,5,0,0,0,14.696423530578613,25769803776,0,17880973312,0
204,1790937324229,4,4,4,4,4,4,4,4,4,4,76.98234558105469,75.04994201660156,74.13723754882813,75.29866790771484,67.0554428100586,76.50949096679688,78.671875,5.263157844543457,4.761904716491699,0,0,0,0,5,4.761904716491699,4.761904716491699,0,14.696423530578613,25769803776,0,17881153536,0
204,1790937324434,4,4,4,4,4,4,4,4,4,4,76.98234558105469,75.04994201660156,74.13723754882813,75.29866790771484,67.0554428100586,76.50949096679688,78.671875,9.090909004211426,5,0,0,4.545454502105713,0,4.761904716491699,0,0,0,14.696423530578613,25769803776,0,17879891968,0
204,1790937324639,4,4,4,4,4,4,4,4,4,4,76.98234558105469,75.04994201660156,74.13723754882813,75.29866790771484,67.0554428100586,76.50949096679688,78.671875,0,0,0,0,0,0,5,0,0,0,15.07759952545166,25769803776,0,17879891968,0
204,1790937324844,4,4,4,4,4,4,4,4,4,4,76.98234558105469,75.04994201660156,74.13723754882813,75.29866790771484,67.0554428100586,76.50949096679688,78.671875,9.523809432983398,0,0,0,0,0,9.523809432983398,0,0,0,15.07759952545166,25769803776,0,17878417408,0
204,1790937325049,4,4,4,4,4,4,4,4,4,4,76.90928649902344,75.18914794921875,74.18170928955078,75.29303741455078,67.089599609375,76.43496704101563,78.671875,0,9.090909004211426,0,4.761904716491699,0,0,5,0,0,0,15.07759952545166,25769803776,0,17878417408,0
204,1790937325254,4,4,4,4,4,4,4,4,4,4,76.90928649902344,75.18914794921875,74.18170928955078,75.29303741455078,67.089599609375,76.43496704101563,78.671875,4.761904716491699,0,0,0,0,0,9.523809432983398,0,4.761904716491699,0,15.07759952545166,25769803776,0,17877811200,0
200,1790937325459,4,4,4,4,4,4,4,4,4,4,76.90928649902344,75.18914794921875,74.18170928955078,75.29303741455078,67.089599609375,76.43496704101563,78.671875,0,0,0,0,0,0,4.761904716491699,0,0,0,15.07759952545166,25769803776,0,17877811200,0
204,1790937325660,4,4,4,4,4,4,4,4,4,4,76.90928649902344,75.18914794921875,74.18170928955078,75.29303741455078,67.089599609375,76.43496704101563,78.671875,5,0,0,0,0,0,5.263157844543457,4.761904716491699,0,0,14.923580169677734,25769803776,0,17877811200,0
204,1790937325865,4,4,4,4,4,4,4,4,4,4,76.90928649902344,75.18914794921875,74.18170928955078,75.29303741455078,67.089599609375,76.43496704101563,78.671875,0,0,0,0,0,0,9.523809432983398,4.761904716491699,0,0,14.923580169677734,25769803776,0,17876369408,0
204,1790937326070,4,4,4,4,4,4,4,4,4,4,76.92647552490234,75.03814697265625,74.12186431884766,75.291748046875,67.01508331298828,76.46568298339844,78.671875,5,5,8.69565200805664,0,0,0,0,0,0,0,14.923580169677734,25769803776,0,17876369408,0
204,1790937326275,4,4,4,4,4,4,4,4,4,4,76.92647552490234,75.03814697265625,74.12186431884766,75.291748046875,67.01508331298828,76.46568298339844,78.671875,4.761904716491699,0,0,0,0,0,9.523809432983398,0,0,0,14.923580169677734,25769803776,0,17874927616,0
204,1790937326480,4,4,4,4,4,4,4,4,4,4,76.92647552490234,75.03814697265625,74.12186431884766,75.291748046875,67.01508331298828,76.46568298339844,78.671875,0,0,0,0,0,0,5,0,0,0,14.923580169677734,25769803776,0,17874731008,0
204,1790937326685,4,4,4,4,4,4,4,4,4,4,76.92647552490234,75.03814697265625,74.12186431884766,75.291748046875,67.01508331298828,76.46568298339844,78.671875,5,21.052631378173828,0,0,0,0,9.523809432983398,0,0,0,14.722635269165039,25769803776,0,17874731008,0
204,1790937326890,4,4,4,4,4,4,4,4,4,4,76.92647552490234,75.03814697265625,74.12186431884766,75.291748046875,67.01508331298828,76.46568298339844,78.671875,14.285715103149414,59.09090805053711,4.761904716491699,4.761904716491699,0,0,4.761904716491699,0,4.761904716491699,0,14.722635269165039,25769803776,0,17876647936,0
204,1790937327095,4,4,4,4,4,4,4,4,4,4,76.9437026977539,75.1802978515625,74.18343353271484,75.29093933105469,67.06752014160156,76.45635986328125,78.671875,0,0,4.761904716491699,0,0,0,0,0,0,0,14.722635269165039,25769803776,0,17874288640,0
204,1790937327300,4,4,4,4,4,4,4,4,4,4,76.9437026977539,75.1802978515625,74.18343353271484,75.29093933105469,67.06752014160156,76.45635986328125,78.671875,0,0,0,0,0,0,0,9.523809432983398,0,0,14.722635269165039,25769803776,0,17874255872,0
204,1790937327505,4,4,4,4,4,4,4,4,4,4,76.9437026977539,75.1802978515625,74.18343353271484,75.29093933105469,67.06752014160156,76.45635986328125,78.671875,4.761904716491699,0,0,0,0,0,5,0,0,0,14.722635269165039,25769803776,0,17874255872,0
204,1790937327710,4,4,4,4,4,4,4,4,4,4,76.9437026977539,75.1802978515625,74.18343353271484,75.29093933105469,67.06752014160156,76.45635986328125,78.671875,0,9.090909004211426,0,0,0,0,9.523809432983398,0,0,0,14.850058555603027,25769803776,0,17874255872,0
200,1790937327915,4,4,4,4,4,4,4,4,4,4,76.9437026977539,75.1802978515625,74.18343353271484,75.29093933105469,67.06752014160156,76.45635986328125,78.671875,4.761904716491699,0,0,0,0,0,4.761904716491699,0,0,0,14.850058555603027,25769803776,0,17874255872,0
204,1790937328116,4,4,4,4,4,4,4,4,4,4,76.95484924316406,75.03366088867188,74.26686096191406,75.29315948486328,67.2420425415039,76.49037170410156,78.671875,5,0,0,0,4.761904716491699,0,9.523809432983398,4.761904716491699,0,0,14.850058555603027,25769803776,0,17873977344,0
202,1790937328321,4,4,4,4,4,4,4,4,4,4,76.95484924316406,75.03366088867188,74.26686096191406,75.29315948486328,67.2420425415039,76.49037170410156,78.671875,4.761904716491699,0,0,0,0,0,0,0,4.761904716491699,0,14.850058555603027,25769803776,0,17873977344,0
204,1790937328523,4,4,4,4,4,4,4,4,4,4,76.95484924316406,75.03366088867188,74.26686096191406,75.29315948486328,67.2420425415039,76.49037170410156,78.671875,0,0,0,0,0,0,9.523809432983398,0,0,0,14.850058555603027,25769803776,0,17873977344,0
202,1790937328728,4,4,4,4,4,4,4,4,4,4,76.95484924316406,75.03366088867188,74.26686096191406,75.29315948486328,67.2420425415039,76.49037170410156,78.671875,4.761904716491699,0,0,0,0,0,5,0,4.761904716491699,0,14.844391822814941,25769803776,0,17873977344,0
200,1790937328931,4,4,4,4,4,4,4,4,4,4,76.95484924316406,75.03366088867188,74.26686096191406,75.29315948486328,67.2420425415039,76.49037170410156,78.671875,0,9.523809432983398,0,0,0,0,5,0,0,0,14.844391822814941,25769803776,0,17873633280,0
204,1790937329132,4,4,4,4,4,4,4,4,4,4,76.91950988769531,75.02291107177734,74.08474731445313,75.28871154785156,66.95478820800781,76.4628677368164,78.671875,9.090909004211426,0,0,0,0,0,10,5,0,0,14.844391822814941,25769803776,0,17873633280,0
204,1790937329337,4,4,4,4,4,4,4,4,4,4,76.91950988769531,75.02291107177734,74.08474731445313,75.28871154785156,66.95478820800781,76.4628677368164,78.671875,0,0,4.761904716491699,0,4.545454502105713,0,4.761904716491699,0,0,0,14.844391822814941,25769803776,0,17873092608,0
204,1790937329542,4,4,4,4,4,4,4,4,4,4,76.91950988769531,75.02291107177734,74.08474731445313,75.28871154785156,66.95478820800781,76.4628677368164,78.671875,4.761904716491699,0,4.761904716491699,0,0,0,9.523809432983398,0,0,0,14.804360389709473,25769803776,0,17873076224,0
204,1790937329747,4,4,4,4,4,4,4,4,4,4,76.91950988769531,75.02291107177734,74.08474731445313,75.28871154785156,66.95478820800781,76.4628677368164,78.671875,5,4.761904716491699,0,0,0,0,5,0,0,0,14.804360389709473,25769803776,0,17873076224,0
204,1790937329952,4,4,4,4,4,4,4,4,4,4,76.91950988769531,75.02291107177734,74.08474731445313,75.28871154785156,66.95478820800781,76.4628677368164,78.671875,0,4.761904716491699,0,0,0,0,9.523809432983398,4.761904716491699,0,0,14.804360389709473,25769803776,0,17873076224,0
204,1790937330157,4,4,4,4,4,4,4,4,4,4,76.87491607666016,75.16380310058594,74.16504669189453,75.27896881103516,67.03409576416016,76.38922119140625,78.671875,4.761904716491699,0,0,0,0,0,5,0,4.761904716491699,0,14.804360389709473,25769803776,0,17873076224,0
204,1790937330362,4,4,4,4,4,4,4,4,4,4,76.87491607666016,75.16380310058594,74.16504669189453,75.27896881103516,67.03409576416016,76.38922119140625,78.671875,0,0,0,4.761904716491699,0,0,5,0,0,0,14.804360389709473,25769803776,0,17873076224,0
204,1790937330567,4,4,4,4,4,4,4,4,4,4,76.87491607666016,75.16380310058594,74.16504669189453,75.27896881103516,67.03409576416016,76.38922119140625,78.671875,0,0,0,0,0,0,5,0,0,0,14.749200820922852,25769803776,0,17873076224,0
202,1790937330772,4,4,4,4,4,4,4,4,4,4,76.87491607666016,75.16380310058594,74.16504669189453,75.27896881103516,67.03409576416016,76.38922119140625,78.671875,4.761904716491699,0,0,0,0,0,0,0,0,0,14.749200820922852,25769803776,0,17873076224,0
204,1790937330974,4,4,4,4,4,4,4,4,4,4,76.87491607666016,75.16380310058594,74.16504669189453,75.27896881103516,67.03409576416016,76.38922119140625,78.671875,0,4.761904716491699,0,0,4.761904716491699,0,5,0,0,0,14.749200820922852,25769803776,0,17873092608,0
204,1790937331180,4,4,4,4,4,4,4,4,4,4,76.91267395019531,75.07730102539063,74.07573699951172,75.28453826904297,66.87700653076172,76.41299438476563,79.5,4.761904716491699,0,0,0,0,0,9.523809432983398,0,0,0,14.749200820922852,25769803776,0,17873092608,0
204,1790937331385,4,4,4,4,4,4,4,4,4,4,76.91267395019531,75.07730102539063,74.07573699951172,75.28453826904297,66.87700653076172,76.41299438476563,79.5,5,0,4.761904716491699,0,0,0,5,0,0,0,14.749200820922852,25769803776,0,17873092608,0
204,1790937331590,4,4,4,4,4,4,4,4,4,4,76.91267395019531,75.07730102539063,74.07573699951172,75.28453826904297,66.87700653076172,76.41299438476563,79.5,4.761904716491699,0,0,0,0,0,9.523809432983398,0,0,0,14.656410217285156,25769803776,0,17873092608,0
204,1790937331795,4,4,4,4,4,4,4,4,4,4,76.91267395019531,75.07730102539063,74.07573699951172,75.28453826904297,66.87700653076172,76.41299438476563,79.5,0,4.761904716491699,0,0,0,0,5,0,0,0,14.656410217285156,25769803776,0,17873092608,0
204,1790937332000,4,4,4,4,4,4,4,4,4,4,76.91267395019531,75.07730102539063,74.07573699951172,75.28453826904297,66.87700653076172,76.41299438476563,79.5,5,4.761904716491699,0,0,0,0,9.523809432983398,9.090909004211426,0,0,14.656410217285156,25769803776,0,17856659456,0
204,1790937332205,4,4,4,4,4,4,4,4,4,4,76.85074615478516,74.99623107910156,74.06552124023438,75.26548767089844,66.91465759277344,76.32624053955078,78.671875,4.761904716491699,0,0,0,0,0,0,0,4.761904716491699,0,14.656410217285156,25769803776,0,17856675840,0
204,1790937332410,4,4,4,4,4,4,4,4,4,4,76.85074615478516,74.99623107910156,74.06552124023438,75.26548767089844,66.91465759277344,76.32624053955078,78.671875,0,0,0,0,0,0,9.523809432983398,0,0,0,14.656410217285156,25769803776,0,17856741376,0
204,1790937332615,4,4,4,4,4,4,4,4,4,4,76.85074615478516,74.99623107910156,74.06552124023438,75.26548767089844,66.91465759277344,76.32624053955078,78.671875,4.761904716491699,0,0,0,0,0,5,0,0,0,14.713123321533203,25769803776,0,17856643072,0
204,1790937332820,4,4,4,4,4,4,4,4,4,4,76.85074615478516,74.99623107910156,74.06552124023438,75.26548767089844,66.91465759277344,76.32624053955078,78.671875,0,0,0,0,0,0,5,0,0,0,14.713123321533203,25769803776,0,17856643072,0
204,1790937333025,4,4,4,4,4,4,4,4,4,4,76.85863494873047,75.05529022216797,74.05752563476563,75.27071380615234,66.88404083251953,76.36051940917969,81.15625,5,4.761904716491699,0,0,0,0,9.523809432983398,0,0,0,14.713123321533203,25769803776,0,17856610304,0
204,1790937333230,4,4,4,4,4,4,4,4,4,4,76.85863494873047,75.05529022216797,74.05752563476563,75.27071380615234,66.88404083251953,76.36051940917969,81.15625,0,4.761904716491699,0,0,0,0,5,0,0,0,14.713123321533203,25769803776,0,17856643072,0
204,1790937333435,4,4,4,4,4,4,4,4,4,4,76.85863494873047,75.05529022216797,74.05752563476563,75.27071380615234,66.88404083251953,76.36051940917969,81.15625,4.761904716491699,0,4.761904716491699,0,0,0,9.090909004211426,0,0,0,14.713123321533203,25769803776,0,17856430080,0
204,1790937333640,4,4,4,4,4,4,4,4,4,4,76.85863494873047,75.05529022216797,74.05752563476563,75.27071380615234,66.88404083251953,76.36051940917969,81.15625,0,0,0,0,0,0,5,0,4.545454502105713,0,14.705062866210938,25769803776,0,17856446464,0
201,1790937333845,4,4,4,4,4,4,4,4,4,4,76.85863494873047,75.05529022216797,74.05752563476563,75.27071380615234,66.88404083251953,76.36051940917969,81.15625,5,5,0,0,0,0,5,4.761904716491699,4.761904716491699,0,14.705062866210938,25769803776,0,17856479232,0
200,1790937334046,4,4,4,4,4,4,4,4,4,4,76.80887603759766,74.96479797363281,74.04721069335938,75.2419204711914,66.84561157226563,76.32589721679688,78.671875,9.523809432983398,0,0,0,0,0,5,0,0,0,14.705062866210938,25769803776,0,17856380928,0
204,1790937334247,4,4,4,4,4,4,4,4,4,4,76.80887603759766,74.96479797363281,74.04721069335938,75.2419204711914,66.84561157226563,76.32589721679688,78.671875,5,0,0,4.761904716491699,0,0,9.523809432983398,0,0,0,14.705062866210938,25769803776,0,17856430080,0
204,1790937334452,4,4,4,4,4,4,4,4,4,4,76.80887603759766,74.96479797363281,74.04721069335938,75.2419204711914,66.84561157226563,76.32589721679688,78.671875,0,4.761904716491699,0,0,0,0,5,4.761904716491699,0,0,14.705062866210938,25769803776,0,17858265088,0
202,1790937334657,4,4,4,4,4,4,4,4,4,4,76.80887603759766,74.96479797363281,74.04721069335938,75.2419204711914,66.84561157226563,76.32589721679688,78.671875,9.523809432983398,0,4.761904716491699,0,0,0,0,0,0,0,14.636966705322266,25769803776,0,17856413696,0
204,1790937334860,4,4,4,4,4,4,4,4,4,4,76.80887603759766,74.96479797363281,74.04721069335938,75.2419204711914,66.84561157226563,76.32589721679688,78.671875,0,4.761904716491699,0,4.761904716491699,0,0,0,5,0,0,14.636966705322266,25769803776,0,17856446464,0
204,1790937335065,4,4,4,4,4,4,4,4,4,4,76.79792785644531,74.95841217041016,74.18917846679688,75.21898651123047,67.04534912109375,76.31501007080078,79.140625,15.000000953674316,5,0,0,9.090909004211426,4.761904716491699,19.047618865966797,0,0,0,14.636966705322266,25769803776,0,17874337792,0
204,1790937335270,4,4,4,4,4,4,4,4,4,4,76.79792785644531,74.95841217041016,74.18917846679688,75.21898651123047,67.04534912109375,76.31501007080078,79.140625,10,0,5,0,0,0,5,4.761904716491699,4.761904716491699,0,14.636966705322266,25769803776,0,17874370560,0
204,1790937335475,4,4,4,4,4,4,4,4,4,4,76.79792785644531,74.95841217041016,74.18917846679688,75.21898651123047,67.04534912109375,76.31501007080078,79.140625,9.523809432983398,9.090909004211426,4.761904716491699,0,0,0,9.523809432983398,4.761904716491699,0,0,14.636966705322266,25769803776,0,17874386944,0
200,1790937335680,4,4,4,4,4,4,4,4,4,4,76.79792785644531,74.95841217041016,74.18917846679688,75.21898651123047,67.04534912109375,76.31501007080078,79.140625,4.761904716491699,0,4.545454502105713,4.545454502105713,0,0,5,0,0,0,14.639985084533691,25769803776,0,17874370560,0
204,1790937335881,4,4,4,4,4,4,4,4,4,4,76.79792785644531,74.95841217041016,74.18917846679688,75.21898651123047,67.04534912109375,76.31501007080078,79.140625,5.263157844543457,9.523809432983398,0,0,0,0,9.523809432983398,0,0,0,14.639985084533691,25769803776,0,17874370560,0
204,1790937336086,4,4,4,4,4,4,4,4,4,4,76.76885986328125,75.00254821777344,74.05810546875,75.12971496582031,66.81881713867188,76.33256530761719,78.4375,9.523809432983398,5,0,0,0,0,4.761904716491699,0,4.761904716491699,0,14.639985084533691,25769803776,0,17874468864,0
204,1790937336291,4,4,4,4,4,4,4,4,4,4,76.76885986328125,75.00254821777344,74.05810546875,75.12971496582031,66.81881713867188,76.33256530761719,78.4375,0,0,0,0,0,0,0,0,0,0,14.639985084533691,25769803776,0,17874747392,0
204,1790937336496,4,4,4,4,4,4,4,4,4,4,76.76885986328125,75.00254821777344,74.05810546875,75.12971496582031,66.81881713867188,76.33256530761719,78.4375,4.761904716491699,0,0,0,0,4.761904716491699,9.523809432983398,0,4.545454502105713,0,14.639985084533691,25769803776,0,17874763776,0
204,1790937336701,4,4,4,4,4,4,4,4,4,4,76.76885986328125,75.00254821777344,74.05810546875,75.12971496582031,66.81881713867188,76.33256530761719,78.4375,0,4.761904716491699,0,0,0,0,5,0,0,0,14.248682022094727,25769803776,0,17874780160,0
204,1790937336906,4,4,4,4,4,4,4,4,4,4,76.76885986328125,75.00254821777344,74.05810546875,75.12971496582031,66.81881713867188,76.33256530761719,78.4375,9.090909004211426,0,4.761904716491699,0,0,0,9.523809432983398,0,0,0,14.248682022094727,25769803776,0,17874780160,0
204,1790937337111,4,4,4,4,4,4,4,4,4,4,76.85079956054688,74.85303497314453,73.98893737792969,75.28215789794922,66.79481506347656,76.36463928222656,81.15625,10,5,4.761904716491699,0,0,0,4.761904716491699,5,0,0,14.248682022094727,25769803776,0,17875976192,0
204,1790937337316,4,4,4,4,4,4,4,4,4,4,76.85079956054688,74.85303497314453,73.98893737792969,75.28215789794922,66.79481506347656,76.36463928222656,81.15625,5,4.761904716491699,0,0,4.761904716491699,0,5,5,0,0,14.248682022094727,25769803776,0,17860853760,0
204,1790937337521,4,4,4,4,4,4,4,4,4,4,76.85079956054688,74.85303497314453,73.98893737792969,75.28215789794922,66.79481506347656,76.36463928222656,81.15625,4.761904716491699,0,0,4.761904716491699,0,0,5,4.545454502105713,4.761904716491699,0,14.248682022094727,25769803776,0,17860853760,0
204,1790937337726,4,4,4,4,4,4,4,4,4,4,76.85079956054688,74.85303497314453,73.98893737792969,75.28215789794922,66.79481506347656,76.36463928222656,81.15625,0,0,0,0,0,0,4.761904716491699,0,0,0,15.002875328063965,25769803776,0,17860853760,0
204,1790937337930,4,4,4,4,4,4,4,4,4,4,76.85079956054688,74.85303497314453,73.98893737792969,75.28215789794922,66.79481506347656,76.36463928222656,81.15625,4.761904716491699,0,0,0,0,0,9.523809432983398,0,0,0,15.002875328063965,25769803776,0,17860853760,0
201,1790937338135,4,4,4,4,4,4,4,4,4,4,76.82451629638672,75.01283264160156,74.20954132080078,75.24575805664063,67.0909423828125,76.39390563964844,79.96875,5,9.090909004211426,4.761904716491699,0,0,0,5,0,0,0,15.002875328063965,25769803776,0,17861214208,0
204,1790937338336,4,4,4,4,4,4,4,4,4,4,76.82451629638672,75.01283264160156,74.20954132080078,75.24575805664063,67.0909423828125,76.39390563964844,79.96875,45,42.105262756347656,50,35,30.000001907348633,30.000001907348633,5,4.761904716491699,0,0,15.002875328063965,25769803776,0,17892147200,0
204,1790937338541,4,4,4,4,4,4,4,4,4,4,76.82451629638672,75.01283264160156,74.20954132080078,75.24575805664063,67.0909423828125,76.39390563964844,79.96875,14.285715103149414,10,9.523809432983398,5,4.761904716491699,0,5,0,0,0,17.49875259399414,25769803776,0,17891852288,0
201,1790937338746,4,4,4,4,4,4,4,4,4,4,76.82451629638672,75.01283264160156,74.20954132080078,75.24575805664063,67.0909423828125,76.39390563964844,79.96875,20,14.285715103149414,5,4.761904716491699,0,5,0,5,0,0,17.49875259399414,25769803776,0,17891934208,0
204,1790937338949,4,4,4,4,4,4,4,4,4,4,76.82451629638672,75.01283264160156,74.20954132080078,75.24575805664063,67.0909423828125,76.39390563964844,79.96875,9.523809432983398,5,0,0,0,0,9.523809432983398,0,0,0,17.49875259399414,25769803776,0,17891934208,0
204,1790937339154,4,4,4,4,4,4,4,4,4,4,76.66068267822266,74.92743682861328,74.1678466796875,75.08039855957031,67.04964447021484,76.25918579101563,82.90625,0,4.761904716491699,0,0,0,4.761904716491699,4.761904716491699,4.545454502105713,4.761904716491699,0,17.49875259399414,25769803776,0,17891950592,0
204,1790937339358,4,4,4,4,4,4,4,4,4,4,76.66068267822266,74.92743682861328,74.1678466796875,75.08039855957031,67.04964447021484,76.25918579101563,82.90625,14.285715103149414,0,9.523809432983398,0,0,4.761904716491699,9.523809432983398,0,0,4.761904716491699,17.49875259399414,25769803776,0,17891950592,0
204,1790937339564,4,4,4,4,4,4,4,4,4,4,76.66068267822266,74.92743682861328,74.1678466796875,75.08039855957031,67.04964447021484,76.25918579101563,82.90625,9.523809432983398,4.761904716491699,0,0,0,0,0,0,0,0,13.492716789245605,25769803776,0,17892065280,0
204,1790937339769,4,4,4,4,4,4,4,4,4,4,76.66068267822266,74.92743682861328,74.1678466796875,75.08039855957031,67.04964447021484,76.25918579101563,82.90625,5,5,0,0,0,9.090909004211426,9.523809432983398,0,0,0,13.492716789245605,25769803776,0,17892081664,0
204,1790937339974,4,4,4,4,4,4,4,4,4,4,76.66068267822266,74.92743682861328,74.1678466796875,75.08039855957031,67.04964447021484,76.25918579101563,82.90625,10,9.090909004211426,4.761904716491699,4.761904716491699,0,0,4.761904716491699,0,0,0,13.492716789245605,25769803776,0,17892081664,0
204,1790937340179,4,4,4,4,4,4,4,4,4,4,76.67965698242188,74.83409881591797,73.98690795898438,75.11444854736328,66.74760437011719,76.23979187011719,78.4375,5,0,0,0,0,4.761904716491699,5,0,4.761904716491699,0,13.492716789245605,25769803776,0,17892114432,0
204,1790937340384,4,4,4,4,4,4,4,4,4,4,76.67965698242188,74.83409881591797,73.98690795898438,75.11444854736328,66.74760437011719,76.23979187011719,78.4375,5,0,0,0,0,5,0,5,0,0,13.492716789245605,25769803776,0,17877270528,0
204,1790937340589,4,4,4,4,4,4,4,4,4,4,76.67965698242188,74.83409881591797,73.98690795898438,75.11444854736328,66.74760437011719,76.23979187011719,78.4375,9.523809432983398,9.090909004211426,5,4.761904716491699,0,4.761904716491699,4.545454502105713,9.090909004211426,0,0,13.43940258026123,25769803776,0,17877270528,0
204,1790937340794,4,4,4,4,4,4,4,4,4,4,76.67965698242188,74.83409881591797,73.98690795898438,75.11444854736328,66.74760437011719,76.23979187011719,78.4375,9.523809432983398,0,0,0,0,0,0,5,0,0,13.43940258026123,25769803776,0,17877270528,0
204,1790937340999,4,4,4,4,4,4,4,4,4,4,76.67965698242188,74.83409881591797,73.98690795898438,75.11444854736328,66.74760437011719,76.23979187011719,78.4375,5,4.761904716491699,4.761904716491699,0,0,4.761904716491699,0,9.523809432983398,0,0,13.43940258026123,25769803776,0,17877270528,0
204,1790937341204,4,4,4,4,4,4,4,4,4,4,76.6415786743164,74.51862335205078,74.38677215576172,75.07976531982422,67.46013641357422,76.19927978515625,78.671875,5,0,0,0,4.545454502105713,0,0,5,4.545454502105713,0,13.43940258026123,25769803776,0,17877270528,0
204,1790937341409,4,4,4,4,4,4,4,4,4,4,76.6415786743164,74.51862335205078,74.38677215576172,75.07976531982422,67.46013641357422,76.19927978515625,78.671875,5,5,0,0,0,0,0,9.523809432983398,0,0,13.43940258026123,25769803776,0,17877123072,0
204,1790937341614,4,4,4,4,4,4,4,4,4,4,76.6415786743164,74.51862335205078,74.38677215576172,75.07976531982422,67.46013641357422,76.19927978515625,78.671875,9.523809432983398,9.090909004211426,4.761904716491699,0,0,0,0,0,0,0,13.365564346313477,25769803776,0,17877123072,0
204,1790937341819,4,4,4,4,4,4,4,4,4,4,76.6415786743164,74.51862335205078,74.38677215576172,75.07976531982422,67.46013641357422,76.19927978515625,78.671875,9.523809432983398,0,4.761904716491699,0,0,0,0,5,4.761904716491699,0,13.365564346313477,25769803776,0,17878990848,0
204,1790937342024,4,4,4,4,4,4,4,4,4,4,76.6415786743164,74.29844665527344,74.33150482177734,75.07976531982422,67.39205169677734,76.19927978515625,78.671875,5,9.523809432983398,0,0,0,4.761904716491699,0,0,0,4.545454502105713,13.365564346313477,25769803776,0,17878990848,0
204,1790937342229,4,4,4,4,4,4,4,4,4,4,76.55265808105469,74.29844665527344,74.33150482177734,75.04586029052734,67.39205169677734,76.08570098876953,81.390625,9.523809432983398,9.090909004211426,0,0,0,0,4.761904716491699,9.523809432983398,0,0,13.365564346313477,25769803776,0,17877155840,0
204,1790937342434,4,4,4,4,4,4,4,4,4,4,76.55265808105469,74.29844665527344,74.33150482177734,75.04586029052734,67.39205169677734,76.08570098876953,81.390625,5.263157844543457,0,4.761904716491699,0,0,0,4.761904716491699,5,0,0,13.365564346313477,25769803776,0,17877155840,0
204,1790937342639,4,4,4,4,4,4,4,4,4,4,76.55265808105469,74.29844665527344,74.33150482177734,75.04586029052734,67.39205169677734,76.08570098876953,81.390625,5,9.090909004211426,4.761904716491699,4.761904716491699,0,0,5,0,0,0,13.238910675048828,25769803776,0,17877155840,0
204,1790937342844,4,4,4,4,4,4,4,4,4,4,76.55265808105469,74.29844665527344,74.33150482177734,75.04586029052734,67.39205169677734,76.08570098876953,81.390625,9.523809432983398,5,0,0,0,0,0,9.523809432983398,0,0,13.238910675048828,25769803776,0,17877155840,0
204,1790937343049,4,4,4,4,4,4,4,4,4,4,76.53614807128906,74.44811248779297,74.36204528808594,75.00357818603516,67.43529510498047,76.1233139038086,78.4375,9.523809432983398,9.523809432983398,5,4.761904716491699,4.761904716491699,0,0,5,0,0,13.238910675048828,25769803776,0,17877155840,0
204,1790937343254,4,4,4,4,4,4,4,4,4,4,76.53614807128906,74.44811248779297,74.36204528808594,75.00357818603516,67.43529510498047,76.1233139038086,78.4375,5.263157844543457,5,4.761904716491699,0,0,0,0,9.523809432983398,0,0,13.238910675048828,25769803776,0,17877090304,0
204,1790937343459,4,4,4,4,4,4,4,4,4,4,76.53614807128906,74.44811248779297,74.36204528808594,75.00357818603516,67.43529510498047,76.1233139038086,78.4375,9.523809432983398,5,0,0,0,0,0,5,0,0,13.238910675048828,25769803776,0,17874026496,0
202,1790937343664,4,4,4,4,4,4,4,4,4,4,76.53614807128906,74.44811248779297,74.36204528808594,75.00357818603516,67.43529510498047,76.1233139038086,78.4375,4.761904716491699,0,0,0,0,0,0,4.761904716491699,0,0,13.329021453857422,25769803776,0,17874042880,0
204,1790937343867,4,4,4,4,4,4,4,4,4,4,76.53614807128906,74.44811248779297,74.36204528808594,75.00357818603516,67.43529510498047,76.1233139038086,78.4375,0,4.761904716491699,0,0,0,0,0,9.523809432983398,0,4.761904716491699,13.329021453857422,25769803776,0,17873960960,0
204,1790937344072,4,4,4,4,4,4,4,4,4,4,76.52687072753906,74.31717681884766,74.4023208618164,74.94985961914063,67.55476379394531,76.06926727294922,78.4375,4.761904716491699,4.761904716491699,0,0,0,0,4.761904716491699,0,4.761904716491699,0,13.329021453857422,25769803776,0,17873977344,0
204,1790937344277,4,4,4,4,4,4,4,4,4,4,76.52687072753906,74.31717681884766,74.4023208618164,74.94985961914063,67.55476379394531,76.06926727294922,78.4375,0,0,0,0,0,0,4.761904716491699,9.523809432983398,0,0,13.329021453857422,25769803776,0,17873977344,0
203,1790937344482,4,4,4,4,4,4,4,4,4,4,76.52687072753906,74.31717681884766,74.4023208618164,74.94985961914063,67.55476379394531,76.06926727294922,78.4375,4.761904716491699,0,0,0,0,0,0,4.761904716491699,0,0,13.329021453857422,25769803776,0,17873862656,0
204,1790937344686,4,4,4,4,4,4,4,4,4,4,76.52687072753906,74.31717681884766,74.4023208618164,74.94985961914063,67.55476379394531,76.06926727294922,78.4375,4.761904716491699,0,0,0,0,0,0,9.523809432983398,0,0,13.201404571533203,25769803776,0,17873862656,0
204,1790937344891,4,4,4,4,4,4,4,4,4,4,76.52687072753906,74.31717681884766,74.4023208618164,74.94985961914063,67.55476379394531,76.06926727294922,78.4375,0,0,0,0,0,0,0,5,0,0,13.201404571533203,25769803776,0,17873764352,0
204,1790937345096,4,4,4,4,4,4,4,4,4,4,76.50926971435547,74.2855453491211,74.30484008789063,74.95162200927734,67.39311218261719,76.04422760009766,79.375,0,4.761904716491699,0,0,0,0,0,5,0,0,13.201404571533203,25769803776,0,17873174528,0
204,1790937345301,4,4,4,4,4,4,4,4,4,4,76.50926971435547,74.2855453491211,74.30484008789063,74.95162200927734,67.39311218261719,76.04422760009766,79.375,5,0,4.761904716491699,0,0,0,0,4.761904716491699,0,0,13.201404571533203,25769803776,0,17875025920,0
204,1790937345506,4,4,4,4,4,4,4,4,4,4,76.50926971435547,74.2855453491211,74.30484008789063,74.95162200927734,67.39311218261719,76.04422760009766,79.375,5,4.761904716491699,4.761904716491699,0,0,0,0,0,0,0,13.201404571533203,25769803776,0,17872977920,0
204,1790937345711,4,4,4,4,4,4,4,4,4,4,76.50926971435547,74.2855453491211,74.30484008789063,74.95162200927734,67.39311218261719,76.04422760009766,79.375,4.761904716491699,0,0,0,0,0,4.761904716491699,9.090909004211426,0,0,13.273193359375,25769803776,0,17872977920,0
204,1790937345916,4,4,4,4,4,4,4,4,4,4,76.50926971435547,74.2855453491211,74.30484008789063,74.95162200927734,67.39311218261719,76.04422760009766,79.375,0,0,0,0,0,0,0,5,4.761904716491699,0,13.273193359375,25769803776,0,17872977920,0
204,1790937346121,4,4,4,4,4,4,4,4,4,4,76.51956176757813,74.24555206298828,74.38390350341797,74.92735290527344,67.50146484375,76.0827407836914,78.4375,4.761904716491699,4.761904716491699,0,0,0,0,0,5,0,0,13.273193359375,25769803776,0,17872977920,0
204,1790937346326,4,4,4,4,4,4,4,4,4,4,76.51956176757813,74.24555206298828,74.38390350341797,74.92735290527344,67.50146484375,76.0827407836914,78.4375,4.761904716491699,0,0,0,4.545454502105713,0,4.761904716491699,9.523809432983398,0,0,13.273193359375,25769803776,0,17873207296,0
204,1790937346531,4,4,4,4,4,4,4,4,4,4,76.51956176757813,74.24555206298828,74.38390350341797,74.92735290527344,67.50146484375,76.0827407836914,78.4375,4.761904716491699,0,0,0,0,0,0,0,0,0,13.334837913513184,25769803776,0,17873207296,0
204,1790937346736,4,4,4,4,4,4,4,4,4,4,76.51956176757813,74.24555206298828,74.38390350341797,74.92735290527344,67.50146484375,76.0827407836914,78.4375,0,5,0,0,0,0,0,9.523809432983398,4.761904716491699,0,13.334837913513184,25769803776,0,17873207296,0
204,1790937346941,4,4,4,4,4,4,4,4,4,4,76.51956176757813,74.24555206298828,74.38390350341797,74.92735290527344,67.50146484375,76.0827407836914,78.4375,0,0,0,0,0,0,0,5,0,0,13.334837913513184,25769803776,0,17873207296,0
204,1790937347146,4,4,4,4,4,4,4,4,4,4,76.49047088623047,74.15389251708984,74.2542495727539,74.91519927978516,67.30828857421875,76.04694366455078,79.140625,4.761904716491699,0,0,0,0,0,0,5,4.761904716491699,0,13.334837913513184,25769803776,0,17873207296,0
204,1790937347351,4,4,4,4,4,4,4,4,4,4,76.49047088623047,74.15389251708984,74.2542495727539,74.91519927978516,67.30828857421875,76.04694366455078,79.140625,0,4.761904716491699,0,0,4.545454502105713,0,0,9.090909004211426,0,0,13.334837913513184,25769803776,0,17873141760,0
204,1790937347556,4,4,4,4,4,4,4,4,4,4,76.49047088623047,74.15389251708984,74.2542495727539,74.91519927978516,67.30828857421875,76.04694366455078,79.140625,4.761904716491699,0,0,0,0,0,0,5,0,0,13.163686752319336,25769803776,0,17873289216,0
203,1790937347761,4,4,4,4,4,4,4,4,4,4,76.49047088623047,74.15389251708984,74.2542495727539,74.91519927978516,67.30828857421875,76.04694366455078,79.140625,4.761904716491699,4.761904716491699,9.090909004211426,4.761904716491699,0,0,0,5,0,0,13.163686752319336,25769803776,0,17873305600,0
204,1790937347964,4,4,4,4,4,4,4,4,4,4,76.49047088623047,74.15389251708984,74.2542495727539,74.91519927978516,67.30828857421875,76.04694366455078,79.140625,0,0,0,0,0,4.761904716491699,0,5,0,0,13.163686752319336,25769803776,0,17873305600,0
204,1790937348169,4,4,4,4,4,4,4,4,4,4,76.47594451904297,74.26707458496094,74.35275268554688,74.84467315673828,67.4488525390625,76.0125961303711,78.4375,4.761904716491699,0,0,0,0,0,4.761904716491699,9.523809432983398,0,0,13.163686752319336,25769803776,0,17873305600,0
204,1790937348374,4,4,4,4,4,4,4,4,4,4,76.47594451904297,74.26707458496094,74.35275268554688,74.84467315673828,67.4488525390625,76.0125961303711,78.4375,0,0,0,0,0,0,4.761904716491699,4.761904716491699,0,0,13.163686752319336,25769803776,0,17872896000,0
204,1790937348579,4,4,4,4,4,4,4,4,4,4,76.47594451904297,74.26707458496094,74.35275268554688,74.84467315673828,67.4488525390625,76.0125961303711,78.4375,4.761904716491699,4.545454502105713,0,0,0,0,0,5,4.761904716491699,0,13.255698204040527,25769803776,0,17872322560,0
201,1790937348784,4,4,4,4,4,4,4,4,4,4,76.47594451904297,74.26707458496094,74.35275268554688,74.84467315673828,67.4488525390625,76.0125961303711,78.4375,25,10,5,0,0,0,0,9.523809432983398,0,0,13.255698204040527,25769803776,0,17872404480,0
204,1790937348986,4,4,4,4,4,4,4,4,4,4,76.47594451904297,74.26707458496094,74.35275268554688,74.84467315673828,67.4488525390625,76.0125961303711,78.4375,14.285715103149414,10.526315689086914,0,0,0,0,5,0,0,0,13.255698204040527,25769803776,0,17870864384,0
202,1790937349191,4,4,4,4,4,4,4,4,4,4,76.42142486572266,74.3631591796875,74.28660583496094,74.78184509277344,67.33247375488281,75.9363021850586,78.4375,0,4.761904716491699,4.761904716491699,0,0,0,4.761904716491699,5,0,0,13.255698204040527,25769803776,0,17872994304,0
200,1790937349394,4,4,4,4,4,4,4,4,4,4,76.42142486572266,74.3631591796875,74.28660583496094,74.78184509277344,67.33247375488281,75.9363021850586,78.4375,4.761904716491699,0,0,0,0,0,0,0,0,0,13.255698204040527,25769803776,0,17870929920,0
204,1790937349594,4,4,4,4,4,4,4,4,4,4,76.42142486572266,74.3631591796875,74.28660583496094,74.78184509277344,67.33247375488281,75.9363021850586,78.4375,0,0,0,0,0,0,0,0,5,0,13.244550704956055,25769803776,0,17870979072,0
202,1790937349799,4,4,4,4,4,4,4,4,4,4,76.42142486572266,74.3631591796875,74.28660583496094,74.78184509277344,67.33247375488281,75.9363021850586,78.4375,4.761904716491699,0,0,4.545454502105713,0,0,0,9.523809432983398,0,0,13.244550704956055,25769803776,0,17870979072,0
204,1790937350002,4,4,4,4,4,4,4,4,4,4,76.42142486572266,74.3631591796875,74.28660583496094,74.78184509277344,67.33247375488281,75.9363021850586,78.4375,0,4.761904716491699,0,0,0,0,0,5,0,0,13.244550704956055,25769803776,0,17870979072,0
204,1790937350207,4,4,4,4,4,4,4,4,4,4,76.5152359008789,74.1436996459961,74.13335418701172,74.8003158569336,67.08415985107422,76.090087890625,78.90625,9.523809432983398,4.761904716491699,0,0,0,0,4.545454502105713,9.523809432983398,0,0,13.244550704956055,25769803776,0,17870979072,0
204,1790937350412,4,4,4,4,4,4,4,4,4,4,76.5152359008789,74.1436996459961,74.13335418701172,74.8003158569336,67.08415985107422,76.090087890625,78.90625,0,0,0,0,0,0,0,5,0,0,13.244550704956055,25769803776,0,17871044608,0
204,1790937350617,4,4,4,4,4,4,4,4,4,4,76.5152359008789,74.1436996459961,74.13335418701172,74.8003158569336,67.08415985107422,76.090087890625,78.90625,5,0,4.761904716491699,0,0,0,0,9.523809432983398,0,0,13.420506477355957,25769803776,0,17871355904,0
201,1790937350822,4,4,4,4,4,4,4,4,4,4,76.5152359008789,74.1436996459961,74.13335418701172,74.8003158569336,67.08415985107422,76.090087890625,78.90625,4.761904716491699,0,0,0,0,0,0,0,4.761904716491699,0,13.420506477355957,25769803776,0,17871273984,0
204,1790937351023,4,4,4,4,4,4,4,4,4,4,76.5152359008789,74.21631622314453,74.34620666503906,74.8003158569336,67.44660949707031,76.090087890625,78.90625,5,4.761904716491699,0,0,0,0,5,5,0,0,13.420506477355957,25769803776,0,17871273984,0
204,1790937351228,4,4,4,4,4,4,4,4,4,4,76.4100112915039,74.21631622314453,74.34620666503906,74.73432922363281,67.44660949707031,75.92174530029297,78.4375,0,4.761904716491699,0,0,0,0,0,9.523809432983398,4.761904716491699,0,13.420506477355957,25769803776,0,17871273984,0
204,1790937351433,4,4,4,4,4,4,4,4,4,4,76.4100112915039,74.21631622314453,74.34620666503906,74.73432922363281,67.44660949707031,75.92174530029297,78.4375,4.761904716491699,0,0,0,0,0,0,5,0,0,13.420506477355957,25769803776,0,17871044608,0
204,1790937351638,4,4,4,4,4,4,4,4,4,4,76.4100112915039,74.21631622314453,74.34620666503906,74.73432922363281,67.44660949707031,75.92174530029297,78.4375,0,0,4.761904716491699,0,0,0,0,9.523809432983398,0,0,13.304092407226563,25769803776,0,17870798848,0
204,1790937351843,4,4,4,4,4,4,4,4,4,4,76.4100112915039,74.21631622314453,74.34620666503906,74.73432922363281,67.44660949707031,75.92174530029297,78.4375,9.090909004211426,4.761904716491699,4.761904716491699,0,0,0,4.761904716491699,0,0,0,13.304092407226563,25769803776,0,17870897152,0
202,1790937352048,4,4,4,4,4,4,4,4,4,4,76.42755889892578,74.1353988647461,74.28820037841797,74.73075866699219,67.37808990478516,75.94039916992188,78.90625,0,4.761904716491699,0,0,0,0,0,9.523809432983398,0,0,13.304092407226563,25769803776,0,17871192064,0
204,1790937352251,4,4,4,4,4,4,4,4,4,4,76.42755889892578,74.1353988647461,74.28820037841797,74.73075866699219,67.37808990478516,75.94039916992188,78.90625,5,0,0,0,0,0,0,5,4.761904716491699,0,13.304092407226563,25769803776,0,17871192064,0
204,1790937352456,4,4,4,4,4,4,4,4,4,4,76.42755889892578,74.1353988647461,74.28820037841797,74.73075866699219,67.37808990478516,75.94039916992188,78.90625,0,0,0,0,0,0,0,5,0,0,13.304092407226563,25769803776,0,17871241216,0
204,1790937352661,4,4,4,4,4,4,4,4,4,4,76.42755889892578,74.1353988647461,74.28820037841797,74.73075866699219,67.37808990478516,75.94039916992188,78.90625,9.523809432983398,0,0,4.761904716491699,4.761904716491699,0,0,4.761904716491699,0,0,13.25849723815918,25769803776,0,17873354752,0
204,1790937352866,4,4,4,4,4,4,4,4,4,4,76.42755889892578,74.1353988647461,74.28820037841797,74.73075866699219,67.37808990478516,75.94039916992188,78.90625,0,0,0,0,0,0,0,4.761904716491699,0,0,13.25849723815918,25769803776,0,17871372288,0
200,1790937353070,4,4,4,4,4,4,4,4,4,4,76.35464477539063,74.1839828491211,74.24044036865234,74.67781066894531,67.26167297363281,75.85710906982422,78.4375,4.761904716491699,4.761904716491699,0,0,0,0,0,5,0,0,13.25849723815918,25769803776,0,17871405056,0
204,1790937353271,4,4,4,4,4,4,4,4,4,4,76.35464477539063,74.1839828491211,74.24044036865234,74.67781066894531,67.26167297363281,75.85710906982422,78.4375,0,0,0,0,0,0,5,10,0,0,13.25849723815918,25769803776,0,17871405056,0
204,1790937353476,4,4,4,4,4,4,4,4,4,4,76.35464477539063,74.1839828491211,74.24044036865234,74.67781066894531,67.26167297363281,75.85710906982422,78.4375,0,4.761904716491699,0,0,0,0,4.545454502105713,5,0,0,13.25849723815918,25769803776,0,17871306752,0
204,1790937353681,4,4,4,4,4,4,4,4,4,4,76.35464477539063,74.1839828491211,74.24044036865234,74.67781066894531,67.26167297363281,75.85710906982422,78.4375,4.761904716491699,0,0,0,0,0,5,0,0,0,13.251328468322754,25769803776,0,17871306752,0
204,1790937353885,4,4,4,4,4,4,4,4,4,4,76.35464477539063,74.1839828491211,74.24044036865234,74.67781066894531,67.26167297363281,75.85710906982422,78.4375,4.761904716491699,4.761904716491699,0,0,0,0,0,9.523809432983398,0,0,13.251328468322754,25769803776,0,17871060992,0
204,1790937354090,4,4,4,4,4,4,4,4,4,4,76.35680389404297,74.22132110595703,74.22684478759766,74.64572143554688,67.26663208007813,75.86579895019531,78.4375,5,0,0,0,0,0,0,5,4.761904716491699,0,13.251328468322754,25769803776,0,17871060992,0
203,1790937354295,4,4,4,4,4,4,4,4,4,4,76.35680389404297,74.22132110595703,74.22684478759766,74.64572143554688,67.26663208007813,75.86579895019531,78.4375,0,0,0,0,0,0,0,5,0,0,13.251328468322754,25769803776,0,17871060992,0
200,1790937354498,4,4,4,4,4,4,4,4,4,4,76.35680389404297,74.22132110595703,74.22684478759766,74.64572143554688,67.26663208007813,75.86579895019531,78.4375,4.761904716491699,0,4.761904716491699,0,0,0,0,5,0,0,13.251328468322754,25769803776,0,17871011840,0
200,1790937354699,4,4,4,4,4,4,4,4,4,4,76.35680389404297,74.22132110595703,74.22684478759766,74.64572143554688,67.26663208007813,75.86579895019531,78.4375,0,0,0,0,0,0,0,5,4.761904716491699,0,13.304911613464355,25769803776,0,17870946304,0
204,1790937354899,4,4,4,4,4,4,4,4,4,4,76.35680389404297,74.22132110595703,74.22684478759766,74.64572143554688,67.26663208007813,75.86579895019531,78.4375,4.761904716491699,0,0,0,0,0,0,9.523809432983398,0,0,13.304911613464355,25769803776,0,17870946304,0
204,1790937355104,4,4,4,4,4,4,4,4,4,4,76.34056854248047,74.0727310180664,74.15898132324219,74.6356430053711,67.16236114501953,75.86775970458984,78.4375,0,4.761904716491699,4.761904716491699,4.545454502105713,0,0,0,5,0,0,13.304911613464355,25769803776,0,17870946304,0
204,1790937355309,4,4,4,4,4,4,4,4,4,4,76.34056854248047,74.0727310180664,74.15898132324219,74.6356430053711,67.16236114501953,75.86775970458984,78.4375,9.090909004211426,4.761904716491699,0,0,0,0,0,9.523809432983398,0,0,13.304911613464355,25769803776,0,17870946304,0
204,1790937355514,4,4,4,4,4,4,4,4,4,4,76.34056854248047,74.0727310180664,74.15898132324219,74.6356430053711,67.16236114501953,75.86775970458984,78.4375,0,0,0,0,4.545454502105713,0,4.761904716491699,0,4.761904716491699,0,13.304911613464355,25769803776,0,17870864384,0
204,1790937355719,4,4,4,4,4,4,4,4,4,4,76.34056854248047,74.0727310180664,74.15898132324219,74.6356430053711,67.16236114501953,75.86775970458984,78.4375,4.761904716491699,0,0,0,0,0,0,9.523809432983398,0,0,13.16423511505127,25769803776,0,17870815232,0
203,1790937355924,4,4,4,4,4,4,4,4,4,4,76.34056854248047,74.0727310180664,74.15898132324219,74.6356430053711,67.16236114501953,75.86775970458984,78.4375,0,0,0,0,0,0,0,4.761904716491699,0,0,13.16423511505127,25769803776,0,17870815232,0
204,1790937356128,4,4,4,4,4,4,4,4,4,4,76.318603515625,74.10298919677734,74.30032348632813,74.6124267578125,67.43063354492188,75.83861541748047,78.203125,0,4.761904716491699,0,0,0,0,4.761904716491699,9.523809432983398,0,0,13.16423511505127,25769803776,0,17870815232,0
204,1790937356333,4,4,4,4,4,4,4,4,4,4,76.318603515625,74.10298919677734,74.30032348632813,74.6124267578125,67.43063354492188,75.83861541748047,78.203125,4.761904716491699,0,4.545454502105713,0,0,0,0,0,0,0,13.16423511505127,25769803776,0,17870815232,0
204,1790937356538,4,4,4,4,4,4,4,4,4,4,76.318603515625,74.10298919677734,74.30032348632813,74.6124267578125,67.43063354492188,75.83861541748047,78.203125,0,0,0,0,0,0,5,0,0,0,13.192517280578613,25769803776,0,17870848000,0
204,1790937356743,4,4,4,4,4,4,4,4,4,4,76.318603515625,74.10298919677734,74.30032348632813,74.6124267578125,67.43063354492188,75.83861541748047,78.203125,66.66667175292969,10,0,0,0,0,0,9.523809432983398,4.761904716491699,0,13.192517280578613,25769803776,0,17870962688,0
204,1790937356948,4,4,4,4,4,4,4,4,4,4,76.318603515625,74.10298919677734,74.30032348632813,74.6124267578125,67.43063354492188,75.83861541748047,78.203125,4.761904716491699,9.090909004211426,0,0,0,0,0,4.761904716491699,0,0,13.192517280578613,25769803776,0,17870716928,0
204,1790937357153,4,4,4,4,4,4,4,4,4,4,76.27884674072266,74.2142562866211,74.18358612060547,74.5717544555664,67.18559265136719,75.79399108886719,78.203125,0,0,0,0,0,0,0,0,0,0,13.192517280578613,25769803776,0,17870716928,0
204,1790937357358,4,4,4,4,4,4,4,4,4,4,76.27884674072266,74.2142562866211,74.18358612060547,74.5717544555664,67.18559265136719,75.79399108886719,78.203125,5,0,0,4.761904716491699,4.761904716491699,4.761904716491699,4.545454502105713,9.523809432983398,0,0,13.192517280578613,25769803776,0,17824088064,0
204,1790937357563,4,4,4,4,4,4,4,4,4,4,76.27884674072266,74.2142562866211,74.18358612060547,74.5717544555664,67.18559265136719,75.79399108886719,78.203125,4.761904716491699,0,0,0,0,0,4.761904716491699,4.761904716491699,0,0,13.134858131408691,25769803776,0,17824006144,0
204,1790937357768,4,4,4,4,4,4,4,4,4,4,76.27884674072266,74.2142562866211,74.18358612060547,74.5717544555664,67.18559265136719,75.79399108886719,78.203125,0,0,0,0,0,0,0,9.523809432983398,4.761904716491699,0,13.134858131408691,25769803776,0,17823825920,0
204,1790937357973,4,4,4,4,4,4,4,4,4,4,76.27884674072266,74.2142562866211,74.18358612060547,74.5717544555664,67.18559265136719,75.79399108886719,78.203125,4.761904716491699,4.761904716491699,0,0,0,0,0,5,0,0,13.134858131408691,25769803776,0,17823825920,0
204,1790937358178,4,4,4,4,4,4,4,4,4,4,76.25328826904297,74.08798217773438,74.16668701171875,74.57011413574219,67.17790222167969,75.76899719238281,78.203125,0,0,4.545454502105713,0,0,0,0,5,0,0,13.134858131408691,25769803776,0,17823825920,0
200,1790937358383,4,4,4,4,4,4,4,4,4,4,76.25328826904297,74.08798217773438,74.16668701171875,74.57011413574219,67.17790222167969,75.76899719238281,78.203125,5,0,0,0,0,0,0,5,0,0,13.134858131408691,25769803776,0,17823825920,0
204,1790937358584,4,4,4,4,4,4,4,4,4,4,76.25328826904297,74.08798217773438,74.16668701171875,74.57011413574219,67.17790222167969,75.76899719238281,78.203125,4.761904716491699,4.761904716491699,0,0,0,0,0,5,4.761904716491699,0,13.228854179382324,25769803776,0,17823809536,0
204,1790937358789,4,4,4,4,4,4,4,4,4,4,76.25328826904297,74.08798217773438,74.16668701171875,74.57011413574219,67.17790222167969,75.76899719238281,78.203125,0,0,4.761904716491699,0,0,0,0,9.523809432983398,0,0,13.228854179382324,25769803776,0,17823760384,0
204,1790937358994,4,4,4,4,4,4,4,4,4,4,76.25328826904297,74.08798217773438,74.16668701171875,74.57011413574219,67.17790222167969,75.76899719238281,78.203125,4.761904716491699,4.761904716491699,0,0,0,0,4.761904716491699,4.761904716491699,0,0,13.228854179382324,25769803776,0,17823760384,0
204,1790937359199,4,4,4,4,4,4,4,4,4,4,76.25104522705078,74.08870697021484,74.22025299072266,74.5478515625,67.31504821777344,75.7834701538086,78.203125,0,0,0,0,0,0,0,5,0,0,13.228854179382324,25769803776,0,17823760384,0
204,1790937359404,4,4,4,4,4,4,4,4,4,4,76.25104522705078,74.08870697021484,74.22025299072266,74.5478515625,67.31504821777344,75.7834701538086,78.203125,5,0,0,0,0,0,0,9.523809432983398,4.761904716491699,0,13.228854179382324,25769803776,0,17823760384,0
204,1790937359609,4,4,4,4,4,4,4,4,4,4,76.25104522705078,74.08870697021484,74.22025299072266,74.5478515625,67.31504821777344,75.7834701538086,78.203125,0,0,0,0,0,0,0,5,0,0,13.18836498260498,25769803776,0,17823760384,0
204,1790937359814,4,4,4,4,4,4,4,4,4,4,76.25104522705078,74.08870697021484,74.22025299072266,74.5478515625,67.31504821777344,75.7834701538086,78.203125,4.761904716491699,0,0,0,0,0,0,4.761904716491699,0,0,13.18836498260498,25769803776,0,17823809536,0
200,1790937360019,4,4,4,4,4,4,4,4,4,4,76.25104522705078,74.08870697021484,74.22025299072266,74.5478515625,67.31504821777344,75.7834701538086,78.203125,5,4.761904716491699,4.761904716491699,4.761904716491699,0,0,4.761904716491699,9.523809432983398,0,0,13.18836498260498,25769803776,0,17824088064,0
204,1790937360220,4,4,4,4,4,4,4,4,4,4,76.29581451416016,74.02188110351563,74.158447265625,74.55110931396484,67.26739501953125,75.82788848876953,78.203125,5,9.523809432983398,4.761904716491699,0,0,0,0,0,0,0,13.18836498260498,25769803776,0,17824088064,0
204,1790937360425,4,4,4,4,4,4,4,4,4,4,76.29581451416016,74.02188110351563,74.158447265625,74.55110931396484,67.26739501953125,75.82788848876953,78.203125,4.761904716491699,0,0,0,0,0,0,5,0,0,13.18836498260498,25769803776,0,17824088064,0
204,1790937360630,4,4,4,4,4,4,4,4,4,4,76.29581451416016,74.02188110351563,74.158447265625,74.55110931396484,67.26739501953125,75.82788848876953,78.203125,0,0,0,0,0,0,0,5,0,0,13.103482246398926,25769803776,0,17824137216,0
204,1790937360835,4,4,4,4,4,4,4,4,4,4,76.29581451416016,74.02188110351563,74.158447265625,74.55110931396484,67.26739501953125,75.82788848876953,78.203125,4.761904716491699,0,0,0,0,0,4.761904716491699,5,0,0,13.103482246398926,25769803776,0,17824137216,0
204,1790937361040,4,4,4,4,4,4,4,4,4,4,76.17212677001953,74.08113098144531,74.1302719116211,74.50789642333984,67.17167663574219,75.66400909423828,78.203125,0,0,0,0,0,0,0,9.523809432983398,0,0,13.103482246398926,25769803776,0,17824137216,0
204,1790937361245,4,4,4,4,4,4,4,4,4,4,76.17212677001953,74.08113098144531,74.1302719116211,74.50789642333984,67.17167663574219,75.66400909423828,78.203125,4.761904716491699,0,0,0,0,0,0,4.761904716491699,8.69565200805664,0,13.103482246398926,25769803776,0,17824137216,0
204,1790937361450,4,4,4,4,4,4,4,4,4,4,76.17212677001953,74.08113098144531,74.1302719116211,74.50789642333984,67.17167663574219,75.66400909423828,78.203125,4.761904716491699,4.761904716491699,0,0,4.545454502105713,0,0,9.523809432983398,0,0,13.103482246398926,25769803776,0,17824137216,0
204,1790937361655,4,4,4,4,4,4,4,4,4,4,76.17212677001953,74.08113098144531,74.1302719116211,74.50789642333984,67.17167663574219,75.66400909423828,78.203125,0,0,0,4.545454502105713,0,0,0,5,0,0,13.153861999511719,25769803776,0,17824251904,0
204,1790937361860,4,4,4,4,4,4,4,4,4,4,76.17212677001953,74.08113098144531,74.1302719116211,74.50789642333984,67.17167663574219,75.66400909423828,78.203125,4.761904716491699,0,0,0,0,0,0,5,0,0,13.153861999511719,25769803776,0,17824432128,0
204,1790937362065,4,4,4,4,4,4,4,4,4,4,76.1847915649414,74.02698516845703,74.19886779785156,74.49694061279297,67.2997817993164,75.73030090332031,78.203125,0,0,0,0,0,0,0,9.523809432983398,0,0,13.153861999511719,25769803776,0,17824432128,0
204,1790937362270,4,4,4,4,4,4,4,4,4,4,76.1847915649414,74.02698516845703,74.19886779785156,74.49694061279297,67.2997817993164,75.73030090332031,78.203125,5,4.761904716491699,0,0,0,0,4.761904716491699,0,0,0,13.153861999511719,25769803776,0,17824350208,0
204,1790937362475,4,4,4,4,4,4,4,4,4,4,76.1847915649414,74.02698516845703,74.19886779785156,74.49694061279297,67.2997817993164,75.73030090332031,78.203125,0,0,0,0,0,0,0,9.523809432983398,0,0,13.153861999511719,25769803776,0,17824333824,0
204,1790937362680,4,4,4,4,4,4,4,4,4,4,76.1847915649414,74.02698516845703,74.19886779785156,74.49694061279297,67.2997817993164,75.73030090332031,78.203125,9.523809432983398,5,9.090909004211426,0,4.761904716491699,0,4.761904716491699,4.761904716491699,0,0,13.14582347869873,25769803776,0,17823989760,0
203,1790937362885,4,4,4,4,4,4,4,4,4,4,76.1847915649414,74.02698516845703,74.19886779785156,74.49694061279297,67.2997817993164,75.73030090332031,78.203125,0,4.545454502105713,0,0,0,0,0,9.523809432983398,4.761904716491699,0,13.14582347869873,25769803776,0,17823989760,0
204,1790937363089,4,4,4,4,4,4,4,4,4,4,76.16149139404297,73.9873046875,74.08262634277344,74.47559356689453,67.1294937133789,75.66465759277344,78.203125,9.090909004211426,0,0,0,0,0,0,5,0,0,13.14582347869873,25769803776,0,17824022528,0
204,1790937363294,4,4,4,4,4,4,4,4,4,4,76.16149139404297,73.9873046875,74.08262634277344,74.47559356689453,67.1294937133789,75.66465759277344,78.203125,0,0,0,0,0,0,0,9.523809432983398,0,0,13.14582347869873,25769803776,0,17823956992,0
204,1790937363499,4,4,4,4,4,4,4,4,4,4,76.16149139404297,73.9873046875,74.08262634277344,74.47559356689453,67.1294937133789,75.66465759277344,78.203125,0,4.761904716491699,0,0,0,0,0,5,0,0,13.14582347869873,25769803776,0,17823956992,0
199,1790937363703,4,4,4,4,4,4,4,4,4,4,76.16149139404297,73.9873046875,74.08262634277344,74.47559356689453,67.1294937133789,75.66465759277344,78.203125,4.761904716491699,0,0,0,0,0,0,5,0,0,13.073123931884766,25769803776,0,17823940608,0
204,1790937363904,4,4,4,4,4,4,4,4,4,4,76.16149139404297,73.9873046875,74.08262634277344,74.47559356689453,67.1294937133789,75.66465759277344,78.203125,0,0,0,0,0,0,0,5,0,0,13.073123931884766,25769803776,0,17823940608,0
204,1790937364109,4,4,4,4,4,4,4,4,4,4,76.16560363769531,73.98848724365234,74.19351196289063,74.46659088134766,67.328369140625,75.64045715332031,78.203125,0,0,0,0,0,0,0,5,0,0,13.073123931884766,25769803776,0,17823924224,0
204,1790937364314,4,4,4,4,4,4,4,4,4,4,76.16560363769531,73.98848724365234,74.19351196289063,74.46659088134766,67.328369140625,75.64045715332031,78.203125,4.761904716491699,0,0,0,0,0,0,4.761904716491699,0,0,13.073123931884766,25769803776,0,17823924224,0
204,1790937364519,4,4,4,4,4,4,4,4,4,4,76.16560363769531,73.98848724365234,74.19351196289063,74.46659088134766,67.328369140625,75.64045715332031,78.203125,0,0,0,0,0,0,4.761904716491699,4.761904716491699,4.761904716491699,0,13.073123931884766,25769803776,0,17823924224,0
204,1790937364724,4,4,4,4,4,4,4,4,4,4,76.16560363769531,73.98848724365234,74.19351196289063,74.46659088134766,67.328369140625,75.64045715332031,78.203125,4.761904716491699,0,0,0,0,0,0,5,4.761904716491699,0,13.118494987487793,25769803776,0,17823825920,0
202,1790937364929,4,4,4,4,4,4,4,4,4,4,76.16560363769531,73.98848724365234,74.19351196289063,74.46659088134766,67.328369140625,75.64045715332031,78.203125,0,0,0,0,0,0,5,0,0,0,13.118494987487793,25769803776,0,17823825920,0
204,1790937365131,4,4,4,4,4,4,4,4,4,4,76.17963409423828,74.04736328125,74.03720092773438,74.44074249267578,67.05804443359375,75.67174530029297,77.953125,0,4.761904716491699,0,0,0,0,4.761904716491699,9.523809432983398,0,0,13.118494987487793,25769803776,0,17823825920,0
204,1790937365336,4,4,4,4,4,4,4,4,4,4,76.17963409423828,74.04736328125,74.03720092773438,74.44074249267578,67.05804443359375,75.67174530029297,77.953125,4.761904716491699,0,0,0,0,0,0,5,0,0,13.118494987487793,25769803776,0,17823727616,0
204,1790937365541,4,4,4,4,4,4,4,4,4,4,76.17963409423828,74.04736328125,74.03720092773438,74.44074249267578,67.05804443359375,75.67174530029297,77.953125,0,0,0,0,0,0,0,9.523809432983398,0,0,13.079049110412598,25769803776,0,17823891456,0
204,1790937365746,4,4,4,4,4,4,4,4,4,4,76.17963409423828,74.04736328125,74.03720092773438,74.44074249267578,67.05804443359375,75.67174530029297,77.953125,4.761904716491699,0,0,0,0,0,0,4.761904716491699,0,0,13.079049110412598,25769803776,0,17824055296,0
204,1790937365951,4,4,4,4,4,4,4,4,4,4,76.17963409423828,74.04736328125,74.03720092773438,74.44074249267578,67.05804443359375,75.67174530029297,77.953125,0,0,0,0,0,0,0,5,0,0,13.079049110412598,25769803776,0,17824006144,0
201,1790937366156,4,4,4,4,4,4,4,4,4,4,76.13166046142578,73.94739532470703,74.0546646118164,74.42108154296875,67.06072235107422,75.57377624511719,77.953125,0,4.545454502105713,0,0,0,0,0,9.523809432983398,4.761904716491699,0,13.079049110412598,25769803776,0,17823989760,0
204,1790937366358,4,4,4,4,4,4,4,4,4,4,76.13166046142578,73.94739532470703,74.0546646118164,74.42108154296875,67.06072235107422,75.57377624511719,77.953125,5,0,0,0,0,0,0,5,0,0,13.079049110412598,25769803776,0,17823989760,0
204,1790937366563,4,4,4,4,4,4,4,4,4,4,76.13166046142578,73.94739532470703,74.0546646118164,74.42108154296875,67.06072235107422,75.57377624511719,77.953125,4.545454502105713,0,0,0,0,0,0,5,0,0,13.042789459228516,25769803776,0,17823989760,0
204,1790937366768,4,4,4,4,4,4,4,4,4,4,76.13166046142578,73.94739532470703,74.0546646118164,74.42108154296875,67.06072235107422,75.57377624511719,77.953125,0,4.761904716491699,0,4.545454502105713,0,0,0,5,0,0,13.042789459228516,25769803776,0,17823989760,0
204,1790937366973,4,4,4,4,4,4,4,4,4,4,76.13166046142578,73.94739532470703,74.0546646118164,74.42108154296875,67.06072235107422,75.57377624511719,77.953125,0,0,4.761904716491699,0,0,0,0,9.523809432983398,0,0,13.042789459228516,25769803776,0,17823383552,0
204,1790937367178,4,4,4,4,4,4,4,4,4,4,76.1485824584961,73.9540786743164,74.16555786132813,74.42752838134766,67.2740707397461,75.60313415527344,77.953125,5,4.761904716491699,4.545454502105713,0,0,4.761904716491699,4.761904716491699,5,0,0,13.042789459228516,25769803776,0,17823563776,0
204,1790937367383,4,4,4,4,4,4,4,4,4,4,76.1485824584961,73.9540786743164,74.16555786132813,74.42752838134766,67.2740707397461,75.60313415527344,77.953125,0,0,0,0,0,0,4.761904716491699,9.090909004211426,4.761904716491699,4.761904716491699,13.042789459228516,25769803776,0,17823563776,0
204,1790937367588,4,4,4,4,4,4,4,4,4,4,76.1485824584961,73.9540786743164,74.16555786132813,74.42752838134766,67.2740707397461,75.60313415527344,77.953125,4.761904716491699,0,0,0,0,0,0,0,0,0,13.102293014526367,25769803776,0,17823563776,0
202,1790937367793,4,4,4,4,4,4,4,4,4,4,76.1485824584961,73.9540786743164,74.16555786132813,74.42752838134766,67.2740707397461,75.60313415527344,77.953125,0,0,0,0,0,0,0,5,0,0,13.102293014526367,25769803776,0,17823399936,0
204,1790937367996,4,4,4,4,4,4,4,4,4,4,76.1485824584961,73.9540786743164,74.16555786132813,74.42752838134766,67.2740707397461,75.60313415527344,77.953125,0,0,0,0,0,0,0,9.523809432983398,0,0,13.102293014526367,25769803776,0,17823399936,0
204,1790937368201,4,4,4,4,4,4,4,4,4,4,76.12413024902344,73.9486312866211,74.09464263916016,74.44534301757813,67.18779754638672,75.55701446533203,79.375,4.761904716491699,0,0,0,0,0,0,4.761904716491699,0,0,13.102293014526367,25769803776,0,17823399936,0
204,1790937368406,4,4,4,4,4,4,4,4,4,4,76.12413024902344,73.9486312866211,74.09464263916016,74.44534301757813,67.18779754638672,75.55701446533203,79.375,4.761904716491699,4.761904716491699,0,0,4.545454502105713,0,0,0,0,0,13.102293014526367,25769803776,0,17823399936,0
204,1790937368611,4,4,4,4,4,4,4,4,4,4,76.12413024902344,73.9486312866211,74.09464263916016,74.44534301757813,67.18779754638672,75.55701446533203,79.375,0,0,0,0,0,0,0,9.523809432983398,0,0,13.179121017456055,25769803776,0,17823399936,0
204,1790937368816,4,4,4,4,4,4,4,4,4,4,76.12413024902344,73.9486312866211,74.09464263916016,74.44534301757813,67.18779754638672,75.55701446533203,79.375,4.761904716491699,0,0,0,0,0,9.523809432983398,0,4.761904716491699,0,13.179121017456055,25769803776,0,17823170560,0
204,1790937369021,4,4,4,4,4,4,4,4,4,4,76.12413024902344,73.9486312866211,74.09464263916016,74.44534301757813,67.18779754638672,75.55701446533203,79.375,0,0,0,0,0,0,0,5,0,0,13.179121017456055,25769803776,0,17823170560,0
204,1790937369226,4,4,4,4,4,4,4,4,4,4,76.07581329345703,73.9939956665039,73.90521240234375,74.39544677734375,66.87841796875,75.51525115966797,77.953125,5,0,0,0,0,0,0,9.090909004211426,4.761904716491699,0,13.179121017456055,25769803776,0,17823170560,0
204,1790937369431,4,4,4,4,4,4,4,4,4,4,76.07581329345703,73.9939956665039,73.90521240234375,74.39544677734375,66.87841796875,75.51525115966797,77.953125,0,0,0,0,0,0,0,5,0,0,13.179121017456055,25769803776,0,17823072256,0
204,1790937369636,4,4,4,4,4,4,4,4,4,4,76.07581329345703,73.9939956665039,73.90521240234375,74.39544677734375,66.87841796875,75.51525115966797,77.953125,0,0,0,0,0,0,4.761904716491699,5,0,0,13.002346992492676,25769803776,0,17823072256,0
204,1790937369841,4,4,4,4,4,4,4,4,4,4,76.07581329345703,73.9939956665039,73.90521240234375,74.39544677734375,66.87841796875,75.51525115966797,77.953125,4.761904716491699,4.761904716491699,0,0,0,0,0,0,4.761904716491699,0,13.002346992492676,25769803776,0,17822990336,0
204,1790937370046,4,4,4,4,4,4,4,4,4,4,76.110595703125,74.1162109375,73.89993286132813,74.39382934570313,66.84174346923828,75.5819320678711,77.953125,0,0,0,0,0,0,9.090909004211426,4.545454502105713,0,0,13.002346992492676,25769803776,0,17822990336,0
201,1790937370251,4,4,4,4,4,4,4,4,4,4,76.110595703125,74.1162109375,73.89993286132813,74.39382934570313,66.84174346923828,75.5819320678711,77.953125,4.761904716491699,0,0,0,0,0,5,0,0,0,13.002346992492676,25769803776,0,17822990336,0
204,1790937370452,4,4,4,4,4,4,4,4,4,4,76.110595703125,74.1162109375,73.89993286132813,74.39382934570313,66.84174346923828,75.5819320678711,77.953125,0,4.761904716491699,0,0,0,0,0,5,0,0,13.002346992492676,25769803776,0,17822990336,0
200,1790937370657,4,4,4,4,4,4,4,4,4,4,76.110595703125,74.1162109375,73.89993286132813,74.39382934570313,66.84174346923828,75.5819320678711,77.953125,0,0,0,0,0,0,9.523809432983398,4.761904716491699,0,0,13.15280818939209,25769803776,0,17822990336,0
204,1790937370858,4,4,4,4,4,4,4,4,4,4,76.110595703125,74.1162109375,73.89993286132813,74.39382934570313,66.84174346923828,75.5819320678711,77.953125,0,0,0,4.761904716491699,0,0,5,0,0,0,13.15280818939209,25769803776,0,17822924800,0
204,1790937371063,4,4,4,4,4,4,4,4,4,4,76.03070068359375,74.28121948242188,73.71595764160156,74.36076354980469,66.49834442138672,75.49897766113281,77.953125,4.761904716491699,0,0,0,0,0,9.523809432983398,0,0,0,13.15280818939209,25769803776,0,17822777344,0
204,1790937371268,4,4,4,4,4,4,4,4,4,4,76.03070068359375,74.28121948242188,73.71595764160156,74.36076354980469,66.49834442138672,75.49897766113281,77.953125,0,0,0,0,0,0,5,0,4.761904716491699,0,13.15280818939209,25769803776,0,17822777344,0
204,1790937371473,4,4,4,4,4,4,4,4,4,4,76.03070068359375,74.28121948242188,73.71595764160156,74.36076354980469,66.49834442138672,75.49897766113281,77.953125,4.761904716491699,0,0,0,0,0,0,5,0,0,13.15280818939209,25769803776,0,17822777344,0
204,1790937371678,4,4,4,4,4,4,4,4,4,4,76.03070068359375,74.28121948242188,73.71595764160156,74.36076354980469,66.49834442138672,75.49897766113281,77.953125,0,0,0,0,0,0,9.523809432983398,0,0,0,13.125510215759277,25769803776,0,17822760960,0
202,1790937371883,4,4,4,4,4,4,4,4,4,4,76.03070068359375,74.28121948242188,73.71595764160156,74.36076354980469,66.49834442138672,75.49897766113281,77.953125,9.090909004211426,4.761904716491699,0,0,0,0,5,0,0,0,13.125510215759277,25769803776,0,17822924800,0
204,1790937372086,4,4,4,4,4,4,4,4,4,4,76.03070068359375,74.21400451660156,73.68360137939453,74.35230255126953,66.42693328857422,75.45661163330078,77.953125,0,0,4.761904716491699,0,0,0,0,4.761904716491699,0,0,13.125510215759277,25769803776,0,17824759808,0
204,1790937372291,4,4,4,4,4,4,4,4,4,4,76.03070068359375,74.21400451660156,73.68360137939453,74.35230255126953,66.42693328857422,75.45661163330078,77.953125,0,0,0,0,0,0,9.090909004211426,0,0,0,13.125510215759277,25769803776,0,17823055872,0
204,1790937372496,4,4,4,4,4,4,4,4,4,4,76.03070068359375,74.21400451660156,73.68360137939453,74.35230255126953,66.42693328857422,75.45661163330078,77.953125,0,4.761904716491699,0,0,0,0,0,0,0,0,13.125510215759277,25769803776,0,17823055872,0
204,1790937372701,4,4,4,4,4,4,4,4,4,4,76.03070068359375,74.21400451660156,73.68360137939453,74.35230255126953,66.42693328857422,75.45661163330078,77.953125,4.761904716491699,0,0,0,0,0,5,4.761904716491699,0,0,13.029559135437012,25769803776,0,17823055872,0
204,1790937372906,4,4,4,4,4,4,4,4,4,4,76.03070068359375,74.21400451660156,73.68360137939453,74.35230255126953,66.42693328857422,75.45661163330078,77.953125,0,0,0,0,0,0,9.090909004211426,0,0,0,13.029559135437012,25769803776,0,17823088640,0
204,1790937373111,4,4,4,4,4,4,4,4,4,4,76.01578521728516,74.34795379638672,73.60423278808594,74.35418701171875,66.28486633300781,75.46932983398438,77.953125,5,5,4.761904716491699,0,0,0,5,0,4.761904716491699,0,13.029559135437012,25769803776,0,17823383552,0
204,1790937373316,4,4,4,4,4,4,4,4,4,4,76.01578521728516,74.34795379638672,73.60423278808594,74.35418701171875,66.28486633300781,75.46932983398438,77.953125,0,0,0,0,4.545454502105713,0,9.523809432983398,0,0,0,13.029559135437012,25769803776,0,17823383552,0
204,1790937373521,4,4,4,4,4,4,4,4,4,4,76.01578521728516,74.34795379638672,73.60423278808594,74.35418701171875,66.28486633300781,75.46932983398438,77.953125,9.090909004211426,0,0,0,0,0,5,0,0,0,13.029559135437012,25769803776,0,17823334400,0
204,1790937373726,4,4,4,4,4,4,4,4,4,4,76.01578521728516,74.34795379638672,73.60423278808594,74.35418701171875,66.28486633300781,75.46932983398438,77.953125,0,9.090909004211426,0,0,0,0,0,9.523809432983398,0,0,13.163894653320313,25769803776,0,17823334400,0
204,1790937373931,4,4,4,4,4,4,4,4,4,4,76.01578521728516,74.34795379638672,73.60423278808594,74.35418701171875,66.28486633300781,75.46932983398438,77.953125,10,0,4.761904716491699,0,0,0,0,4.761904716491699,0,0,13.163894653320313,25769803776,0,17823514624,0
204,1790937374136,4,4,4,4,4,4,4,4,4,4,75.98574829101563,74.06947326660156,73.75072479248047,74.36280059814453,66.59029388427734,75.4383773803711,77.953125,4.761904716491699,0,0,0,0,0,9.523809432983398,0,0,0,13.163894653320313,25769803776,0,17823449088,0
204,1790937374341,4,4,4,4,4,4,4,4,4,4,75.98574829101563,74.06947326660156,73.75072479248047,74.36280059814453,66.59029388427734,75.4383773803711,77.953125,0,0,0,0,0,0,0,0,0,0,13.163894653320313,25769803776,0,17823449088,0
204,1790937374546,4,4,4,4,4,4,4,4,4,4,75.98574829101563,74.06947326660156,73.75072479248047,74.36280059814453,66.59029388427734,75.4383773803711,77.953125,4.761904716491699,0,0,0,0,0,9.523809432983398,0,4.761904716491699,0,13.134608268737793,25769803776,0,17823449088,0
204,1790937374751,4,4,4,4,4,4,4,4,4,4,75.98574829101563,74.06947326660156,73.75072479248047,74.36280059814453,66.59029388427734,75.4383773803711,77.953125,0,0,0,0,0,0,4.761904716491699,0,0,0,13.134608268737793,25769803776,0,17823449088,0
204,1790937374956,4,4,4,4,4,4,4,4,4,4,75.98574829101563,74.06947326660156,73.75072479248047,74.36280059814453,66.59029388427734,75.4383773803711,77.953125,0,4.761904716491699,0,0,0,0,9.523809432983398,4.761904716491699,4.545454502105713,0,13.134608268737793,25769803776,0,17823449088,0
202,1790937375161,4,4,4,4,4,4,4,4,4,4,76.03218078613281,74.33289337158203,73.60037231445313,74.34456634521484,66.28365325927734,75.51190948486328,77.71875,4.761904716491699,0,0,0,0,0,5,0,0,0,13.134608268737793,25769803776,0,17823449088,0
204,1790937375363,4,4,4,4,4,4,4,4,4,4,76.03218078613281,74.33289337158203,73.60037231445313,74.34456634521484,66.28365325927734,75.51190948486328,77.71875,0,0,0,0,0,0,0,0,0,0,13.134608268737793,25769803776,0,17823449088,0
202,1790937375568,4,4,4,4,4,4,4,4,4,4,76.03218078613281,74.33289337158203,73.60037231445313,74.34456634521484,66.28365325927734,75.51190948486328,77.71875,4.761904716491699,0,0,0,0,0,9.523809432983398,4.761904716491699,4.761904716491699,0,13.012433052062988,25769803776,0,17823449088,0
204,1790937375770,4,4,4,4,4,4,4,4,4,4,76.03218078613281,74.33289337158203,73.60037231445313,74.34456634521484,66.28365325927734,75.51190948486328,77.71875,0,0,0,0,0,0,5,0,0,0,13.012433052062988,25769803776,0,17823449088,0
202,1790937375975,4,4,4,4,4,4,4,4,4,4,76.03218078613281,74.33289337158203,73.60037231445313,74.34456634521484,66.28365325927734,75.51190948486328,77.71875,0,0,0,0,0,0,4.761904716491699,0,0,0,13.012433052062988,25769803776,0,17825087488,0
204,1790937376178,4,4,4,4,4,4,4,4,4,4,75.9729995727539,74.30756378173828,73.55270385742188,74.31153106689453,66.21521759033203,75.44337463378906,77.71875,4.761904716491699,4.761904716491699,0,0,0,0,5,0,0,0,13.012433052062988,25769803776,0,17823268864,0
204,1790937376383,4,4,4,4,4,4,4,4,4,4,75.9729995727539,74.30756378173828,73.55270385742188,74.31153106689453,66.21521759033203,75.44337463378906,77.71875,4.761904716491699,0,0,0,0,0,4.761904716491699,0,0,0,13.012433052062988,25769803776,0,17823563776,0
204,1790937376588,4,4,4,4,4,4,4,4,4,4,75.9729995727539,74.30756378173828,73.55270385742188,74.31153106689453,66.21521759033203,75.44337463378906,77.71875,4.761904716491699,0,0,0,0,0,9.523809432983398,0,0,0,13.069920539855957,25769803776,0,17823580160,0
204,1790937376793,4,4,4,4,4,4,4,4,4,4,75.9729995727539,74.30756378173828,73.55270385742188,74.31153106689453,66.21521759033203,75.44337463378906,77.71875,0,4.761904716491699,0,0,0,0,5,0,0,0,13.069920539855957,25769803776,0,17823563776,0
204,1790937376998,4,4,4,4,4,4,4,4,4,4,75.9729995727539,74.30756378173828,73.55270385742188,74.31153106689453,66.21521759033203,75.44337463378906,77.71875,4.761904716491699,0,0,0,0,0,9.523809432983398,4.761904716491699,0,0,13.069920539855957,25769803776,0,17823416320,0
204,1790937377203,4,4,4,4,4,4,4,4,4,4,75.94882202148438,74.20355987548828,73.53256225585938,74.30259704589844,66.17005920410156,75.41852569580078,77.71875,0,0,0,0,0,0,5,0,4.761904716491699,0,13.069920539855957,25769803776,0,17823416320,0
204,1790937377408,4,4,4,4,4,4,4,4,4,4,75.94882202148438,74.20355987548828,73.53256225585938,74.30259704589844,66.17005920410156,75.41852569580078,77.71875,0,0,0,4.761904716491699,0,0,0,0,0,0,13.069920539855957,25769803776,0,17823350784,0
204,1790937377613,4,4,4,4,4,4,4,4,4,4,75.94882202148438,74.20355987548828,73.53256225585938,74.30259704589844,66.17005920410156,75.41852569580078,77.71875,4.761904716491699,0,0,4.545454502105713,0,0,9.090909004211426,0,0,0,13.091185569763184,25769803776,0,17823350784,0
204,1790937377818,4,4,4,4,4,4,4,4,4,4,75.94882202148438,74.20355987548828,73.53256225585938,74.30259704589844,66.17005920410156,75.41852569580078,77.71875,0,4.761904716491699,0,0,4.545454502105713,0,5,4.761904716491699,0,0,13.091185569763184,25769803776,0,17823350784,0
204,1790937378023,4,4,4,4,4,4,4,4,4,4,75.94882202148438,74.35551452636719,73.58564758300781,74.30259704589844,66.2363052368164,75.41852569580078,77.71875,4.761904716491699,4.545454502105713,0,0,0,0,9.523809432983398,0,0,0,13.091185569763184,25769803776,0,17823236096,0
204,1790937378228,4,4,4,4,4,4,4,4,4,4,75.94889068603516,74.35551452636719,73.58564758300781,74.29224395751953,66.2363052368164,75.3924560546875,77.71875,0,0,0,0,0,0,5,0,0,0,13.091185569763184,25769803776,0,17816535040,0
204,1790937378433,4,4,4,4,4,4,4,4,4,4,75.94889068603516,74.35551452636719,73.58564758300781,74.29224395751953,66.2363052368164,75.3924560546875,77.71875,4.761904716491699,0,9.090909004211426,0,0,0,9.523809432983398,0,0,0,13.091185569763184,25769803776,0,17816535040,0
204,1790937378638,4,4,4,4,4,4,4,4,4,4,75.94889068603516,74.35551452636719,73.58564758300781,74.29224395751953,66.2363052368164,75.3924560546875,77.71875,4.761904716491699,0,0,0,0,0,5,0,0,0,13.015376091003418,25769803776,0,17816535040,0
204,1790937378843,4,4,4,4,4,4,4,4,4,4,75.94889068603516,74.35551452636719,73.58564758300781,74.29224395751953,66.2363052368164,75.3924560546875,77.71875,0,0,0,0,0,0,4.761904716491699,0,0,0,13.015376091003418,25769803776,0,17816535040,0
204,1790937379048,4,4,4,4,4,4,4,4,4,4,75.95806884765625,74.2599105834961,73.5183334350586,74.29586791992188,66.1554946899414,75.4259033203125,77.71875,0,0,0,0,0,0,9.523809432983398,0,4.761904716491699,0,13.015376091003418,25769803776,0,17816649728,0
202,1790937379253,4,4,4,4,4,4,4,4,4,4,75.95806884765625,74.2599105834961,73.5183334350586,74.29586791992188,66.1554946899414,75.4259033203125,77.71875,4.761904716491699,0,0,0,0,0,0,0,0,0,13.015376091003418,25769803776,0,17816649728,0
204,1790937379456,4,4,4,4,4,4,4,4,4,4,75.95806884765625,74.2599105834961,73.5183334350586,74.29586791992188,66.1554946899414,75.4259033203125,77.71875,0,4.761904716491699,0,0,0,0,9.523809432983398,0,0,0,13.015376091003418,25769803776,0,17816666112,0
204,1790937379661,4,4,4,4,4,4,4,4,4,4,75.95806884765625,74.2599105834961,73.5183334350586,74.29586791992188,66.1554946899414,75.4259033203125,77.71875,4.761904716491699,0,0,0,0,0,4.761904716491699,4.545454502105713,0,0,13.082030296325684,25769803776,0,17818517504,0
204,1790937379866,4,4,4,4,4,4,4,4,4,4,75.95806884765625,74.2599105834961,73.5183334350586,74.29586791992188,66.1554946899414,75.4259033203125,77.71875,0,0,0,0,0,0,0,4.761904716491699,0,0,13.082030296325684,25769803776,0,17816813568,0
204,1790937380071,4,4,4,4,4,4,4,4,4,4,75.89961242675781,74.13307189941406,73.63665771484375,74.26250457763672,66.35033416748047,75.35614776611328,77.71875,4.761904716491699,5,0,0,0,0,0,5,0,0,13.082030296325684,25769803776,0,17816829952,0
201,1790937380276,4,4,4,4,4,4,4,4,4,4,75.89961242675781,74.13307189941406,73.63665771484375,74.26250457763672,66.35033416748047,75.35614776611328,77.71875,4.761904716491699,0,0,0,0,0,9.523809432983398,0,4.761904716491699,0,13.082030296325684,25769803776,0,17816829952,0
204,1790937380478,4,4,4,4,4,4,4,4,4,4,75.89961242675781,74.13307189941406,73.63665771484375,74.26250457763672,66.35033416748047,75.35614776611328,77.71875,0,0,0,0,0,0,5,0,0,0,13.082030296325684,25769803776,0,17816846336,0
204,1790937380683,4,4,4,4,4,4,4,4,4,4,75.89961242675781,74.13307189941406,73.63665771484375,74.26250457763672,66.35033416748047,75.35614776611328,77.71875,0,0,0,0,0,0,9.523809432983398,0,4.761904716491699,0,12.99628734588623,25769803776,0,17816846336,0
204,1790937380888,4,4,4,4,4,4,4,4,4,4,75.89961242675781,74.13307189941406,73.63665771484375,74.26250457763672,66.35033416748047,75.35614776611328,77.71875,4.761904716491699,4.761904716491699,0,0,0,0,5,0,0,0,12.99628734588623,25769803776,0,17816846336,0
204,1790937381093,4,4,4,4,4,4,4,4,4,4,76.01102447509766,74.2568588256836,73.539306640625,74.29463958740234,66.1812973022461,75.45626068115234,77.71875,0,0,0,0,0,0,0,4.761904716491699,0,0,12.99628734588623,25769803776,0,17816862720,0
204,1790937381298,4,4,4,4,4,4,4,4,4,4,76.01102447509766,74.2568588256836,73.539306640625,74.29463958740234,66.1812973022461,75.45626068115234,77.71875,0,0,0,0,0,0,9.090909004211426,0,0,0,12.99628734588623,25769803776,0,17816862720,0
202,1790937381503,4,4,4,4,4,4,4,4,4,4,76.01102447509766,74.2568588256836,73.539306640625,74.29463958740234,66.1812973022461,75.45626068115234,77.71875,9.090909004211426,0,8.69565200805664,0,0,0,5,4.761904716491699,0,0,12.99628734588623,25769803776,0,17816862720,0
204,1790937381706,4,4,4,4,4,4,4,4,4,4,76.01102447509766,74.2568588256836,73.539306640625,74.29463958740234,66.1812973022461,75.45626068115234,77.71875,0,0,0,0,0,0,9.523809432983398,0,0,0,13.106281280517578,25769803776,0,17816862720,0
202,1790937381911,4,4,4,4,4,4,4,4,4,4,76.01102447509766,74.2568588256836,73.539306640625,74.29463958740234,66.1812973022461,75.45626068115234,77.71875,5,9.523809432983398,0,0,0,0,5,0,0,0,13.106281280517578,25769803776,0,17816862720,0
204,1790937382113,4,4,4,4,4,4,4,4,4,4,75.95564270019531,74.18749237060547,73.5343246459961,74.28633117675781,66.20374298095703,75.37247467041016,77.484375,0,0,0,0,0,0,9.523809432983398,0,0,0,13.106281280517578,25769803776,0,17817223168,0
204,1790937382318,4,4,4,4,4,4,4,4,4,4,75.95564270019531,74.18749237060547,73.5343246459961,74.28633117675781,66.20374298095703,75.37247467041016,77.484375,9.523809432983398,4.761904716491699,5,4.761904716491699,0,0,5,0,4.761904716491699,0,13.106281280517578,25769803776,0,17817468928,0
204,1790937382523,4,4,4,4,4,4,4,4,4,4,75.95564270019531,74.18749237060547,73.5343246459961,74.28633117675781,66.20374298095703,75.37247467041016,77.484375,15.000000953674316,25,9.523809432983398,4.761904716491699,5,4.761904716491699,5,0,0,0,13.106281280517578,25769803776,0,17818517504,0
204,1790937382728,4,4,4,4,4,4,4,4,4,4,75.95564270019531,74.18749237060547,73.5343246459961,74.28633117675781,66.20374298095703,75.37247467041016,77.484375,14.285715103149414,5,0,0,0,0,9.523809432983398,0,0,0,13.20931339263916,25769803776,0,17818779648,0
204,1790937382933,4,4,4,4,4,4,4,4,4,4,75.95564270019531,74.18749237060547,73.5343246459961,74.28633117675781,66.20374298095703,75.37247467041016,77.484375,0,4.761904716491699,0,0,4.761904716491699,0,0,4.545454502105713,0,0,13.20931339263916,25769803776,0,17818779648,0
204,1790937383138,4,4,4,4,4,4,4,4,4,4,75.98719787597656,74.35832977294922,73.60086822509766,74.3041763305664,66.24922943115234,75.47389221191406,77.71875,47.619049072265625,52.38095474243164,20,15.000000953674316,5,4.761904716491699,9.523809432983398,4.761904716491699,0,0,13.20931339263916,25769803776,0,17821351936,0
204,1790937383343,4,4,4,4,4,4,4,4,4,4,75.98719787597656,74.35832977294922,73.60086822509766,74.3041763305664,66.24922943115234,75.47389221191406,77.71875,5,0,9.090909004211426,0,0,0,5,0,0,0,13.20931339263916,25769803776,0,17821351936,0
204,1790937383548,4,4,4,4,4,4,4,4,4,4,75.98719787597656,74.35832977294922,73.60086822509766,74.3041763305664,66.24922943115234,75.47389221191406,77.71875,4.761904716491699,4.761904716491699,0,0,0,0,0,0,0,0,13.286067962646484,25769803776,0,17821351936,0
204,1790937383753,4,4,4,4,4,4,4,4,4,4,75.98719787597656,74.35832977294922,73.60086822509766,74.3041763305664,66.24922943115234,75.47389221191406,77.71875,0,4.761904716491699,0,0,0,0,4.761904716491699,5,0,0,13.286067962646484,25769803776,0,17821351936,0
204,1790937383958,4,4,4,4,4,4,4,4,4,4,75.98719787597656,74.35832977294922,73.60086822509766,74.3041763305664,66.24922943115234,75.47389221191406,77.71875,9.523809432983398,0,0,0,0,0,4.545454502105713,5,4.761904716491699,0,13.286067962646484,25769803776,0,17821351936,0
204,1790937384163,4,4,4,4,4,4,4,4,4,4,76.01885223388672,74.2343978881836,73.80557250976563,74.32196044921875,66.62803649902344,75.4726791381836,77.71875,0,0,0,4.761904716491699,0,0,5,4.761904716491699,0,0,13.286067962646484,25769803776,0,17821466624,0
203,1790937384368,4,4,4,4,4,4,4,4,4,4,76.01885223388672,74.2343978881836,73.80557250976563,74.32196044921875,66.62803649902344,75.4726791381836,77.71875,60.000003814697266,33.333335876464844,25,14.285715103149414,9.523809432983398,9.523809432983398,0,0,0,0,13.286067962646484,25769803776,0,17840373760,0
204,1790937384572,4,4,4,4,4,4,4,4,4,4,76.01885223388672,74.2343978881836,73.80557250976563,74.32196044921875,66.62803649902344,75.4726791381836,77.71875,14.285715103149414,55,23.809524536132813,10,4.761904716491699,5,9.523809432983398,0,0,0,13.459802627563477,25769803776,0,17860313088,0
203,1790937384777,4,4,4,4,4,4,4,4,4,4,76.01885223388672,74.2343978881836,73.80557250976563,74.32196044921875,66.62803649902344,75.4726791381836,77.71875,5,0,0,0,0,0,5,0,0,0,13.459802627563477,25769803776,0,17860362240,0
204,1790937384980,4,4,4,4,4,4,4,4,4,4,76.01885223388672,74.2343978881836,73.80557250976563,74.32196044921875,66.62803649902344,75.4726791381836,77.71875,4.761904716491699,0,0,0,0,0,9.090909004211426,0,0,0,13.459802627563477,25769803776,0,17860411392,0
204,1790937385185,4,4,4,4,4,4,4,4,4,4,75.95652770996094,74.28076934814453,73.62212371826172,74.29678344726563,66.30909729003906,75.39956665039063,79.140625,45,19.047618865966797,9.090909004211426,0,0,0,5,4.761904716491699,0,0,13.459802627563477,25769803776,0,17862524928,0
204,1790937385390,4,4,4,4,4,4,4,4,4,4,75.95652770996094,74.28076934814453,73.62212371826172,74.29678344726563,66.30909729003906,75.39956665039063,79.140625,14.285715103149414,5,0,0,0,0,5,0,4.761904716491699,0,13.459802627563477,25769803776,0,17863426048,0
204,1790937385595,4,4,4,4,4,4,4,4,4,4,75.95652770996094,74.28076934814453,73.62212371826172,74.29678344726563,66.30909729003906,75.39956665039063,79.140625,25,9.523809432983398,9.523809432983398,9.090909004211426,0,0,5,4.761904716491699,0,0,13.386990547180176,25769803776,0,17870405632,0
200,1790937385800,4,4,4,4,4,4,4,4,4,4,75.95652770996094,74.28076934814453,73.62212371826172,74.29678344726563,66.30909729003906,75.39956665039063,79.140625,0,0,0,0,0,0,4.761904716491699,0,0,0,13.386990547180176,25769803776,0,17870405632,0
204,1790937386001,4,4,4,4,4,4,4,4,4,4,75.95652770996094,74.28076934814453,73.62212371826172,74.29678344726563,66.30909729003906,75.39956665039063,79.140625,0,0,0,0,0,0,0,5,0,0,13.386990547180176,25769803776,0,17870389248,0
202,1790937386206,4,4,4,4,4,4,4,4,4,4,75.97572326660156,74.31624603271484,73.74839782714844,74.30595397949219,66.5029296875,75.4197998046875,77.84375,9.090909004211426,0,0,0,0,0,9.523809432983398,4.761904716491699,4.761904716491699,0,13.386990547180176,25769803776,0,17870389248,0
204,1790937386408,4,4,4,4,4,4,4,4,4,4,75.97572326660156,74.31624603271484,73.74839782714844,74.30595397949219,66.5029296875,75.4197998046875,77.84375,0,4.761904716491699,0,0,0,0,5,0,0,0,13.386990547180176,25769803776,0,17870389248,0
204,1790937386613,4,4,4,4,4,4,4,4,4,4,75.97572326660156,74.31624603271484,73.74839782714844,74.30595397949219,66.5029296875,75.4197998046875,77.84375,4.761904716491699,35,0,0,0,0,5,0,0,0,13.161874771118164,25769803776,0,17870454784,0
204,1790937386818,4,4,4,4,4,4,4,4,4,4,75.97572326660156,74.31624603271484,73.74839782714844,74.30595397949219,66.5029296875,75.4197998046875,77.84375,5,38.095237731933594,0,0,0,0,9.090909004211426,0,0,0,13.161874771118164,25769803776,0,17872470016,0
204,1790937387023,4,4,4,4,4,4,4,4,4,4,75.97572326660156,74.19898986816406,73.5317611694336,74.30595397949219,66.19503021240234,75.4197998046875,77.84375,0,0,0,0,0,0,0,0,0,0,13.161874771118164,25769803776,0,17869914112,0
204,1790937387228,4,4,4,4,4,4,4,4,4,4,75.92625427246094,74.19898986816406,73.5317611694336,74.26793670654297,66.19503021240234,75.35851287841797,77.71875,4.761904716491699,0,0,0,0,0,0,5,0,0,13.161874771118164,25769803776,0,17869930496,0
204,1790937387433,4,4,4,4,4,4,4,4,4,4,75.92625427246094,74.19898986816406,73.5317611694336,74.26793670654297,66.19503021240234,75.35851287841797,77.71875,0,0,0,0,0,0,0,9.090909004211426,0,0,13.161874771118164,25769803776,0,17869668352,0
204,1790937387638,4,4,4,4,4,4,4,4,4,4,75.92625427246094,74.19898986816406,73.5317611694336,74.26793670654297,66.19503021240234,75.35851287841797,77.71875,0,9.523809432983398,0,0,0,0,9.523809432983398,0,0,0,13.091129302978516,25769803776,0,17869897728,0
204,1790937387843,4,4,4,4,4,4,4,4,4,4,75.92625427246094,74.19898986816406,73.5317611694336,74.26793670654297,66.19503021240234,75.35851287841797,77.71875,4.761904716491699,0,0,0,0,0,4.761904716491699,0,0,0,13.091129302978516,25769803776,0,17869832192,0
204,1790937388048,4,4,4,4,4,4,4,4,4,4,76.01852416992188,74.10931396484375,73.7056655883789,74.30059051513672,66.52644348144531,75.49198150634766,77.71875,0,0,0,0,0,0,5,0,0,0,13.091129302978516,25769803776,0,17869783040,0
204,1790937388253,4,4,4,4,4,4,4,4,4,4,76.01852416992188,74.10931396484375,73.7056655883789,74.30059051513672,66.52644348144531,75.49198150634766,77.71875,0,0,13.636363983154297,0,0,0,9.523809432983398,0,4.761904716491699,0,13.091129302978516,25769803776,0,17869750272,0
204,1790937388458,4,4,4,4,4,4,4,4,4,4,76.01852416992188,74.10931396484375,73.7056655883789,74.30059051513672,66.52644348144531,75.49198150634766,77.71875,9.523809432983398,0,10,0,0,0,5,0,0,0,13.091129302978516,25769803776,0,17869733888,0
204,1790937388663,4,4,4,4,4,4,4,4,4,4,76.01852416992188,74.10931396484375,73.7056655883789,74.30059051513672,66.52644348144531,75.49198150634766,77.71875,0,4.761904716491699,0,0,0,0,9.523809432983398,4.545454502105713,0,0,13.073005676269531,25769803776,0,17869733888,0
200,1790937388868,4,4,4,4,4,4,4,4,4,4,76.01852416992188,74.10931396484375,73.7056655883789,74.30059051513672,66.52644348144531,75.49198150634766,77.71875,5,5,0,0,4.761904716491699,0,4.761904716491699,0,0,0,13.073005676269531,25769803776,0,17869733888,0
204,1790937389069,4,4,4,4,4,4,4,4,4,4,75.93170928955078,74.322998046875,73.56263732910156,74.27257537841797,66.2350082397461,75.38451385498047,77.71875,35,23.809524536132813,0,0,4.761904716491699,0,0,5,0,0,13.073005676269531,25769803776,0,17869733888,0
204,1790937389274,4,4,4,4,4,4,4,4,4,4,75.93170928955078,74.322998046875,73.56263732910156,74.27257537841797,66.2350082397461,75.38451385498047,77.71875,9.090909004211426,10,4.761904716491699,0,0,0,9.523809432983398,0,0,0,13.073005676269531,25769803776,0,17872158720,0
204,1790937389479,4,4,4,4,4,4,4,4,4,4,75.93170928955078,74.322998046875,73.56263732910156,74.27257537841797,66.2350082397461,75.38451385498047,77.71875,0,0,0,0,0,0,5,0,4.761904716491699,0,13.073005676269531,25769803776,0,17872175104,0
204,1790937389684,4,4,4,4,4,4,4,4,4,4,75.93170928955078,74.322998046875,73.56263732910156,74.27257537841797,66.2350082397461,75.38451385498047,77.71875,0,0,0,0,0,0,5,0,0,0,13.166879653930664,25769803776,0,17871831040,0
204,1790937389889,4,4,4,4,4,4,4,4,4,4,75.93170928955078,74.322998046875,73.56263732910156,74.27257537841797,66.2350082397461,75.38451385498047,77.71875,5,0,0,8.69565200805664,0,0,9.523809432983398,0,0,0,13.166879653930664,25769803776,0,17871962112,0
203,1790937390094,4,4,4,4,4,4,4,4,4,4,75.98692321777344,74.2326431274414,73.55193328857422,74.28935241699219,66.20475006103516,75.49531555175781,77.71875,0,4.761904716491699,0,0,0,0,4.761904716491699,4.761904716491699,4.761904716491699,0,13.166879653930664,25769803776,0,17871962112,0
204,1790937390297,4,4,4,4,4,4,4,4,4,4,75.98692321777344,74.2326431274414,73.55193328857422,74.28935241699219,66.20475006103516,75.49531555175781,77.71875,14.285715103149414,5,4.761904716491699,0,0,0,9.523809432983398,0,0,0,13.166879653930664,25769803776,0,17880432640,0
204,1790937390502,4,4,4,4,4,4,4,4,4,4,75.98692321777344,74.2326431274414,73.55193328857422,74.28935241699219,66.20475006103516,75.49531555175781,77.71875,4.761904716491699,0,0,0,0,0,0,0,0,0,13.166879653930664,25769803776,0,17880432640,0
204,1790937390707,4,4,4,4,4,4,4,4,4,4,75.98692321777344,74.2326431274414,73.55193328857422,74.28935241699219,66.20475006103516,75.49531555175781,77.71875,5,0,0,0,0,0,4.761904716491699,0,0,0,13.166872024536133,25769803776,0,17880432640,0
204,1790937390912,4,4,4,4,4,4,4,4,4,4,75.98692321777344,74.2326431274414,73.55193328857422,74.28935241699219,66.20475006103516,75.49531555175781,77.71875,0,4.545454502105713,0,0,0,0,0,5,0,0,13.166872024536133,25769803776,0,17880432640,0
204,1790937391117,4,4,4,4,4,4,4,4,4,4,75.94664764404297,74.17805480957031,73.61015319824219,74.22982788085938,66.33989715576172,75.40989685058594,77.71875,4.761904716491699,0,0,0,0,0,4.761904716491699,4.761904716491699,0,0,13.166872024536133,25769803776,0,17880432640,0
204,1790937391322,4,4,4,4,4,4,4,4,4,4,75.94664764404297,74.17805480957031,73.61015319824219,74.22982788085938,66.33989715576172,75.40989685058594,77.71875,0,0,0,0,0,0,5,0,0,0,13.166872024536133,25769803776,0,17879859200,0
203,1790937391527,4,4,4,4,4,4,4,4,4,4,75.94664764404297,74.17805480957031,73.61015319824219,74.22982788085938,66.33989715576172,75.40989685058594,77.71875,0,0,0,0,0,0,9.523809432983398,0,0,0,13.166872024536133,25769803776,0,17879859200,0
204,1790937391731,4,4,4,4,4,4,4,4,4,4,75.94664764404297,74.17805480957031,73.61015319824219,74.22982788085938,66.33989715576172,75.40989685058594,77.71875,4.761904716491699,0,0,0,0,0,5,0,4.761904716491699,0,13.1709566116333,25769803776,0,17880104960,0
204,1790937391936,4,4,4,4,4,4,4,4,4,4,75.94664764404297,74.17805480957031,73.61015319824219,74.22982788085938,66.33989715576172,75.40989685058594,77.71875,0,9.090909004211426,0,0,0,0,4.761904716491699,0,4.761904716491699,0,13.1709566116333,25769803776,0,17880104960,0
204,1790937392141,4,4,4,4,4,4,4,4,4,4,75.96552276611328,74.17086029052734,73.46162414550781,74.25090789794922,66.12369537353516,75.43230438232422,77.71875,0,0,0,0,0,0,9.523809432983398,4.761904716491699,0,0,13.1709566116333,25769803776,0,17880104960,0
204,1790937392346,4,4,4,4,4,4,4,4,4,4,75.96552276611328,74.17086029052734,73.46162414550781,74.25090789794922,66.12369537353516,75.43230438232422,77.71875,9.523809432983398,0,4.761904716491699,0,0,0,5,0,0,0,13.1709566116333,25769803776,0,17880219648,0
201,1790937392551,4,4,4,4,4,4,4,4,4,4,75.96552276611328,74.17086029052734,73.46162414550781,74.25090789794922,66.12369537353516,75.43230438232422,77.71875,0,0,0,0,0,0,5,0,0,0,13.101237297058105,25769803776,0,17880170496,0
204,1790937392753,4,4,4,4,4,4,4,4,4,4,75.96552276611328,74.17086029052734,73.46162414550781,74.25090789794922,66.12369537353516,75.43230438232422,77.71875,5,5,0,0,0,4.761904716491699,5,0,0,0,13.101237297058105,25769803776,0,17880236032,0
204,1790937392958,4,4,4,4,4,4,4,4,4,4,75.96552276611328,74.17086029052734,73.46162414550781,74.25090789794922,66.12369537353516,75.43230438232422,77.71875,0,0,0,0,0,0,9.523809432983398,0,0,0,13.101237297058105,25769803776,0,17880236032,0
204,1790937393163,4,4,4,4,4,4,4,4,4,4,75.88412475585938,74.22193145751953,73.51776123046875,74.21207427978516,66.1866683959961,75.33153533935547,77.71875,9.090909004211426,0,0,0,0,0,4.761904716491699,4.761904716491699,4.545454502105713,0,13.101237297058105,25769803776,0,17880268800,0
204,1790937393368,4,4,4,4,4,4,4,4,4,4,75.88412475585938,74.22193145751953,73.51776123046875,74.21207427978516,66.1866683959961,75.33153533935547,77.71875,0,4.761904716491699,0,0,0,0,5,0,0,0,13.101237297058105,25769803776,0,17880285184,0
200,1790937393573,4,4,4,4,4,4,4,4,4,4,75.88412475585938,74.22193145751953,73.51776123046875,74.21207427978516,66.1866683959961,75.33153533935547,77.71875,0,0,0,0,0,0,5,4.761904716491699,0,0,13.137605667114258,25769803776,0,17880186880,0
204,1790937393774,4,4,4,4,4,4,4,4,4,4,75.88412475585938,74.22193145751953,73.51776123046875,74.21207427978516,66.1866683959961,75.33153533935547,77.71875,0,0,5,0,0,0,5,0,0,0,13.137605667114258,25769803776,0,17880186880,0
201,1790937393979,4,4,4,4,4,4,4,4,4,4,75.88412475585938,74.22193145751953,73.51776123046875,74.21207427978516,66.1866683959961,75.33153533935547,77.71875,5,0,4.545454502105713,0,4.761904716491699,0,9.523809432983398,0,0,0,13.137605667114258,25769803776,0,17880186880,0
204,1790937394181,4,4,4,4,4,4,4,4,4,4,75.89501190185547,74.2341537475586,73.48284912109375,74.1893539428711,66.13858795166016,75.36540222167969,77.71875,9.523809432983398,0,0,0,0,0,0,0,0,0,13.137605667114258,25769803776,0,17880186880,0
202,1790937394386,4,4,4,4,4,4,4,4,4,4,75.89501190185547,74.2341537475586,73.48284912109375,74.1893539428711,66.13858795166016,75.36540222167969,77.71875,0,0,0,0,0,0,0,9.090909004211426,0,0,13.137605667114258,25769803776,0,17879744512,0
204,1790937394589,4,4,4,4,4,4,4,4,4,4,75.89501190185547,74.2341537475586,73.48284912109375,74.1893539428711,66.13858795166016,75.36540222167969,77.71875,0,4.761904716491699,0,4.545454502105713,0,0,5,0,0,0,12.963045120239258,25769803776,0,17879744512,0
204,1790937394794,4,4,4,4,4,4,4,4,4,4,75.89501190185547,74.2341537475586,73.48284912109375,74.1893539428711,66.13858795166016,75.36540222167969,77.71875,4.761904716491699,0,0,0,0,0,9.090909004211426,0,0,0,12.963045120239258,25769803776,0,17879744512,0
204,1790937394999,4,4,4,4,4,4,4,4,4,4,75.89501190185547,74.2341537475586,73.48284912109375,74.1893539428711,66.13858795166016,75.36540222167969,77.71875,0,0,0,0,0,0,5,0,4.545454502105713,0,12.963045120239258,25769803776,0,17879744512,0
200,1790937395203,4,4,4,4,4,4,4,4,4,4,75.88675689697266,74.05126190185547,73.57024383544922,74.19532775878906,66.31539154052734,75.32584381103516,77.953125,5,4.761904716491699,0,0,0,0,5,0,0,0,12.963045120239258,25769803776,0,17879744512,0
204,1790937395404,4,4,4,4,4,4,4,4,4,4,75.88675689697266,74.05126190185547,73.57024383544922,74.19532775878906,66.31539154052734,75.32584381103516,77.953125,0,0,0,0,0,0,9.523809432983398,4.761904716491699,0,0,12.963045120239258,25769803776,0,17879515136,0
204,1790937395609,4,4,4,4,4,4,4,4,4,4,75.88675689697266,74.05126190185547,73.57024383544922,74.19532775878906,66.31539154052734,75.32584381103516,77.953125,0,0,0,0,0,0,0,0,0,0,13.100220680236816,25769803776,0,17879384064,0
204,1790937395814,4,4,4,4,4,4,4,4,4,4,75.88675689697266,74.05126190185547,73.57024383544922,74.19532775878906,66.31539154052734,75.32584381103516,77.953125,4.761904716491699,0,0,0,0,0,5,0,0,0,13.100220680236816,25769803776,0,17879384064,0
204,1790937396018,4,4,4,4,4,4,4,4,4,4,75.88675689697266,74.05126190185547,73.57024383544922,74.19532775878906,66.31539154052734,75.32584381103516,77.953125,4.761904716491699,4.761904716491699,0,0,0,0,9.090909004211426,0,0,0,13.100220680236816,25769803776,0,17879384064,0
204,1790937396223,4,4,4,4,4,4,4,4,4,4,75.87782287597656,74.23468780517578,73.49888610839844,74.22196197509766,66.15560913085938,75.32422637939453,81.15625,4.761904716491699,0,0,0,0,0,5,4.761904716491699,0,0,13.100220680236816,25769803776,0,17879384064,0
204,1790937396428,4,4,4,4,4,4,4,4,4,4,75.87782287597656,74.23468780517578,73.49888610839844,74.22196197509766,66.15560913085938,75.32422637939453,81.15625,0,0,4.761904716491699,0,0,0,9.523809432983398,0,0,0,13.100220680236816,25769803776,0,17879285760,0
204,1790937396633,4,4,4,4,4,4,4,4,4,4,75.87782287597656,74.23468780517578,73.49888610839844,74.22196197509766,66.15560913085938,75.32422637939453,81.15625,4.761904716491699,0,4.761904716491699,4.545454502105713,0,0,5,0,4.761904716491699,0,13.131589889526367,25769803776,0,17879318528,0
204,1790937396838,4,4,4,4,4,4,4,4,4,4,75.87782287597656,74.23468780517578,73.49888610839844,74.22196197509766,66.15560913085938,75.32422637939453,81.15625,0,0,0,0,0,0,9.523809432983398,0,0,0,13.131589889526367,25769803776,0,17879318528,0
204,1790937397043,4,4,4,4,4,4,4,4,4,4,75.84175109863281,74.24113464355469,73.46866607666016,74.15668487548828,66.0893783569336,75.31498718261719,77.71875,4.761904716491699,0,0,0,0,0,5,4.761904716491699,0,0,13.131589889526367,25769803776,0,17879318528,0
204,1790937397248,4,4,4,4,4,4,4,4,4,4,75.84175109863281,74.24113464355469,73.46866607666016,74.15668487548828,66.0893783569336,75.31498718261719,77.71875,4.761904716491699,0,0,0,0,0,9.523809432983398,0,0,0,13.131589889526367,25769803776,0,17878351872,0
200,1790937397453,4,4,4,4,4,4,4,4,4,4,75.84175109863281,74.24113464355469,73.46866607666016,74.15668487548828,66.0893783569336,75.31498718261719,77.71875,5.263157844543457,9.090909004211426,0,0,0,0,5,0,0,0,13.131589889526367,25769803776,0,17878908928,0
204,1790937397654,4,4,4,4,4,4,4,4,4,4,75.84175109863281,74.24113464355469,73.46866607666016,74.15668487548828,66.0893783569336,75.31498718261719,77.71875,0,0,0,0,0,4.761904716491699,0,0,0,0,13.032604217529297,25769803776,0,17880334336,0
204,1790937397859,4,4,4,4,4,4,4,4,4,4,75.84175109863281,74.24113464355469,73.46866607666016,74.15668487548828,66.0893783569336,75.31498718261719,77.71875,9.523809432983398,0,4.761904716491699,0,4.761904716491699,0,0,0,0,0,13.032604217529297,25769803776,0,17878499328,0
204,1790937398064,4,4,4,4,4,4,4,4,4,4,75.86273956298828,74.05306243896484,73.56906127929688,74.18212127685547,66.29933166503906,75.3473892211914,77.71875,5,4.761904716491699,0,0,0,0,4.761904716491699,9.523809432983398,0,0,13.032604217529297,25769803776,0,17878499328,0
204,1790937398269,4,4,4,4,4,4,4,4,4,4,75.86273956298828,74.05306243896484,73.56906127929688,74.18212127685547,66.29933166503906,75.3473892211914,77.71875,0,0,4.761904716491699,0,0,0,5,0,0,0,13.032604217529297,25769803776,0,17878499328,0
204,1790937398474,4,4,4,4,4,4,4,4,4,4,75.86273956298828,74.05306243896484,73.56906127929688,74.18212127685547,66.29933166503906,75.3473892211914,77.71875,4.761904716491699,4.761904716491699,0,0,0,0,4.761904716491699,5,0,4.761904716491699,13.032604217529297,25769803776,0,17878974464,0
204,1790937398679,4,4,4,4,4,4,4,4,4,4,75.86273956298828,74.05306243896484,73.56906127929688,74.18212127685547,66.29933166503906,75.3473892211914,77.71875,4.761904716491699,0,0,0,0,0,0,0,4.761904716491699,0,13.072961807250977,25769803776,0,17878925312,0
204,1790937398884,4,4,4,4,4,4,4,4,4,4,75.86273956298828,74.05306243896484,73.56906127929688,74.18212127685547,66.29933166503906,75.3473892211914,77.71875,5,4.761904716491699,0,0,0,0,9.523809432983398,4.761904716491699,4.545454502105713,0,13.072961807250977,25769803776,0,17878925312,0
204,1790937399089,4,4,4,4,4,4,4,4,4,4,75.8978042602539,74.19258117675781,73.63069915771484,74.2238540649414,66.38124084472656,75.36441802978516,78.203125,10,5,9.523809432983398,9.090909004211426,0,0,15.000000953674316,5.263157844543457,0,0,13.072961807250977,25769803776,0,17878925312,0
204,1790937399294,4,4,4,4,4,4,4,4,4,4,75.8978042602539,74.19258117675781,73.63069915771484,74.2238540649414,66.38124084472656,75.36441802978516,78.203125,10,9.523809432983398,4.761904716491699,0,0,0,4.761904716491699,0,0,0,13.072961807250977,25769803776,0,17878925312,0
204,1790937399499,4,4,4,4,4,4,4,4,4,4,75.8978042602539,74.19258117675781,73.63069915771484,74.2238540649414,66.38124084472656,75.36441802978516,78.203125,9.523809432983398,0,0,0,0,0,5,0,0,0,13.072961807250977,25769803776,0,17896652800,0
204,1790937399704,4,4,4,4,4,4,4,4,4,4,75.8978042602539,74.19258117675781,73.63069915771484,74.2238540649414,66.38124084472656,75.36441802978516,78.203125,9.523809432983398,0,0,0,4.545454502105713,0,9.523809432983398,4.761904716491699,0,0,13.0286283493042,25769803776,0,17896603648,0
204,1790937399909,4,4,4,4,4,4,4,4,4,4,75.8978042602539,74.19258117675781,73.63069915771484,74.2238540649414,66.38124084472656,75.36441802978516,78.203125,0,9.090909004211426,0,0,4.761904716491699,0,0,4.761904716491699,0,0,13.0286283493042,25769803776,0,17896636416,0
204,1790937400114,4,4,4,4,4,4,4,4,4,4,75.83038330078125,74.032958984375,73.54182434082031,74.11827087402344,66.25926971435547,75.31830596923828,77.71875,9.523809432983398,0,0,0,0,0,4.761904716491699,5,0,0,13.0286283493042,25769803776,0,17896636416,0
204,1790937400319,4,4,4,4,4,4,4,4,4,4,75.83038330078125,74.032958984375,73.54182434082031,74.11827087402344,66.25926971435547,75.31830596923828,77.71875,0,0,0,0,0,0,0,9.523809432983398,0,0,13.0286283493042,25769803776,0,17896636416,0
204,1790937400524,4,4,4,4,4,4,4,4,4,4,75.83038330078125,74.032958984375,73.54182434082031,74.11827087402344,66.25926971435547,75.31830596923828,77.71875,9.523809432983398,9.090909004211426,0,0,0,0,0,5,0,0,13.0286283493042,25769803776,0,17897078784,0
204,1790937400729,4,4,4,4,4,4,4,4,4,4,75.83038330078125,74.032958984375,73.54182434082031,74.11827087402344,66.25926971435547,75.31830596923828,77.71875,0,0,9.090909004211426,0,0,0,0,9.090909004211426,4.545454502105713,0,12.847881317138672,25769803776,0,17897062400,0
204,1790937400934,4,4,4,4,4,4,4,4,4,4,75.83038330078125,74.032958984375,73.54182434082031,74.11827087402344,66.25926971435547,75.31830596923828,77.71875,4.761904716491699,0,0,0,0,0,0,0,0,0,12.847881317138672,25769803776,0,17896947712,0
204,1790937401139,4,4,4,4,4,4,4,4,4,4,75.95015716552734,73.77101135253906,73.92491912841797,74.30622100830078,66.99988555908203,75.36979675292969,78.90625,0,0,0,0,0,0,0,5,0,0,12.847881317138672,25769803776,0,17896931328,0
204,1790937401344,4,4,4,4,4,4,4,4,4,4,75.95015716552734,73.77101135253906,73.92491912841797,74.30622100830078,66.99988555908203,75.36979675292969,78.90625,4.761904716491699,4.761904716491699,0,0,0,0,0,9.090909004211426,4.761904716491699,4.545454502105713,12.847881317138672,25769803776,0,17896931328,0
204,1790937401549,4,4,4,4,4,4,4,4,4,4,75.95015716552734,73.77101135253906,73.92491912841797,74.30622100830078,66.99988555908203,75.36979675292969,78.90625,4.761904716491699,0,0,0,0,0,0,0,0,0,13.460550308227539,25769803776,0,17882136576,0
204,1790937401754,4,4,4,4,4,4,4,4,4,4,75.95015716552734,73.77101135253906,73.92491912841797,74.30622100830078,66.99988555908203,75.36979675292969,78.90625,5,0,0,0,0,0,0,5,0,0,13.460550308227539,25769803776,0,17882169344,0
200,1790937401959,4,4,4,4,4,4,4,4,4,4,75.95015716552734,73.77101135253906,73.92491912841797,74.30622100830078,66.99988555908203,75.36979675292969,78.90625,0,4.761904716491699,0,0,0,0,4.761904716491699,9.523809432983398,0,0,13.460550308227539,25769803776,0,17882218496,0
204,1790937402160,4,4,4,4,4,4,4,4,4,4,75.98255920410156,73.70955657958984,73.86823272705078,74.27465057373047,66.93187713623047,75.45852661132813,78.90625,9.523809432983398,0,5,0,0,0,4.761904716491699,5,4.761904716491699,0,13.460550308227539,25769803776,0,17882185728,0
204,1790937402365,4,4,4,4,4,4,4,4,4,4,75.98255920410156,73.70955657958984,73.86823272705078,74.27465057373047,66.93187713623047,75.45852661132813,78.90625,5,5,0,0,0,0,0,9.523809432983398,0,0,13.460550308227539,25769803776,0,17882251264,0
204,1790937402570,4,4,4,4,4,4,4,4,4,4,75.98255920410156,73.70955657958984,73.86823272705078,74.27465057373047,66.93187713623047,75.45852661132813,78.90625,4.761904716491699,0,0,4.761904716491699,0,0,0,0,0,0,13.0528564453125,25769803776,0,17882071040,0
204,1790937402774,4,4,4,4,4,4,4,4,4,4,75.98255920410156,73.70955657958984,73.86823272705078,74.27465057373047,66.93187713623047,75.45852661132813,78.90625,0,4.761904716491699,0,0,0,0,0,5,0,0,13.0528564453125,25769803776,0,17882054656,0
204,1790937402979,4,4,4,4,4,4,4,4,4,4,75.98255920410156,73.70955657958984,73.86823272705078,74.27465057373047,66.93187713623047,75.45852661132813,78.90625,4.761904716491699,0,0,0,0,0,0,9.090909004211426,0,0,13.0528564453125,25769803776,0,17882054656,0
202,1790937403184,4,4,4,4,4,4,4,4,4,4,75.8841781616211,73.7026138305664,73.83011627197266,74.21272277832031,66.82528686523438,75.34711456298828,77.71875,0,4.761904716491699,0,0,0,0,4.761904716491699,0,0,0,13.0528564453125,25769803776,0,17882054656,0
204,1790937403387,4,4,4,4,4,4,4,4,4,4,75.8841781616211,73.7026138305664,73.83011627197266,74.21272277832031,66.82528686523438,75.34711456298828,77.71875,4.761904716491699,0,0,0,0,0,0,5,4.761904716491699,0,13.0528564453125,25769803776,0,17882054656,0
204,1790937403592,4,4,4,4,4,4,4,4,4,4,75.8841781616211,73.7026138305664,73.83011627197266,74.21272277832031,66.82528686523438,75.34711456298828,77.71875,5,0,4.761904716491699,0,0,0,4.761904716491699,9.523809432983398,0,0,13.084081649780273,25769803776,0,17882005504,0
204,1790937403797,4,4,4,4,4,4,4,4,4,4,75.8841781616211,73.7026138305664,73.83011627197266,74.21272277832031,66.82528686523438,75.34711456298828,77.71875,0,0,0,0,0,0,0,4.761904716491699,0,0,13.084081649780273,25769803776,0,17881989120,0
204,1790937404002,4,4,4,4,4,4,4,4,4,4,75.8841781616211,73.7026138305664,73.83011627197266,74.21272277832031,66.82528686523438,75.34711456298828,77.71875,4.761904716491699,0,4.761904716491699,4.761904716491699,0,0,0,9.523809432983398,0,0,13.084081649780273,25769803776,0,17881989120,0
204,1790937404207,4,4,4,4,4,4,4,4,4,4,75.83258819580078,73.85183715820313,73.82449340820313,74.13526153564453,66.80055236816406,75.28246307373047,77.484375,0,0,0,0,4.545454502105713,0,4.761904716491699,0,0,0,13.084081649780273,25769803776,0,17881989120,0
204,1790937404412,4,4,4,4,4,4,4,4,4,4,75.83258819580078,73.85183715820313,73.82449340820313,74.13526153564453,66.80055236816406,75.28246307373047,77.484375,0,4.761904716491699,0,0,0,0,0,9.523809432983398,0,0,13.084081649780273,25769803776,0,17881989120,0
204,1790937404617,4,4,4,4,4,4,4,4,4,4,75.83258819580078,73.85183715820313,73.82449340820313,74.13526153564453,66.80055236816406,75.28246307373047,77.484375,4.761904716491699,0,0,0,0,0,0,4.761904716491699,0,0,13.00236988067627,25769803776,0,17881726976,0
204,1790937404822,4,4,4,4,4,4,4,4,4,4,75.83258819580078,73.85183715820313,73.82449340820313,74.13526153564453,66.80055236816406,75.28246307373047,77.484375,0,0,0,0,0,0,0,5,4.761904716491699,0,13.00236988067627,25769803776,0,17882038272,0
204,1790937405027,4,4,4,4,4,4,4,4,4,4,75.84471130371094,73.71717834472656,73.83907318115234,74.13157653808594,66.89738464355469,75.31163024902344,77.71875,4.761904716491699,4.761904716491699,0,0,0,0,0,9.523809432983398,4.545454502105713,0,13.00236988067627,25769803776,0,17881923584,0
204,1790937405232,4,4,4,4,4,4,4,4,4,4,75.84471130371094,73.71717834472656,73.83907318115234,74.13157653808594,66.89738464355469,75.31163024902344,77.71875,5,0,0,0,0,0,0,0,0,0,13.00236988067627,25769803776,0,17881923584,0
200,1790937405437,4,4,4,4,4,4,4,4,4,4,75.84471130371094,73.71717834472656,73.83907318115234,74.13157653808594,66.89738464355469,75.31163024902344,77.71875,4.761904716491699,0,0,0,0,0,0,9.090909004211426,0,0,13.00236988067627,25769803776,0,17881923584,0
204,1790937405638,4,4,4,4,4,4,4,4,4,4,75.84471130371094,73.71717834472656,73.83907318115234,74.13157653808594,66.89738464355469,75.31163024902344,77.71875,0,0,0,0,0,0,0,0,0,0,13.076098442077637,25769803776,0,17881923584,0
204,1790937405843,4,4,4,4,4,4,4,4,4,4,75.84471130371094,73.71717834472656,73.83907318115234,74.13157653808594,66.89738464355469,75.31163024902344,77.71875,0,4.545454502105713,0,0,0,0,4.761904716491699,5,0,0,13.076098442077637,25769803776,0,17881546752,0
204,1790937406048,4,4,4,4,4,4,4,4,4,4,75.84701538085938,73.71987915039063,73.84117889404297,74.15834045410156,66.8523178100586,75.31668090820313,77.71875,4.761904716491699,0,0,0,4.545454502105713,0,4.545454502105713,9.523809432983398,0,0,13.076098442077637,25769803776,0,17881546752,0
204,1790937406253,4,4,4,4,4,4,4,4,4,4,75.84701538085938,73.71987915039063,73.84117889404297,74.15834045410156,66.8523178100586,75.31668090820313,77.71875,0,0,4.545454502105713,0,0,0,0,4.761904716491699,4.761904716491699,0,13.076098442077637,25769803776,0,17881448448,0
204,1790937406458,4,4,4,4,4,4,4,4,4,4,75.84701538085938,73.71987915039063,73.84117889404297,74.15834045410156,66.8523178100586,75.31668090820313,77.71875,9.090909004211426,4.761904716491699,0,0,0,0,0,9.523809432983398,0,0,13.076098442077637,25769803776,0,17881448448,0
204,1790937406663,4,4,4,4,4,4,4,4,4,4,75.84701538085938,73.71987915039063,73.84117889404297,74.15834045410156,66.8523178100586,75.31668090820313,77.71875,0,0,0,0,0,0,0,5,0,0,13.095203399658203,25769803776,0,17881448448,0
204,1790937406868,4,4,4,4,4,4,4,4,4,4,75.84701538085938,73.71987915039063,73.84117889404297,74.15834045410156,66.8523178100586,75.31668090820313,77.71875,0,0,4.761904716491699,4.545454502105713,0,0,0,9.523809432983398,0,0,13.095203399658203,25769803776,0,17881350144,0
204,1790937407073,4,4,4,4,4,4,4,4,4,4,75.86234283447266,73.72808074951172,73.91304779052734,74.15177154541016,67.0013198852539,75.31988525390625,77.71875,4.761904716491699,0,0,0,0,0,0,0,0,0,13.095203399658203,25769803776,0,17881350144,0
204,1790937407278,4,4,4,4,4,4,4,4,4,4,75.86234283447266,73.72808074951172,73.91304779052734,74.15177154541016,67.0013198852539,75.31988525390625,77.71875,0,0,0,0,0,0,0,9.090909004211426,0,0,13.095203399658203,25769803776,0,17881350144,0
204,1790937407483,4,4,4,4,4,4,4,4,4,4,75.86234283447266,73.72808074951172,73.91304779052734,74.15177154541016,67.0013198852539,75.31988525390625,77.71875,5,0,0,0,0,0,0,5,4.761904716491699,0,13.095203399658203,25769803776,0,17881350144,0
204,1790937407688,4,4,4,4,4,4,4,4,4,4,75.86234283447266,73.72808074951172,73.91304779052734,74.15177154541016,67.0013198852539,75.31988525390625,77.71875,4.761904716491699,4.761904716491699,0,0,0,0,4.761904716491699,5,0,0,13.09021282196045,25769803776,0,17881202688,0
204,1790937407893,4,4,4,4,4,4,4,4,4,4,75.86234283447266,73.72808074951172,73.91304779052734,74.15177154541016,67.0013198852539,75.31988525390625,77.71875,0,0,0,0,0,0,0,9.523809432983398,0,0,13.09021282196045,25769803776,0,17881153536,0
204,1790937408098,4,4,4,4,4,4,4,4,4,4,75.90180969238281,73.6742935180664,73.72798919677734,74.17715454101563,66.75554656982422,75.37954711914063,77.71875,4.761904716491699,0,0,0,0,0,0,0,0,0,13.09021282196045,25769803776,0,17881153536,0
204,1790937408303,4,4,4,4,4,4,4,4,4,4,75.90180969238281,73.6742935180664,73.72798919677734,74.17715454101563,66.75554656982422,75.37954711914063,77.71875,0,0,0,0,0,0,0,9.523809432983398,0,0,13.09021282196045,25769803776,0,17881153536,0
204,1790937408508,4,4,4,4,4,4,4,4,4,4,75.90180969238281,73.6742935180664,73.72798919677734,74.17715454101563,66.75554656982422,75.37954711914063,77.71875,4.761904716491699,0,0,0,0,0,0,5,4.761904716491699,0,13.09021282196045,25769803776,0,17881153536,0
204,1790937408713,4,4,4,4,4,4,4,4,4,4,75.90180969238281,73.6742935180664,73.72798919677734,74.17715454101563,66.75554656982422,75.37954711914063,77.71875,0,0,0,0,0,0,0,9.523809432983398,0,0,13.0226469039917,25769803776,0,17881088000,0
204,1790937408918,4,4,4,4,4,4,4,4,4,4,75.90180969238281,73.6742935180664,73.72798919677734,74.17715454101563,66.75554656982422,75.37954711914063,77.71875,0,0,0,0,0,0,4.761904716491699,4.761904716491699,0,0,13.0226469039917,25769803776,0,17881088000,0
204,1790937409123,4,4,4,4,4,4,4,4,4,4,75.89717102050781,73.74797058105469,73.8970947265625,74.1951904296875,66.97936248779297,75.37261962890625,77.71875,4.761904716491699,4.761904716491699,4.761904716491699,0,0,0,0,9.523809432983398,0,0,13.0226469039917,25769803776,0,17881088000,0
204,1790937409328,4,4,4,4,4,4,4,4,4,4,75.89717102050781,73.74797058105469,73.8970947265625,74.1951904296875,66.97936248779297,75.37261962890625,77.71875,0,4.545454502105713,0,0,0,0,0,0,0,0,13.0226469039917,25769803776,0,17881088000,0
202,1790937409533,4,4,4,4,4,4,4,4,4,4,75.89717102050781,73.74797058105469,73.8970947265625,74.1951904296875,66.97936248779297,75.37261962890625,77.71875,0,0,0,0,0,0,4.545454502105713,0,0,0,13.185026168823242,25769803776,0,17881088000,0
204,1790937409736,4,4,4,4,4,4,4,4,4,4,75.89717102050781,73.74797058105469,73.8970947265625,74.1951904296875,66.97936248779297,75.37261962890625,77.71875,5,0,0,0,0,0,0,9.523809432983398,4.761904716491699,0,13.185026168823242,25769803776,0,17880825856,0
201,1790937409941,4,4,4,4,4,4,4,4,4,4,75.89717102050781,73.74797058105469,73.8970947265625,74.1951904296875,66.97936248779297,75.37261962890625,77.71875,4.761904716491699,0,0,0,0,0,0,4.761904716491699,4.545454502105713,0,13.185026168823242,25769803776,0,17880678400,0
204,1790937410142,4,4,4,4,4,4,4,4,4,4,75.89427185058594,73.74308013916016,73.85762023925781,74.15495300292969,66.91997528076172,75.35780334472656,77.71875,4.761904716491699,0,0,0,0,0,0,5.263157844543457,0,0,13.185026168823242,25769803776,0,17879236608,0
204,1790937410347,4,4,4,4,4,4,4,4,4,4,75.89427185058594,73.74308013916016,73.85762023925781,74.15495300292969,66.91997528076172,75.35780334472656,77.71875,0,0,0,0,0,0,0,9.090909004211426,0,0,13.185026168823242,25769803776,0,17878663168,0
204,1790937410552,4,4,4,4,4,4,4,4,4,4,75.89427185058594,73.74308013916016,73.85762023925781,74.15495300292969,66.91997528076172,75.35780334472656,77.71875,0,0,0,0,0,0,0,5,0,0,13.061981201171875,25769803776,0,17878630400,0
200,1790937410757,4,4,4,4,4,4,4,4,4,4,75.89427185058594,73.74308013916016,73.85762023925781,74.15495300292969,66.91997528076172,75.35780334472656,77.71875,5,0,4.761904716491699,0,0,0,4.761904716491699,9.523809432983398,0,0,13.061981201171875,25769803776,0,17878630400,0
200,1790937410958,4,4,4,4,4,4,4,4,4,4,75.89427185058594,73.74308013916016,73.85762023925781,74.15495300292969,66.91997528076172,75.35780334472656,77.71875,0,4.761904716491699,0,0,0,0,0,5,0,0,13.061981201171875,25769803776,0,17878630400,0
204,1790937411158,4,4,4,4,4,4,4,4,4,4,75.86206817626953,73.72577667236328,73.78884887695313,74.16433715820313,66.78925323486328,75.30685424804688,77.71875,0,0,0,0,0,0,4.761904716491699,0,5,0,13.061981201171875,25769803776,0,17878581248,0
204,1790937411364,4,4,4,4,4,4,4,4,4,4,75.86206817626953,73.72577667236328,73.78884887695313,74.16433715820313,66.78925323486328,75.30685424804688,77.71875,4.761904716491699,0,0,0,0,0,0,9.523809432983398,0,0,13.061981201171875,25769803776,0,17878614016,0
204,1790937411569,4,4,4,4,4,4,4,4,4,4,75.86206817626953,73.72577667236328,73.78884887695313,74.16433715820313,66.78925323486328,75.30685424804688,77.71875,5,0,0,0,0,0,0,5,0,0,13.131552696228027,25769803776,0,17878663168,0
204,1790937411774,4,4,4,4,4,4,4,4,4,4,75.86206817626953,73.72577667236328,73.78884887695313,74.16433715820313,66.78925323486328,75.30685424804688,77.71875,4.761904716491699,4.761904716491699,0,4.761904716491699,0,0,0,5,0,0,13.131552696228027,25769803776,0,17878794240,0
204,1790937411979,4,4,4,4,4,4,4,4,4,4,75.86206817626953,73.72577667236328,73.78884887695313,74.16433715820313,66.78925323486328,75.30685424804688,77.71875,0,4.761904716491699,4.761904716491699,4.545454502105713,0,0,0,9.523809432983398,0,0,13.131552696228027,25769803776,0,17878827008,0
204,1790937412184,4,4,4,4,4,4,4,4,4,4,75.88760375976563,73.76274108886719,73.89279174804688,74.2030029296875,66.95806121826172,75.36093139648438,77.71875,9.090909004211426,0,0,0,0,0,0,4.761904716491699,0,0,13.131552696228027,25769803776,0,17878794240,0
204,1790937412389,4,4,4,4,4,4,4,4,4,4,75.88760375976563,73.76274108886719,73.89279174804688,74.2030029296875,66.95806121826172,75.36093139648438,77.71875,0,0,0,0,0,0,0,9.523809432983398,0,0,13.131552696228027,25769803776,0,17878843392,0
200,1790937412594,4,4,4,4,4,4,4,4,4,4,75.88760375976563,73.76274108886719,73.89279174804688,74.2030029296875,66.95806121826172,75.36093139648438,77.71875,0,0,0,0,0,0,0,5,4.761904716491699,0,13.182018280029297,25769803776,0,17878843392,0
204,1790937412794,4,4,4,4,4,4,4,4,4,4,75.88760375976563,73.76274108886719,73.89279174804688,74.2030029296875,66.95806121826172,75.36093139648438,77.71875,5,5,4.761904716491699,0,4.761904716491699,0,9.523809432983398,0,4.761904716491699,0,13.182018280029297,25769803776,0,17880367104,0
204,1790937412999,4,4,4,4,4,4,4,4,4,4,75.88760375976563,73.76274108886719,73.89279174804688,74.2030029296875,66.95806121826172,75.36093139648438,77.71875,0,0,0,0,0,0,0,0,0,0,13.182018280029297,25769803776,0,17878532096,0
204,1790937413204,4,4,4,4,4,4,4,4,4,4,75.93140411376953,73.80498504638672,73.75416564941406,74.20222473144531,66.7181396484375,75.41040802001953,77.71875,9.090909004211426,4.761904716491699,0,0,0,0,0,5,0,0,13.182018280029297,25769803776,0,17878532096,0
204,1790937413409,4,4,4,4,4,4,4,4,4,4,75.93140411376953,73.80498504638672,73.75416564941406,74.20222473144531,66.7181396484375,75.41040802001953,77.71875,0,0,0,0,0,0,4.545454502105713,9.090909004211426,0,0,13.182018280029297,25769803776,0,17878433792,0
204,1790937413614,4,4,4,4,4,4,4,4,4,4,75.93140411376953,73.80498504638672,73.75416564941406,74.20222473144531,66.7181396484375,75.41040802001953,77.71875,0,0,0,0,0,0,0,0,0,0,13.129544258117676,25769803776,0,17878433792,0
204,1790937413819,4,4,4,4,4,4,4,4,4,4,75.93140411376953,73.80498504638672,73.75416564941406,74.20222473144531,66.7181396484375,75.41040802001953,77.71875,4.761904716491699,0,0,0,0,0,0,9.523809432983398,0,0,13.129544258117676,25769803776,0,17878499328,0
204,1790937414024,4,4,4,4,4,4,4,4,4,4,75.92593383789063,73.72212219238281,73.7905502319336,74.22624206542969,66.77033996582031,75.39289855957031,77.71875,0,9.523809432983398,0,0,0,0,0,4.761904716491699,4.545454502105713,0,13.129544258117676,25769803776,0,17878482944,0
200,1790937414229,4,4,4,4,4,4,4,4,4,4,75.92593383789063,73.72212219238281,73.7905502319336,74.22624206542969,66.77033996582031,75.39289855957031,77.71875,4.761904716491699,0,0,0,4.761904716491699,0,4.761904716491699,5,0,0,13.129544258117676,25769803776,0,17878482944,0
200,1790937414430,4,4,4,4,4,4,4,4,4,4,75.92593383789063,73.72212219238281,73.7905502319336,74.22624206542969,66.77033996582031,75.39289855957031,77.71875,0,0,0,0,0,0,0,9.523809432983398,0,0,13.129544258117676,25769803776,0,17878482944,0
204,1790937414631,4,4,4,4,4,4,4,4,4,4,75.92593383789063,73.72212219238281,73.7905502319336,74.22624206542969,66.77033996582031,75.39289855957031,77.71875,0,0,0,0,0,0,0,0,0,0,13.184016227722168,25769803776,0,17878482944,0
204,1790937414836,4,4,4,4,4,4,4,4,4,4,75.92593383789063,73.72212219238281,73.7905502319336,74.22624206542969,66.77033996582031,75.39289855957031,77.71875,9.090909004211426,0,0,0,0,0,0,9.090909004211426,0,0,13.184016227722168,25769803776,0,17878368256,0
204,1790937415041,4,4,4,4,4,4,4,4,4,4,75.88467407226563,73.85618591308594,73.8277816772461,74.2190170288086,66.80247497558594,75.34454345703125,77.71875,0,0,0,0,0,0,4.761904716491699,0,0,0,13.184016227722168,25769803776,0,17878368256,0
204,1790937415246,4,4,4,4,4,4,4,4,4,4,75.88467407226563,73.85618591308594,73.8277816772461,74.2190170288086,66.80247497558594,75.34454345703125,77.71875,4.761904716491699,0,0,0,0,0,4.761904716491699,5,4.545454502105713,0,13.184016227722168,25769803776,0,17878417408,0
201,1790937415451,4,4,4,4,4,4,4,4,4,4,75.88467407226563,73.85618591308594,73.8277816772461,74.2190170288086,66.80247497558594,75.34454345703125,77.71875,0,4.761904716491699,0,0,0,0,0,9.090909004211426,0,0,13.184016227722168,25769803776,0,17878794240,0
204,1790937415653,4,4,4,4,4,4,4,4,4,4,75.88467407226563,73.85618591308594,73.8277816772461,74.2190170288086,66.80247497558594,75.34454345703125,77.71875,0,0,4.761904716491699,0,0,0,0,5.263157844543457,0,0,13.218335151672363,25769803776,0,17878794240,0
204,1790937415858,4,4,4,4,4,4,4,4,4,4,75.88467407226563,73.85618591308594,73.8277816772461,74.2190170288086,66.80247497558594,75.34454345703125,77.71875,4.761904716491699,0,0,0,0,0,4.761904716491699,9.090909004211426,0,0,13.218335151672363,25769803776,0,17878843392,0
204,1790937416063,4,4,4,4,4,4,4,4,4,4,75.88580322265625,73.70545959472656,73.80936431884766,74.2152099609375,66.79098510742188,75.337890625,77.71875,0,0,0,0,0,0,0,5,0,0,13.218335151672363,25769803776,0,17878843392,0
204,1790937416268,4,4,4,4,4,4,4,4,4,4,75.88580322265625,73.70545959472656,73.80936431884766,74.2152099609375,66.79098510742188,75.337890625,77.71875,0,0,0,0,0,0,0,5,0,0,13.218335151672363,25769803776,0,17878843392,0
204,1790937416473,4,4,4,4,4,4,4,4,4,4,75.88580322265625,73.70545959472656,73.80936431884766,74.2152099609375,66.79098510742188,75.337890625,77.71875,9.523809432983398,5,0,0,0,0,0,4.761904716491699,0,0,13.218335151672363,25769803776,0,17879236608,0
204,1790937416678,4,4,4,4,4,4,4,4,4,4,75.88580322265625,73.70545959472656,73.80936431884766,74.2152099609375,66.79098510742188,75.337890625,77.71875,68.42105102539063,4.761904716491699,0,0,0,0,4.761904716491699,0,0,0,13.13564682006836,25769803776,0,17879236608,0
204,1790937416883,4,4,4,4,4,4,4,4,4,4,75.88580322265625,73.70545959472656,73.80936431884766,74.2152099609375,66.79098510742188,75.337890625,77.71875,9.523809432983398,0,0,0,0,0,0,0,0,0,13.13564682006836,25769803776,0,17879154688,0
204,1790937417088,4,4,4,4,4,4,4,4,4,4,75.92418670654297,73.83218383789063,73.84259033203125,74.24585723876953,66.83909606933594,75.41278076171875,80.4375,4.761904716491699,4.761904716491699,0,0,0,0,4.761904716491699,9.090909004211426,9.090909004211426,0,13.13564682006836,25769803776,0,17879154688,0
204,1790937417293,4,4,4,4,4,4,4,4,4,4,75.92418670654297,73.83218383789063,73.84259033203125,74.24585723876953,66.83909606933594,75.41278076171875,80.4375,0,0,0,0,0,0,0,5,0,0,13.13564682006836,25769803776,0,17878794240,0
204,1790937417498,4,4,4,4,4,4,4,4,4,4,75.92418670654297,73.83218383789063,73.84259033203125,74.24585723876953,66.83909606933594,75.41278076171875,80.4375,4.761904716491699,0,4.761904716491699,4.761904716491699,0,0,0,9.523809432983398,0,0,13.13564682006836,25769803776,0,17879056384,0
203,1790937417703,4,4,4,4,4,4,4,4,4,4,75.92418670654297,73.83218383789063,73.84259033203125,74.24585723876953,66.83909606933594,75.41278076171875,80.4375,5,4.761904716491699,0,0,0,0,0,5,0,0,13.208230972290039,25769803776,0,17878712320,0
204,1790937417906,4,4,4,4,4,4,4,4,4,4,75.92418670654297,73.83218383789063,73.84259033203125,74.24585723876953,66.83909606933594,75.41278076171875,80.4375,5,0,4.761904716491699,0,0,4.761904716491699,0,9.523809432983398,0,0,13.208230972290039,25769803776,0,17878958080,0
202,1790937418111,4,4,4,4,4,4,4,4,4,4,75.94544219970703,73.70188903808594,73.92366027832031,74.2568588256836,67.00816345214844,75.39044189453125,77.953125,0,4.761904716491699,0,0,0,0,0,5,0,0,13.208230972290039,25769803776,0,17878958080,0
200,1790937418314,4,4,4,4,4,4,4,4,4,4,75.94544219970703,73.70188903808594,73.92366027832031,74.2568588256836,67.00816345214844,75.39044189453125,77.953125,4.761904716491699,0,0,0,0,0,0,0,0,0,13.208230972290039,25769803776,0,17878958080,0
204,1790937418514,4,4,4,4,4,4,4,4,4,4,75.94544219970703,73.70188903808594,73.92366027832031,74.2568588256836,67.00816345214844,75.39044189453125,77.953125,5,0,0,0,0,0,5,9.523809432983398,0,0,13.208230972290039,25769803776,0,17878958080,0
202,1790937418719,4,4,4,4,4,4,4,4,4,4,75.94544219970703,73.70188903808594,73.92366027832031,74.2568588256836,67.00816345214844,75.39044189453125,77.953125,0,4.545454502105713,0,0,0,0,4.545454502105713,5,0,0,13.162851333618164,25769803776,0,17878958080,0
200,1790937418922,4,4,4,4,4,4,4,4,4,4,75.94544219970703,73.70188903808594,73.92366027832031,74.2568588256836,67.00816345214844,75.39044189453125,77.953125,4.761904716491699,0,0,0,0,0,0,9.523809432983398,4.761904716491699,0,13.162851333618164,25769803776,0,17878941696,0
204,1790937419123,4,4,4,4,4,4,4,4,4,4,75.89884948730469,73.74323272705078,73.84544372558594,74.24394989013672,66.8517074584961,75.32244873046875,77.71875,0,0,0,0,0,0,0,5,0,0,13.162851333618164,25769803776,0,17879056384,0
204,1790937419328,4,4,4,4,4,4,4,4,4,4,75.89884948730469,73.74323272705078,73.84544372558594,74.24394989013672,66.8517074584961,75.32244873046875,77.71875,0,0,0,0,0,0,0,9.523809432983398,0,0,13.162851333618164,25769803776,0,17879072768,0
202,1790937419533,4,4,4,4,4,4,4,4,4,4,75.89884948730469,73.74323272705078,73.84544372558594,74.24394989013672,66.8517074584961,75.32244873046875,77.71875,4.761904716491699,4.761904716491699,0,0,0,0,0,5,0,0,13.193102836608887,25769803776,0,17879072768,0
202,1790937419735,4,4,4,4,4,4,4,4,4,4,75.89884948730469,73.74323272705078,73.84544372558594,74.24394989013672,66.8517074584961,75.32244873046875,77.71875,0,0,0,0,4.761904716491699,0,0,9.523809432983398,0,0,13.193102836608887,25769803776,0,17879023616,0
204,1790937419937,4,4,4,4,4,4,4,4,4,4,75.89884948730469,73.74323272705078,73.84544372558594,74.24394989013672,66.8517074584961,75.32244873046875,77.71875,0,0,0,0,0,0,4.761904716491699,0,0,0,13.193102836608887,25769803776,0,17880858624,0
202,1790937420142,4,4,4,4,4,4,4,4,4,4,75.89620208740234,73.77872467041016,73.95001983642578,74.24697875976563,67.03884887695313,75.34819793701172,77.953125,4.761904716491699,0,0,4.761904716491699,0,0,0,0,0,0,13.193102836608887,25769803776,0,17879302144,0
204,1790937420345,4,4,4,4,4,4,4,4,4,4,75.89620208740234,73.77872467041016,73.95001983642578,74.24697875976563,67.03884887695313,75.34819793701172,77.953125,5,0,4.761904716491699,0,0,0,5,4.761904716491699,0,0,13.193102836608887,25769803776,0,17879302144,0
204,1790937420549,4,4,4,4,4,4,4,4,4,4,75.89620208740234,73.77872467041016,73.95001983642578,74.24697875976563,67.03884887695313,75.34819793701172,77.953125,0,0,0,0,0,0,4.761904716491699,9.523809432983398,0,0,13.284894943237305,25769803776,0,17879138304,0
203,1790937420754,4,4,4,4,4,4,4,4,4,4,75.89620208740234,73.77872467041016,73.95001983642578,74.24697875976563,67.03884887695313,75.34819793701172,77.953125,4.761904716491699,0,0,0,0,0,0,0,0,0,13.284894943237305,25769803776,0,17879138304,0
204,1790937420958,4,4,4,4,4,4,4,4,4,4,75.89620208740234,73.77872467041016,73.95001983642578,74.24697875976563,67.03884887695313,75.34819793701172,77.953125,0,4.761904716491699,0,0,0,0,0,5,4.761904716491699,0,13.284894943237305,25769803776,0,17879138304,0
203,1790937421163,4,4,4,4,4,4,4,4,4,4,75.92943572998047,73.81378936767578,73.74532318115234,74.2350082397461,66.7010726928711,75.37922668457031,77.953125,0,0,0,0,0,0,0,9.523809432983398,0,0,13.284894943237305,25769803776,0,17879138304,0
204,1790937421366,4,4,4,4,4,4,4,4,4,4,75.92943572998047,73.81378936767578,73.74532318115234,74.2350082397461,66.7010726928711,75.37922668457031,77.953125,4.761904716491699,4.545454502105713,0,0,0,0,0,5,0,0,13.284894943237305,25769803776,0,17879138304,0
204,1790937421571,4,4,4,4,4,4,4,4,4,4,75.92943572998047,73.81378936767578,73.74532318115234,74.2350082397461,66.7010726928711,75.37922668457031,77.953125,0,0,0,0,0,0,0,9.523809432983398,0,0,13.123520851135254,25769803776,0,17879105536,0
204,1790937421776,4,4,4,4,4,4,4,4,4,4,75.92943572998047,73.81378936767578,73.74532318115234,74.2350082397461,66.7010726928711,75.37922668457031,77.953125,0,0,0,0,0,0,4.761904716491699,4.761904716491699,4.761904716491699,0,13.123520851135254,25769803776,0,17879105536,0
204,1790937421981,4,4,4,4,4,4,4,4,4,4,75.92943572998047,73.81378936767578,73.74532318115234,74.2350082397461,66.7010726928711,75.37922668457031,77.953125,4.761904716491699,0,0,0,0,0,0,5,0,0,13.123520851135254,25769803776,0,17879334912,0
204,1790937422186,4,4,4,4,4,4,4,4,4,4,75.89263916015625,73.80506134033203,73.93539428710938,74.27620697021484,66.96624755859375,75.35408020019531,77.71875,5,0,0,0,0,0,0,5,0,0,13.123520851135254,25769803776,0,17879285760,0
204,1790937422391,4,4,4,4,4,4,4,4,4,4,75.89263916015625,73.80506134033203,73.93539428710938,74.27620697021484,66.96624755859375,75.35408020019531,77.71875,4.761904716491699,0,4.545454502105713,0,0,0,4.761904716491699,0,4.761904716491699,5,13.123520851135254,25769803776,0,17879121920,0
204,1790937422596,4,4,4,4,4,4,4,4,4,4,75.89263916015625,73.80506134033203,73.93539428710938,74.27620697021484,66.96624755859375,75.35408020019531,77.71875,0,0,0,4.761904716491699,0,0,5,4.761904716491699,0,0,13.232439994812012,25769803776,0,17879203840,0
204,1790937422801,4,4,4,4,4,4,4,4,4,4,75.89263916015625,73.80506134033203,73.93539428710938,74.27620697021484,66.96624755859375,75.35408020019531,77.71875,4.761904716491699,0,0,0,0,0,0,4.761904716491699,0,0,13.232439994812012,25769803776,0,17879203840,0
204,1790937423006,4,4,4,4,4,4,4,4,4,4,75.89263916015625,73.80506134033203,73.93539428710938,74.27620697021484,66.96624755859375,75.35408020019531,77.71875,0,9.090909004211426,0,0,0,0,0,5,0,4.761904716491699,13.232439994812012,25769803776,0,17878712320,0
204,1790937423211,4,4,4,4,4,4,4,4,4,4,76.02384185791016,73.81348419189453,73.71832275390625,74.47819519042969,66.65830993652344,75.44971466064453,91.25,4.761904716491699,0,0,0,0,0,0,9.523809432983398,0,0,13.232439994812012,25769803776,0,17878712320,0
204,1790937423416,4,4,4,4,4,4,4,4,4,4,76.02384185791016,73.81348419189453,73.71832275390625,74.47819519042969,66.65830993652344,75.44971466064453,91.25,4.761904716491699,0,0,0,0,0,0,5,0,0,13.232439994812012,25769803776,0,17878679552,0
204,1790937423621,4,4,4,4,4,4,4,4,4,4,76.02384185791016,73.81348419189453,73.71832275390625,74.47819519042969,66.65830993652344,75.44971466064453,91.25,4.761904716491699,0,4.545454502105713,0,0,0,0,0,0,0,13.242513656616211,25769803776,0,17878679552,0
204,1790937423826,4,4,4,4,4,4,4,4,4,4,76.02384185791016,73.81348419189453,73.71832275390625,74.47819519042969,66.65830993652344,75.44971466064453,91.25,0,0,0,0,0,4.545454502105713,0,9.090909004211426,0,0,13.242513656616211,25769803776,0,17878679552,0
204,1790937424031,4,4,4,4,4,4,4,4,4,4,75.97222900390625,73.75859832763672,73.83177947998047,74.31586456298828,66.84075927734375,75.39920806884766,77.71875,0,4.761904716491699,0,0,0,0,4.545454502105713,5,0,0,13.242513656616211,25769803776,0,17878794240,0
9,1790937424236,4,4,4,4,4,4,4,4,4,4,75.97222900390625,73.75859832763672,73.83177947998047,74.31586456298828,66.84075927734375,75.39920806884766,77.71875,9.090909004211426,0,0,0,4.761904716491699,0,0,10,0,0,13.242513656616211,25769803776,0,17858314240,0
