Delta,Time,CPU_FREQUENCY_0,CPU_FREQUENCY_1,CPU_FREQUENCY_2,CPU_FREQUENCY_3,CPU_FREQUENCY_4,CPU_FREQUENCY_5,CPU_FREQUENCY_6,CPU_FREQUENCY_7,CPU_FREQUENCY_8,CPU_FREQUENCY_9,CPU_TEMP_0,CPU_TEMP_1,CPU_TEMP_2,CPU_TEMP_3,CPU_TEMP_4,CPU_TEMP_5,CPU_TEMP_6,CPU_USAGE_0,CPU_USAGE_1,CPU_USAGE_2,CPU_USAGE_3,CPU_USAGE_4,CPU_USAGE_5,CPU_USAGE_6,CPU_USAGE_7,CPU_USAGE_8,CPU_USAGE_9,SYSTEM_POWER (Watts),TOTAL_MEMORY,TOTAL_SWAP,USED_MEMORY,USED_SWAP
0,1790717902367,4,4,4,4,4,4,4,4,4,4,61.805938720703125,62.29541778564453,61.9898567199707,61.667354583740234,54.98299789428711,62.28072738647461,69.625,0,0,0,0,0,0,0,0,0,0,5.699153900146484,25769803776,0,18876628992,0
209,1790717902367,4,4,4,4,4,4,4,4,4,4,61.805938720703125,62.29541778564453,61.9898567199707,61.667354583740234,54.98299789428711,62.28072738647461,69.625,100,50,50,NaN,NaN,0,NaN,0,NaN,0,5.699153900146484,25769803776,0,18875645952,0
209,1790717902577,4,4,4,4,4,4,4,4,4,4,61.805938720703125,62.29541778564453,61.9898567199707,61.667354583740234,54.98299789428711,62.28072738647461,69.625,5,4.761904716491699,0,0,0,0,4.761904716491699,38.095237731933594,0,0,5.717750549316406,25769803776,0,18875645952,0
204,1790717902787,4,4,4,4,4,4,4,4,4,4,61.805938720703125,62.29541778564453,61.9898567199707,61.667354583740234,54.98299789428711,62.28072738647461,69.625,4.761904716491699,0,4.545454502105713,0,0,0,5,4.545454502105713,0,4.545454502105713,5.717750549316406,25769803776,0,18875645952,0
203,1790717902992,4,4,4,4,4,4,4,4,4,4,65.26885986328125,63.84587097167969,63.845436096191406,64.18331909179688,57.252662658691406,65.21163177490234,71.5625,19.047618865966797,4.761904716491699,0,0,0,0,4.761904716491699,5,4.761904716491699,0,5.717750549316406,25769803776,0,18860457984,0
209,1790717903196,4,4,4,4,4,4,4,4,4,4,65.26885986328125,63.84587097167969,63.845436096191406,64.18331909179688,57.252662658691406,65.21163177490234,71.5625,10.526315689086914,0,0,4.761904716491699,0,0,4.545454502105713,5,0,0,5.717750549316406,25769803776,0,18843402240,0
209,1790717903406,4,4,4,4,4,4,4,4,4,4,65.26885986328125,63.84587097167969,63.845436096191406,64.18331909179688,57.252662658691406,65.21163177490234,71.5625,18.18181800842285,4.761904716491699,4.545454502105713,0,0,0,0,4.545454502105713,0,0,5.717750549316406,25769803776,0,18832490496,0
204,1790717903616,4,4,4,4,4,4,4,4,4,4,65.26885986328125,63.84587097167969,63.845436096191406,64.18331909179688,57.252662658691406,65.21163177490234,71.5625,10,4.761904716491699,0,4.545454502105713,0,0,0,4.761904716491699,0,0,5.550617218017578,25769803776,0,18830753792,0
199,1790717903822,4,4,4,4,4,4,4,4,4,4,65.26885986328125,63.84587097167969,63.845436096191406,64.18331909179688,57.252662658691406,65.21163177490234,71.5625,18.18181800842285,9.523809432983398,5,0,0,0,0,5,0,0,5.550617218017578,25769803776,0,18830753792,0
203,1790717904022,4,4,4,4,4,4,4,4,4,4,74.34502410888672,67.79317474365234,67.30071258544922,71.7632064819336,60.47472381591797,73.2870864868164,76.296875,15.789472579956055,5,4.761904716491699,0,0,0,0,10,0,0,5.550617218017578,25769803776,0,18818482176,0
201,1790717904226,4,4,4,4,4,4,4,4,4,4,74.34502410888672,67.79317474365234,67.30071258544922,71.7632064819336,60.47472381591797,73.2870864868164,76.296875,15.000000953674316,9.523809432983398,0,0,0,0,0,5,0,0,5.550617218017578,25769803776,0,18818318336,0
200,1790717904428,4,4,4,4,4,4,4,4,4,4,74.34502410888672,67.79317474365234,67.30071258544922,71.7632064819336,60.47472381591797,73.2870864868164,76.296875,10,0,4.761904716491699,4.761904716491699,0,0,5,0,0,0,5.550617218017578,25769803776,0,18782011392,0
209,1790717904628,4,4,4,4,4,4,4,4,4,4,74.34502410888672,67.79317474365234,67.30071258544922,71.7632064819336,60.47472381591797,73.2870864868164,76.296875,20,9.523809432983398,4.761904716491699,0,0,0,0,5,0,0,18.532180786132813,25769803776,0,18782011392,0
209,1790717904838,4,4,4,4,4,4,4,4,4,4,74.34502410888672,67.79317474365234,67.30071258544922,71.7632064819336,60.47472381591797,73.2870864868164,76.296875,13.636363983154297,0,4.761904716491699,0,0,0,0,4.545454502105713,0,0,18.532180786132813,25769803776,0,18782011392,0
206,1790717905048,4,4,4,4,4,4,4,4,4,4,77.8138198852539,71.13383483886719,70.54229736328125,75.36947631835938,63.476219177246094,77.12983703613281,79.140625,10,0,0,0,4.545454502105713,0,0,0,0,0,18.532180786132813,25769803776,0,18762039296,0
202,1790717905255,4,4,4,4,4,4,4,4,4,4,77.8138198852539,71.13383483886719,70.54229736328125,75.36947631835938,63.476219177246094,77.12983703613281,79.140625,18.18181800842285,4.761904716491699,0,0,0,0,4.761904716491699,9.523809432983398,0,0,18.532180786132813,25769803776,0,18761089024,0
204,1790717905458,4,4,4,4,4,4,4,4,4,4,77.8138198852539,71.13383483886719,70.54229736328125,75.36947631835938,63.476219177246094,77.12983703613281,79.140625,10.526315689086914,0,4.761904716491699,0,0,0,0,5,0,0,18.532180786132813,25769803776,0,18761089024,0
204,1790717905663,4,4,4,4,4,4,4,4,4,4,77.8138198852539,71.13383483886719,70.54229736328125,75.36947631835938,63.476219177246094,77.12983703613281,79.140625,19.047618865966797,9.090909004211426,4.761904716491699,0,0,0,0,4.761904716491699,0,0,29.063701629638672,25769803776,0,18761089024,0
200,1790717905868,4,4,4,4,4,4,4,4,4,4,77.8138198852539,71.13383483886719,70.54229736328125,75.36947631835938,63.476219177246094,77.12983703613281,79.140625,10,10,0,4.761904716491699,0,0,0,5,0,0,29.063701629638672,25769803776,0,18761089024,0
209,1790717906068,4,4,4,4,4,4,4,4,4,4,79.99495697021484,73.44294738769531,72.8658676147461,77.920166015625,65.82392120361328,79.67669677734375,81.03125,15.000000953674316,0,5,0,0,4.761904716491699,0,5,0,0,29.063701629638672,25769803776,0,18760450048,0
201,1790717906278,4,4,4,4,4,4,4,4,4,4,79.99495697021484,73.44294738769531,72.8658676147461,77.920166015625,65.82392120361328,79.67669677734375,81.03125,9.523809432983398,4.761904716491699,0,0,0,0,0,4.545454502105713,0,0,29.063701629638672,25769803776,0,18762186752,0
209,1790717906481,4,4,4,4,4,4,4,4,4,4,79.99495697021484,73.44294738769531,72.8658676147461,77.920166015625,65.82392120361328,79.67669677734375,81.03125,14.285715103149414,0,0,0,0,0,0,0,0,0,29.325225830078125,25769803776,0,18760302592,0
201,1790717906691,4,4,4,4,4,4,4,4,4,4,79.99495697021484,73.44294738769531,72.8658676147461,77.920166015625,65.82392120361328,79.67669677734375,81.03125,0,0,0,0,0,0,0,13.636363983154297,0,0,29.325225830078125,25769803776,0,18760302592,0
209,1790717906892,4,4,4,4,4,4,4,4,4,4,79.99495697021484,73.44294738769531,72.8658676147461,77.920166015625,65.82392120361328,79.67669677734375,81.03125,14.285715103149414,9.090909004211426,5,4.761904716491699,0,0,0,10,0,0,29.325225830078125,25769803776,0,18760302592,0
204,1790717907102,4,4,4,4,4,4,4,4,4,4,82.11611938476563,75.3683853149414,74.63118743896484,79.65724182128906,67.82910919189453,81.57520294189453,82.671875,18.18181800842285,0,0,0,0,0,0,4.761904716491699,0,0,29.325225830078125,25769803776,0,18760040448,0
209,1790717907306,4,4,4,4,4,4,4,4,4,4,82.11611938476563,75.3683853149414,74.63118743896484,79.65724182128906,67.82910919189453,81.57520294189453,82.671875,5.263157844543457,0,4.761904716491699,0,0,0,4.761904716491699,9.523809432983398,0,0,29.325225830078125,25769803776,0,18759696384,0
202,1790717907516,4,4,4,4,4,4,4,4,4,4,82.11611938476563,75.3683853149414,74.63118743896484,79.65724182128906,67.82910919189453,81.57520294189453,82.671875,14.285715103149414,0,4.761904716491699,0,0,0,0,5,0,0,29.601646423339844,25769803776,0,18759548928,0
209,1790717907719,4,4,4,4,4,4,4,4,4,4,82.11611938476563,75.3683853149414,74.63118743896484,79.65724182128906,67.82910919189453,81.57520294189453,82.671875,14.285715103149414,9.523809432983398,0,0,0,0,0,9.523809432983398,4.761904716491699,0,29.601646423339844,25769803776,0,18759565312,0
209,1790717907929,4,4,4,4,4,4,4,4,4,4,82.11611938476563,75.3683853149414,74.63118743896484,79.65724182128906,67.82910919189453,81.57520294189453,82.671875,5,0,0,0,0,0,0,0,0,0,29.601646423339844,25769803776,0,18759565312,0
204,1790717908139,4,4,4,4,4,4,4,4,4,4,82.95004272460938,76.69300079345703,75.9913330078125,80.66727447509766,69.13912200927734,82.52819061279297,83.390625,9.090909004211426,9.090909004211426,4.761904716491699,0,0,0,0,5,0,0,29.601646423339844,25769803776,0,18759172096,0
203,1790717908344,4,4,4,4,4,4,4,4,4,4,82.95004272460938,76.69300079345703,75.9913330078125,80.66727447509766,69.13912200927734,82.52819061279297,83.390625,10.526315689086914,0,0,0,0,0,0,9.523809432983398,0,0,29.601646423339844,25769803776,0,18759172096,0
203,1790717908547,4,4,4,4,4,4,4,4,4,4,82.95004272460938,76.69300079345703,75.9913330078125,80.66727447509766,69.13912200927734,82.52819061279297,83.390625,14.285715103149414,4.761904716491699,0,0,0,0,0,5,0,0,29.39038848876953,25769803776,0,18759172096,0
209,1790717908752,4,4,4,4,4,4,4,4,4,4,82.95004272460938,76.69300079345703,75.9913330078125,80.66727447509766,69.13912200927734,82.52819061279297,83.390625,14.285715103149414,5.263157844543457,4.761904716491699,0,0,0,5,0,0,0,29.39038848876953,25769803776,0,18758647808,0
209,1790717908962,4,4,4,4,4,4,4,4,4,4,82.95004272460938,76.69300079345703,75.9913330078125,80.66727447509766,69.13912200927734,82.52819061279297,83.390625,9.523809432983398,9.090909004211426,0,0,0,0,0,9.523809432983398,0,0,29.39038848876953,25769803776,0,18758647808,0
209,1790717909172,4,4,4,4,4,4,4,4,4,4,80.07383728027344,76.35663604736328,75.73413848876953,78.44541931152344,68.75308227539063,79.93665313720703,83.15625,10,0,0,0,0,0,0,5,0,0,29.39038848876953,25769803776,0,18758418432,0
209,1790717909382,4,4,4,4,4,4,4,4,4,4,80.07383728027344,76.35663604736328,75.73413848876953,78.44541931152344,68.75308227539063,79.93665313720703,83.15625,4.761904716491699,4.761904716491699,8.69565200805664,0,0,0,0,0,0,0,29.39038848876953,25769803776,0,18758418432,0
207,1790717909592,4,4,4,4,4,4,4,4,4,4,80.07383728027344,76.35663604736328,75.73413848876953,78.44541931152344,68.75308227539063,79.93665313720703,83.15625,9.523809432983398,4.545454502105713,0,0,0,0,0,13.043478012084961,0,0,27.7843017578125,25769803776,0,18758418432,0
201,1790717909800,4,4,4,4,4,4,4,4,4,4,80.07383728027344,76.35663604736328,75.73413848876953,78.44541931152344,68.75308227539063,79.93665313720703,83.15625,13.636363983154297,0,0,0,0,0,0,5,0,0,27.7843017578125,25769803776,0,18758418432,0
209,1790717910001,4,4,4,4,4,4,4,4,4,4,74.37036895751953,73.1402816772461,72.94178771972656,73.1242446899414,65.7944564819336,73.89684295654297,77.953125,5.263157844543457,4.761904716491699,4.761904716491699,0,0,0,0,5.263157844543457,0,0,27.7843017578125,25769803776,0,18758418432,0
209,1790717910211,4,4,4,4,4,4,4,4,4,4,74.37036895751953,73.1402816772461,72.94178771972656,73.1242446899414,65.7944564819336,73.89684295654297,77.953125,14.285715103149414,0,0,0,0,0,4.761904716491699,9.090909004211426,0,0,27.7843017578125,25769803776,0,18758516736,0
206,1790717910421,4,4,4,4,4,4,4,4,4,4,74.37036895751953,73.1402816772461,72.94178771972656,73.1242446899414,65.7944564819336,73.89684295654297,77.953125,9.523809432983398,0,0,0,4.545454502105713,0,0,4.761904716491699,0,0,27.7843017578125,25769803776,0,18758418432,0
209,1790717910628,4,4,4,4,4,4,4,4,4,4,74.37036895751953,73.1402816772461,72.94178771972656,73.1242446899414,65.7944564819336,73.89684295654297,77.953125,14.285715103149414,0,4.545454502105713,0,0,0,0,5,0,0,16.456134796142578,25769803776,0,18758418432,0
207,1790717910838,4,4,4,4,4,4,4,4,4,4,74.37036895751953,73.1402816772461,72.94178771972656,73.1242446899414,65.7944564819336,73.89684295654297,77.953125,9.523809432983398,21.7391300201416,4.761904716491699,9.090909004211426,0,0,0,4.545454502105713,0,0,16.456134796142578,25769803776,0,18758418432,0
201,1790717911046,4,4,4,4,4,4,4,4,4,4,72.64036560058594,71.18348693847656,71.15090942382813,71.35163879394531,63.82440948486328,72.2324447631836,75.125,70,21.052631378173828,9.523809432983398,0,0,0,0,5,0,0,16.456134796142578,25769803776,0,18758418432,0
209,1790717911247,4,4,4,4,4,4,4,4,4,4,72.64036560058594,71.18348693847656,71.15090942382813,71.35163879394531,63.82440948486328,72.2324447631836,75.125,60.000003814697266,30.000001907348633,15.789472579956055,5.263157844543457,5,20,0,5,0,0,16.456134796142578,25769803776,0,18392481792,0
205,1790717911457,4,4,4,4,4,4,4,4,4,4,72.64036560058594,71.18348693847656,71.15090942382813,71.35163879394531,63.82440948486328,72.2324447631836,75.125,30.000001907348633,27.272727966308594,18.18181800842285,9.090909004211426,9.090909004211426,0,0,9.090909004211426,0,0,16.456134796142578,25769803776,0,18404671488,0
201,1790717911663,4,4,4,4,4,4,4,4,4,4,72.64036560058594,71.18348693847656,71.15090942382813,71.35163879394531,63.82440948486328,72.2324447631836,75.125,14.285715103149414,0,0,0,0,0,0,5,0,0,7.275821685791016,25769803776,0,18404687872,0
209,1790717911865,4,4,4,4,4,4,4,4,4,4,72.64036560058594,71.18348693847656,71.15090942382813,71.35163879394531,63.82440948486328,72.2324447631836,75.125,10,0,4.761904716491699,0,0,0,0,5,0,0,7.275821685791016,25769803776,0,18404687872,0
209,1790717912075,4,4,4,4,4,4,4,4,4,4,73.57211303710938,71.33781433105469,71.1646957397461,72.0391616821289,63.83106231689453,73.01835632324219,75.59375,18.18181800842285,4.761904716491699,0,0,0,0,0,4.761904716491699,0,0,7.275821685791016,25769803776,0,18404687872,0
200,1790717912285,4,4,4,4,4,4,4,4,4,4,73.57211303710938,71.33781433105469,71.1646957397461,72.0391616821289,63.83106231689453,73.01835632324219,75.59375,0,0,0,0,0,0,0,0,0,0,7.275821685791016,25769803776,0,18405130240,0
206,1790717912485,4,4,4,4,4,4,4,4,4,4,73.57211303710938,71.33781433105469,71.1646957397461,72.0391616821289,63.83106231689453,73.01835632324219,75.59375,15.000000953674316,0,0,0,0,0,0,5,0,0,10.326213836669922,25769803776,0,18404737024,0
200,1790717912693,4,4,4,4,4,4,4,4,4,4,73.57211303710938,71.33781433105469,71.1646957397461,72.0391616821289,63.83106231689453,73.01835632324219,75.59375,36.3636360168457,33.333335876464844,33.333335876464844,23.809524536132813,10,9.090909004211426,0,9.090909004211426,0,0,10.326213836669922,25769803776,0,18427166720,0
207,1790717912893,4,4,4,4,4,4,4,4,4,4,73.57211303710938,71.33781433105469,71.1646957397461,72.0391616821289,63.83106231689453,73.01835632324219,75.59375,10.526315689086914,5,0,0,0,0,0,5,0,0,10.326213836669922,25769803776,0,18427166720,0
209,1790717913101,4,4,4,4,4,4,4,4,4,4,73.37571716308594,71.09688568115234,70.96826171875,71.89593505859375,63.71961212158203,72.86308288574219,75.59375,14.285715103149414,0,0,0,0,0,0,5,0,0,10.326213836669922,25769803776,0,18449432576,0
209,1790717913311,4,4,4,4,4,4,4,4,4,4,73.37571716308594,71.09688568115234,70.96826171875,71.89593505859375,63.71961212158203,72.86308288574219,75.59375,14.285715103149414,9.090909004211426,4.761904716491699,0,0,0,4.545454502105713,9.090909004211426,0,0,10.326213836669922,25769803776,0,18449465344,0
209,1790717913521,4,4,4,4,4,4,4,4,4,4,73.37571716308594,71.09688568115234,70.96826171875,71.89593505859375,63.71961212158203,72.86308288574219,75.59375,10,0,0,0,0,0,4.545454502105713,5,0,0,15.15536117553711,25769803776,0,18449465344,0
200,1790717913731,4,4,4,4,4,4,4,4,4,4,73.37571716308594,71.09688568115234,70.96826171875,71.89593505859375,63.71961212158203,72.86308288574219,75.59375,9.523809432983398,0,4.761904716491699,0,0,0,0,0,0,0,15.15536117553711,25769803776,0,18450874368,0
201,1790717913932,4,4,4,4,4,4,4,4,4,4,73.37571716308594,71.09688568115234,70.96826171875,71.89593505859375,63.71961212158203,72.86308288574219,75.59375,9.523809432983398,5,4.761904716491699,4.761904716491699,0,0,0,5,0,0,15.15536117553711,25769803776,0,18449465344,0
209,1790717914133,4,4,4,4,4,4,4,4,4,4,72.68804931640625,70.72447204589844,70.59785461425781,71.28446197509766,63.42108917236328,72.29052734375,74.890625,10.526315689086914,4.761904716491699,0,0,0,0,0,9.523809432983398,0,0,15.15536117553711,25769803776,0,18449088512,0
202,1790717914343,4,4,4,4,4,4,4,4,4,4,72.68804931640625,70.72447204589844,70.59785461425781,71.28446197509766,63.42108917236328,72.29052734375,74.890625,13.636363983154297,0,0,0,0,0,0,4.761904716491699,0,0,15.15536117553711,25769803776,0,18449104896,0
201,1790717914546,4,4,4,4,4,4,4,4,4,4,72.68804931640625,70.72447204589844,70.59785461425781,71.28446197509766,63.42108917236328,72.29052734375,74.890625,10.526315689086914,0,4.761904716491699,0,0,0,0,9.523809432983398,0,0,14.39657211303711,25769803776,0,18449154048,0
209,1790717914748,4,4,4,4,4,4,4,4,4,4,72.68804931640625,70.72447204589844,70.59785461425781,71.28446197509766,63.42108917236328,72.29052734375,74.890625,14.285715103149414,5,0,0,0,0,0,0,0,0,14.39657211303711,25769803776,0,18448793600,0
209,1790717914958,4,4,4,4,4,4,4,4,4,4,72.68804931640625,70.72447204589844,70.59785461425781,71.28446197509766,63.42108917236328,72.29052734375,74.890625,14.285715103149414,0,0,0,0,0,0,5,0,0,14.39657211303711,25769803776,0,18436259840,0
204,1790717915168,4,4,4,4,4,4,4,4,4,4,72.45901489257813,70.46479034423828,70.30772399902344,71.0600357055664,63.16700744628906,71.89717102050781,74.640625,4.761904716491699,0,4.545454502105713,0,4.545454502105713,0,4.545454502105713,0,0,0,14.39657211303711,25769803776,0,18436472832,0
201,1790717915373,4,4,4,4,4,4,4,4,4,4,72.45901489257813,70.46479034423828,70.30772399902344,71.0600357055664,63.16700744628906,71.89717102050781,74.640625,10,4.761904716491699,0,0,0,0,0,9.523809432983398,0,0,14.39657211303711,25769803776,0,18436194304,0
209,1790717915575,4,4,4,4,4,4,4,4,4,4,72.45901489257813,70.46479034423828,70.30772399902344,71.0600357055664,63.16700744628906,71.89717102050781,74.640625,5,4.761904716491699,0,0,0,0,0,5,0,0,13.271930694580078,25769803776,0,18436227072,0
201,1790717915785,4,4,4,4,4,4,4,4,4,4,72.45901489257813,70.46479034423828,70.30772399902344,71.0600357055664,63.16700744628906,71.89717102050781,74.640625,19.047618865966797,0,9.090909004211426,0,0,0,0,4.761904716491699,0,0,13.271930694580078,25769803776,0,18436227072,0
201,1790717915986,4,4,4,4,4,4,4,4,4,4,72.36487579345703,70.22128295898438,70.06805419921875,70.95870208740234,63.021568298339844,71.75751495361328,74.40625,10,9.523809432983398,0,0,0,0,0,9.523809432983398,0,0,13.271930694580078,25769803776,0,18436227072,0
209,1790717916188,4,4,4,4,4,4,4,4,4,4,72.36487579345703,70.22128295898438,70.06805419921875,70.95870208740234,63.021568298339844,71.75751495361328,74.40625,19.047618865966797,0,0,0,0,0,0,5.263157844543457,0,0,13.271930694580078,25769803776,0,18436227072,0
209,1790717916398,4,4,4,4,4,4,4,4,4,4,72.36487579345703,70.22128295898438,70.06805419921875,70.95870208740234,63.021568298339844,71.75751495361328,74.40625,9.523809432983398,4.761904716491699,4.761904716491699,0,0,0,0,9.090909004211426,0,0,13.271930694580078,25769803776,0,18435309568,0
206,1790717916609,4,4,4,4,4,4,4,4,4,4,72.36487579345703,70.22128295898438,70.06805419921875,70.95870208740234,63.021568298339844,71.75751495361328,74.40625,9.523809432983398,0,0,0,0,0,0,0,0,0,13.351818084716797,25769803776,0,18437079040,0
209,1790717916815,4,4,4,4,4,4,4,4,4,4,72.36487579345703,70.22128295898438,70.06805419921875,70.95870208740234,63.021568298339844,71.75751495361328,74.40625,10,0,0,4.761904716491699,0,0,0,5,0,0,13.351818084716797,25769803776,0,18435047424,0
209,1790717917025,4,4,4,4,4,4,4,4,4,4,72.3179931640625,70.14329528808594,69.90122985839844,70.78543853759766,62.903846740722656,71.60882568359375,74.40625,9.523809432983398,4.761904716491699,0,0,0,0,5,0,0,0,13.351818084716797,25769803776,0,18435047424,0
201,1790717917235,4,4,4,4,4,4,4,4,4,4,72.3179931640625,70.14329528808594,69.90122985839844,70.78543853759766,62.903846740722656,71.60882568359375,74.40625,14.285715103149414,4.761904716491699,4.761904716491699,0,0,0,4.545454502105713,4.761904716491699,0,0,13.351818084716797,25769803776,0,18435047424,0
204,1790717917436,4,4,4,4,4,4,4,4,4,4,72.3179931640625,70.14329528808594,69.90122985839844,70.78543853759766,62.903846740722656,71.60882568359375,74.40625,0,0,0,0,0,0,0,10,0,0,13.351818084716797,25769803776,0,18434932736,0
204,1790717917641,4,4,4,4,4,4,4,4,4,4,72.3179931640625,70.14329528808594,69.90122985839844,70.78543853759766,62.903846740722656,71.60882568359375,74.40625,18.18181800842285,4.761904716491699,0,0,0,0,0,5,0,0,13.64791488647461,25769803776,0,18434949120,0
209,1790717917846,4,4,4,4,4,4,4,4,4,4,72.3179931640625,70.14329528808594,69.90122985839844,70.78543853759766,62.903846740722656,71.60882568359375,74.40625,15.000000953674316,5,9.090909004211426,4.761904716491699,0,0,5,0,0,0,13.64791488647461,25769803776,0,18434916352,0
209,1790717918056,4,4,4,4,4,4,4,4,4,4,72.24266815185547,70.11003112792969,69.7989501953125,70.62675476074219,62.83689880371094,71.43336486816406,74.171875,10,0,0,0,0,0,0,0,0,0,13.64791488647461,25769803776,0,18434916352,0
200,1790717918266,4,4,4,4,4,4,4,4,4,4,72.24266815185547,70.11003112792969,69.7989501953125,70.62675476074219,62.83689880371094,71.43336486816406,74.171875,9.090909004211426,4.761904716491699,0,0,0,0,0,9.090909004211426,0,0,13.64791488647461,25769803776,0,18434916352,0
200,1790717918467,4,4,4,4,4,4,4,4,4,4,72.24266815185547,70.11003112792969,69.7989501953125,70.62675476074219,62.83689880371094,71.43336486816406,74.171875,10.526315689086914,0,4.761904716491699,0,0,0,0,5,0,0,13.64791488647461,25769803776,0,18433654784,0
200,1790717918668,4,4,4,4,4,4,4,4,4,4,72.24266815185547,70.11003112792969,69.7989501953125,70.62675476074219,62.83689880371094,71.43336486816406,74.171875,14.285715103149414,5,0,0,0,0,0,9.523809432983398,0,0,15.041400909423828,25769803776,0,18433654784,0
200,1790717918869,4,4,4,4,4,4,4,4,4,4,72.24266815185547,70.11003112792969,69.7989501953125,70.62675476074219,62.83689880371094,71.43336486816406,74.171875,10,0,0,0,0,0,0,5,0,0,15.041400909423828,25769803776,0,18433654784,0
205,1790717919070,4,4,4,4,4,4,4,4,4,4,72.12415313720703,69.81978607177734,69.67733764648438,70.54683685302734,62.58024597167969,71.4071044921875,74.171875,19.047618865966797,5,4.761904716491699,0,0,0,0,5.263157844543457,0,0,15.041400909423828,25769803776,0,18433654784,0
209,1790717919276,4,4,4,4,4,4,4,4,4,4,72.12415313720703,69.81978607177734,69.67733764648438,70.54683685302734,62.58024597167969,71.4071044921875,74.171875,0,0,4.761904716491699,0,0,0,0,9.523809432983398,0,0,15.041400909423828,25769803776,0,18433654784,0
209,1790717919486,4,4,4,4,4,4,4,4,4,4,72.12415313720703,69.81978607177734,69.67733764648438,70.54683685302734,62.58024597167969,71.4071044921875,74.171875,9.523809432983398,4.545454502105713,0,0,4.545454502105713,0,0,0,0,0,15.619625091552734,25769803776,0,18435571712,0
201,1790717919696,4,4,4,4,4,4,4,4,4,4,72.12415313720703,69.81978607177734,69.67733764648438,70.54683685302734,62.58024597167969,71.4071044921875,74.171875,9.523809432983398,4.545454502105713,0,0,0,0,4.545454502105713,5,0,0,15.619625091552734,25769803776,0,18433769472,0
209,1790717919898,4,4,4,4,4,4,4,4,4,4,72.12415313720703,69.81978607177734,69.67733764648438,70.54683685302734,62.58024597167969,71.4071044921875,74.171875,10,0,0,0,0,0,0,9.523809432983398,0,0,15.619625091552734,25769803776,0,18433622016,0
204,1790717920108,4,4,4,4,4,4,4,4,4,4,72.06674194335938,69.6832046508789,69.66297912597656,70.44874572753906,62.45121765136719,71.36837005615234,73.9375,14.285715103149414,0,4.545454502105713,0,0,0,0,4.761904716491699,0,0,15.619625091552734,25769803776,0,18433654784,0
200,1790717920312,4,4,4,4,4,4,4,4,4,4,72.06674194335938,69.6832046508789,69.66297912597656,70.44874572753906,62.45121765136719,71.36837005615234,73.9375,14.285715103149414,0,0,0,0,0,0,9.523809432983398,0,0,15.619625091552734,25769803776,0,18433654784,0
209,1790717920513,4,4,4,4,4,4,4,4,4,4,72.06674194335938,69.6832046508789,69.66297912597656,70.44874572753906,62.45121765136719,71.36837005615234,73.9375,15.000000953674316,5,0,0,0,0,0,0,0,0,13.37905502319336,25769803776,0,18433671168,0
209,1790717920723,4,4,4,4,4,4,4,4,4,4,72.06674194335938,69.6832046508789,69.66297912597656,70.44874572753906,62.45121765136719,71.36837005615234,73.9375,14.285715103149414,4.545454502105713,4.545454502105713,0,0,0,0,4.761904716491699,0,0,13.37905502319336,25769803776,0,18433671168,0
207,1790717920933,4,4,4,4,4,4,4,4,4,4,72.06674194335938,69.6832046508789,69.66297912597656,70.44874572753906,62.45121765136719,71.36837005615234,73.9375,9.523809432983398,0,0,4.545454502105713,0,0,0,4.545454502105713,0,0,13.37905502319336,25769803776,0,18435440640,0
209,1790717921141,4,4,4,4,4,4,4,4,4,4,72.00648498535156,69.6060562133789,69.58261108398438,70.26631927490234,62.2916259765625,71.24371337890625,73.9375,0,0,0,0,0,0,0,5,0,0,13.37905502319336,25769803776,0,18433654784,0
208,1790717921351,4,4,4,4,4,4,4,4,4,4,72.00648498535156,69.6060562133789,69.58261108398438,70.26631927490234,62.2916259765625,71.24371337890625,73.9375,18.18181800842285,4.761904716491699,4.545454502105713,0,0,0,0,4.761904716491699,0,0,13.37905502319336,25769803776,0,18433540096,0
200,1790717921560,4,4,4,4,4,4,4,4,4,4,72.00648498535156,69.6060562133789,69.58261108398438,70.26631927490234,62.2916259765625,71.24371337890625,73.9375,0,0,0,0,0,9.523809432983398,0,4.761904716491699,0,0,13.476913452148438,25769803776,0,18433622016,0
206,1790717921761,4,4,4,4,4,4,4,4,4,4,72.00648498535156,69.6060562133789,69.58261108398438,70.26631927490234,62.2916259765625,71.24371337890625,73.9375,14.285715103149414,0,0,0,0,0,0,9.523809432983398,0,0,13.476913452148438,25769803776,0,18433622016,0
200,1790717921968,4,4,4,4,4,4,4,4,4,4,72.00648498535156,69.6060562133789,69.58261108398438,70.26631927490234,62.2916259765625,71.24371337890625,73.9375,19.047618865966797,4.761904716491699,9.090909004211426,0,0,0,0,5,0,0,13.476913452148438,25769803776,0,18433605632,0
209,1790717922168,4,4,4,4,4,4,4,4,4,4,71.93634796142578,69.52381896972656,69.44216918945313,70.13806915283203,62.13397979736328,71.07826232910156,73.703125,10,5,0,0,0,0,0,5,0,0,13.476913452148438,25769803776,0,18433605632,0
209,1790717922378,4,4,4,4,4,4,4,4,4,4,71.93634796142578,69.52381896972656,69.44216918945313,70.13806915283203,62.13397979736328,71.07826232910156,73.703125,4.761904716491699,0,0,0,0,0,0,0,0,0,13.476913452148438,25769803776,0,18433605632,0
204,1790717922589,4,4,4,4,4,4,4,4,4,4,71.93634796142578,69.52381896972656,69.44216918945313,70.13806915283203,62.13397979736328,71.07826232910156,73.703125,10,4.545454502105713,0,0,0,0,0,9.090909004211426,0,0,13.415470123291016,25769803776,0,18433671168,0
208,1790717922793,4,4,4,4,4,4,4,4,4,4,71.93634796142578,69.52381896972656,69.44216918945313,70.13806915283203,62.13397979736328,71.07826232910156,73.703125,14.285715103149414,0,4.761904716491699,0,0,0,0,5,0,0,13.415470123291016,25769803776,0,18433507328,0
203,1790717923002,4,4,4,4,4,4,4,4,4,4,71.83294677734375,69.4625473022461,69.34918975830078,70.06491088867188,62.04712677001953,70.98565673828125,73.703125,4.761904716491699,9.523809432983398,0,0,0,0,0,5,0,0,13.415470123291016,25769803776,0,18433507328,0
208,1790717923205,4,4,4,4,4,4,4,4,4,4,71.83294677734375,69.4625473022461,69.34918975830078,70.06491088867188,62.04712677001953,70.98565673828125,73.703125,14.285715103149414,5,4.761904716491699,0,0,0,0,5,0,0,13.415470123291016,25769803776,0,18433507328,0
200,1790717923414,4,4,4,4,4,4,4,4,4,4,71.83294677734375,69.4625473022461,69.34918975830078,70.06491088867188,62.04712677001953,70.98565673828125,73.703125,10,0,4.761904716491699,4.545454502105713,0,0,0,4.761904716491699,0,0,13.415470123291016,25769803776,0,18433507328,0
209,1790717923615,4,4,4,4,4,4,4,4,4,4,71.83294677734375,69.4625473022461,69.34918975830078,70.06491088867188,62.04712677001953,70.98565673828125,73.703125,15.000000953674316,5,0,0,0,0,0,9.523809432983398,0,0,13.381649017333984,25769803776,0,18427215872,0
209,1790717923825,4,4,4,4,4,4,4,4,4,4,71.83294677734375,69.4625473022461,69.34918975830078,70.06491088867188,62.04712677001953,70.98565673828125,73.703125,13.636363983154297,4.761904716491699,0,4.761904716491699,0,0,0,0,0,0,13.381649017333984,25769803776,0,18429149184,0
203,1790717924035,4,4,4,4,4,4,4,4,4,4,71.74095153808594,69.35163879394531,69.24903869628906,70.01364135742188,61.962379455566406,70.91946411132813,73.703125,5,0,4.761904716491699,0,0,0,0,4.761904716491699,0,0,13.381649017333984,25769803776,0,18427396096,0
209,1790717924239,4,4,4,4,4,4,4,4,4,4,71.74095153808594,69.35163879394531,69.24903869628906,70.01364135742188,61.962379455566406,70.91946411132813,73.703125,10.526315689086914,65,0,5,0,0,0,5,0,0,13.381649017333984,25769803776,0,18427330560,0
200,1790717924449,4,4,4,4,4,4,4,4,4,4,71.74095153808594,69.35163879394531,69.24903869628906,70.01364135742188,61.962379455566406,70.91946411132813,73.703125,18.18181800842285,4.761904716491699,9.090909004211426,0,0,0,9.523809432983398,0,0,0,13.381649017333984,25769803776,0,18427330560,0
207,1790717924650,4,4,4,4,4,4,4,4,4,4,71.74095153808594,69.35163879394531,69.24903869628906,70.01364135742188,61.962379455566406,70.91946411132813,73.703125,35,20,10,5.263157844543457,9.523809432983398,5,4.761904716491699,10,0,4.761904716491699,13.277706146240234,25769803776,0,18434064384,0
209,1790717924858,4,4,4,4,4,4,4,4,4,4,71.74095153808594,69.35163879394531,69.24903869628906,70.01364135742188,61.962379455566406,70.91946411132813,73.703125,19.047618865966797,19.047618865966797,5,9.090909004211426,15.000000953674316,0,0,5,0,0,13.277706146240234,25769803776,0,18437128192,0
209,1790717925068,4,4,4,4,4,4,4,4,4,4,71.64312744140625,69.3503646850586,69.2137680053711,69.92554473876953,61.89691162109375,70.8308334350586,73.703125,23.809524536132813,19.047618865966797,9.523809432983398,0,9.523809432983398,4.761904716491699,0,9.090909004211426,0,0,13.277706146240234,25769803776,0,18434195456,0
209,1790717925278,4,4,4,4,4,4,4,4,4,4,71.64312744140625,69.3503646850586,69.2137680053711,69.92554473876953,61.89691162109375,70.8308334350586,73.703125,10,4.761904716491699,9.523809432983398,4.761904716491699,4.761904716491699,4.761904716491699,0,4.545454502105713,4.545454502105713,0,13.277706146240234,25769803776,0,18434195456,0
204,1790717925488,4,4,4,4,4,4,4,4,4,4,71.64312744140625,69.3503646850586,69.2137680053711,69.92554473876953,61.89691162109375,70.8308334350586,73.703125,9.090909004211426,4.761904716491699,4.761904716491699,4.545454502105713,0,0,0,5,0,0,13.281978607177734,25769803776,0,18434195456,0
209,1790717925693,4,4,4,4,4,4,4,4,4,4,71.64312744140625,69.3503646850586,69.2137680053711,69.92554473876953,61.89691162109375,70.8308334350586,73.703125,10,0,4.761904716491699,0,0,0,0,5,0,0,13.281978607177734,25769803776,0,18432573440,0
200,1790717925903,4,4,4,4,4,4,4,4,4,4,71.64312744140625,69.3503646850586,69.2137680053711,69.92554473876953,61.89691162109375,70.8308334350586,73.703125,14.285715103149414,8.69565200805664,0,0,0,0,4.545454502105713,4.761904716491699,0,0,13.281978607177734,25769803776,0,18432638976,0
203,1790717926104,4,4,4,4,4,4,4,4,4,4,71.6152114868164,69.24230194091797,69.19390106201172,69.9036865234375,61.88499450683594,70.79383850097656,73.46875,10.526315689086914,0,4.761904716491699,0,0,0,0,5,0,0,13.281978607177734,25769803776,0,18432606208,0
209,1790717926308,4,4,4,4,4,4,4,4,4,4,71.6152114868164,69.24230194091797,69.19390106201172,69.9036865234375,61.88499450683594,70.79383850097656,73.46875,14.285715103149414,9.523809432983398,5,0,0,0,0,9.523809432983398,0,0,13.281978607177734,25769803776,0,18432737280,0
209,1790717926518,4,4,4,4,4,4,4,4,4,4,71.6152114868164,69.24230194091797,69.19390106201172,69.9036865234375,61.88499450683594,70.79383850097656,73.46875,10,0,0,0,0,0,0,4.761904716491699,0,0,13.263362884521484,25769803776,0,18432737280,0
209,1790717926728,4,4,4,4,4,4,4,4,4,4,71.6152114868164,69.24230194091797,69.19390106201172,69.9036865234375,61.88499450683594,70.79383850097656,73.46875,27.272727966308594,38.095237731933594,14.285715103149414,9.523809432983398,4.545454502105713,0,0,4.761904716491699,0,0,13.263362884521484,25769803776,0,18439979008,0
209,1790717926938,4,4,4,4,4,4,4,4,4,4,71.6152114868164,69.24230194091797,69.19390106201172,69.9036865234375,61.88499450683594,70.79383850097656,73.46875,28.571430206298828,33.333335876464844,5,4.761904716491699,4.761904716491699,0,0,4.761904716491699,0,0,13.263362884521484,25769803776,0,18438193152,0
199,1790717927148,4,4,4,4,4,4,4,4,4,4,71.57427978515625,69.24186706542969,69.15962219238281,69.84711456298828,61.84600067138672,70.73578643798828,73.46875,40,14.285715103149414,4.545454502105713,0,0,0,4.761904716491699,0,0,0,13.263362884521484,25769803776,0,18438193152,0
204,1790717927348,4,4,4,4,4,4,4,4,4,4,71.57427978515625,69.24186706542969,69.15962219238281,69.84711456298828,61.84600067138672,70.73578643798828,73.46875,25,19.047618865966797,15.000000953674316,5.263157844543457,0,9.523809432983398,0,5,0,0,13.263362884521484,25769803776,0,18438193152,0
200,1790717927553,4,4,4,4,4,4,4,4,4,4,71.57427978515625,69.24186706542969,69.15962219238281,69.84711456298828,61.84600067138672,70.73578643798828,73.46875,15.000000953674316,0,0,0,0,0,0,5,0,0,13.495429992675781,25769803776,0,18438193152,0
200,1790717927754,4,4,4,4,4,4,4,4,4,4,71.57427978515625,69.24186706542969,69.15962219238281,69.84711456298828,61.84600067138672,70.73578643798828,73.46875,10,0,0,4.761904716491699,0,0,0,9.523809432983398,0,0,13.495429992675781,25769803776,0,18487345152,0
209,1790717927955,4,4,4,4,4,4,4,4,4,4,71.57427978515625,69.24186706542969,69.15962219238281,69.84711456298828,61.84600067138672,70.73578643798828,73.46875,15.000000953674316,5,4.761904716491699,0,0,0,0,5.263157844543457,0,0,13.495429992675781,25769803776,0,18487394304,0
209,1790717928165,4,4,4,4,4,4,4,4,4,4,71.48374938964844,69.22635650634766,69.14102935791016,69.76063537597656,61.83832550048828,70.62176513671875,73.234375,9.523809432983398,4.545454502105713,4.761904716491699,0,0,0,0,4.761904716491699,0,0,13.495429992675781,25769803776,0,18489589760,0
200,1790717928375,4,4,4,4,4,4,4,4,4,4,71.48374938964844,69.22635650634766,69.14102935791016,69.76063537597656,61.83832550048828,70.62176513671875,73.234375,5,0,0,4.545454502105713,0,0,0,4.545454502105713,0,0,13.495429992675781,25769803776,0,18487427072,0
209,1790717928576,4,4,4,4,4,4,4,4,4,4,71.48374938964844,69.22635650634766,69.14102935791016,69.76063537597656,61.83832550048828,70.62176513671875,73.234375,14.285715103149414,0,4.761904716491699,0,0,0,0,5.263157844543457,0,0,13.346527099609375,25769803776,0,18487427072,0
204,1790717928786,4,4,4,4,4,4,4,4,4,4,71.48374938964844,69.22635650634766,69.14102935791016,69.76063537597656,61.83832550048828,70.62176513671875,73.234375,9.523809432983398,9.090909004211426,0,0,0,0,0,4.761904716491699,0,0,13.346527099609375,25769803776,0,18487443456,0
209,1790717928991,4,4,4,4,4,4,4,4,4,4,71.39434051513672,69.0901870727539,68.94927978515625,69.67047119140625,61.71135711669922,70.49427795410156,73.234375,15.000000953674316,0,0,0,4.761904716491699,4.761904716491699,0,9.523809432983398,0,0,13.346527099609375,25769803776,0,18487689216,0
209,1790717929201,4,4,4,4,4,4,4,4,4,4,71.39434051513672,69.0901870727539,68.94927978515625,69.67047119140625,61.71135711669922,70.49427795410156,73.234375,18.18181800842285,0,0,0,4.545454502105713,0,0,4.761904716491699,4.545454502105713,0,13.346527099609375,25769803776,0,18487705600,0
209,1790717929411,4,4,4,4,4,4,4,4,4,4,71.39434051513672,69.0901870727539,68.94927978515625,69.67047119140625,61.71135711669922,70.49427795410156,73.234375,9.523809432983398,9.090909004211426,9.090909004211426,0,0,0,9.523809432983398,0,0,0,13.346527099609375,25769803776,0,18487754752,0
200,1790717929621,4,4,4,4,4,4,4,4,4,4,71.39434051513672,69.0901870727539,68.94927978515625,69.67047119140625,61.71135711669922,70.49427795410156,73.234375,15.000000953674316,0,0,0,0,0,0,9.090909004211426,0,0,13.426544189453125,25769803776,0,18487754752,0
200,1790717929822,4,4,4,4,4,4,4,4,4,4,71.39434051513672,69.0901870727539,68.94927978515625,69.67047119140625,61.71135711669922,70.49427795410156,73.234375,0,4.761904716491699,0,0,0,0,0,0,0,0,13.426544189453125,25769803776,0,18487574528,0
207,1790717930023,4,4,4,4,4,4,4,4,4,4,71.37346649169922,69.06632232666016,68.86222076416016,69.66068267822266,61.60991668701172,70.49050903320313,73.234375,15.000000953674316,5,4.761904716491699,4.761904716491699,0,0,0,5,0,0,13.426544189453125,25769803776,0,18486738944,0
203,1790717930231,4,4,4,4,4,4,4,4,4,4,71.37346649169922,69.06632232666016,68.86222076416016,69.66068267822266,61.60991668701172,70.49050903320313,73.234375,4.761904716491699,5,0,0,0,0,0,9.523809432983398,0,0,13.426544189453125,25769803776,0,18486738944,0
201,1790717930435,4,4,4,4,4,4,4,4,4,4,71.37346649169922,69.06632232666016,68.86222076416016,69.66068267822266,61.60991668701172,70.49050903320313,73.234375,14.285715103149414,5,4.761904716491699,4.761904716491699,0,0,0,4.761904716491699,0,0,13.426544189453125,25769803776,0,18486640640,0
209,1790717930637,4,4,4,4,4,4,4,4,4,4,71.37346649169922,69.06632232666016,68.86222076416016,69.66068267822266,61.60991668701172,70.49050903320313,73.234375,10.526315689086914,4.761904716491699,0,0,0,0,0,5.263157844543457,0,0,13.049449920654297,25769803776,0,18484969472,0
209,1790717930846,4,4,4,4,4,4,4,4,4,4,71.37346649169922,69.06632232666016,68.86222076416016,69.66068267822266,61.60991668701172,70.49050903320313,73.234375,19.047618865966797,0,0,0,0,0,0,9.090909004211426,0,0,13.049449920654297,25769803776,0,18484920320,0
209,1790717931056,4,4,4,4,4,4,4,4,4,4,71.2126235961914,68.85264587402344,68.73963928222656,69.52317810058594,61.55931854248047,70.35478973388672,72.984375,9.523809432983398,4.545454502105713,4.545454502105713,0,0,0,0,4.761904716491699,0,0,13.049449920654297,25769803776,0,18486968320,0
202,1790717931266,4,4,4,4,4,4,4,4,4,4,71.2126235961914,68.85264587402344,68.73963928222656,69.52317810058594,61.55931854248047,70.35478973388672,72.984375,0,4.761904716491699,0,0,0,0,0,0,0,0,13.049449920654297,25769803776,0,18484772864,0
199,1790717931469,4,4,4,4,4,4,4,4,4,4,71.2126235961914,68.85264587402344,68.73963928222656,69.52317810058594,61.55931854248047,70.35478973388672,72.984375,18.18181800842285,15.000000953674316,14.285715103149414,0,0,0,0,10,0,0,13.049449920654297,25769803776,0,18484985856,0
209,1790717931669,4,4,4,4,4,4,4,4,4,4,71.2126235961914,68.85264587402344,68.73963928222656,69.52317810058594,61.55931854248047,70.35478973388672,72.984375,15.000000953674316,0,0,0,0,0,0,5,0,0,13.172027587890625,25769803776,0,18484953088,0
200,1790717931879,4,4,4,4,4,4,4,4,4,4,71.2126235961914,68.85264587402344,68.73963928222656,69.52317810058594,61.55931854248047,70.35478973388672,72.984375,10.526315689086914,4.545454502105713,4.761904716491699,0,0,0,0,4.761904716491699,0,0,13.172027587890625,25769803776,0,18484985856,0
200,1790717932079,4,4,4,4,4,4,4,4,4,4,71.27239227294922,68.86363220214844,68.7455825805664,69.58184051513672,61.564552307128906,70.41189575195313,72.984375,18.18181800842285,5,0,0,0,0,0,9.523809432983398,0,0,13.172027587890625,25769803776,0,18484690944,0
209,1790717932280,4,4,4,4,4,4,4,4,4,4,71.27239227294922,68.86363220214844,68.7455825805664,69.58184051513672,61.564552307128906,70.41189575195313,72.984375,10.526315689086914,0,0,4.761904716491699,4.761904716491699,0,0,5.263157844543457,0,0,13.172027587890625,25769803776,0,18484690944,0
209,1790717932490,4,4,4,4,4,4,4,4,4,4,71.27239227294922,68.86363220214844,68.7455825805664,69.58184051513672,61.564552307128906,70.41189575195313,72.984375,13.636363983154297,4.761904716491699,0,0,0,0,0,0,0,0,12.980464935302734,25769803776,0,18485837824,0
206,1790717932700,4,4,4,4,4,4,4,4,4,4,71.27239227294922,68.86363220214844,68.7455825805664,69.58184051513672,61.564552307128906,70.41189575195313,72.984375,0,0,0,0,0,0,0,9.090909004211426,0,0,12.980464935302734,25769803776,0,18484051968,0
202,1790717932907,4,4,4,4,4,4,4,4,4,4,71.27239227294922,68.86363220214844,68.7455825805664,69.58184051513672,61.564552307128906,70.41189575195313,72.984375,9.523809432983398,0,4.761904716491699,0,0,0,0,5,0,0,12.980464935302734,25769803776,0,18484051968,0
199,1790717933109,4,4,4,4,4,4,4,4,4,4,71.1343994140625,68.76946258544922,68.69041442871094,69.41182708740234,61.503021240234375,70.29637145996094,72.984375,15.000000953674316,0,4.761904716491699,0,0,0,0,5,0,0,12.980464935302734,25769803776,0,18484051968,0
201,1790717933309,4,4,4,4,4,4,4,4,4,4,71.1343994140625,68.76946258544922,68.69041442871094,69.41182708740234,61.503021240234375,70.29637145996094,72.984375,25,10,5,0,0,0,5,20,0,0,12.980464935302734,25769803776,0,18484527104,0
209,1790717933511,4,4,4,4,4,4,4,4,4,4,71.1343994140625,68.76946258544922,68.69041442871094,69.41182708740234,61.503021240234375,70.29637145996094,72.984375,15.000000953674316,9.523809432983398,0,9.523809432983398,0,0,4.761904716491699,10,0,0,13.346031188964844,25769803776,0,18542542848,0
209,1790717933721,4,4,4,4,4,4,4,4,4,4,71.1343994140625,68.76946258544922,68.69041442871094,69.41182708740234,61.503021240234375,70.29637145996094,72.984375,15.000000953674316,4.761904716491699,4.761904716491699,0,0,0,0,4.761904716491699,0,0,13.346031188964844,25769803776,0,18542542848,0
209,1790717933931,4,4,4,4,4,4,4,4,4,4,71.1343994140625,68.76946258544922,68.69041442871094,69.41182708740234,61.503021240234375,70.29637145996094,72.984375,18.18181800842285,5,4.761904716491699,4.761904716491699,0,0,0,0,0,0,13.346031188964844,25769803776,0,18544148480,0
206,1790717934142,4,4,4,4,4,4,4,4,4,4,71.04441833496094,68.80010223388672,68.74006652832031,69.28410339355469,61.60723114013672,70.2317123413086,73.9375,4.761904716491699,9.090909004211426,0,0,0,0,0,4.761904716491699,0,0,13.346031188964844,25769803776,0,18542379008,0
201,1790717934348,4,4,4,4,4,4,4,4,4,4,71.04441833496094,68.80010223388672,68.74006652832031,69.28410339355469,61.60723114013672,70.2317123413086,73.9375,10,4.761904716491699,0,4.761904716491699,0,0,0,9.523809432983398,0,0,13.346031188964844,25769803776,0,18542379008,0
200,1790717934550,4,4,4,4,4,4,4,4,4,4,71.04441833496094,68.80010223388672,68.74006652832031,69.28410339355469,61.60723114013672,70.2317123413086,73.9375,20,5,9.523809432983398,0,0,0,0,5,0,0,12.831268310546875,25769803776,0,18542379008,0
209,1790717934750,4,4,4,4,4,4,4,4,4,4,71.04441833496094,68.80010223388672,68.74006652832031,69.28410339355469,61.60723114013672,70.2317123413086,73.9375,15.000000953674316,0,4.761904716491699,0,0,0,0,9.523809432983398,0,0,12.831268310546875,25769803776,0,18542379008,0
209,1790717934960,4,4,4,4,4,4,4,4,4,4,71.04441833496094,68.80010223388672,68.74006652832031,69.28410339355469,61.60723114013672,70.2317123413086,73.9375,9.523809432983398,0,0,0,0,0,0,4.761904716491699,0,0,12.831268310546875,25769803776,0,18529484800,0
209,1790717935170,4,4,4,4,4,4,4,4,4,4,71.03875732421875,68.67881774902344,68.51628112792969,69.25186157226563,61.40101623535156,70.21820068359375,72.75,14.285715103149414,9.090909004211426,0,0,0,0,0,9.523809432983398,0,0,12.831268310546875,25769803776,0,18529386496,0
209,1790717935380,4,4,4,4,4,4,4,4,4,4,71.03875732421875,68.67881774902344,68.51628112792969,69.25186157226563,61.40101623535156,70.21820068359375,72.75,13.636363983154297,0,4.761904716491699,0,0,0,9.090909004211426,0,0,0,12.831268310546875,25769803776,0,18531319808,0
200,1790717935590,4,4,4,4,4,4,4,4,4,4,71.03875732421875,68.67881774902344,68.51628112792969,69.25186157226563,61.40101623535156,70.21820068359375,72.75,4.761904716491699,0,0,0,0,0,0,0,0,0,12.783031463623047,25769803776,0,18529075200,0
206,1790717935791,4,4,4,4,4,4,4,4,4,4,71.03875732421875,68.67881774902344,68.51628112792969,69.25186157226563,61.40101623535156,70.21820068359375,72.75,10.526315689086914,5,5,0,4.761904716491699,0,0,5,0,0,12.783031463623047,25769803776,0,18529189888,0
206,1790717935998,4,4,4,4,4,4,4,4,4,4,71.12213134765625,68.71115112304688,68.51431274414063,69.33766174316406,61.35541534423828,70.26399993896484,72.75,14.285715103149414,4.761904716491699,4.761904716491699,0,0,0,0,5,0,0,12.783031463623047,25769803776,0,18514296832,0
209,1790717936205,4,4,4,4,4,4,4,4,4,4,71.12213134765625,68.71115112304688,68.51431274414063,69.33766174316406,61.35541534423828,70.26399993896484,72.75,10,0,0,0,0,0,5,0,0,0,12.783031463623047,25769803776,0,18514296832,0
200,1790717936415,4,4,4,4,4,4,4,4,4,4,71.12213134765625,68.71115112304688,68.51431274414063,69.33766174316406,61.35541534423828,70.26399993896484,72.75,9.523809432983398,4.761904716491699,0,0,0,0,0,9.523809432983398,0,0,12.783031463623047,25769803776,0,18514296832,0
209,1790717936615,4,4,4,4,4,4,4,4,4,4,71.12213134765625,68.71115112304688,68.51431274414063,69.33766174316406,61.35541534423828,70.26399993896484,72.75,14.285715103149414,4.761904716491699,0,0,0,0,10,0,0,0,13.227741241455078,25769803776,0,18514132992,0
209,1790717936825,4,4,4,4,4,4,4,4,4,4,71.12213134765625,68.71115112304688,68.51431274414063,69.33766174316406,61.35541534423828,70.26399993896484,72.75,5.263157844543457,0,4.761904716491699,0,0,0,0,4.761904716491699,0,0,13.227741241455078,25769803776,0,18516787200,0
201,1790717937035,4,4,4,4,4,4,4,4,4,4,70.86766815185547,68.69713592529297,68.37334442138672,69.16093444824219,61.26979064941406,70.12158966064453,72.75,9.090909004211426,0,0,0,0,9.090909004211426,0,0,0,0,13.227741241455078,25769803776,0,18514460672,0
209,1790717937237,4,4,4,4,4,4,4,4,4,4,70.86766815185547,68.69713592529297,68.37334442138672,69.16093444824219,61.26979064941406,70.12158966064453,72.75,5,9.523809432983398,0,0,0,0,0,5,0,0,13.227741241455078,25769803776,0,18514296832,0
209,1790717937447,4,4,4,4,4,4,4,4,4,4,70.86766815185547,68.69713592529297,68.37334442138672,69.16093444824219,61.26979064941406,70.12158966064453,72.75,10,0,0,4.545454502105713,0,0,0,9.090909004211426,0,0,13.227741241455078,25769803776,0,18514296832,0
200,1790717937657,4,4,4,4,4,4,4,4,4,4,70.86766815185547,68.69713592529297,68.37334442138672,69.16093444824219,61.26979064941406,70.12158966064453,72.75,18.18181800842285,4.761904716491699,4.761904716491699,0,0,0,0,5,0,0,13.307476043701172,25769803776,0,18514296832,0
201,1790717937858,4,4,4,4,4,4,4,4,4,4,70.86766815185547,68.69713592529297,68.37334442138672,69.16093444824219,61.26979064941406,70.12158966064453,72.75,14.285715103149414,4.761904716491699,4.761904716491699,0,0,0,0,9.523809432983398,0,0,13.307476043701172,25769803776,0,18514296832,0
209,1790717938060,4,4,4,4,4,4,4,4,4,4,70.79708099365234,68.60755920410156,68.3223876953125,69.14956665039063,61.29020690917969,70.0806655883789,72.75,10.526315689086914,0,0,0,0,0,5,0,0,0,13.307476043701172,25769803776,0,18514132992,0
209,1790717938270,4,4,4,4,4,4,4,4,4,4,70.79708099365234,68.60755920410156,68.3223876953125,69.14956665039063,61.29020690917969,70.0806655883789,72.75,14.285715103149414,4.761904716491699,4.545454502105713,0,0,0,0,4.761904716491699,0,0,13.307476043701172,25769803776,0,18516000768,0
199,1790717938480,4,4,4,4,4,4,4,4,4,4,70.79708099365234,68.60755920410156,68.3223876953125,69.14956665039063,61.29020690917969,70.0806655883789,72.75,0,0,0,4.545454502105713,0,0,0,0,0,0,12.901123046875,25769803776,0,18514083840,0
209,1790717938680,4,4,4,4,4,4,4,4,4,4,70.79708099365234,68.60755920410156,68.3223876953125,69.14956665039063,61.29020690917969,70.0806655883789,72.75,10,0,0,0,0,0,4.761904716491699,10,0,0,12.901123046875,25769803776,0,18513887232,0
206,1790717938890,4,4,4,4,4,4,4,4,4,4,70.79708099365234,68.60755920410156,68.3223876953125,69.14956665039063,61.29020690917969,70.0806655883789,72.75,9.090909004211426,4.545454502105713,0,0,0,0,0,9.523809432983398,0,0,12.901123046875,25769803776,0,18513887232,0
202,1790717939097,4,4,4,4,4,4,4,4,4,4,70.7363052368164,68.60543060302734,68.32705688476563,69.14710998535156,61.279266357421875,70.04460906982422,72.75,10,4.761904716491699,4.761904716491699,0,0,0,0,5,0,0,12.901123046875,25769803776,0,18513870848,0
201,1790717939300,4,4,4,4,4,4,4,4,4,4,70.7363052368164,68.60543060302734,68.32705688476563,69.14710998535156,61.279266357421875,70.04460906982422,72.75,14.285715103149414,0,0,0,4.761904716491699,0,0,5,0,0,12.901123046875,25769803776,0,18513887232,0
209,1790717939501,4,4,4,4,4,4,4,4,4,4,70.7363052368164,68.60543060302734,68.32705688476563,69.14710998535156,61.279266357421875,70.04460906982422,72.75,10.526315689086914,5,4.761904716491699,4.761904716491699,0,0,5,0,0,0,12.993843078613281,25769803776,0,18513887232,0
209,1790717939711,4,4,4,4,4,4,4,4,4,4,70.7363052368164,68.60543060302734,68.32705688476563,69.14710998535156,61.279266357421875,70.04460906982422,72.75,14.285715103149414,0,4.761904716491699,0,0,0,0,9.090909004211426,0,0,12.993843078613281,25769803776,0,18513887232,0
204,1790717939921,4,4,4,4,4,4,4,4,4,4,70.7363052368164,68.60543060302734,68.32705688476563,69.14710998535156,61.279266357421875,70.04460906982422,72.75,4.761904716491699,4.761904716491699,0,0,0,0,0,0,0,0,12.993843078613281,25769803776,0,18513887232,0
207,1790717940126,4,4,4,4,4,4,4,4,4,4,70.75504302978516,68.59037780761719,68.30896759033203,69.1473388671875,61.254539489746094,70.05290222167969,72.75,9.523809432983398,5.263157844543457,0,4.761904716491699,0,0,0,5,0,0,12.993843078613281,25769803776,0,18513494016,0
200,1790717940334,4,4,4,4,4,4,4,4,4,4,70.75504302978516,68.59037780761719,68.30896759033203,69.1473388671875,61.254539489746094,70.05290222167969,72.75,14.285715103149414,9.090909004211426,4.545454502105713,0,0,0,4.761904716491699,9.523809432983398,0,0,12.993843078613281,25769803776,0,18513494016,0
209,1790717940535,4,4,4,4,4,4,4,4,4,4,70.75504302978516,68.59037780761719,68.30896759033203,69.1473388671875,61.254539489746094,70.05290222167969,72.75,10.526315689086914,0,0,0,0,0,0,5,0,0,12.997486114501953,25769803776,0,18513526784,0
200,1790717940745,4,4,4,4,4,4,4,4,4,4,70.75504302978516,68.59037780761719,68.30896759033203,69.1473388671875,61.254539489746094,70.05290222167969,72.75,15.000000953674316,0,4.545454502105713,0,0,0,0,4.761904716491699,0,0,12.997486114501953,25769803776,0,18513657856,0
209,1790717940945,4,4,4,4,4,4,4,4,4,4,70.75504302978516,68.59037780761719,68.30896759033203,69.1473388671875,61.254539489746094,70.05290222167969,72.75,47.619049072265625,35,40,0,0,0,0,10,0,0,12.997486114501953,25769803776,0,18513657856,0
209,1790717941155,4,4,4,4,4,4,4,4,4,4,70.60350799560547,68.52589416503906,68.2762222290039,69.14569854736328,61.20777893066406,70.00035858154297,72.75,55,36.3636360168457,23.809524536132813,9.090909004211426,0,0,0,4.761904716491699,0,0,12.997486114501953,25769803776,0,18516623360,0
200,1790717941365,4,4,4,4,4,4,4,4,4,4,70.60350799560547,68.52589416503906,68.2762222290039,69.14569854736328,61.20777893066406,70.00035858154297,72.75,59.09090805053711,42.85714340209961,0,0,0,0,0,0,0,0,12.997486114501953,25769803776,0,18514313216,0
204,1790717941566,4,4,4,4,4,4,4,4,4,4,70.60350799560547,68.52589416503906,68.2762222290039,69.14569854736328,61.20777893066406,70.00035858154297,72.75,15.000000953674316,15.000000953674316,10,0,0,0,0,5,0,0,13.062576293945313,25769803776,0,18514788352,0
207,1790717941771,4,4,4,4,4,4,4,4,4,4,70.60350799560547,68.52589416503906,68.2762222290039,69.14569854736328,61.20777893066406,70.00035858154297,72.75,10,0,4.761904716491699,0,0,0,0,9.523809432983398,0,0,13.062576293945313,25769803776,0,18514788352,0
206,1790717941978,4,4,4,4,4,4,4,4,4,4,70.68473815917969,68.5873031616211,68.28350830078125,69.14698791503906,61.23541259765625,70.03562927246094,72.75,14.285715103149414,9.090909004211426,4.761904716491699,0,0,0,0,4.761904716491699,0,0,13.062576293945313,25769803776,0,18514853888,0
200,1790717942185,4,4,4,4,4,4,4,4,4,4,70.68473815917969,68.5873031616211,68.28350830078125,69.14698791503906,61.23541259765625,70.03562927246094,72.75,14.285715103149414,0,0,0,0,0,0,5,0,0,13.062576293945313,25769803776,0,18514886656,0
209,1790717942385,4,4,4,4,4,4,4,4,4,4,70.68473815917969,68.5873031616211,68.28350830078125,69.14698791503906,61.23541259765625,70.03562927246094,72.75,5.263157844543457,0,0,0,0,0,0,10,0,0,13.062576293945313,25769803776,0,18514755584,0
209,1790717942595,4,4,4,4,4,4,4,4,4,4,70.68473815917969,68.5873031616211,68.28350830078125,69.14698791503906,61.23541259765625,70.03562927246094,72.75,13.636363983154297,0,4.761904716491699,0,0,0,0,4.761904716491699,0,0,13.028705596923828,25769803776,0,18514722816,0
204,1790717942805,4,4,4,4,4,4,4,4,4,4,70.68473815917969,68.5873031616211,68.28350830078125,69.14698791503906,61.23541259765625,70.03562927246094,72.75,4.761904716491699,4.761904716491699,0,0,0,0,0,0,0,0,13.028705596923828,25769803776,0,18514722816,0
200,1790717943009,4,4,4,4,4,4,4,4,4,4,70.46038818359375,68.43931579589844,68.28366088867188,69.14019012451172,61.209327697753906,69.98934173583984,72.75,10,0,0,4.761904716491699,4.761904716491699,0,0,9.090909004211426,0,0,13.028705596923828,25769803776,0,18514722816,0
206,1790717943210,4,4,4,4,4,4,4,4,4,4,70.46038818359375,68.43931579589844,68.28366088867188,69.14019012451172,61.209327697753906,69.98934173583984,72.75,15.000000953674316,4.761904716491699,5,0,0,0,0,5.263157844543457,0,0,13.028705596923828,25769803776,0,18514755584,0
204,1790717943417,4,4,4,4,4,4,4,4,4,4,70.46038818359375,68.43931579589844,68.28366088867188,69.14019012451172,61.209327697753906,69.98934173583984,72.75,10,5,0,4.545454502105713,0,0,0,9.090909004211426,0,0,13.028705596923828,25769803776,0,18514804736,0
200,1790717943622,4,4,4,4,4,4,4,4,4,4,70.46038818359375,68.43931579589844,68.28366088867188,69.14019012451172,61.209327697753906,69.98934173583984,72.75,14.285715103149414,4.761904716491699,0,0,0,0,0,5,0,0,13.171772003173828,25769803776,0,18514149376,0
209,1790717943823,4,4,4,4,4,4,4,4,4,4,70.46038818359375,68.43931579589844,68.28366088867188,69.14019012451172,61.209327697753906,69.98934173583984,72.75,20,10,9.523809432983398,0,0,0,0,5,0,0,13.171772003173828,25769803776,0,18514149376,0
209,1790717944033,4,4,4,4,4,4,4,4,4,4,70.45632934570313,68.36322021484375,68.22100067138672,69.13619995117188,61.1075439453125,69.98639678955078,72.75,75,23.809524536132813,5,0,0,0,4.761904716491699,0,0,0,13.171772003173828,25769803776,0,18514149376,0
209,1790717944243,4,4,4,4,4,4,4,4,4,4,70.45632934570313,68.36322021484375,68.22100067138672,69.13619995117188,61.1075439453125,69.98639678955078,72.75,85.71428680419922,20,9.523809432983398,0,0,0,0,9.090909004211426,4.545454502105713,0,13.171772003173828,25769803776,0,18531319808,0
204,1790717944453,4,4,4,4,4,4,4,4,4,4,70.45632934570313,68.36322021484375,68.22100067138672,69.13619995117188,61.1075439453125,69.98639678955078,72.75,77.2727279663086,27.272727966308594,9.523809432983398,4.761904716491699,0,0,4.761904716491699,0,0,0,13.171772003173828,25769803776,0,18531729408,0
209,1790717944658,4,4,4,4,4,4,4,4,4,4,70.45632934570313,68.36322021484375,68.22100067138672,69.13619995117188,61.1075439453125,69.98639678955078,72.75,73.68421173095703,30.000001907348633,5,0,0,0,0,5,0,0,12.768047332763672,25769803776,0,18538692608,0
203,1790717944868,4,4,4,4,4,4,4,4,4,4,70.45632934570313,68.36322021484375,68.22100067138672,69.13619995117188,61.1075439453125,69.98639678955078,72.75,66.66667175292969,33.333335876464844,18.18181800842285,13.636363983154297,14.285715103149414,4.761904716491699,0,4.761904716491699,0,0,12.768047332763672,25769803776,0,18548162560,0
207,1790717945072,4,4,4,4,4,4,4,4,4,4,70.50359344482422,68.54986572265625,68.23128509521484,69.13843536376953,61.12701416015625,69.99227905273438,72.75,47.619049072265625,45,15.789472579956055,25,14.285715103149414,0,0,9.523809432983398,0,0,12.768047332763672,25769803776,0,18548162560,0
209,1790717945280,4,4,4,4,4,4,4,4,4,4,70.50359344482422,68.54986572265625,68.23128509521484,69.13843536376953,61.12701416015625,69.99227905273438,72.75,85.71428680419922,23.809524536132813,9.523809432983398,5,5,4.545454502105713,0,4.761904716491699,0,0,12.768047332763672,25769803776,0,18562695168,0
209,1790717945490,4,4,4,4,4,4,4,4,4,4,70.50359344482422,68.54986572265625,68.23128509521484,69.13843536376953,61.12701416015625,69.99227905273438,72.75,65,61.904762268066406,40.90909194946289,36.3636360168457,23.809524536132813,19.047618865966797,4.545454502105713,9.523809432983398,0,0,13.165164947509766,25769803776,0,18584322048,0
209,1790717945700,4,4,4,4,4,4,4,4,4,4,70.50359344482422,68.54986572265625,68.23128509521484,69.13843536376953,61.12701416015625,69.99227905273438,72.75,23.809524536132813,15.000000953674316,10,9.523809432983398,4.761904716491699,4.761904716491699,0,0,0,0,13.165164947509766,25769803776,0,18567544832,0
209,1790717945910,4,4,4,4,4,4,4,4,4,4,70.50359344482422,68.54986572265625,68.23128509521484,69.13843536376953,61.12701416015625,69.99227905273438,72.75,9.523809432983398,9.090909004211426,4.761904716491699,4.761904716491699,0,0,0,4.761904716491699,0,0,13.165164947509766,25769803776,0,18565627904,0
208,1790717946120,4,4,4,4,4,4,4,4,4,4,70.43942260742188,68.5198745727539,68.29441833496094,69.13386535644531,61.213043212890625,69.98664093017578,72.515625,14.285715103149414,0,0,0,0,0,0,9.090909004211426,0,0,13.165164947509766,25769803776,0,18565627904,0
204,1790717946328,4,4,4,4,4,4,4,4,4,4,70.43942260742188,68.5198745727539,68.29441833496094,69.13386535644531,61.213043212890625,69.98664093017578,72.515625,9.523809432983398,4.761904716491699,9.090909004211426,0,0,0,4.545454502105713,0,0,0,13.165164947509766,25769803776,0,18565726208,0
201,1790717946533,4,4,4,4,4,4,4,4,4,4,70.43942260742188,68.5198745727539,68.29441833496094,69.13386535644531,61.213043212890625,69.98664093017578,72.515625,15.000000953674316,4.761904716491699,0,0,0,0,0,5,0,0,13.271759033203125,25769803776,0,18565578752,0
209,1790717946735,4,4,4,4,4,4,4,4,4,4,70.43942260742188,68.5198745727539,68.29441833496094,69.13386535644531,61.213043212890625,69.98664093017578,72.515625,10,0,0,0,0,0,0,9.523809432983398,0,0,13.271759033203125,25769803776,0,18565578752,0
209,1790717946945,4,4,4,4,4,4,4,4,4,4,70.43942260742188,68.5198745727539,68.29441833496094,69.13386535644531,61.213043212890625,69.98664093017578,72.515625,19.047618865966797,9.090909004211426,4.761904716491699,4.761904716491699,0,0,0,4.761904716491699,0,0,13.271759033203125,25769803776,0,18565578752,0
209,1790717947155,4,4,4,4,4,4,4,4,4,4,70.20771026611328,68.28096771240234,68.11595153808594,69.06163787841797,61.03644561767578,69.84019470214844,72.515625,9.523809432983398,0,4.761904716491699,0,0,0,0,0,0,0,13.271759033203125,25769803776,0,18565578752,0
207,1790717947365,4,4,4,4,4,4,4,4,4,4,70.20771026611328,68.28096771240234,68.11595153808594,69.06163787841797,61.03644561767578,69.84019470214844,72.515625,4.761904716491699,4.545454502105713,4.545454502105713,0,0,0,0,4.761904716491699,0,0,13.271759033203125,25769803776,0,18566709248,0
209,1790717947573,4,4,4,4,4,4,4,4,4,4,70.20771026611328,68.28096771240234,68.11595153808594,69.06163787841797,61.03644561767578,69.84019470214844,72.515625,10,0,0,0,0,0,0,9.523809432983398,0,0,13.18734359741211,25769803776,0,18566856704,0
207,1790717947783,4,4,4,4,4,4,4,4,4,4,70.20771026611328,68.28096771240234,68.11595153808594,69.06163787841797,61.03644561767578,69.84019470214844,72.515625,9.523809432983398,4.545454502105713,0,0,0,0,0,9.523809432983398,0,0,13.18734359741211,25769803776,0,18566856704,0
207,1790717947990,4,4,4,4,4,4,4,4,4,4,70.2669677734375,68.23149108886719,68.0936050415039,69.08734130859375,61.043006896972656,69.8825912475586,72.515625,14.285715103149414,0,4.545454502105713,4.761904716491699,0,0,0,4.761904716491699,0,0,13.18734359741211,25769803776,0,18566905856,0
204,1790717948198,4,4,4,4,4,4,4,4,4,4,70.2669677734375,68.23149108886719,68.0936050415039,69.08734130859375,61.043006896972656,69.8825912475586,72.515625,9.523809432983398,9.090909004211426,4.761904716491699,0,0,0,0,5,0,0,13.18734359741211,25769803776,0,18566905856,0
209,1790717948402,4,4,4,4,4,4,4,4,4,4,70.2669677734375,68.23149108886719,68.0936050415039,69.08734130859375,61.043006896972656,69.8825912475586,72.515625,14.285715103149414,0,0,0,4.761904716491699,4.545454502105713,0,5,0,0,13.18734359741211,25769803776,0,18567069696,0
209,1790717948612,4,4,4,4,4,4,4,4,4,4,70.2669677734375,68.23149108886719,68.0936050415039,69.08734130859375,61.043006896972656,69.8825912475586,72.515625,14.285715103149414,4.545454502105713,4.761904716491699,0,0,0,0,9.090909004211426,0,0,12.57101821899414,25769803776,0,18567069696,0
204,1790717948822,4,4,4,4,4,4,4,4,4,4,70.2669677734375,68.23149108886719,68.0936050415039,69.08734130859375,61.043006896972656,69.8825912475586,72.515625,5,0,0,0,0,0,0,0,0,0,12.57101821899414,25769803776,0,18568921088,0
209,1790717949028,4,4,4,4,4,4,4,4,4,4,70.27207946777344,68.26227569580078,68.09423828125,69.09033203125,61.02497863769531,69.89424896240234,72.515625,10,0,0,0,4.545454502105713,0,0,4.761904716491699,0,0,12.57101821899414,25769803776,0,18567053312,0
199,1790717949238,4,4,4,4,4,4,4,4,4,4,70.27207946777344,68.26227569580078,68.09423828125,69.09033203125,61.02497863769531,69.89424896240234,72.515625,18.18181800842285,0,4.545454502105713,0,0,0,0,9.523809432983398,0,0,12.57101821899414,25769803776,0,18567053312,0
201,1790717949438,4,4,4,4,4,4,4,4,4,4,70.27207946777344,68.26227569580078,68.09423828125,69.09033203125,61.02497863769531,69.89424896240234,72.515625,10,9.523809432983398,0,0,0,0,0,5,0,0,12.57101821899414,25769803776,0,18566774784,0
202,1790717949640,4,4,4,4,4,4,4,4,4,4,70.27207946777344,68.26227569580078,68.09423828125,69.09033203125,61.02497863769531,69.89424896240234,72.515625,10,0,0,0,0,0,4.761904716491699,5,0,0,12.925895690917969,25769803776,0,18566774784,0
209,1790717949842,4,4,4,4,4,4,4,4,4,4,70.27207946777344,68.26227569580078,68.09423828125,69.09033203125,61.02497863769531,69.89424896240234,72.515625,15.000000953674316,5,9.523809432983398,0,0,0,0,9.523809432983398,0,0,12.925895690917969,25769803776,0,18566660096,0
209,1790717950052,4,4,4,4,4,4,4,4,4,4,70.3222885131836,68.27992248535156,68.1317367553711,69.1087875366211,61.035797119140625,69.93035888671875,72.75,18.18181800842285,9.090909004211426,0,4.545454502105713,0,0,0,4.761904716491699,0,0,12.925895690917969,25769803776,0,18566447104,0
207,1790717950262,4,4,4,4,4,4,4,4,4,4,70.3222885131836,68.27992248535156,68.1317367553711,69.1087875366211,61.035797119140625,69.93035888671875,72.75,0,0,0,0,0,0,0,0,0,0,12.925895690917969,25769803776,0,18566365184,0
202,1790717950470,4,4,4,4,4,4,4,4,4,4,70.3222885131836,68.27992248535156,68.1317367553711,69.1087875366211,61.035797119140625,69.93035888671875,72.75,10,4.761904716491699,0,4.761904716491699,0,0,0,5,4.545454502105713,0,12.925895690917969,25769803776,0,18565955584,0
209,1790717950673,4,4,4,4,4,4,4,4,4,4,70.3222885131836,68.27992248535156,68.1317367553711,69.1087875366211,61.035797119140625,69.93035888671875,72.75,14.285715103149414,0,0,0,0,0,0,9.523809432983398,0,0,15.381294250488281,25769803776,0,18565955584,0
206,1790717950883,4,4,4,4,4,4,4,4,4,4,70.3222885131836,68.27992248535156,68.1317367553711,69.1087875366211,61.035797119140625,69.93035888671875,72.75,9.523809432983398,4.761904716491699,4.545454502105713,0,0,0,4.761904716491699,0,0,0,15.381294250488281,25769803776,0,18564808704,0
201,1790717951090,4,4,4,4,4,4,4,4,4,4,70.11943817138672,68.23423767089844,67.93865203857422,69.01473999023438,60.951271057128906,69.72998809814453,72.515625,14.285715103149414,4.761904716491699,4.761904716491699,4.545454502105713,0,0,0,5,0,0,15.381294250488281,25769803776,0,18564481024,0
209,1790717951292,4,4,4,4,4,4,4,4,4,4,70.11943817138672,68.23423767089844,67.93865203857422,69.01473999023438,60.951271057128906,69.72998809814453,72.515625,10,0,4.761904716491699,4.761904716491699,0,0,0,9.523809432983398,0,0,15.381294250488281,25769803776,0,18564481024,0
209,1790717951502,4,4,4,4,4,4,4,4,4,4,70.11943817138672,68.23423767089844,67.93865203857422,69.01473999023438,60.951271057128906,69.72998809814453,72.515625,10,4.761904716491699,0,0,0,0,0,4.761904716491699,0,0,13.379814147949219,25769803776,0,18564399104,0
205,1790717951712,4,4,4,4,4,4,4,4,4,4,70.11943817138672,68.23423767089844,67.93865203857422,69.01473999023438,60.951271057128906,69.72998809814453,72.515625,9.090909004211426,0,0,0,0,0,0,0,0,0,13.379814147949219,25769803776,0,18565316608,0
204,1790717951918,4,4,4,4,4,4,4,4,4,4,70.11943817138672,68.23423767089844,67.93865203857422,69.01473999023438,60.951271057128906,69.72998809814453,72.515625,10,4.761904716491699,0,0,0,0,0,9.090909004211426,0,0,13.379814147949219,25769803776,0,18565316608,0
206,1790717952123,4,4,4,4,4,4,4,4,4,4,70.1318359375,68.19368743896484,67.95897674560547,69.0174331665039,61.02088165283203,69.7354965209961,72.515625,20,15.000000953674316,14.285715103149414,5.263157844543457,4.761904716491699,0,0,5.263157844543457,0,0,13.379814147949219,25769803776,0,18565316608,0
207,1790717952330,4,4,4,4,4,4,4,4,4,4,70.1318359375,68.19368743896484,67.95897674560547,69.0174331665039,61.02088165283203,69.7354965209961,72.515625,19.047618865966797,9.523809432983398,9.523809432983398,13.636363983154297,0,0,0,9.523809432983398,0,0,13.379814147949219,25769803776,0,18565316608,0
204,1790717952537,4,4,4,4,4,4,4,4,4,4,70.1318359375,68.19368743896484,67.95897674560547,69.0174331665039,61.02088165283203,69.7354965209961,72.515625,19.047618865966797,0,5,5,0,0,0,4.761904716491699,0,0,12.616313934326172,25769803776,0,18582044672,0
209,1790717952742,4,4,4,4,4,4,4,4,4,4,70.1318359375,68.19368743896484,67.95897674560547,69.0174331665039,61.02088165283203,69.7354965209961,72.515625,15.000000953674316,9.523809432983398,4.761904716491699,5,0,0,4.761904716491699,9.523809432983398,0,0,12.616313934326172,25769803776,0,18582044672,0
209,1790717952952,4,4,4,4,4,4,4,4,4,4,70.1318359375,68.19368743896484,67.95897674560547,69.0174331665039,61.02088165283203,69.7354965209961,72.515625,19.047618865966797,4.761904716491699,0,4.761904716491699,4.545454502105713,0,0,4.761904716491699,0,0,12.616313934326172,25769803776,0,18581962752,0
209,1790717953162,4,4,4,4,4,4,4,4,4,4,69.98934173583984,68.17936706542969,67.90640258789063,68.93287658691406,60.94800567626953,69.62622833251953,72.515625,9.523809432983398,0,4.545454502105713,0,0,0,0,0,0,0,12.616313934326172,25769803776,0,18583748608,0
209,1790717953373,4,4,4,4,4,4,4,4,4,4,69.98934173583984,68.17936706542969,67.90640258789063,68.93287658691406,60.94800567626953,69.62622833251953,72.515625,9.523809432983398,4.545454502105713,0,0,0,0,4.545454502105713,9.090909004211426,0,0,12.616313934326172,25769803776,0,18581962752,0
209,1790717953582,4,4,4,4,4,4,4,4,4,4,69.98934173583984,68.17936706542969,67.90640258789063,68.93287658691406,60.94800567626953,69.62622833251953,72.515625,9.523809432983398,0,0,0,0,0,0,4.761904716491699,0,0,12.876216888427734,25769803776,0,18582044672,0
209,1790717953793,4,4,4,4,4,4,4,4,4,4,69.98934173583984,68.17936706542969,67.90640258789063,68.93287658691406,60.94800567626953,69.62622833251953,72.515625,9.523809432983398,4.761904716491699,4.545454502105713,4.545454502105713,0,0,0,5,0,0,12.876216888427734,25769803776,0,18581553152,0
209,1790717954003,4,4,4,4,4,4,4,4,4,4,70.09403991699219,68.14892578125,67.83600616455078,68.98917388916016,60.91935729980469,69.69776916503906,72.515625,9.523809432983398,9.523809432983398,4.761904716491699,0,0,0,0,9.090909004211426,0,0,12.876216888427734,25769803776,0,18581733376,0
200,1790717954213,4,4,4,4,4,4,4,4,4,4,70.09403991699219,68.14892578125,67.83600616455078,68.98917388916016,60.91935729980469,69.69776916503906,72.515625,55,9.523809432983398,0,0,0,0,0,4.761904716491699,0,0,12.876216888427734,25769803776,0,18581667840,0
209,1790717954414,4,4,4,4,4,4,4,4,4,4,70.09403991699219,68.14892578125,67.83600616455078,68.98917388916016,60.91935729980469,69.69776916503906,72.515625,28.571430206298828,5,0,0,0,0,0,5,0,0,12.876216888427734,25769803776,0,18581667840,0
209,1790717954624,4,4,4,4,4,4,4,4,4,4,70.09403991699219,68.14892578125,67.83600616455078,68.98917388916016,60.91935729980469,69.69776916503906,72.515625,14.285715103149414,0,4.545454502105713,0,0,0,0,4.761904716491699,0,0,12.386268615722656,25769803776,0,18583879680,0
205,1790717954834,4,4,4,4,4,4,4,4,4,4,70.09403991699219,68.14892578125,67.83600616455078,68.98917388916016,60.91935729980469,69.69776916503906,72.515625,4.761904716491699,4.545454502105713,0,0,0,0,0,4.761904716491699,0,0,12.386268615722656,25769803776,0,18581716992,0
202,1790717955040,4,4,4,4,4,4,4,4,4,4,70.14559936523438,68.1865234375,67.86483764648438,69.02300262451172,60.93950653076172,69.7535629272461,72.515625,10,0,0,9.090909004211426,0,0,0,4.761904716491699,0,0,12.386268615722656,25769803776,0,18567184384,0
202,1790717955243,4,4,4,4,4,4,4,4,4,4,70.14559936523438,68.1865234375,67.86483764648438,69.02300262451172,60.93950653076172,69.7535629272461,72.515625,15.000000953674316,9.523809432983398,9.090909004211426,0,0,0,0,5,0,0,12.386268615722656,25769803776,0,18567086080,0
206,1790717955446,4,4,4,4,4,4,4,4,4,4,70.14559936523438,68.1865234375,67.86483764648438,69.02300262451172,60.93950653076172,69.7535629272461,72.515625,19.047618865966797,0,0,0,0,4.761904716491699,0,5,0,0,12.386268615722656,25769803776,0,18567086080,0
208,1790717955653,4,4,4,4,4,4,4,4,4,4,70.14559936523438,68.1865234375,67.86483764648438,69.02300262451172,60.93950653076172,69.7535629272461,72.515625,19.047618865966797,9.523809432983398,5,0,0,0,0,5,0,0,13.27962875366211,25769803776,0,18566840320,0
209,1790717955862,4,4,4,4,4,4,4,4,4,4,70.14559936523438,68.1865234375,67.86483764648438,69.02300262451172,60.93950653076172,69.7535629272461,72.515625,15.000000953674316,0,4.761904716491699,0,0,0,0,9.090909004211426,0,0,13.27962875366211,25769803776,0,18566807552,0
209,1790717956072,4,4,4,4,4,4,4,4,4,4,70.06919860839844,68.15918731689453,67.81673431396484,68.96781158447266,60.902427673339844,69.65705871582031,72.515625,19.047618865966797,9.090909004211426,4.545454502105713,0,4.761904716491699,4.545454502105713,0,4.761904716491699,0,0,13.27962875366211,25769803776,0,18568953856,0
203,1790717956282,4,4,4,4,4,4,4,4,4,4,70.06919860839844,68.15918731689453,67.81673431396484,68.96781158447266,60.902427673339844,69.65705871582031,72.515625,9.523809432983398,0,0,0,0,0,4.545454502105713,0,0,0,13.27962875366211,25769803776,0,18566774784,0
209,1790717956487,4,4,4,4,4,4,4,4,4,4,70.06919860839844,68.15918731689453,67.81673431396484,68.96781158447266,60.902427673339844,69.65705871582031,72.515625,5,4.761904716491699,5.263157844543457,0,0,0,0,9.523809432983398,0,0,13.0201416015625,25769803776,0,18566774784,0
206,1790717956697,4,4,4,4,4,4,4,4,4,4,70.06919860839844,68.15918731689453,67.81673431396484,68.96781158447266,60.902427673339844,69.65705871582031,72.515625,14.285715103149414,10,0,4.545454502105713,0,0,0,4.761904716491699,0,0,13.0201416015625,25769803776,0,18566791168,0
208,1790717956903,4,4,4,4,4,4,4,4,4,4,70.06919860839844,68.15918731689453,67.81673431396484,68.96781158447266,60.902427673339844,69.65705871582031,72.515625,15.000000953674316,9.090909004211426,9.090909004211426,0,0,0,0,0,5,0,13.0201416015625,25769803776,0,18566823936,0
202,1790717957112,4,4,4,4,4,4,4,4,4,4,69.9748306274414,68.09846496582031,67.76856231689453,68.91065979003906,60.83815002441406,69.61749267578125,72.515625,14.285715103149414,0,0,4.761904716491699,0,0,0,5,0,0,13.0201416015625,25769803776,0,18566021120,0
209,1790717957314,4,4,4,4,4,4,4,4,4,4,69.9748306274414,68.09846496582031,67.76856231689453,68.91065979003906,60.83815002441406,69.61749267578125,72.515625,19.047618865966797,5,0,0,0,0,5,0,0,0,13.0201416015625,25769803776,0,18566021120,0
201,1790717957524,4,4,4,4,4,4,4,4,4,4,69.9748306274414,68.09846496582031,67.76856231689453,68.91065979003906,60.83815002441406,69.61749267578125,72.515625,28.571430206298828,33.333335876464844,18.18181800842285,5,9.090909004211426,0,0,9.090909004211426,0,0,12.675376892089844,25769803776,0,18566021120,0
200,1790717957726,4,4,4,4,4,4,4,4,4,4,69.9748306274414,68.09846496582031,67.76856231689453,68.91065979003906,60.83815002441406,69.61749267578125,72.515625,10,10,0,9.523809432983398,0,0,0,0,0,0,12.675376892089844,25769803776,0,18567725056,0
204,1790717957926,4,4,4,4,4,4,4,4,4,4,69.9748306274414,68.09846496582031,67.76856231689453,68.91065979003906,60.83815002441406,69.61749267578125,72.515625,5.263157844543457,0,4.761904716491699,0,0,0,0,5.263157844543457,0,0,12.675376892089844,25769803776,0,18567757824,0
204,1790717958131,4,4,4,4,4,4,4,4,4,4,69.97636413574219,68.22167205810547,68.06783294677734,68.90647888183594,61.19567108154297,69.6529769897461,72.75,9.523809432983398,4.761904716491699,0,0,0,0,0,9.090909004211426,0,0,12.675376892089844,25769803776,0,18567708672,0
204,1790717958336,4,4,4,4,4,4,4,4,4,4,69.97636413574219,68.22167205810547,68.06783294677734,68.90647888183594,61.19567108154297,69.6529769897461,72.75,0,4.761904716491699,0,0,0,0,4.761904716491699,5,0,0,12.675376892089844,25769803776,0,18567725056,0
204,1790717958541,4,4,4,4,4,4,4,4,4,4,69.97636413574219,68.22167205810547,68.06783294677734,68.90647888183594,61.19567108154297,69.6529769897461,72.75,9.523809432983398,5,4.761904716491699,0,0,0,4.761904716491699,9.523809432983398,4.761904716491699,0,12.091312408447266,25769803776,0,18567725056,0
204,1790717958746,4,4,4,4,4,4,4,4,4,4,69.97636413574219,68.22167205810547,68.06783294677734,68.90647888183594,61.19567108154297,69.6529769897461,72.75,9.523809432983398,4.761904716491699,0,0,0,0,0,5,4.761904716491699,0,12.091312408447266,25769803776,0,18567806976,0
204,1790717958951,4,4,4,4,4,4,4,4,4,4,69.97636413574219,68.22167205810547,68.06783294677734,68.90647888183594,61.19567108154297,69.6529769897461,72.75,5,5,0,0,0,0,0,0,0,0,12.091312408447266,25769803776,0,18567790592,0
204,1790717959156,4,4,4,4,4,4,4,4,4,4,70.47651672363281,68.7440414428711,68.84941864013672,69.12834930419922,61.973060607910156,70.07413482666016,72.75,9.523809432983398,5,0,0,0,0,0,9.523809432983398,0,0,12.091312408447266,25769803776,0,18567888896,0
204,1790717959361,4,4,4,4,4,4,4,4,4,4,70.47651672363281,68.7440414428711,68.84941864013672,69.12834930419922,61.973060607910156,70.07413482666016,72.75,9.523809432983398,4.761904716491699,9.090909004211426,0,0,0,5,4.545454502105713,0,0,12.091312408447266,25769803776,0,18567888896,0
203,1790717959566,4,4,4,4,4,4,4,4,4,4,70.47651672363281,68.7440414428711,68.84941864013672,69.12834930419922,61.973060607910156,70.07413482666016,72.75,15.000000953674316,10,5.263157844543457,5,0,0,0,9.523809432983398,0,0,12.720806121826172,25769803776,0,18567888896,0
204,1790717959770,4,4,4,4,4,4,4,4,4,4,70.47651672363281,68.7440414428711,68.84941864013672,69.12834930419922,61.973060607910156,70.07413482666016,72.75,15.000000953674316,14.285715103149414,9.090909004211426,4.761904716491699,0,4.761904716491699,9.090909004211426,0,0,0,12.720806121826172,25769803776,0,18567970816,0
202,1790717959975,4,4,4,4,4,4,4,4,4,4,70.47651672363281,68.841796875,68.88796997070313,69.12834930419922,62.01728820800781,70.07413482666016,72.75,15.789472579956055,5,5.263157844543457,0,4.761904716491699,0,0,5,0,0,12.720806121826172,25769803776,0,18568052736,0
200,1790717960177,4,4,4,4,4,4,4,4,4,4,70.38707733154297,68.841796875,68.88796997070313,69.10765838623047,62.01728820800781,70.0317611694336,72.75,9.523809432983398,9.523809432983398,4.761904716491699,4.761904716491699,0,0,0,4.761904716491699,0,0,12.720806121826172,25769803776,0,18568036352,0
200,1790717960378,4,4,4,4,4,4,4,4,4,4,70.38707733154297,68.841796875,68.88796997070313,69.10765838623047,62.01728820800781,70.0317611694336,72.75,15.000000953674316,5.263157844543457,5,0,5,0,4.761904716491699,5,4.761904716491699,0,12.720806121826172,25769803776,0,18568036352,0
200,1790717960578,4,4,4,4,4,4,4,4,4,4,70.38707733154297,68.841796875,68.88796997070313,69.10765838623047,62.01728820800781,70.0317611694336,72.75,15.000000953674316,15.000000953674316,5,5,0,0,5.263157844543457,5,0,0,13.198577880859375,25769803776,0,18568036352,0
204,1790717960779,4,4,4,4,4,4,4,4,4,4,70.38707733154297,68.841796875,68.88796997070313,69.10765838623047,62.01728820800781,70.0317611694336,72.75,15.789472579956055,10,10,0,0,0,4.761904716491699,0,0,0,13.198577880859375,25769803776,0,18569216000,0
204,1790717960984,4,4,4,4,4,4,4,4,4,4,70.3624496459961,68.86222076416016,68.62967681884766,69.09030151367188,61.614593505859375,70.0160903930664,72.75,9.523809432983398,10,0,0,0,4.761904716491699,0,9.090909004211426,0,0,13.198577880859375,25769803776,0,18567282688,0
204,1790717961189,4,4,4,4,4,4,4,4,4,4,70.3624496459961,68.86222076416016,68.62967681884766,69.09030151367188,61.614593505859375,70.0160903930664,72.75,10,5,9.523809432983398,4.761904716491699,4.761904716491699,0,0,0,0,0,13.198577880859375,25769803776,0,18567380992,0
204,1790717961394,4,4,4,4,4,4,4,4,4,4,70.3624496459961,68.86222076416016,68.62967681884766,69.09030151367188,61.614593505859375,70.0160903930664,72.75,9.523809432983398,9.523809432983398,0,0,0,0,4.761904716491699,5,0,0,13.198577880859375,25769803776,0,18567331840,0
201,1790717961599,4,4,4,4,4,4,4,4,4,4,70.3624496459961,68.86222076416016,68.62967681884766,69.09030151367188,61.614593505859375,70.0160903930664,72.75,10,5,4.761904716491699,0,0,0,0,0,0,0,13.032878875732422,25769803776,0,18567331840,0
204,1790717961800,4,4,4,4,4,4,4,4,4,4,70.3624496459961,68.86222076416016,68.62967681884766,69.09030151367188,61.614593505859375,70.0160903930664,72.75,15.000000953674316,14.285715103149414,0,4.761904716491699,0,4.761904716491699,0,9.523809432983398,0,0,13.032878875732422,25769803776,0,18567266304,0
204,1790717962005,4,4,4,4,4,4,4,4,4,4,70.37500762939453,68.80828857421875,68.8840103149414,69.1316909790039,62.00969696044922,70.00782012939453,77.140625,10,0,9.090909004211426,4.761904716491699,0,0,0,5,0,0,13.032878875732422,25769803776,0,18567233536,0
204,1790717962210,4,4,4,4,4,4,4,4,4,4,70.37500762939453,68.80828857421875,68.8840103149414,69.1316909790039,62.00969696044922,70.00782012939453,77.140625,19.047618865966797,14.285715103149414,5,15.789472579956055,4.761904716491699,0,0,9.523809432983398,4.761904716491699,0,13.032878875732422,25769803776,0,18567118848,0
204,1790717962415,4,4,4,4,4,4,4,4,4,4,70.37500762939453,68.80828857421875,68.8840103149414,69.1316909790039,62.00969696044922,70.00782012939453,77.140625,70,35,23.809524536132813,14.285715103149414,5,0,9.523809432983398,0,0,0,13.032878875732422,25769803776,0,18566971392,0
204,1790717962620,4,4,4,4,4,4,4,4,4,4,70.37500762939453,68.80828857421875,68.8840103149414,69.1316909790039,62.00969696044922,70.00782012939453,77.140625,19.047618865966797,10,0,4.761904716491699,0,0,0,4.761904716491699,0,0,12.851112365722656,25769803776,0,18566971392,0
204,1790717962825,4,4,4,4,4,4,4,4,4,4,70.37500762939453,68.80828857421875,68.8840103149414,69.1316909790039,62.00969696044922,70.00782012939453,77.140625,10,5,4.761904716491699,0,0,0,0,9.523809432983398,0,4.761904716491699,12.851112365722656,25769803776,0,18566348800,0
204,1790717963031,4,4,4,4,4,4,4,4,4,4,70.393310546875,68.83638763427734,68.86968231201172,69.11181640625,62.00732421875,70.04559326171875,72.75,10,13.636363983154297,4.761904716491699,4.761904716491699,4.761904716491699,0,0,5,0,0,12.851112365722656,25769803776,0,18566545408,0
204,1790717963236,4,4,4,4,4,4,4,4,4,4,70.393310546875,68.83638763427734,68.86968231201172,69.11181640625,62.00732421875,70.04559326171875,72.75,5,0,0,0,0,0,9.523809432983398,0,0,0,12.851112365722656,25769803776,0,18566545408,0
204,1790717963441,4,4,4,4,4,4,4,4,4,4,70.393310546875,68.83638763427734,68.86968231201172,69.11181640625,62.00732421875,70.04559326171875,72.75,4.761904716491699,0,0,0,0,0,0,9.523809432983398,0,0,12.851112365722656,25769803776,0,18566545408,0
204,1790717963646,4,4,4,4,4,4,4,4,4,4,70.393310546875,68.83638763427734,68.86968231201172,69.11181640625,62.00732421875,70.04559326171875,72.75,5,9.090909004211426,4.761904716491699,0,0,0,5,0,4.761904716491699,0,12.940437316894531,25769803776,0,18566545408,0
200,1790717963851,4,4,4,4,4,4,4,4,4,4,70.393310546875,68.83638763427734,68.86968231201172,69.11181640625,62.00732421875,70.04559326171875,72.75,4.761904716491699,0,0,0,0,0,0,5,4.545454502105713,0,12.940437316894531,25769803776,0,18561974272,0
204,1790717964051,4,4,4,4,4,4,4,4,4,4,70.35459899902344,68.86864471435547,68.6312026977539,69.10363006591797,61.60871124267578,69.99968719482422,72.75,5,0,4.761904716491699,0,0,0,0,9.523809432983398,0,0,12.940437316894531,25769803776,0,18561974272,0
204,1790717964256,4,4,4,4,4,4,4,4,4,4,70.35459899902344,68.86864471435547,68.6312026977539,69.10363006591797,61.60871124267578,69.99968719482422,72.75,30.000001907348633,20,5.263157844543457,22.72727394104004,4.761904716491699,0,0,0,0,0,12.940437316894531,25769803776,0,18563072000,0
203,1790717964461,4,4,4,4,4,4,4,4,4,4,70.35459899902344,68.86864471435547,68.6312026977539,69.10363006591797,61.60871124267578,69.99968719482422,72.75,15.000000953674316,14.285715103149414,4.761904716491699,0,0,0,0,5,0,0,12.940437316894531,25769803776,0,18565054464,0
204,1790717964664,4,4,4,4,4,4,4,4,4,4,70.35459899902344,68.86864471435547,68.6312026977539,69.10363006591797,61.60871124267578,69.99968719482422,72.75,4.761904716491699,0,4.761904716491699,0,0,0,0,4.761904716491699,0,0,12.906902313232422,25769803776,0,18565054464,0
204,1790717964869,4,4,4,4,4,4,4,4,4,4,70.35459899902344,68.86864471435547,68.6312026977539,69.10363006591797,61.60871124267578,69.99968719482422,72.75,30.000001907348633,19.047618865966797,5,5,9.523809432983398,0,9.523809432983398,4.761904716491699,0,0,12.906902313232422,25769803776,0,18563448832,0
204,1790717965074,4,4,4,4,4,4,4,4,4,4,70.3940200805664,68.78199005126953,68.89608764648438,69.10384368896484,62.011680603027344,70.03070068359375,72.75,4.761904716491699,0,0,0,0,4.761904716491699,0,5,0,0,12.906902313232422,25769803776,0,18563710976,0
204,1790717965279,4,4,4,4,4,4,4,4,4,4,70.3940200805664,68.78199005126953,68.89608764648438,69.10384368896484,62.011680603027344,70.03070068359375,72.75,0,0,4.761904716491699,0,0,0,0,4.761904716491699,4.761904716491699,0,12.906902313232422,25769803776,0,18563661824,0
204,1790717965484,4,4,4,4,4,4,4,4,4,4,70.3940200805664,68.78199005126953,68.89608764648438,69.10384368896484,62.011680603027344,70.03070068359375,72.75,4.761904716491699,4.761904716491699,0,0,0,0,0,5,0,0,12.83199691772461,25769803776,0,18563727360,0
202,1790717965689,4,4,4,4,4,4,4,4,4,4,70.3940200805664,68.78199005126953,68.89608764648438,69.10384368896484,62.011680603027344,70.03070068359375,72.75,0,0,4.761904716491699,0,0,0,4.761904716491699,5,0,0,12.83199691772461,25769803776,0,18563710976,0
200,1790717965892,4,4,4,4,4,4,4,4,4,4,70.3940200805664,68.78199005126953,68.89608764648438,69.10384368896484,62.011680603027344,70.03070068359375,72.75,10,4.761904716491699,5,4.761904716491699,0,0,0,9.523809432983398,0,0,12.83199691772461,25769803776,0,18563743744,0
204,1790717966092,4,4,4,4,4,4,4,4,4,4,70.40636444091797,68.6931381225586,68.82103729248047,69.10675811767578,62.005226135253906,70.04912567138672,72.75,5,0,0,0,0,0,4.761904716491699,5,0,0,12.83199691772461,25769803776,0,18563809280,0
204,1790717966297,4,4,4,4,4,4,4,4,4,4,70.40636444091797,68.6931381225586,68.82103729248047,69.10675811767578,62.005226135253906,70.04912567138672,72.75,5,9.090909004211426,0,0,0,0,0,9.523809432983398,0,0,12.83199691772461,25769803776,0,18563858432,0
204,1790717966502,4,4,4,4,4,4,4,4,4,4,70.40636444091797,68.6931381225586,68.82103729248047,69.10675811767578,62.005226135253906,70.04912567138672,72.75,4.761904716491699,0,0,0,0,0,0,5,0,0,13.142631530761719,25769803776,0,18563973120,0
204,1790717966707,4,4,4,4,4,4,4,4,4,4,70.40636444091797,68.6931381225586,68.82103729248047,69.10675811767578,62.005226135253906,70.04912567138672,72.75,0,0,4.761904716491699,0,0,0,0,5,4.545454502105713,0,13.142631530761719,25769803776,0,18563973120,0
204,1790717966912,4,4,4,4,4,4,4,4,4,4,70.40636444091797,68.6931381225586,68.82103729248047,69.10675811767578,62.005226135253906,70.04912567138672,72.75,0,0,0,0,0,0,0,9.523809432983398,0,0,13.142631530761719,25769803776,0,18564022272,0
204,1790717967117,4,4,4,4,4,4,4,4,4,4,70.39842987060547,68.74442291259766,68.97587585449219,69.11394500732422,62.11476135253906,70.03053283691406,72.75,4.761904716491699,4.761904716491699,0,0,0,0,0,0,0,0,13.142631530761719,25769803776,0,18564136960,0
204,1790717967322,4,4,4,4,4,4,4,4,4,4,70.39842987060547,68.74442291259766,68.97587585449219,69.11394500732422,62.11476135253906,70.03053283691406,72.75,0,0,0,0,0,0,4.545454502105713,9.523809432983398,0,0,13.142631530761719,25769803776,0,18564136960,0
204,1790717967528,4,4,4,4,4,4,4,4,4,4,70.39842987060547,68.74442291259766,68.97587585449219,69.11394500732422,62.11476135253906,70.03053283691406,72.75,0,0,0,0,0,0,0,5,0,0,12.93227767944336,25769803776,0,18563956736,0
204,1790717967733,4,4,4,4,4,4,4,4,4,4,70.39842987060547,68.74442291259766,68.97587585449219,69.11394500732422,62.11476135253906,70.03053283691406,72.75,9.090909004211426,0,0,0,0,0,0,5,0,0,12.93227767944336,25769803776,0,18563956736,0
204,1790717967938,4,4,4,4,4,4,4,4,4,4,70.39842987060547,68.74442291259766,68.97587585449219,69.11394500732422,62.11476135253906,70.03053283691406,72.75,0,0,4.761904716491699,4.545454502105713,0,0,4.761904716491699,9.523809432983398,0,0,12.93227767944336,25769803776,0,18563710976,0
204,1790717968142,4,4,4,4,4,4,4,4,4,4,70.40165710449219,68.6456298828125,68.91719055175781,69.1091079711914,62.10242462158203,70.03065490722656,75.484375,4.761904716491699,4.761904716491699,0,0,0,0,0,0,0,0,12.93227767944336,25769803776,0,18565562368,0
204,1790717968347,4,4,4,4,4,4,4,4,4,4,70.40165710449219,68.6456298828125,68.91719055175781,69.1091079711914,62.10242462158203,70.03065490722656,75.484375,0,4.761904716491699,0,0,0,0,0,4.761904716491699,0,0,12.93227767944336,25769803776,0,18563383296,0
204,1790717968552,4,4,4,4,4,4,4,4,4,4,70.40165710449219,68.6456298828125,68.91719055175781,69.1091079711914,62.10242462158203,70.03065490722656,75.484375,0,0,0,0,0,0,5,4.761904716491699,4.545454502105713,0,12.969966888427734,25769803776,0,18563383296,0
204,1790717968757,4,4,4,4,4,4,4,4,4,4,70.40165710449219,68.6456298828125,68.91719055175781,69.1091079711914,62.10242462158203,70.03065490722656,75.484375,4.761904716491699,0,0,0,0,0,0,5,4.761904716491699,0,12.969966888427734,25769803776,0,18563383296,0
204,1790717968962,4,4,4,4,4,4,4,4,4,4,70.40165710449219,68.6456298828125,68.91719055175781,69.1091079711914,62.10242462158203,70.03065490722656,75.484375,0,0,0,0,0,0,0,4.761904716491699,0,0,12.969966888427734,25769803776,0,18563317760,0
204,1790717969167,4,4,4,4,4,4,4,4,4,4,70.35980987548828,68.70818328857422,68.66890716552734,69.08496856689453,61.73236846923828,70.02113342285156,72.75,0,0,0,0,0,0,0,9.523809432983398,0,0,12.969966888427734,25769803776,0,18563317760,0
204,1790717969373,4,4,4,4,4,4,4,4,4,4,70.35980987548828,68.70818328857422,68.66890716552734,69.08496856689453,61.73236846923828,70.02113342285156,72.75,4.761904716491699,0,4.761904716491699,0,0,0,4.761904716491699,0,0,0,12.969966888427734,25769803776,0,18563219456,0
204,1790717969578,4,4,4,4,4,4,4,4,4,4,70.35980987548828,68.70818328857422,68.66890716552734,69.08496856689453,61.73236846923828,70.02113342285156,72.75,0,0,0,0,0,0,4.761904716491699,4.761904716491699,0,0,12.97085189819336,25769803776,0,18563219456,0
204,1790717969783,4,4,4,4,4,4,4,4,4,4,70.35980987548828,68.70818328857422,68.66890716552734,69.08496856689453,61.73236846923828,70.02113342285156,72.75,9.090909004211426,9.090909004211426,0,0,0,0,0,9.523809432983398,4.761904716491699,0,12.97085189819336,25769803776,0,18563072000,0
204,1790717969988,4,4,4,4,4,4,4,4,4,4,70.41190338134766,68.699951171875,68.90425872802734,69.10337829589844,62.10576629638672,70.0305404663086,72.75,0,0,0,0,0,0,0,5,0,0,12.97085189819336,25769803776,0,18563121152,0
204,1790717970193,4,4,4,4,4,4,4,4,4,4,70.41190338134766,68.699951171875,68.90425872802734,69.10337829589844,62.10576629638672,70.0305404663086,72.75,0,0,0,0,0,4.761904716491699,0,5,0,0,12.97085189819336,25769803776,0,18562449408,0
204,1790717970398,4,4,4,4,4,4,4,4,4,4,70.41190338134766,68.699951171875,68.90425872802734,69.10337829589844,62.10576629638672,70.0305404663086,72.75,5,0,4.761904716491699,0,0,0,0,4.761904716491699,0,0,12.97085189819336,25769803776,0,18562449408,0
204,1790717970603,4,4,4,4,4,4,4,4,4,4,70.41190338134766,68.699951171875,68.90425872802734,69.10337829589844,62.10576629638672,70.0305404663086,72.75,0,0,0,0,0,0,0,9.523809432983398,0,0,12.858085632324219,25769803776,0,18562449408,0
204,1790717970808,4,4,4,4,4,4,4,4,4,4,70.41190338134766,68.699951171875,68.90425872802734,69.10337829589844,62.10576629638672,70.0305404663086,72.75,4.761904716491699,0,0,0,0,0,0,5,4.761904716491699,0,12.858085632324219,25769803776,0,18562449408,0
204,1790717971013,4,4,4,4,4,4,4,4,4,4,70.43932342529297,68.5998306274414,68.81888580322266,69.10426330566406,62.04541015625,70.05560302734375,75.25,4.761904716491699,0,0,0,0,0,0,4.761904716491699,0,0,12.858085632324219,25769803776,0,18562088960,0
204,1790717971218,4,4,4,4,4,4,4,4,4,4,70.43932342529297,68.5998306274414,68.81888580322266,69.10426330566406,62.04541015625,70.05560302734375,75.25,4.761904716491699,9.090909004211426,0,0,0,0,4.545454502105713,5,0,0,12.858085632324219,25769803776,0,18562088960,0
204,1790717971423,4,4,4,4,4,4,4,4,4,4,70.43932342529297,68.5998306274414,68.81888580322266,69.10426330566406,62.04541015625,70.05560302734375,75.25,0,0,0,0,0,0,0,5,0,0,12.858085632324219,25769803776,0,18562088960,0
204,1790717971628,4,4,4,4,4,4,4,4,4,4,70.43932342529297,68.5998306274414,68.81888580322266,69.10426330566406,62.04541015625,70.05560302734375,75.25,0,0,0,0,0,0,0,9.523809432983398,0,0,12.941593170166016,25769803776,0,18562088960,0
201,1790717971833,4,4,4,4,4,4,4,4,4,4,70.43932342529297,68.5998306274414,68.81888580322266,69.10426330566406,62.04541015625,70.05560302734375,75.25,4.761904716491699,0,0,0,0,0,0,4.761904716491699,0,0,12.941593170166016,25769803776,0,18562088960,0
204,1790717972035,4,4,4,4,4,4,4,4,4,4,70.3701400756836,68.59430694580078,68.77509307861328,69.07923126220703,61.91094207763672,69.98069763183594,73.828125,0,0,0,0,0,0,4.761904716491699,0,4.761904716491699,0,12.941593170166016,25769803776,0,18561761280,0
204,1790717972240,4,4,4,4,4,4,4,4,4,4,70.3701400756836,68.59430694580078,68.77509307861328,69.07923126220703,61.91094207763672,69.98069763183594,73.828125,4.761904716491699,0,4.761904716491699,0,0,0,0,9.523809432983398,0,0,12.941593170166016,25769803776,0,18561859584,0
204,1790717972445,4,4,4,4,4,4,4,4,4,4,70.3701400756836,68.59430694580078,68.77509307861328,69.07923126220703,61.91094207763672,69.98069763183594,73.828125,0,0,0,0,0,0,0,0,0,0,12.941593170166016,25769803776,0,18561859584,0
204,1790717972650,4,4,4,4,4,4,4,4,4,4,70.3701400756836,68.59430694580078,68.77509307861328,69.07923126220703,61.91094207763672,69.98069763183594,73.828125,9.090909004211426,0,0,0,0,0,0,9.090909004211426,0,0,12.988811492919922,25769803776,0,18561613824,0
204,1790717972855,4,4,4,4,4,4,4,4,4,4,70.3701400756836,68.59430694580078,68.77509307861328,69.07923126220703,61.91094207763672,69.98069763183594,73.828125,0,0,0,0,0,0,4.761904716491699,5,4.545454502105713,0,12.988811492919922,25769803776,0,18561613824,0
204,1790717973060,4,4,4,4,4,4,4,4,4,4,70.41436767578125,68.70731353759766,68.74807739257813,69.07831573486328,61.866127014160156,70.02537536621094,72.75,0,4.761904716491699,0,0,0,0,0,0,4.761904716491699,0,12.988811492919922,25769803776,0,18561613824,0
204,1790717973265,4,4,4,4,4,4,4,4,4,4,70.41436767578125,68.70731353759766,68.74807739257813,69.07831573486328,61.866127014160156,70.02537536621094,72.75,4.761904716491699,0,0,0,0,0,0,5,0,0,12.988811492919922,25769803776,0,18561630208,0
204,1790717973470,4,4,4,4,4,4,4,4,4,4,70.41436767578125,68.70731353759766,68.74807739257813,69.07831573486328,61.866127014160156,70.02537536621094,72.75,0,4.761904716491699,0,0,0,0,9.090909004211426,9.090909004211426,0,0,12.988811492919922,25769803776,0,18561662976,0
204,1790717973675,4,4,4,4,4,4,4,4,4,4,70.41436767578125,68.70731353759766,68.74807739257813,69.07831573486328,61.866127014160156,70.02537536621094,72.75,4.761904716491699,0,4.761904716491699,0,4.761904716491699,0,0,5,0,0,12.870052337646484,25769803776,0,18561581056,0
204,1790717973880,4,4,4,4,4,4,4,4,4,4,70.41436767578125,68.70731353759766,68.74807739257813,69.07831573486328,61.866127014160156,70.02537536621094,72.75,5,0,0,9.090909004211426,0,0,0,5,0,0,12.870052337646484,25769803776,0,18561581056,0
204,1790717974084,4,4,4,4,4,4,4,4,4,4,70.35811614990234,68.59321594238281,68.7263412475586,69.07875061035156,61.85307312011719,69.99639129638672,72.75,0,0,0,0,0,0,0,4.761904716491699,4.761904716491699,0,12.870052337646484,25769803776,0,18561679360,0
204,1790717974289,4,4,4,4,4,4,4,4,4,4,70.35811614990234,68.59321594238281,68.7263412475586,69.07875061035156,61.85307312011719,69.99639129638672,72.75,4.761904716491699,0,0,0,0,0,0,5,0,0,12.870052337646484,25769803776,0,18561679360,0
204,1790717974494,4,4,4,4,4,4,4,4,4,4,70.35811614990234,68.59321594238281,68.7263412475586,69.07875061035156,61.85307312011719,69.99639129638672,72.75,0,4.545454502105713,0,0,0,0,0,9.523809432983398,0,0,12.932655334472656,25769803776,0,18561679360,0
204,1790717974699,4,4,4,4,4,4,4,4,4,4,70.35811614990234,68.59321594238281,68.7263412475586,69.07875061035156,61.85307312011719,69.99639129638672,72.75,4.761904716491699,0,0,0,0,0,9.523809432983398,0,0,0,12.932655334472656,25769803776,0,18561679360,0
201,1790717974904,4,4,4,4,4,4,4,4,4,4,70.35811614990234,68.59321594238281,68.7263412475586,69.07875061035156,61.85307312011719,69.99639129638672,72.75,0,0,0,0,0,0,4.761904716491699,0,0,0,12.932655334472656,25769803776,0,18561679360,0
204,1790717975106,4,4,4,4,4,4,4,4,4,4,70.34158325195313,68.85845184326172,68.67359924316406,69.08496856689453,61.71598815917969,70.0052261352539,72.75,0,0,0,0,0,0,5.263157844543457,0,4.761904716491699,0,12.932655334472656,25769803776,0,18561400832,0
204,1790717975311,4,4,4,4,4,4,4,4,4,4,70.34158325195313,68.85845184326172,68.67359924316406,69.08496856689453,61.71598815917969,70.0052261352539,72.75,4.761904716491699,4.545454502105713,0,0,0,0,9.523809432983398,0,0,0,12.932655334472656,25769803776,0,18561073152,0
204,1790717975516,4,4,4,4,4,4,4,4,4,4,70.34158325195313,68.85845184326172,68.67359924316406,69.08496856689453,61.71598815917969,70.0052261352539,72.75,0,0,0,0,0,0,5,0,0,0,12.900333404541016,25769803776,0,18561073152,0
204,1790717975721,4,4,4,4,4,4,4,4,4,4,70.34158325195313,68.85845184326172,68.67359924316406,69.08496856689453,61.71598815917969,70.0052261352539,72.75,4.761904716491699,0,4.761904716491699,0,0,0,9.523809432983398,0,0,0,12.900333404541016,25769803776,0,18561073152,0
204,1790717975926,4,4,4,4,4,4,4,4,4,4,70.34158325195313,68.85845184326172,68.67359924316406,69.08496856689453,61.71598815917969,70.0052261352539,72.75,4.761904716491699,4.761904716491699,0,0,0,0,0,0,0,0,12.900333404541016,25769803776,0,18561073152,0
203,1790717976131,4,4,4,4,4,4,4,4,4,4,70.21977233886719,69.0740966796875,68.34722900390625,69.0133285522461,61.12993621826172,69.90766143798828,72.515625,5,4.761904716491699,0,0,0,0,4.761904716491699,4.545454502105713,0,0,12.900333404541016,25769803776,0,18561597440,0
204,1790717976335,4,4,4,4,4,4,4,4,4,4,70.21977233886719,69.0740966796875,68.34722900390625,69.0133285522461,61.12993621826172,69.90766143798828,72.515625,0,0,4.545454502105713,0,0,0,4.761904716491699,5,0,0,12.900333404541016,25769803776,0,18561597440,0
204,1790717976540,4,4,4,4,4,4,4,4,4,4,70.21977233886719,69.0740966796875,68.34722900390625,69.0133285522461,61.12993621826172,69.90766143798828,72.515625,0,0,0,0,0,0,5,0,4.761904716491699,4.761904716491699,12.994606018066406,25769803776,0,18561597440,0
204,1790717976745,4,4,4,4,4,4,4,4,4,4,70.21977233886719,69.0740966796875,68.34722900390625,69.0133285522461,61.12993621826172,69.90766143798828,72.515625,9.090909004211426,0,0,0,0,0,4.761904716491699,0,0,0,12.994606018066406,25769803776,0,18561695744,0
204,1790717976950,4,4,4,4,4,4,4,4,4,4,70.21977233886719,69.0740966796875,68.34722900390625,69.0133285522461,61.12993621826172,69.90766143798828,72.515625,0,0,0,0,0,0,9.523809432983398,0,0,0,12.994606018066406,25769803776,0,18561695744,0
204,1790717977155,4,4,4,4,4,4,4,4,4,4,70.26484680175781,68.87059783935547,68.4408187866211,69.0470962524414,61.37305450439453,69.93489837646484,72.515625,0,0,0,0,4.545454502105713,0,5,4.545454502105713,0,0,12.994606018066406,25769803776,0,18561777664,0
203,1790717977360,4,4,4,4,4,4,4,4,4,4,70.26484680175781,68.87059783935547,68.4408187866211,69.0470962524414,61.37305450439453,69.93489837646484,72.515625,4.761904716491699,4.761904716491699,0,0,0,0,0,4.761904716491699,0,0,12.994606018066406,25769803776,0,18561777664,0
200,1790717977564,4,4,4,4,4,4,4,4,4,4,70.26484680175781,68.87059783935547,68.4408187866211,69.0470962524414,61.37305450439453,69.93489837646484,72.515625,5,4.761904716491699,0,0,0,0,9.090909004211426,0,0,0,12.987052917480469,25769803776,0,18561777664,0
204,1790717977765,4,4,4,4,4,4,4,4,4,4,70.26484680175781,68.87059783935547,68.4408187866211,69.0470962524414,61.37305450439453,69.93489837646484,72.515625,5,0,4.761904716491699,0,0,0,0,4.761904716491699,0,0,12.987052917480469,25769803776,0,18561777664,0
202,1790717977970,4,4,4,4,4,4,4,4,4,4,70.26484680175781,68.87059783935547,68.4408187866211,69.0470962524414,61.37305450439453,69.93489837646484,72.515625,0,4.761904716491699,0,0,0,0,5,0,0,0,12.987052917480469,25769803776,0,18561777664,0
204,1790717978172,4,4,4,4,4,4,4,4,4,4,70.24700164794922,68.99798583984375,68.52526092529297,69.05595397949219,61.42835998535156,69.9326400756836,72.515625,4.761904716491699,0,0,0,0,0,9.523809432983398,4.761904716491699,0,0,12.987052917480469,25769803776,0,18561712128,0
204,1790717978377,4,4,4,4,4,4,4,4,4,4,70.24700164794922,68.99798583984375,68.52526092529297,69.05595397949219,61.42835998535156,69.9326400756836,72.515625,5,0,0,4.761904716491699,0,0,4.761904716491699,0,0,0,12.987052917480469,25769803776,0,18561761280,0
204,1790717978582,4,4,4,4,4,4,4,4,4,4,70.24700164794922,68.99798583984375,68.52526092529297,69.05595397949219,61.42835998535156,69.9326400756836,72.515625,4.761904716491699,0,0,0,0,0,5,0,4.545454502105713,0,12.913585662841797,25769803776,0,18561712128,0
204,1790717978787,4,4,4,4,4,4,4,4,4,4,70.24700164794922,68.99798583984375,68.52526092529297,69.05595397949219,61.42835998535156,69.9326400756836,72.515625,0,4.545454502105713,0,0,0,0,9.523809432983398,0,4.761904716491699,0,12.913585662841797,25769803776,0,18561712128,0
204,1790717978992,4,4,4,4,4,4,4,4,4,4,70.24677276611328,69.0341796875,68.36371612548828,69.03931427001953,61.19667053222656,69.93647766113281,72.515625,0,0,4.545454502105713,0,0,0,5,0,0,0,12.913585662841797,25769803776,0,18561712128,0
204,1790717979197,4,4,4,4,4,4,4,4,4,4,70.24677276611328,69.0341796875,68.36371612548828,69.03931427001953,61.19667053222656,69.93647766113281,72.515625,4.761904716491699,0,0,0,0,0,5,4.761904716491699,0,0,12.913585662841797,25769803776,0,18561630208,0
204,1790717979402,4,4,4,4,4,4,4,4,4,4,70.24677276611328,69.0341796875,68.36371612548828,69.03931427001953,61.19667053222656,69.93647766113281,72.515625,0,0,0,0,0,0,4.761904716491699,0,0,0,12.913585662841797,25769803776,0,18561761280,0
200,1790717979607,4,4,4,4,4,4,4,4,4,4,70.24677276611328,69.0341796875,68.36371612548828,69.03931427001953,61.19667053222656,69.93647766113281,72.515625,4.761904716491699,0,0,0,0,0,5,0,0,0,12.96401596069336,25769803776,0,18563203072,0
204,1790717979807,4,4,4,4,4,4,4,4,4,4,70.24677276611328,69.0341796875,68.36371612548828,69.03931427001953,61.19667053222656,69.93647766113281,72.515625,5,5,0,0,0,0,5,0,0,0,12.96401596069336,25769803776,0,18561466368,0
204,1790717980012,4,4,4,4,4,4,4,4,4,4,70.179931640625,68.9634017944336,68.32168579101563,68.99890899658203,61.15275573730469,69.8599624633789,72.515625,4.761904716491699,0,0,0,0,0,4.761904716491699,4.545454502105713,0,0,12.96401596069336,25769803776,0,18561531904,0
204,1790717980217,4,4,4,4,4,4,4,4,4,4,70.179931640625,68.9634017944336,68.32168579101563,68.99890899658203,61.15275573730469,69.8599624633789,72.515625,0,4.545454502105713,0,0,0,0,9.523809432983398,0,0,0,12.96401596069336,25769803776,0,18561548288,0
204,1790717980422,4,4,4,4,4,4,4,4,4,4,70.179931640625,68.9634017944336,68.32168579101563,68.99890899658203,61.15275573730469,69.8599624633789,72.515625,0,0,0,0,0,0,5,0,4.545454502105713,0,12.96401596069336,25769803776,0,18561548288,0
204,1790717980627,4,4,4,4,4,4,4,4,4,4,70.179931640625,68.9634017944336,68.32168579101563,68.99890899658203,61.15275573730469,69.8599624633789,72.515625,4.761904716491699,0,0,0,0,0,5,0,0,0,13.035274505615234,25769803776,0,18561400832,0
204,1790717980832,4,4,4,4,4,4,4,4,4,4,70.179931640625,68.9634017944336,68.32168579101563,68.99890899658203,61.15275573730469,69.8599624633789,72.515625,0,0,0,0,0,0,9.090909004211426,0,0,0,13.035274505615234,25769803776,0,18561400832,0
202,1790717981037,4,4,4,4,4,4,4,4,4,4,70.23248291015625,69.09020233154297,68.37126159667969,69.01239013671875,61.17443084716797,69.9234848022461,72.515625,5,0,4.761904716491699,0,0,0,0,4.761904716491699,0,0,13.035274505615234,25769803776,0,18561400832,0
204,1790717981240,4,4,4,4,4,4,4,4,4,4,70.23248291015625,69.09020233154297,68.37126159667969,69.01239013671875,61.17443084716797,69.9234848022461,72.515625,0,0,0,0,0,0,9.523809432983398,0,0,0,13.035274505615234,25769803776,0,18561187840,0
204,1790717981446,4,4,4,4,4,4,4,4,4,4,70.23248291015625,69.09020233154297,68.37126159667969,69.01239013671875,61.17443084716797,69.9234848022461,72.515625,0,0,0,0,0,0,5,0,0,0,13.035274505615234,25769803776,0,18561187840,0
203,1790717981651,4,4,4,4,4,4,4,4,4,4,70.23248291015625,69.09020233154297,68.37126159667969,69.01239013671875,61.17443084716797,69.9234848022461,72.515625,4.761904716491699,4.761904716491699,0,0,0,0,5,0,0,0,12.892822265625,25769803776,0,18561187840,0
204,1790717981854,4,4,4,4,4,4,4,4,4,4,70.23248291015625,69.09020233154297,68.37126159667969,69.01239013671875,61.17443084716797,69.9234848022461,72.515625,0,4.545454502105713,0,0,0,0,9.090909004211426,0,4.761904716491699,0,12.892822265625,25769803776,0,18561187840,0
204,1790717982059,4,4,4,4,4,4,4,4,4,4,70.2569580078125,68.9341049194336,68.32157135009766,69.02446746826172,61.138641357421875,69.95173645019531,72.515625,4.761904716491699,0,0,0,0,0,0,4.761904716491699,0,0,12.892822265625,25769803776,0,18561204224,0
204,1790717982264,4,4,4,4,4,4,4,4,4,4,70.2569580078125,68.9341049194336,68.32157135009766,69.02446746826172,61.138641357421875,69.95173645019531,72.515625,0,0,0,0,0,0,9.523809432983398,4.545454502105713,0,0,12.892822265625,25769803776,0,18561204224,0
204,1790717982469,4,4,4,4,4,4,4,4,4,4,70.2569580078125,68.9341049194336,68.32157135009766,69.02446746826172,61.138641357421875,69.95173645019531,72.515625,0,0,0,0,0,0,5,0,0,0,12.892822265625,25769803776,0,18561204224,0
204,1790717982674,4,4,4,4,4,4,4,4,4,4,70.2569580078125,68.9341049194336,68.32157135009766,69.02446746826172,61.138641357421875,69.95173645019531,72.515625,4.761904716491699,0,0,0,0,0,4.761904716491699,0,0,0,13.060623168945313,25769803776,0,18561056768,0
204,1790717982879,4,4,4,4,4,4,4,4,4,4,70.2569580078125,68.9341049194336,68.32157135009766,69.02446746826172,61.138641357421875,69.95173645019531,72.515625,0,0,0,0,0,0,9.523809432983398,0,0,0,13.060623168945313,25769803776,0,18561089536,0
204,1790717983084,4,4,4,4,4,4,4,4,4,4,70.23694610595703,69.04835510253906,68.36933135986328,69.0162582397461,61.17748260498047,69.92166900634766,72.515625,4.761904716491699,0,0,0,0,0,5,0,0,0,13.060623168945313,25769803776,0,18561089536,0
204,1790717983289,4,4,4,4,4,4,4,4,4,4,70.23694610595703,69.04835510253906,68.36933135986328,69.0162582397461,61.17748260498047,69.92166900634766,72.515625,0,0,0,0,0,0,0,0,0,0,13.060623168945313,25769803776,0,18560860160,0
204,1790717983494,4,4,4,4,4,4,4,4,4,4,70.23694610595703,69.04835510253906,68.36933135986328,69.0162582397461,61.17748260498047,69.92166900634766,72.515625,0,0,0,0,0,0,0,9.523809432983398,0,0,13.008880615234375,25769803776,0,18560565248,0
204,1790717983699,4,4,4,4,4,4,4,4,4,4,70.23694610595703,69.04835510253906,68.36933135986328,69.0162582397461,61.17748260498047,69.92166900634766,72.515625,4.761904716491699,4.545454502105713,4.545454502105713,0,0,0,9.523809432983398,0,4.761904716491699,0,13.008880615234375,25769803776,0,18560565248,0
204,1790717983904,4,4,4,4,4,4,4,4,4,4,70.23694610595703,69.04835510253906,68.36933135986328,69.0162582397461,61.17748260498047,69.92166900634766,72.515625,4.761904716491699,0,0,0,0,0,0,4.761904716491699,0,0,13.008880615234375,25769803776,0,18560565248,0
204,1790717984109,4,4,4,4,4,4,4,4,4,4,70.26931762695313,68.92637634277344,68.41942596435547,69.03436279296875,61.307090759277344,69.92697143554688,76.671875,5,0,0,9.523809432983398,0,0,9.523809432983398,0,0,0,13.008880615234375,25769803776,0,18560417792,0
204,1790717984314,4,4,4,4,4,4,4,4,4,4,70.26931762695313,68.92637634277344,68.41942596435547,69.03436279296875,61.307090759277344,69.92697143554688,76.671875,71.42857360839844,5,0,0,0,0,4.545454502105713,5,0,0,13.008880615234375,25769803776,0,18560712704,0
204,1790717984519,4,4,4,4,4,4,4,4,4,4,70.26931762695313,68.92637634277344,68.41942596435547,69.03436279296875,61.307090759277344,69.92697143554688,76.671875,0,0,0,0,0,0,0,0,0,0,13.02175521850586,25769803776,0,18560712704,0
204,1790717984724,4,4,4,4,4,4,4,4,4,4,70.26931762695313,68.92637634277344,68.41942596435547,69.03436279296875,61.307090759277344,69.92697143554688,76.671875,4.761904716491699,0,0,0,0,0,5,4.761904716491699,4.545454502105713,0,13.02175521850586,25769803776,0,18560712704,0
204,1790717984929,4,4,4,4,4,4,4,4,4,4,70.26931762695313,68.92637634277344,68.41942596435547,69.03436279296875,61.307090759277344,69.92697143554688,76.671875,0,4.761904716491699,0,0,0,0,9.090909004211426,0,0,0,13.02175521850586,25769803776,0,18560712704,0
203,1790717985134,4,4,4,4,4,4,4,4,4,4,70.30204772949219,68.8580093383789,68.4676284790039,69.0635757446289,61.3743896484375,69.96908569335938,74.78125,0,0,0,0,0,0,5,0,0,0,13.02175521850586,25769803776,0,18560712704,0
200,1790717985337,4,4,4,4,4,4,4,4,4,4,70.30204772949219,68.8580093383789,68.4676284790039,69.0635757446289,61.3743896484375,69.96908569335938,74.78125,4.761904716491699,0,4.761904716491699,0,0,0,5,0,4.545454502105713,0,13.02175521850586,25769803776,0,18560811008,0
200,1790717985538,4,4,4,4,4,4,4,4,4,4,70.30204772949219,68.8580093383789,68.4676284790039,69.0635757446289,61.3743896484375,69.96908569335938,74.78125,0,4.761904716491699,0,0,0,0,5,0,0,0,13.04226303100586,25769803776,0,18560696320,0
204,1790717985738,4,4,4,4,4,4,4,4,4,4,70.30204772949219,68.8580093383789,68.4676284790039,69.0635757446289,61.3743896484375,69.96908569335938,74.78125,4.761904716491699,0,0,0,0,0,0,9.523809432983398,0,0,13.04226303100586,25769803776,0,18560712704,0
204,1790717985944,4,4,4,4,4,4,4,4,4,4,70.30204772949219,68.8580093383789,68.4676284790039,69.0635757446289,61.3743896484375,69.96908569335938,74.78125,5,0,0,0,0,4.545454502105713,4.761904716491699,5,0,0,13.04226303100586,25769803776,0,18560909312,0
204,1790717986149,4,4,4,4,4,4,4,4,4,4,70.275390625,68.89608764648438,68.56473541259766,69.0443344116211,61.50959777832031,69.9570083618164,72.515625,4.761904716491699,4.761904716491699,4.761904716491699,4.761904716491699,0,0,5,0,0,0,13.04226303100586,25769803776,0,18560909312,0
204,1790717986353,4,4,4,4,4,4,4,4,4,4,70.275390625,68.89608764648438,68.56473541259766,69.0443344116211,61.50959777832031,69.9570083618164,72.515625,0,0,0,0,0,0,5,0,0,0,13.04226303100586,25769803776,0,18560925696,0
204,1790717986558,4,4,4,4,4,4,4,4,4,4,70.275390625,68.89608764648438,68.56473541259766,69.0443344116211,61.50959777832031,69.9570083618164,72.515625,4.761904716491699,0,0,0,0,0,5,0,4.545454502105713,0,13.024005889892578,25769803776,0,18560958464,0
204,1790717986763,4,4,4,4,4,4,4,4,4,4,70.275390625,68.89608764648438,68.56473541259766,69.0443344116211,61.50959777832031,69.9570083618164,72.515625,4.761904716491699,0,0,0,0,0,9.090909004211426,4.545454502105713,0,0,13.024005889892578,25769803776,0,18560958464,0
204,1790717986968,4,4,4,4,4,4,4,4,4,4,70.275390625,68.89608764648438,68.56473541259766,69.0443344116211,61.50959777832031,69.9570083618164,72.515625,0,0,0,0,0,0,0,4.761904716491699,0,0,13.024005889892578,25769803776,0,18560958464,0
204,1790717987173,4,4,4,4,4,4,4,4,4,4,70.1552963256836,68.9023208618164,68.30765533447266,68.99980163574219,61.16381072998047,69.85731506347656,72.515625,4.761904716491699,4.761904716491699,0,0,0,0,0,5,0,0,13.024005889892578,25769803776,0,18560958464,0
204,1790717987378,4,4,4,4,4,4,4,4,4,4,70.1552963256836,68.9023208618164,68.30765533447266,68.99980163574219,61.16381072998047,69.85731506347656,72.515625,0,0,4.761904716491699,0,0,0,5,0,0,0,13.024005889892578,25769803776,0,18546360320,0
202,1790717987583,4,4,4,4,4,4,4,4,4,4,70.1552963256836,68.9023208618164,68.30765533447266,68.99980163574219,61.16381072998047,69.85731506347656,72.515625,4.761904716491699,0,0,0,0,0,9.523809432983398,0,0,0,13.058349609375,25769803776,0,18546360320,0
204,1790717987786,4,4,4,4,4,4,4,4,4,4,70.1552963256836,68.9023208618164,68.30765533447266,68.99980163574219,61.16381072998047,69.85731506347656,72.515625,0,0,0,0,0,0,5,0,0,0,13.058349609375,25769803776,0,18546442240,0
204,1790717987991,4,4,4,4,4,4,4,4,4,4,70.18074798583984,68.99649047851563,68.4420394897461,69.00634002685547,61.26996612548828,69.88688659667969,72.515625,4.761904716491699,4.761904716491699,0,0,0,0,9.090909004211426,0,0,0,13.058349609375,25769803776,0,18546442240,0
204,1790717988196,4,4,4,4,4,4,4,4,4,4,70.18074798583984,68.99649047851563,68.4420394897461,69.00634002685547,61.26996612548828,69.88688659667969,72.515625,0,0,0,0,0,0,5,0,0,0,13.058349609375,25769803776,0,18546442240,0
202,1790717988401,4,4,4,4,4,4,4,4,4,4,70.18074798583984,68.99649047851563,68.4420394897461,69.00634002685547,61.26996612548828,69.88688659667969,72.515625,0,0,0,0,0,0,0,9.523809432983398,4.545454502105713,0,13.058349609375,25769803776,0,18546458624,0
204,1790717988603,4,4,4,4,4,4,4,4,4,4,70.18074798583984,68.99649047851563,68.4420394897461,69.00634002685547,61.26996612548828,69.88688659667969,72.515625,4.761904716491699,0,0,0,0,0,9.523809432983398,0,0,0,12.999671936035156,25769803776,0,18546458624,0
202,1790717988808,4,4,4,4,4,4,4,4,4,4,70.18074798583984,68.99649047851563,68.4420394897461,69.00634002685547,61.26996612548828,69.88688659667969,72.515625,0,0,0,0,0,0,0,0,0,0,12.999671936035156,25769803776,0,18538840064,0
200,1790717989011,4,4,4,4,4,4,4,4,4,4,70.18695831298828,68.97663879394531,68.4415512084961,69.00031280517578,61.31414794921875,69.89936065673828,72.515625,0,0,0,0,0,0,9.523809432983398,0,0,0,12.999671936035156,25769803776,0,18538840064,0
204,1790717989211,4,4,4,4,4,4,4,4,4,4,70.18695831298828,68.97663879394531,68.4415512084961,69.00031280517578,61.31414794921875,69.89936065673828,72.515625,4.761904716491699,0,0,0,0,4.761904716491699,5,4.761904716491699,0,0,12.999671936035156,25769803776,0,18538840064,0
204,1790717989416,4,4,4,4,4,4,4,4,4,4,70.18695831298828,68.97663879394531,68.4415512084961,69.00031280517578,61.31414794921875,69.89936065673828,72.515625,0,4.761904716491699,0,0,0,0,9.523809432983398,0,0,0,12.999671936035156,25769803776,0,18538987520,0
204,1790717989621,4,4,4,4,4,4,4,4,4,4,70.18695831298828,68.97663879394531,68.4415512084961,69.00031280517578,61.31414794921875,69.89936065673828,72.515625,9.090909004211426,0,0,0,0,0,5,0,0,0,12.953483581542969,25769803776,0,18539003904,0
204,1790717989826,4,4,4,4,4,4,4,4,4,4,70.18695831298828,68.97663879394531,68.4415512084961,69.00031280517578,61.31414794921875,69.89936065673828,72.515625,0,0,0,0,0,0,5,4.761904716491699,4.761904716491699,0,12.953483581542969,25769803776,0,18539036672,0
204,1790717990031,4,4,4,4,4,4,4,4,4,4,70.18083190917969,68.9231185913086,68.26522064208984,68.99280548095703,61.09394836425781,69.890380859375,72.515625,0,0,4.761904716491699,0,0,0,9.090909004211426,0,0,0,12.953483581542969,25769803776,0,18539134976,0
202,1790717990236,4,4,4,4,4,4,4,4,4,4,70.18083190917969,68.9231185913086,68.26522064208984,68.99280548095703,61.09394836425781,69.890380859375,72.515625,4.761904716491699,4.761904716491699,0,0,0,0,5,0,0,0,12.953483581542969,25769803776,0,18539134976,0
204,1790717990439,4,4,4,4,4,4,4,4,4,4,70.18083190917969,68.9231185913086,68.26522064208984,68.99280548095703,61.09394836425781,69.890380859375,72.515625,0,5,0,0,0,0,0,0,0,0,12.953483581542969,25769803776,0,18540920832,0
202,1790717990644,4,4,4,4,4,4,4,4,4,4,70.18083190917969,68.9231185913086,68.26522064208984,68.99280548095703,61.09394836425781,69.890380859375,72.515625,9.090909004211426,0,4.545454502105713,4.761904716491699,0,0,9.090909004211426,4.545454502105713,0,0,13.012016296386719,25769803776,0,18539134976,0
200,1790717990846,4,4,4,4,4,4,4,4,4,4,70.18083190917969,68.9231185913086,68.26522064208984,68.99280548095703,61.09394836425781,69.890380859375,72.515625,0,0,0,0,0,0,5,0,0,0,13.012016296386719,25769803776,0,18539118592,0
204,1790717991047,4,4,4,4,4,4,4,4,4,4,70.1741943359375,69.03545379638672,68.3476333618164,68.9848403930664,61.15382385253906,69.86666870117188,72.515625,0,0,0,0,0,0,0,0,4.761904716491699,0,13.012016296386719,25769803776,0,18539118592,0
202,1790717991252,4,4,4,4,4,4,4,4,4,4,70.1741943359375,69.03545379638672,68.3476333618164,68.9848403930664,61.15382385253906,69.86666870117188,72.515625,5,4.761904716491699,0,0,0,0,9.523809432983398,0,0,0,13.012016296386719,25769803776,0,18539118592,0
204,1790717991454,4,4,4,4,4,4,4,4,4,4,70.1741943359375,69.03545379638672,68.3476333618164,68.9848403930664,61.15382385253906,69.86666870117188,72.515625,0,0,0,0,0,0,5,4.761904716491699,4.761904716491699,0,13.012016296386719,25769803776,0,18538938368,0
202,1790717991659,4,4,4,4,4,4,4,4,4,4,70.1741943359375,69.03545379638672,68.3476333618164,68.9848403930664,61.15382385253906,69.86666870117188,72.515625,0,4.761904716491699,0,0,4.761904716491699,0,9.523809432983398,0,0,0,13.034221649169922,25769803776,0,18538987520,0
204,1790717991862,4,4,4,4,4,4,4,4,4,4,70.1741943359375,69.03545379638672,68.3476333618164,68.9848403930664,61.15382385253906,69.86666870117188,72.515625,9.523809432983398,0,5,0,4.761904716491699,0,5,4.761904716491699,0,0,13.034221649169922,25769803776,0,18539020288,0
204,1790717992067,4,4,4,4,4,4,4,4,4,4,70.20433044433594,69.02217102050781,68.33930969238281,69.0073471069336,61.15263366699219,69.91950225830078,72.515625,0,0,0,4.761904716491699,0,0,9.523809432983398,0,0,0,13.034221649169922,25769803776,0,18539020288,0
204,1790717992272,4,4,4,4,4,4,4,4,4,4,70.20433044433594,69.02217102050781,68.33930969238281,69.0073471069336,61.15263366699219,69.91950225830078,72.515625,4.761904716491699,4.761904716491699,0,0,0,0,5,0,0,0,13.034221649169922,25769803776,0,18539020288,0
199,1790717992477,4,4,4,4,4,4,4,4,4,4,70.20433044433594,69.02217102050781,68.33930969238281,69.0073471069336,61.15263366699219,69.91950225830078,72.515625,0,0,0,0,0,0,5,0,0,0,13.034221649169922,25769803776,0,18539151360,0
200,1790717992677,4,4,4,4,4,4,4,4,4,4,70.20433044433594,69.02217102050781,68.33930969238281,69.0073471069336,61.15263366699219,69.91950225830078,72.515625,0,0,0,0,0,0,5,0,0,0,12.926910400390625,25769803776,0,18539167744,0
204,1790717992878,4,4,4,4,4,4,4,4,4,4,70.20433044433594,69.02217102050781,68.33930969238281,69.0073471069336,61.15263366699219,69.91950225830078,72.515625,4.761904716491699,0,0,0,0,0,5,4.761904716491699,0,0,12.926910400390625,25769803776,0,18539167744,0
201,1790717993083,4,4,4,4,4,4,4,4,4,4,70.1609115600586,68.98505401611328,68.30601501464844,68.99058532714844,61.12871551513672,69.87428283691406,72.515625,0,0,0,0,0,0,9.523809432983398,0,4.761904716491699,0,12.926910400390625,25769803776,0,18539167744,0
204,1790717993284,4,4,4,4,4,4,4,4,4,4,70.1609115600586,68.98505401611328,68.30601501464844,68.99058532714844,61.12871551513672,69.87428283691406,72.515625,9.523809432983398,0,0,0,0,0,5,0,0,0,12.926910400390625,25769803776,0,18539167744,0
202,1790717993490,4,4,4,4,4,4,4,4,4,4,70.1609115600586,68.98505401611328,68.30601501464844,68.99058532714844,61.12871551513672,69.87428283691406,72.515625,0,0,4.545454502105713,0,0,0,9.523809432983398,0,0,0,13.021064758300781,25769803776,0,18539216896,0
204,1790717993692,4,4,4,4,4,4,4,4,4,4,70.1609115600586,68.98505401611328,68.30601501464844,68.99058532714844,61.12871551513672,69.87428283691406,72.515625,0,4.761904716491699,0,0,0,0,0,0,0,0,13.021064758300781,25769803776,0,18541019136,0
202,1790717993897,4,4,4,4,4,4,4,4,4,4,70.1609115600586,68.98505401611328,68.30601501464844,68.99058532714844,61.12871551513672,69.87428283691406,72.515625,4.761904716491699,0,0,0,0,0,4.761904716491699,4.761904716491699,0,0,13.021064758300781,25769803776,0,18539233280,0
204,1790717994100,4,4,4,4,4,4,4,4,4,4,70.19054412841797,69.0116195678711,68.29766082763672,68.99152374267578,61.11982727050781,69.88370513916016,72.515625,0,4.761904716491699,0,5,0,0,5.263157844543457,0,0,0,13.021064758300781,25769803776,0,18539233280,0
202,1790717994305,4,4,4,4,4,4,4,4,4,4,70.19054412841797,69.0116195678711,68.29766082763672,68.99152374267578,61.11982727050781,69.88370513916016,72.515625,0,0,0,0,0,0,4.761904716491699,4.545454502105713,0,0,13.021064758300781,25769803776,0,18539233280,0
204,1790717994507,4,4,4,4,4,4,4,4,4,4,70.19054412841797,69.0116195678711,68.29766082763672,68.99152374267578,61.11982727050781,69.88370513916016,72.515625,4.761904716491699,0,0,0,0,0,5,0,0,0,12.969295501708984,25769803776,0,18523537408,0
202,1790717994712,4,4,4,4,4,4,4,4,4,4,70.19054412841797,69.0116195678711,68.29766082763672,68.99152374267578,61.11982727050781,69.88370513916016,72.515625,0,4.761904716491699,0,0,0,0,9.523809432983398,0,0,0,12.969295501708984,25769803776,0,18523357184,0
200,1790717994914,4,4,4,4,4,4,4,4,4,4,70.19054412841797,69.0116195678711,68.29766082763672,68.99152374267578,61.11982727050781,69.88370513916016,72.515625,4.761904716491699,0,0,0,0,0,5,0,9.090909004211426,0,12.969295501708984,25769803776,0,18523357184,0
204,1790717995115,4,4,4,4,4,4,4,4,4,4,70.203125,68.87206268310547,68.21622467041016,68.99420928955078,61.035438537597656,69.9136962890625,72.515625,5,0,4.761904716491699,0,0,0,9.523809432983398,0,0,0,12.969295501708984,25769803776,0,18523357184,0
204,1790717995320,4,4,4,4,4,4,4,4,4,4,70.203125,68.87206268310547,68.21622467041016,68.99420928955078,61.035438537597656,69.9136962890625,72.515625,0,0,0,0,0,0,5,0,0,0,12.969295501708984,25769803776,0,18523357184,0
204,1790717995525,4,4,4,4,4,4,4,4,4,4,70.203125,68.87206268310547,68.21622467041016,68.99420928955078,61.035438537597656,69.9136962890625,72.515625,4.761904716491699,0,0,0,0,0,5,4.761904716491699,0,0,13.01239013671875,25769803776,0,18523340800,0
204,1790717995730,4,4,4,4,4,4,4,4,4,4,70.203125,68.87206268310547,68.21622467041016,68.99420928955078,61.035438537597656,69.9136962890625,72.515625,0,0,0,0,0,0,5,0,0,0,13.01239013671875,25769803776,0,18523406336,0
204,1790717995935,4,4,4,4,4,4,4,4,4,4,70.203125,68.87206268310547,68.21622467041016,68.99420928955078,61.035438537597656,69.9136962890625,72.515625,9.090909004211426,8.69565200805664,4.761904716491699,0,0,0,5,0,0,0,13.01239013671875,25769803776,0,18523406336,0
204,1790717996140,4,4,4,4,4,4,4,4,4,4,70.20255279541016,69.0936050415039,68.32987213134766,68.99816131591797,61.11486053466797,69.90056610107422,72.515625,0,0,0,0,0,0,9.523809432983398,0,0,0,13.01239013671875,25769803776,0,18523127808,0
204,1790717996345,4,4,4,4,4,4,4,4,4,4,70.20255279541016,69.0936050415039,68.32987213134766,68.99816131591797,61.11486053466797,69.90056610107422,72.515625,4.761904716491699,0,0,0,0,0,5,0,4.761904716491699,0,13.01239013671875,25769803776,0,18523127808,0
204,1790717996550,4,4,4,4,4,4,4,4,4,4,70.20255279541016,69.0936050415039,68.32987213134766,68.99816131591797,61.11486053466797,69.90056610107422,72.515625,0,0,0,0,0,0,0,9.523809432983398,0,0,13.016944885253906,25769803776,0,18523078656,0
204,1790717996755,4,4,4,4,4,4,4,4,4,4,70.20255279541016,69.0936050415039,68.32987213134766,68.99816131591797,61.11486053466797,69.90056610107422,72.515625,4.761904716491699,0,0,0,0,0,9.523809432983398,0,0,0,13.016944885253906,25769803776,0,18523176960,0
204,1790717996960,4,4,4,4,4,4,4,4,4,4,70.20255279541016,69.0936050415039,68.32987213134766,68.99816131591797,61.11486053466797,69.90056610107422,72.515625,0,0,4.761904716491699,0,0,0,5,0,0,0,13.016944885253906,25769803776,0,18523176960,0
204,1790717997165,4,4,4,4,4,4,4,4,4,4,70.16497039794922,68.91259002685547,68.36491394042969,68.99139404296875,61.281829833984375,69.89380645751953,72.515625,0,4.761904716491699,0,0,0,0,9.523809432983398,0,0,0,13.016944885253906,25769803776,0,18523176960,0
8,1790717997370,4,4,4,4,4,4,4,4,4,4,70.16497039794922,68.91259002685547,68.36491394042969,68.99139404296875,61.281829833984375,69.89380645751953,72.515625,19.047618865966797,15.000000953674316,5,4.761904716491699,0,0,9.523809432983398,14.285715103149414,0,0,13.016944885253906,25769803776,0,18523176960,0
