Delta,Time,CPU_FREQUENCY_0,CPU_FREQUENCY_1,CPU_FREQUENCY_2,CPU_FREQUENCY_3,CPU_FREQUENCY_4,CPU_FREQUENCY_5,CPU_FREQUENCY_6,CPU_FREQUENCY_7,CPU_FREQUENCY_8,CPU_FREQUENCY_9,CPU_TEMP_0,CPU_TEMP_1,CPU_TEMP_2,CPU_TEMP_3,CPU_TEMP_4,CPU_TEMP_5,CPU_TEMP_6,CPU_USAGE_0,CPU_USAGE_1,CPU_USAGE_2,CPU_USAGE_3,CPU_USAGE_4,CPU_USAGE_5,CPU_USAGE_6,CPU_USAGE_7,CPU_USAGE_8,CPU_USAGE_9,SYSTEM_POWER (Watts),TOTAL_MEMORY,TOTAL_SWAP,USED_MEMORY,USED_SWAP
0,1790449826650,4,4,4,4,4,4,4,4,4,4,64.68327331542969,64.89704132080078,64.6377182006836,64.2951889038086,57.61860275268555,64.87410736083984,72,NaN,50,0,0,0,0,0,0,0,0,2.820148229598999,25769803776,2147483648,15159820288,790495232
204,1790449826650,4,4,4,4,4,4,4,4,4,4,64.68327331542969,64.89704132080078,64.6377182006836,64.2951889038086,57.61860275268555,64.87410736083984,72,0,NaN,0,0,NaN,NaN,0,0,0,NaN,2.879305124282837,25769803776,2147483648,15159820288,790495232
204,1790449826855,4,4,4,4,4,4,4,4,4,4,64.68327331542969,64.89704132080078,64.6377182006836,64.2951889038086,57.61860275268555,64.87410736083984,72,10,5,0,0,0,0,23.809524536132813,19.047618865966797,60.000003814697266,0,2.879305124282837,25769803776,2147483648,15159820288,790495232
204,1790449827060,4,4,4,4,4,4,4,4,4,4,64.68327331542969,64.89704132080078,64.6377182006836,64.2951889038086,57.61860275268555,64.87410736083984,72,0,0,0,0,0,0,0,0,100,0,2.879305124282837,25769803776,2147483648,15159820288,790495232
204,1790449827265,4,4,4,4,4,4,4,4,4,4,70.7789535522461,66.5090103149414,66.24190521240234,66.79729461669922,59.42406463623047,73.4449462890625,81.25,9.090909004211426,5,0,0,0,0,5,0,90.47618865966797,4.761904716491699,2.879305124282837,25769803776,2147483648,15159820288,790495232
199,1790449827470,4,4,4,4,4,4,4,4,4,4,70.7789535522461,66.5090103149414,66.24190521240234,66.79729461669922,59.42406463623047,73.4449462890625,81.25,0,0,0,0,0,0,18.18181800842285,0,0,0,2.879305124282837,25769803776,2147483648,15935438848,790495232
204,1790449827670,4,4,4,4,4,4,4,4,4,4,70.7789535522461,66.5090103149414,66.24190521240234,66.79729461669922,59.42406463623047,73.4449462890625,81.25,4.761904716491699,0,0,0,0,0,5.263157844543457,0,0,0,3.191709041595459,25769803776,2147483648,15935438848,790495232
204,1790449827875,4,4,4,4,4,4,4,4,4,4,70.7789535522461,66.5090103149414,66.24190521240234,66.79729461669922,59.42406463623047,73.4449462890625,81.25,0,4.761904716491699,9.090909004211426,0,0,0,4.761904716491699,4.761904716491699,0,0,3.191709041595459,25769803776,2147483648,15935438848,790495232
204,1790449828080,4,4,4,4,4,4,4,4,4,4,70.7789535522461,66.5090103149414,66.24190521240234,66.79729461669922,59.42406463623047,73.4449462890625,81.25,4.761904716491699,4.761904716491699,0,0,0,0,9.523809432983398,0,0,0,3.191709041595459,25769803776,2147483648,15935438848,790495232
204,1790449828285,4,4,4,4,4,4,4,4,4,4,75.52334594726563,69.55720520019531,68.67057037353516,72.51543426513672,61.653724670410156,75.07608032226563,80.546875,5,0,0,0,0,0,4.761904716491699,0,4.761904716491699,0,3.191709041595459,25769803776,2147483648,15935438848,790495232
204,1790449828490,4,4,4,4,4,4,4,4,4,4,75.52334594726563,69.55720520019531,68.67057037353516,72.51543426513672,61.653724670410156,75.07608032226563,80.546875,4.761904716491699,0,0,0,0,0,0,0,0,0,3.191709041595459,25769803776,2147483648,15925149696,790495232
204,1790449828695,4,4,4,4,4,4,4,4,4,4,75.52334594726563,69.55720520019531,68.67057037353516,72.51543426513672,61.653724670410156,75.07608032226563,80.546875,0,4.761904716491699,0,0,0,0,4.761904716491699,0,0,0,17.18348503112793,25769803776,2147483648,15926673408,790495232
204,1790449828900,4,4,4,4,4,4,4,4,4,4,75.52334594726563,69.55720520019531,68.67057037353516,72.51543426513672,61.653724670410156,75.07608032226563,80.546875,0,0,0,0,0,0,5,0,0,0,17.18348503112793,25769803776,2147483648,15924871168,790495232
204,1790449829105,4,4,4,4,4,4,4,4,4,4,75.52334594726563,69.55720520019531,68.67057037353516,72.51543426513672,61.653724670410156,75.07608032226563,80.546875,4.761904716491699,0,0,4.545454502105713,0,0,4.761904716491699,0,0,0,17.18348503112793,25769803776,2147483648,15924871168,790495232
202,1790449829311,4,4,4,4,4,4,4,4,4,4,75.78668212890625,71.51306915283203,70.63091278076172,73.68170928955078,63.46394348144531,75.09278106689453,77.484375,23.809524536132813,14.285715103149414,9.523809432983398,0,9.090909004211426,0,15.000000953674316,4.761904716491699,0,0,17.18348503112793,25769803776,2147483648,15924871168,790495232
204,1790449829513,4,4,4,4,4,4,4,4,4,4,75.78668212890625,71.51306915283203,70.63091278076172,73.68170928955078,63.46394348144531,75.09278106689453,77.484375,15.789472579956055,5,0,0,0,0,9.523809432983398,0,0,0,17.18348503112793,25769803776,2147483648,15943778304,790495232
204,1790449829718,4,4,4,4,4,4,4,4,4,4,75.78668212890625,71.51306915283203,70.63091278076172,73.68170928955078,63.46394348144531,75.09278106689453,77.484375,15.000000953674316,14.285715103149414,4.761904716491699,0,0,0,4.761904716491699,4.761904716491699,0,0,21.06239891052246,25769803776,2147483648,15943860224,790495232
204,1790449829923,4,4,4,4,4,4,4,4,4,4,75.78668212890625,71.51306915283203,70.63091278076172,73.68170928955078,63.46394348144531,75.09278106689453,77.484375,15.000000953674316,0,0,0,0,0,0,0,0,0,21.06239891052246,25769803776,2147483648,15943876608,790495232
204,1790449830128,4,4,4,4,4,4,4,4,4,4,75.78668212890625,71.51306915283203,70.63091278076172,73.68170928955078,63.46394348144531,75.09278106689453,77.484375,9.523809432983398,4.761904716491699,4.761904716491699,0,0,0,9.523809432983398,0,0,0,21.06239891052246,25769803776,2147483648,15943860224,790495232
204,1790449830333,4,4,4,4,4,4,4,4,4,4,74.72990417480469,71.74771881103516,70.94088745117188,72.79765319824219,63.62486267089844,74.04473876953125,78.671875,0,5,0,0,0,0,4.761904716491699,0,4.761904716491699,0,21.06239891052246,25769803776,2147483648,15944007680,790495232
204,1790449830538,4,4,4,4,4,4,4,4,4,4,74.72990417480469,71.74771881103516,70.94088745117188,72.79765319824219,63.62486267089844,74.04473876953125,78.671875,4.761904716491699,4.761904716491699,0,0,0,0,0,5,0,0,21.06239891052246,25769803776,2147483648,15944122368,790495232
204,1790449830743,4,4,4,4,4,4,4,4,4,4,74.72990417480469,71.74771881103516,70.94088745117188,72.79765319824219,63.62486267089844,74.04473876953125,78.671875,0,0,4.545454502105713,0,0,0,4.761904716491699,0,0,0,16.158803939819336,25769803776,2147483648,15944056832,790495232
204,1790449830948,4,4,4,4,4,4,4,4,4,4,74.72990417480469,71.74771881103516,70.94088745117188,72.79765319824219,63.62486267089844,74.04473876953125,78.671875,5,0,0,0,0,0,5,0,0,0,16.158803939819336,25769803776,2147483648,15944105984,790495232
204,1790449831153,4,4,4,4,4,4,4,4,4,4,75.81761169433594,71.90511322021484,71.21771240234375,73.6823959350586,63.98035430908203,74.97847747802734,77.484375,0,5,0,0,0,0,5,0,0,0,16.158803939819336,25769803776,2147483648,15943614464,790495232
204,1790449831358,4,4,4,4,4,4,4,4,4,4,75.81761169433594,71.90511322021484,71.21771240234375,73.6823959350586,63.98035430908203,74.97847747802734,77.484375,9.523809432983398,0,0,0,0,0,9.090909004211426,0,0,0,16.158803939819336,25769803776,2147483648,15943614464,790495232
204,1790449831563,4,4,4,4,4,4,4,4,4,4,75.81761169433594,71.90511322021484,71.21771240234375,73.6823959350586,63.98035430908203,74.97847747802734,77.484375,0,0,0,0,0,0,5,0,0,0,16.158803939819336,25769803776,2147483648,15916318720,790495232
204,1790449831768,4,4,4,4,4,4,4,4,4,4,75.81761169433594,71.90511322021484,71.21771240234375,73.6823959350586,63.98035430908203,74.97847747802734,77.484375,4.761904716491699,4.761904716491699,0,4.545454502105713,0,0,5,0,0,0,15.483268737792969,25769803776,2147483648,15916351488,790495232
204,1790449831973,4,4,4,4,4,4,4,4,4,4,75.81761169433594,71.90511322021484,71.21771240234375,73.6823959350586,63.98035430908203,74.97847747802734,77.484375,0,0,4.545454502105713,0,0,0,4.761904716491699,0,0,0,15.483268737792969,25769803776,2147483648,15916056576,790495232
204,1790449832178,4,4,4,4,4,4,4,4,4,4,77.03246307373047,72.94925689697266,72.0430908203125,74.92015838623047,64.90955352783203,76.21540069580078,77.953125,0,0,0,0,0,0,5,0,0,0,15.483268737792969,25769803776,2147483648,15916089344,790495232
200,1790449832383,4,4,4,4,4,4,4,4,4,4,77.03246307373047,72.94925689697266,72.0430908203125,74.92015838623047,64.90955352783203,76.21540069580078,77.953125,4.761904716491699,4.761904716491699,0,0,0,0,5,0,4.761904716491699,0,15.483268737792969,25769803776,2147483648,15916105728,790495232
203,1790449832583,4,4,4,4,4,4,4,4,4,4,77.03246307373047,72.94925689697266,72.0430908203125,74.92015838623047,64.90955352783203,76.21540069580078,77.953125,0,0,0,0,0,0,0,9.090909004211426,0,0,15.483268737792969,25769803776,2147483648,15918088192,790495232
204,1790449832787,4,4,4,4,4,4,4,4,4,4,77.03246307373047,72.94925689697266,72.0430908203125,74.92015838623047,64.90955352783203,76.21540069580078,77.953125,0,0,0,0,0,0,4.761904716491699,0,0,0,18.399248123168945,25769803776,2147483648,15916236800,790495232
204,1790449832992,4,4,4,4,4,4,4,4,4,4,77.03246307373047,72.94925689697266,72.0430908203125,74.92015838623047,64.90955352783203,76.21540069580078,77.953125,4.761904716491699,0,0,0,0,0,9.523809432983398,0,0,0,18.399248123168945,25769803776,2147483648,15916236800,790495232
204,1790449833197,4,4,4,4,4,4,4,4,4,4,77.26972961425781,73.52838897705078,72.63099670410156,75.27357482910156,65.462158203125,76.56240844726563,78.4375,0,0,0,0,0,0,0,0,0,0,18.399248123168945,25769803776,2147483648,15916236800,790495232
204,1790449833402,4,4,4,4,4,4,4,4,4,4,77.26972961425781,73.52838897705078,72.63099670410156,75.27357482910156,65.462158203125,76.56240844726563,78.4375,4.761904716491699,0,0,0,0,0,5,0,0,0,18.399248123168945,25769803776,2147483648,15916236800,790495232
204,1790449833607,4,4,4,4,4,4,4,4,4,4,77.26972961425781,73.52838897705078,72.63099670410156,75.27357482910156,65.462158203125,76.56240844726563,78.4375,0,0,0,0,0,0,0,4.761904716491699,0,0,18.399248123168945,25769803776,2147483648,15916367872,790495232
204,1790449833812,4,4,4,4,4,4,4,4,4,4,77.26972961425781,73.52838897705078,72.63099670410156,75.27357482910156,65.462158203125,76.56240844726563,78.4375,4.761904716491699,4.761904716491699,0,0,0,0,9.090909004211426,0,4.761904716491699,0,17.405595779418945,25769803776,2147483648,15916384256,790495232
204,1790449834017,4,4,4,4,4,4,4,4,4,4,77.26972961425781,73.52838897705078,72.63099670410156,75.27357482910156,65.462158203125,76.56240844726563,78.4375,4.761904716491699,0,0,0,4.761904716491699,0,5,0,0,0,17.405595779418945,25769803776,2147483648,15916384256,790495232
204,1790449834222,4,4,4,4,4,4,4,4,4,4,77.33916473388672,73.61521911621094,72.95526123046875,75.31919860839844,65.762939453125,76.69273376464844,78.4375,0,0,0,0,0,0,0,0,4.545454502105713,0,17.405595779418945,25769803776,2147483648,15916384256,790495232
204,1790449834427,4,4,4,4,4,4,4,4,4,4,77.33916473388672,73.61521911621094,72.95526123046875,75.31919860839844,65.762939453125,76.69273376464844,78.4375,5,4.545454502105713,0,4.545454502105713,0,0,0,9.523809432983398,0,0,17.405595779418945,25769803776,2147483648,15916384256,790495232
204,1790449834632,4,4,4,4,4,4,4,4,4,4,77.33916473388672,73.61521911621094,72.95526123046875,75.31919860839844,65.762939453125,76.69273376464844,78.4375,0,0,0,0,0,0,9.523809432983398,0,0,0,17.405595779418945,25769803776,2147483648,15916679168,790495232
204,1790449834837,4,4,4,4,4,4,4,4,4,4,77.33916473388672,73.61521911621094,72.95526123046875,75.31919860839844,65.762939453125,76.69273376464844,78.4375,4.761904716491699,0,0,0,0,0,4.761904716491699,0,0,0,16.71647834777832,25769803776,2147483648,15916187648,790495232
204,1790449835042,4,4,4,4,4,4,4,4,4,4,77.33916473388672,73.61521911621094,72.95526123046875,75.31919860839844,65.762939453125,76.69273376464844,78.4375,4.761904716491699,0,0,0,0,0,5,0,0,0,16.71647834777832,25769803776,2147483648,15916236800,790495232
200,1790449835247,4,4,4,4,4,4,4,4,4,4,77.61827087402344,73.87545776367188,73.2518539428711,75.78667449951172,66.07420349121094,77.10713958740234,80.671875,0,0,4.761904716491699,0,0,0,0,4.761904716491699,0,0,16.71647834777832,25769803776,2147483648,15916236800,790495232
200,1790449835448,4,4,4,4,4,4,4,4,4,4,77.61827087402344,73.87545776367188,73.2518539428711,75.78667449951172,66.07420349121094,77.10713958740234,80.671875,4.761904716491699,0,0,0,0,0,0,0,0,0,16.71647834777832,25769803776,2147483648,15916236800,790495232
200,1790449835649,4,4,4,4,4,4,4,4,4,4,77.61827087402344,73.87545776367188,73.2518539428711,75.78667449951172,66.07420349121094,77.10713958740234,80.671875,0,0,4.761904716491699,0,0,0,9.523809432983398,5,0,0,16.911447525024414,25769803776,2147483648,15916433408,790495232
200,1790449835850,4,4,4,4,4,4,4,4,4,4,77.61827087402344,73.87545776367188,73.2518539428711,75.78667449951172,66.07420349121094,77.10713958740234,80.671875,0,5,0,0,0,0,0,0,0,0,16.911447525024414,25769803776,2147483648,15916318720,790495232
200,1790449836050,4,4,4,4,4,4,4,4,4,4,77.61827087402344,73.87545776367188,73.2518539428711,75.78667449951172,66.07420349121094,77.10713958740234,80.671875,5,0,0,0,0,0,5.263157844543457,0,4.761904716491699,0,16.911447525024414,25769803776,2147483648,15916318720,790495232
204,1790449836251,4,4,4,4,4,4,4,4,4,4,77.86553955078125,74.17261505126953,73.67524719238281,76.0866470336914,66.58387756347656,77.38262176513672,81.140625,0,4.761904716491699,0,0,0,0,0,4.761904716491699,0,0,16.911447525024414,25769803776,2147483648,15916548096,790495232
200,1790449836456,4,4,4,4,4,4,4,4,4,4,77.86553955078125,74.17261505126953,73.67524719238281,76.0866470336914,66.58387756347656,77.38262176513672,81.140625,0,0,0,0,0,0,0,5,0,0,16.911447525024414,25769803776,2147483648,15910240256,790495232
204,1790449836656,4,4,4,4,4,4,4,4,4,4,77.86553955078125,74.17261505126953,73.67524719238281,76.0866470336914,66.58387756347656,77.38262176513672,81.140625,4.761904716491699,0,0,0,0,0,9.523809432983398,0,0,0,16.9471492767334,25769803776,2147483648,15910240256,790495232
204,1790449836861,4,4,4,4,4,4,4,4,4,4,77.86553955078125,74.17261505126953,73.67524719238281,76.0866470336914,66.58387756347656,77.38262176513672,81.140625,0,0,0,0,0,0,5,0,0,0,16.9471492767334,25769803776,2147483648,15910060032,790495232
204,1790449837066,4,4,4,4,4,4,4,4,4,4,77.86553955078125,74.17261505126953,73.67524719238281,76.0866470336914,66.58387756347656,77.38262176513672,81.140625,4.761904716491699,0,0,0,0,0,5,0,0,0,16.9471492767334,25769803776,2147483648,15910060032,790495232
204,1790449837271,4,4,4,4,4,4,4,4,4,4,78.07597351074219,74.58158874511719,73.93718719482422,76.33394622802734,66.77582550048828,77.86891174316406,79.375,4.761904716491699,0,0,0,0,0,9.090909004211426,0,0,0,16.9471492767334,25769803776,2147483648,15910060032,790495232
204,1790449837476,4,4,4,4,4,4,4,4,4,4,78.07597351074219,74.58158874511719,73.93718719482422,76.33394622802734,66.77582550048828,77.86891174316406,79.375,5,9.523809432983398,0,0,0,0,0,0,0,0,16.9471492767334,25769803776,2147483648,15910060032,790495232
204,1790449837681,4,4,4,4,4,4,4,4,4,4,78.07597351074219,74.58158874511719,73.93718719482422,76.33394622802734,66.77582550048828,77.86891174316406,79.375,9.523809432983398,4.761904716491699,0,0,0,0,4.761904716491699,0,0,0,17.243478775024414,25769803776,2147483648,15894036480,790495232
204,1790449837886,4,4,4,4,4,4,4,4,4,4,78.07597351074219,74.58158874511719,73.93718719482422,76.33394622802734,66.77582550048828,77.86891174316406,79.375,0,0,0,0,0,0,9.523809432983398,0,0,0,17.243478775024414,25769803776,2147483648,15894085632,790495232
200,1790449838091,4,4,4,4,4,4,4,4,4,4,78.07597351074219,74.58158874511719,73.93718719482422,76.33394622802734,66.77582550048828,77.86891174316406,79.375,0,0,0,0,0,0,5,4.545454502105713,0,0,17.243478775024414,25769803776,2147483648,15894085632,790495232
204,1790449838292,4,4,4,4,4,4,4,4,4,4,78.19403839111328,74.97366333007813,74.00584411621094,76.62803649902344,66.86292266845703,78.12470245361328,79.84375,4.761904716491699,0,0,0,4.761904716491699,0,0,5.263157844543457,0,0,17.243478775024414,25769803776,2147483648,15894085632,790495232
202,1790449838497,4,4,4,4,4,4,4,4,4,4,78.19403839111328,74.97366333007813,74.00584411621094,76.62803649902344,66.86292266845703,78.12470245361328,79.84375,0,0,4.761904716491699,0,0,0,9.523809432983398,0,0,0,17.243478775024414,25769803776,2147483648,15894085632,790495232
200,1790449838700,4,4,4,4,4,4,4,4,4,4,78.19403839111328,74.97366333007813,74.00584411621094,76.62803649902344,66.86292266845703,78.12470245361328,79.84375,4.761904716491699,4.761904716491699,0,0,0,0,0,5,4.761904716491699,0,17.2302303314209,25769803776,2147483648,15893561344,790495232
204,1790449838900,4,4,4,4,4,4,4,4,4,4,78.19403839111328,74.97366333007813,74.00584411621094,76.62803649902344,66.86292266845703,78.12470245361328,79.84375,0,0,0,0,0,0,5,0,0,0,17.2302303314209,25769803776,2147483648,15893643264,790495232
202,1790449839105,4,4,4,4,4,4,4,4,4,4,78.19403839111328,74.97366333007813,74.00584411621094,76.62803649902344,66.86292266845703,78.12470245361328,79.84375,0,0,0,0,0,0,0,5,0,0,17.2302303314209,25769803776,2147483648,15893643264,790495232
204,1790449839308,4,4,4,4,4,4,4,4,4,4,78.4645004272461,75.07319641113281,74.5187759399414,77.0384750366211,67.75831604003906,78.4725112915039,80.3125,4.761904716491699,0,0,0,0,0,0,0,0,0,17.2302303314209,25769803776,2147483648,15893643264,790495232
202,1790449839513,4,4,4,4,4,4,4,4,4,4,78.4645004272461,75.07319641113281,74.5187759399414,77.0384750366211,67.75831604003906,78.4725112915039,80.3125,0,0,0,4.545454502105713,0,0,9.523809432983398,0,0,0,17.2302303314209,25769803776,2147483648,15893643264,790495232
204,1790449839715,4,4,4,4,4,4,4,4,4,4,78.4645004272461,75.07319641113281,74.5187759399414,77.0384750366211,67.75831604003906,78.4725112915039,80.3125,9.090909004211426,0,4.761904716491699,0,0,0,4.761904716491699,0,0,0,17.357952117919922,25769803776,2147483648,15882076160,790495232
201,1790449839920,4,4,4,4,4,4,4,4,4,4,78.4645004272461,75.07319641113281,74.5187759399414,77.0384750366211,67.75831604003906,78.4725112915039,80.3125,0,4.761904716491699,0,0,0,0,0,0,0,0,17.357952117919922,25769803776,2147483648,15880257536,790495232
200,1790449840121,4,4,4,4,4,4,4,4,4,4,78.4645004272461,75.07319641113281,74.5187759399414,77.0384750366211,67.75831604003906,78.4725112915039,80.3125,0,0,0,0,0,0,0,9.523809432983398,0,0,17.357952117919922,25769803776,2147483648,15880306688,790495232
204,1790449840322,4,4,4,4,4,4,4,4,4,4,78.72488403320313,75.40164947509766,74.64949798583984,77.35883331298828,67.67306518554688,78.72920227050781,80.796875,5,5,0,0,0,0,5,0,0,0,17.357952117919922,25769803776,2147483648,15880306688,790495232
204,1790449840527,4,4,4,4,4,4,4,4,4,4,78.72488403320313,75.40164947509766,74.64949798583984,77.35883331298828,67.67306518554688,78.72920227050781,80.796875,5,0,0,0,0,0,9.523809432983398,0,0,0,17.357952117919922,25769803776,2147483648,15880306688,790495232
204,1790449840732,4,4,4,4,4,4,4,4,4,4,78.72488403320313,75.40164947509766,74.64949798583984,77.35883331298828,67.67306518554688,78.72920227050781,80.796875,4.761904716491699,0,0,0,0,0,0,4.545454502105713,0,0,17.522085189819336,25769803776,2147483648,15878750208,790495232
204,1790449840937,4,4,4,4,4,4,4,4,4,4,78.72488403320313,75.40164947509766,74.64949798583984,77.35883331298828,67.67306518554688,78.72920227050781,80.796875,0,4.761904716491699,0,0,0,0,4.761904716491699,0,0,0,17.522085189819336,25769803776,2147483648,15878750208,790495232
204,1790449841142,4,4,4,4,4,4,4,4,4,4,78.86375427246094,75.85603332519531,74.85340118408203,77.59325408935547,67.7236557006836,78.97415161132813,80.796875,4.761904716491699,0,0,0,0,0,5,0,0,0,17.522085189819336,25769803776,2147483648,15878782976,790495232
204,1790449841347,4,4,4,4,4,4,4,4,4,4,78.86375427246094,75.85603332519531,74.85340118408203,77.59325408935547,67.7236557006836,78.97415161132813,80.796875,0,0,4.761904716491699,0,0,0,9.523809432983398,0,4.545454502105713,0,17.522085189819336,25769803776,2147483648,15878848512,790495232
204,1790449841552,4,4,4,4,4,4,4,4,4,4,78.86375427246094,75.85603332519531,74.85340118408203,77.59325408935547,67.7236557006836,78.97415161132813,80.796875,0,0,4.761904716491699,0,0,0,4.761904716491699,0,0,0,17.522085189819336,25769803776,2147483648,15878864896,790495232
200,1790449841757,4,4,4,4,4,4,4,4,4,4,78.86375427246094,75.85603332519531,74.85340118408203,77.59325408935547,67.7236557006836,78.97415161132813,80.796875,0,0,0,0,0,0,0,4.761904716491699,0,0,17.414701461791992,25769803776,2147483648,15878864896,790495232
204,1790449841958,4,4,4,4,4,4,4,4,4,4,78.86375427246094,75.85603332519531,74.85340118408203,77.59325408935547,67.7236557006836,78.97415161132813,80.796875,4.761904716491699,0,0,0,0,0,9.523809432983398,5,0,0,17.414701461791992,25769803776,2147483648,15880699904,790495232
202,1790449842163,4,4,4,4,4,4,4,4,4,4,79.16252136230469,76.03633117675781,75.21383666992188,77.82843017578125,68.24417114257813,79.3221664428711,81.390625,4.761904716491699,4.761904716491699,0,4.761904716491699,0,0,5,0,0,0,17.414701461791992,25769803776,2147483648,15880732672,790495232
204,1790449842365,4,4,4,4,4,4,4,4,4,4,79.16252136230469,76.03633117675781,75.21383666992188,77.82843017578125,68.24417114257813,79.3221664428711,81.390625,5,0,0,0,0,0,0,0,5,0,17.414701461791992,25769803776,2147483648,15880798208,790495232
204,1790449842570,4,4,4,4,4,4,4,4,4,4,79.16252136230469,76.03633117675781,75.21383666992188,77.82843017578125,68.24417114257813,79.3221664428711,81.390625,0,0,0,0,0,0,9.523809432983398,0,0,0,17.414701461791992,25769803776,2147483648,15880798208,790495232
204,1790449842775,4,4,4,4,4,4,4,4,4,4,79.16252136230469,76.03633117675781,75.21383666992188,77.82843017578125,68.24417114257813,79.3221664428711,81.390625,0,4.761904716491699,0,0,4.761904716491699,0,5,0,0,0,17.372888565063477,25769803776,2147483648,15880749056,790495232
204,1790449842980,4,4,4,4,4,4,4,4,4,4,79.16252136230469,76.03633117675781,75.21383666992188,77.82843017578125,68.24417114257813,79.3221664428711,81.390625,9.090909004211426,0,0,0,0,0,9.523809432983398,0,0,0,17.372888565063477,25769803776,2147483648,15880765440,790495232
204,1790449843185,4,4,4,4,4,4,4,4,4,4,80.69804382324219,76.9873046875,75.89543151855469,78.84569549560547,68.78736114501953,80.59464263916016,85.625,0,0,0,0,0,0,4.761904716491699,0,4.761904716491699,0,17.372888565063477,25769803776,2147483648,15880781824,790495232
204,1790449843390,4,4,4,4,4,4,4,4,4,4,80.69804382324219,76.9873046875,75.89543151855469,78.84569549560547,68.78736114501953,80.59464263916016,85.625,0,4.545454502105713,0,0,0,0,0,4.761904716491699,0,0,17.372888565063477,25769803776,2147483648,15881699328,790495232
200,1790449843595,4,4,4,4,4,4,4,4,4,4,80.69804382324219,76.9873046875,75.89543151855469,78.84569549560547,68.78736114501953,80.59464263916016,85.625,5,0,0,0,0,0,9.523809432983398,4.761904716491699,0,0,17.372888565063477,25769803776,2147483648,15881699328,790495232
204,1790449843796,4,4,4,4,4,4,4,4,4,4,80.69804382324219,76.9873046875,75.89543151855469,78.84569549560547,68.78736114501953,80.59464263916016,85.625,0,0,4.761904716491699,0,0,0,5,0,0,0,21.903913497924805,25769803776,2147483648,15880814592,790495232
204,1790449844001,4,4,4,4,4,4,4,4,4,4,80.69804382324219,76.9873046875,75.89543151855469,78.84569549560547,68.78736114501953,80.59464263916016,85.625,4.761904716491699,0,0,0,0,0,0,0,0,0,21.903913497924805,25769803776,2147483648,15880814592,790495232
204,1790449844206,4,4,4,4,4,4,4,4,4,4,80.3128433227539,77.41654968261719,76.2789077758789,78.73556518554688,69.19606018066406,80.36732482910156,84.203125,0,0,0,0,0,0,9.523809432983398,0,4.761904716491699,0,21.903913497924805,25769803776,2147483648,15880863744,790495232
204,1790449844411,4,4,4,4,4,4,4,4,4,4,80.3128433227539,77.41654968261719,76.2789077758789,78.73556518554688,69.19606018066406,80.36732482910156,84.203125,4.761904716491699,0,0,0,0,0,4.761904716491699,0,0,0,21.903913497924805,25769803776,2147483648,15880863744,790495232
204,1790449844616,4,4,4,4,4,4,4,4,4,4,80.3128433227539,77.41654968261719,76.2789077758789,78.73556518554688,69.19606018066406,80.36732482910156,84.203125,5,4.761904716491699,0,0,0,0,9.523809432983398,0,0,0,21.903913497924805,25769803776,2147483648,15880863744,790495232
204,1790449844821,4,4,4,4,4,4,4,4,4,4,80.3128433227539,77.41654968261719,76.2789077758789,78.73556518554688,69.19606018066406,80.36732482910156,84.203125,0,0,0,0,0,0,5,4.761904716491699,0,0,21.265804290771484,25769803776,2147483648,15880896512,790495232
204,1790449845026,4,4,4,4,4,4,4,4,4,4,80.3128433227539,77.41654968261719,76.2789077758789,78.73556518554688,69.19606018066406,80.36732482910156,84.203125,4.761904716491699,4.761904716491699,0,0,0,0,9.523809432983398,0,0,0,21.265804290771484,25769803776,2147483648,15880896512,790495232
204,1790449845231,4,4,4,4,4,4,4,4,4,4,78.8703842163086,76.90690612792969,75.79058074951172,77.66635131835938,68.60079956054688,79.19230651855469,81.265625,0,0,0,0,0,0,5,0,0,0,21.265804290771484,25769803776,2147483648,15880732672,790495232
200,1790449845436,4,4,4,4,4,4,4,4,4,4,78.8703842163086,76.90690612792969,75.79058074951172,77.66635131835938,68.60079956054688,79.19230651855469,81.265625,0,0,0,0,0,0,0,0,4.761904716491699,0,21.265804290771484,25769803776,2147483648,15880732672,790495232
204,1790449845636,4,4,4,4,4,4,4,4,4,4,78.8703842163086,76.90690612792969,75.79058074951172,77.66635131835938,68.60079956054688,79.19230651855469,81.265625,5,0,0,0,0,0,9.523809432983398,0,0,0,21.265804290771484,25769803776,2147483648,15880732672,790495232
204,1790449845841,4,4,4,4,4,4,4,4,4,4,78.8703842163086,76.90690612792969,75.79058074951172,77.66635131835938,68.60079956054688,79.19230651855469,81.265625,0,0,0,0,0,0,5,4.761904716491699,4.761904716491699,0,17.59554672241211,25769803776,2147483648,15880912896,790495232
204,1790449846046,4,4,4,4,4,4,4,4,4,4,78.8703842163086,76.90690612792969,75.79058074951172,77.66635131835938,68.60079956054688,79.19230651855469,81.265625,0,4.545454502105713,0,0,0,0,9.523809432983398,0,0,0,17.59554672241211,25769803776,2147483648,15880896512,790495232
204,1790449846251,4,4,4,4,4,4,4,4,4,4,78.52571105957031,76.4544448852539,75.52305603027344,77.26690673828125,68.38469696044922,78.74549102783203,80.796875,4.761904716491699,0,0,0,0,0,5,4.761904716491699,0,0,17.59554672241211,25769803776,2147483648,15880912896,790495232
204,1790449846456,4,4,4,4,4,4,4,4,4,4,78.52571105957031,76.4544448852539,75.52305603027344,77.26690673828125,68.38469696044922,78.74549102783203,80.796875,0,0,0,0,0,0,4.761904716491699,0,0,0,17.59554672241211,25769803776,2147483648,15880912896,790495232
204,1790449846661,4,4,4,4,4,4,4,4,4,4,78.52571105957031,76.4544448852539,75.52305603027344,77.26690673828125,68.38469696044922,78.74549102783203,80.796875,4.761904716491699,4.545454502105713,0,0,0,0,5,0,0,0,16.77459716796875,25769803776,2147483648,15880912896,790495232
202,1790449846866,4,4,4,4,4,4,4,4,4,4,78.52571105957031,76.4544448852539,75.52305603027344,77.26690673828125,68.38469696044922,78.74549102783203,80.796875,0,0,0,0,0,0,5,0,0,0,16.77459716796875,25769803776,2147483648,15880880128,790495232
204,1790449847069,4,4,4,4,4,4,4,4,4,4,78.52571105957031,76.4544448852539,75.52305603027344,77.26690673828125,68.38469696044922,78.74549102783203,80.796875,0,0,0,0,0,0,4.761904716491699,0,0,0,16.77459716796875,25769803776,2147483648,15882764288,790495232
204,1790449847274,4,4,4,4,4,4,4,4,4,4,78.72367858886719,76.61235809326172,75.55731201171875,77.50862121582031,68.40391540527344,78.98265075683594,80.796875,9.090909004211426,4.761904716491699,4.761904716491699,0,0,4.761904716491699,5,0,0,0,16.77459716796875,25769803776,2147483648,15880962048,790495232
204,1790449847479,4,4,4,4,4,4,4,4,4,4,78.72367858886719,76.61235809326172,75.55731201171875,77.50862121582031,68.40391540527344,78.98265075683594,80.796875,0,0,4.545454502105713,0,0,0,0,0,9.523809432983398,0,16.77459716796875,25769803776,2147483648,15880962048,790495232
204,1790449847685,4,4,4,4,4,4,4,4,4,4,78.72367858886719,76.61235809326172,75.55731201171875,77.50862121582031,68.40391540527344,78.98265075683594,80.796875,4.761904716491699,0,0,0,0,0,0,9.523809432983398,0,0,17.58544921875,25769803776,2147483648,15880962048,790495232
200,1790449847890,4,4,4,4,4,4,4,4,4,4,78.72367858886719,76.61235809326172,75.55731201171875,77.50862121582031,68.40391540527344,78.98265075683594,80.796875,0,0,0,0,0,0,9.523809432983398,0,0,0,17.58544921875,25769803776,2147483648,15881011200,790495232
200,1790449848090,4,4,4,4,4,4,4,4,4,4,78.72367858886719,76.61235809326172,75.55731201171875,77.50862121582031,68.40391540527344,78.98265075683594,80.796875,0,0,0,0,0,0,5,4.761904716491699,0,4.761904716491699,17.58544921875,25769803776,2147483648,15881011200,790495232
204,1790449848291,4,4,4,4,4,4,4,4,4,4,79.03367614746094,76.42862701416016,75.75167083740234,77.75888061523438,68.6970443725586,79.3759994506836,84.4375,5,0,0,0,0,0,5,0,0,0,17.58544921875,25769803776,2147483648,15881060352,790495232
204,1790449848496,4,4,4,4,4,4,4,4,4,4,79.03367614746094,76.42862701416016,75.75167083740234,77.75888061523438,68.6970443725586,79.3759994506836,84.4375,0,0,0,0,0,0,9.523809432983398,0,4.761904716491699,0,17.58544921875,25769803776,2147483648,15881060352,790495232
204,1790449848701,4,4,4,4,4,4,4,4,4,4,79.03367614746094,76.42862701416016,75.75167083740234,77.75888061523438,68.6970443725586,79.3759994506836,84.4375,0,0,0,0,0,0,5,0,4.761904716491699,0,18.050107955932617,25769803776,2147483648,15881060352,790495232
204,1790449848906,4,4,4,4,4,4,4,4,4,4,79.03367614746094,76.42862701416016,75.75167083740234,77.75888061523438,68.6970443725586,79.3759994506836,84.4375,4.545454502105713,0,0,0,0,0,0,0,0,0,18.050107955932617,25769803776,2147483648,15874736128,790495232
204,1790449849111,4,4,4,4,4,4,4,4,4,4,79.03367614746094,76.42862701416016,75.75167083740234,77.75888061523438,68.6970443725586,79.3759994506836,84.4375,0,4.761904716491699,0,0,0,0,9.090909004211426,4.761904716491699,0,0,18.050107955932617,25769803776,2147483648,15874670592,790495232
204,1790449849316,4,4,4,4,4,4,4,4,4,4,79.01007080078125,76.90716552734375,75.78688049316406,77.8130111694336,68.6334228515625,79.39701843261719,84.90625,0,0,0,0,0,0,5,0,0,0,18.050107955932617,25769803776,2147483648,15874686976,790495232
204,1790449849521,4,4,4,4,4,4,4,4,4,4,79.01007080078125,76.90716552734375,75.78688049316406,77.8130111694336,68.6334228515625,79.39701843261719,84.90625,4.761904716491699,0,0,0,0,0,9.523809432983398,0,0,0,18.050107955932617,25769803776,2147483648,15874686976,790495232
204,1790449849726,4,4,4,4,4,4,4,4,4,4,79.01007080078125,76.90716552734375,75.78688049316406,77.8130111694336,68.6334228515625,79.39701843261719,84.90625,0,0,0,0,0,4.761904716491699,5,0,4.761904716491699,0,18.0655517578125,25769803776,2147483648,15874686976,790495232
204,1790449849931,4,4,4,4,4,4,4,4,4,4,79.01007080078125,76.90716552734375,75.78688049316406,77.8130111694336,68.6334228515625,79.39701843261719,84.90625,4.761904716491699,0,0,0,0,0,4.761904716491699,4.761904716491699,0,0,18.0655517578125,25769803776,2147483648,15874523136,790495232
203,1790449850136,4,4,4,4,4,4,4,4,4,4,79.01007080078125,76.90716552734375,75.78688049316406,77.8130111694336,68.6334228515625,79.39701843261719,84.90625,0,0,0,0,0,0,5,0,0,0,18.0655517578125,25769803776,2147483648,15874572288,790495232
204,1790449850339,4,4,4,4,4,4,4,4,4,4,79.05076599121094,76.98799896240234,75.8686752319336,77.94448852539063,68.71914672851563,79.44670867919922,86.203125,4.761904716491699,0,0,0,0,0,5,0,0,0,18.0655517578125,25769803776,2147483648,15874572288,790495232
204,1790449850544,4,4,4,4,4,4,4,4,4,4,79.05076599121094,76.98799896240234,75.8686752319336,77.94448852539063,68.71914672851563,79.44670867919922,86.203125,21.052631378173828,9.090909004211426,4.761904716491699,0,0,0,9.523809432983398,0,0,0,18.0655517578125,25769803776,2147483648,15874572288,790495232
204,1790449850749,4,4,4,4,4,4,4,4,4,4,79.05076599121094,76.98799896240234,75.8686752319336,77.94448852539063,68.71914672851563,79.44670867919922,86.203125,47.619049072265625,0,0,4.761904716491699,0,0,4.761904716491699,0,0,0,17.933658599853516,25769803776,2147483648,15874572288,790495232
204,1790449850954,4,4,4,4,4,4,4,4,4,4,79.05076599121094,76.98799896240234,75.8686752319336,77.94448852539063,68.71914672851563,79.44670867919922,86.203125,4.761904716491699,0,0,0,0,0,0,4.545454502105713,0,0,17.933658599853516,25769803776,2147483648,15877046272,790495232
204,1790449851159,4,4,4,4,4,4,4,4,4,4,79.16930389404297,76.99644470214844,75.96959686279297,78.10157012939453,68.80813598632813,79.5780258178711,86.203125,4.761904716491699,0,0,0,0,0,9.523809432983398,0,4.761904716491699,0,17.933658599853516,25769803776,2147483648,15875047424,790495232
204,1790449851364,4,4,4,4,4,4,4,4,4,4,79.16930389404297,76.99644470214844,75.96959686279297,78.10157012939453,68.80813598632813,79.5780258178711,86.203125,0,4.761904716491699,0,0,0,0,0,0,5,4.545454502105713,17.933658599853516,25769803776,2147483648,15875047424,790495232
202,1790449851569,4,4,4,4,4,4,4,4,4,4,79.16930389404297,76.99644470214844,75.96959686279297,78.10157012939453,68.80813598632813,79.5780258178711,86.203125,5,0,0,0,0,0,0,5,0,0,17.933658599853516,25769803776,2147483648,15875047424,790495232
200,1790449851772,4,4,4,4,4,4,4,4,4,4,79.16930389404297,76.99644470214844,75.96959686279297,78.10157012939453,68.80813598632813,79.5780258178711,86.203125,0,0,0,0,0,0,5,0,0,0,18.107402801513672,25769803776,2147483648,15875047424,790495232
200,1790449851973,4,4,4,4,4,4,4,4,4,4,79.16930389404297,76.99644470214844,75.96959686279297,78.10157012939453,68.80813598632813,79.5780258178711,86.203125,4.761904716491699,0,0,0,0,0,10,9.090909004211426,5,0,18.107402801513672,25769803776,2147483648,15875063808,790495232
204,1790449852173,4,4,4,4,4,4,4,4,4,4,79.43727111816406,77.02102661132813,76.19754028320313,78.22926330566406,69.14796447753906,79.85777282714844,82.671875,0,0,0,0,0,0,0,0,0,0,18.107402801513672,25769803776,2147483648,15875162112,790495232
204,1790449852378,4,4,4,4,4,4,4,4,4,4,79.43727111816406,77.02102661132813,76.19754028320313,78.22926330566406,69.14796447753906,79.85777282714844,82.671875,0,8.69565200805664,0,0,0,0,9.523809432983398,0,0,0,18.107402801513672,25769803776,2147483648,15874899968,790495232
199,1790449852583,4,4,4,4,4,4,4,4,4,4,79.43727111816406,77.02102661132813,76.19754028320313,78.22926330566406,69.14796447753906,79.85777282714844,82.671875,4.761904716491699,0,0,0,0,0,4.761904716491699,0,4.761904716491699,0,18.107402801513672,25769803776,2147483648,15874916352,790495232
200,1790449852783,4,4,4,4,4,4,4,4,4,4,79.43727111816406,77.02102661132813,76.19754028320313,78.22926330566406,69.14796447753906,79.85777282714844,82.671875,0,0,0,0,0,0,5,0,0,0,17.998733520507813,25769803776,2147483648,15874916352,790495232
200,1790449852984,4,4,4,4,4,4,4,4,4,4,79.43727111816406,77.02102661132813,76.19754028320313,78.22926330566406,69.14796447753906,79.85777282714844,82.671875,4.761904716491699,0,0,0,4.761904716491699,0,10,0,0,0,17.998733520507813,25769803776,2147483648,15874932736,790495232
200,1790449853184,4,4,4,4,4,4,4,4,4,4,79.45469665527344,77.2556381225586,76.19881439208984,78.2621841430664,69.08451843261719,79.79320526123047,81.5,5,0,0,0,0,0,0,0,0,0,17.998733520507813,25769803776,2147483648,15874949120,790495232
204,1790449853385,4,4,4,4,4,4,4,4,4,4,79.45469665527344,77.2556381225586,76.19881439208984,78.2621841430664,69.08451843261719,79.79320526123047,81.5,0,4.761904716491699,4.761904716491699,0,4.761904716491699,0,5,5,0,0,17.998733520507813,25769803776,2147483648,15875063808,790495232
204,1790449853590,4,4,4,4,4,4,4,4,4,4,79.45469665527344,77.2556381225586,76.19881439208984,78.2621841430664,69.08451843261719,79.79320526123047,81.5,4.761904716491699,0,0,0,0,0,9.523809432983398,0,0,0,17.998733520507813,25769803776,2147483648,15875063808,790495232
204,1790449853795,4,4,4,4,4,4,4,4,4,4,79.45469665527344,77.2556381225586,76.19881439208984,78.2621841430664,69.08451843261719,79.79320526123047,81.5,0,0,0,0,0,0,4.761904716491699,0,9.090909004211426,0,17.94058609008789,25769803776,2147483648,15875063808,790495232
204,1790449854000,4,4,4,4,4,4,4,4,4,4,79.45469665527344,77.2556381225586,76.19881439208984,78.2621841430664,69.08451843261719,79.79320526123047,81.5,4.761904716491699,0,0,0,0,0,9.523809432983398,4.761904716491699,0,0,17.94058609008789,25769803776,2147483648,15874916352,790495232
204,1790449854205,4,4,4,4,4,4,4,4,4,4,79.56587219238281,77.29805755615234,76.28302001953125,78.41710662841797,69.1956558227539,79.85850524902344,85.140625,0,0,0,0,0,0,0,0,0,0,17.94058609008789,25769803776,2147483648,15876784128,790495232
202,1790449854410,4,4,4,4,4,4,4,4,4,4,79.56587219238281,77.29805755615234,76.28302001953125,78.41710662841797,69.1956558227539,79.85850524902344,85.140625,0,0,0,0,0,0,5,0,0,4.761904716491699,17.94058609008789,25769803776,2147483648,15874916352,790495232
204,1790449854613,4,4,4,4,4,4,4,4,4,4,79.56587219238281,77.29805755615234,76.28302001953125,78.41710662841797,69.1956558227539,79.85850524902344,85.140625,4.761904716491699,0,0,0,0,0,4.761904716491699,0,0,0,17.94058609008789,25769803776,2147483648,15874916352,790495232
204,1790449854818,4,4,4,4,4,4,4,4,4,4,79.56587219238281,77.29805755615234,76.28302001953125,78.41710662841797,69.1956558227539,79.85850524902344,85.140625,4.761904716491699,0,4.545454502105713,0,0,0,5,0,0,0,18.057056427001953,25769803776,2147483648,15874916352,790495232
202,1790449855023,4,4,4,4,4,4,4,4,4,4,79.56587219238281,77.29805755615234,76.28302001953125,78.41710662841797,69.1956558227539,79.85850524902344,85.140625,0,0,0,0,0,0,5,0,0,0,18.057056427001953,25769803776,2147483648,15874916352,790495232
204,1790449855225,4,4,4,4,4,4,4,4,4,4,79.67427825927734,77.3935546875,76.46133422851563,78.4754638671875,69.48553466796875,79.92681884765625,84.203125,4.761904716491699,4.761904716491699,0,0,0,0,4.761904716491699,5,0,0,18.057056427001953,25769803776,2147483648,15874932736,790495232
204,1790449855430,4,4,4,4,4,4,4,4,4,4,79.67427825927734,77.3935546875,76.46133422851563,78.4754638671875,69.48553466796875,79.92681884765625,84.203125,0,0,0,0,0,0,0,9.090909004211426,0,0,18.057056427001953,25769803776,2147483648,15874932736,790495232
204,1790449855635,4,4,4,4,4,4,4,4,4,4,79.67427825927734,77.3935546875,76.46133422851563,78.4754638671875,69.48553466796875,79.92681884765625,84.203125,5,4.545454502105713,0,4.545454502105713,0,0,5,0,0,0,18.057056427001953,25769803776,2147483648,15874539520,790495232
204,1790449855840,4,4,4,4,4,4,4,4,4,4,79.67427825927734,77.3935546875,76.46133422851563,78.4754638671875,69.48553466796875,79.92681884765625,84.203125,0,0,0,0,0,0,4.761904716491699,0,9.090909004211426,0,18.081212997436523,25769803776,2147483648,15874539520,790495232
204,1790449856045,4,4,4,4,4,4,4,4,4,4,79.67427825927734,77.3935546875,76.46133422851563,78.4754638671875,69.48553466796875,79.92681884765625,84.203125,0,0,0,0,0,0,9.523809432983398,0,0,0,18.081212997436523,25769803776,2147483648,15874506752,790495232
204,1790449856250,4,4,4,4,4,4,4,4,4,4,79.8670654296875,77.36000061035156,76.48355102539063,78.57257080078125,69.54601287841797,80.0453872680664,81.734375,4.545454502105713,0,0,0,0,0,9.523809432983398,0,0,0,18.081212997436523,25769803776,2147483648,15874506752,790495232
204,1790449856455,4,4,4,4,4,4,4,4,4,4,79.8670654296875,77.36000061035156,76.48355102539063,78.57257080078125,69.54601287841797,80.0453872680664,81.734375,0,4.761904716491699,4.761904716491699,0,0,0,5,0,0,0,18.081212997436523,25769803776,2147483648,15874506752,790495232
204,1790449856660,4,4,4,4,4,4,4,4,4,4,79.8670654296875,77.36000061035156,76.48355102539063,78.57257080078125,69.54601287841797,80.0453872680664,81.734375,9.090909004211426,0,0,0,0,0,5,0,0,0,18.07115364074707,25769803776,2147483648,15874506752,790495232
204,1790449856865,4,4,4,4,4,4,4,4,4,4,79.8670654296875,77.36000061035156,76.48355102539063,78.57257080078125,69.54601287841797,80.0453872680664,81.734375,0,0,0,0,0,0,4.761904716491699,9.523809432983398,0,0,18.07115364074707,25769803776,2147483648,15874506752,790495232
204,1790449857070,4,4,4,4,4,4,4,4,4,4,79.8670654296875,77.36000061035156,76.48355102539063,78.57257080078125,69.54601287841797,80.0453872680664,81.734375,0,0,0,0,0,0,5,0,0,0,18.07115364074707,25769803776,2147483648,15874539520,790495232
204,1790449857275,4,4,4,4,4,4,4,4,4,4,79.96888732910156,77.61713409423828,76.59429931640625,78.60203552246094,69.68173217773438,80.11788940429688,81.96875,5,0,0,4.761904716491699,0,0,4.761904716491699,4.545454502105713,4.761904716491699,0,18.07115364074707,25769803776,2147483648,15874703360,790495232
204,1790449857480,4,4,4,4,4,4,4,4,4,4,79.96888732910156,77.61713409423828,76.59429931640625,78.60203552246094,69.68173217773438,80.11788940429688,81.96875,0,0,0,0,0,0,5,0,0,0,18.07115364074707,25769803776,2147483648,15874506752,790495232
204,1790449857685,4,4,4,4,4,4,4,4,4,4,79.96888732910156,77.61713409423828,76.59429931640625,78.60203552246094,69.68173217773438,80.11788940429688,81.96875,9.523809432983398,4.761904716491699,23.809524536132813,0,0,0,5,0,4.761904716491699,0,18.043123245239258,25769803776,2147483648,15831941120,790495232
201,1790449857890,4,4,4,4,4,4,4,4,4,4,79.96888732910156,77.61713409423828,76.59429931640625,78.60203552246094,69.68173217773438,80.11788940429688,81.96875,0,0,0,0,0,0,9.523809432983398,0,0,0,18.043123245239258,25769803776,2147483648,15831941120,790495232
204,1790449858091,4,4,4,4,4,4,4,4,4,4,79.96888732910156,77.61713409423828,76.59429931640625,78.60203552246094,69.68173217773438,80.11788940429688,81.96875,5,5,0,0,0,0,5,0,0,0,18.043123245239258,25769803776,2147483648,15831891968,790495232
202,1790449858296,4,4,4,4,4,4,4,4,4,4,80.1165771484375,77.77824401855469,76.56746673583984,78.65652465820313,69.59420013427734,80.23738098144531,84.4375,0,0,0,0,0,0,4.761904716491699,0,0,0,18.043123245239258,25769803776,2147483648,15831891968,790495232
200,1790449858499,4,4,4,4,4,4,4,4,4,4,80.1165771484375,77.77824401855469,76.56746673583984,78.65652465820313,69.59420013427734,80.23738098144531,84.4375,31.57894515991211,42.105262756347656,5,0,0,0,5,0,0,0,18.043123245239258,25769803776,2147483648,15831891968,790495232
204,1790449858699,4,4,4,4,4,4,4,4,4,4,80.1165771484375,77.77824401855469,76.56746673583984,78.65652465820313,69.59420013427734,80.23738098144531,84.4375,9.523809432983398,9.523809432983398,0,0,0,0,26.3157901763916,31.57894515991211,5,0,18.08017921447754,25769803776,2147483648,15831891968,790495232
203,1790449858905,4,4,4,4,4,4,4,4,4,4,80.1165771484375,77.77824401855469,76.56746673583984,78.65652465820313,69.59420013427734,80.23738098144531,84.4375,26.3157901763916,4.761904716491699,0,0,0,0,18.18181800842285,15.000000953674316,4.761904716491699,4.761904716491699,18.08017921447754,25769803776,2147483648,15831891968,790495232
200,1790449859109,4,4,4,4,4,4,4,4,4,4,80.1165771484375,77.77824401855469,76.56746673583984,78.65652465820313,69.59420013427734,80.23738098144531,84.4375,80.95238494873047,0,0,0,0,0,0,9.523809432983398,0,0,18.08017921447754,25769803776,2147483648,15855386624,790495232
204,1790449859310,4,4,4,4,4,4,4,4,4,4,81.10639190673828,80.23597717285156,79.63443756103516,79.30357360839844,73.21347045898438,81.3802490234375,90.328125,100,10,5,0,0,0,5,4.761904716491699,4.761904716491699,0,18.08017921447754,25769803776,2147483648,15855403008,790495232
204,1790449859515,4,4,4,4,4,4,4,4,4,4,81.10639190673828,80.23597717285156,79.63443756103516,79.30357360839844,73.21347045898438,81.3802490234375,90.328125,80,15.000000953674316,9.523809432983398,0,0,0,9.090909004211426,0,0,0,18.08017921447754,25769803776,2147483648,15356215296,790495232
200,1790449859720,4,4,4,4,4,4,4,4,4,4,81.10639190673828,80.23597717285156,79.63443756103516,79.30357360839844,73.21347045898438,81.3802490234375,90.328125,4.761904716491699,0,0,0,0,0,5,0,0,0,18.803356170654297,25769803776,2147483648,15356362752,790495232
204,1790449859920,4,4,4,4,4,4,4,4,4,4,81.10639190673828,80.23597717285156,79.63443756103516,79.30357360839844,73.21347045898438,81.3802490234375,90.328125,5,0,0,0,0,0,0,0,0,0,18.803356170654297,25769803776,2147483648,15356362752,790495232
204,1790449860125,4,4,4,4,4,4,4,4,4,4,81.10639190673828,80.23597717285156,79.63443756103516,79.30357360839844,73.21347045898438,81.3802490234375,90.328125,5,9.523809432983398,0,0,0,0,9.523809432983398,0,0,0,18.803356170654297,25769803776,2147483648,15372255232,790495232
204,1790449860330,4,4,4,4,4,4,4,4,4,4,80.28093719482422,78.17259216308594,76.9466781616211,78.7729263305664,70.0072021484375,80.40290069580078,83.96875,0,0,9.090909004211426,0,4.761904716491699,0,5,4.761904716491699,0,0,18.803356170654297,25769803776,2147483648,15372320768,790495232
201,1790449860535,4,4,4,4,4,4,4,4,4,4,80.28093719482422,78.17259216308594,76.9466781616211,78.7729263305664,70.0072021484375,80.40290069580078,83.96875,9.523809432983398,0,0,0,4.761904716491699,0,9.523809432983398,0,4.761904716491699,0,18.803356170654297,25769803776,2147483648,15372402688,790495232
201,1790449860737,4,4,4,4,4,4,4,4,4,4,80.28093719482422,78.17259216308594,76.9466781616211,78.7729263305664,70.0072021484375,80.40290069580078,83.96875,0,0,0,0,0,0,5,0,0,0,17.62015151977539,25769803776,2147483648,15372402688,790495232
204,1790449860939,4,4,4,4,4,4,4,4,4,4,80.28093719482422,78.17259216308594,76.9466781616211,78.7729263305664,70.0072021484375,80.40290069580078,83.96875,5,0,0,0,0,0,9.523809432983398,4.761904716491699,0,0,17.62015151977539,25769803776,2147483648,15372402688,790495232
204,1790449861144,4,4,4,4,4,4,4,4,4,4,80.47962951660156,78.06893920898438,76.82437133789063,78.96161651611328,69.93152618408203,80.50928497314453,83.15625,0,4.761904716491699,0,0,0,0,0,0,0,0,17.62015151977539,25769803776,2147483648,15372140544,790495232
199,1790449861349,4,4,4,4,4,4,4,4,4,4,80.47962951660156,78.06893920898438,76.82437133789063,78.96161651611328,69.93152618408203,80.50928497314453,83.15625,0,0,0,0,0,0,9.523809432983398,0,0,0,17.62015151977539,25769803776,2147483648,15372140544,790495232
204,1790449861549,4,4,4,4,4,4,4,4,4,4,80.47962951660156,78.06893920898438,76.82437133789063,78.96161651611328,69.93152618408203,80.50928497314453,83.15625,4.761904716491699,4.761904716491699,0,0,0,0,5,0,4.761904716491699,0,17.62015151977539,25769803776,2147483648,15359475712,790495232
202,1790449861754,4,4,4,4,4,4,4,4,4,4,80.47962951660156,78.06893920898438,76.82437133789063,78.96161651611328,69.93152618408203,80.50928497314453,83.15625,0,4.761904716491699,0,0,0,0,0,0,0,0,18.193063735961914,25769803776,2147483648,15361327104,790495232
204,1790449861956,4,4,4,4,4,4,4,4,4,4,80.47962951660156,78.06893920898438,76.82437133789063,78.96161651611328,69.93152618408203,80.50928497314453,83.15625,4.761904716491699,0,0,0,0,0,9.523809432983398,0,0,0,18.193063735961914,25769803776,2147483648,15359524864,790495232
204,1790449862161,4,4,4,4,4,4,4,4,4,4,80.47217559814453,78.04866790771484,76.83550262451172,79.0130844116211,69.92656707763672,80.5194320678711,86.09375,4.761904716491699,0,0,0,0,0,4.761904716491699,0,0,0,18.193063735961914,25769803776,2147483648,15359492096,790495232
204,1790449862366,4,4,4,4,4,4,4,4,4,4,80.47217559814453,78.04866790771484,76.83550262451172,79.0130844116211,69.92656707763672,80.5194320678711,86.09375,0,0,0,0,0,0,9.523809432983398,4.761904716491699,4.545454502105713,0,18.193063735961914,25769803776,2147483648,15359623168,790495232
204,1790449862572,4,4,4,4,4,4,4,4,4,4,80.47217559814453,78.04866790771484,76.83550262451172,79.0130844116211,69.92656707763672,80.5194320678711,86.09375,0,0,0,4.761904716491699,0,0,5,0,0,0,18.193063735961914,25769803776,2147483648,15359623168,790495232
204,1790449862776,4,4,4,4,4,4,4,4,4,4,80.47217559814453,78.04866790771484,76.83550262451172,79.0130844116211,69.92656707763672,80.5194320678711,86.09375,4.761904716491699,0,4.761904716491699,4.761904716491699,0,0,9.523809432983398,4.545454502105713,0,0,18.200902938842773,25769803776,2147483648,15359541248,790495232
203,1790449862981,4,4,4,4,4,4,4,4,4,4,80.47217559814453,78.04866790771484,76.83550262451172,79.0130844116211,69.92656707763672,80.5194320678711,86.09375,4.761904716491699,4.761904716491699,0,0,0,0,0,0,0,0,18.200902938842773,25769803776,2147483648,15359541248,790495232
204,1790449863185,4,4,4,4,4,4,4,4,4,4,80.46629333496094,78.12226867675781,77.01215362548828,78.98957061767578,70.14398193359375,80.53174591064453,82.4375,5,0,0,0,0,0,4.761904716491699,5,4.761904716491699,0,18.200902938842773,25769803776,2147483648,15359541248,790495232
200,1790449863390,4,4,4,4,4,4,4,4,4,4,80.46629333496094,78.12226867675781,77.01215362548828,78.98957061767578,70.14398193359375,80.53174591064453,82.4375,0,0,0,0,0,0,0,0,0,0,18.200902938842773,25769803776,2147483648,15359590400,790495232
204,1790449863591,4,4,4,4,4,4,4,4,4,4,80.46629333496094,78.12226867675781,77.01215362548828,78.98957061767578,70.14398193359375,80.53174591064453,82.4375,4.761904716491699,0,0,0,0,0,9.523809432983398,4.761904716491699,0,0,18.200902938842773,25769803776,2147483648,15359590400,790495232
204,1790449863796,4,4,4,4,4,4,4,4,4,4,80.46629333496094,78.12226867675781,77.01215362548828,78.98957061767578,70.14398193359375,80.53174591064453,82.4375,0,0,0,0,0,0,5,0,0,0,17.971881866455078,25769803776,2147483648,15359590400,790495232
204,1790449864001,4,4,4,4,4,4,4,4,4,4,80.46629333496094,78.12226867675781,77.01215362548828,78.98957061767578,70.14398193359375,80.53174591064453,82.4375,0,4.761904716491699,4.761904716491699,0,0,0,9.523809432983398,0,0,0,17.971881866455078,25769803776,2147483648,15359590400,790495232
203,1790449864206,4,4,4,4,4,4,4,4,4,4,80.46060943603516,78.11941528320313,76.94542694091797,79.04871368408203,70.01957702636719,80.50599670410156,83.265625,4.761904716491699,0,0,0,0,0,4.761904716491699,0,0,0,17.971881866455078,25769803776,2147483648,15359475712,790495232
202,1790449864409,4,4,4,4,4,4,4,4,4,4,80.46060943603516,78.11941528320313,76.94542694091797,79.04871368408203,70.01957702636719,80.50599670410156,83.265625,0,4.761904716491699,0,0,0,0,5,0,0,0,17.971881866455078,25769803776,2147483648,15359442944,790495232
204,1790449864612,4,4,4,4,4,4,4,4,4,4,80.46060943603516,78.11941528320313,76.94542694091797,79.04871368408203,70.01957702636719,80.50599670410156,83.265625,0,0,0,0,0,0,5,0,4.761904716491699,0,17.971881866455078,25769803776,2147483648,15359492096,790495232
200,1790449864817,4,4,4,4,4,4,4,4,4,4,80.46060943603516,78.11941528320313,76.94542694091797,79.04871368408203,70.01957702636719,80.50599670410156,83.265625,4.761904716491699,0,0,0,0,0,9.523809432983398,4.761904716491699,0,0,17.94044303894043,25769803776,2147483648,15359492096,790495232
204,1790449865018,4,4,4,4,4,4,4,4,4,4,80.46060943603516,78.11941528320313,76.94542694091797,79.04871368408203,70.01957702636719,80.50599670410156,83.265625,0,0,0,0,0,0,5,0,0,0,17.94044303894043,25769803776,2147483648,15359492096,790495232
204,1790449865223,4,4,4,4,4,4,4,4,4,4,80.55732727050781,78.1982650756836,77.02367401123047,79.07676696777344,70.09304809570313,80.58351135253906,85.140625,9.090909004211426,0,0,0,0,0,0,4.761904716491699,0,0,17.94044303894043,25769803776,2147483648,15361212416,790495232
204,1790449865428,4,4,4,4,4,4,4,4,4,4,80.55732727050781,78.1982650756836,77.02367401123047,79.07676696777344,70.09304809570313,80.58351135253906,85.140625,0,4.545454502105713,0,0,0,0,4.761904716491699,0,0,0,17.94044303894043,25769803776,2147483648,15358967808,790495232
204,1790449865632,4,4,4,4,4,4,4,4,4,4,80.55732727050781,78.1982650756836,77.02367401123047,79.07676696777344,70.09304809570313,80.58351135253906,85.140625,0,0,0,0,0,0,9.523809432983398,0,0,0,17.94044303894043,25769803776,2147483648,15358836736,790495232
202,1790449865837,4,4,4,4,4,4,4,4,4,4,80.55732727050781,78.1982650756836,77.02367401123047,79.07676696777344,70.09304809570313,80.58351135253906,85.140625,4.761904716491699,0,0,0,0,0,0,4.761904716491699,0,0,17.966726303100586,25769803776,2147483648,15358787584,790495232
200,1790449866040,4,4,4,4,4,4,4,4,4,4,80.55732727050781,78.1982650756836,77.02367401123047,79.07676696777344,70.09304809570313,80.58351135253906,85.140625,0,0,0,0,0,0,5,0,0,0,17.966726303100586,25769803776,2147483648,15358787584,790495232
204,1790449866240,4,4,4,4,4,4,4,4,4,4,80.60092163085938,78.1944351196289,77.19585418701172,79.08953857421875,70.30023956298828,80.60657501220703,86.203125,0,0,0,0,0,0,5,0,5,0,17.966726303100586,25769803776,2147483648,15358787584,790495232
202,1790449866445,4,4,4,4,4,4,4,4,4,4,80.60092163085938,78.1944351196289,77.19585418701172,79.08953857421875,70.30023956298828,80.60657501220703,86.203125,4.761904716491699,0,0,0,0,0,5,0,4.545454502105713,0,17.966726303100586,25769803776,2147483648,15358590976,790495232
204,1790449866648,4,4,4,4,4,4,4,4,4,4,80.60092163085938,78.1944351196289,77.19585418701172,79.08953857421875,70.30023956298828,80.60657501220703,86.203125,0,4.761904716491699,0,0,0,0,9.523809432983398,4.761904716491699,0,0,17.874269485473633,25769803776,2147483648,15358590976,790495232
204,1790449866853,4,4,4,4,4,4,4,4,4,4,80.60092163085938,78.1944351196289,77.19585418701172,79.08953857421875,70.30023956298828,80.60657501220703,86.203125,4.761904716491699,0,0,0,0,0,5,4.761904716491699,0,0,17.874269485473633,25769803776,2147483648,15358590976,790495232
204,1790449867058,4,4,4,4,4,4,4,4,4,4,80.60092163085938,78.1944351196289,77.19585418701172,79.08953857421875,70.30023956298828,80.60657501220703,86.203125,0,0,4.761904716491699,0,0,0,9.523809432983398,0,0,4.761904716491699,17.874269485473633,25769803776,2147483648,15358590976,790495232
204,1790449867263,4,4,4,4,4,4,4,4,4,4,80.68133544921875,78.18282318115234,77.06838989257813,79.09785461425781,70.0827407836914,80.70391082763672,86.09375,4.761904716491699,4.761904716491699,0,0,0,0,4.761904716491699,0,0,0,17.874269485473633,25769803776,2147483648,15358558208,790495232
204,1790449867468,4,4,4,4,4,4,4,4,4,4,80.68133544921875,78.18282318115234,77.06838989257813,79.09785461425781,70.0827407836914,80.70391082763672,86.09375,4.761904716491699,0,0,0,0,0,5,0,0,0,17.874269485473633,25769803776,2147483648,15358558208,790495232
204,1790449867673,4,4,4,4,4,4,4,4,4,4,80.68133544921875,78.18282318115234,77.06838989257813,79.09785461425781,70.0827407836914,80.70391082763672,86.09375,0,0,0,0,0,0,4.761904716491699,5,4.545454502105713,0,17.935848236083984,25769803776,2147483648,15358590976,790495232
204,1790449867878,4,4,4,4,4,4,4,4,4,4,80.68133544921875,78.18282318115234,77.06838989257813,79.09785461425781,70.0827407836914,80.70391082763672,86.09375,0,0,0,0,0,0,0,9.523809432983398,0,0,17.935848236083984,25769803776,2147483648,15358590976,790495232
204,1790449868083,4,4,4,4,4,4,4,4,4,4,80.68133544921875,78.18282318115234,77.06838989257813,79.09785461425781,70.0827407836914,80.70391082763672,86.09375,4.761904716491699,4.761904716491699,0,0,0,0,0,0,0,0,17.935848236083984,25769803776,2147483648,15358590976,790495232
204,1790449868288,4,4,4,4,4,4,4,4,4,4,80.71517181396484,78.15426635742188,77.37517547607422,79.13389587402344,70.57254791259766,80.72996520996094,87.390625,0,0,0,0,0,0,5,0,4.761904716491699,0,17.935848236083984,25769803776,2147483648,15358377984,790495232
204,1790449868493,4,4,4,4,4,4,4,4,4,4,80.71517181396484,78.15426635742188,77.37517547607422,79.13389587402344,70.57254791259766,80.72996520996094,87.390625,0,0,0,0,0,0,9.523809432983398,0,0,0,17.935848236083984,25769803776,2147483648,15358377984,790495232
204,1790449868698,4,4,4,4,4,4,4,4,4,4,80.71517181396484,78.15426635742188,77.37517547607422,79.13389587402344,70.57254791259766,80.72996520996094,87.390625,4.761904716491699,0,0,0,0,0,0,5,0,0,17.97850227355957,25769803776,2147483648,15358394368,790495232
204,1790449868903,4,4,4,4,4,4,4,4,4,4,80.71517181396484,78.15426635742188,77.37517547607422,79.13389587402344,70.57254791259766,80.72996520996094,87.390625,0,0,0,0,0,0,0,4.761904716491699,0,0,17.97850227355957,25769803776,2147483648,15358394368,790495232
200,1790449869108,4,4,4,4,4,4,4,4,4,4,80.71517181396484,78.15426635742188,77.37517547607422,79.13389587402344,70.57254791259766,80.72996520996094,87.390625,4.761904716491699,0,4.761904716491699,0,0,0,0,4.761904716491699,4.761904716491699,0,17.97850227355957,25769803776,2147483648,15358394368,790495232
204,1790449869309,4,4,4,4,4,4,4,4,4,4,80.7426528930664,78.07283020019531,77.48981475830078,79.11968231201172,70.77104949951172,80.76280975341797,85.140625,0,0,0,0,0,0,4.761904716491699,5.263157844543457,0,0,17.97850227355957,25769803776,2147483648,15358492672,790495232
202,1790449869514,4,4,4,4,4,4,4,4,4,4,80.7426528930664,78.07283020019531,77.48981475830078,79.11968231201172,70.77104949951172,80.76280975341797,85.140625,4.761904716491699,4.761904716491699,0,0,4.545454502105713,0,0,4.761904716491699,0,0,17.97850227355957,25769803776,2147483648,15358492672,790495232
204,1790449869716,4,4,4,4,4,4,4,4,4,4,80.7426528930664,78.07283020019531,77.48981475830078,79.11968231201172,70.77104949951172,80.76280975341797,85.140625,0,0,0,0,0,0,0,5,0,0,17.836668014526367,25769803776,2147483648,15358541824,790495232
200,1790449869921,4,4,4,4,4,4,4,4,4,4,80.7426528930664,78.07283020019531,77.48981475830078,79.11968231201172,70.77104949951172,80.76280975341797,85.140625,19.047618865966797,9.523809432983398,5,4.761904716491699,0,0,0,9.523809432983398,0,0,17.836668014526367,25769803776,2147483648,15358541824,790495232
204,1790449870122,4,4,4,4,4,4,4,4,4,4,80.7426528930664,78.07283020019531,77.48981475830078,79.11968231201172,70.77104949951172,80.76280975341797,85.140625,15.789472579956055,15.000000953674316,5,5,0,0,0,5,0,0,17.836668014526367,25769803776,2147483648,15358541824,790495232
200,1790449870327,4,4,4,4,4,4,4,4,4,4,80.7526626586914,77.91287231445313,77.66825103759766,79.17455291748047,71.03211212158203,80.75920104980469,86.09375,9.090909004211426,0,0,0,0,0,4.761904716491699,9.523809432983398,0,0,17.836668014526367,25769803776,2147483648,15359016960,790495232
204,1790449870528,4,4,4,4,4,4,4,4,4,4,80.7526626586914,77.91287231445313,77.66825103759766,79.17455291748047,71.03211212158203,80.75920104980469,86.09375,11.111111640930176,10,10,0,5,0,0,5,0,0,17.836668014526367,25769803776,2147483648,15359148032,790495232
204,1790449870733,4,4,4,4,4,4,4,4,4,4,80.7526626586914,77.91287231445313,77.66825103759766,79.17455291748047,71.03211212158203,80.75920104980469,86.09375,36.3636360168457,20,19.047618865966797,5,9.523809432983398,14.285715103149414,5,0,0,0,17.878023147583008,25769803776,2147483648,15359148032,790495232
204,1790449870938,4,4,4,4,4,4,4,4,4,4,80.7526626586914,77.91287231445313,77.66825103759766,79.17455291748047,71.03211212158203,80.75920104980469,86.09375,5.263157844543457,9.090909004211426,4.761904716491699,4.545454502105713,0,0,0,9.523809432983398,4.761904716491699,0,17.878023147583008,25769803776,2147483648,15359148032,790495232
204,1790449871143,4,4,4,4,4,4,4,4,4,4,80.81212615966797,78.17483520507813,77.8427963256836,79.1587905883789,71.2018051147461,80.8526611328125,82.90625,4.761904716491699,0,0,0,0,0,0,0,4.761904716491699,0,17.878023147583008,25769803776,2147483648,15359148032,790495232
204,1790449871348,4,4,4,4,4,4,4,4,4,4,80.81212615966797,78.17483520507813,77.8427963256836,79.1587905883789,71.2018051147461,80.8526611328125,82.90625,0,0,0,0,0,0,4.761904716491699,9.523809432983398,0,0,17.878023147583008,25769803776,2147483648,15354658816,790495232
204,1790449871553,4,4,4,4,4,4,4,4,4,4,80.81212615966797,78.17483520507813,77.8427963256836,79.1587905883789,71.2018051147461,80.8526611328125,82.90625,4.761904716491699,0,0,0,0,0,4.761904716491699,0,0,0,17.878023147583008,25769803776,2147483648,15354724352,790495232
204,1790449871758,4,4,4,4,4,4,4,4,4,4,80.81212615966797,78.17483520507813,77.8427963256836,79.1587905883789,71.2018051147461,80.8526611328125,82.90625,0,0,0,0,0,0,5,0,0,4.761904716491699,18.29590606689453,25769803776,2147483648,15354724352,790495232
204,1790449871963,4,4,4,4,4,4,4,4,4,4,80.81212615966797,78.17483520507813,77.8427963256836,79.1587905883789,71.2018051147461,80.8526611328125,82.90625,20,20,9.523809432983398,5,0,0,0,0,0,4.761904716491699,18.29590606689453,25769803776,2147483648,15356346368,790495232
200,1790449872168,4,4,4,4,4,4,4,4,4,4,80.7665786743164,78.07913970947266,77.37604522705078,79.3288345336914,70.5383529663086,80.76895904541016,95.6875,9.523809432983398,4.761904716491699,0,0,0,0,9.523809432983398,4.761904716491699,0,4.761904716491699,18.29590606689453,25769803776,2147483648,15356657664,790495232
200,1790449872369,4,4,4,4,4,4,4,4,4,4,80.7665786743164,78.07913970947266,77.37604522705078,79.3288345336914,70.5383529663086,80.76895904541016,95.6875,5.263157844543457,5,5,0,4.761904716491699,5,0,4.761904716491699,0,0,18.29590606689453,25769803776,2147483648,15358672896,790495232
200,1790449872569,4,4,4,4,4,4,4,4,4,4,80.7665786743164,78.07913970947266,77.37604522705078,79.3288345336914,70.5383529663086,80.76895904541016,95.6875,42.85714340209961,47.36842346191406,21.052631378173828,14.285715103149414,10.526315689086914,5,0,5,0,0,18.29590606689453,25769803776,2147483648,15360524288,790495232
204,1790449872770,4,4,4,4,4,4,4,4,4,4,80.7665786743164,78.07913970947266,77.37604522705078,79.3288345336914,70.5383529663086,80.76895904541016,95.6875,15.000000953674316,9.523809432983398,9.523809432983398,0,0,0,4.761904716491699,0,5,0,17.60821533203125,25769803776,2147483648,15360573440,790495232
202,1790449872975,4,4,4,4,4,4,4,4,4,4,80.7665786743164,78.07913970947266,77.37604522705078,79.3288345336914,70.5383529663086,80.76895904541016,95.6875,15.000000953674316,20,15.000000953674316,0,9.090909004211426,0,0,5,0,0,17.60821533203125,25769803776,2147483648,15360573440,790495232
204,1790449873177,4,4,4,4,4,4,4,4,4,4,80.891357421875,78.2458724975586,77.84051513671875,79.22188568115234,71.15213775634766,80.9297103881836,85.625,4.761904716491699,4.761904716491699,0,0,0,0,0,9.523809432983398,0,0,17.60821533203125,25769803776,2147483648,15360573440,790495232
204,1790449873382,4,4,4,4,4,4,4,4,4,4,80.891357421875,78.2458724975586,77.84051513671875,79.22188568115234,71.15213775634766,80.9297103881836,85.625,40,31.57894515991211,25,10,0,4.761904716491699,0,4.761904716491699,0,0,17.60821533203125,25769803776,2147483648,15359098880,790495232
204,1790449873587,4,4,4,4,4,4,4,4,4,4,80.891357421875,78.2458724975586,77.84051513671875,79.22188568115234,71.15213775634766,80.9297103881836,85.625,33.333335876464844,33.333335876464844,23.809524536132813,14.285715103149414,9.523809432983398,5,0,5,4.761904716491699,0,17.60821533203125,25769803776,2147483648,15360049152,790495232
204,1790449873792,4,4,4,4,4,4,4,4,4,4,80.891357421875,78.2458724975586,77.84051513671875,79.22188568115234,71.15213775634766,80.9297103881836,85.625,15.000000953674316,14.285715103149414,5,4.761904716491699,0,0,0,5,0,0,18.140451431274414,25769803776,2147483648,15360049152,790495232
204,1790449873997,4,4,4,4,4,4,4,4,4,4,80.891357421875,78.2458724975586,77.84051513671875,79.22188568115234,71.15213775634766,80.9297103881836,85.625,15.000000953674316,15.000000953674316,0,4.761904716491699,0,0,4.761904716491699,5,0,0,18.140451431274414,25769803776,2147483648,15360049152,790495232
204,1790449874202,4,4,4,4,4,4,4,4,4,4,80.93727111816406,78.24839782714844,78.04584503173828,79.2043228149414,71.4286880493164,80.96607208251953,83.859375,4.761904716491699,4.761904716491699,0,0,0,0,0,9.090909004211426,0,0,18.140451431274414,25769803776,2147483648,15360049152,790495232
204,1790449874407,4,4,4,4,4,4,4,4,4,4,80.93727111816406,78.24839782714844,78.04584503173828,79.2043228149414,71.4286880493164,80.96607208251953,83.859375,0,0,4.761904716491699,0,0,0,4.545454502105713,5,4.761904716491699,0,18.140451431274414,25769803776,2147483648,15353757696,790495232
204,1790449874612,4,4,4,4,4,4,4,4,4,4,80.93727111816406,78.24839782714844,78.04584503173828,79.2043228149414,71.4286880493164,80.96607208251953,83.859375,4.761904716491699,0,0,0,4.761904716491699,0,0,5,0,0,18.140451431274414,25769803776,2147483648,15353774080,790495232
204,1790449874817,4,4,4,4,4,4,4,4,4,4,80.93727111816406,78.24839782714844,78.04584503173828,79.2043228149414,71.4286880493164,80.96607208251953,83.859375,15.000000953674316,9.523809432983398,25,0,0,0,0,9.090909004211426,0,0,18.122800827026367,25769803776,2147483648,15359541248,790495232
204,1790449875022,4,4,4,4,4,4,4,4,4,4,80.93727111816406,78.24839782714844,78.04584503173828,79.2043228149414,71.4286880493164,80.96607208251953,83.859375,0,0,4.761904716491699,0,0,0,0,0,4.761904716491699,0,18.122800827026367,25769803776,2147483648,15359541248,790495232
202,1790449875227,4,4,4,4,4,4,4,4,4,4,80.79483795166016,77.9608383178711,77.72442626953125,79.14864349365234,71.0778579711914,80.84933471679688,86.328125,4.761904716491699,4.761904716491699,0,0,0,0,0,9.523809432983398,0,0,18.122800827026367,25769803776,2147483648,15359541248,790495232
200,1790449875430,4,4,4,4,4,4,4,4,4,4,80.79483795166016,77.9608383178711,77.72442626953125,79.14864349365234,71.0778579711914,80.84933471679688,86.328125,0,4.761904716491699,0,0,0,0,5,0,0,0,18.122800827026367,25769803776,2147483648,15360901120,790495232
204,1790449875631,4,4,4,4,4,4,4,4,4,4,80.79483795166016,77.9608383178711,77.72442626953125,79.14864349365234,71.0778579711914,80.84933471679688,86.328125,5,0,0,4.761904716491699,0,0,4.761904716491699,5,0,0,18.122800827026367,25769803776,2147483648,15360901120,790495232
204,1790449875836,4,4,4,4,4,4,4,4,4,4,80.79483795166016,77.9608383178711,77.72442626953125,79.14864349365234,71.0778579711914,80.84933471679688,86.328125,14.285715103149414,15.789472579956055,14.285715103149414,5,4.545454502105713,0,0,0,4.761904716491699,0,17.28844451904297,25769803776,2147483648,15360901120,790495232
204,1790449876041,4,4,4,4,4,4,4,4,4,4,80.79483795166016,77.9608383178711,77.72442626953125,79.14864349365234,71.0778579711914,80.84933471679688,86.328125,0,9.090909004211426,0,0,0,0,0,9.090909004211426,0,0,17.28844451904297,25769803776,2147483648,15360901120,790495232
204,1790449876245,4,4,4,4,4,4,4,4,4,4,80.70560455322266,78.08580780029297,77.72067260742188,79.11976623535156,71.07048034667969,80.75933074951172,82.90625,0,0,4.761904716491699,0,0,0,0,5,0,0,17.28844451904297,25769803776,2147483648,15360901120,790495232
204,1790449876450,4,4,4,4,4,4,4,4,4,4,80.70560455322266,78.08580780029297,77.72067260742188,79.11976623535156,71.07048034667969,80.75933074951172,82.90625,38.095237731933594,23.809524536132813,10,5,9.523809432983398,9.090909004211426,4.761904716491699,9.523809432983398,0,0,17.28844451904297,25769803776,2147483648,15364030464,790495232
204,1790449876655,4,4,4,4,4,4,4,4,4,4,80.70560455322266,78.08580780029297,77.72067260742188,79.11976623535156,71.07048034667969,80.75933074951172,82.90625,14.285715103149414,5,4.761904716491699,0,0,0,0,5,0,0,17.437835693359375,25769803776,2147483648,15364292608,790495232
204,1790449876860,4,4,4,4,4,4,4,4,4,4,80.70560455322266,78.08580780029297,77.72067260742188,79.11976623535156,71.07048034667969,80.75933074951172,82.90625,5,0,0,0,0,0,0,0,0,0,17.437835693359375,25769803776,2147483648,15364292608,790495232
204,1790449877065,4,4,4,4,4,4,4,4,4,4,80.70560455322266,78.08580780029297,77.72067260742188,79.11976623535156,71.07048034667969,80.75933074951172,82.90625,4.761904716491699,0,0,4.761904716491699,0,0,0,9.523809432983398,0,4.545454502105713,17.437835693359375,25769803776,2147483648,15364292608,790495232
204,1790449877270,4,4,4,4,4,4,4,4,4,4,80.80962371826172,78.00971221923828,77.85379791259766,79.1814956665039,71.26864624023438,80.84672546386719,87.140625,0,4.761904716491699,0,0,0,0,0,5,4.545454502105713,0,17.437835693359375,25769803776,2147483648,15364292608,790495232
204,1790449877475,4,4,4,4,4,4,4,4,4,4,80.80962371826172,78.00971221923828,77.85379791259766,79.1814956665039,71.26864624023438,80.84672546386719,87.140625,5,0,0,0,0,0,0,9.523809432983398,4.761904716491699,0,17.437835693359375,25769803776,2147483648,15361753088,790495232
204,1790449877680,4,4,4,4,4,4,4,4,4,4,80.80962371826172,78.00971221923828,77.85379791259766,79.1814956665039,71.26864624023438,80.84672546386719,87.140625,4.761904716491699,4.761904716491699,9.090909004211426,0,0,0,0,5,0,0,17.89020538330078,25769803776,2147483648,15361703936,790495232
202,1790449877885,4,4,4,4,4,4,4,4,4,4,80.80962371826172,78.00971221923828,77.85379791259766,79.1814956665039,71.26864624023438,80.84672546386719,87.140625,4.761904716491699,0,0,0,0,0,0,5,0,0,17.89020538330078,25769803776,2147483648,15361654784,790495232
204,1790449878088,4,4,4,4,4,4,4,4,4,4,80.80962371826172,78.00971221923828,77.85379791259766,79.1814956665039,71.26864624023438,80.84672546386719,87.140625,15.789472579956055,21.052631378173828,5.263157844543457,5,5,0,4.761904716491699,5,0,0,17.89020538330078,25769803776,2147483648,15362326528,790495232
200,1790449878293,4,4,4,4,4,4,4,4,4,4,80.7279281616211,77.99334716796875,77.85543823242188,79.15575408935547,71.22431945800781,80.77945709228516,85.140625,4.761904716491699,0,4.761904716491699,0,0,0,4.761904716491699,4.761904716491699,0,0,17.89020538330078,25769803776,2147483648,15362326528,790495232
204,1790449878494,4,4,4,4,4,4,4,4,4,4,80.7279281616211,77.99334716796875,77.85543823242188,79.15575408935547,71.22431945800781,80.77945709228516,85.140625,36.842105865478516,35,14.285715103149414,0,0,0,0,9.523809432983398,0,0,17.89020538330078,25769803776,2147483648,15362703360,790495232
204,1790449878699,4,4,4,4,4,4,4,4,4,4,80.7279281616211,77.99334716796875,77.85543823242188,79.15575408935547,71.22431945800781,80.77945709228516,85.140625,9.090909004211426,0,0,0,0,0,0,5,0,0,17.4654541015625,25769803776,2147483648,15362736128,790495232
204,1790449878904,4,4,4,4,4,4,4,4,4,4,80.7279281616211,77.99334716796875,77.85543823242188,79.15575408935547,71.22431945800781,80.77945709228516,85.140625,0,4.545454502105713,0,0,0,0,0,0,9.523809432983398,0,17.4654541015625,25769803776,2147483648,15362785280,790495232
204,1790449879108,4,4,4,4,4,4,4,4,4,4,80.7279281616211,77.99334716796875,77.85543823242188,79.15575408935547,71.22431945800781,80.77945709228516,85.140625,0,4.761904716491699,0,0,0,0,0,9.523809432983398,0,0,17.4654541015625,25769803776,2147483648,15362719744,790495232
204,1790449879313,4,4,4,4,4,4,4,4,4,4,80.87577819824219,77.98992156982422,77.77198791503906,79.19923400878906,71.1443099975586,80.97078704833984,85.859375,5,0,0,0,0,0,0,5,0,0,17.4654541015625,25769803776,2147483648,15362768896,790495232
204,1790449879518,4,4,4,4,4,4,4,4,4,4,80.87577819824219,77.98992156982422,77.77198791503906,79.19923400878906,71.1443099975586,80.97078704833984,85.859375,0,0,4.761904716491699,4.545454502105713,0,0,4.761904716491699,9.090909004211426,0,0,17.4654541015625,25769803776,2147483648,15362719744,790495232
204,1790449879723,4,4,4,4,4,4,4,4,4,4,80.87577819824219,77.98992156982422,77.77198791503906,79.19923400878906,71.1443099975586,80.97078704833984,85.859375,4.761904716491699,10,0,4.761904716491699,0,0,0,0,4.761904716491699,0,17.47228240966797,25769803776,2147483648,15364931584,790495232
204,1790449879928,4,4,4,4,4,4,4,4,4,4,80.87577819824219,77.98992156982422,77.77198791503906,79.19923400878906,71.1443099975586,80.97078704833984,85.859375,0,4.761904716491699,0,0,0,0,0,0,0,0,17.47228240966797,25769803776,2147483648,15362670592,790495232
204,1790449880133,4,4,4,4,4,4,4,4,4,4,80.87577819824219,77.98992156982422,77.77198791503906,79.19923400878906,71.1443099975586,80.97078704833984,85.859375,4.761904716491699,4.761904716491699,0,0,0,0,4.545454502105713,0,0,0,17.47228240966797,25769803776,2147483648,15362670592,790495232
203,1790449880338,4,4,4,4,4,4,4,4,4,4,80.84022521972656,77.882080078125,77.54481506347656,79.22957611083984,70.82913208007813,80.92520904541016,87.625,4.761904716491699,0,4.761904716491699,0,0,0,5,4.761904716491699,0,0,17.47228240966797,25769803776,2147483648,15362424832,790495232
204,1790449880542,4,4,4,4,4,4,4,4,4,4,80.84022521972656,77.882080078125,77.54481506347656,79.22957611083984,70.82913208007813,80.92520904541016,87.625,16.666667938232422,0,0,0,0,0,0,5,4.761904716491699,0,17.47228240966797,25769803776,2147483648,15362441216,790495232
202,1790449880747,4,4,4,4,4,4,4,4,4,4,80.84022521972656,77.882080078125,77.54481506347656,79.22957611083984,70.82913208007813,80.92520904541016,87.625,54.54545593261719,5,0,0,0,0,0,5,4.761904716491699,0,17.338985443115234,25769803776,2147483648,15362244608,790495232
200,1790449880949,4,4,4,4,4,4,4,4,4,4,80.84022521972656,77.882080078125,77.54481506347656,79.22957611083984,70.82913208007813,80.92520904541016,87.625,5,4.761904716491699,0,0,4.545454502105713,0,0,5,0,0,17.338985443115234,25769803776,2147483648,15362244608,790495232
200,1790449881150,4,4,4,4,4,4,4,4,4,4,80.72156524658203,78.19109344482422,77.67623138427734,79.12454986572266,70.91647338867188,80.7786636352539,84.90625,5,10,0,0,0,4.761904716491699,9.523809432983398,0,0,0,17.338985443115234,25769803776,2147483648,15362244608,790495232
204,1790449881350,4,4,4,4,4,4,4,4,4,4,80.72156524658203,78.19109344482422,77.67623138427734,79.12454986572266,70.91647338867188,80.7786636352539,84.90625,15.000000953674316,30.000001907348633,0,0,0,0,0,9.523809432983398,0,0,17.338985443115234,25769803776,2147483648,15362244608,790495232
204,1790449881555,4,4,4,4,4,4,4,4,4,4,80.72156524658203,78.19109344482422,77.67623138427734,79.12454986572266,70.91647338867188,80.7786636352539,84.90625,0,0,0,0,0,0,0,5,0,0,17.338985443115234,25769803776,2147483648,15362277376,790495232
204,1790449881760,4,4,4,4,4,4,4,4,4,4,80.72156524658203,78.19109344482422,77.67623138427734,79.12454986572266,70.91647338867188,80.7786636352539,84.90625,4.761904716491699,0,0,0,0,0,0,4.761904716491699,0,0,17.4688777923584,25769803776,2147483648,15361490944,790495232
204,1790449881965,4,4,4,4,4,4,4,4,4,4,80.72156524658203,78.19109344482422,77.67623138427734,79.12454986572266,70.91647338867188,80.7786636352539,84.90625,0,9.523809432983398,0,0,0,0,4.761904716491699,9.523809432983398,0,4.761904716491699,17.4688777923584,25769803776,2147483648,15361638400,790495232
200,1790449882170,4,4,4,4,4,4,4,4,4,4,80.70015716552734,77.96649169921875,77.82183074951172,79.13159942626953,71.22284698486328,80.75312042236328,85.390625,4.761904716491699,0,13.636363983154297,0,0,0,0,0,4.545454502105713,0,17.4688777923584,25769803776,2147483648,15361753088,790495232
204,1790449882371,4,4,4,4,4,4,4,4,4,4,80.70015716552734,77.96649169921875,77.82183074951172,79.13159942626953,71.22284698486328,80.75312042236328,85.390625,5,0,0,0,0,0,0,9.523809432983398,4.761904716491699,0,17.4688777923584,25769803776,2147483648,15361753088,790495232
204,1790449882576,4,4,4,4,4,4,4,4,4,4,80.70015716552734,77.96649169921875,77.82183074951172,79.13159942626953,71.22284698486328,80.75312042236328,85.390625,0,4.761904716491699,0,0,0,0,0,5,0,0,17.4688777923584,25769803776,2147483648,15361753088,790495232
204,1790449882781,4,4,4,4,4,4,4,4,4,4,80.70015716552734,77.96649169921875,77.82183074951172,79.13159942626953,71.22284698486328,80.75312042236328,85.390625,4.761904716491699,0,0,0,0,0,0,9.523809432983398,0,0,17.199268341064453,25769803776,2147483648,15361654784,790495232
204,1790449882986,4,4,4,4,4,4,4,4,4,4,80.70015716552734,77.96649169921875,77.82183074951172,79.13159942626953,71.22284698486328,80.75312042236328,85.390625,0,0,0,0,0,0,4.761904716491699,5,0,0,17.199268341064453,25769803776,2147483648,15361687552,790495232
202,1790449883191,4,4,4,4,4,4,4,4,4,4,80.56710815429688,77.93653869628906,77.74417877197266,79.13011932373047,71.10578918457031,80.611572265625,86.09375,4.761904716491699,0,0,0,0,0,5,0,0,0,17.199268341064453,25769803776,2147483648,15363260416,790495232
204,1790449883394,4,4,4,4,4,4,4,4,4,4,80.56710815429688,77.93653869628906,77.74417877197266,79.13011932373047,71.10578918457031,80.611572265625,86.09375,0,4.761904716491699,0,0,0,0,0,0,0,0,17.199268341064453,25769803776,2147483648,15363260416,790495232
204,1790449883599,4,4,4,4,4,4,4,4,4,4,80.56710815429688,77.93653869628906,77.74417877197266,79.13011932373047,71.10578918457031,80.611572265625,86.09375,14.285715103149414,20,4.761904716491699,0,4.545454502105713,4.761904716491699,9.523809432983398,0,0,0,17.199268341064453,25769803776,2147483648,15361179648,790495232
202,1790449883804,4,4,4,4,4,4,4,4,4,4,80.56710815429688,77.93653869628906,77.74417877197266,79.13011932373047,71.10578918457031,80.611572265625,86.09375,0,0,0,0,0,0,0,9.523809432983398,0,0,17.219196319580078,25769803776,2147483648,15361245184,790495232
204,1790449884007,4,4,4,4,4,4,4,4,4,4,80.56710815429688,77.93653869628906,77.74417877197266,79.13011932373047,71.10578918457031,80.611572265625,86.09375,4.761904716491699,0,0,0,0,0,0,5,0,0,17.219196319580078,25769803776,2147483648,15361245184,790495232
204,1790449884212,4,4,4,4,4,4,4,4,4,4,80.61753845214844,78.11617279052734,77.59809112548828,79.1034927368164,70.85552215576172,80.68819427490234,85.625,0,0,0,0,0,0,0,9.523809432983398,4.761904716491699,0,17.219196319580078,25769803776,2147483648,15361245184,790495232
204,1790449884417,4,4,4,4,4,4,4,4,4,4,80.61753845214844,78.11617279052734,77.59809112548828,79.1034927368164,70.85552215576172,80.68819427490234,85.625,5,4.761904716491699,0,0,0,0,0,0,4.761904716491699,0,17.219196319580078,25769803776,2147483648,15361245184,790495232
204,1790449884622,4,4,4,4,4,4,4,4,4,4,80.61753845214844,78.11617279052734,77.59809112548828,79.1034927368164,70.85552215576172,80.68819427490234,85.625,0,4.761904716491699,0,0,0,0,4.761904716491699,5,0,0,17.219196319580078,25769803776,2147483648,15360802816,790495232
204,1790449884827,4,4,4,4,4,4,4,4,4,4,80.61753845214844,78.11617279052734,77.59809112548828,79.1034927368164,70.85552215576172,80.68819427490234,85.625,0,10.526315689086914,0,0,0,0,0,9.523809432983398,0,0,17.21382713317871,25769803776,2147483648,15360409600,790495232
204,1790449885032,4,4,4,4,4,4,4,4,4,4,80.61753845214844,78.11617279052734,77.59809112548828,79.1034927368164,70.85552215576172,80.68819427490234,85.625,4.761904716491699,0,0,0,0,0,0,5,0,0,17.21382713317871,25769803776,2147483648,15360442368,790495232
204,1790449885237,4,4,4,4,4,4,4,4,4,4,80.53396606445313,77.87958526611328,77.72904205322266,79.09061431884766,71.14222717285156,80.61045837402344,85.859375,9.523809432983398,4.761904716491699,4.761904716491699,0,0,0,0,9.090909004211426,0,0,17.21382713317871,25769803776,2147483648,15360753664,790495232
204,1790449885442,4,4,4,4,4,4,4,4,4,4,80.53396606445313,77.87958526611328,77.72904205322266,79.09061431884766,71.14222717285156,80.61045837402344,85.859375,0,0,0,0,0,0,0,5,0,0,17.21382713317871,25769803776,2147483648,15360819200,790495232
204,1790449885647,4,4,4,4,4,4,4,4,4,4,80.53396606445313,77.87958526611328,77.72904205322266,79.09061431884766,71.14222717285156,80.61045837402344,85.859375,0,4.761904716491699,0,4.545454502105713,0,0,4.761904716491699,5,0,0,17.069759368896484,25769803776,2147483648,15360655360,790495232
204,1790449885852,4,4,4,4,4,4,4,4,4,4,80.53396606445313,77.87958526611328,77.72904205322266,79.09061431884766,71.14222717285156,80.61045837402344,85.859375,4.761904716491699,0,0,0,0,0,0,9.523809432983398,4.761904716491699,0,17.069759368896484,25769803776,2147483648,15360884736,790495232
202,1790449886057,4,4,4,4,4,4,4,4,4,4,80.53396606445313,77.87958526611328,77.72904205322266,79.09061431884766,71.14222717285156,80.61045837402344,85.859375,0,0,0,0,0,0,0,0,0,4.761904716491699,17.069759368896484,25769803776,2147483648,15360884736,790495232
204,1790449886259,4,4,4,4,4,4,4,4,4,4,80.48717498779297,77.87104797363281,77.67694091796875,79.10689544677734,71.02214050292969,80.56204986572266,85.859375,4.761904716491699,0,4.761904716491699,0,0,0,0,10,0,0,17.069759368896484,25769803776,2147483648,15360884736,790495232
204,1790449886464,4,4,4,4,4,4,4,4,4,4,80.48717498779297,77.87104797363281,77.67694091796875,79.10689544677734,71.02214050292969,80.56204986572266,85.859375,0,0,0,0,0,0,0,4.761904716491699,0,0,17.069759368896484,25769803776,2147483648,15360884736,790495232
204,1790449886670,4,4,4,4,4,4,4,4,4,4,80.48717498779297,77.87104797363281,77.67694091796875,79.10689544677734,71.02214050292969,80.56204986572266,85.859375,0,4.761904716491699,0,0,0,0,0,5,4.761904716491699,0,17.041004180908203,25769803776,2147483648,15360802816,790495232
204,1790449886875,4,4,4,4,4,4,4,4,4,4,80.48717498779297,77.87104797363281,77.67694091796875,79.10689544677734,71.02214050292969,80.56204986572266,85.859375,4.761904716491699,0,0,0,0,0,4.761904716491699,9.523809432983398,0,4.761904716491699,17.041004180908203,25769803776,2147483648,15360802816,790495232
204,1790449887080,4,4,4,4,4,4,4,4,4,4,80.48717498779297,77.87104797363281,77.67694091796875,79.10689544677734,71.02214050292969,80.56204986572266,85.859375,0,0,0,0,0,0,0,5,0,0,17.041004180908203,25769803776,2147483648,15360720896,790495232
204,1790449887285,4,4,4,4,4,4,4,4,4,4,80.48217010498047,77.88931274414063,77.71066284179688,79.07041931152344,71.12691497802734,80.57623291015625,84.90625,4.761904716491699,0,0,0,0,0,0,4.761904716491699,4.545454502105713,0,17.041004180908203,25769803776,2147483648,15362768896,790495232
204,1790449887490,4,4,4,4,4,4,4,4,4,4,80.48217010498047,77.88931274414063,77.71066284179688,79.07041931152344,71.12691497802734,80.57623291015625,84.90625,4.761904716491699,4.761904716491699,0,4.545454502105713,0,0,0,4.761904716491699,0,0,17.041004180908203,25769803776,2147483648,15360327680,790495232
204,1790449887695,4,4,4,4,4,4,4,4,4,4,80.48217010498047,77.88931274414063,77.71066284179688,79.07041931152344,71.12691497802734,80.57623291015625,84.90625,0,0,0,0,0,0,9.523809432983398,0,0,0,17.106176376342773,25769803776,2147483648,15360327680,790495232
200,1790449887900,4,4,4,4,4,4,4,4,4,4,80.48217010498047,77.88931274414063,77.71066284179688,79.07041931152344,71.12691497802734,80.57623291015625,84.90625,0,0,0,0,0,0,0,0,0,0,17.106176376342773,25769803776,2147483648,15360327680,790495232
204,1790449888100,4,4,4,4,4,4,4,4,4,4,80.48217010498047,77.88931274414063,77.71066284179688,79.07041931152344,71.12691497802734,80.57623291015625,84.90625,5,0,0,0,0,0,0,9.523809432983398,0,0,17.106176376342773,25769803776,2147483648,15360327680,790495232
204,1790449888305,4,4,4,4,4,4,4,4,4,4,80.41323852539063,77.93157196044922,77.47779846191406,79.05422973632813,70.75086975097656,80.49178314208984,82.671875,0,0,0,0,0,0,0,5,0,0,17.106176376342773,25769803776,2147483648,15360327680,790495232
204,1790449888510,4,4,4,4,4,4,4,4,4,4,80.41323852539063,77.93157196044922,77.47779846191406,79.05422973632813,70.75086975097656,80.49178314208984,82.671875,10,14.285715103149414,0,0,4.545454502105713,0,0,9.523809432983398,0,0,17.106176376342773,25769803776,2147483648,15360327680,790495232
204,1790449888715,4,4,4,4,4,4,4,4,4,4,80.41323852539063,77.93157196044922,77.47779846191406,79.05422973632813,70.75086975097656,80.49178314208984,82.671875,23.809524536132813,20,4.761904716491699,0,0,0,0,4.761904716491699,0,0,16.96843147277832,25769803776,2147483648,15360442368,790495232
204,1790449888920,4,4,4,4,4,4,4,4,4,4,80.41323852539063,77.93157196044922,77.47779846191406,79.05422973632813,70.75086975097656,80.49178314208984,82.671875,0,9.090909004211426,0,0,0,0,0,5,0,0,16.96843147277832,25769803776,2147483648,15360475136,790495232
204,1790449889125,4,4,4,4,4,4,4,4,4,4,80.41323852539063,77.93157196044922,77.47779846191406,79.05422973632813,70.75086975097656,80.49178314208984,82.671875,4.761904716491699,0,0,0,0,0,0,5,4.545454502105713,0,16.96843147277832,25769803776,2147483648,15360442368,790495232
204,1790449889330,4,4,4,4,4,4,4,4,4,4,80.42267608642578,77.85581970214844,77.72403717041016,79.04572296142578,71.15203094482422,80.52404022216797,82.671875,4.761904716491699,0,0,0,0,0,4.761904716491699,9.523809432983398,0,0,16.96843147277832,25769803776,2147483648,15360442368,790495232
200,1790449889535,4,4,4,4,4,4,4,4,4,4,80.42267608642578,77.85581970214844,77.72403717041016,79.04572296142578,71.15203094482422,80.52404022216797,82.671875,0,0,0,0,0,0,4.761904716491699,4.761904716491699,0,0,16.96843147277832,25769803776,2147483648,15360442368,790495232
204,1790449889736,4,4,4,4,4,4,4,4,4,4,80.42267608642578,77.85581970214844,77.72403717041016,79.04572296142578,71.15203094482422,80.52404022216797,82.671875,4.761904716491699,0,0,0,0,0,0,5,4.761904716491699,0,17.05110740661621,25769803776,2147483648,15360507904,790495232
204,1790449889941,4,4,4,4,4,4,4,4,4,4,80.42267608642578,77.85581970214844,77.72403717041016,79.04572296142578,71.15203094482422,80.52404022216797,82.671875,0,0,0,0,0,0,0,5,0,0,17.05110740661621,25769803776,2147483648,15360507904,790495232
204,1790449890146,4,4,4,4,4,4,4,4,4,4,80.36498260498047,77.82884216308594,77.59862518310547,78.99855041503906,70.98987579345703,80.48509979248047,83.390625,4.761904716491699,0,0,0,0,0,0,5,0,0,17.05110740661621,25769803776,2147483648,15359787008,790495232
204,1790449890351,4,4,4,4,4,4,4,4,4,4,80.36498260498047,77.82884216308594,77.59862518310547,78.99855041503906,70.98987579345703,80.48509979248047,83.390625,0,4.545454502105713,0,0,0,0,0,9.523809432983398,0,0,17.05110740661621,25769803776,2147483648,15359787008,790495232
204,1790449890556,4,4,4,4,4,4,4,4,4,4,80.36498260498047,77.82884216308594,77.59862518310547,78.99855041503906,70.98987579345703,80.48509979248047,83.390625,0,0,0,0,0,0,0,4.761904716491699,0,0,17.05110740661621,25769803776,2147483648,15359787008,790495232
204,1790449890761,4,4,4,4,4,4,4,4,4,4,80.36498260498047,77.82884216308594,77.59862518310547,78.99855041503906,70.98987579345703,80.48509979248047,83.390625,4.761904716491699,0,4.761904716491699,0,0,0,0,5,4.761904716491699,0,16.768543243408203,25769803776,2147483648,15359721472,790495232
204,1790449890966,4,4,4,4,4,4,4,4,4,4,80.36498260498047,77.82884216308594,77.59862518310547,78.99855041503906,70.98987579345703,80.48509979248047,83.390625,0,0,0,0,0,0,4.761904716491699,9.523809432983398,0,0,16.768543243408203,25769803776,2147483648,15359770624,790495232
204,1790449891171,4,4,4,4,4,4,4,4,4,4,80.33016967773438,77.76700592041016,77.44869995117188,78.95992279052734,70.7846908569336,80.45967102050781,84.4375,0,0,0,0,0,0,4.761904716491699,5,4.761904716491699,0,16.768543243408203,25769803776,2147483648,15359770624,790495232
204,1790449891376,4,4,4,4,4,4,4,4,4,4,80.33016967773438,77.76700592041016,77.44869995117188,78.95992279052734,70.7846908569336,80.45967102050781,84.4375,9.523809432983398,4.761904716491699,0,0,0,0,0,0,0,0,16.768543243408203,25769803776,2147483648,15359770624,790495232
204,1790449891581,4,4,4,4,4,4,4,4,4,4,80.33016967773438,77.76700592041016,77.44869995117188,78.95992279052734,70.7846908569336,80.45967102050781,84.4375,0,4.761904716491699,0,0,0,0,5,0,0,0,16.768543243408203,25769803776,2147483648,15359770624,790495232
204,1790449891786,4,4,4,4,4,4,4,4,4,4,80.33016967773438,77.76700592041016,77.44869995117188,78.95992279052734,70.7846908569336,80.45967102050781,84.4375,4.761904716491699,0,0,0,0,0,0,9.523809432983398,0,0,16.822818756103516,25769803776,2147483648,15359508480,790495232
204,1790449891991,4,4,4,4,4,4,4,4,4,4,80.33016967773438,77.76700592041016,77.44869995117188,78.95992279052734,70.7846908569336,80.45967102050781,84.4375,0,0,0,0,0,0,0,5,0,0,16.822818756103516,25769803776,2147483648,15359524864,790495232
203,1790449892196,4,4,4,4,4,4,4,4,4,4,80.30154418945313,77.82723236083984,77.43395233154297,78.90894317626953,70.7707748413086,80.42906188964844,85.859375,0,0,0,0,0,0,0,0,0,0,16.822818756103516,25769803776,2147483648,15359475712,790495232
204,1790449892400,4,4,4,4,4,4,4,4,4,4,80.30154418945313,77.82723236083984,77.43395233154297,78.90894317626953,70.7707748413086,80.42906188964844,85.859375,4.761904716491699,0,0,0,0,0,0,9.523809432983398,4.761904716491699,0,16.822818756103516,25769803776,2147483648,15359541248,790495232
204,1790449892605,4,4,4,4,4,4,4,4,4,4,80.30154418945313,77.82723236083984,77.43395233154297,78.90894317626953,70.7707748413086,80.42906188964844,85.859375,5,9.090909004211426,0,0,0,0,0,5,4.761904716491699,0,16.822818756103516,25769803776,2147483648,15359541248,790495232
204,1790449892810,4,4,4,4,4,4,4,4,4,4,80.30154418945313,77.82723236083984,77.43395233154297,78.90894317626953,70.7707748413086,80.42906188964844,85.859375,4.761904716491699,0,0,0,0,0,4.545454502105713,9.523809432983398,0,0,16.801156997680664,25769803776,2147483648,15359459328,790495232
204,1790449893015,4,4,4,4,4,4,4,4,4,4,80.30154418945313,77.82723236083984,77.43395233154297,78.90894317626953,70.7707748413086,80.42906188964844,85.859375,0,0,0,0,0,0,0,4.761904716491699,0,0,16.801156997680664,25769803776,2147483648,15359459328,790495232
200,1790449893220,4,4,4,4,4,4,4,4,4,4,80.22750854492188,77.72974395751953,77.46235656738281,78.82618713378906,70.85951232910156,80.38067626953125,82.203125,15.000000953674316,14.285715103149414,4.761904716491699,4.761904716491699,4.761904716491699,0,14.285715103149414,15.000000953674316,0,0,16.801156997680664,25769803776,2147483648,15403319296,790495232
204,1790449893421,4,4,4,4,4,4,4,4,4,4,80.22750854492188,77.72974395751953,77.46235656738281,78.82618713378906,70.85951232910156,80.38067626953125,82.203125,10,0,5,0,0,0,0,5,0,0,16.801156997680664,25769803776,2147483648,15403352064,790495232
204,1790449893626,4,4,4,4,4,4,4,4,4,4,80.22750854492188,77.72974395751953,77.46235656738281,78.82618713378906,70.85951232910156,80.38067626953125,82.203125,9.523809432983398,9.090909004211426,0,0,4.545454502105713,0,0,5,0,0,16.801156997680664,25769803776,2147483648,15403302912,790495232
202,1790449893831,4,4,4,4,4,4,4,4,4,4,80.22750854492188,77.72974395751953,77.46235656738281,78.82618713378906,70.85951232910156,80.38067626953125,82.203125,5.263157844543457,5.263157844543457,4.761904716491699,0,0,0,9.523809432983398,4.761904716491699,4.761904716491699,0,16.690448760986328,25769803776,2147483648,15403335680,790495232
204,1790449894034,4,4,4,4,4,4,4,4,4,4,80.22750854492188,77.72974395751953,77.46235656738281,78.82618713378906,70.85951232910156,80.38067626953125,82.203125,9.523809432983398,14.285715103149414,5,0,0,0,0,5,0,0,16.690448760986328,25769803776,2147483648,15403368448,790495232
202,1790449894239,4,4,4,4,4,4,4,4,4,4,79.47608947753906,77.7409896850586,77.2669448852539,78.41895294189453,70.53939819335938,79.77322387695313,84.90625,9.523809432983398,0,0,0,0,0,0,4.761904716491699,4.545454502105713,0,16.690448760986328,25769803776,2147483648,15403368448,790495232
204,1790449894441,4,4,4,4,4,4,4,4,4,4,79.47608947753906,77.7409896850586,77.2669448852539,78.41895294189453,70.53939819335938,79.77322387695313,84.90625,0,5,0,4.761904716491699,0,0,0,5.263157844543457,0,0,16.690448760986328,25769803776,2147483648,15403368448,790495232
204,1790449894646,4,4,4,4,4,4,4,4,4,4,79.47608947753906,77.7409896850586,77.2669448852539,78.41895294189453,70.53939819335938,79.77322387695313,84.90625,9.523809432983398,0,4.761904716491699,0,0,0,4.761904716491699,4.761904716491699,0,0,16.261089324951172,25769803776,2147483648,15403368448,790495232
204,1790449894851,4,4,4,4,4,4,4,4,4,4,79.47608947753906,77.7409896850586,77.2669448852539,78.41895294189453,70.53939819335938,79.77322387695313,84.90625,0,0,0,0,0,0,0,9.523809432983398,0,0,16.261089324951172,25769803776,2147483648,15405252608,790495232
204,1790449895056,4,4,4,4,4,4,4,4,4,4,79.47608947753906,77.7409896850586,77.2669448852539,78.41895294189453,70.53939819335938,79.77322387695313,84.90625,4.761904716491699,5,0,0,0,0,4.761904716491699,0,0,0,16.261089324951172,25769803776,2147483648,15403433984,790495232
204,1790449895261,4,4,4,4,4,4,4,4,4,4,79.71847534179688,77.37883758544922,77.14978790283203,78.52498626708984,70.58625030517578,79.94082641601563,82.90625,0,9.090909004211426,0,0,0,0,0,5,0,0,16.261089324951172,25769803776,2147483648,15403433984,790495232
204,1790449895466,4,4,4,4,4,4,4,4,4,4,79.71847534179688,77.37883758544922,77.14978790283203,78.52498626708984,70.58625030517578,79.94082641601563,82.90625,4.761904716491699,0,0,0,0,0,0,9.090909004211426,0,0,16.261089324951172,25769803776,2147483648,15403433984,790495232
204,1790449895671,4,4,4,4,4,4,4,4,4,4,79.71847534179688,77.37883758544922,77.14978790283203,78.52498626708984,70.58625030517578,79.94082641601563,82.90625,0,0,0,0,0,0,0,5,4.761904716491699,0,15.470364570617676,25769803776,2147483648,15403433984,790495232
204,1790449895876,4,4,4,4,4,4,4,4,4,4,79.71847534179688,77.37883758544922,77.14978790283203,78.52498626708984,70.58625030517578,79.94082641601563,82.90625,0,0,0,0,0,0,0,9.523809432983398,0,0,15.470364570617676,25769803776,2147483648,15375646720,790495232
204,1790449896081,4,4,4,4,4,4,4,4,4,4,79.71847534179688,77.37883758544922,77.14978790283203,78.52498626708984,70.58625030517578,79.94082641601563,82.90625,4.761904716491699,0,0,0,0,0,0,5,0,4.545454502105713,15.470364570617676,25769803776,2147483648,15375646720,790495232
204,1790449896286,4,4,4,4,4,4,4,4,4,4,80.54896545410156,77.75655364990234,77.41368865966797,79.08015441894531,70.81368255615234,80.57899475097656,85.140625,0,0,0,0,0,0,0,0,0,0,15.470364570617676,25769803776,2147483648,15375695872,790495232
204,1790449896491,4,4,4,4,4,4,4,4,4,4,80.54896545410156,77.75655364990234,77.41368865966797,79.08015441894531,70.81368255615234,80.57899475097656,85.140625,9.090909004211426,4.545454502105713,0,0,0,0,0,9.090909004211426,0,0,15.470364570617676,25769803776,2147483648,15375695872,790495232
203,1790449896696,4,4,4,4,4,4,4,4,4,4,80.54896545410156,77.75655364990234,77.41368865966797,79.08015441894531,70.81368255615234,80.57899475097656,85.140625,0,0,4.761904716491699,0,0,0,4.761904716491699,5,0,0,18.17912483215332,25769803776,2147483648,15375695872,790495232
202,1790449896900,4,4,4,4,4,4,4,4,4,4,80.54896545410156,77.75655364990234,77.41368865966797,79.08015441894531,70.81368255615234,80.57899475097656,85.140625,0,0,0,0,0,0,0,5,4.761904716491699,0,18.17912483215332,25769803776,2147483648,15376121856,790495232
204,1790449897103,4,4,4,4,4,4,4,4,4,4,80.54896545410156,77.75655364990234,77.41368865966797,79.08015441894531,70.81368255615234,80.57899475097656,85.140625,4.761904716491699,0,0,0,0,0,4.761904716491699,9.523809432983398,4.761904716491699,0,18.17912483215332,25769803776,2147483648,15376171008,790495232
201,1790449897308,4,4,4,4,4,4,4,4,4,4,80.21219635009766,77.73188781738281,77.4525375366211,78.86347198486328,70.8285140991211,80.34768676757813,87.625,0,0,0,0,0,0,0,5,0,0,18.17912483215332,25769803776,2147483648,15376171008,790495232
204,1790449897509,4,4,4,4,4,4,4,4,4,4,80.21219635009766,77.73188781738281,77.4525375366211,78.86347198486328,70.8285140991211,80.34768676757813,87.625,0,0,0,0,0,0,0,9.523809432983398,0,0,18.17912483215332,25769803776,2147483648,15376171008,790495232
204,1790449897714,4,4,4,4,4,4,4,4,4,4,80.21219635009766,77.73188781738281,77.4525375366211,78.86347198486328,70.8285140991211,80.34768676757813,87.625,9.090909004211426,4.761904716491699,0,0,0,0,0,0,0,0,16.955854415893555,25769803776,2147483648,15376171008,790495232
202,1790449897919,4,4,4,4,4,4,4,4,4,4,80.21219635009766,77.73188781738281,77.4525375366211,78.86347198486328,70.8285140991211,80.34768676757813,87.625,0,0,0,0,0,0,4.761904716491699,4.545454502105713,0,0,16.955854415893555,25769803776,2147483648,15376089088,790495232
204,1790449898122,4,4,4,4,4,4,4,4,4,4,80.21219635009766,77.73188781738281,77.4525375366211,78.86347198486328,70.8285140991211,80.34768676757813,87.625,4.761904716491699,0,0,0,0,0,0,0,0,0,16.955854415893555,25769803776,2147483648,15376072704,790495232
202,1790449898327,4,4,4,4,4,4,4,4,4,4,79.7159423828125,77.62066650390625,77.19426727294922,78.58818817138672,70.5765609741211,80.00997924804688,84.90625,0,0,0,0,0,0,0,9.523809432983398,0,0,16.955854415893555,25769803776,2147483648,15376072704,790495232
201,1790449898530,4,4,4,4,4,4,4,4,4,4,79.7159423828125,77.62066650390625,77.19426727294922,78.58818817138672,70.5765609741211,80.00997924804688,84.90625,5,4.761904716491699,4.761904716491699,0,0,0,4.761904716491699,5,0,0,16.955854415893555,25769803776,2147483648,15376072704,790495232
201,1790449898731,4,4,4,4,4,4,4,4,4,4,79.7159423828125,77.62066650390625,77.19426727294922,78.58818817138672,70.5765609741211,80.00997924804688,84.90625,0,0,0,0,0,0,4.761904716491699,5,0,0,16.1408634185791,25769803776,2147483648,15376072704,790495232
204,1790449898933,4,4,4,4,4,4,4,4,4,4,79.7159423828125,77.62066650390625,77.19426727294922,78.58818817138672,70.5765609741211,80.00997924804688,84.90625,0,0,0,0,0,0,0,4.761904716491699,0,0,16.1408634185791,25769803776,2147483648,15375794176,790495232
203,1790449899138,4,4,4,4,4,4,4,4,4,4,79.7159423828125,77.62066650390625,77.19426727294922,78.58818817138672,70.5765609741211,80.00997924804688,84.90625,4.761904716491699,0,0,0,0,0,0,5,4.761904716491699,4.545454502105713,16.1408634185791,25769803776,2147483648,15375794176,790495232
204,1790449899342,4,4,4,4,4,4,4,4,4,4,79.52584838867188,77.41838073730469,77.07911682128906,78.50901794433594,70.46351623535156,79.84391784667969,85.140625,0,0,0,0,0,0,5,0,4.545454502105713,0,16.1408634185791,25769803776,2147483648,15376121856,790495232
204,1790449899547,4,4,4,4,4,4,4,4,4,4,79.52584838867188,77.41838073730469,77.07911682128906,78.50901794433594,70.46351623535156,79.84391784667969,85.140625,4.761904716491699,4.761904716491699,0,0,0,0,5,0,0,0,16.1408634185791,25769803776,2147483648,15375613952,790495232
204,1790449899752,4,4,4,4,4,4,4,4,4,4,79.52584838867188,77.41838073730469,77.07911682128906,78.50901794433594,70.46351623535156,79.84391784667969,85.140625,0,0,0,0,0,0,5,0,0,0,16.2392520904541,25769803776,2147483648,15375613952,790495232
204,1790449899957,4,4,4,4,4,4,4,4,4,4,79.52584838867188,77.41838073730469,77.07911682128906,78.50901794433594,70.46351623535156,79.84391784667969,85.140625,4.761904716491699,0,0,0,0,0,9.090909004211426,4.761904716491699,0,0,16.2392520904541,25769803776,2147483648,15375630336,790495232
204,1790449900162,4,4,4,4,4,4,4,4,4,4,79.42668914794922,77.83110809326172,76.64171600341797,78.39640808105469,69.66899871826172,79.81291198730469,84.90625,0,0,0,0,0,0,5,0,0,0,16.2392520904541,25769803776,2147483648,15375515648,790495232
204,1790449900367,4,4,4,4,4,4,4,4,4,4,79.42668914794922,77.83110809326172,76.64171600341797,78.39640808105469,69.66899871826172,79.81291198730469,84.90625,4.761904716491699,0,0,4.761904716491699,0,0,9.523809432983398,0,0,0,16.2392520904541,25769803776,2147483648,15375532032,790495232
204,1790449900572,4,4,4,4,4,4,4,4,4,4,79.42668914794922,77.83110809326172,76.64171600341797,78.39640808105469,69.66899871826172,79.81291198730469,84.90625,4.761904716491699,4.545454502105713,0,0,0,0,0,0,4.761904716491699,0,16.2392520904541,25769803776,2147483648,15375581184,790495232
204,1790449900777,4,4,4,4,4,4,4,4,4,4,79.42668914794922,77.83110809326172,76.64171600341797,78.39640808105469,69.66899871826172,79.81291198730469,84.90625,0,0,4.761904716491699,0,0,0,9.090909004211426,4.761904716491699,0,0,16.18991470336914,25769803776,2147483648,15375581184,790495232
204,1790449900982,4,4,4,4,4,4,4,4,4,4,79.42668914794922,77.83110809326172,76.64171600341797,78.39640808105469,69.66899871826172,79.81291198730469,84.90625,0,0,0,0,0,0,5,0,0,0,16.18991470336914,25769803776,2147483648,15375056896,790495232
204,1790449901187,4,4,4,4,4,4,4,4,4,4,79.50910949707031,77.80325317382813,76.6399154663086,78.46527099609375,69.68799591064453,79.8257064819336,86.671875,4.761904716491699,0,0,0,0,0,5,0,0,4.761904716491699,16.18991470336914,25769803776,2147483648,15375024128,790495232
204,1790449901392,4,4,4,4,4,4,4,4,4,4,79.50910949707031,77.80325317382813,76.6399154663086,78.46527099609375,69.68799591064453,79.8257064819336,86.671875,0,0,0,0,0,0,9.090909004211426,0,0,0,16.18991470336914,25769803776,2147483648,15374974976,790495232
204,1790449901597,4,4,4,4,4,4,4,4,4,4,79.50910949707031,77.80325317382813,76.6399154663086,78.46527099609375,69.68799591064453,79.8257064819336,86.671875,4.761904716491699,4.761904716491699,0,0,4.761904716491699,0,0,0,0,0,16.18991470336914,25769803776,2147483648,15375286272,790495232
203,1790449901802,4,4,4,4,4,4,4,4,4,4,79.50910949707031,77.80325317382813,76.6399154663086,78.46527099609375,69.68799591064453,79.8257064819336,86.671875,0,0,0,0,0,0,9.523809432983398,0,4.761904716491699,0,16.351076126098633,25769803776,2147483648,15375007744,790495232
204,1790449902006,4,4,4,4,4,4,4,4,4,4,79.50910949707031,77.80325317382813,76.6399154663086,78.46527099609375,69.68799591064453,79.8257064819336,86.671875,0,4.761904716491699,0,0,0,0,5,0,0,0,16.351076126098633,25769803776,2147483648,15374958592,790495232
204,1790449902211,4,4,4,4,4,4,4,4,4,4,79.45177459716797,77.64091491699219,76.57315063476563,78.43623352050781,69.61872863769531,79.80680084228516,85.390625,4.761904716491699,0,0,0,0,0,5,4.761904716491699,0,0,16.351076126098633,25769803776,2147483648,15375007744,790495232
204,1790449902416,4,4,4,4,4,4,4,4,4,4,79.45177459716797,77.64091491699219,76.57315063476563,78.43623352050781,69.61872863769531,79.80680084228516,85.390625,5,0,4.761904716491699,0,0,0,9.090909004211426,0,4.761904716491699,0,16.351076126098633,25769803776,2147483648,15374942208,790495232
204,1790449902621,4,4,4,4,4,4,4,4,4,4,79.45177459716797,77.64091491699219,76.57315063476563,78.43623352050781,69.61872863769531,79.80680084228516,85.390625,4.761904716491699,4.761904716491699,0,4.761904716491699,0,0,5,0,0,0,16.351076126098633,25769803776,2147483648,15375024128,790495232
200,1790449902826,4,4,4,4,4,4,4,4,4,4,79.45177459716797,77.64091491699219,76.57315063476563,78.43623352050781,69.61872863769531,79.80680084228516,85.390625,0,0,0,0,0,0,4.761904716491699,4.761904716491699,0,0,16.422481536865234,25769803776,2147483648,15375024128,790495232
204,1790449903026,4,4,4,4,4,4,4,4,4,4,79.45177459716797,77.64091491699219,76.57315063476563,78.43623352050781,69.61872863769531,79.80680084228516,85.390625,9.523809432983398,4.761904716491699,0,0,0,0,5,0,0,0,16.422481536865234,25769803776,2147483648,15375302656,790495232
204,1790449903231,4,4,4,4,4,4,4,4,4,4,79.3702621459961,77.71236419677734,76.56724548339844,78.32801818847656,69.57472229003906,79.78630065917969,81.734375,0,0,0,0,4.545454502105713,0,0,0,0,0,16.422481536865234,25769803776,2147483648,15373844480,790495232
204,1790449903436,4,4,4,4,4,4,4,4,4,4,79.3702621459961,77.71236419677734,76.56724548339844,78.32801818847656,69.57472229003906,79.78630065917969,81.734375,5,0,0,0,0,0,9.090909004211426,0,0,0,16.422481536865234,25769803776,2147483648,15373680640,790495232
204,1790449903641,4,4,4,4,4,4,4,4,4,4,79.3702621459961,77.71236419677734,76.56724548339844,78.32801818847656,69.57472229003906,79.78630065917969,81.734375,0,9.090909004211426,0,0,0,0,5,0,4.545454502105713,0,16.422481536865234,25769803776,2147483648,15373680640,790495232
204,1790449903846,4,4,4,4,4,4,4,4,4,4,79.3702621459961,77.71236419677734,76.56724548339844,78.32801818847656,69.57472229003906,79.78630065917969,81.734375,0,0,0,0,0,0,5,0,0,0,16.333724975585938,25769803776,2147483648,15373680640,790495232
204,1790449904051,4,4,4,4,4,4,4,4,4,4,79.3702621459961,77.71236419677734,76.56724548339844,78.32801818847656,69.57472229003906,79.78630065917969,81.734375,4.761904716491699,0,4.761904716491699,0,0,0,4.761904716491699,5,4.761904716491699,0,16.333724975585938,25769803776,2147483648,15373762560,790495232
204,1790449904256,4,4,4,4,4,4,4,4,4,4,79.27156829833984,77.48424530029297,76.59101104736328,78.26089477539063,69.66161346435547,79.72978973388672,81.5,4.761904716491699,0,0,0,0,0,5,4.545454502105713,0,0,16.333724975585938,25769803776,2147483648,15366012928,790495232
204,1790449904461,4,4,4,4,4,4,4,4,4,4,79.27156829833984,77.48424530029297,76.59101104736328,78.26089477539063,69.66161346435547,79.72978973388672,81.5,0,0,4.761904716491699,0,0,0,9.090909004211426,0,0,0,16.333724975585938,25769803776,2147483648,15366111232,790495232
204,1790449904666,4,4,4,4,4,4,4,4,4,4,79.27156829833984,77.48424530029297,76.59101104736328,78.26089477539063,69.66161346435547,79.72978973388672,81.5,9.523809432983398,0,0,0,0,0,5,0,0,0,16.109588623046875,25769803776,2147483648,15366406144,790495232
201,1790449904871,4,4,4,4,4,4,4,4,4,4,79.27156829833984,77.48424530029297,76.59101104736328,78.26089477539063,69.66161346435547,79.72978973388672,81.5,0,4.545454502105713,0,0,0,0,0,4.761904716491699,0,0,16.109588623046875,25769803776,2147483648,15366406144,790495232
204,1790449905073,4,4,4,4,4,4,4,4,4,4,79.27156829833984,77.48424530029297,76.59101104736328,78.26089477539063,69.66161346435547,79.72978973388672,81.5,4.761904716491699,4.761904716491699,0,0,0,0,9.523809432983398,0,0,0,16.109588623046875,25769803776,2147483648,15366504448,790495232
201,1790449905278,4,4,4,4,4,4,4,4,4,4,79.20844268798828,77.53022003173828,76.47509002685547,78.22343444824219,69.46705627441406,79.66788482666016,84.4375,0,0,0,0,0,4.761904716491699,0,0,0,0,16.109588623046875,25769803776,2147483648,15366422528,790495232
204,1790449905480,4,4,4,4,4,4,4,4,4,4,79.20844268798828,77.53022003173828,76.47509002685547,78.22343444824219,69.46705627441406,79.66788482666016,84.4375,5,0,0,0,0,0,5,4.761904716491699,4.761904716491699,0,16.109588623046875,25769803776,2147483648,15366422528,790495232
202,1790449905685,4,4,4,4,4,4,4,4,4,4,79.20844268798828,77.53022003173828,76.47509002685547,78.22343444824219,69.46705627441406,79.66788482666016,84.4375,0,0,0,0,0,0,9.523809432983398,0,0,0,16.20471954345703,25769803776,2147483648,15366422528,790495232
204,1790449905887,4,4,4,4,4,4,4,4,4,4,79.20844268798828,77.53022003173828,76.47509002685547,78.22343444824219,69.46705627441406,79.66788482666016,84.4375,15.000000953674316,15.000000953674316,10,4.761904716491699,4.761904716491699,5,5,14.285715103149414,0,0,16.20471954345703,25769803776,2147483648,15366422528,790495232
8,1790449906092,4,4,4,4,4,4,4,4,4,4,79.20844268798828,77.53022003173828,76.47509002685547,78.22343444824219,69.46705627441406,79.66788482666016,84.4375,19.047618865966797,4.761904716491699,4.545454502105713,4.761904716491699,0,0,38.095237731933594,15.000000953674316,0,0,16.20471954345703,25769803776,2147483648,14579679232,790495232
